{
"type": "FeatureCollection",
"name": "geo_11_幼稚園",
"crs": { "type": "name", "properties": { "name": "urn:ogc:def:crs:EPSG::6668" } },
"features": [
{ "type": "Feature", "properties": { "P29_001": "11107", "P29_002": "A111110000010", "P29_003": "16011", "P29_004": "埼玉大学教育学部附属幼稚園", "P29_005": "埼玉県さいたま市浦和区常盤8-13-1", "P29_006": "1", "P29_007": "0", "P29_008": "00", "P29_009": null }, "geometry": { "type": "Point", "coordinates": [ 139.641749002105001, 35.865494999076297 ] } },
{ "type": "Feature", "properties": { "P29_001": "11202", "P29_002": "A111220200033", "P29_003": "16011", "P29_004": "熊谷市立江南幼稚園", "P29_005": "埼玉県熊谷市千代323-1", "P29_006": "3", "P29_007": "0", "P29_008": "00", "P29_009": null }, "geometry": { "type": "Point", "coordinates": [ 139.334842996568455, 36.117997997231008 ] } },
{ "type": "Feature", "properties": { "P29_001": "11203", "P29_002": "A111220300014", "P29_003": "16011", "P29_004": "川口市立南平幼稚園", "P29_005": "埼玉県川口市東領家1-16-19", "P29_006": "3", "P29_007": "0", "P29_008": "00", "P29_009": null }, "geometry": { "type": "Point", "coordinates": [ 139.748535994700859, 35.798412003702289 ] } },
{ "type": "Feature", "properties": { "P29_001": "11203", "P29_002": "A111220300130", "P29_003": "16011", "P29_004": "川口市立舟戸幼稚園", "P29_005": "埼玉県川口市舟戸町2-2", "P29_006": "3", "P29_007": "0", "P29_008": "00", "P29_009": null }, "geometry": { "type": "Point", "coordinates": [ 139.72368574520317, 35.793693716568825 ] } },
{ "type": "Feature", "properties": { "P29_001": "11207", "P29_002": "A111220700010", "P29_003": "16011", "P29_004": "秩父市立久那幼稚園", "P29_005": "埼玉県秩父市久那2183-1", "P29_006": "3", "P29_007": "0", "P29_008": "00", "P29_009": null }, "geometry": { "type": "Point", "coordinates": [ 139.052619382571322, 35.972656943065608 ] } },
{ "type": "Feature", "properties": { "P29_001": "11208", "P29_002": "A111220800028", "P29_003": "16011", "P29_004": "所沢市立所沢第二幼稚園", "P29_005": "埼玉県所沢市荒幡684-3", "P29_006": "3", "P29_007": "0", "P29_008": "00", "P29_009": null }, "geometry": { "type": "Point", "coordinates": [ 139.446120949167948, 35.77826578469228 ] } },
{ "type": "Feature", "properties": { "P29_001": "11209", "P29_002": "A111220900027", "P29_003": "16011", "P29_004": "飯能市立名栗幼稚園", "P29_005": "埼玉県飯能市上名栗2951", "P29_006": "3", "P29_007": "0", "P29_008": "00", "P29_009": null }, "geometry": { "type": "Point", "coordinates": [ 139.180238002754749, 35.886608001680074 ] } },
{ "type": "Feature", "properties": { "P29_001": "11210", "P29_002": "A111221000015", "P29_003": "16011", "P29_004": "加須市立加須幼稚園", "P29_005": "埼玉県加須市東栄1-4-3", "P29_006": "3", "P29_007": "0", "P29_008": "00", "P29_009": null }, "geometry": { "type": "Point", "coordinates": [ 139.603742964584484, 36.122991130877274 ] } },
{ "type": "Feature", "properties": { "P29_001": "11210", "P29_002": "A111221000024", "P29_003": "16011", "P29_004": "加須市立樋遺川幼稚園", "P29_005": "埼玉県加須市下樋遣川427", "P29_006": "3", "P29_007": "0", "P29_008": "00", "P29_009": null }, "geometry": { "type": "Point", "coordinates": [ 139.618225578748138, 36.155015639235991 ] } },
{ "type": "Feature", "properties": { "P29_001": "11210", "P29_002": "A111221000033", "P29_003": "16011", "P29_004": "加須市立不動岡幼稚園", "P29_005": "埼玉県加須市不動岡798", "P29_006": "3", "P29_007": "0", "P29_008": "00", "P29_009": null }, "geometry": { "type": "Point", "coordinates": [ 139.586472825430604, 36.136756480686394 ] } },
{ "type": "Feature", "properties": { "P29_001": "11210", "P29_002": "A111221000042", "P29_003": "16011", "P29_004": "加須市立水深幼稚園", "P29_005": "埼玉県加須市大室165", "P29_006": "3", "P29_007": "0", "P29_008": "00", "P29_009": null }, "geometry": { "type": "Point", "coordinates": [ 139.620715949076668, 36.100239317115488 ] } },
{ "type": "Feature", "properties": { "P29_001": "11210", "P29_002": "A111221000051", "P29_003": "16011", "P29_004": "加須市立三俣幼稚園", "P29_005": "埼玉県加須市北小浜867-1", "P29_006": "3", "P29_007": "0", "P29_008": "00", "P29_009": null }, "geometry": { "type": "Point", "coordinates": [ 139.61498500312419, 36.132606997668411 ] } },
{ "type": "Feature", "properties": { "P29_001": "11210", "P29_002": "A111221000060", "P29_003": "16011", "P29_004": "加須市立志多見幼稚園", "P29_005": "埼玉県加須市志多見639", "P29_006": "3", "P29_007": "0", "P29_008": "00", "P29_009": null }, "geometry": { "type": "Point", "coordinates": [ 139.548111000667149, 36.131768999849292 ] } },
{ "type": "Feature", "properties": { "P29_001": "11210", "P29_002": "A111221000079", "P29_003": "16011", "P29_004": "加須市立礼羽幼稚園", "P29_005": "埼玉県加須市馬内622", "P29_006": "3", "P29_007": "0", "P29_008": "00", "P29_009": null }, "geometry": { "type": "Point", "coordinates": [ 139.581863003929129, 36.130432003890185 ] } },
{ "type": "Feature", "properties": { "P29_001": "11210", "P29_002": "A111221000088", "P29_003": "16011", "P29_004": "加須市立大桑幼稚園", "P29_005": "埼玉県加須市南大桑3388-1", "P29_006": "3", "P29_007": "0", "P29_008": "00", "P29_009": null }, "geometry": { "type": "Point", "coordinates": [ 139.64089899828744, 36.116057000090962 ] } },
{ "type": "Feature", "properties": { "P29_001": "11210", "P29_002": "A111221000097", "P29_003": "16011", "P29_004": "加須市立大越幼稚園", "P29_005": "埼玉県加須市大越2163", "P29_006": "3", "P29_007": "0", "P29_008": "00", "P29_009": null }, "geometry": { "type": "Point", "coordinates": [ 139.62200199894616, 36.178884995993542 ] } },
{ "type": "Feature", "properties": { "P29_001": "11210", "P29_002": "A111221000104", "P29_003": "16011", "P29_004": "加須市立花崎北幼稚園", "P29_005": "埼玉県加須市花崎北3-18-1", "P29_006": "3", "P29_007": "0", "P29_008": "00", "P29_009": null }, "geometry": { "type": "Point", "coordinates": [ 139.628141998857785, 36.114271003165634 ] } },
{ "type": "Feature", "properties": { "P29_001": "11210", "P29_002": "A111221000113", "P29_003": "16011", "P29_004": "加須市立北川辺幼稚園", "P29_005": "埼玉県加須市向古河2025-1", "P29_006": "3", "P29_007": "0", "P29_008": "00", "P29_009": null }, "geometry": { "type": "Point", "coordinates": [ 139.67264699489138, 36.186410995373834 ] } },
{ "type": "Feature", "properties": { "P29_001": "11210", "P29_002": "A111221000122", "P29_003": "16011", "P29_004": "加須市立騎西中央幼稚園", "P29_005": "埼玉県加須市騎西52-3", "P29_006": "3", "P29_007": "0", "P29_008": "00", "P29_009": null }, "geometry": { "type": "Point", "coordinates": [ 139.572584001181212, 36.102636001123315 ] } },
{ "type": "Feature", "properties": { "P29_001": "11210", "P29_002": "A111221000131", "P29_003": "16011", "P29_004": "加須市立騎西南幼稚園", "P29_005": "埼玉県加須市中種足1216-1", "P29_006": "3", "P29_007": "0", "P29_008": "00", "P29_009": null }, "geometry": { "type": "Point", "coordinates": [ 139.566852335962039, 36.08426839404175 ] } },
{ "type": "Feature", "properties": { "P29_001": "11215", "P29_002": "A111221500038", "P29_003": "16011", "P29_004": "狭山市立水富幼稚園", "P29_005": "埼玉県狭山市根岸2-22-2", "P29_006": "3", "P29_007": "0", "P29_008": "00", "P29_009": null }, "geometry": { "type": "Point", "coordinates": [ 139.382899001641249, 35.85908499769338 ] } },
{ "type": "Feature", "properties": { "P29_001": "11215", "P29_002": "A111221500083", "P29_003": "16011", "P29_004": "狭山市立入間川幼稚園", "P29_005": "埼玉県狭山市入間川2-7-41", "P29_006": "3", "P29_007": "0", "P29_008": "00", "P29_009": null }, "geometry": { "type": "Point", "coordinates": [ 139.414468000606888, 35.859803999052552 ] } },
{ "type": "Feature", "properties": { "P29_001": "11218", "P29_002": "A111221800017", "P29_003": "16011", "P29_004": "深谷市立深谷幼稚園", "P29_005": "埼玉県深谷市仲町19-2", "P29_006": "3", "P29_007": "0", "P29_008": "00", "P29_009": null }, "geometry": { "type": "Point", "coordinates": [ 139.284431996654718, 36.200028996649181 ] } },
{ "type": "Feature", "properties": { "P29_001": "11218", "P29_002": "A111221800026", "P29_003": "16011", "P29_004": "深谷市立深谷西幼稚園", "P29_005": "埼玉県深谷市栄町14-19", "P29_006": "3", "P29_007": "0", "P29_008": "00", "P29_009": null }, "geometry": { "type": "Point", "coordinates": [ 139.273361001903226, 36.197138002093077 ] } },
{ "type": "Feature", "properties": { "P29_001": "11218", "P29_002": "A111221800044", "P29_003": "16011", "P29_004": "深谷市立藤沢幼稚園", "P29_005": "埼玉県深谷市人見1625", "P29_006": "3", "P29_007": "0", "P29_008": "00", "P29_009": null }, "geometry": { "type": "Point", "coordinates": [ 139.267178490292821, 36.168383447223945 ] } },
{ "type": "Feature", "properties": { "P29_001": "11218", "P29_002": "A111221800053", "P29_003": "16011", "P29_004": "深谷市立桜ヶ丘幼稚園", "P29_005": "埼玉県深谷市上野台508", "P29_006": "3", "P29_007": "0", "P29_008": "00", "P29_009": null }, "geometry": { "type": "Point", "coordinates": [ 139.278841998612648, 36.185936003745852 ] } },
{ "type": "Feature", "properties": { "P29_001": "11218", "P29_002": "A111221800071", "P29_003": "16011", "P29_004": "深谷市立花園幼稚園", "P29_005": "埼玉県深谷市小前田1503", "P29_006": "3", "P29_007": "0", "P29_008": "00", "P29_009": null }, "geometry": { "type": "Point", "coordinates": [ 139.229128004175976, 36.127154998514015 ] } },
{ "type": "Feature", "properties": { "P29_001": "11218", "P29_002": "A111221800099", "P29_003": "16011", "P29_004": "深谷市立上柴西幼稚園", "P29_005": "埼玉県深谷市上柴町西5-18-5", "P29_006": "3", "P29_007": "0", "P29_008": "00", "P29_009": null }, "geometry": { "type": "Point", "coordinates": [ 139.291476167542044, 36.181512169790665 ] } },
{ "type": "Feature", "properties": { "P29_001": "11218", "P29_002": "A111221800106", "P29_003": "16011", "P29_004": "深谷市立おかべ幼稚園", "P29_005": "埼玉県深谷市山河1382", "P29_006": "3", "P29_007": "0", "P29_008": "00", "P29_009": null }, "geometry": { "type": "Point", "coordinates": [ 139.230653000815209, 36.20312000028445 ] } },
{ "type": "Feature", "properties": { "P29_001": "11218", "P29_002": "A111221800115", "P29_003": "16011", "P29_004": "深谷東幼稚園", "P29_005": "埼玉県深谷市常盤町62-2", "P29_006": "3", "P29_007": "0", "P29_008": "00", "P29_009": null }, "geometry": { "type": "Point", "coordinates": [ 139.297910002313102, 36.196066004220377 ] } },
{ "type": "Feature", "properties": { "P29_001": "11232", "P29_002": "A111223200019", "P29_003": "16011", "P29_004": "久喜市立中央幼稚園", "P29_005": "埼玉県久喜市下早見85-15", "P29_006": "3", "P29_007": "0", "P29_008": "00", "P29_009": null }, "geometry": { "type": "Point", "coordinates": [ 139.668170229514686, 36.061897525702065 ] } },
{ "type": "Feature", "properties": { "P29_001": "11232", "P29_002": "A111223200028", "P29_003": "16011", "P29_004": "久喜市立栗橋幼稚園", "P29_005": "埼玉県久喜市立中里1044-1", "P29_006": "3", "P29_007": "0", "P29_008": "00", "P29_009": null }, "geometry": { "type": "Point", "coordinates": [ 139.713872802146, 36.105919545097727 ] } },
{ "type": "Feature", "properties": { "P29_001": "11341", "P29_002": "A111234100044", "P29_003": "16011", "P29_004": "滑川町立滑川幼稚園", "P29_005": "埼玉県比企郡滑川町中尾1530-5", "P29_006": "3", "P29_007": "0", "P29_008": "00", "P29_009": null }, "geometry": { "type": "Point", "coordinates": [ 139.353702661848956, 36.059958848211522 ] } },
{ "type": "Feature", "properties": { "P29_001": "11342", "P29_002": "A111234200025", "P29_003": "16011", "P29_004": "嵐山町立嵐山幼稚園", "P29_005": "埼玉県比企郡嵐山町鎌形2230-1", "P29_006": "3", "P29_007": "0", "P29_008": "00", "P29_009": null }, "geometry": { "type": "Point", "coordinates": [ 139.311221778082682, 36.026059978143785 ] } },
{ "type": "Feature", "properties": { "P29_001": "11348", "P29_002": "A111234800047", "P29_003": "16011", "P29_004": "鳩山町立鳩山幼稚園", "P29_005": "埼玉県比企郡鳩山町大字赤沼1730-1", "P29_006": "3", "P29_007": "0", "P29_008": "00", "P29_009": null }, "geometry": { "type": "Point", "coordinates": [ 139.336375001589118, 35.982373002605961 ] } },
{ "type": "Feature", "properties": { "P29_001": "11362", "P29_002": "A111236200011", "P29_003": "16011", "P29_004": "皆野町立皆野幼稚園", "P29_005": "埼玉県秩父郡皆野町大字国神639", "P29_006": "3", "P29_007": "0", "P29_008": "00", "P29_009": null }, "geometry": { "type": "Point", "coordinates": [ 139.093290000602337, 36.0788939998694 ] } },
{ "type": "Feature", "properties": { "P29_001": "11383", "P29_002": "A111238300016", "P29_003": "16011", "P29_004": "神川町立神川幼稚園", "P29_005": "埼玉県児玉郡神川町新里362-1", "P29_006": "3", "P29_007": "0", "P29_008": "00", "P29_009": null }, "geometry": { "type": "Point", "coordinates": [ 139.092454004695355, 36.204149003371931 ] } },
{ "type": "Feature", "properties": { "P29_001": "11464", "P29_002": "A111246400018", "P29_003": "16011", "P29_004": "杉戸町立西幼稚園", "P29_005": "埼玉県北葛飾郡杉戸町高野台南1-13-1", "P29_006": "3", "P29_007": "0", "P29_008": "00", "P29_009": null }, "geometry": { "type": "Point", "coordinates": [ 139.710097688605316, 36.049478723678931 ] } },
{ "type": "Feature", "properties": { "P29_001": "11464", "P29_002": "A111246400027", "P29_003": "16011", "P29_004": "杉戸町立中央幼稚園", "P29_005": "埼玉県北葛飾郡杉戸町杉戸2199", "P29_006": "3", "P29_007": "0", "P29_008": "00", "P29_009": null }, "geometry": { "type": "Point", "coordinates": [ 139.728178530754093, 36.038557962671909 ] } },
{ "type": "Feature", "properties": { "P29_001": "11464", "P29_002": "A111246400036", "P29_003": "16011", "P29_004": "杉戸町立すぎと幼稚園", "P29_005": "埼玉県北葛飾郡杉戸町大字清地1768-3", "P29_006": "3", "P29_007": "0", "P29_008": "00", "P29_009": null }, "geometry": { "type": "Point", "coordinates": [ 139.749783733757454, 36.029258932915475 ] } },
{ "type": "Feature", "properties": { "P29_001": "11101", "P29_002": "A111310100015", "P29_003": "16011", "P29_004": "さしおうぎ幼稚園", "P29_005": "埼玉県さいたま市西区大字宝来1175-1", "P29_006": "4", "P29_007": "0", "P29_008": "00", "P29_009": null }, "geometry": { "type": "Point", "coordinates": [ 139.558147997311096, 35.919819002142056 ] } },
{ "type": "Feature", "properties": { "P29_001": "11101", "P29_002": "A111310100024", "P29_003": "16011", "P29_004": "聖学院みどり幼稚園", "P29_005": "埼玉県さいたま市西区内野本郷820", "P29_006": "4", "P29_007": "0", "P29_008": "00", "P29_009": null }, "geometry": { "type": "Point", "coordinates": [ 139.594419999783554, 35.937380003950501 ] } },
{ "type": "Feature", "properties": { "P29_001": "11101", "P29_002": "A111310100051", "P29_003": "16011", "P29_004": "みはし幼稚園", "P29_005": "埼玉県さいたま市西区三橋5-628-1", "P29_006": "4", "P29_007": "0", "P29_008": "00", "P29_009": null }, "geometry": { "type": "Point", "coordinates": [ 139.592835645560768, 35.910474874884088 ] } },
{ "type": "Feature", "properties": { "P29_001": "11101", "P29_002": "A111310100060", "P29_003": "16011", "P29_004": "のはら幼稚園", "P29_005": "埼玉県さいたま市西区宮前町1080-1", "P29_006": "4", "P29_007": "0", "P29_008": "00", "P29_009": null }, "geometry": { "type": "Point", "coordinates": [ 139.586974000520371, 35.927774003058907 ] } },
{ "type": "Feature", "properties": { "P29_001": "11101", "P29_002": "A111310100079", "P29_003": "16011", "P29_004": "大宮みどりが丘幼稚園", "P29_005": "埼玉県さいたま市西区中野林436-1", "P29_006": "4", "P29_007": "0", "P29_008": "00", "P29_009": null }, "geometry": { "type": "Point", "coordinates": [ 139.587732995940485, 35.894212999403933 ] } },
{ "type": "Feature", "properties": { "P29_001": "11101", "P29_002": "A111310100088", "P29_003": "16011", "P29_004": "せいか幼稚園", "P29_005": "埼玉県さいたま市西区清河寺1235-1", "P29_006": "4", "P29_007": "0", "P29_008": "00", "P29_009": null }, "geometry": { "type": "Point", "coordinates": [ 139.583421001906089, 35.931091997286387 ] } },
{ "type": "Feature", "properties": { "P29_001": "11102", "P29_002": "A111310200014", "P29_003": "16011", "P29_004": "日進幼稚園", "P29_005": "埼玉県さいたま市北区櫛引町2-415", "P29_006": "4", "P29_007": "0", "P29_008": "00", "P29_009": null }, "geometry": { "type": "Point", "coordinates": [ 139.606158244249798, 35.920506582929193 ] } },
{ "type": "Feature", "properties": { "P29_001": "11102", "P29_002": "A111310200023", "P29_003": "16011", "P29_004": "植竹幼稚園", "P29_005": "埼玉県さいたま市北区盆栽町463", "P29_006": "4", "P29_007": "0", "P29_008": "00", "P29_009": null }, "geometry": { "type": "Point", "coordinates": [ 139.628901005870404, 35.928186003232184 ] } },
{ "type": "Feature", "properties": { "P29_001": "11102", "P29_002": "A111310200032", "P29_003": "16011", "P29_004": "大宮白百合幼稚園", "P29_005": "埼玉県さいたま市北区宮原町1-406", "P29_006": "4", "P29_007": "0", "P29_008": "00", "P29_009": null }, "geometry": { "type": "Point", "coordinates": [ 139.622772996235454, 35.937712001357696 ] } },
{ "type": "Feature", "properties": { "P29_001": "11102", "P29_002": "A111310200041", "P29_003": "16011", "P29_004": "日進まこと幼稚園", "P29_005": "埼玉県さいたま市北区日進町2-1048", "P29_006": "4", "P29_007": "0", "P29_008": "00", "P29_009": null }, "geometry": { "type": "Point", "coordinates": [ 139.606189001869893, 35.928606996525481 ] } },
{ "type": "Feature", "properties": { "P29_001": "11102", "P29_002": "A111310200050", "P29_003": "16011", "P29_004": "宮原幼稚園", "P29_005": "埼玉県さいたま市北区宮原町2-102-7", "P29_006": "4", "P29_007": "0", "P29_008": "00", "P29_009": null }, "geometry": { "type": "Point", "coordinates": [ 139.617041222413548, 35.944447518873822 ] } },
{ "type": "Feature", "properties": { "P29_001": "11102", "P29_002": "A111310200069", "P29_003": "16011", "P29_004": "さくらアート幼稚園", "P29_005": "埼玉県さいたま市北区日進町3-193", "P29_006": "4", "P29_007": "0", "P29_008": "00", "P29_009": null }, "geometry": { "type": "Point", "coordinates": [ 139.604936000190776, 35.936466999885418 ] } },
{ "type": "Feature", "properties": { "P29_001": "11102", "P29_002": "A111310200078", "P29_003": "16011", "P29_004": "銀鈴幼稚園", "P29_005": "埼玉県さいたま市北区吉野町2-21-2", "P29_006": "4", "P29_007": "0", "P29_008": "00", "P29_009": null }, "geometry": { "type": "Point", "coordinates": [ 139.602580002802085, 35.953463000404675 ] } },
{ "type": "Feature", "properties": { "P29_001": "11102", "P29_002": "A111310200087", "P29_003": "16011", "P29_004": "明和幼稚園", "P29_005": "埼玉県さいたま市北区櫛引町2-54", "P29_006": "4", "P29_007": "0", "P29_008": "00", "P29_009": null }, "geometry": { "type": "Point", "coordinates": [ 139.610080995123894, 35.9164940034605 ] } },
{ "type": "Feature", "properties": { "P29_001": "11102", "P29_002": "A111310200096", "P29_003": "16011", "P29_004": "清美幼稚園", "P29_005": "埼玉県さいたま市北区吉野町1-352-1", "P29_006": "4", "P29_007": "0", "P29_008": "00", "P29_009": null }, "geometry": { "type": "Point", "coordinates": [ 139.613611584862298, 35.948947152811989 ] } },
{ "type": "Feature", "properties": { "P29_001": "11103", "P29_002": "A111310300013", "P29_003": "16011", "P29_004": "大宮愛仕幼稚園", "P29_005": "埼玉県さいたま市大宮区高鼻町1-110-1", "P29_006": "4", "P29_007": "0", "P29_008": "00", "P29_009": null }, "geometry": { "type": "Point", "coordinates": [ 139.629435003034104, 35.910393996027764 ] } },
{ "type": "Feature", "properties": { "P29_001": "11103", "P29_002": "A111310300031", "P29_003": "16011", "P29_004": "大宮幼稚園", "P29_005": "埼玉県さいたま市大宮区仲町3-92", "P29_006": "4", "P29_007": "0", "P29_008": "00", "P29_009": null }, "geometry": { "type": "Point", "coordinates": [ 139.629332943559803, 35.905696209479018 ] } },
{ "type": "Feature", "properties": { "P29_001": "11103", "P29_002": "A111310300040", "P29_003": "16011", "P29_004": "麗愛幼稚園", "P29_005": "埼玉県さいたま市大宮区浅間町2-17", "P29_006": "4", "P29_007": "0", "P29_008": "00", "P29_009": null }, "geometry": { "type": "Point", "coordinates": [ 139.632323994767376, 35.902946997562822 ] } },
{ "type": "Feature", "properties": { "P29_001": "11103", "P29_002": "A111310300059", "P29_003": "16011", "P29_004": "普門院幼稚園", "P29_005": "埼玉県さいたま市大宮区大成町2-402", "P29_006": "4", "P29_007": "0", "P29_008": "00", "P29_009": null }, "geometry": { "type": "Point", "coordinates": [ 139.613736902801804, 35.911405398504407 ] } },
{ "type": "Feature", "properties": { "P29_001": "11103", "P29_002": "A111310300068", "P29_003": "16011", "P29_004": "認定こども園大成幼稚園", "P29_005": "埼玉県さいたま市大宮区大成町2-182-2", "P29_006": "4", "P29_007": "0", "P29_008": "00", "P29_009": null }, "geometry": { "type": "Point", "coordinates": [ 139.615470998022602, 35.912797002981726 ] } },
{ "type": "Feature", "properties": { "P29_001": "11103", "P29_002": "A111310300077", "P29_003": "16011", "P29_004": "神戸幼稚園", "P29_005": "埼玉県さいたま市大宮区土手町3-22", "P29_006": "4", "P29_007": "0", "P29_008": "00", "P29_009": null }, "geometry": { "type": "Point", "coordinates": [ 139.625421002295155, 35.915367999364619 ] } },
{ "type": "Feature", "properties": { "P29_001": "11103", "P29_002": "A111310300086", "P29_003": "16011", "P29_004": "ひばり幼稚園", "P29_005": "埼玉県さいたま市大宮区上小町647", "P29_006": "4", "P29_007": "0", "P29_008": "00", "P29_009": null }, "geometry": { "type": "Point", "coordinates": [ 139.608108999208355, 35.900247001885738 ] } },
{ "type": "Feature", "properties": { "P29_001": "11103", "P29_002": "A111310300095", "P29_003": "16011", "P29_004": "むつみ幼稚園", "P29_005": "埼玉県さいたま市大宮区北袋町1-149", "P29_006": "4", "P29_007": "0", "P29_008": "00", "P29_009": null }, "geometry": { "type": "Point", "coordinates": [ 139.639820997271272, 35.896251000343163 ] } },
{ "type": "Feature", "properties": { "P29_001": "11103", "P29_002": "A111310300102", "P29_003": "16011", "P29_004": "カトリックみどり幼稚園", "P29_005": "埼玉県さいたま市大宮区高鼻町2-350", "P29_006": "4", "P29_007": "0", "P29_008": "00", "P29_009": null }, "geometry": { "type": "Point", "coordinates": [ 139.633783998694639, 35.914113001109932 ] } },
{ "type": "Feature", "properties": { "P29_001": "11103", "P29_002": "A111310300111", "P29_003": "16011", "P29_004": "かみこ幼稚園", "P29_005": "埼玉県さいたま市大宮区上小町310", "P29_006": "4", "P29_007": "0", "P29_008": "00", "P29_009": null }, "geometry": { "type": "Point", "coordinates": [ 139.609042002796144, 35.903048001869273 ] } },
{ "type": "Feature", "properties": { "P29_001": "11103", "P29_002": "A111310300120", "P29_003": "16011", "P29_004": "大宮なみき幼稚園", "P29_005": "埼玉県さいたま市大宮区三橋1-664", "P29_006": "4", "P29_007": "0", "P29_008": "00", "P29_009": null }, "geometry": { "type": "Point", "coordinates": [ 139.603172995028444, 35.907944003687398 ] } },
{ "type": "Feature", "properties": { "P29_001": "11104", "P29_002": "A111310400012", "P29_003": "16011", "P29_004": "大和田幼稚園", "P29_005": "埼玉県さいたま市見沼区大和田町2-718-1", "P29_006": "4", "P29_007": "0", "P29_008": "00", "P29_009": null }, "geometry": { "type": "Point", "coordinates": [ 139.645105394781979, 35.933772233900029 ] } },
{ "type": "Feature", "properties": { "P29_001": "11104", "P29_002": "A111310400021", "P29_003": "16011", "P29_004": "山吹幼稚園", "P29_005": "埼玉県さいたま市見沼区大谷1942", "P29_006": "4", "P29_007": "0", "P29_008": "00", "P29_009": null }, "geometry": { "type": "Point", "coordinates": [ 139.676969045547906, 35.925058483727419 ] } },
{ "type": "Feature", "properties": { "P29_001": "11104", "P29_002": "A111310400030", "P29_003": "16011", "P29_004": "片柳幼稚園", "P29_005": "埼玉県さいたま市見沼区御蔵556", "P29_006": "4", "P29_007": "0", "P29_008": "00", "P29_009": null }, "geometry": { "type": "Point", "coordinates": [ 139.673057996656013, 35.90727800320326 ] } },
{ "type": "Feature", "properties": { "P29_001": "11104", "P29_002": "A111310400049", "P29_003": "16011", "P29_004": "小百合幼稚園", "P29_005": "埼玉県さいたま市見沼区小深作367-4", "P29_006": "4", "P29_007": "0", "P29_008": "00", "P29_009": null }, "geometry": { "type": "Point", "coordinates": [ 139.66547199772819, 35.945720997692781 ] } },
{ "type": "Feature", "properties": { "P29_001": "11104", "P29_002": "A111310400058", "P29_003": "16011", "P29_004": "しらかば幼稚園", "P29_005": "埼玉県さいたま市見沼区堀崎町698", "P29_006": "4", "P29_007": "0", "P29_008": "00", "P29_009": null }, "geometry": { "type": "Point", "coordinates": [ 139.653278999988174, 35.938988003901756 ] } },
{ "type": "Feature", "properties": { "P29_001": "11104", "P29_002": "A111310400067", "P29_003": "16011", "P29_004": "こまどり幼稚園", "P29_005": "埼玉県さいたま市見沼区南中丸561", "P29_006": "4", "P29_007": "0", "P29_008": "00", "P29_009": null }, "geometry": { "type": "Point", "coordinates": [ 139.653046999686126, 35.915818996774391 ] } },
{ "type": "Feature", "properties": { "P29_001": "11104", "P29_002": "A111310400076", "P29_003": "16011", "P29_004": "福寿幼稚園", "P29_005": "埼玉県さいたま市見沼区東大宮7-73-5", "P29_006": "4", "P29_007": "0", "P29_008": "00", "P29_009": null }, "geometry": { "type": "Point", "coordinates": [ 139.646462998228941, 35.938532996015518 ] } },
{ "type": "Feature", "properties": { "P29_001": "11104", "P29_002": "A111310400085", "P29_003": "16011", "P29_004": "染谷幼稚園", "P29_005": "埼玉県さいたま市見沼区染谷2-23", "P29_006": "4", "P29_007": "0", "P29_008": "00", "P29_009": null }, "geometry": { "type": "Point", "coordinates": [ 139.685532998920792, 35.91182299639609 ] } },
{ "type": "Feature", "properties": { "P29_001": "11104", "P29_002": "A111310400094", "P29_003": "16011", "P29_004": "春岡幼稚園", "P29_005": "埼玉県さいたま市見沼区丸ヶ崎町45-1", "P29_006": "4", "P29_007": "0", "P29_008": "00", "P29_009": null }, "geometry": { "type": "Point", "coordinates": [ 139.650883997297711, 35.9579519992717 ] } },
{ "type": "Feature", "properties": { "P29_001": "11104", "P29_002": "A111310400101", "P29_003": "16011", "P29_004": "しま幼稚園", "P29_005": "埼玉県さいたま市見沼区島町448", "P29_006": "4", "P29_007": "0", "P29_008": "00", "P29_009": null }, "geometry": { "type": "Point", "coordinates": [ 139.649726000997532, 35.947673003143521 ] } },
{ "type": "Feature", "properties": { "P29_001": "11105", "P29_002": "A111310500020", "P29_003": "16011", "P29_004": "しんせい幼稚園", "P29_005": "埼玉県さいたま市中央区上落合7-9-11", "P29_006": "4", "P29_007": "0", "P29_008": "00", "P29_009": null }, "geometry": { "type": "Point", "coordinates": [ 139.623130003214811, 35.896446000955997 ] } },
{ "type": "Feature", "properties": { "P29_001": "11105", "P29_002": "A111310500039", "P29_003": "16011", "P29_004": "与野幼稚園", "P29_005": "埼玉県さいたま市中央区大戸6-3-1", "P29_006": "4", "P29_007": "0", "P29_008": "00", "P29_009": null }, "geometry": { "type": "Point", "coordinates": [ 139.635752796434048, 35.867382436355896 ] } },
{ "type": "Feature", "properties": { "P29_001": "11105", "P29_002": "A111310500048", "P29_003": "16011", "P29_004": "与野本町幼稚園", "P29_005": "埼玉県さいたま市中央区本町東2-7-21", "P29_006": "4", "P29_007": "0", "P29_008": "00", "P29_009": null }, "geometry": { "type": "Point", "coordinates": [ 139.623393003623903, 35.881408002979605 ] } },
{ "type": "Feature", "properties": { "P29_001": "11105", "P29_002": "A111310500057", "P29_003": "16011", "P29_004": "東京成徳短期大学附属第二幼稚園", "P29_005": "埼玉県さいたま市中央区上落合1-9-4", "P29_006": "4", "P29_007": "0", "P29_008": "00", "P29_009": null }, "geometry": { "type": "Point", "coordinates": [ 139.63002499468098, 35.890265001688263 ] } },
{ "type": "Feature", "properties": { "P29_001": "11105", "P29_002": "A111310500066", "P29_003": "16011", "P29_004": "青いとり幼稚園", "P29_005": "埼玉県さいたま市中央区八王子2-17-1", "P29_006": "4", "P29_007": "0", "P29_008": "00", "P29_009": null }, "geometry": { "type": "Point", "coordinates": [ 139.612673004467439, 35.884942003762625 ] } },
{ "type": "Feature", "properties": { "P29_001": "11106", "P29_002": "A111310600010", "P29_003": "16011", "P29_004": "浦和西学園さくら草幼稚園", "P29_005": "埼玉県さいたま市桜区田島2-11-10", "P29_006": "4", "P29_007": "0", "P29_008": "00", "P29_009": null }, "geometry": { "type": "Point", "coordinates": [ 139.632587250500734, 35.844618687511172 ] } },
{ "type": "Feature", "properties": { "P29_001": "11106", "P29_002": "A111310600029", "P29_003": "16011", "P29_004": "浦和すみれ幼稚園", "P29_005": "埼玉県さいたま市桜区南元宿2-24-1", "P29_006": "4", "P29_007": "0", "P29_008": "00", "P29_009": null }, "geometry": { "type": "Point", "coordinates": [ 139.625545070092102, 35.861131455389426 ] } },
{ "type": "Feature", "properties": { "P29_001": "11106", "P29_002": "A111310600038", "P29_003": "16011", "P29_004": "わかほ幼稚園", "P29_005": "埼玉県さいたま市桜区西堀3-17-38", "P29_006": "4", "P29_007": "0", "P29_008": "00", "P29_009": null }, "geometry": { "type": "Point", "coordinates": [ 139.630744004239034, 35.853001002478678 ] } },
{ "type": "Feature", "properties": { "P29_001": "11106", "P29_002": "A111310600056", "P29_003": "16011", "P29_004": "淑徳与野幼稚園", "P29_005": "埼玉県さいたま市桜区白鍬681", "P29_006": "4", "P29_007": "0", "P29_008": "00", "P29_009": null }, "geometry": { "type": "Point", "coordinates": [ 139.608203001299557, 35.886468995498291 ] } },
{ "type": "Feature", "properties": { "P29_001": "11106", "P29_002": "A111310600065", "P29_003": "16011", "P29_004": "認定こども園おおとり幼稚園", "P29_005": "埼玉県さいたま市桜区宿144", "P29_006": "4", "P29_007": "0", "P29_008": "00", "P29_009": null }, "geometry": { "type": "Point", "coordinates": [ 139.598056143697278, 35.876444439782858 ] } },
{ "type": "Feature", "properties": { "P29_001": "11106", "P29_002": "A111310600074", "P29_003": "16011", "P29_004": "西堀ひかわ幼稚園", "P29_005": "埼玉県さいたま市桜区西堀8-26-26", "P29_006": "4", "P29_007": "0", "P29_008": "00", "P29_009": null }, "geometry": { "type": "Point", "coordinates": [ 139.632494004523238, 35.85894799636845 ] } },
{ "type": "Feature", "properties": { "P29_001": "11106", "P29_002": "A111310600083", "P29_003": "16011", "P29_004": "認定こども園さかわ幼稚園", "P29_005": "埼玉県さいたま市桜区栄和6-18-1", "P29_006": "4", "P29_007": "0", "P29_008": "00", "P29_009": null }, "geometry": { "type": "Point", "coordinates": [ 139.613253998368037, 35.86179899770174 ] } },
{ "type": "Feature", "properties": { "P29_001": "11106", "P29_002": "A111310600092", "P29_003": "16011", "P29_004": "浦和こばと幼稚園", "P29_005": "埼玉県さいたま市桜区大久保領家103-1", "P29_006": "4", "P29_007": "0", "P29_008": "00", "P29_009": null }, "geometry": { "type": "Point", "coordinates": [ 139.60524812670829, 35.869424114720729 ] } },
{ "type": "Feature", "properties": { "P29_001": "11107", "P29_002": "A111310700019", "P29_003": "16011", "P29_004": "麗和幼稚園", "P29_005": "埼玉県さいたま市浦和区仲町2-10-19", "P29_006": "4", "P29_007": "0", "P29_008": "00", "P29_009": null }, "geometry": { "type": "Point", "coordinates": [ 139.651061003368142, 35.860725996823334 ] } },
{ "type": "Feature", "properties": { "P29_001": "11107", "P29_002": "A111310700028", "P29_003": "16011", "P29_004": "浦和幼稚園", "P29_005": "埼玉県さいたま市浦和区仲町2-6-15", "P29_006": "4", "P29_007": "0", "P29_008": "00", "P29_009": null }, "geometry": { "type": "Point", "coordinates": [ 139.652212000642891, 35.861367997709849 ] } },
{ "type": "Feature", "properties": { "P29_001": "11107", "P29_002": "A111310700037", "P29_003": "16011", "P29_004": "双葉幼稚園", "P29_005": "埼玉県さいたま市浦和区岸町3-3-14", "P29_006": "4", "P29_007": "0", "P29_008": "00", "P29_009": null }, "geometry": { "type": "Point", "coordinates": [ 139.659648998230523, 35.853557998390485 ] } },
{ "type": "Feature", "properties": { "P29_001": "11107", "P29_002": "A111310700046", "P29_003": "16011", "P29_004": "黎明幼稚園", "P29_005": "埼玉県さいたま市浦和区元町2-11-4", "P29_006": "4", "P29_007": "0", "P29_008": "00", "P29_009": null }, "geometry": { "type": "Point", "coordinates": [ 139.650132284562005, 35.871837185645951 ] } },
{ "type": "Feature", "properties": { "P29_001": "11107", "P29_002": "A111310700055", "P29_003": "16011", "P29_004": "双恵幼稚園", "P29_005": "埼玉県さいたま市浦和区針ヶ谷1-21-24", "P29_006": "4", "P29_007": "0", "P29_008": "00", "P29_009": null }, "geometry": { "type": "Point", "coordinates": [ 139.646358996918877, 35.880357001139075 ] } },
{ "type": "Feature", "properties": { "P29_001": "11107", "P29_002": "A111310700064", "P29_003": "16011", "P29_004": "聖フランソア幼稚園", "P29_005": "埼玉県さいたま市浦和区皇山町18-1", "P29_006": "4", "P29_007": "0", "P29_008": "00", "P29_009": null }, "geometry": { "type": "Point", "coordinates": [ 139.654169999833442, 35.885655003805773 ] } },
{ "type": "Feature", "properties": { "P29_001": "11107", "P29_002": "A111310700073", "P29_003": "16011", "P29_004": "常盤幼稚園", "P29_005": "埼玉県さいたま市浦和区常盤9-31-16", "P29_006": "4", "P29_007": "0", "P29_008": "00", "P29_009": null }, "geometry": { "type": "Point", "coordinates": [ 139.643892995350228, 35.87117099580783 ] } },
{ "type": "Feature", "properties": { "P29_001": "11107", "P29_002": "A111310700082", "P29_003": "16011", "P29_004": "厚徳幼稚園", "P29_005": "埼玉県さいたま市浦和区北浦和3-16-21", "P29_006": "4", "P29_007": "0", "P29_008": "00", "P29_009": null }, "geometry": { "type": "Point", "coordinates": [ 139.645249288150239, 35.875305693747748 ] } },
{ "type": "Feature", "properties": { "P29_001": "11107", "P29_002": "A111310700091", "P29_003": "16011", "P29_004": "本太幼稚園", "P29_005": "埼玉県さいたま市浦和区本太5-35-3", "P29_006": "4", "P29_007": "0", "P29_008": "00", "P29_009": null }, "geometry": { "type": "Point", "coordinates": [ 139.659905004356716, 35.868295001453852 ] } },
{ "type": "Feature", "properties": { "P29_001": "11107", "P29_002": "A111310700108", "P29_003": "16011", "P29_004": "木の実幼稚園", "P29_005": "埼玉県さいたま市浦和区木崎5-28-6", "P29_006": "4", "P29_007": "0", "P29_008": "00", "P29_009": null }, "geometry": { "type": "Point", "coordinates": [ 139.665455995752723, 35.884906998605445 ] } },
{ "type": "Feature", "properties": { "P29_001": "11107", "P29_002": "A111310700117", "P29_003": "16011", "P29_004": "みぬま幼稚園", "P29_005": "埼玉県さいたま市浦和区上木崎7-19-21", "P29_006": "4", "P29_007": "0", "P29_008": "00", "P29_009": null }, "geometry": { "type": "Point", "coordinates": [ 139.648377995594586, 35.889722000122717 ] } },
{ "type": "Feature", "properties": { "P29_001": "11107", "P29_002": "A111310700126", "P29_003": "16011", "P29_004": "ひなぎく幼稚園", "P29_005": "埼玉県さいたま市浦和区常盤8-1-18", "P29_006": "4", "P29_007": "0", "P29_008": "00", "P29_009": null }, "geometry": { "type": "Point", "coordinates": [ 139.642017998962473, 35.863401004688342 ] } },
{ "type": "Feature", "properties": { "P29_001": "11108", "P29_002": "A111310800018", "P29_003": "16011", "P29_004": "別所幼稚園", "P29_005": "埼玉県さいたま市南区別所7-6-1", "P29_006": "4", "P29_007": "0", "P29_008": "00", "P29_009": null }, "geometry": { "type": "Point", "coordinates": [ 139.647963697311155, 35.846486258724369 ] } },
{ "type": "Feature", "properties": { "P29_001": "11203", "P29_002": "A111310800027", "P29_003": "16011", "P29_004": "埼玉幼稚園", "P29_005": "埼玉県さいたま市南区円正寺505-7", "P29_006": "4", "P29_007": "0", "P29_008": "00", "P29_009": null }, "geometry": { "type": "Point", "coordinates": [ 139.695696997369794, 35.851994002182316 ] } },
{ "type": "Feature", "properties": { "P29_001": "11108", "P29_002": "A111310800036", "P29_003": "16011", "P29_004": "南浦和幼稚園", "P29_005": "埼玉県さいたま市南区文蔵2-29-22", "P29_006": "4", "P29_007": "0", "P29_008": "00", "P29_009": null }, "geometry": { "type": "Point", "coordinates": [ 139.666862102572111, 35.842698180082927 ] } },
{ "type": "Feature", "properties": { "P29_001": "11108", "P29_002": "A111310800045", "P29_003": "16011", "P29_004": "むさし幼稚園", "P29_005": "埼玉県さいたま市南区文蔵3-11-6", "P29_006": "4", "P29_007": "0", "P29_008": "00", "P29_009": null }, "geometry": { "type": "Point", "coordinates": [ 139.675649857683624, 35.838138016239228 ] } },
{ "type": "Feature", "properties": { "P29_001": "11108", "P29_002": "A111310800054", "P29_003": "16011", "P29_004": "浦和のぞみ幼稚園", "P29_005": "埼玉県さいたま市南区南浦和3-45-5", "P29_006": "4", "P29_007": "0", "P29_008": "00", "P29_009": null }, "geometry": { "type": "Point", "coordinates": [ 139.673657995990169, 35.844919998799114 ] } },
{ "type": "Feature", "properties": { "P29_001": "11108", "P29_002": "A111310800063", "P29_003": "16011", "P29_004": "はとり幼稚園", "P29_005": "埼玉県さいたま市南区大谷口1312", "P29_006": "4", "P29_007": "0", "P29_008": "00", "P29_009": null }, "geometry": { "type": "Point", "coordinates": [ 139.679896458707162, 35.858300588533432 ] } },
{ "type": "Feature", "properties": { "P29_001": "11108", "P29_002": "A111310800072", "P29_003": "16011", "P29_004": "西浦和幼稚園", "P29_005": "埼玉県さいたま市南区曲本1-21-22", "P29_006": "4", "P29_007": "0", "P29_008": "00", "P29_009": null }, "geometry": { "type": "Point", "coordinates": [ 139.630394184978883, 35.837017150428103 ] } },
{ "type": "Feature", "properties": { "P29_001": "11108", "P29_002": "A111310800081", "P29_003": "16011", "P29_004": "浦和みひかり幼稚園", "P29_005": "埼玉県さいたま市南区内谷3-7-21", "P29_006": "4", "P29_007": "0", "P29_008": "00", "P29_009": null }, "geometry": { "type": "Point", "coordinates": [ 139.639172471752545, 35.834033607142864 ] } },
{ "type": "Feature", "properties": { "P29_001": "11108", "P29_002": "A111310800090", "P29_003": "16011", "P29_004": "大谷口幼稚園", "P29_005": "埼玉県さいたま市南区広ヶ谷戸96", "P29_006": "4", "P29_007": "0", "P29_008": "00", "P29_009": null }, "geometry": { "type": "Point", "coordinates": [ 139.684011999003047, 35.861187995994037 ] } },
{ "type": "Feature", "properties": { "P29_001": "11108", "P29_002": "A111310800107", "P29_003": "16011", "P29_004": "認定こども園浦和つくし幼稚園", "P29_005": "埼玉県さいたま市南区辻4-8-7", "P29_006": "4", "P29_007": "0", "P29_008": "00", "P29_009": null }, "geometry": { "type": "Point", "coordinates": [ 139.657390613303988, 35.836523668404588 ] } },
{ "type": "Feature", "properties": { "P29_001": "11108", "P29_002": "A111310800116", "P29_003": "16011", "P29_004": "まつもと幼稚園", "P29_005": "埼玉県さいたま市南区松本3-12-8", "P29_006": "4", "P29_007": "0", "P29_008": "00", "P29_009": null }, "geometry": { "type": "Point", "coordinates": [ 139.627558996605046, 35.833880996963501 ] } },
{ "type": "Feature", "properties": { "P29_001": "11108", "P29_002": "A111310800125", "P29_003": "16011", "P29_004": "浦和若竹幼稚園", "P29_005": "埼玉県さいたま市南区根岸3-11-3", "P29_006": "4", "P29_007": "0", "P29_008": "00", "P29_009": null }, "geometry": { "type": "Point", "coordinates": [ 139.663222959263919, 35.840170531010628 ] } },
{ "type": "Feature", "properties": { "P29_001": "11108", "P29_002": "A111310800134", "P29_003": "16011", "P29_004": "浦和めぐみ幼稚園", "P29_005": "埼玉県さいたま市南区白幡4-10-15", "P29_006": "4", "P29_007": "0", "P29_008": "00", "P29_009": null }, "geometry": { "type": "Point", "coordinates": [ 139.653853994827216, 35.840972999503329 ] } },
{ "type": "Feature", "properties": { "P29_001": "11109", "P29_002": "A111310900017", "P29_003": "16011", "P29_004": "原山幼稚園", "P29_005": "埼玉県さいたま市緑区原山3-8-5", "P29_006": "4", "P29_007": "0", "P29_008": "00", "P29_009": null }, "geometry": { "type": "Point", "coordinates": [ 139.672698600973831, 35.871569360830655 ] } },
{ "type": "Feature", "properties": { "P29_001": "11109", "P29_002": "A111310900026", "P29_003": "16011", "P29_004": "しらさぎ幼稚園", "P29_005": "埼玉県さいたま市緑区大字代山992", "P29_006": "4", "P29_007": "0", "P29_008": "00", "P29_009": null }, "geometry": { "type": "Point", "coordinates": [ 139.710564996949813, 35.896981001758675 ] } },
{ "type": "Feature", "properties": { "P29_001": "11109", "P29_002": "A111310900035", "P29_003": "16011", "P29_004": "浦和明の星幼稚園", "P29_005": "埼玉県さいたま市緑区東浦和6-4-19", "P29_006": "4", "P29_007": "0", "P29_008": "00", "P29_009": null }, "geometry": { "type": "Point", "coordinates": [ 139.707766296201754, 35.869115394894692 ] } },
{ "type": "Feature", "properties": { "P29_001": "11109", "P29_002": "A111310900044", "P29_003": "16011", "P29_004": "ふるさと幼稚園", "P29_005": "埼玉県さいたま市緑区三室2360-6", "P29_006": "4", "P29_007": "0", "P29_008": "00", "P29_009": null }, "geometry": { "type": "Point", "coordinates": [ 139.678777994207707, 35.888620003224503 ] } },
{ "type": "Feature", "properties": { "P29_001": "11109", "P29_002": "A111310900053", "P29_003": "16011", "P29_004": "浦和みずほ幼稚園", "P29_005": "埼玉県さいたま市緑区太田窪1-12-15", "P29_006": "4", "P29_007": "0", "P29_008": "00", "P29_009": null }, "geometry": { "type": "Point", "coordinates": [ 139.667062999441185, 35.865523000751836 ] } },
{ "type": "Feature", "properties": { "P29_001": "11109", "P29_002": "A111310900062", "P29_003": "16011", "P29_004": "あかつき幼稚園", "P29_005": "埼玉県さいたま市緑区中尾2342-2", "P29_006": "4", "P29_007": "0", "P29_008": "00", "P29_009": null }, "geometry": { "type": "Point", "coordinates": [ 139.690588468132574, 35.865363468634996 ] } },
{ "type": "Feature", "properties": { "P29_001": "11109", "P29_002": "A111310900071", "P29_003": "16011", "P29_004": "大門幼稚園", "P29_005": "埼玉県さいたま市緑区大門930", "P29_006": "4", "P29_007": "0", "P29_008": "00", "P29_009": null }, "geometry": { "type": "Point", "coordinates": [ 139.733503994644451, 35.879424997249032 ] } },
{ "type": "Feature", "properties": { "P29_001": "11109", "P29_002": "A111310900080", "P29_003": "16011", "P29_004": "大古里育ちの森幼稚園", "P29_005": "埼玉県さいたま市緑区三室635", "P29_006": "4", "P29_007": "0", "P29_008": "00", "P29_009": null }, "geometry": { "type": "Point", "coordinates": [ 139.674066997253192, 35.892144998821685 ] } },
{ "type": "Feature", "properties": { "P29_001": "11109", "P29_002": "A111310900099", "P29_003": "16011", "P29_004": "認定こども園桜美林幼稚園", "P29_005": "埼玉県さいたま市緑区芝原3-24-5", "P29_006": "4", "P29_007": "0", "P29_008": "00", "P29_009": null }, "geometry": { "type": "Point", "coordinates": [ 139.696409635826626, 35.878823520544067 ] } },
{ "type": "Feature", "properties": { "P29_001": "11110", "P29_002": "A111311000014", "P29_003": "16011", "P29_004": "岩槻幼稚園", "P29_005": "埼玉県さいたま市岩槻区本町4-3-15", "P29_006": "4", "P29_007": "0", "P29_008": "00", "P29_009": null }, "geometry": { "type": "Point", "coordinates": [ 139.698576001536622, 35.950024995564398 ] } },
{ "type": "Feature", "properties": { "P29_001": "11110", "P29_002": "A111311000023", "P29_003": "16011", "P29_004": "幼稚園型認定こども園白菊幼稚園", "P29_005": "埼玉県さいたま市岩槻区本町5-11-37", "P29_006": "4", "P29_007": "0", "P29_008": "00", "P29_009": null }, "geometry": { "type": "Point", "coordinates": [ 139.701554004430534, 35.952658997386962 ] } },
{ "type": "Feature", "properties": { "P29_001": "11110", "P29_002": "A111311000032", "P29_003": "16011", "P29_004": "認定こども園恵泉幼稚園", "P29_005": "埼玉県さいたま市岩槻区仲町1-12-10", "P29_006": "4", "P29_007": "0", "P29_008": "00", "P29_009": null }, "geometry": { "type": "Point", "coordinates": [ 139.701429997586928, 35.947914004250968 ] } },
{ "type": "Feature", "properties": { "P29_001": "11110", "P29_002": "A111311000041", "P29_003": "16011", "P29_004": "大龍寺幼稚園", "P29_005": "埼玉県さいたま市岩槻区本町5-3-18", "P29_006": "4", "P29_007": "0", "P29_008": "00", "P29_009": null }, "geometry": { "type": "Point", "coordinates": [ 139.698332001383534, 35.952238001477909 ] } },
{ "type": "Feature", "properties": { "P29_001": "11110", "P29_002": "A111311000050", "P29_003": "16011", "P29_004": "河合幼稚園", "P29_005": "埼玉県さいたま市岩槻区大字平林寺418-5", "P29_006": "4", "P29_007": "0", "P29_008": "00", "P29_009": null }, "geometry": { "type": "Point", "coordinates": [ 139.673290841395982, 35.966861996014366 ] } },
{ "type": "Feature", "properties": { "P29_001": "11110", "P29_002": "A111311000069", "P29_003": "16011", "P29_004": "岩槻みどり幼稚園", "P29_005": "埼玉県さいたま市岩槻区加倉1-25-2", "P29_006": "4", "P29_007": "0", "P29_008": "00", "P29_009": null }, "geometry": { "type": "Point", "coordinates": [ 139.68971015234095, 35.94512707363662 ] } },
{ "type": "Feature", "properties": { "P29_001": "11110", "P29_002": "A111311000078", "P29_003": "16011", "P29_004": "岩槻若葉幼稚園", "P29_005": "埼玉県さいたま市岩槻区大字金重字東24-1", "P29_006": "4", "P29_007": "0", "P29_008": "00", "P29_009": null }, "geometry": { "type": "Point", "coordinates": [ 139.6850490035485, 35.965269002718131 ] } },
{ "type": "Feature", "properties": { "P29_001": "11110", "P29_002": "A111311000087", "P29_003": "16011", "P29_004": "大光幼稚園", "P29_005": "埼玉県さいたま市岩槻区長宮639", "P29_006": "4", "P29_007": "0", "P29_008": "00", "P29_009": null }, "geometry": { "type": "Point", "coordinates": [ 139.721555647011655, 35.950710220832491 ] } },
{ "type": "Feature", "properties": { "P29_001": "11110", "P29_002": "A111311000096", "P29_003": "16011", "P29_004": "岩槻ひかり幼稚園", "P29_005": "埼玉県さいたま市岩槻区大字表慈恩寺989-1", "P29_006": "4", "P29_007": "0", "P29_008": "00", "P29_009": null }, "geometry": { "type": "Point", "coordinates": [ 139.69372674748638, 35.949205989068567 ] } },
{ "type": "Feature", "properties": { "P29_001": "11110", "P29_002": "A111311000103", "P29_003": "16011", "P29_004": "桂愛幼稚園", "P29_005": "埼玉県さいたま市岩槻区表慈恩寺593-1", "P29_006": "4", "P29_007": "0", "P29_008": "00", "P29_009": null }, "geometry": { "type": "Point", "coordinates": [ 139.710293840043619, 35.970430045060752 ] } },
{ "type": "Feature", "properties": { "P29_001": "11110", "P29_002": "A111311000112", "P29_003": "16011", "P29_004": "ろりぽっぷ幼稚園", "P29_005": "埼玉県さいたま市岩槻区慈恩寺261-4", "P29_006": "4", "P29_007": "0", "P29_008": "00", "P29_009": null }, "geometry": { "type": "Point", "coordinates": [ 139.708189994699836, 35.980571998245658 ] } },
{ "type": "Feature", "properties": { "P29_001": "11110", "P29_002": "A111311000121", "P29_003": "16011", "P29_004": "東岩槻幼稚園", "P29_005": "埼玉県さいたま市岩槻区上里2-3-9", "P29_006": "4", "P29_007": "0", "P29_008": "00", "P29_009": null }, "geometry": { "type": "Point", "coordinates": [ 139.704162019238879, 35.964622063398927 ] } },
{ "type": "Feature", "properties": { "P29_001": "11110", "P29_002": "A111311000130", "P29_003": "16011", "P29_004": "宝国寺幼稚園", "P29_005": "埼玉県さいたま市岩槻区鹿室286-1", "P29_006": "4", "P29_007": "0", "P29_008": "00", "P29_009": null }, "geometry": { "type": "Point", "coordinates": [ 139.696286994984519, 35.996091001858254 ] } },
{ "type": "Feature", "properties": { "P29_001": "11110", "P29_002": "A111311000149", "P29_003": "16011", "P29_004": "東武リズム幼稚園", "P29_005": "埼玉県さいたま市岩槻区釣上新田1421", "P29_006": "4", "P29_007": "0", "P29_008": "00", "P29_009": null }, "geometry": { "type": "Point", "coordinates": [ 139.738158995415347, 35.894844997218115 ] } },
{ "type": "Feature", "properties": { "P29_001": "11110", "P29_002": "A111311000158", "P29_003": "16011", "P29_004": "はくつる幼稚園", "P29_005": "埼玉県さいたま市岩槻区宮町1-6-20", "P29_006": "4", "P29_007": "0", "P29_008": "00", "P29_009": null }, "geometry": { "type": "Point", "coordinates": [ 139.698399994017649, 35.959058999429125 ] } },
{ "type": "Feature", "properties": { "P29_001": "11201", "P29_002": "A111320100014", "P29_003": "16011", "P29_004": "川越幼稚園", "P29_005": "埼玉県川越市中原町1-5-6", "P29_006": "4", "P29_007": "0", "P29_008": "00", "P29_009": null }, "geometry": { "type": "Point", "coordinates": [ 139.482248068603326, 35.91642848154585 ] } },
{ "type": "Feature", "properties": { "P29_001": "11201", "P29_002": "A111320100023", "P29_003": "16011", "P29_004": "ひつじ幼稚園", "P29_005": "埼玉県川越市仙波町3-6-1", "P29_006": "4", "P29_007": "0", "P29_008": "00", "P29_009": null }, "geometry": { "type": "Point", "coordinates": [ 139.493714998453925, 35.911850001939229 ] } },
{ "type": "Feature", "properties": { "P29_001": "11201", "P29_002": "A111320100032", "P29_003": "16011", "P29_004": "川越双葉幼稚園", "P29_005": "埼玉県川越市幸町5-11", "P29_006": "4", "P29_007": "0", "P29_008": "00", "P29_009": null }, "geometry": { "type": "Point", "coordinates": [ 139.482049003515726, 35.923526000285378 ] } },
{ "type": "Feature", "properties": { "P29_001": "11201", "P29_002": "A111320100041", "P29_003": "16011", "P29_004": "ひまわり幼稚園", "P29_005": "埼玉県川越市三久保町16-6", "P29_006": "4", "P29_007": "0", "P29_008": "00", "P29_009": null }, "geometry": { "type": "Point", "coordinates": [ 139.488895093097426, 35.921789804611016 ] } },
{ "type": "Feature", "properties": { "P29_001": "11201", "P29_002": "A111320100069", "P29_003": "16011", "P29_004": "ルンビニ幼稚園", "P29_005": "埼玉県川越市宮元町1-14", "P29_006": "4", "P29_007": "0", "P29_008": "00", "P29_009": null }, "geometry": { "type": "Point", "coordinates": [ 139.483278996462332, 35.929879000562188 ] } },
{ "type": "Feature", "properties": { "P29_001": "11201", "P29_002": "A111320100078", "P29_003": "16011", "P29_004": "高階幼稚園", "P29_005": "埼玉県川越市砂新田4-1-1", "P29_006": "4", "P29_007": "0", "P29_008": "00", "P29_009": null }, "geometry": { "type": "Point", "coordinates": [ 139.492087995848891, 35.887818998776794 ] } },
{ "type": "Feature", "properties": { "P29_001": "11201", "P29_002": "A111320100096", "P29_003": "16011", "P29_004": "ながさわ幼稚園", "P29_005": "埼玉県川越市鴨田856-2", "P29_006": "4", "P29_007": "0", "P29_008": "00", "P29_009": null }, "geometry": { "type": "Point", "coordinates": [ 139.513549975082242, 35.93275712457816 ] } },
{ "type": "Feature", "properties": { "P29_001": "11201", "P29_002": "A111320100103", "P29_003": "16011", "P29_004": "みよしの幼稚園", "P29_005": "埼玉県川越市大字的場1904-11", "P29_006": "4", "P29_007": "0", "P29_008": "00", "P29_009": null }, "geometry": { "type": "Point", "coordinates": [ 139.438271993731405, 35.920084322207515 ] } },
{ "type": "Feature", "properties": { "P29_001": "11201", "P29_002": "A111320100121", "P29_003": "16011", "P29_004": "ふくはら幼稚園", "P29_005": "埼玉県川越市今福1780-5", "P29_006": "4", "P29_007": "0", "P29_008": "00", "P29_009": null }, "geometry": { "type": "Point", "coordinates": [ 139.475211998943507, 35.873028997509422 ] } },
{ "type": "Feature", "properties": { "P29_001": "11201", "P29_002": "A111320100130", "P29_003": "16011", "P29_004": "ひまわり南幼稚園", "P29_005": "埼玉県川越市寿町1-2288", "P29_006": "4", "P29_007": "0", "P29_008": "00", "P29_009": null }, "geometry": { "type": "Point", "coordinates": [ 139.468439936124781, 35.903949165480853 ] } },
{ "type": "Feature", "properties": { "P29_001": "11201", "P29_002": "A111320100149", "P29_003": "16011", "P29_004": "かすみ幼稚園", "P29_005": "埼玉県川越市安比奈新田6-1", "P29_006": "4", "P29_007": "0", "P29_008": "00", "P29_009": null }, "geometry": { "type": "Point", "coordinates": [ 139.423503997549602, 35.908712000784753 ] } },
{ "type": "Feature", "properties": { "P29_001": "11201", "P29_002": "A111320100158", "P29_003": "16011", "P29_004": "新河岸幼稚園", "P29_005": "埼玉県川越市砂665-2", "P29_006": "4", "P29_007": "0", "P29_008": "00", "P29_009": null }, "geometry": { "type": "Point", "coordinates": [ 139.500186079936952, 35.89356051568852 ] } },
{ "type": "Feature", "properties": { "P29_001": "11201", "P29_002": "A111320100167", "P29_003": "16011", "P29_004": "川越あさひ幼稚園", "P29_005": "埼玉県川越市旭3-20-6", "P29_006": "4", "P29_007": "0", "P29_008": "00", "P29_009": null }, "geometry": { "type": "Point", "coordinates": [ 139.470705996329656, 35.899905998691175 ] } },
{ "type": "Feature", "properties": { "P29_001": "11201", "P29_002": "A111320100176", "P29_003": "16011", "P29_004": "川越ひばり幼稚園", "P29_005": "埼玉県川越市寺山466-1", "P29_006": "4", "P29_007": "0", "P29_008": "00", "P29_009": null }, "geometry": { "type": "Point", "coordinates": [ 139.46857619270142, 35.938728472344721 ] } },
{ "type": "Feature", "properties": { "P29_001": "11201", "P29_002": "A111320100185", "P29_003": "16011", "P29_004": "南双葉幼稚園", "P29_005": "埼玉県川越市むさし野1-6", "P29_006": "4", "P29_007": "0", "P29_008": "00", "P29_009": null }, "geometry": { "type": "Point", "coordinates": [ 139.471894999453042, 35.894162003014259 ] } },
{ "type": "Feature", "properties": { "P29_001": "11201", "P29_002": "A111320100194", "P29_003": "16011", "P29_004": "鶴の子幼稚園", "P29_005": "埼玉県川越市下赤坂635-1", "P29_006": "4", "P29_007": "0", "P29_008": "00", "P29_009": null }, "geometry": { "type": "Point", "coordinates": [ 139.486098002434574, 35.851092998230079 ] } },
{ "type": "Feature", "properties": { "P29_001": "11201", "P29_002": "A111320100201", "P29_003": "16011", "P29_004": "川越白ゆり幼稚園", "P29_005": "埼玉県川越市上戸189-9", "P29_006": "4", "P29_007": "0", "P29_008": "00", "P29_009": null }, "geometry": { "type": "Point", "coordinates": [ 139.451281994375194, 35.92892599696566 ] } },
{ "type": "Feature", "properties": { "P29_001": "11201", "P29_002": "A111320100210", "P29_003": "16011", "P29_004": "あおば幼稚園", "P29_005": "埼玉県川越市大字下新河岸65-2", "P29_006": "4", "P29_007": "0", "P29_008": "00", "P29_009": null }, "geometry": { "type": "Point", "coordinates": [ 139.490018997348244, 35.880738000964897 ] } },
{ "type": "Feature", "properties": { "P29_001": "11201", "P29_002": "A111320100229", "P29_003": "16011", "P29_004": "ひまわり東幼稚園", "P29_005": "埼玉県川越市郭町2-18-7", "P29_006": "4", "P29_007": "0", "P29_008": "00", "P29_009": null }, "geometry": { "type": "Point", "coordinates": [ 139.492230996956465, 35.922259003086829 ] } },
{ "type": "Feature", "properties": { "P29_001": "11201", "P29_002": "A111320100238", "P29_003": "16011", "P29_004": "藤原白百合幼稚園", "P29_005": "埼玉県川越市藤原町22-10", "P29_006": "4", "P29_007": "0", "P29_008": "00", "P29_009": null }, "geometry": { "type": "Point", "coordinates": [ 139.499364998344589, 35.882595000391554 ] } },
{ "type": "Feature", "properties": { "P29_001": "11201", "P29_002": "A111320100247", "P29_003": "16011", "P29_004": "川越なかよし幼稚園", "P29_005": "埼玉県川越市中台元町1-13-1", "P29_006": "4", "P29_007": "0", "P29_008": "00", "P29_009": null }, "geometry": { "type": "Point", "coordinates": [ 139.480783002734853, 35.892334998705515 ] } },
{ "type": "Feature", "properties": { "P29_001": "11201", "P29_002": "A111320100256", "P29_003": "16011", "P29_004": "第二ひつじ幼稚園", "P29_005": "埼玉県川越市今成2-10-9", "P29_006": "4", "P29_007": "0", "P29_008": "00", "P29_009": null }, "geometry": { "type": "Point", "coordinates": [ 139.470065996536874, 35.92503000185404 ] } },
{ "type": "Feature", "properties": { "P29_001": "11201", "P29_002": "A111320100265", "P29_003": "16011", "P29_004": "川越第二ひばり幼稚園", "P29_005": "埼玉県川越市笠幡1600-3", "P29_006": "4", "P29_007": "0", "P29_008": "00", "P29_009": null }, "geometry": { "type": "Point", "coordinates": [ 139.406130482433838, 35.914085720791824 ] } },
{ "type": "Feature", "properties": { "P29_001": "11201", "P29_002": "A111320100274", "P29_003": "16011", "P29_004": "大鳳幼稚園", "P29_005": "埼玉県川越市池辺195", "P29_006": "4", "P29_007": "0", "P29_008": "00", "P29_009": null }, "geometry": { "type": "Point", "coordinates": [ 139.441480994808984, 35.901933003311868 ] } },
{ "type": "Feature", "properties": { "P29_001": "11201", "P29_002": "A111320100283", "P29_003": "16011", "P29_004": "川鶴ひばり幼稚園", "P29_005": "埼玉県川越市川鶴3-10", "P29_006": "4", "P29_007": "0", "P29_008": "00", "P29_009": null }, "geometry": { "type": "Point", "coordinates": [ 139.406963004942298, 35.921645999732426 ] } },
{ "type": "Feature", "properties": { "P29_001": "11202", "P29_002": "A111320200013", "P29_003": "16011", "P29_004": "さくら幼稚園", "P29_005": "埼玉県熊谷市箱田1-7-21", "P29_006": "4", "P29_007": "0", "P29_008": "00", "P29_009": null }, "geometry": { "type": "Point", "coordinates": [ 139.383200002623965, 36.150170001366654 ] } },
{ "type": "Feature", "properties": { "P29_001": "11202", "P29_002": "A111320200022", "P29_003": "16011", "P29_004": "摩耶幼稚園", "P29_005": "埼玉県熊谷市星川1-1", "P29_006": "4", "P29_007": "0", "P29_008": "00", "P29_009": null }, "geometry": { "type": "Point", "coordinates": [ 139.383003005569662, 36.144033995695573 ] } },
{ "type": "Feature", "properties": { "P29_001": "11202", "P29_002": "A111320200031", "P29_003": "16011", "P29_004": "松岩寺幼稚園", "P29_005": "埼玉県熊谷市押切2111", "P29_006": "4", "P29_007": "0", "P29_008": "00", "P29_009": null }, "geometry": { "type": "Point", "coordinates": [ 139.339376816976909, 36.135711390173398 ] } },
{ "type": "Feature", "properties": { "P29_001": "11202", "P29_002": "A111320200040", "P29_003": "16011", "P29_004": "成田こども園", "P29_005": "埼玉県熊谷市上之2754-1", "P29_006": "4", "P29_007": "0", "P29_008": "00", "P29_009": null }, "geometry": { "type": "Point", "coordinates": [ 139.406112996692315, 36.151220002600212 ] } },
{ "type": "Feature", "properties": { "P29_001": "11202", "P29_002": "A111320200059", "P29_003": "16011", "P29_004": "東漸寺幼稚園", "P29_005": "埼玉県熊谷市石原334", "P29_006": "4", "P29_007": "0", "P29_008": "00", "P29_009": null }, "geometry": { "type": "Point", "coordinates": [ 139.361135000429783, 36.155569003375909 ] } },
{ "type": "Feature", "properties": { "P29_001": "11202", "P29_002": "A111320200068", "P29_003": "16011", "P29_004": "さかえ幼稚園", "P29_005": "埼玉県熊谷市佐谷田2661-1", "P29_006": "4", "P29_007": "0", "P29_008": "00", "P29_009": null }, "geometry": { "type": "Point", "coordinates": [ 139.421151673828547, 36.124084425262168 ] } },
{ "type": "Feature", "properties": { "P29_001": "11202", "P29_002": "A111320200077", "P29_003": "16011", "P29_004": "篭原若竹幼稚園", "P29_005": "埼玉県熊谷市籠原南1-134", "P29_006": "4", "P29_007": "0", "P29_008": "00", "P29_009": null }, "geometry": { "type": "Point", "coordinates": [ 139.332867995490517, 36.172537003975251 ] } },
{ "type": "Feature", "properties": { "P29_001": "11202", "P29_002": "A111320200086", "P29_003": "16011", "P29_004": "妻沼幼稚園", "P29_005": "埼玉県熊谷市妻沼1627-2", "P29_006": "4", "P29_007": "0", "P29_008": "00", "P29_009": null }, "geometry": { "type": "Point", "coordinates": [ 139.373699002628172, 36.22651099968391 ] } },
{ "type": "Feature", "properties": { "P29_001": "11202", "P29_002": "A111320200095", "P29_003": "16011", "P29_004": "西妻沼幼稚園", "P29_005": "埼玉県熊谷市永井太田1241-2", "P29_006": "4", "P29_007": "0", "P29_008": "00", "P29_009": null }, "geometry": { "type": "Point", "coordinates": [ 139.339967998260363, 36.228149996167183 ] } },
{ "type": "Feature", "properties": { "P29_001": "11202", "P29_002": "A111320200102", "P29_003": "16011", "P29_004": "ピノキオ幼稚園", "P29_005": "埼玉県熊谷市善ヶ島1502", "P29_006": "4", "P29_007": "0", "P29_008": "00", "P29_009": null }, "geometry": { "type": "Point", "coordinates": [ 139.399250997915118, 36.221073001291977 ] } },
{ "type": "Feature", "properties": { "P29_001": "11203", "P29_002": "A111320300012", "P29_003": "16011", "P29_004": "川口南幼稚園", "P29_005": "埼玉県川口市川口6-1-41", "P29_006": "4", "P29_007": "0", "P29_008": "00", "P29_009": null }, "geometry": { "type": "Point", "coordinates": [ 139.711800003423889, 35.803165001170328 ] } },
{ "type": "Feature", "properties": { "P29_001": "11203", "P29_002": "A111320300021", "P29_003": "16011", "P29_004": "川口文化幼稚園", "P29_005": "埼玉県川口市幸町3-5-33", "P29_006": "4", "P29_007": "0", "P29_008": "00", "P29_009": null }, "geometry": { "type": "Point", "coordinates": [ 139.715910853746408, 35.806138868034893 ] } },
{ "type": "Feature", "properties": { "P29_001": "11203", "P29_002": "A111320300030", "P29_003": "16011", "P29_004": "松葉幼稚園", "P29_005": "埼玉県川口市領家2-14-11", "P29_006": "4", "P29_007": "0", "P29_008": "00", "P29_009": null }, "geometry": { "type": "Point", "coordinates": [ 139.742133995247201, 35.795040003353598 ] } },
{ "type": "Feature", "properties": { "P29_001": "11203", "P29_002": "A111320300049", "P29_003": "16011", "P29_004": "西川口幼稚園", "P29_005": "埼玉県川口市西川口3-34-5", "P29_006": "4", "P29_007": "0", "P29_008": "00", "P29_009": null }, "geometry": { "type": "Point", "coordinates": [ 139.702975996999157, 35.810702995959304 ] } },
{ "type": "Feature", "properties": { "P29_001": "11203", "P29_002": "A111320300058", "P29_003": "16011", "P29_004": "小鳩幼稚園", "P29_005": "埼玉県川口市東本郷1185", "P29_006": "4", "P29_007": "0", "P29_008": "00", "P29_009": null }, "geometry": { "type": "Point", "coordinates": [ 139.762506997154048, 35.827107000896135 ] } },
{ "type": "Feature", "properties": { "P29_001": "11203", "P29_002": "A111320300067", "P29_003": "16011", "P29_004": "清月幼稚園", "P29_005": "埼玉県川口市芝5222", "P29_006": "4", "P29_007": "0", "P29_008": "00", "P29_009": null }, "geometry": { "type": "Point", "coordinates": [ 139.692874997803131, 35.837749003875047 ] } },
{ "type": "Feature", "properties": { "P29_001": "11203", "P29_002": "A111320300076", "P29_003": "16011", "P29_004": "松原幼稚園", "P29_005": "埼玉県川口市安行領根岸2143-1", "P29_006": "4", "P29_007": "0", "P29_008": "00", "P29_009": null }, "geometry": { "type": "Point", "coordinates": [ 139.721491000505125, 35.843541003449062 ] } },
{ "type": "Feature", "properties": { "P29_001": "11203", "P29_002": "A111320300085", "P29_003": "16011", "P29_004": "共生幼稚園", "P29_005": "埼玉県川口市飯塚2-9-4", "P29_006": "4", "P29_007": "0", "P29_008": "00", "P29_009": null }, "geometry": { "type": "Point", "coordinates": [ 139.712824994419321, 35.799773997681292 ] } },
{ "type": "Feature", "properties": { "P29_001": "11203", "P29_002": "A111320300094", "P29_003": "16011", "P29_004": "川口アソカ幼稚園", "P29_005": "埼玉県川口市青木4-20-13", "P29_006": "4", "P29_007": "0", "P29_008": "00", "P29_009": null }, "geometry": { "type": "Point", "coordinates": [ 139.725924002444344, 35.816888003597612 ] } },
{ "type": "Feature", "properties": { "P29_001": "11203", "P29_002": "A111320300101", "P29_003": "16011", "P29_004": "いずみ幼稚園", "P29_005": "埼玉県川口市芝西2-16-3", "P29_006": "4", "P29_007": "0", "P29_008": "00", "P29_009": null }, "geometry": { "type": "Point", "coordinates": [ 139.685466003061038, 35.840855000836498 ] } },
{ "type": "Feature", "properties": { "P29_001": "11203", "P29_002": "A111320300110", "P29_003": "16011", "P29_004": "ふじみ幼稚園", "P29_005": "埼玉県川口市本前川2-12-15", "P29_006": "4", "P29_007": "0", "P29_008": "00", "P29_009": null }, "geometry": { "type": "Point", "coordinates": [ 139.703976999806315, 35.841727998344695 ] } },
{ "type": "Feature", "properties": { "P29_001": "11203", "P29_002": "A111320300129", "P29_003": "16011", "P29_004": "翠ケ丘幼稚園", "P29_005": "埼玉県川口市大字安行慈林880", "P29_006": "4", "P29_007": "0", "P29_008": "00", "P29_009": null }, "geometry": { "type": "Point", "coordinates": [ 139.748912697590868, 35.837907961987192 ] } },
{ "type": "Feature", "properties": { "P29_001": "11203", "P29_002": "A111320300138", "P29_003": "16011", "P29_004": "青木錦生幼稚園", "P29_005": "埼玉県川口市中青木4-6-25", "P29_006": "4", "P29_007": "0", "P29_008": "00", "P29_009": null }, "geometry": { "type": "Point", "coordinates": [ 139.716562999495153, 35.817751998760528 ] } },
{ "type": "Feature", "properties": { "P29_001": "11203", "P29_002": "A111320300147", "P29_003": "16011", "P29_004": "小桜幼稚園", "P29_005": "埼玉県川口市石神1340", "P29_006": "4", "P29_007": "0", "P29_008": "00", "P29_009": null }, "geometry": { "type": "Point", "coordinates": [ 139.739150994997857, 35.851426996547694 ] } },
{ "type": "Feature", "properties": { "P29_001": "11203", "P29_002": "A111320300156", "P29_003": "16011", "P29_004": "北川口幼稚園", "P29_005": "埼玉県川口市道合1221", "P29_006": "4", "P29_007": "0", "P29_008": "00", "P29_009": null }, "geometry": { "type": "Point", "coordinates": [ 139.721538659806868, 35.8494923375928 ] } },
{ "type": "Feature", "properties": { "P29_001": "11203", "P29_002": "A111320300165", "P29_003": "16011", "P29_004": "旭幼稚園", "P29_005": "埼玉県川口市前野宿50", "P29_006": "4", "P29_007": "0", "P29_008": "00", "P29_009": null }, "geometry": { "type": "Point", "coordinates": [ 139.758574854688504, 35.833257287601512 ] } },
{ "type": "Feature", "properties": { "P29_001": "11203", "P29_002": "A111320300183", "P29_003": "16011", "P29_004": "西光院マヤ幼稚園", "P29_005": "埼玉県川口市戸塚2-6-29", "P29_006": "4", "P29_007": "0", "P29_008": "00", "P29_009": null }, "geometry": { "type": "Point", "coordinates": [ 139.746325333438108, 35.871479385113012 ] } },
{ "type": "Feature", "properties": { "P29_001": "11203", "P29_002": "A111320300192", "P29_003": "16011", "P29_004": "川口しらぎく幼稚園", "P29_005": "埼玉県川口市芝西2-7-35", "P29_006": "4", "P29_007": "0", "P29_008": "00", "P29_009": null }, "geometry": { "type": "Point", "coordinates": [ 139.687516817228442, 35.840689309343006 ] } },
{ "type": "Feature", "properties": { "P29_001": "11203", "P29_002": "A111320300209", "P29_003": "16011", "P29_004": "芝みずほ幼稚園", "P29_005": "埼玉県川口市小谷場199-1", "P29_006": "4", "P29_007": "0", "P29_008": "00", "P29_009": null }, "geometry": { "type": "Point", "coordinates": [ 139.681131994327245, 35.841492998405705 ] } },
{ "type": "Feature", "properties": { "P29_001": "11203", "P29_002": "A111320300218", "P29_003": "16011", "P29_004": "きぞろ幼稚園", "P29_005": "埼玉県川口市木曽呂838", "P29_006": "4", "P29_007": "0", "P29_008": "00", "P29_009": null }, "geometry": { "type": "Point", "coordinates": [ 139.723767005890522, 35.860881997573593 ] } },
{ "type": "Feature", "properties": { "P29_001": "11203", "P29_002": "A111320300227", "P29_003": "16011", "P29_004": "安行東光幼稚園", "P29_005": "埼玉県川口市安行原1625", "P29_006": "4", "P29_007": "0", "P29_008": "00", "P29_009": null }, "geometry": { "type": "Point", "coordinates": [ 139.7708380033732, 35.837337001925 ] } },
{ "type": "Feature", "properties": { "P29_001": "11203", "P29_002": "A111320300236", "P29_003": "16011", "P29_004": "川口あけぼの幼稚園", "P29_005": "埼玉県川口市元郷5-25-10", "P29_006": "4", "P29_007": "0", "P29_008": "00", "P29_009": null }, "geometry": { "type": "Point", "coordinates": [ 139.740252995804639, 35.798300003655015 ] } },
{ "type": "Feature", "properties": { "P29_001": "11203", "P29_002": "A111320300245", "P29_003": "16011", "P29_004": "しば幼稚園", "P29_005": "埼玉県川口市芝下1-2-26", "P29_006": "4", "P29_007": "0", "P29_008": "00", "P29_009": null }, "geometry": { "type": "Point", "coordinates": [ 139.701266994054492, 35.835490998363483 ] } },
{ "type": "Feature", "properties": { "P29_001": "11203", "P29_002": "A111320300254", "P29_003": "16011", "P29_004": "川口さかえ幼稚園", "P29_005": "埼玉県川口市芝下3-21-31", "P29_006": "4", "P29_007": "0", "P29_008": "00", "P29_009": null }, "geometry": { "type": "Point", "coordinates": [ 139.701807995983586, 35.839420998543225 ] } },
{ "type": "Feature", "properties": { "P29_001": "11203", "P29_002": "A111320300263", "P29_003": "16011", "P29_004": "ひのつめ幼稚園", "P29_005": "埼玉県川口市芝樋ノ爪2-8-25", "P29_006": "4", "P29_007": "0", "P29_008": "00", "P29_009": null }, "geometry": { "type": "Point", "coordinates": [ 139.686922754197013, 35.833228042510186 ] } },
{ "type": "Feature", "properties": { "P29_001": "11203", "P29_002": "A111320300272", "P29_003": "16011", "P29_004": "赤芝幼稚園", "P29_005": "埼玉県川口市赤芝新田540-1", "P29_006": "4", "P29_007": "0", "P29_008": "00", "P29_009": null }, "geometry": { "type": "Point", "coordinates": [ 139.750276107777069, 35.850720857620594 ] } },
{ "type": "Feature", "properties": { "P29_001": "11203", "P29_002": "A111320300281", "P29_003": "16011", "P29_004": "川口幼稚園", "P29_005": "埼玉県川口市木曽呂1425", "P29_006": "4", "P29_007": "0", "P29_008": "00", "P29_009": null }, "geometry": { "type": "Point", "coordinates": [ 139.714445003023059, 35.856515999311505 ] } },
{ "type": "Feature", "properties": { "P29_001": "11203", "P29_002": "A111320300290", "P29_003": "16011", "P29_004": "東川口幼稚園", "P29_005": "埼玉県川口市戸塚東3-8-25", "P29_006": "4", "P29_007": "0", "P29_008": "00", "P29_009": null }, "geometry": { "type": "Point", "coordinates": [ 139.754674997933222, 35.86738299601442 ] } },
{ "type": "Feature", "properties": { "P29_001": "11203", "P29_002": "A111320300307", "P29_003": "16011", "P29_004": "新郷松原幼稚園", "P29_005": "埼玉県川口市東本郷709-3", "P29_006": "4", "P29_007": "0", "P29_008": "00", "P29_009": null }, "geometry": { "type": "Point", "coordinates": [ 139.765533000617154, 35.8244699989474 ] } },
{ "type": "Feature", "properties": { "P29_001": "11203", "P29_002": "A111320300316", "P29_003": "16011", "P29_004": "川口くるみ幼稚園", "P29_005": "埼玉県川口市末広3-9-19", "P29_006": "4", "P29_007": "0", "P29_008": "00", "P29_009": null }, "geometry": { "type": "Point", "coordinates": [ 139.742625001425267, 35.804998998436602 ] } },
{ "type": "Feature", "properties": { "P29_001": "11203", "P29_002": "A111320300325", "P29_003": "16011", "P29_004": "芝園幼稚園", "P29_005": "埼玉県川口市芝園町3-16-1", "P29_006": "4", "P29_007": "0", "P29_008": "00", "P29_009": null }, "geometry": { "type": "Point", "coordinates": [ 139.685700944694219, 35.831782055012511 ] } },
{ "type": "Feature", "properties": { "P29_001": "11203", "P29_002": "A111320300334", "P29_003": "16011", "P29_004": "安行幼稚園", "P29_005": "埼玉県川口市大字安行領家1193", "P29_006": "4", "P29_007": "0", "P29_008": "00", "P29_009": null }, "geometry": { "type": "Point", "coordinates": [ 139.76090299938744, 35.849512997778909 ] } },
{ "type": "Feature", "properties": { "P29_001": "11203", "P29_002": "A111320300352", "P29_003": "16011", "P29_004": "ゆりかご幼稚園", "P29_005": "埼玉県川口市坂下町3-17-20", "P29_006": "4", "P29_007": "0", "P29_008": "00", "P29_009": null }, "geometry": { "type": "Point", "coordinates": [ 139.744217724564066, 35.828309974899874 ] } },
{ "type": "Feature", "properties": { "P29_001": "11203", "P29_002": "A111320300361", "P29_003": "16011", "P29_004": "たちばな幼稚園", "P29_005": "埼玉県川口市辻705", "P29_006": "4", "P29_007": "0", "P29_008": "00", "P29_009": null }, "geometry": { "type": "Point", "coordinates": [ 139.72958400226716, 35.825355997641623 ] } },
{ "type": "Feature", "properties": { "P29_001": "11203", "P29_002": "A111320300389", "P29_003": "16011", "P29_004": "みつわ幼稚園", "P29_005": "埼玉県川口市八幡木1-16-11", "P29_006": "4", "P29_007": "0", "P29_008": "00", "P29_009": null }, "geometry": { "type": "Point", "coordinates": [ 139.74701599834998, 35.820047000390893 ] } },
{ "type": "Feature", "properties": { "P29_001": "11203", "P29_002": "A111320300398", "P29_003": "16011", "P29_004": "やはぎ幼稚園", "P29_005": "埼玉県川口市南鳩ヶ谷3-9-1", "P29_006": "4", "P29_007": "0", "P29_008": "00", "P29_009": null }, "geometry": { "type": "Point", "coordinates": [ 139.7385109973672, 35.817777002972015 ] } },
{ "type": "Feature", "properties": { "P29_001": "11203", "P29_002": "A111320300405", "P29_003": "16011", "P29_004": "さと幼稚園", "P29_005": "埼玉県川口市里1155-5", "P29_006": "4", "P29_007": "0", "P29_008": "00", "P29_009": null }, "geometry": { "type": "Point", "coordinates": [ 139.729769998450593, 35.832492004330682 ] } },
{ "type": "Feature", "properties": { "P29_001": "11206", "P29_002": "A111320600019", "P29_003": "16011", "P29_004": "ホザナ幼稚園", "P29_005": "埼玉県行田市本丸11-20", "P29_006": "4", "P29_007": "0", "P29_008": "00", "P29_009": null }, "geometry": { "type": "Point", "coordinates": [ 139.452501569102935, 36.139400910384452 ] } },
{ "type": "Feature", "properties": { "P29_001": "11206", "P29_002": "A111320600028", "P29_003": "16011", "P29_004": "老本幼稚園", "P29_005": "埼玉県行田市旭町16-38", "P29_006": "4", "P29_007": "0", "P29_008": "00", "P29_009": null }, "geometry": { "type": "Point", "coordinates": [ 139.46720320576631, 36.139641744707646 ] } },
{ "type": "Feature", "properties": { "P29_001": "11206", "P29_002": "A111320600037", "P29_003": "16011", "P29_004": "富士見ケ丘幼稚園", "P29_005": "埼玉県行田市駒形1-9-7", "P29_006": "4", "P29_007": "0", "P29_008": "00", "P29_009": null }, "geometry": { "type": "Point", "coordinates": [ 139.45867300155291, 36.12900500049934 ] } },
{ "type": "Feature", "properties": { "P29_001": "11206", "P29_002": "A111320600046", "P29_003": "16011", "P29_004": "やなぎ幼稚園", "P29_005": "埼玉県行田市渡柳563-3", "P29_006": "4", "P29_007": "0", "P29_008": "00", "P29_009": null }, "geometry": { "type": "Point", "coordinates": [ 139.478788999408067, 36.115250000415976 ] } },
{ "type": "Feature", "properties": { "P29_001": "11206", "P29_002": "A111320600055", "P29_003": "16011", "P29_004": "やごうこども園", "P29_005": "埼玉県行田市谷郷2-5-1", "P29_006": "4", "P29_007": "0", "P29_008": "00", "P29_009": null }, "geometry": { "type": "Point", "coordinates": [ 139.461101995625739, 36.153578002761449 ] } },
{ "type": "Feature", "properties": { "P29_001": "11206", "P29_002": "A111320600064", "P29_003": "16011", "P29_004": "まつたけ幼稚園", "P29_005": "埼玉県行田市門井町2-19-9", "P29_006": "4", "P29_007": "0", "P29_008": "00", "P29_009": null }, "geometry": { "type": "Point", "coordinates": [ 139.443777995713333, 36.118483997055982 ] } },
{ "type": "Feature", "properties": { "P29_001": "11206", "P29_002": "A111320600073", "P29_003": "16011", "P29_004": "行田幼稚園", "P29_005": "埼玉県行田市富士見町2-27-5", "P29_006": "4", "P29_007": "0", "P29_008": "00", "P29_009": null }, "geometry": { "type": "Point", "coordinates": [ 139.474366916397202, 36.152370319317875 ] } },
{ "type": "Feature", "properties": { "P29_001": "11206", "P29_002": "A111320600082", "P29_003": "16011", "P29_004": "南河原幼稚園", "P29_005": "埼玉県行田市大字南河原777-2", "P29_006": "4", "P29_007": "0", "P29_008": "00", "P29_009": null }, "geometry": { "type": "Point", "coordinates": [ 139.43685500117013, 36.180377000633193 ] } },
{ "type": "Feature", "properties": { "P29_001": "11208", "P29_002": "A111320800017", "P29_003": "16011", "P29_004": "所沢文化幼稚園", "P29_005": "埼玉県所沢市星の宮1-2-25", "P29_006": "4", "P29_007": "0", "P29_008": "00", "P29_009": null }, "geometry": { "type": "Point", "coordinates": [ 139.464342498761624, 35.786287716354984 ] } },
{ "type": "Feature", "properties": { "P29_001": "11208", "P29_002": "A111320800026", "P29_003": "16011", "P29_004": "所沢富士幼稚園", "P29_005": "埼玉県所沢市元町10-16", "P29_006": "4", "P29_007": "0", "P29_008": "00", "P29_009": null }, "geometry": { "type": "Point", "coordinates": [ 139.463572385043051, 35.789780598241627 ] } },
{ "type": "Feature", "properties": { "P29_001": "11208", "P29_002": "A111320800035", "P29_003": "16011", "P29_004": "新所沢富士幼稚園", "P29_005": "埼玉県所沢市緑町4-15-32", "P29_006": "4", "P29_007": "0", "P29_008": "00", "P29_009": null }, "geometry": { "type": "Point", "coordinates": [ 139.449268996324179, 35.806444998256673 ] } },
{ "type": "Feature", "properties": { "P29_001": "11208", "P29_002": "A111320800044", "P29_003": "16011", "P29_004": "新所沢こひつじ幼稚園", "P29_005": "埼玉県所沢市緑町2-19-4", "P29_006": "4", "P29_007": "0", "P29_008": "00", "P29_009": null }, "geometry": { "type": "Point", "coordinates": [ 139.453661997832342, 35.802659999693944 ] } },
{ "type": "Feature", "properties": { "P29_001": "11208", "P29_002": "A111320800053", "P29_003": "16011", "P29_004": "新所沢幼稚園", "P29_005": "埼玉県所沢市美原町2-2929", "P29_006": "4", "P29_007": "0", "P29_008": "00", "P29_009": null }, "geometry": { "type": "Point", "coordinates": [ 139.458287997648, 35.810900003251604 ] } },
{ "type": "Feature", "properties": { "P29_001": "11208", "P29_002": "A111320800062", "P29_003": "16011", "P29_004": "所沢若草幼稚園", "P29_005": "埼玉県所沢市緑町3-22-15", "P29_006": "4", "P29_007": "0", "P29_008": "00", "P29_009": null }, "geometry": { "type": "Point", "coordinates": [ 139.448800002256206, 35.803355998714352 ] } },
{ "type": "Feature", "properties": { "P29_001": "11208", "P29_002": "A111320800071", "P29_003": "16011", "P29_004": "慈光幼稚園", "P29_005": "埼玉県所沢市下安松487", "P29_006": "4", "P29_007": "0", "P29_008": "00", "P29_009": null }, "geometry": { "type": "Point", "coordinates": [ 139.497686933271126, 35.784216864894695 ] } },
{ "type": "Feature", "properties": { "P29_001": "11208", "P29_002": "A111320800080", "P29_003": "16011", "P29_004": "所沢第二文化幼稚園", "P29_005": "埼玉県所沢市上安松1255-5", "P29_006": "4", "P29_007": "0", "P29_008": "00", "P29_009": null }, "geometry": { "type": "Point", "coordinates": [ 139.483164998927634, 35.791537000771463 ] } },
{ "type": "Feature", "properties": { "P29_001": "11208", "P29_002": "A111320800099", "P29_003": "16011", "P29_004": "すずらん幼稚園", "P29_005": "埼玉県所沢市北原町966-2", "P29_006": "4", "P29_007": "0", "P29_008": "00", "P29_009": null }, "geometry": { "type": "Point", "coordinates": [ 139.485240538144097, 35.80743822344882 ] } },
{ "type": "Feature", "properties": { "P29_001": "11208", "P29_002": "A111320800106", "P29_003": "16011", "P29_004": "美原幼稚園", "P29_005": "埼玉県所沢市美原町3-2958-3", "P29_006": "4", "P29_007": "0", "P29_008": "00", "P29_009": null }, "geometry": { "type": "Point", "coordinates": [ 139.459523997952658, 35.812592002125726 ] } },
{ "type": "Feature", "properties": { "P29_001": "11208", "P29_002": "A111320800115", "P29_003": "16011", "P29_004": "所沢第三文化幼稚園", "P29_005": "埼玉県所沢市山口5350", "P29_006": "4", "P29_007": "0", "P29_008": "00", "P29_009": null }, "geometry": { "type": "Point", "coordinates": [ 139.435173998347778, 35.78320300200933 ] } },
{ "type": "Feature", "properties": { "P29_001": "11208", "P29_002": "A111320800124", "P29_003": "16011", "P29_004": "三ヶ島幼稚園", "P29_005": "埼玉県所沢市三ヶ島3-1410", "P29_006": "4", "P29_007": "0", "P29_008": "00", "P29_009": null }, "geometry": { "type": "Point", "coordinates": [ 139.409331994014053, 35.794757002494954 ] } },
{ "type": "Feature", "properties": { "P29_001": "11208", "P29_002": "A111320800133", "P29_003": "16011", "P29_004": "こでまり幼稚園", "P29_005": "埼玉県所沢市狭山ヶ丘1-3015", "P29_006": "4", "P29_007": "0", "P29_008": "00", "P29_009": null }, "geometry": { "type": "Point", "coordinates": [ 139.414214005334998, 35.808029999989301 ] } },
{ "type": "Feature", "properties": { "P29_001": "11208", "P29_002": "A111320800142", "P29_003": "16011", "P29_004": "マルハ幼稚園", "P29_005": "埼玉県所沢市中新井4-15-7", "P29_006": "4", "P29_007": "0", "P29_008": "00", "P29_009": null }, "geometry": { "type": "Point", "coordinates": [ 139.474386001133809, 35.814421999325212 ] } },
{ "type": "Feature", "properties": { "P29_001": "11208", "P29_002": "A111320800151", "P29_003": "16011", "P29_004": "所沢第五文化幼稚園", "P29_005": "埼玉県所沢市荒幡442-1", "P29_006": "4", "P29_007": "0", "P29_008": "00", "P29_009": null }, "geometry": { "type": "Point", "coordinates": [ 139.45313970438923, 35.778052973650027 ] } },
{ "type": "Feature", "properties": { "P29_001": "11208", "P29_002": "A111320800160", "P29_003": "16011", "P29_004": "ミチル幼稚園", "P29_005": "埼玉県所沢市下富1100-2", "P29_006": "4", "P29_007": "0", "P29_008": "00", "P29_009": null }, "geometry": { "type": "Point", "coordinates": [ 139.451581684697402, 35.829649757878109 ] } },
{ "type": "Feature", "properties": { "P29_001": "11208", "P29_002": "A111320800179", "P29_003": "16011", "P29_004": "けやき幼稚園", "P29_005": "埼玉県所沢市牛沼324-1", "P29_006": "4", "P29_007": "0", "P29_008": "00", "P29_009": null }, "geometry": { "type": "Point", "coordinates": [ 139.485086002638013, 35.797353003258507 ] } },
{ "type": "Feature", "properties": { "P29_001": "11208", "P29_002": "A111320800188", "P29_003": "16011", "P29_004": "小手指幼稚園", "P29_005": "埼玉県所沢市小手指町2-12-1", "P29_006": "4", "P29_007": "0", "P29_008": "00", "P29_009": null }, "geometry": { "type": "Point", "coordinates": [ 139.436264998763733, 35.804363996778939 ] } },
{ "type": "Feature", "properties": { "P29_001": "11208", "P29_002": "A111320800197", "P29_003": "16011", "P29_004": "所沢ひまわり幼稚園", "P29_005": "埼玉県所沢市三ケ島4-2282", "P29_006": "4", "P29_007": "0", "P29_008": "00", "P29_009": null }, "geometry": { "type": "Point", "coordinates": [ 139.413690002873722, 35.798776001720341 ] } },
{ "type": "Feature", "properties": { "P29_001": "11209", "P29_002": "A111320900016", "P29_003": "16011", "P29_004": "飯能幼稚園", "P29_005": "埼玉県飯能市山手町9-14", "P29_006": "4", "P29_007": "0", "P29_008": "00", "P29_009": null }, "geometry": { "type": "Point", "coordinates": [ 139.312558553953494, 35.858070275806071 ] } },
{ "type": "Feature", "properties": { "P29_001": "11209", "P29_002": "A111320900025", "P29_003": "16011", "P29_004": "わかば幼稚園", "P29_005": "埼玉県飯能市大字小久保146", "P29_006": "4", "P29_007": "0", "P29_008": "00", "P29_009": null }, "geometry": { "type": "Point", "coordinates": [ 139.3413999973248, 35.866392003959795 ] } },
{ "type": "Feature", "properties": { "P29_001": "11209", "P29_002": "A111320900034", "P29_003": "16011", "P29_004": "大東幼稚園", "P29_005": "埼玉県飯能市永田530", "P29_006": "4", "P29_007": "0", "P29_008": "00", "P29_009": null }, "geometry": { "type": "Point", "coordinates": [ 139.295953153121445, 35.860990809801706 ] } },
{ "type": "Feature", "properties": { "P29_001": "11209", "P29_002": "A111320900043", "P29_003": "16011", "P29_004": "加治幼稚園", "P29_005": "埼玉県飯能市川寺462-2", "P29_006": "4", "P29_007": "0", "P29_008": "00", "P29_009": null }, "geometry": { "type": "Point", "coordinates": [ 139.327311998186417, 35.843899003227968 ] } },
{ "type": "Feature", "properties": { "P29_001": "11210", "P29_002": "A111321000013", "P29_003": "16011", "P29_004": "花咲幼稚園", "P29_005": "埼玉県加須市大室255-1", "P29_006": "4", "P29_007": "0", "P29_008": "00", "P29_009": null }, "geometry": { "type": "Point", "coordinates": [ 139.618001003914429, 36.102335998222486 ] } },
{ "type": "Feature", "properties": { "P29_001": "11211", "P29_002": "A111321100012", "P29_003": "16011", "P29_004": "若泉幼稚園", "P29_005": "埼玉県本庄市北堀209", "P29_006": "4", "P29_007": "0", "P29_008": "00", "P29_009": null }, "geometry": { "type": "Point", "coordinates": [ 139.189496002124116, 36.220260998964299 ] } },
{ "type": "Feature", "properties": { "P29_001": "11211", "P29_002": "A111321100021", "P29_003": "16011", "P29_004": "本庄すみれ幼稚園", "P29_005": "埼玉県本庄市西五十子3-6-24", "P29_006": "4", "P29_007": "0", "P29_008": "00", "P29_009": null }, "geometry": { "type": "Point", "coordinates": [ 139.199551371325754, 36.227096380960027 ] } },
{ "type": "Feature", "properties": { "P29_001": "11211", "P29_002": "A111321100030", "P29_003": "16011", "P29_004": "本庄青葉幼稚園", "P29_005": "埼玉県本庄市小島南2-6-39", "P29_006": "4", "P29_007": "0", "P29_008": "00", "P29_009": null }, "geometry": { "type": "Point", "coordinates": [ 139.167782000164806, 36.240602997602629 ] } },
{ "type": "Feature", "properties": { "P29_001": "11211", "P29_002": "A111321100049", "P29_003": "16011", "P29_004": "本庄旭幼稚園", "P29_005": "埼玉県本庄市小島395-2", "P29_006": "4", "P29_007": "0", "P29_008": "00", "P29_009": null }, "geometry": { "type": "Point", "coordinates": [ 139.166166244441854, 36.254723062253731 ] } },
{ "type": "Feature", "properties": { "P29_001": "11212", "P29_002": "A111321200011", "P29_003": "16011", "P29_004": "認定こども園松山聖ルカ幼稚園", "P29_005": "埼玉県東松山市下青鳥1382-16", "P29_006": "4", "P29_007": "0", "P29_008": "00", "P29_009": null }, "geometry": { "type": "Point", "coordinates": [ 139.387770996485472, 36.030777000019981 ] } },
{ "type": "Feature", "properties": { "P29_001": "11212", "P29_002": "A111321200020", "P29_003": "16011", "P29_004": "松山幼稚園", "P29_005": "埼玉県東松山市松葉町1-26-20", "P29_006": "4", "P29_007": "0", "P29_008": "00", "P29_009": null }, "geometry": { "type": "Point", "coordinates": [ 139.39809499675286, 36.041235001456734 ] } },
{ "type": "Feature", "properties": { "P29_001": "11212", "P29_002": "A111321200039", "P29_003": "16011", "P29_004": "ひさみ幼稚園", "P29_005": "埼玉県東松山市柏崎337-4", "P29_006": "4", "P29_007": "0", "P29_008": "00", "P29_009": null }, "geometry": { "type": "Point", "coordinates": [ 139.423818012029756, 36.026316755271971 ] } },
{ "type": "Feature", "properties": { "P29_001": "11212", "P29_002": "A111321200048", "P29_003": "16011", "P29_004": "松山南幼稚園", "P29_005": "埼玉県東松山市箭弓町2-7-25", "P29_006": "4", "P29_007": "0", "P29_008": "00", "P29_009": null }, "geometry": { "type": "Point", "coordinates": [ 139.397230995920779, 36.033244000438799 ] } },
{ "type": "Feature", "properties": { "P29_001": "11212", "P29_002": "A111321200057", "P29_003": "16011", "P29_004": "東平幼稚園", "P29_005": "埼玉県東松山市大字東平1518", "P29_006": "4", "P29_007": "0", "P29_008": "00", "P29_009": null }, "geometry": { "type": "Point", "coordinates": [ 139.406671995066034, 36.063526998490573 ] } },
{ "type": "Feature", "properties": { "P29_001": "11212", "P29_002": "A111321200066", "P29_003": "16011", "P29_004": "東松認定こども園げんき", "P29_005": "埼玉県東松山市石橋1761", "P29_006": "4", "P29_007": "0", "P29_008": "00", "P29_009": null }, "geometry": { "type": "Point", "coordinates": [ 139.374069384752659, 36.039342056682017 ] } },
{ "type": "Feature", "properties": { "P29_001": "11212", "P29_002": "A111321200075", "P29_003": "16011", "P29_004": "新明幼稚園", "P29_005": "埼玉県東松山市新宿町23-7", "P29_006": "4", "P29_007": "0", "P29_008": "00", "P29_009": null }, "geometry": { "type": "Point", "coordinates": [ 139.422440001232928, 36.033405001352257 ] } },
{ "type": "Feature", "properties": { "P29_001": "11212", "P29_002": "A111321200084", "P29_003": "16011", "P29_004": "高坂幼稚園", "P29_005": "埼玉県東松山市高坂1019-7", "P29_006": "4", "P29_007": "0", "P29_008": "00", "P29_009": null }, "geometry": { "type": "Point", "coordinates": [ 139.400490001947986, 36.001830998802959 ] } },
{ "type": "Feature", "properties": { "P29_001": "11214", "P29_002": "A111321400019", "P29_003": "16011", "P29_004": "認定こども園春日部幼稚園", "P29_005": "埼玉県春日部市粕壁東3-14-24", "P29_006": "4", "P29_007": "0", "P29_008": "00", "P29_009": null }, "geometry": { "type": "Point", "coordinates": [ 139.760372000281961, 35.977361998445133 ] } },
{ "type": "Feature", "properties": { "P29_001": "11214", "P29_002": "A111321400028", "P29_003": "16011", "P29_004": "真由美幼稚園", "P29_005": "埼玉県春日部市粕壁東2-16-65", "P29_006": "4", "P29_007": "0", "P29_008": "00", "P29_009": null }, "geometry": { "type": "Point", "coordinates": [ 139.762413182598181, 35.982583079786011 ] } },
{ "type": "Feature", "properties": { "P29_001": "11214", "P29_002": "A111321400037", "P29_003": "16011", "P29_004": "武里観音幼稚園", "P29_005": "埼玉県春日部市大枝766-1", "P29_006": "4", "P29_007": "0", "P29_008": "00", "P29_009": null }, "geometry": { "type": "Point", "coordinates": [ 139.775537004269609, 35.945061001847392 ] } },
{ "type": "Feature", "properties": { "P29_001": "11214", "P29_002": "A111321400046", "P29_003": "16011", "P29_004": "武里白百合幼稚園", "P29_005": "埼玉県春日部市大場213", "P29_006": "4", "P29_007": "0", "P29_008": "00", "P29_009": null }, "geometry": { "type": "Point", "coordinates": [ 139.760714634482667, 35.946138881359637 ] } },
{ "type": "Feature", "properties": { "P29_001": "11214", "P29_002": "A111321400055", "P29_003": "16011", "P29_004": "ひかり第二幼稚園", "P29_005": "埼玉県春日部市南3-18-22", "P29_006": "4", "P29_007": "0", "P29_008": "00", "P29_009": null }, "geometry": { "type": "Point", "coordinates": [ 139.762819005155137, 35.970803995702681 ] } },
{ "type": "Feature", "properties": { "P29_001": "11214", "P29_002": "A111321400064", "P29_003": "16011", "P29_004": "一の割幼稚園", "P29_005": "埼玉県春日部市藤塚736", "P29_006": "4", "P29_007": "0", "P29_008": "00", "P29_009": null }, "geometry": { "type": "Point", "coordinates": [ 139.773433609610095, 35.968420885614833 ] } },
{ "type": "Feature", "properties": { "P29_001": "11214", "P29_002": "A111321400073", "P29_003": "16011", "P29_004": "藤塚幼稚園", "P29_005": "埼玉県春日部市藤塚1160", "P29_006": "4", "P29_007": "0", "P29_008": "00", "P29_009": null }, "geometry": { "type": "Point", "coordinates": [ 139.777013002082754, 35.971399000684684 ] } },
{ "type": "Feature", "properties": { "P29_001": "11214", "P29_002": "A111321400082", "P29_003": "16011", "P29_004": "第二白百合幼稚園", "P29_005": "埼玉県春日部市大枝89", "P29_006": "4", "P29_007": "0", "P29_008": "00", "P29_009": null }, "geometry": { "type": "Point", "coordinates": [ 139.765424687205723, 35.944620439854113 ] } },
{ "type": "Feature", "properties": { "P29_001": "11214", "P29_002": "A111321400091", "P29_003": "16011", "P29_004": "ルネサンス呑竜幼稚園", "P29_005": "埼玉県春日部市一ノ割1-29-1", "P29_006": "4", "P29_007": "0", "P29_008": "00", "P29_009": null }, "geometry": { "type": "Point", "coordinates": [ 139.763231001956001, 35.961971999352357 ] } },
{ "type": "Feature", "properties": { "P29_001": "11214", "P29_002": "A111321400108", "P29_003": "16011", "P29_004": "牛島幼稚園", "P29_005": "埼玉県春日部市牛島736-1", "P29_006": "4", "P29_007": "0", "P29_008": "00", "P29_009": null }, "geometry": { "type": "Point", "coordinates": [ 139.774745497623599, 35.987400336327639 ] } },
{ "type": "Feature", "properties": { "P29_001": "11214", "P29_002": "A111321400117", "P29_003": "16011", "P29_004": "春日部成就院幼稚園", "P29_005": "埼玉県春日部市大字上大増新田272-1", "P29_006": "4", "P29_007": "0", "P29_008": "00", "P29_009": null }, "geometry": { "type": "Point", "coordinates": [ 139.739957999032271, 35.95926400327167 ] } },
{ "type": "Feature", "properties": { "P29_001": "11214", "P29_002": "A111321400135", "P29_003": "16011", "P29_004": "清秀幼稚園", "P29_005": "埼玉県春日部市南中曽根757-1", "P29_006": "4", "P29_007": "0", "P29_008": "00", "P29_009": null }, "geometry": { "type": "Point", "coordinates": [ 139.732388997629272, 35.973993001320906 ] } },
{ "type": "Feature", "properties": { "P29_001": "11214", "P29_002": "A111321400144", "P29_003": "16011", "P29_004": "花積幼稚園", "P29_005": "埼玉県春日部市下蛭田16-1", "P29_006": "4", "P29_007": "0", "P29_008": "00", "P29_009": null }, "geometry": { "type": "Point", "coordinates": [ 139.71921982333842, 35.963709081091942 ] } },
{ "type": "Feature", "properties": { "P29_001": "11214", "P29_002": "A111321400153", "P29_003": "16011", "P29_004": "桃園幼稚園", "P29_005": "埼玉県春日部市小渕2060-2", "P29_006": "4", "P29_007": "0", "P29_008": "00", "P29_009": null }, "geometry": { "type": "Point", "coordinates": [ 139.746334556106802, 35.993823622259768 ] } },
{ "type": "Feature", "properties": { "P29_001": "11214", "P29_002": "A111321400162", "P29_003": "16011", "P29_004": "庄和幼稚園", "P29_005": "埼玉県春日部市米島725", "P29_006": "4", "P29_007": "0", "P29_008": "00", "P29_009": null }, "geometry": { "type": "Point", "coordinates": [ 139.810624000278892, 35.977456995341733 ] } },
{ "type": "Feature", "properties": { "P29_001": "11214", "P29_002": "A111321400171", "P29_003": "16011", "P29_004": "庄和こばと幼稚園", "P29_005": "埼玉県春日部市西金野井1839", "P29_006": "4", "P29_007": "0", "P29_008": "00", "P29_009": null }, "geometry": { "type": "Point", "coordinates": [ 139.818095084224922, 35.985535768151124 ] } },
{ "type": "Feature", "properties": { "P29_001": "11214", "P29_002": "A111321400180", "P29_003": "16011", "P29_004": "庄和すずらん幼稚園", "P29_005": "埼玉県春日部市米島63", "P29_006": "4", "P29_007": "0", "P29_008": "00", "P29_009": null }, "geometry": { "type": "Point", "coordinates": [ 139.80075539703887, 35.978044422498961 ] } },
{ "type": "Feature", "properties": { "P29_001": "11215", "P29_002": "A111321500018", "P29_003": "16011", "P29_004": "金剛幼稚園", "P29_005": "埼玉県狭山市水野461-3", "P29_006": "4", "P29_007": "0", "P29_008": "00", "P29_009": null }, "geometry": { "type": "Point", "coordinates": [ 139.431425995886229, 35.830549997039697 ] } },
{ "type": "Feature", "properties": { "P29_001": "11215", "P29_002": "A111321500027", "P29_003": "16011", "P29_004": "学校法人石川学園狭山ひかり幼稚園", "P29_005": "埼玉県狭山市鵜ノ木7-18", "P29_006": "4", "P29_007": "0", "P29_008": "00", "P29_009": null }, "geometry": { "type": "Point", "coordinates": [ 139.394492256127791, 35.852164568863131 ] } },
{ "type": "Feature", "properties": { "P29_001": "11215", "P29_002": "A111321500036", "P29_003": "16011", "P29_004": "しいのみ幼稚園", "P29_005": "埼玉県狭山市北入曽395", "P29_006": "4", "P29_007": "0", "P29_008": "00", "P29_009": null }, "geometry": { "type": "Point", "coordinates": [ 139.431033456380845, 35.840393695291901 ] } },
{ "type": "Feature", "properties": { "P29_001": "11215", "P29_002": "A111321500045", "P29_003": "16011", "P29_004": "さやま幼稚園", "P29_005": "埼玉県狭山市中央3-11-37", "P29_006": "4", "P29_007": "0", "P29_008": "00", "P29_009": null }, "geometry": { "type": "Point", "coordinates": [ 139.427495001879663, 35.852893999326149 ] } },
{ "type": "Feature", "properties": { "P29_001": "11215", "P29_002": "A111321500054", "P29_003": "16011", "P29_004": "みつぎ幼稚園", "P29_005": "埼玉県狭山市東三ツ木184-1", "P29_006": "4", "P29_007": "0", "P29_008": "00", "P29_009": null }, "geometry": { "type": "Point", "coordinates": [ 139.433240996357966, 35.870216998982123 ] } },
{ "type": "Feature", "properties": { "P29_001": "11215", "P29_002": "A111321500063", "P29_003": "16011", "P29_004": "風の森狭山台みどり幼稚園", "P29_005": "埼玉県狭山市入間川字下向沢1128-7", "P29_006": "4", "P29_007": "0", "P29_008": "00", "P29_009": null }, "geometry": { "type": "Point", "coordinates": [ 139.4309910004676, 35.862749001229005 ] } },
{ "type": "Feature", "properties": { "P29_001": "11215", "P29_002": "A111321500072", "P29_003": "16011", "P29_004": "武蔵野短期大学附属幼稚園", "P29_005": "埼玉県狭山市広瀬1110", "P29_006": "4", "P29_007": "0", "P29_008": "00", "P29_009": null }, "geometry": { "type": "Point", "coordinates": [ 139.382628994981275, 35.865975003595473 ] } },
{ "type": "Feature", "properties": { "P29_001": "11216", "P29_002": "A111321600017", "P29_003": "16011", "P29_004": "増子幼稚園", "P29_005": "埼玉県羽生市東2-4-41", "P29_006": "4", "P29_007": "0", "P29_008": "00", "P29_009": null }, "geometry": { "type": "Point", "coordinates": [ 139.543799160288955, 36.174907271091485 ] } },
{ "type": "Feature", "properties": { "P29_001": "11216", "P29_002": "A111321600026", "P29_003": "16011", "P29_004": "認定こども園建福寺幼稚園", "P29_005": "埼玉県羽生市南1-3-12", "P29_006": "4", "P29_007": "0", "P29_008": "00", "P29_009": null }, "geometry": { "type": "Point", "coordinates": [ 139.536234999557138, 36.170312003387068 ] } },
{ "type": "Feature", "properties": { "P29_001": "11216", "P29_002": "A111321600035", "P29_003": "16011", "P29_004": "春山幼稚園", "P29_005": "埼玉県羽生市稲子37-1", "P29_006": "4", "P29_007": "0", "P29_008": "00", "P29_009": null }, "geometry": { "type": "Point", "coordinates": [ 139.547001780084912, 36.182933366406267 ] } },
{ "type": "Feature", "properties": { "P29_001": "11217", "P29_002": "A111321700025", "P29_003": "16011", "P29_004": "鴻巣幼稚園", "P29_005": "埼玉県鴻巣市本町6-3-4", "P29_006": "4", "P29_007": "0", "P29_008": "00", "P29_009": null }, "geometry": { "type": "Point", "coordinates": [ 139.515697000271246, 36.058053001339864 ] } },
{ "type": "Feature", "properties": { "P29_001": "11217", "P29_002": "A111321700034", "P29_003": "16011", "P29_004": "箕田幼稚園", "P29_005": "埼玉県鴻巣市箕田327-3", "P29_006": "4", "P29_007": "0", "P29_008": "00", "P29_009": null }, "geometry": { "type": "Point", "coordinates": [ 139.479985004318564, 36.075285998134532 ] } },
{ "type": "Feature", "properties": { "P29_001": "11217", "P29_002": "A111321700043", "P29_003": "16011", "P29_004": "鴻巣ひかり幼稚園", "P29_005": "埼玉県鴻巣市上谷1950-1", "P29_006": "4", "P29_007": "0", "P29_008": "00", "P29_009": null }, "geometry": { "type": "Point", "coordinates": [ 139.537215998423619, 36.057585001780915 ] } },
{ "type": "Feature", "properties": { "P29_001": "11217", "P29_002": "A111321700052", "P29_003": "16011", "P29_004": "大日幼稚園", "P29_005": "埼玉県鴻巣市荊原1", "P29_006": "4", "P29_007": "0", "P29_008": "00", "P29_009": null }, "geometry": { "type": "Point", "coordinates": [ 139.437527610900901, 36.100741051530662 ] } },
{ "type": "Feature", "properties": { "P29_001": "11217", "P29_002": "A111321700061", "P29_003": "16011", "P29_004": "吹上中央幼稚園", "P29_005": "埼玉県鴻巣市吹上富士見1-14-25", "P29_006": "4", "P29_007": "0", "P29_008": "00", "P29_009": null }, "geometry": { "type": "Point", "coordinates": [ 139.453213993977641, 36.099842003620978 ] } },
{ "type": "Feature", "properties": { "P29_001": "11218", "P29_002": "A111321800015", "P29_003": "16011", "P29_004": "川本若竹幼稚園", "P29_005": "埼玉県深谷市長在家172", "P29_006": "4", "P29_007": "0", "P29_008": "00", "P29_009": null }, "geometry": { "type": "Point", "coordinates": [ 139.287922999836979, 36.146687001050459 ] } },
{ "type": "Feature", "properties": { "P29_001": "11219", "P29_002": "A111321900014", "P29_003": "16011", "P29_004": "上尾幼稚園", "P29_005": "埼玉県上尾市仲町2-1-14", "P29_006": "4", "P29_007": "0", "P29_008": "00", "P29_009": null }, "geometry": { "type": "Point", "coordinates": [ 139.592691994116649, 35.974427003450167 ] } },
{ "type": "Feature", "properties": { "P29_001": "11219", "P29_002": "A111321900023", "P29_003": "16011", "P29_004": "ひかわ幼稚園", "P29_005": "埼玉県上尾市二ッ宮864", "P29_006": "4", "P29_007": "0", "P29_008": "00", "P29_009": null }, "geometry": { "type": "Point", "coordinates": [ 139.603623027221403, 35.978675985223468 ] } },
{ "type": "Feature", "properties": { "P29_001": "11219", "P29_002": "A111321900032", "P29_003": "16011", "P29_004": "上尾富士見幼稚園", "P29_005": "埼玉県上尾市富士見2-3-33", "P29_006": "4", "P29_007": "0", "P29_008": "00", "P29_009": null }, "geometry": { "type": "Point", "coordinates": [ 139.582991653830049, 35.969530715563934 ] } },
{ "type": "Feature", "properties": { "P29_001": "11219", "P29_002": "A111321900041", "P29_003": "16011", "P29_004": "上尾みずほ幼稚園", "P29_005": "埼玉県上尾市原市50-3", "P29_006": "4", "P29_007": "0", "P29_008": "00", "P29_009": null }, "geometry": { "type": "Point", "coordinates": [ 139.630649997827049, 35.954131996972436 ] } },
{ "type": "Feature", "properties": { "P29_001": "11219", "P29_002": "A111321900050", "P29_003": "16011", "P29_004": "尾山台幼稚園", "P29_005": "埼玉県上尾市瓦葺2716", "P29_006": "4", "P29_007": "0", "P29_008": "00", "P29_009": null }, "geometry": { "type": "Point", "coordinates": [ 139.640847981022716, 35.958459750250249 ] } },
{ "type": "Feature", "properties": { "P29_001": "11219", "P29_002": "A111321900069", "P29_003": "16011", "P29_004": "花園幼稚園", "P29_005": "埼玉県上尾市中妻2-13-2", "P29_006": "4", "P29_007": "0", "P29_008": "00", "P29_009": null }, "geometry": { "type": "Point", "coordinates": [ 139.57067368999779, 35.982731958477892 ] } },
{ "type": "Feature", "properties": { "P29_001": "11219", "P29_002": "A111321900078", "P29_003": "16011", "P29_004": "上尾寿幼稚園", "P29_005": "埼玉県上尾市上1521", "P29_006": "4", "P29_007": "0", "P29_008": "00", "P29_009": null }, "geometry": { "type": "Point", "coordinates": [ 139.577234720127507, 36.001750605914914 ] } },
{ "type": "Feature", "properties": { "P29_001": "11219", "P29_002": "A111321900087", "P29_003": "16011", "P29_004": "上尾みどりが丘幼稚園", "P29_005": "埼玉県上尾市緑丘4-13-13", "P29_006": "4", "P29_007": "0", "P29_008": "00", "P29_009": null }, "geometry": { "type": "Point", "coordinates": [ 139.586808002256049, 35.985697999063646 ] } },
{ "type": "Feature", "properties": { "P29_001": "11219", "P29_002": "A111321900103", "P29_003": "16011", "P29_004": "上尾いずみ幼稚園", "P29_005": "埼玉県上尾市堤崎356-1", "P29_006": "4", "P29_007": "0", "P29_008": "00", "P29_009": null }, "geometry": { "type": "Point", "coordinates": [ 139.576837821205856, 35.947086701992625 ] } },
{ "type": "Feature", "properties": { "P29_001": "11219", "P29_002": "A111321900112", "P29_003": "16011", "P29_004": "妙厳寺幼稚園", "P29_005": "埼玉県上尾市原市977-2", "P29_006": "4", "P29_007": "0", "P29_008": "00", "P29_009": null }, "geometry": { "type": "Point", "coordinates": [ 139.615426004342964, 35.971797001045097 ] } },
{ "type": "Feature", "properties": { "P29_001": "11219", "P29_002": "A111321900121", "P29_003": "16011", "P29_004": "星野学園幼稚園", "P29_005": "埼玉県上尾市大字小敷谷858-2", "P29_006": "4", "P29_007": "0", "P29_008": "00", "P29_009": null }, "geometry": { "type": "Point", "coordinates": [ 139.559486943828688, 35.964885763471905 ] } },
{ "type": "Feature", "properties": { "P29_001": "11219", "P29_002": "A111321900130", "P29_003": "16011", "P29_004": "浅間台幼稚園", "P29_005": "埼玉県上尾市弁財2-5-3", "P29_006": "4", "P29_007": "0", "P29_008": "00", "P29_009": null }, "geometry": { "type": "Point", "coordinates": [ 139.576064998947231, 35.975306999989165 ] } },
{ "type": "Feature", "properties": { "P29_001": "11219", "P29_002": "A111321900149", "P29_003": "16011", "P29_004": "双葉台幼稚園", "P29_005": "埼玉県上尾市川207", "P29_006": "4", "P29_007": "0", "P29_008": "00", "P29_009": null }, "geometry": { "type": "Point", "coordinates": [ 139.575526733179458, 35.965701035932049 ] } },
{ "type": "Feature", "properties": { "P29_001": "11219", "P29_002": "A111321900158", "P29_003": "16011", "P29_004": "上尾寿第二幼稚園", "P29_005": "埼玉県上尾市二ツ宮1087", "P29_006": "4", "P29_007": "0", "P29_008": "00", "P29_009": null }, "geometry": { "type": "Point", "coordinates": [ 139.600432776181833, 35.98422915072387 ] } },
{ "type": "Feature", "properties": { "P29_001": "11219", "P29_002": "A111321900167", "P29_003": "16011", "P29_004": "カオル幼稚園", "P29_005": "埼玉県上尾市藤波4-125", "P29_006": "4", "P29_007": "0", "P29_008": "00", "P29_009": null }, "geometry": { "type": "Point", "coordinates": [ 139.547711998758416, 35.987708998243278 ] } },
{ "type": "Feature", "properties": { "P29_001": "11219", "P29_002": "A111321900176", "P29_003": "16011", "P29_004": "みやした幼稚園", "P29_005": "埼玉県上尾市西宮下1-68", "P29_006": "4", "P29_007": "0", "P29_008": "00", "P29_009": null }, "geometry": { "type": "Point", "coordinates": [ 139.591000478425002, 35.967059499606776 ] } },
{ "type": "Feature", "properties": { "P29_001": "11221", "P29_002": "A111322100010", "P29_003": "16011", "P29_004": "谷塚幼稚園", "P29_005": "埼玉県草加市瀬崎2-37-3", "P29_006": "4", "P29_007": "0", "P29_008": "00", "P29_009": null }, "geometry": { "type": "Point", "coordinates": [ 139.803556996019154, 35.813778003831139 ] } },
{ "type": "Feature", "properties": { "P29_001": "11221", "P29_002": "A111322100029", "P29_003": "16011", "P29_004": "ルミ幼稚園", "P29_005": "埼玉県草加市住吉1-6-22", "P29_006": "4", "P29_007": "0", "P29_008": "00", "P29_009": null }, "geometry": { "type": "Point", "coordinates": [ 139.804162995947479, 35.830569999154555 ] } },
{ "type": "Feature", "properties": { "P29_001": "11221", "P29_002": "A111322100038", "P29_003": "16011", "P29_004": "いなり幼稚園", "P29_005": "埼玉県草加市稲荷4-22-5", "P29_006": "4", "P29_007": "0", "P29_008": "00", "P29_009": null }, "geometry": { "type": "Point", "coordinates": [ 139.824999004033089, 35.835824996068702 ] } },
{ "type": "Feature", "properties": { "P29_001": "11221", "P29_002": "A111322100047", "P29_003": "16011", "P29_004": "草加みどり幼稚園", "P29_005": "埼玉県草加市栄町3-3-12", "P29_006": "4", "P29_007": "0", "P29_008": "00", "P29_009": null }, "geometry": { "type": "Point", "coordinates": [ 139.801252415406452, 35.845121949831238 ] } },
{ "type": "Feature", "properties": { "P29_001": "11221", "P29_002": "A111322100056", "P29_003": "16011", "P29_004": "青徳幼稚園", "P29_005": "埼玉県草加市青柳7-19-26", "P29_006": "4", "P29_007": "0", "P29_008": "00", "P29_009": null }, "geometry": { "type": "Point", "coordinates": [ 139.817068423101205, 35.856068513422876 ] } },
{ "type": "Feature", "properties": { "P29_001": "11221", "P29_002": "A111322100065", "P29_003": "16011", "P29_004": "ひかり幼稚園", "P29_005": "埼玉県草加市松原2-1-1", "P29_006": "4", "P29_007": "0", "P29_008": "00", "P29_009": null }, "geometry": { "type": "Point", "coordinates": [ 139.797308185728753, 35.843080142174131 ] } },
{ "type": "Feature", "properties": { "P29_001": "11221", "P29_002": "A111322100074", "P29_003": "16011", "P29_004": "草加ひまわり幼稚園", "P29_005": "埼玉県草加市松原3-1-1", "P29_006": "4", "P29_007": "0", "P29_008": "00", "P29_009": null }, "geometry": { "type": "Point", "coordinates": [ 139.793907998510235, 35.842931995558921 ] } },
{ "type": "Feature", "properties": { "P29_001": "11221", "P29_002": "A111322100083", "P29_003": "16011", "P29_004": "草加藤幼稚園", "P29_005": "埼玉県草加市松原4-4-2", "P29_006": "4", "P29_007": "0", "P29_008": "00", "P29_009": null }, "geometry": { "type": "Point", "coordinates": [ 139.790018996659342, 35.842660000141599 ] } },
{ "type": "Feature", "properties": { "P29_001": "11221", "P29_002": "A111322100092", "P29_003": "16011", "P29_004": "谷塚おざわ幼稚園", "P29_005": "埼玉県草加市谷塚町1328-1", "P29_006": "4", "P29_007": "0", "P29_008": "00", "P29_009": null }, "geometry": { "type": "Point", "coordinates": [ 139.797721997968125, 35.817578002438744 ] } },
{ "type": "Feature", "properties": { "P29_001": "11221", "P29_002": "A111322100109", "P29_003": "16011", "P29_004": "新田幼稚園", "P29_005": "埼玉県草加市金明町650", "P29_006": "4", "P29_007": "0", "P29_008": "00", "P29_009": null }, "geometry": { "type": "Point", "coordinates": [ 139.791201997975975, 35.853594999895542 ] } },
{ "type": "Feature", "properties": { "P29_001": "11221", "P29_002": "A111322100118", "P29_003": "16011", "P29_004": "草加氷川幼稚園", "P29_005": "埼玉県草加市氷川町675", "P29_006": "4", "P29_007": "0", "P29_008": "00", "P29_009": null }, "geometry": { "type": "Point", "coordinates": [ 139.797490000660929, 35.82566419310912 ] } },
{ "type": "Feature", "properties": { "P29_001": "11221", "P29_002": "A111322100127", "P29_003": "16011", "P29_004": "みのべ幼稚園", "P29_005": "埼玉県草加市北谷2-31-1", "P29_006": "4", "P29_007": "0", "P29_008": "00", "P29_009": null }, "geometry": { "type": "Point", "coordinates": [ 139.780470004368397, 35.844597996605941 ] } },
{ "type": "Feature", "properties": { "P29_001": "11221", "P29_002": "A111322100136", "P29_003": "16011", "P29_004": "草加ひので幼稚園", "P29_005": "埼玉県草加市中根2-12-35", "P29_006": "4", "P29_007": "0", "P29_008": "00", "P29_009": null }, "geometry": { "type": "Point", "coordinates": [ 139.808169998756483, 35.847529003264412 ] } },
{ "type": "Feature", "properties": { "P29_001": "11221", "P29_002": "A111322100145", "P29_003": "16011", "P29_004": "清門幼稚園", "P29_005": "埼玉県草加市清門町3-12-1", "P29_006": "4", "P29_007": "0", "P29_008": "00", "P29_009": null }, "geometry": { "type": "Point", "coordinates": [ 139.780950544816193, 35.854543224108497 ] } },
{ "type": "Feature", "properties": { "P29_001": "11221", "P29_002": "A111322100154", "P29_003": "16011", "P29_004": "フラワー幼稚園", "P29_005": "埼玉県草加市西町1005-1", "P29_006": "4", "P29_007": "0", "P29_008": "00", "P29_009": null }, "geometry": { "type": "Point", "coordinates": [ 139.789331002027097, 35.833316996633044 ] } },
{ "type": "Feature", "properties": { "P29_001": "11222", "P29_002": "A111322200019", "P29_003": "16011", "P29_004": "あゆみ幼稚園", "P29_005": "埼玉県越谷市恩間新田221", "P29_006": "4", "P29_007": "0", "P29_008": "00", "P29_009": null }, "geometry": { "type": "Point", "coordinates": [ 139.756001995120414, 35.939753002198515 ] } },
{ "type": "Feature", "properties": { "P29_001": "11222", "P29_002": "A111322200028", "P29_003": "16011", "P29_004": "越谷幼稚園", "P29_005": "埼玉県越谷市御殿町4-33", "P29_006": "4", "P29_007": "0", "P29_008": "00", "P29_009": null }, "geometry": { "type": "Point", "coordinates": [ 139.788042673471892, 35.896379015209838 ] } },
{ "type": "Feature", "properties": { "P29_001": "11222", "P29_002": "A111322200037", "P29_003": "16011", "P29_004": "萩原第一幼稚園", "P29_005": "埼玉県越谷市赤山本町3-13", "P29_006": "4", "P29_007": "0", "P29_008": "00", "P29_009": null }, "geometry": { "type": "Point", "coordinates": [ 139.784504996557359, 35.887474996033376 ] } },
{ "type": "Feature", "properties": { "P29_001": "11222", "P29_002": "A111322200046", "P29_003": "16011", "P29_004": "照蓮院さくら幼稚園", "P29_005": "埼玉県越谷市瓦曽根1-5-43", "P29_006": "4", "P29_007": "0", "P29_008": "00", "P29_009": null }, "geometry": { "type": "Point", "coordinates": [ 139.792043002356536, 35.886522997455131 ] } },
{ "type": "Feature", "properties": { "P29_001": "11222", "P29_002": "A111322200055", "P29_003": "16011", "P29_004": "越谷わかば幼稚園", "P29_005": "埼玉県越谷市南越谷5-20-5", "P29_006": "4", "P29_007": "0", "P29_008": "00", "P29_009": null }, "geometry": { "type": "Point", "coordinates": [ 139.786260999619799, 35.870505995468854 ] } },
{ "type": "Feature", "properties": { "P29_001": "11222", "P29_002": "A111322200064", "P29_003": "16011", "P29_004": "愛隣幼稚園", "P29_005": "埼玉県越谷市蒲生3-9-13", "P29_006": "4", "P29_007": "0", "P29_008": "00", "P29_009": null }, "geometry": { "type": "Point", "coordinates": [ 139.802850995033197, 35.865271000898012 ] } },
{ "type": "Feature", "properties": { "P29_001": "11222", "P29_002": "A111322200073", "P29_003": "16011", "P29_004": "越谷くるみ幼稚園", "P29_005": "埼玉県越谷市神明町1-82", "P29_006": "4", "P29_007": "0", "P29_008": "00", "P29_009": null }, "geometry": { "type": "Point", "coordinates": [ 139.773001001774304, 35.896898001039347 ] } },
{ "type": "Feature", "properties": { "P29_001": "11222", "P29_002": "A111322200082", "P29_003": "16011", "P29_004": "ぶどうぞの幼稚園", "P29_005": "埼玉県越谷市大字南荻島4336-5", "P29_006": "4", "P29_007": "0", "P29_008": "00", "P29_009": null }, "geometry": { "type": "Point", "coordinates": [ 139.768366854771614, 35.918855716420374 ] } },
{ "type": "Feature", "properties": { "P29_001": "11222", "P29_002": "A111322200091", "P29_003": "16011", "P29_004": "精華学園精華幼稚園", "P29_005": "埼玉県越谷市登戸町20-33", "P29_006": "4", "P29_007": "0", "P29_008": "00", "P29_009": null }, "geometry": { "type": "Point", "coordinates": [ 139.800064996793566, 35.871028000273704 ] } },
{ "type": "Feature", "properties": { "P29_001": "11222", "P29_002": "A111322200108", "P29_003": "16011", "P29_004": "あやの幼稚園", "P29_005": "埼玉県越谷市大成町1-40-2", "P29_006": "4", "P29_007": "0", "P29_008": "00", "P29_009": null }, "geometry": { "type": "Point", "coordinates": [ 139.820532163645765, 35.891352506422493 ] } },
{ "type": "Feature", "properties": { "P29_001": "11222", "P29_002": "A111322200117", "P29_003": "16011", "P29_004": "大沢幼稚園", "P29_005": "埼玉県越谷市大沢578-1", "P29_006": "4", "P29_007": "0", "P29_008": "00", "P29_009": null }, "geometry": { "type": "Point", "coordinates": [ 139.782186994911967, 35.903890001504706 ] } },
{ "type": "Feature", "properties": { "P29_001": "11222", "P29_002": "A111322200126", "P29_003": "16011", "P29_004": "大袋わかば幼稚園", "P29_005": "埼玉県越谷市大杉492-1", "P29_006": "4", "P29_007": "0", "P29_008": "00", "P29_009": null }, "geometry": { "type": "Point", "coordinates": [ 139.798787002667893, 35.930693995709625 ] } },
{ "type": "Feature", "properties": { "P29_001": "11222", "P29_002": "A111322200135", "P29_003": "16011", "P29_004": "アスナロ幼稚園", "P29_005": "埼玉県越谷市弥十郎737", "P29_006": "4", "P29_007": "0", "P29_008": "00", "P29_009": null }, "geometry": { "type": "Point", "coordinates": [ 139.790940000716574, 35.9199269985914 ] } },
{ "type": "Feature", "properties": { "P29_001": "11222", "P29_002": "A111322200144", "P29_003": "16011", "P29_004": "学校法人武藤学園大袋幼稚園", "P29_005": "埼玉県越谷市大竹822", "P29_006": "4", "P29_007": "0", "P29_008": "00", "P29_009": null }, "geometry": { "type": "Point", "coordinates": [ 139.764940001013628, 35.925191997611925 ] } },
{ "type": "Feature", "properties": { "P29_001": "11222", "P29_002": "A111322200153", "P29_003": "16011", "P29_004": "南越谷幼稚園", "P29_005": "埼玉県越谷市川柳町1-111", "P29_006": "4", "P29_007": "0", "P29_008": "00", "P29_009": null }, "geometry": { "type": "Point", "coordinates": [ 139.806776001569233, 35.872453000323453 ] } },
{ "type": "Feature", "properties": { "P29_001": "11222", "P29_002": "A111322200162", "P29_003": "16011", "P29_004": "松沢幼稚園", "P29_005": "埼玉県越谷市谷中町2-94", "P29_006": "4", "P29_007": "0", "P29_008": "00", "P29_009": null }, "geometry": { "type": "Point", "coordinates": [ 139.772926002216764, 35.880832001887683 ] } },
{ "type": "Feature", "properties": { "P29_001": "11222", "P29_002": "A111322200171", "P29_003": "16011", "P29_004": "萩原第二幼稚園", "P29_005": "埼玉県越谷市新越谷1-294", "P29_006": "4", "P29_007": "0", "P29_008": "00", "P29_009": null }, "geometry": { "type": "Point", "coordinates": [ 139.780143971895569, 35.874922892364964 ] } },
{ "type": "Feature", "properties": { "P29_001": "11222", "P29_002": "A111322200180", "P29_003": "16011", "P29_004": "さなえ幼稚園", "P29_005": "埼玉県越谷市東町3-330", "P29_006": "4", "P29_007": "0", "P29_008": "00", "P29_009": null }, "geometry": { "type": "Point", "coordinates": [ 139.83449800135881, 35.87856699724729 ] } },
{ "type": "Feature", "properties": { "P29_001": "11222", "P29_002": "A111322200199", "P29_003": "16011", "P29_004": "清浄院幼稚園", "P29_005": "埼玉県越谷市大松700", "P29_006": "4", "P29_007": "0", "P29_008": "00", "P29_009": null }, "geometry": { "type": "Point", "coordinates": [ 139.812549994267982, 35.935318000093091 ] } },
{ "type": "Feature", "properties": { "P29_001": "11222", "P29_002": "A111322200215", "P29_003": "16011", "P29_004": "レイクアスナロ幼稚園", "P29_005": "埼玉県越谷市レイクタウン9-2-7", "P29_006": "4", "P29_007": "0", "P29_008": "00", "P29_009": null }, "geometry": { "type": "Point", "coordinates": [ 139.815352999744221, 35.876927999402028 ] } },
{ "type": "Feature", "properties": { "P29_001": "11223", "P29_002": "A111322300018", "P29_003": "16011", "P29_004": "わらび幼稚園", "P29_005": "埼玉県蕨市南町2-12-2", "P29_006": "4", "P29_007": "0", "P29_008": "00", "P29_009": null }, "geometry": { "type": "Point", "coordinates": [ 139.697492994121205, 35.819969996352988 ] } },
{ "type": "Feature", "properties": { "P29_001": "11223", "P29_002": "A111322300027", "P29_003": "16011", "P29_004": "明星幼稚園", "P29_005": "埼玉県蕨市中央2-8-27", "P29_006": "4", "P29_007": "0", "P29_008": "00", "P29_009": null }, "geometry": { "type": "Point", "coordinates": [ 139.688620004878601, 35.823514998058471 ] } },
{ "type": "Feature", "properties": { "P29_001": "11223", "P29_002": "A111322300036", "P29_003": "16011", "P29_004": "早蕨幼稚園", "P29_005": "埼玉県蕨市錦町3-11-14", "P29_006": "4", "P29_007": "0", "P29_008": "00", "P29_009": null }, "geometry": { "type": "Point", "coordinates": [ 139.671750002095052, 35.827014001929577 ] } },
{ "type": "Feature", "properties": { "P29_001": "11224", "P29_002": "A111322400017", "P29_003": "16011", "P29_004": "戸田幼稚園", "P29_005": "埼玉県戸田市本町1-12-8", "P29_006": "4", "P29_007": "0", "P29_008": "00", "P29_009": null }, "geometry": { "type": "Point", "coordinates": [ 139.680846566612502, 35.811575331921176 ] } },
{ "type": "Feature", "properties": { "P29_001": "11224", "P29_002": "A111322400026", "P29_003": "16011", "P29_004": "戸田第一幼稚園", "P29_005": "埼玉県戸田市中町1-30-7", "P29_006": "4", "P29_007": "0", "P29_008": "00", "P29_009": null }, "geometry": { "type": "Point", "coordinates": [ 139.689086118163431, 35.81304962367691 ] } },
{ "type": "Feature", "properties": { "P29_001": "11224", "P29_002": "A111322400035", "P29_003": "16011", "P29_004": "つつじ幼稚園", "P29_005": "埼玉県戸田市本町4-2-6", "P29_006": "4", "P29_007": "0", "P29_008": "00", "P29_009": null }, "geometry": { "type": "Point", "coordinates": [ 139.683051686481036, 35.806851765372649 ] } },
{ "type": "Feature", "properties": { "P29_001": "11224", "P29_002": "A111322400044", "P29_003": "16011", "P29_004": "まきば幼稚園", "P29_005": "埼玉県戸田市笹目南町17-5", "P29_006": "4", "P29_007": "0", "P29_008": "00", "P29_009": null }, "geometry": { "type": "Point", "coordinates": [ 139.652974001469346, 35.810372001589549 ] } },
{ "type": "Feature", "properties": { "P29_001": "11224", "P29_002": "A111322400053", "P29_003": "16011", "P29_004": "戸田ひまわり幼稚園", "P29_005": "埼玉県戸田市美女木1-8-7", "P29_006": "4", "P29_007": "0", "P29_008": "00", "P29_009": null }, "geometry": { "type": "Point", "coordinates": [ 139.643055175461399, 35.829678511005341 ] } },
{ "type": "Feature", "properties": { "P29_001": "11224", "P29_002": "A111322400062", "P29_003": "16011", "P29_004": "ささめ幼稚園", "P29_005": "埼玉県戸田市笹目6-5-24", "P29_006": "4", "P29_007": "0", "P29_008": "00", "P29_009": null }, "geometry": { "type": "Point", "coordinates": [ 139.646264044592982, 35.815351804028253 ] } },
{ "type": "Feature", "properties": { "P29_001": "11224", "P29_002": "A111322400071", "P29_003": "16011", "P29_004": "戸田東幼稚園", "P29_005": "埼玉県戸田市中町1-15-10", "P29_006": "4", "P29_007": "0", "P29_008": "00", "P29_009": null }, "geometry": { "type": "Point", "coordinates": [ 139.691176998534559, 35.812106997830568 ] } },
{ "type": "Feature", "properties": { "P29_001": "11224", "P29_002": "A111322400080", "P29_003": "16011", "P29_004": "カトレア幼稚園", "P29_005": "埼玉県戸田市新曽183", "P29_006": "4", "P29_007": "0", "P29_008": "00", "P29_009": null }, "geometry": { "type": "Point", "coordinates": [ 139.670645000560796, 35.818240001700126 ] } },
{ "type": "Feature", "properties": { "P29_001": "11224", "P29_002": "A111322400099", "P29_003": "16011", "P29_004": "はごろも幼稚園", "P29_005": "埼玉県戸田市下戸田2-22-11", "P29_006": "4", "P29_007": "0", "P29_008": "00", "P29_009": null }, "geometry": { "type": "Point", "coordinates": [ 139.684432251827985, 35.818050361927142 ] } },
{ "type": "Feature", "properties": { "P29_001": "11224", "P29_002": "A111322400106", "P29_003": "16011", "P29_004": "戸田東第二幼稚園", "P29_005": "埼玉県戸田市新曽2279-3", "P29_006": "4", "P29_007": "0", "P29_008": "00", "P29_009": null }, "geometry": { "type": "Point", "coordinates": [ 139.659599003164203, 35.821261002419327 ] } },
{ "type": "Feature", "properties": { "P29_001": "11225", "P29_002": "A111322500016", "P29_003": "16011", "P29_004": "めぐみ幼稚園", "P29_005": "埼玉県入間市小谷田1-7-9", "P29_006": "4", "P29_007": "0", "P29_008": "00", "P29_009": null }, "geometry": { "type": "Point", "coordinates": [ 139.38105299905564, 35.822318998862279 ] } },
{ "type": "Feature", "properties": { "P29_001": "11225", "P29_002": "A111322500025", "P29_003": "16011", "P29_004": "角栄幼稚園", "P29_005": "埼玉県入間市東藤沢4-15-20", "P29_006": "4", "P29_007": "0", "P29_008": "00", "P29_009": null }, "geometry": { "type": "Point", "coordinates": [ 139.41716399533999, 35.818370998717647 ] } },
{ "type": "Feature", "properties": { "P29_001": "11225", "P29_002": "A111322500034", "P29_003": "16011", "P29_004": "いるま幼稚園", "P29_005": "埼玉県入間市久保稲荷1-25-3", "P29_006": "4", "P29_007": "0", "P29_008": "00", "P29_009": null }, "geometry": { "type": "Point", "coordinates": [ 139.393056996030737, 35.828157996215246 ] } },
{ "type": "Feature", "properties": { "P29_001": "11225", "P29_002": "A111322500043", "P29_003": "16011", "P29_004": "元加治幼稚園", "P29_005": "埼玉県入間市大字野田1585", "P29_006": "4", "P29_007": "0", "P29_008": "00", "P29_009": null }, "geometry": { "type": "Point", "coordinates": [ 139.346701997992596, 35.846195998807758 ] } },
{ "type": "Feature", "properties": { "P29_001": "11225", "P29_002": "A111322500052", "P29_003": "16011", "P29_004": "わかばの森幼稚園", "P29_005": "埼玉県入間市大字上藤沢694-1", "P29_006": "4", "P29_007": "0", "P29_008": "00", "P29_009": null }, "geometry": { "type": "Point", "coordinates": [ 139.39159599561242, 35.814298003948885 ] } },
{ "type": "Feature", "properties": { "P29_001": "11225", "P29_002": "A111322500061", "P29_003": "16011", "P29_004": "武蔵野音楽大学武蔵野幼稚園", "P29_005": "埼玉県入間市中神741-1", "P29_006": "4", "P29_007": "0", "P29_008": "00", "P29_009": null }, "geometry": { "type": "Point", "coordinates": [ 139.357914003547137, 35.83333399729279 ] } },
{ "type": "Feature", "properties": { "P29_001": "11225", "P29_002": "A111322500070", "P29_003": "16011", "P29_004": "若杉幼稚園", "P29_005": "埼玉県入間市大字下藤沢1281-11", "P29_006": "4", "P29_007": "0", "P29_008": "00", "P29_009": null }, "geometry": { "type": "Point", "coordinates": [ 139.396794701988256, 35.824172718948013 ] } },
{ "type": "Feature", "properties": { "P29_001": "11225", "P29_002": "A111322500105", "P29_003": "16011", "P29_004": "あんず幼稚園", "P29_005": "埼玉県入間市仏子1089-34", "P29_006": "4", "P29_007": "0", "P29_008": "00", "P29_009": null }, "geometry": { "type": "Point", "coordinates": [ 139.360907004336582, 35.840536003984859 ] } },
{ "type": "Feature", "properties": { "P29_001": "11225", "P29_002": "A111322500891", "P29_003": "16011", "P29_004": "白梅幼稚園", "P29_005": "埼玉県入間市大字下藤沢2-30-1", "P29_006": "4", "P29_007": "0", "P29_008": "00", "P29_009": null }, "geometry": { "type": "Point", "coordinates": [ 139.406159998537049, 35.819935003575218 ] } },
{ "type": "Feature", "properties": { "P29_001": "11227", "P29_002": "A111322700014", "P29_003": "16011", "P29_004": "朝霞幼稚園", "P29_005": "埼玉県朝霞市幸町3-5-16", "P29_006": "4", "P29_007": "0", "P29_008": "00", "P29_009": null }, "geometry": { "type": "Point", "coordinates": [ 139.591297177172635, 35.789507253131006 ] } },
{ "type": "Feature", "properties": { "P29_001": "11227", "P29_002": "A111322700023", "P29_003": "16011", "P29_004": "菩提樹の森幼稚園", "P29_005": "埼玉県朝霞市膝折町1-16-17", "P29_006": "4", "P29_007": "0", "P29_008": "00", "P29_009": null }, "geometry": { "type": "Point", "coordinates": [ 139.585114116981799, 35.793074817996349 ] } },
{ "type": "Feature", "properties": { "P29_001": "11227", "P29_002": "A111322700032", "P29_003": "16011", "P29_004": "さいか幼稚園", "P29_005": "埼玉県朝霞市西弁財1-6-17", "P29_006": "4", "P29_007": "0", "P29_008": "00", "P29_009": null }, "geometry": { "type": "Point", "coordinates": [ 139.583099998395625, 35.815057997632195 ] } },
{ "type": "Feature", "properties": { "P29_001": "11227", "P29_002": "A111322700041", "P29_003": "16011", "P29_004": "あさか台幼稚園", "P29_005": "埼玉県朝霞市根岸台7-2-6", "P29_006": "4", "P29_007": "0", "P29_008": "00", "P29_009": null }, "geometry": { "type": "Point", "coordinates": [ 139.606087701517509, 35.799305812355897 ] } },
{ "type": "Feature", "properties": { "P29_001": "11227", "P29_002": "A111322700050", "P29_003": "16011", "P29_004": "根岸幼稚園", "P29_005": "埼玉県朝霞市根岸台4-8-38", "P29_006": "4", "P29_007": "0", "P29_008": "00", "P29_009": null }, "geometry": { "type": "Point", "coordinates": [ 139.609283003416976, 35.803960999666032 ] } },
{ "type": "Feature", "properties": { "P29_001": "11227", "P29_002": "A111322700069", "P29_003": "16011", "P29_004": "朝霞花の木幼稚園", "P29_005": "埼玉県朝霞市田島1-12-1", "P29_006": "4", "P29_007": "0", "P29_008": "00", "P29_009": null }, "geometry": { "type": "Point", "coordinates": [ 139.604341994305685, 35.814194996066533 ] } },
{ "type": "Feature", "properties": { "P29_001": "11227", "P29_002": "A111322700078", "P29_003": "16011", "P29_004": "朝霞なかよし幼稚園", "P29_005": "埼玉県朝霞市北原2-7-16", "P29_006": "4", "P29_007": "0", "P29_008": "00", "P29_009": null }, "geometry": { "type": "Point", "coordinates": [ 139.588023995097444, 35.820685000146504 ] } },
{ "type": "Feature", "properties": { "P29_001": "11227", "P29_002": "A111322700087", "P29_003": "16011", "P29_004": "朝霞たちばな幼稚園", "P29_005": "埼玉県朝霞市宮戸3-7-1", "P29_006": "4", "P29_007": "0", "P29_008": "00", "P29_009": null }, "geometry": { "type": "Point", "coordinates": [ 139.584263000080341, 35.827707002477638 ] } },
{ "type": "Feature", "properties": { "P29_001": "11228", "P29_002": "A111322800013", "P29_003": "16011", "P29_004": "細田学園幼稚園", "P29_005": "埼玉県志木市本町2-7-1", "P29_006": "4", "P29_007": "0", "P29_008": "00", "P29_009": null }, "geometry": { "type": "Point", "coordinates": [ 139.581873996680343, 35.831916996000366 ] } },
{ "type": "Feature", "properties": { "P29_001": "11228", "P29_002": "A111322800022", "P29_003": "16011", "P29_004": "志木教会附属泉幼稚園", "P29_005": "埼玉県志木市本町6-5-3", "P29_006": "4", "P29_007": "0", "P29_008": "00", "P29_009": null }, "geometry": { "type": "Point", "coordinates": [ 139.576226001108608, 35.83033900206047 ] } },
{ "type": "Feature", "properties": { "P29_001": "11228", "P29_002": "A111322800031", "P29_003": "16011", "P29_004": "足立みどり幼稚園", "P29_005": "埼玉県志木市上宗岡4-21-55", "P29_006": "4", "P29_007": "0", "P29_008": "00", "P29_009": null }, "geometry": { "type": "Point", "coordinates": [ 139.588056996774554, 35.845760001110364 ] } },
{ "type": "Feature", "properties": { "P29_001": "11228", "P29_002": "A111322800040", "P29_003": "16011", "P29_004": "みわ幼稚園", "P29_005": "埼玉県志木市柏町4-6-43", "P29_006": "4", "P29_007": "0", "P29_008": "00", "P29_009": null }, "geometry": { "type": "Point", "coordinates": [ 139.571816997631771, 35.828906001935245 ] } },
{ "type": "Feature", "properties": { "P29_001": "11228", "P29_002": "A111322800059", "P29_003": "16011", "P29_004": "志木なかもり幼稚園", "P29_005": "埼玉県志木市幸町1-19-52", "P29_006": "4", "P29_007": "0", "P29_008": "00", "P29_009": null }, "geometry": { "type": "Point", "coordinates": [ 139.565452994729981, 35.820811003833505 ] } },
{ "type": "Feature", "properties": { "P29_001": "11228", "P29_002": "A111322800068", "P29_003": "16011", "P29_004": "おおのみち幼稚園", "P29_005": "埼玉県志木市中宗岡2-25-33", "P29_006": "4", "P29_007": "0", "P29_008": "00", "P29_009": null }, "geometry": { "type": "Point", "coordinates": [ 139.591200993944341, 35.841055002218631 ] } },
{ "type": "Feature", "properties": { "P29_001": "11228", "P29_002": "A111322800077", "P29_003": "16011", "P29_004": "幸福の森幼稚園", "P29_005": "埼玉県志木市館2-1-2", "P29_006": "4", "P29_007": "0", "P29_008": "00", "P29_009": null }, "geometry": { "type": "Point", "coordinates": [ 139.55832399707711, 35.826927995218647 ] } },
{ "type": "Feature", "properties": { "P29_001": "11229", "P29_002": "A111322900012", "P29_003": "16011", "P29_004": "幼稚園型認定こども園小羊幼稚園", "P29_005": "埼玉県和光市本町15-16", "P29_006": "4", "P29_007": "0", "P29_008": "00", "P29_009": null }, "geometry": { "type": "Point", "coordinates": [ 139.608704004748063, 35.785778998153667 ] } },
{ "type": "Feature", "properties": { "P29_001": "11229", "P29_002": "A111322900021", "P29_003": "16011", "P29_004": "大和すみれ幼稚園", "P29_005": "埼玉県和光市南1-2-2", "P29_006": "4", "P29_007": "0", "P29_008": "00", "P29_009": null }, "geometry": { "type": "Point", "coordinates": [ 139.618438997296636, 35.772947999493574 ] } },
{ "type": "Feature", "properties": { "P29_001": "11229", "P29_002": "A111322900030", "P29_003": "16011", "P29_004": "やまと幼稚園", "P29_005": "埼玉県和光市白子3-12-1", "P29_006": "4", "P29_007": "0", "P29_008": "00", "P29_009": null }, "geometry": { "type": "Point", "coordinates": [ 139.633218418963054, 35.792137034688942 ] } },
{ "type": "Feature", "properties": { "P29_001": "11229", "P29_002": "A111322900049", "P29_003": "16011", "P29_004": "新倉幼稚園", "P29_005": "埼玉県和光市下新倉2-45-5", "P29_006": "4", "P29_007": "0", "P29_008": "00", "P29_009": null }, "geometry": { "type": "Point", "coordinates": [ 139.622383002650793, 35.787466004512673 ] } },
{ "type": "Feature", "properties": { "P29_001": "11230", "P29_002": "A111323000019", "P29_003": "16011", "P29_004": "第一新座幼稚園", "P29_005": "埼玉県新座市大和田4-2-24", "P29_006": "4", "P29_007": "0", "P29_008": "00", "P29_009": null }, "geometry": { "type": "Point", "coordinates": [ 139.549850000048224, 35.811171003399338 ] } },
{ "type": "Feature", "properties": { "P29_001": "11230", "P29_002": "A111323000028", "P29_003": "16011", "P29_004": "片山幼稚園", "P29_005": "埼玉県新座市野寺2-15-12", "P29_006": "4", "P29_007": "0", "P29_008": "00", "P29_009": null }, "geometry": { "type": "Point", "coordinates": [ 139.557853166238544, 35.762795993704664 ] } },
{ "type": "Feature", "properties": { "P29_001": "11230", "P29_002": "A111323000037", "P29_003": "16011", "P29_004": "かきの木幼稚園", "P29_005": "埼玉県新座市東北2-25-10", "P29_006": "4", "P29_007": "0", "P29_008": "00", "P29_009": null }, "geometry": { "type": "Point", "coordinates": [ 139.574131827410127, 35.819144806263097 ] } },
{ "type": "Feature", "properties": { "P29_001": "11230", "P29_002": "A111323000046", "P29_003": "16011", "P29_004": "十文字女子大附属幼稚園", "P29_005": "埼玉県新座市菅沢2-1-28", "P29_006": "4", "P29_007": "0", "P29_008": "00", "P29_009": null }, "geometry": { "type": "Point", "coordinates": [ 139.551254004350596, 35.798990995695945 ] } },
{ "type": "Feature", "properties": { "P29_001": "11230", "P29_002": "A111323000055", "P29_003": "16011", "P29_004": "こばとの森幼稚園", "P29_005": "埼玉県新座市新堀3-9-36", "P29_006": "4", "P29_007": "0", "P29_008": "00", "P29_009": null }, "geometry": { "type": "Point", "coordinates": [ 139.519626004857457, 35.768617998801481 ] } },
{ "type": "Feature", "properties": { "P29_001": "11230", "P29_002": "A111323000064", "P29_003": "16011", "P29_004": "美鈴幼稚園", "P29_005": "埼玉県新座市片山2-12-12", "P29_006": "4", "P29_007": "0", "P29_008": "00", "P29_009": null }, "geometry": { "type": "Point", "coordinates": [ 139.566102798776086, 35.765939223188411 ] } },
{ "type": "Feature", "properties": { "P29_001": "11230", "P29_002": "A111323000073", "P29_003": "16011", "P29_004": "明彩幼稚園", "P29_005": "埼玉県新座市野寺1-11-10", "P29_006": "4", "P29_007": "0", "P29_008": "00", "P29_009": null }, "geometry": { "type": "Point", "coordinates": [ 139.553505866522499, 35.764949343492596 ] } },
{ "type": "Feature", "properties": { "P29_001": "11230", "P29_002": "A111323000082", "P29_003": "16011", "P29_004": "わかのび幼稚園", "P29_005": "埼玉県新座市東1-8-2", "P29_006": "4", "P29_007": "0", "P29_008": "00", "P29_009": null }, "geometry": { "type": "Point", "coordinates": [ 139.570056997546175, 35.810158996692721 ] } },
{ "type": "Feature", "properties": { "P29_001": "11230", "P29_002": "A111323000091", "P29_003": "16011", "P29_004": "大和田しらかば幼稚園", "P29_005": "埼玉県新座市大和田4-16-18", "P29_006": "4", "P29_007": "0", "P29_008": "00", "P29_009": null }, "geometry": { "type": "Point", "coordinates": [ 139.553264000944637, 35.815820995596169 ] } },
{ "type": "Feature", "properties": { "P29_001": "11230", "P29_002": "A111323000108", "P29_003": "16011", "P29_004": "なみきの幼稚園", "P29_005": "埼玉県新座市野火止8-2-16", "P29_006": "4", "P29_007": "0", "P29_008": "00", "P29_009": null }, "geometry": { "type": "Point", "coordinates": [ 139.56961338387444, 35.797652149620454 ] } },
{ "type": "Feature", "properties": { "P29_001": "11231", "P29_002": "A111323100018", "P29_003": "16011", "P29_004": "桶川幼稚園", "P29_005": "埼玉県桶川市寿2-10-4", "P29_006": "4", "P29_007": "0", "P29_008": "00", "P29_009": null }, "geometry": { "type": "Point", "coordinates": [ 139.567527997479374, 36.001780003748223 ] } },
{ "type": "Feature", "properties": { "P29_001": "11231", "P29_002": "A111323100027", "P29_003": "16011", "P29_004": "しろがね幼稚園", "P29_005": "埼玉県桶川市坂田西2-49-1", "P29_006": "4", "P29_007": "0", "P29_008": "00", "P29_009": null }, "geometry": { "type": "Point", "coordinates": [ 139.572887997405275, 36.013001999324196 ] } },
{ "type": "Feature", "properties": { "P29_001": "11231", "P29_002": "A111323100045", "P29_003": "16011", "P29_004": "愛宕幼稚園", "P29_005": "埼玉県桶川市大字上日出谷1008", "P29_006": "4", "P29_007": "0", "P29_008": "00", "P29_009": null }, "geometry": { "type": "Point", "coordinates": [ 139.541372995899593, 36.000167997754382 ] } },
{ "type": "Feature", "properties": { "P29_001": "11231", "P29_002": "A111323100054", "P29_003": "16011", "P29_004": "桶川パンダ幼稚園", "P29_005": "埼玉県桶川市大字下日出谷122-7", "P29_006": "4", "P29_007": "0", "P29_008": "00", "P29_009": null }, "geometry": { "type": "Point", "coordinates": [ 139.5531039957161, 35.997940997441404 ] } },
{ "type": "Feature", "properties": { "P29_001": "11232", "P29_002": "A111323200017", "P29_003": "16011", "P29_004": "幼稚園型認定こども園長龍寺幼稚園", "P29_005": "埼玉県久喜市菖蒲町三箇992", "P29_006": "4", "P29_007": "0", "P29_008": "00", "P29_009": null }, "geometry": { "type": "Point", "coordinates": [ 139.615342004067401, 36.060094999177075 ] } },
{ "type": "Feature", "properties": { "P29_001": "11232", "P29_002": "A111323200026", "P29_003": "16011", "P29_004": "久喜朝日幼稚園", "P29_005": "埼玉県久喜市下早見1211", "P29_006": "4", "P29_007": "0", "P29_008": "00", "P29_009": null }, "geometry": { "type": "Point", "coordinates": [ 139.680731084180877, 36.053795574947905 ] } },
{ "type": "Feature", "properties": { "P29_001": "11232", "P29_002": "A111323200035", "P29_003": "16011", "P29_004": "学校法人川瀬学園久喜あおば幼稚園", "P29_005": "埼玉県久喜市青毛4-11-5", "P29_006": "4", "P29_007": "0", "P29_008": "00", "P29_009": null }, "geometry": { "type": "Point", "coordinates": [ 139.705457004125805, 36.076594002222691 ] } },
{ "type": "Feature", "properties": { "P29_001": "11232", "P29_002": "A111323200044", "P29_003": "16011", "P29_004": "幼稚園型認定こども園鷲宮幼稚園", "P29_005": "埼玉県久喜市鷲宮3-6-2", "P29_006": "4", "P29_007": "0", "P29_008": "00", "P29_009": null }, "geometry": { "type": "Point", "coordinates": [ 139.661035993927811, 36.101698000918454 ] } },
{ "type": "Feature", "properties": { "P29_001": "11232", "P29_002": "A111323200053", "P29_003": "16011", "P29_004": "栗橋白百合幼稚園", "P29_005": "埼玉県久喜市栗橋東2-13-1", "P29_006": "4", "P29_007": "0", "P29_008": "00", "P29_009": null }, "geometry": { "type": "Point", "coordinates": [ 139.698615993946902, 36.1332450039802 ] } },
{ "type": "Feature", "properties": { "P29_001": "11232", "P29_002": "A111323200062", "P29_003": "16011", "P29_004": "銀の笛幼稚園", "P29_005": "埼玉県久喜市上内572", "P29_006": "4", "P29_007": "0", "P29_008": "00", "P29_009": null }, "geometry": { "type": "Point", "coordinates": [ 139.658982559236819, 36.087231025948675 ] } },
{ "type": "Feature", "properties": { "P29_001": "11233", "P29_002": "A111323300016", "P29_003": "16011", "P29_004": "幼稚園型認定こども園きたもと幼稚園", "P29_005": "埼玉県北本市宮内7-71", "P29_006": "4", "P29_007": "0", "P29_008": "00", "P29_009": null }, "geometry": { "type": "Point", "coordinates": [ 139.543336994661075, 36.036259002932695 ] } },
{ "type": "Feature", "properties": { "P29_001": "11233", "P29_002": "A111323300025", "P29_003": "16011", "P29_004": "幼稚園型認定こども園ふじ幼稚園", "P29_005": "埼玉県北本市宮内2-77", "P29_006": "4", "P29_007": "0", "P29_008": "00", "P29_009": null }, "geometry": { "type": "Point", "coordinates": [ 139.535518997298112, 36.038178000321942 ] } },
{ "type": "Feature", "properties": { "P29_001": "11233", "P29_002": "A111323300034", "P29_003": "16011", "P29_004": "幼稚園型認定こども園せきね幼稚園", "P29_005": "埼玉県北本市本町5-34", "P29_006": "4", "P29_007": "0", "P29_008": "00", "P29_009": null }, "geometry": { "type": "Point", "coordinates": [ 139.527709002758513, 36.025134001609061 ] } },
{ "type": "Feature", "properties": { "P29_001": "11233", "P29_002": "A111323300043", "P29_003": "16011", "P29_004": "いしと幼稚園", "P29_005": "埼玉県北本市荒井3-57", "P29_006": "4", "P29_007": "0", "P29_008": "00", "P29_009": null }, "geometry": { "type": "Point", "coordinates": [ 139.517834998999717, 36.017984002911483 ] } },
{ "type": "Feature", "properties": { "P29_001": "11233", "P29_002": "A111323300052", "P29_003": "16011", "P29_004": "北本みなみ幼稚園", "P29_005": "埼玉県北本市緑3-304", "P29_006": "4", "P29_007": "0", "P29_008": "00", "P29_009": null }, "geometry": { "type": "Point", "coordinates": [ 139.537689001671623, 36.022423001433459 ] } },
{ "type": "Feature", "properties": { "P29_001": "11233", "P29_002": "A111323300061", "P29_003": "16011", "P29_004": "森の詩幼稚園", "P29_005": "埼玉県北本市深井5-100", "P29_006": "4", "P29_007": "0", "P29_008": "00", "P29_009": null }, "geometry": { "type": "Point", "coordinates": [ 139.529266004562317, 36.048548997750444 ] } },
{ "type": "Feature", "properties": { "P29_001": "11233", "P29_002": "A111323300070", "P29_003": "16011", "P29_004": "北本中央幼稚園", "P29_005": "埼玉県北本市下石戸1-449", "P29_006": "4", "P29_007": "0", "P29_008": "00", "P29_009": null }, "geometry": { "type": "Point", "coordinates": [ 139.53498099818529, 36.018382000080713 ] } },
{ "type": "Feature", "properties": { "P29_001": "11234", "P29_002": "A111323400015", "P29_003": "16011", "P29_004": "みひかり幼稚園", "P29_005": "埼玉県八潮市八條1760", "P29_006": "4", "P29_007": "0", "P29_008": "00", "P29_009": null }, "geometry": { "type": "Point", "coordinates": [ 139.836670995185528, 35.843290996464802 ] } },
{ "type": "Feature", "properties": { "P29_001": "11234", "P29_002": "A111323400024", "P29_003": "16011", "P29_004": "八潮幼稚園", "P29_005": "埼玉県八潮市西袋1218-2", "P29_006": "4", "P29_007": "0", "P29_008": "00", "P29_009": null }, "geometry": { "type": "Point", "coordinates": [ 139.823669541658745, 35.817690885554889 ] } },
{ "type": "Feature", "properties": { "P29_001": "11234", "P29_002": "A111323400033", "P29_003": "16011", "P29_004": "小倉あさひ幼稚園", "P29_005": "埼玉県八潮市大曽根538", "P29_006": "4", "P29_007": "0", "P29_008": "00", "P29_009": null }, "geometry": { "type": "Point", "coordinates": [ 139.830657534862183, 35.807982994020051 ] } },
{ "type": "Feature", "properties": { "P29_001": "11234", "P29_002": "A111323400042", "P29_003": "16011", "P29_004": "青和幼稚園", "P29_005": "埼玉県八潮市八潮4-4-3", "P29_006": "4", "P29_007": "0", "P29_008": "00", "P29_009": null }, "geometry": { "type": "Point", "coordinates": [ 139.841537996186815, 35.811711997335401 ] } },
{ "type": "Feature", "properties": { "P29_001": "11234", "P29_002": "A111323400051", "P29_003": "16011", "P29_004": "八潮ちくみ幼稚園", "P29_005": "埼玉県八潮市鶴ヶ曽根124", "P29_006": "4", "P29_007": "0", "P29_008": "00", "P29_009": null }, "geometry": { "type": "Point", "coordinates": [ 139.837998996145245, 35.832498000357099 ] } },
{ "type": "Feature", "properties": { "P29_001": "11235", "P29_002": "A111323500023", "P29_003": "16011", "P29_004": "みずたに幼稚園", "P29_005": "埼玉県富士見市水子5117-3", "P29_006": "4", "P29_007": "0", "P29_008": "00", "P29_009": null }, "geometry": { "type": "Point", "coordinates": [ 139.561353998336074, 35.837973997468943 ] } },
{ "type": "Feature", "properties": { "P29_001": "11235", "P29_002": "A111323500032", "P29_003": "16011", "P29_004": "銀の鈴幼稚園", "P29_005": "埼玉県富士見市鶴馬3561", "P29_006": "4", "P29_007": "0", "P29_008": "00", "P29_009": null }, "geometry": { "type": "Point", "coordinates": [ 139.534192001958445, 35.842914999227034 ] } },
{ "type": "Feature", "properties": { "P29_001": "11235", "P29_002": "A111323500041", "P29_003": "16011", "P29_004": "富士見台幼稚園", "P29_005": "埼玉県富士見市鶴馬3513", "P29_006": "4", "P29_007": "0", "P29_008": "00", "P29_009": null }, "geometry": { "type": "Point", "coordinates": [ 139.536674998038563, 35.842776002031492 ] } },
{ "type": "Feature", "properties": { "P29_001": "11235", "P29_002": "A111323500050", "P29_003": "16011", "P29_004": "すわ幼稚園", "P29_005": "埼玉県富士見市諏訪2-15-19", "P29_006": "4", "P29_007": "0", "P29_008": "00", "P29_009": null }, "geometry": { "type": "Point", "coordinates": [ 139.546426994436985, 35.851727999448677 ] } },
{ "type": "Feature", "properties": { "P29_001": "11235", "P29_002": "A111323500069", "P29_003": "16011", "P29_004": "富士見みずほ幼稚園", "P29_005": "埼玉県富士見市水子字前沼3595-1", "P29_006": "4", "P29_007": "0", "P29_008": "00", "P29_009": null }, "geometry": { "type": "Point", "coordinates": [ 139.57200699705794, 35.838873002738843 ] } },
{ "type": "Feature", "properties": { "P29_001": "11235", "P29_002": "A111323500078", "P29_003": "16011", "P29_004": "ほんごう幼稚園", "P29_005": "埼玉県富士見市水子793-2", "P29_006": "4", "P29_007": "0", "P29_008": "00", "P29_009": null }, "geometry": { "type": "Point", "coordinates": [ 139.556923805291632, 35.849970634228114 ] } },
{ "type": "Feature", "properties": { "P29_001": "11237", "P29_002": "A111323700012", "P29_003": "16011", "P29_004": "みさと幼稚園", "P29_005": "埼玉県三郷市鷹野1-183", "P29_006": "4", "P29_007": "0", "P29_008": "00", "P29_009": null }, "geometry": { "type": "Point", "coordinates": [ 139.886507999511593, 35.796480996030738 ] } },
{ "type": "Feature", "properties": { "P29_001": "11237", "P29_002": "A111323700021", "P29_003": "16011", "P29_004": "ちくみ幼稚園", "P29_005": "埼玉県三郷市彦沢1-19", "P29_006": "4", "P29_007": "0", "P29_008": "00", "P29_009": null }, "geometry": { "type": "Point", "coordinates": [ 139.850585002965119, 35.827228996751757 ] } },
{ "type": "Feature", "properties": { "P29_001": "11237", "P29_002": "A111323700030", "P29_003": "16011", "P29_004": "ゆたか幼稚園", "P29_005": "埼玉県三郷市戸ヶ崎2-576", "P29_006": "4", "P29_007": "0", "P29_008": "00", "P29_009": null }, "geometry": { "type": "Point", "coordinates": [ 139.866954695141118, 35.80062866998091 ] } },
{ "type": "Feature", "properties": { "P29_001": "11237", "P29_002": "A111323700049", "P29_003": "16011", "P29_004": "みさと団地みやおか幼稚園", "P29_005": "埼玉県三郷市彦成3-236", "P29_006": "4", "P29_007": "0", "P29_008": "00", "P29_009": null }, "geometry": { "type": "Point", "coordinates": [ 139.856477998715576, 35.854228999109054 ] } },
{ "type": "Feature", "properties": { "P29_001": "11237", "P29_002": "A111323700058", "P29_003": "16011", "P29_004": "新和幼稚園", "P29_005": "埼玉県三郷市新和2-186", "P29_006": "4", "P29_007": "0", "P29_008": "00", "P29_009": null }, "geometry": { "type": "Point", "coordinates": [ 139.884689994296878, 35.820357995204816 ] } },
{ "type": "Feature", "properties": { "P29_001": "11237", "P29_002": "A111323700067", "P29_003": "16011", "P29_004": "彦成幼稚園", "P29_005": "埼玉県三郷市谷口255-1", "P29_006": "4", "P29_007": "0", "P29_008": "00", "P29_009": null }, "geometry": { "type": "Point", "coordinates": [ 139.869261997002525, 35.826183003557887 ] } },
{ "type": "Feature", "properties": { "P29_001": "11237", "P29_002": "A111323700076", "P29_003": "16011", "P29_004": "三郷ひかり幼稚園", "P29_005": "埼玉県三郷市彦糸3-1-1", "P29_006": "4", "P29_007": "0", "P29_008": "00", "P29_009": null }, "geometry": { "type": "Point", "coordinates": [ 139.850281005862684, 35.861499995637629 ] } },
{ "type": "Feature", "properties": { "P29_001": "11237", "P29_002": "A111323700085", "P29_003": "16011", "P29_004": "天使幼稚園", "P29_005": "埼玉県三郷市彦成4-60-1", "P29_006": "4", "P29_007": "0", "P29_008": "00", "P29_009": null }, "geometry": { "type": "Point", "coordinates": [ 139.861011998496195, 35.854139996772794 ] } },
{ "type": "Feature", "properties": { "P29_001": "11238", "P29_002": "A111323800011", "P29_003": "16011", "P29_004": "蓮田幼稚園", "P29_005": "埼玉県蓮田市関山3-2-27", "P29_006": "4", "P29_007": "0", "P29_008": "00", "P29_009": null }, "geometry": { "type": "Point", "coordinates": [ 139.65363700483519, 35.98812100300934 ] } },
{ "type": "Feature", "properties": { "P29_001": "11238", "P29_002": "A111323800020", "P29_003": "16011", "P29_004": "黒浜幼稚園", "P29_005": "埼玉県蓮田市黒浜980-2", "P29_006": "4", "P29_007": "0", "P29_008": "00", "P29_009": null }, "geometry": { "type": "Point", "coordinates": [ 139.67383312598318, 35.984213224935374 ] } },
{ "type": "Feature", "properties": { "P29_001": "11238", "P29_002": "A111323800039", "P29_003": "16011", "P29_004": "大山幼稚園", "P29_005": "埼玉県蓮田市閏戸4034", "P29_006": "4", "P29_007": "0", "P29_008": "00", "P29_009": null }, "geometry": { "type": "Point", "coordinates": [ 139.639431003264065, 36.015181999015176 ] } },
{ "type": "Feature", "properties": { "P29_001": "11238", "P29_002": "A111323800048", "P29_003": "16011", "P29_004": "新宿幼稚園", "P29_005": "埼玉県蓮田市西新宿5-92", "P29_006": "4", "P29_007": "0", "P29_008": "00", "P29_009": null }, "geometry": { "type": "Point", "coordinates": [ 139.653463000071326, 36.00701900475832 ] } },
{ "type": "Feature", "properties": { "P29_001": "11239", "P29_002": "A111323900010", "P29_003": "16011", "P29_004": "坂戸幼稚園", "P29_005": "埼玉県坂戸市日の出町12-4", "P29_006": "4", "P29_007": "0", "P29_008": "00", "P29_009": null }, "geometry": { "type": "Point", "coordinates": [ 139.39354900336528, 35.959348998044916 ] } },
{ "type": "Feature", "properties": { "P29_001": "11239", "P29_002": "A111323900029", "P29_003": "16011", "P29_004": "大家幼稚園", "P29_005": "埼玉県坂戸市森戸514", "P29_006": "4", "P29_007": "0", "P29_008": "00", "P29_009": null }, "geometry": { "type": "Point", "coordinates": [ 139.360096002786946, 35.936170000391549 ] } },
{ "type": "Feature", "properties": { "P29_001": "11239", "P29_002": "A111323900038", "P29_003": "16011", "P29_004": "入西幼稚園", "P29_005": "埼玉県坂戸市堀込76-5", "P29_006": "4", "P29_007": "0", "P29_008": "00", "P29_009": null }, "geometry": { "type": "Point", "coordinates": [ 139.365560004234112, 35.965709004973988 ] } },
{ "type": "Feature", "properties": { "P29_001": "11239", "P29_002": "A111323900047", "P29_003": "16011", "P29_004": "坂戸カオル幼稚園", "P29_005": "埼玉県坂戸市緑町18-1", "P29_006": "4", "P29_007": "0", "P29_008": "00", "P29_009": null }, "geometry": { "type": "Point", "coordinates": [ 139.391587996922539, 35.954624997632514 ] } },
{ "type": "Feature", "properties": { "P29_001": "11239", "P29_002": "A111323900056", "P29_003": "16011", "P29_004": "坂戸富士見幼稚園", "P29_005": "埼玉県坂戸市八幡2-7-3", "P29_006": "4", "P29_007": "0", "P29_008": "00", "P29_009": null }, "geometry": { "type": "Point", "coordinates": [ 139.402012002020825, 35.960099003295781 ] } },
{ "type": "Feature", "properties": { "P29_001": "11239", "P29_002": "A111323900065", "P29_003": "16011", "P29_004": "かぴら幼稚園", "P29_005": "埼玉県坂戸市西坂戸3-30-1", "P29_006": "4", "P29_007": "0", "P29_008": "00", "P29_009": null }, "geometry": { "type": "Point", "coordinates": [ 139.33227999601317, 35.930120997221323 ] } },
{ "type": "Feature", "properties": { "P29_001": "11239", "P29_002": "A111323900074", "P29_003": "16011", "P29_004": "坂戸あずま幼稚園", "P29_005": "埼玉県坂戸市清水町13-14", "P29_006": "4", "P29_007": "0", "P29_008": "00", "P29_009": null }, "geometry": { "type": "Point", "coordinates": [ 139.402552997294123, 35.964271001077748 ] } },
{ "type": "Feature", "properties": { "P29_001": "11239", "P29_002": "A111323900083", "P29_003": "16011", "P29_004": "かなやま幼稚園", "P29_005": "埼玉県坂戸市中小坂519-2", "P29_006": "4", "P29_007": "0", "P29_008": "00", "P29_009": null }, "geometry": { "type": "Point", "coordinates": [ 139.44448543268399, 35.950356681125484 ] } },
{ "type": "Feature", "properties": { "P29_001": "11239", "P29_002": "A111323900092", "P29_003": "16011", "P29_004": "坂戸ひまわり幼稚園", "P29_005": "埼玉県坂戸市関間1-10-17", "P29_006": "4", "P29_007": "0", "P29_008": "00", "P29_009": null }, "geometry": { "type": "Point", "coordinates": [ 139.402427003808782, 35.953678995484054 ] } },
{ "type": "Feature", "properties": { "P29_001": "11240", "P29_002": "A111324000017", "P29_003": "16011", "P29_004": "幸手白百合幼稚園", "P29_005": "埼玉県幸手市中2-7-32", "P29_006": "4", "P29_007": "0", "P29_008": "00", "P29_009": null }, "geometry": { "type": "Point", "coordinates": [ 139.71980800417623, 36.073880002508119 ] } },
{ "type": "Feature", "properties": { "P29_001": "11240", "P29_002": "A111324000026", "P29_003": "16011", "P29_004": "幸手さくら幼稚園", "P29_005": "埼玉県幸手市北1-9-27", "P29_006": "4", "P29_007": "0", "P29_008": "00", "P29_009": null }, "geometry": { "type": "Point", "coordinates": [ 139.718966621363393, 36.080667909603179 ] } },
{ "type": "Feature", "properties": { "P29_001": "11240", "P29_002": "A111324000035", "P29_003": "16011", "P29_004": "幸手ひがし幼稚園", "P29_005": "埼玉県幸手市権現堂1450-2", "P29_006": "4", "P29_007": "0", "P29_008": "00", "P29_009": null }, "geometry": { "type": "Point", "coordinates": [ 139.730702004591592, 36.074685999851653 ] } },
{ "type": "Feature", "properties": { "P29_001": "11240", "P29_002": "A111324000044", "P29_003": "16011", "P29_004": "第二幸手幼稚園", "P29_005": "埼玉県幸手市大字幸手3931", "P29_006": "4", "P29_007": "0", "P29_008": "00", "P29_009": null }, "geometry": { "type": "Point", "coordinates": [ 139.713036000827827, 36.083088000087741 ] } },
{ "type": "Feature", "properties": { "P29_001": "11240", "P29_002": "A111324000053", "P29_003": "16011", "P29_004": "幸手ひまわり幼稚園", "P29_005": "埼玉県幸手市三ツ家5537", "P29_006": "4", "P29_007": "0", "P29_008": "00", "P29_009": null }, "geometry": { "type": "Point", "coordinates": [ 139.722445647355869, 36.057214205114015 ] } },
{ "type": "Feature", "properties": { "P29_001": "11241", "P29_002": "A111324100016", "P29_003": "16011", "P29_004": "つくし幼稚園", "P29_005": "埼玉県鶴ヶ島市太田ヶ谷640-3", "P29_006": "4", "P29_007": "0", "P29_008": "00", "P29_009": null }, "geometry": { "type": "Point", "coordinates": [ 139.401956716360701, 35.930528295766187 ] } },
{ "type": "Feature", "properties": { "P29_001": "11241", "P29_002": "A111324100025", "P29_003": "16011", "P29_004": "武蔵野幼稚園", "P29_005": "埼玉県鶴ヶ島市上広谷30", "P29_006": "4", "P29_007": "0", "P29_008": "00", "P29_009": null }, "geometry": { "type": "Point", "coordinates": [ 139.422296999792792, 35.938284002750969 ] } },
{ "type": "Feature", "properties": { "P29_001": "11241", "P29_002": "A111324100034", "P29_003": "16011", "P29_004": "鶴ケ島めぐみ幼稚園", "P29_005": "埼玉県鶴ヶ島市脚折町3-24-4", "P29_006": "4", "P29_007": "0", "P29_008": "00", "P29_009": null }, "geometry": { "type": "Point", "coordinates": [ 139.39101000347901, 35.946810003543426 ] } },
{ "type": "Feature", "properties": { "P29_001": "11241", "P29_002": "A111324100043", "P29_003": "16011", "P29_004": "かみひろや幼稚園", "P29_005": "埼玉県鶴ヶ島市上広谷583-2", "P29_006": "4", "P29_007": "0", "P29_008": "00", "P29_009": null }, "geometry": { "type": "Point", "coordinates": [ 139.412503998848052, 35.940910999571692 ] } },
{ "type": "Feature", "properties": { "P29_001": "11241", "P29_002": "A111324100052", "P29_003": "16011", "P29_004": "若葉台幼稚園", "P29_005": "埼玉県鶴ヶ島市富士見2-9-14", "P29_006": "4", "P29_007": "0", "P29_008": "00", "P29_009": null }, "geometry": { "type": "Point", "coordinates": [ 139.412446004881474, 35.953400004632073 ] } },
{ "type": "Feature", "properties": { "P29_001": "11242", "P29_002": "A111324200015", "P29_003": "16011", "P29_004": "さやまが丘幼稚園", "P29_005": "埼玉県日高市下鹿山523", "P29_006": "4", "P29_007": "0", "P29_008": "00", "P29_009": null }, "geometry": { "type": "Point", "coordinates": [ 139.348364066384477, 35.888559799229149 ] } },
{ "type": "Feature", "properties": { "P29_001": "11242", "P29_002": "A111324200024", "P29_003": "16011", "P29_004": "たかはぎ幼稚園", "P29_005": "埼玉県日高市高萩2200", "P29_006": "4", "P29_007": "0", "P29_008": "00", "P29_009": null }, "geometry": { "type": "Point", "coordinates": [ 139.37837995796059, 35.906828499267455 ] } },
{ "type": "Feature", "properties": { "P29_001": "11243", "P29_002": "A111324300014", "P29_003": "16011", "P29_004": "越谷保育專門学校附属吉川幼稚園", "P29_005": "埼玉県吉川市保780-13", "P29_006": "4", "P29_007": "0", "P29_008": "00", "P29_009": null }, "geometry": { "type": "Point", "coordinates": [ 139.848758002918572, 35.883925003207537 ] } },
{ "type": "Feature", "properties": { "P29_001": "11243", "P29_002": "A111324300023", "P29_003": "16011", "P29_004": "延命寺幼稚園", "P29_005": "埼玉県吉川市大字吉川1541", "P29_006": "4", "P29_007": "0", "P29_008": "00", "P29_009": null }, "geometry": { "type": "Point", "coordinates": [ 139.840847004454361, 35.886132998995471 ] } },
{ "type": "Feature", "properties": { "P29_001": "11243", "P29_002": "A111324300032", "P29_003": "16011", "P29_004": "茂幼稚園", "P29_005": "埼玉県吉川市吉川564-1", "P29_006": "4", "P29_007": "0", "P29_008": "00", "P29_009": null }, "geometry": { "type": "Point", "coordinates": [ 139.853294872257777, 35.893280080532037 ] } },
{ "type": "Feature", "properties": { "P29_001": "11243", "P29_002": "A111324300041", "P29_003": "16011", "P29_004": "吉川ムサシノ幼稚園", "P29_005": "埼玉県吉川市美南5-25-1", "P29_006": "4", "P29_007": "0", "P29_008": "00", "P29_009": null }, "geometry": { "type": "Point", "coordinates": [ 139.850167000826303, 35.865583002811483 ] } },
{ "type": "Feature", "properties": { "P29_001": "11243", "P29_002": "A111324300050", "P29_003": "16011", "P29_004": "吉川あさひ幼稚園", "P29_005": "埼玉県吉川市上内川888-2", "P29_006": "4", "P29_007": "0", "P29_008": "00", "P29_009": null }, "geometry": { "type": "Point", "coordinates": [ 139.845059743996785, 35.932108148255132 ] } },
{ "type": "Feature", "properties": { "P29_001": "11243", "P29_002": "A111324300069", "P29_003": "16011", "P29_004": "ワカマツ幼稚園", "P29_005": "埼玉県吉川市鹿見塚131-2", "P29_006": "4", "P29_007": "0", "P29_008": "00", "P29_009": null }, "geometry": { "type": "Point", "coordinates": [ 139.87191718797979, 35.889850522490292 ] } },
{ "type": "Feature", "properties": { "P29_001": "11245", "P29_002": "A111324500012", "P29_003": "16011", "P29_004": "香取幼稚園", "P29_005": "埼玉県ふじみ野市上福岡3-1-18", "P29_006": "4", "P29_007": "0", "P29_008": "00", "P29_009": null }, "geometry": { "type": "Point", "coordinates": [ 139.514334000524968, 35.872441004865415 ] } },
{ "type": "Feature", "properties": { "P29_001": "11245", "P29_002": "A111324500021", "P29_003": "16011", "P29_004": "新双葉幼稚園", "P29_005": "埼玉県ふじみ野市福岡武蔵野10-21", "P29_006": "4", "P29_007": "0", "P29_008": "00", "P29_009": null }, "geometry": { "type": "Point", "coordinates": [ 139.51091199829861, 35.866112995660423 ] } },
{ "type": "Feature", "properties": { "P29_001": "11245", "P29_002": "A111324500030", "P29_003": "16011", "P29_004": "文京学院大学ふじみ野幼稚園", "P29_005": "埼玉県ふじみ野市亀久保1196", "P29_006": "4", "P29_007": "0", "P29_008": "00", "P29_009": null }, "geometry": { "type": "Point", "coordinates": [ 139.501759004833247, 35.856345003008521 ] } },
{ "type": "Feature", "properties": { "P29_001": "11245", "P29_002": "A111324500049", "P29_003": "16011", "P29_004": "香取第二幼稚園", "P29_005": "埼玉県ふじみ野市清見3-7-5", "P29_006": "4", "P29_007": "0", "P29_008": "00", "P29_009": null }, "geometry": { "type": "Point", "coordinates": [ 139.520595998131114, 35.88351200229188 ] } },
{ "type": "Feature", "properties": { "P29_001": "11245", "P29_002": "A111324500058", "P29_003": "16011", "P29_004": "なみき幼稚園", "P29_005": "埼玉県ふじみ野市大井661-5", "P29_006": "4", "P29_007": "0", "P29_008": "00", "P29_009": null }, "geometry": { "type": "Point", "coordinates": [ 139.524334005050719, 35.849457997183286 ] } },
{ "type": "Feature", "properties": { "P29_001": "11245", "P29_002": "A111324500067", "P29_003": "16011", "P29_004": "ながみや幼稚園", "P29_005": "埼玉県ふじみ野市滝1-4-1", "P29_006": "4", "P29_007": "0", "P29_008": "00", "P29_009": null }, "geometry": { "type": "Point", "coordinates": [ 139.527429004554449, 35.879471001037928 ] } },
{ "type": "Feature", "properties": { "P29_001": "11245", "P29_002": "A111324500076", "P29_003": "16011", "P29_004": "みほの幼稚園", "P29_005": "埼玉県ふじみ野市苗間720", "P29_006": "4", "P29_007": "0", "P29_008": "00", "P29_009": null }, "geometry": { "type": "Point", "coordinates": [ 139.532148156842283, 35.860469425278367 ] } },
{ "type": "Feature", "properties": { "P29_001": "11245", "P29_002": "A111324500085", "P29_003": "16011", "P29_004": "ふくおか柿の木幼稚園", "P29_005": "埼玉県ふじみ野市谷田2-8-22", "P29_006": "4", "P29_007": "0", "P29_008": "00", "P29_009": null }, "geometry": { "type": "Point", "coordinates": [ 139.538087002299704, 35.872971995419782 ] } },
{ "type": "Feature", "properties": { "P29_001": "11246", "P29_002": "A111324600011", "P29_003": "16011", "P29_004": "学校法人白岡学園興善寺幼稚園", "P29_005": "埼玉県白岡市白岡972-1", "P29_006": "4", "P29_007": "0", "P29_008": "00", "P29_009": null }, "geometry": { "type": "Point", "coordinates": [ 139.657702994621189, 36.022736004737098 ] } },
{ "type": "Feature", "properties": { "P29_001": "11246", "P29_002": "A111324600020", "P29_003": "16011", "P29_004": "菁莪幼稚園", "P29_005": "埼玉県白岡市下野田831-2", "P29_006": "4", "P29_007": "0", "P29_008": "00", "P29_009": null }, "geometry": { "type": "Point", "coordinates": [ 139.692927003804101, 36.015605996548629 ] } },
{ "type": "Feature", "properties": { "P29_001": "11246", "P29_002": "A111324600039", "P29_003": "16011", "P29_004": "杉の子幼稚園", "P29_005": "埼玉県白岡市新白岡5-2-14", "P29_006": "4", "P29_007": "0", "P29_008": "00", "P29_009": null }, "geometry": { "type": "Point", "coordinates": [ 139.672509997844799, 36.036673003824937 ] } },
{ "type": "Feature", "properties": { "P29_001": "11246", "P29_002": "A111324600048", "P29_003": "16011", "P29_004": "白岡天使幼稚園", "P29_005": "埼玉県白岡市小久喜618-1", "P29_006": "4", "P29_007": "0", "P29_008": "00", "P29_009": null }, "geometry": { "type": "Point", "coordinates": [ 139.671017002956177, 36.011168003450784 ] } },
{ "type": "Feature", "properties": { "P29_001": "11301", "P29_002": "A111330100013", "P29_003": "16011", "P29_004": "伊奈はなぞの幼稚園", "P29_005": "埼玉県北足立郡伊奈町大針236-2", "P29_006": "4", "P29_007": "0", "P29_008": "00", "P29_009": null }, "geometry": { "type": "Point", "coordinates": [ 139.625398999112605, 36.003948002164826 ] } },
{ "type": "Feature", "properties": { "P29_001": "11301", "P29_002": "A111330100022", "P29_003": "16011", "P29_004": "認定こども園しろがね小室幼稚園", "P29_005": "埼玉県北足立郡伊奈町小室3230", "P29_006": "4", "P29_007": "0", "P29_008": "00", "P29_009": null }, "geometry": { "type": "Point", "coordinates": [ 139.6340490029134, 35.981909999023145 ] } },
{ "type": "Feature", "properties": { "P29_001": "11301", "P29_002": "A111330100031", "P29_003": "16011", "P29_004": "伊奈栄幼稚園", "P29_005": "埼玉県北足立郡伊奈町小室2201", "P29_006": "4", "P29_007": "0", "P29_008": "00", "P29_009": null }, "geometry": { "type": "Point", "coordinates": [ 139.642296996537311, 35.977450001680367 ] } },
{ "type": "Feature", "properties": { "P29_001": "11324", "P29_002": "A111332400016", "P29_003": "16011", "P29_004": "学校法人新武蔵野学園みふじ幼稚園", "P29_005": "埼玉県入間郡三芳町藤久保733-1", "P29_006": "4", "P29_007": "0", "P29_008": "00", "P29_009": null }, "geometry": { "type": "Point", "coordinates": [ 139.531592000987558, 35.836143001216989 ] } },
{ "type": "Feature", "properties": { "P29_001": "11324", "P29_002": "A111332400034", "P29_003": "16011", "P29_004": "かみとめ幼稚園", "P29_005": "埼玉県入間郡三芳町上富1567-4", "P29_006": "4", "P29_007": "0", "P29_008": "00", "P29_009": null }, "geometry": { "type": "Point", "coordinates": [ 139.489937000324488, 35.835513998675282 ] } },
{ "type": "Feature", "properties": { "P29_001": "11326", "P29_002": "A111332600014", "P29_003": "16011", "P29_004": "認定こども園毛呂山愛仕幼稚園", "P29_005": "埼玉県入間郡毛呂山町岩井西4-13-2", "P29_006": "4", "P29_007": "0", "P29_008": "00", "P29_009": null }, "geometry": { "type": "Point", "coordinates": [ 139.311220995804746, 35.939660998764062 ] } },
{ "type": "Feature", "properties": { "P29_001": "11326", "P29_002": "A111332600023", "P29_003": "16011", "P29_004": "毛呂山幼稚園", "P29_005": "埼玉県入間郡毛呂山町前久保698-1", "P29_006": "4", "P29_007": "0", "P29_008": "00", "P29_009": null }, "geometry": { "type": "Point", "coordinates": [ 139.325988727748552, 35.950526967700753 ] } },
{ "type": "Feature", "properties": { "P29_001": "11326", "P29_002": "A111332600032", "P29_003": "16011", "P29_004": "ながせ幼稚園", "P29_005": "埼玉県入間郡毛呂山町大字前久保497", "P29_006": "4", "P29_007": "0", "P29_008": "00", "P29_009": null }, "geometry": { "type": "Point", "coordinates": [ 139.325086005242724, 35.949762997525021 ] } },
{ "type": "Feature", "properties": { "P29_001": "11327", "P29_002": "A111332700013", "P29_003": "16011", "P29_004": "越生みどり幼稚園", "P29_005": "埼玉県入間郡越生町越生950", "P29_006": "4", "P29_007": "0", "P29_008": "00", "P29_009": null }, "geometry": { "type": "Point", "coordinates": [ 139.29324199112915, 35.963160123511081 ] } },
{ "type": "Feature", "properties": { "P29_001": "11343", "P29_002": "A111334300013", "P29_003": "16011", "P29_004": "おがわ幼稚園", "P29_005": "埼玉県比企郡小川町大塚261", "P29_006": "4", "P29_007": "0", "P29_008": "00", "P29_009": null }, "geometry": { "type": "Point", "coordinates": [ 139.257683157850124, 36.057448885103625 ] } },
{ "type": "Feature", "properties": { "P29_001": "11346", "P29_002": "A111334600010", "P29_003": "16011", "P29_004": "学校法人利根川学園とねがわ幼稚園", "P29_005": "埼玉県比企郡川島町中山1733-2", "P29_006": "4", "P29_007": "0", "P29_008": "00", "P29_009": null }, "geometry": { "type": "Point", "coordinates": [ 139.450748547539064, 35.984791209744373 ] } },
{ "type": "Feature", "properties": { "P29_001": "11347", "P29_002": "A111334700019", "P29_003": "16011", "P29_004": "よしみ幼稚園", "P29_005": "埼玉県比企郡吉見町御所146-2", "P29_006": "4", "P29_007": "0", "P29_008": "00", "P29_009": null }, "geometry": { "type": "Point", "coordinates": [ 139.448789000978934, 36.048742997905208 ] } },
{ "type": "Feature", "properties": { "P29_001": "11349", "P29_002": "A111334900017", "P29_003": "16011", "P29_004": "ひかりの村こども園", "P29_005": "埼玉県比企郡ときがわ町瀬戸元上21-1", "P29_006": "4", "P29_007": "0", "P29_008": "00", "P29_009": null }, "geometry": { "type": "Point", "coordinates": [ 139.271627997948002, 35.998281003788819 ] } },
{ "type": "Feature", "properties": { "P29_001": "11363", "P29_002": "A111336300018", "P29_003": "16011", "P29_004": "長瀞幼稚園", "P29_005": "埼玉県秩父郡長瀞町大字長瀞1414-2", "P29_006": "4", "P29_007": "0", "P29_008": "00", "P29_009": null }, "geometry": { "type": "Point", "coordinates": [ 139.115203997413857, 36.087703999656007 ] } },
{ "type": "Feature", "properties": { "P29_001": "11385", "P29_002": "A111338500012", "P29_003": "16011", "P29_004": "神保原幼稚園", "P29_005": "埼玉県児玉郡上里町大字神保原町459-1", "P29_006": "4", "P29_007": "0", "P29_008": "00", "P29_009": null }, "geometry": { "type": "Point", "coordinates": [ 139.148113994049623, 36.258184001776577 ] } },
{ "type": "Feature", "properties": { "P29_001": "11385", "P29_002": "A111338500021", "P29_003": "16011", "P29_004": "上里幼稚園", "P29_005": "埼玉県児玉郡上里町大字七本木3293-4", "P29_006": "4", "P29_007": "0", "P29_008": "00", "P29_009": null }, "geometry": { "type": "Point", "coordinates": [ 139.135948998600099, 36.233405001544966 ] } },
{ "type": "Feature", "properties": { "P29_001": "11408", "P29_002": "A111340800015", "P29_003": "16011", "P29_004": "寄居若竹幼稚園", "P29_005": "埼玉県大里郡寄居町大字露梨子414-1", "P29_006": "4", "P29_007": "0", "P29_008": "00", "P29_009": null }, "geometry": { "type": "Point", "coordinates": [ 139.215766412531593, 36.10772175493166 ] } },
{ "type": "Feature", "properties": { "P29_001": "11442", "P29_002": "A111344200013", "P29_003": "16011", "P29_004": "宮代幼稚園", "P29_005": "埼玉県南埼玉郡宮代町道仏3-7-1", "P29_006": "4", "P29_007": "0", "P29_008": "00", "P29_009": null }, "geometry": { "type": "Point", "coordinates": [ 139.728692995915509, 36.016360002969478 ] } },
{ "type": "Feature", "properties": { "P29_001": "11442", "P29_002": "A111344200022", "P29_003": "16011", "P29_004": "姫宮成就院幼稚園", "P29_005": "埼玉県南埼玉郡宮代町宮東922-1", "P29_006": "4", "P29_007": "0", "P29_008": "00", "P29_009": null }, "geometry": { "type": "Point", "coordinates": [ 139.751511004778223, 36.010800001679357 ] } },
{ "type": "Feature", "properties": { "P29_001": "11442", "P29_002": "A111344200031", "P29_003": "16011", "P29_004": "宮代須賀幼稚園", "P29_005": "埼玉県南埼玉郡宮代町須賀973-1", "P29_006": "4", "P29_007": "0", "P29_008": "00", "P29_009": null }, "geometry": { "type": "Point", "coordinates": [ 139.712873994400752, 36.029882999990313 ] } },
{ "type": "Feature", "properties": { "P29_001": "11442", "P29_002": "A111344200040", "P29_003": "16011", "P29_004": "宝光寺幼稚園", "P29_005": "埼玉県南埼玉郡宮代町西粂原1593-2", "P29_006": "4", "P29_007": "0", "P29_008": "00", "P29_009": null }, "geometry": { "type": "Point", "coordinates": [ 139.700136004603849, 36.032821003483512 ] } },
{ "type": "Feature", "properties": { "P29_001": "11464", "P29_002": "A111346400016", "P29_003": "16011", "P29_004": "杉戸白百合幼稚園", "P29_005": "埼玉県北葛飾郡杉戸町下高野572-5", "P29_006": "4", "P29_007": "0", "P29_008": "00", "P29_009": null }, "geometry": { "type": "Point", "coordinates": [ 139.706348996123438, 36.041658997930803 ] } },
{ "type": "Feature", "properties": { "P29_001": "11465", "P29_002": "A111346500015", "P29_003": "16011", "P29_004": "たから幼稚園", "P29_005": "埼玉県北葛飾郡松伏町上赤岩1200", "P29_006": "4", "P29_007": "0", "P29_008": "00", "P29_009": null }, "geometry": { "type": "Point", "coordinates": [ 139.819436997041407, 35.918717001020596 ] } }
]
}
