{
"type": "FeatureCollection",
"name": "geo_11_訪問看護",
"crs": { "type": "name", "properties": { "name": "urn:ogc:def:crs:OGC:1.3:CRS84" } },
"features": [
{ "type": "Feature", "properties": { "内容": "おおみや生協訪問看護ステーション【訪問看護】埼玉県さいたま市西区指扇1070医療生協おおみやケアセンター", "url": "https://www.kaigokensaku.mhlw.go.jp/11/index.php?action_kouhyou_detail_004_kani=true&JigyosyoCd=1166591044-00&ServiceCd=130&Type=search", "url2": "https://www.mcp-saitama.or.jp/" }, "geometry": { "type": "Point", "coordinates": [ 139.57863569999995, 35.9122087 ] } },
{ "type": "Feature", "properties": { "内容": "かなで訪問看護ステーション【訪問看護】埼玉県さいたま市西区高木1366-1", "url": "https://www.kaigokensaku.mhlw.go.jp/11/index.php?action_kouhyou_detail_004_kani=true&JigyosyoCd=1166591135-00&ServiceCd=130&Type=search", "url2": "https://www.kanadehoukan.jp" }, "geometry": { "type": "Point", "coordinates": [ 139.578951499999988, 35.9376269 ] } },
{ "type": "Feature", "properties": { "内容": "西大宮訪問看護ステーション【訪問看護】西大宮三丁目3番地", "url": "https://www.kaigokensaku.mhlw.go.jp/11/index.php?action_kouhyou_detail_004_kani=true&JigyosyoCd=1166590772-00&ServiceCd=130&Type=search", "url2": "http://www.nurse-saitama.jp/" }, "geometry": { "type": "Point", "coordinates": [ 139.580299690077339, 35.925466576171083 ] } },
{ "type": "Feature", "properties": { "内容": "大宮西訪問看護ステーションくるみ【訪問看護】さいたま市西区西遊馬1259-2", "url": "https://www.kaigokensaku.mhlw.go.jp/11/index.php?action_kouhyou_detail_004_kani=true&JigyosyoCd=1160390021-00&ServiceCd=130&Type=search", "url2": "https://hakushinkai.jp/facilities/home_visit_nursing/" }, "geometry": { "type": "Point", "coordinates": [ 139.5639509, 35.9144486 ] } },
{ "type": "Feature", "properties": { "内容": "訪問看護リベル西大宮【訪問看護】埼玉県さいたま市西区西遊馬1261−１", "url": "https://www.kaigokensaku.mhlw.go.jp/11/index.php?action_kouhyou_detail_004_kani=true&JigyosyoCd=1166591861-00&ServiceCd=130&Type=search", "url2": "https://www.libercare.jp/location/nurse/nishioomiya/" }, "geometry": { "type": "Point", "coordinates": [ 139.5644704, 35.9145207 ] } },
{ "type": "Feature", "properties": { "内容": "埼玉県さいたま市西区三橋5丁目1868番地1ヨコミゾハイツ201【訪問看護】埼玉県さいたま市西区三橋5丁目1868番地1ヨコミゾハイツ201", "url": "https://www.kaigokensaku.mhlw.go.jp/11/index.php?action_kouhyou_detail_004_kani=true&JigyosyoCd=1166592489-00&ServiceCd=130&Type=search", "url2": "https://oharinoa.wixsite.com/my-site" }, "geometry": { "type": "Point", "coordinates": [ 139.5945532, 35.90486 ] } },
{ "type": "Feature", "properties": { "内容": "カガクル訪問看護ステーション大宮【訪問看護】埼玉県さいたま市西区大字内野本郷477-1", "url": "https://www.kaigokensaku.mhlw.go.jp/11/index.php?action_kouhyou_detail_004_kani=true&JigyosyoCd=1166592364-00&ServiceCd=130&Type=search", "url2": "kagakull-oomiya@rinc-t.co.jp" }, "geometry": { "type": "Point", "coordinates": [ 139.591824599999967, 35.9365679 ] } },
{ "type": "Feature", "properties": { "内容": "ロイヤル三橋訪問看護ステーション【訪問看護】埼玉県さいたま市西区三橋6丁目1372-2ロイヤルレジンデンス三橋", "url": "https://www.kaigokensaku.mhlw.go.jp/11/index.php?action_kouhyou_detail_004_kani=true&JigyosyoCd=1166591085-00&ServiceCd=130&Type=search", "url2": "http://syasouken.com/" }, "geometry": { "type": "Point", "coordinates": [ 139.5903973, 35.9164589 ] } },
{ "type": "Feature", "properties": { "内容": "いまここ訪問看護ステーション【訪問看護】埼玉県さいたま市北区東大成町2丁目112", "url": "https://www.kaigokensaku.mhlw.go.jp/11/index.php?action_kouhyou_detail_004_kani=true&JigyosyoCd=1166592265-00&ServiceCd=130&Type=search", "url2": "https://imacoco-nurse.com/" }, "geometry": { "type": "Point", "coordinates": [ 139.6214922, 35.9254659 ] } },
{ "type": "Feature", "properties": { "内容": "コスモ訪問看護リハビリステーションさいたま北【訪問看護】さいたま市北区宮原町2-129-25", "url": "https://www.kaigokensaku.mhlw.go.jp/11/index.php?action_kouhyou_detail_004_kani=true&JigyosyoCd=1166590434-00&ServiceCd=130&Type=search", "url2": "http://cosmonurse.jp" }, "geometry": { "type": "Point", "coordinates": [ 139.61912929999994, 35.9448476 ] } },
{ "type": "Feature", "properties": { "内容": "コンパス訪問看護北大宮【訪問看護】埼玉県さいたま市北区盆栽町380-2", "url": "https://www.kaigokensaku.mhlw.go.jp/11/index.php?action_kouhyou_detail_004_kani=true&JigyosyoCd=1166590418-00&ServiceCd=130&Type=search", "url2": "http://www.kinoukaifuku.com/" }, "geometry": { "type": "Point", "coordinates": [ 139.622451500000011, 35.9267146 ] } },
{ "type": "Feature", "properties": { "内容": "スターク訪問看護ステーションさいたま北【訪問看護】埼玉県さいたま市北区日進町3-534-1宮原第2ビル2階", "url": "https://www.kaigokensaku.mhlw.go.jp/11/index.php?action_kouhyou_detail_004_kani=true&JigyosyoCd=1166591143-00&ServiceCd=130&Type=search", "url2": "https://star-q.jp/" }, "geometry": { "type": "Point", "coordinates": [ 139.6049614, 35.9384693 ] } },
{ "type": "Feature", "properties": { "内容": "独立行政法人地域医療機能推進機構さいたま北部医療センター附属訪問看護ステーション【訪問看護】埼玉県さいたま市北区宮原町1-851", "url": "https://www.kaigokensaku.mhlw.go.jp/11/index.php?action_kouhyou_detail_004_kani=true&JigyosyoCd=1166590368-00&ServiceCd=130&Type=search", "url2": "http://saitamahokubu.jcho.go.jp/" }, "geometry": { "type": "Point", "coordinates": [ 139.619863944409218, 35.932666368475886 ] } },
{ "type": "Feature", "properties": { "内容": "訪問看護リハビリステーション　りくらす【訪問看護】埼玉県さいたま市北区日進町1-508-9サンシャインシティ101号", "url": "https://www.kaigokensaku.mhlw.go.jp/11/index.php?action_kouhyou_detail_004_kani=true&JigyosyoCd=1166590681-00&ServiceCd=130&Type=search", "url2": "https://rikurasu-kango.com/" }, "geometry": { "type": "Point", "coordinates": [ -8.24389, 53.41291 ] } },
{ "type": "Feature", "properties": { "内容": "訪問看護あさひ土呂【訪問看護】埼玉県さいたま市北区土呂町2-16-11シャンドフルール102", "url": "https://www.kaigokensaku.mhlw.go.jp/11/index.php?action_kouhyou_detail_004_kani=true&JigyosyoCd=1166590533-00&ServiceCd=130&Type=search", "url2": "toro@asahi-kkc.co.jp" }, "geometry": { "type": "Point", "coordinates": [ 139.633472799999936, 35.932605700000011 ] } },
{ "type": "Feature", "properties": { "内容": "訪問看護ステーション高木【訪問看護】さいたま市北区日進町2-1277-105", "url": "https://www.kaigokensaku.mhlw.go.jp/11/index.php?action_kouhyou_detail_004_kani=true&JigyosyoCd=1166592125-00&ServiceCd=130&Type=search", "url2": null }, "geometry": { "type": "Point", "coordinates": [ 139.6020173, 35.9293617 ] } },
{ "type": "Feature", "properties": { "内容": "訪問看護ステーションHomies【訪問看護】さいたま市北区宮原町4-62-6北ウエルズ101", "url": "https://www.kaigokensaku.mhlw.go.jp/11/index.php?action_kouhyou_detail_004_kani=true&JigyosyoCd=1166592067-00&ServiceCd=130&Type=search", "url2": null }, "geometry": { "type": "Point", "coordinates": [ 139.611138, 35.9480027 ] } },
{ "type": "Feature", "properties": { "内容": "あゆみ訪問看護ステーション大宮北【訪問看護】埼玉県さいたま市北区本郷町157-1イタニティ壱番館104号", "url": "https://www.kaigokensaku.mhlw.go.jp/11/index.php?action_kouhyou_detail_004_kani=true&JigyosyoCd=1166590962-00&ServiceCd=130&Type=search", "url2": null }, "geometry": { "type": "Point", "coordinates": [ 139.627301699999947, 35.9399258 ] } },
{ "type": "Feature", "properties": { "内容": "訪問看護かえりえ奈良町【訪問看護】奈良町32-42階", "url": "https://www.kaigokensaku.mhlw.go.jp/11/index.php?action_kouhyou_detail_004_kani=true&JigyosyoCd=1166591150-00&ServiceCd=130&Type=search", "url2": "https://www.yasashiite.com/subdomains/section/619/" }, "geometry": { "type": "Point", "coordinates": [ 139.602845699999989, 35.9468078 ] } },
{ "type": "Feature", "properties": { "内容": "あんみつ訪問看護ステーション【訪問看護】埼玉県さいたま市北区別所町61-7ブランバーチネロＢ", "url": "https://www.kaigokensaku.mhlw.go.jp/11/index.php?action_kouhyou_detail_004_kani=true&JigyosyoCd=1166591747-00&ServiceCd=130&Type=search", "url2": null }, "geometry": { "type": "Point", "coordinates": [ 139.6148298, 35.9321423 ] } },
{ "type": "Feature", "properties": { "内容": "訪問看護ステーション　トータルケア大宮【訪問看護】宮原町4丁目101-5メイプルウエルズB105", "url": "https://www.kaigokensaku.mhlw.go.jp/11/index.php?action_kouhyou_detail_004_kani=true&JigyosyoCd=1166591994-00&ServiceCd=130&Type=search", "url2": "https://lecaldo.co.jp/total-care-omiya/" }, "geometry": { "type": "Point", "coordinates": [ 139.606332900000012, 35.9481554 ] } },
{ "type": "Feature", "properties": { "内容": "訪問看護ステーションつどい　さいたま【訪問看護】宮原町2-38-12MCPビル３F", "url": "https://www.kaigokensaku.mhlw.go.jp/11/index.php?action_kouhyou_detail_004_kani=true&JigyosyoCd=1166592521-00&ServiceCd=130&Type=search", "url2": "https://mcp-net.jp/" }, "geometry": { "type": "Point", "coordinates": [ 139.6134481, 35.9412548 ] } },
{ "type": "Feature", "properties": { "内容": "andYou訪問看護ステーション【訪問看護】埼玉県さいたま市北区宮原町3-231-3コーポひではる102", "url": "https://www.kaigokensaku.mhlw.go.jp/11/index.php?action_kouhyou_detail_004_kani=true&JigyosyoCd=1166591713-00&ServiceCd=130&Type=search", "url2": "https://www.andyounurse.com/" }, "geometry": { "type": "Point", "coordinates": [ 139.612460199999987, 35.9384396 ] } },
{ "type": "Feature", "properties": { "内容": "訪問看護ステーション夢眠みはし【訪問看護】埼玉県さいたま市大宮区三橋2丁目765番", "url": "https://www.kaigokensaku.mhlw.go.jp/11/index.php?action_kouhyou_detail_004_kani=true&JigyosyoCd=1166592216-00&ServiceCd=130&Type=search", "url2": null }, "geometry": { "type": "Point", "coordinates": [ 139.6060618, 35.8979545 ] } },
{ "type": "Feature", "properties": { "内容": "訪問看護ステーショングリーン【訪問看護】埼玉県さいたま市大宮区浅間町２丁目２５フェスティビティ大宮浅間町102", "url": "https://www.kaigokensaku.mhlw.go.jp/11/index.php?action_kouhyou_detail_004_kani=true&JigyosyoCd=1166592323-00&ServiceCd=130&Type=search", "url2": "www.smi-life.com" }, "geometry": { "type": "Point", "coordinates": [ 139.631693899999988, 35.9023868 ] } },
{ "type": "Feature", "properties": { "内容": "ソフィアメディ訪問看護ステーション大宮【訪問看護】宮町3-36-1ガルボ大宮宮町403号室", "url": "https://www.kaigokensaku.mhlw.go.jp/11/index.php?action_kouhyou_detail_004_kani=true&JigyosyoCd=1166591812-00&ServiceCd=130&Type=search", "url2": "https://www.sophiamedi.co.jp/station/omiya/" }, "geometry": { "type": "Point", "coordinates": [ 139.6262883, 35.9129873 ] } },
{ "type": "Feature", "properties": { "内容": "はなあかり訪問看護リハビリステーション大宮【訪問看護】大成町1-481浅見ビル201号室", "url": "https://www.kaigokensaku.mhlw.go.jp/11/index.php?action_kouhyou_detail_004_kani=true&JigyosyoCd=1166590608-00&ServiceCd=130&Type=search", "url2": "https://houkan.hanaakari-home.com/" }, "geometry": { "type": "Point", "coordinates": [ 139.612891200000035, 35.9103917 ] } },
{ "type": "Feature", "properties": { "内容": "愛ステップ大宮訪問看護ステーション【訪問看護】埼玉県さいたま市大宮区桜木町四丁目708渋谷ビル2階", "url": "https://www.kaigokensaku.mhlw.go.jp/11/index.php?action_kouhyou_detail_004_kani=true&JigyosyoCd=1166590897-00&ServiceCd=130&Type=search", "url2": "http://www.aistep.net/" }, "geometry": { "type": "Point", "coordinates": [ 139.617721500000016, 35.9005072 ] } },
{ "type": "Feature", "properties": { "内容": "コンパス訪問看護大宮西口【訪問看護】埼玉県さいたま市大宮区桜木町4-702-1秀宝ビル3階", "url": "https://www.kaigokensaku.mhlw.go.jp/11/index.php?action_kouhyou_detail_004_kani=true&JigyosyoCd=1166591325-00&ServiceCd=130&Type=search", "url2": "https://kinoukaifuku.com/" }, "geometry": { "type": "Point", "coordinates": [ 139.6184882, 35.900713 ] } },
{ "type": "Feature", "properties": { "内容": "ＡＬＳＯＫの介護さいたま訪問看護ステーション【訪問看護】埼玉県さいたま市大宮区三橋2-794-2本社2第ビル1F", "url": "https://www.kaigokensaku.mhlw.go.jp/11/index.php?action_kouhyou_detail_004_kani=true&JigyosyoCd=1166590087-00&ServiceCd=130&Type=search", "url2": null }, "geometry": { "type": "Point", "coordinates": [ 139.60603912981378, 35.899214166783224 ] } },
{ "type": "Feature", "properties": { "内容": "SOMPOケア大宮訪問看護【訪問看護】仲町3-13-1住友生命第二ビル１階", "url": "https://www.kaigokensaku.mhlw.go.jp/11/index.php?action_kouhyou_detail_004_kani=true&JigyosyoCd=1166591689-00&ServiceCd=130&Type=search", "url2": "http://wwwsompocare.com" }, "geometry": { "type": "Point", "coordinates": [ 139.628813065987828, 35.905620341868421 ] } },
{ "type": "Feature", "properties": { "内容": "医療法人　明浩会　訪問看護ステーション・タッチ【訪問看護】さいたま市大宮区三橋１丁目１１８２", "url": "https://www.kaigokensaku.mhlw.go.jp/11/index.php?action_kouhyou_detail_004_kani=true&JigyosyoCd=1160390062-00&ServiceCd=130&Type=search", "url2": "http://www.nishiohmiya-hp.or.jp" }, "geometry": { "type": "Point", "coordinates": [ 139.600103499999932, 35.9071307 ] } },
{ "type": "Feature", "properties": { "内容": "グレース訪問看護ステーション大宮【訪問看護】宮町3-7-3ヤナカビル2F", "url": "https://www.kaigokensaku.mhlw.go.jp/11/index.php?action_kouhyou_detail_004_kani=true&JigyosyoCd=1166592026-00&ServiceCd=130&Type=search", "url2": "https://www.a-hmc.com/facilities" }, "geometry": { "type": "Point", "coordinates": [ 139.6271638, 35.9103119 ] } },
{ "type": "Feature", "properties": { "内容": "ひさご訪問看護リハビリステーション【訪問看護】さいたま市大宮区浅間町1-172-2", "url": "https://www.kaigokensaku.mhlw.go.jp/11/index.php?action_kouhyou_detail_004_kani=true&JigyosyoCd=1166590749-00&ServiceCd=130&Type=search", "url2": "https://gourd.co.jp" }, "geometry": { "type": "Point", "coordinates": [ 139.634661079432561, 35.904722025471564 ] } },
{ "type": "Feature", "properties": { "内容": "ひかり訪問看護ステーション大宮【訪問看護】埼玉県さいたま市大宮区大成町3-337岸ビル1階", "url": "https://www.kaigokensaku.mhlw.go.jp/11/index.php?action_kouhyou_detail_004_kani=true&JigyosyoCd=1166591648-00&ServiceCd=130&Type=search", "url2": "https://www.hikari-ns.net/home-nursing-care" }, "geometry": { "type": "Point", "coordinates": [ 139.615378788616596, 35.918939175818984 ] } },
{ "type": "Feature", "properties": { "内容": "CLASWELL大宮訪問看護ステーション【訪問看護】埼玉県さいたま市大宮区上小町475－2CLASWELL大宮", "url": "https://www.kaigokensaku.mhlw.go.jp/11/index.php?action_kouhyou_detail_004_kani=true&JigyosyoCd=1166592497-00&ServiceCd=130&Type=search", "url2": "https://kc-welfare.co.jp/" }, "geometry": { "type": "Point", "coordinates": [ 139.610010162728713, 35.90256205649338 ] } },
{ "type": "Feature", "properties": { "内容": "しりうす訪問看護ステーション大宮【訪問看護】埼玉県さいたま市大宮区東町2丁目136番地5BAUHAUS大宮A号室", "url": "https://www.kaigokensaku.mhlw.go.jp/11/index.php?action_kouhyou_detail_004_kani=true&JigyosyoCd=1166592554-00&ServiceCd=130&Type=search", "url2": "https://aoboshi.net/" }, "geometry": { "type": "Point", "coordinates": [ 139.6338747, 35.9096547 ] } },
{ "type": "Feature", "properties": { "内容": "ひかり訪問看護ステーション新都心【訪問看護】埼玉県さいたま市大宮区吉敷町　4₋262₋8プリムローズセキグチ２階", "url": "https://www.kaigokensaku.mhlw.go.jp/11/index.php?action_kouhyou_detail_004_kani=true&JigyosyoCd=1166592430-00&ServiceCd=130&Type=search", "url2": "https://hikari-lifes.net/home-nursing" }, "geometry": { "type": "Point", "coordinates": [ 139.6327537, 35.8956934 ] } },
{ "type": "Feature", "properties": { "内容": "訪問看護ステーション　はな　大宮【訪問看護】埼玉県さいたま市大宮区桜木町１－１－１０OZSAKURAビル8階", "url": "https://www.kaigokensaku.mhlw.go.jp/11/index.php?action_kouhyou_detail_004_kani=true&JigyosyoCd=1166591606-00&ServiceCd=130&Type=search", "url2": "https://www.hana-kango.com/about_us/index.html" }, "geometry": { "type": "Point", "coordinates": [ 139.621773499999989, 35.9054499 ] } },
{ "type": "Feature", "properties": { "内容": "医心館訪問看護ステーション東大宮【訪問看護】埼玉県さいたま市見沼区東大宮5丁目27－3", "url": "https://www.kaigokensaku.mhlw.go.jp/11/index.php?action_kouhyou_detail_004_kani=true&JigyosyoCd=1166591531-00&ServiceCd=130&Type=search", "url2": null }, "geometry": { "type": "Point", "coordinates": [ 139.643100742522194, 35.947038512600074 ] } },
{ "type": "Feature", "properties": { "内容": "ベストリハ訪問看護ステーション大宮東【訪問看護】東門前44－3メゾンドソレイユ2階202号室", "url": "https://www.kaigokensaku.mhlw.go.jp/11/index.php?action_kouhyou_detail_004_kani=true&JigyosyoCd=1166592091-00&ServiceCd=130&Type=search", "url2": null }, "geometry": { "type": "Point", "coordinates": [ 139.7351855, 35.5351949 ] } },
{ "type": "Feature", "properties": { "内容": "精神特化型訪問看護ステーションこなみ【訪問看護】春岡1－23－5", "url": "https://www.kaigokensaku.mhlw.go.jp/11/index.php?action_kouhyou_detail_004_kani=true&JigyosyoCd=1166592315-00&ServiceCd=130&Type=search", "url2": null }, "geometry": { "type": "Point", "coordinates": [ 137.910609599999987, 34.793696099999984 ] } },
{ "type": "Feature", "properties": { "内容": "サンウェルズ東大宮訪問看護ステーション【訪問看護】東大宮6丁目6-2PDハウス東大宮", "url": "https://www.kaigokensaku.mhlw.go.jp/11/index.php?action_kouhyou_detail_004_kani=true&JigyosyoCd=1166592281-00&ServiceCd=130&Type=search", "url2": null }, "geometry": { "type": "Point", "coordinates": [ 139.6426587, 35.945581 ] } },
{ "type": "Feature", "properties": { "内容": "れんげ見沼訪問看護リハビリステーション【訪問看護】埼玉県さいたま市見沼区大字御蔵218-7アクアビル3F", "url": "https://www.kaigokensaku.mhlw.go.jp/11/index.php?action_kouhyou_detail_004_kani=true&JigyosyoCd=1166592083-00&ServiceCd=130&Type=search", "url2": "https://www.proviamo.co.jp/" }, "geometry": { "type": "Point", "coordinates": [ 139.670155388214994, 35.914803880780006 ] } },
{ "type": "Feature", "properties": { "内容": "メディナス訪問看護ステーション東大宮【訪問看護】埼玉県さいたま市見沼区東大宮2-49-7WODDY　VILLAGE201", "url": "https://www.kaigokensaku.mhlw.go.jp/11/index.php?action_kouhyou_detail_004_kani=true&JigyosyoCd=1166590863-00&ServiceCd=130&Type=search", "url2": "https://medinus.jp/" }, "geometry": { "type": "Point", "coordinates": [ 139.634575, 35.950889 ] } },
{ "type": "Feature", "properties": { "内容": "医療法人社団　医凰会　訪問看護ステーション　まごころ【訪問看護】埼玉県さいたま市見沼区堀崎町1678", "url": "https://www.kaigokensaku.mhlw.go.jp/11/index.php?action_kouhyou_detail_004_kani=true&JigyosyoCd=1160390070-00&ServiceCd=130&Type=search", "url2": "http://www.ioukai.or.jp/sisetu/magokoro.html" }, "geometry": { "type": "Point", "coordinates": [ 139.648025810307132, 35.938648562854446 ] } },
{ "type": "Feature", "properties": { "内容": "ケアーズ訪問看護リハビリステーション大和田【訪問看護】埼玉県さいたま市見沼区御蔵744-1御蔵マンション303号室", "url": "https://www.kaigokensaku.mhlw.go.jp/11/index.php?action_kouhyou_detail_004_kani=true&JigyosyoCd=1166590889-00&ServiceCd=130&Type=search", "url2": "https://houmonkango-caremove.com/" }, "geometry": { "type": "Point", "coordinates": [ 139.670756907987538, 35.906747671578515 ] } },
{ "type": "Feature", "properties": { "内容": "ブライトライフ訪問看護おおみや【訪問看護】埼玉県さいたま市見沼区南中野681-2201号", "url": "https://www.kaigokensaku.mhlw.go.jp/11/index.php?action_kouhyou_detail_004_kani=true&JigyosyoCd=1166590905-00&ServiceCd=130&Type=search", "url2": "brightlife.co.jp" }, "geometry": { "type": "Point", "coordinates": [ 139.652216100000032, 35.914830599999981 ] } },
{ "type": "Feature", "properties": { "内容": "あしすと訪問看護リハビリステーション【訪問看護】さいたま市見沼区深作1-19-1", "url": "https://www.kaigokensaku.mhlw.go.jp/11/index.php?action_kouhyou_detail_004_kani=true&JigyosyoCd=1166590426-00&ServiceCd=130&Type=search", "url2": "https://medicalassist-s.com/" }, "geometry": { "type": "Point", "coordinates": [ 139.665525354297216, 35.949031681370087 ] } },
{ "type": "Feature", "properties": { "内容": "訪問看護ステーションともいきケア大宮【訪問看護】埼玉県さいたま市見沼区南中丸29-1", "url": "https://www.kaigokensaku.mhlw.go.jp/11/index.php?action_kouhyou_detail_004_kani=true&JigyosyoCd=1166591846-00&ServiceCd=130&Type=search", "url2": "https://tomoikicare.com/" }, "geometry": { "type": "Point", "coordinates": [ 139.652109, 35.9102738 ] } },
{ "type": "Feature", "properties": { "内容": "あい訪問看護リハビリステーション東大宮【訪問看護】埼玉県さいたま市見沼区東大宮7-17-37グランドジュネス102", "url": "https://www.kaigokensaku.mhlw.go.jp/11/index.php?action_kouhyou_detail_004_kani=true&JigyosyoCd=1166590848-00&ServiceCd=130&Type=search", "url2": "https://houmonkango-lifesup-aj.com/" }, "geometry": { "type": "Point", "coordinates": [ 139.6481877, 35.9467875 ] } },
{ "type": "Feature", "properties": { "内容": "ビッグスマイル訪問看護ステーション【訪問看護】埼玉県さいたま市見沼区深作2-18-17", "url": "https://www.kaigokensaku.mhlw.go.jp/11/index.php?action_kouhyou_detail_004_kani=true&JigyosyoCd=1166590780-00&ServiceCd=130&Type=search", "url2": "http://www.rehabilitation.pro/" }, "geometry": { "type": "Point", "coordinates": [ 139.670392392997201, 35.951222385349801 ] } },
{ "type": "Feature", "properties": { "内容": "医療法人社団協友会　東大宮訪問看護ステーション【訪問看護】さいたま市見沼区東大宮5-8-3　サーパス東大宮102", "url": "https://www.kaigokensaku.mhlw.go.jp/11/index.php?action_kouhyou_detail_004_kani=true&JigyosyoCd=1160390039-00&ServiceCd=130&Type=search", "url2": "www.achs.jp/section/nursingteam/visit/station/higashi_oomiya/" }, "geometry": { "type": "Point", "coordinates": [ 139.640243933252719, 35.945649596618189 ] } },
{ "type": "Feature", "properties": { "内容": "けいあい訪問看護ステーション【訪問看護】埼玉県さいたま市見沼区南中野468-1", "url": "https://www.kaigokensaku.mhlw.go.jp/11/index.php?action_kouhyou_detail_004_kani=true&JigyosyoCd=1166591499-00&ServiceCd=130&Type=search", "url2": "keiai-houkan.com" }, "geometry": { "type": "Point", "coordinates": [ 139.658357002849527, 35.908777310681145 ] } },
{ "type": "Feature", "properties": { "内容": "たんぽぽ訪問看護ステーション【訪問看護】埼玉県さいたま市見沼区大和田町2-401-6", "url": "https://www.kaigokensaku.mhlw.go.jp/11/index.php?action_kouhyou_detail_004_kani=true&JigyosyoCd=1166590475-00&ServiceCd=130&Type=search", "url2": null }, "geometry": { "type": "Point", "coordinates": [ 139.644963500000017, 35.9284954 ] } },
{ "type": "Feature", "properties": { "内容": "カナリア訪問看護ステーション【訪問看護】埼玉県さいたま市見沼区大谷1683－2", "url": "https://www.kaigokensaku.mhlw.go.jp/11/index.php?action_kouhyou_detail_004_kani=true&JigyosyoCd=1166591895-00&ServiceCd=130&Type=search", "url2": "https://tan591466.studio.site/1" }, "geometry": { "type": "Point", "coordinates": [ 139.668593345525835, 35.926001876607202 ] } },
{ "type": "Feature", "properties": { "内容": "大宮共立病院訪問看護ステーション【訪問看護】埼玉県さいたま市見沼区大字片柳１５５０", "url": "https://www.kaigokensaku.mhlw.go.jp/11/index.php?action_kouhyou_detail_004_kani=true&JigyosyoCd=1160390047-00&ServiceCd=130&Type=search", "url2": "http://www.omiya-kyoritsu.or.jp/" }, "geometry": { "type": "Point", "coordinates": [ 139.694096, 35.8978199 ] } },
{ "type": "Feature", "properties": { "内容": "訪問看護ステーションあすなろ【訪問看護】埼玉県さいたま市見沼区東宮下351-4メゾン花園301", "url": "https://www.kaigokensaku.mhlw.go.jp/11/index.php?action_kouhyou_detail_004_kani=true&JigyosyoCd=1166591796-00&ServiceCd=130&Type=search", "url2": "http://www.asunaro-nurse.jp" }, "geometry": { "type": "Point", "coordinates": [ 139.677546336772451, 35.929035196132318 ] } },
{ "type": "Feature", "properties": { "内容": "つばさ訪問看護ステーション【訪問看護】埼玉県さいたま市見沼区東門前43-1", "url": "https://www.kaigokensaku.mhlw.go.jp/11/index.php?action_kouhyou_detail_004_kani=true&JigyosyoCd=1166590491-00&ServiceCd=130&Type=search", "url2": "http://www.tsubasakango.com/" }, "geometry": { "type": "Point", "coordinates": [ 139.665242199999966, 35.9319761 ] } },
{ "type": "Feature", "properties": { "内容": "ハピネスケア株式会社　みぬま訪問看護ステーション【訪問看護】埼玉県さいたま市見沼区中川907番地", "url": "https://www.kaigokensaku.mhlw.go.jp/11/index.php?action_kouhyou_detail_004_kani=true&JigyosyoCd=1166590129-00&ServiceCd=130&Type=search", "url2": "http://www.happiness-care.co.jp" }, "geometry": { "type": "Point", "coordinates": [ 139.653813500000069, 35.9041458 ] } },
{ "type": "Feature", "properties": { "内容": "PandaCare訪問看護ステーション埼玉【訪問看護】埼玉県さいたま市見沼区大字南中野1155番地3", "url": "https://www.kaigokensaku.mhlw.go.jp/11/index.php?action_kouhyou_detail_004_kani=true&JigyosyoCd=1166592463-00&ServiceCd=130&Type=search", "url2": null }, "geometry": { "type": "Point", "coordinates": [ 139.6627004, 35.9166719 ] } },
{ "type": "Feature", "properties": { "内容": "BKS訪問看護ステーション【訪問看護】埼玉県さいたま市見沼区東大宮5-35-23山田ビル302", "url": "https://www.kaigokensaku.mhlw.go.jp/11/index.php?action_kouhyou_detail_004_kani=true&JigyosyoCd=1166592448-00&ServiceCd=130&Type=search", "url2": null }, "geometry": { "type": "Point", "coordinates": [ 139.6436457, 35.9481925 ] } },
{ "type": "Feature", "properties": { "内容": "訪問看護ステーションharustyle東大宮【訪問看護】埼玉県さいたま市見沼区東大宮5-10-22セゾンガーデンハウス1階", "url": "https://www.kaigokensaku.mhlw.go.jp/11/index.php?action_kouhyou_detail_004_kani=true&JigyosyoCd=1166592372-00&ServiceCd=130&Type=search", "url2": null }, "geometry": { "type": "Point", "coordinates": [ 139.6418916, 35.9440835 ] } },
{ "type": "Feature", "properties": { "内容": "訪問看護ステーション　なないろ【訪問看護】堀崎町３０６－１", "url": "https://www.kaigokensaku.mhlw.go.jp/11/index.php?action_kouhyou_detail_004_kani=true&JigyosyoCd=1166592471-00&ServiceCd=130&Type=search", "url2": "https://www.instagram.com/tag_tomomi/" }, "geometry": { "type": "Point", "coordinates": [ 139.658242800000011, 35.9358758 ] } },
{ "type": "Feature", "properties": { "内容": "リプラス訪問看護ステーション見沼【訪問看護】埼玉県さいたま市見沼区東宮下332-3", "url": "https://www.kaigokensaku.mhlw.go.jp/11/index.php?action_kouhyou_detail_004_kani=true&JigyosyoCd=1166591978-00&ServiceCd=130&Type=search", "url2": "http://www.saint-care.com/" }, "geometry": { "type": "Point", "coordinates": [ 139.676347936807048, 35.928997505072275 ] } },
{ "type": "Feature", "properties": { "内容": "訪問看護かえりえ東大宮【訪問看護】埼玉県さいたま市見沼区東大宮２丁目６－９", "url": "https://www.kaigokensaku.mhlw.go.jp/11/index.php?action_kouhyou_detail_004_kani=true&JigyosyoCd=1166590715-00&ServiceCd=130&Type=search", "url2": "https://sp.yasashiite.com" }, "geometry": { "type": "Point", "coordinates": [ 139.637406, 35.9430634 ] } },
{ "type": "Feature", "properties": { "内容": "ロイヤル見沼訪問看護ステーション【訪問看護】埼玉県さいたま市見沼区大谷390-1", "url": "https://www.kaigokensaku.mhlw.go.jp/11/index.php?action_kouhyou_detail_004_kani=true&JigyosyoCd=1166592109-00&ServiceCd=130&Type=search", "url2": "https://syasouken.com/" }, "geometry": { "type": "Point", "coordinates": [ 139.669958585319478, 35.918225716102505 ] } },
{ "type": "Feature", "properties": { "内容": "SAILINGLIFE訪問看護リハビリステーション【訪問看護】埼玉県さいたま市中央区新中里5ｰ20ｰ9エーデルイハイツ　102", "url": "https://www.kaigokensaku.mhlw.go.jp/11/index.php?action_kouhyou_detail_004_kani=true&JigyosyoCd=1166591309-00&ServiceCd=130&Type=search", "url2": "https://sailinghoumon.com" }, "geometry": { "type": "Point", "coordinates": [ 139.634828145403304, 35.880828248553925 ] } },
{ "type": "Feature", "properties": { "内容": "指定訪問看護アットリハ浦和【訪問看護】埼玉県さいたま市中央区大戸6-12-12パールハイツ宮田1階", "url": "https://www.kaigokensaku.mhlw.go.jp/11/index.php?action_kouhyou_detail_004_kani=true&JigyosyoCd=1166591911-00&ServiceCd=130&Type=search", "url2": "https://at-care.co.jp/" }, "geometry": { "type": "Point", "coordinates": [ 139.6342233, 35.870106200000016 ] } },
{ "type": "Feature", "properties": { "内容": "ひまわり訪問看護ステーション【訪問看護】埼玉県さいたま市中央区本町東5丁目19番７号Village北栄201号", "url": "https://www.kaigokensaku.mhlw.go.jp/11/index.php?action_kouhyou_detail_004_kani=true&JigyosyoCd=1166591259-00&ServiceCd=130&Type=search", "url2": "http://hp.kaipoke.biz/x2f/" }, "geometry": { "type": "Point", "coordinates": [ 139.6215831, 35.8889692 ] } },
{ "type": "Feature", "properties": { "内容": "コンパス訪問看護与野本町【訪問看護】埼玉県さいたま市中央区本町東4-6-5", "url": "https://www.kaigokensaku.mhlw.go.jp/11/index.php?action_kouhyou_detail_004_kani=true&JigyosyoCd=1166591010-00&ServiceCd=130&Type=search", "url2": "https://keigo-group.co.jp/" }, "geometry": { "type": "Point", "coordinates": [ 139.6215698, 35.8859837 ] } },
{ "type": "Feature", "properties": { "内容": "トラストケアリハビリ訪問看護ステーション【訪問看護】埼玉県さいたま市中央区鈴谷4-10-52階", "url": "https://www.kaigokensaku.mhlw.go.jp/11/index.php?action_kouhyou_detail_004_kani=true&JigyosyoCd=1166590624-00&ServiceCd=130&Type=search", "url2": "https://t-care.net/" }, "geometry": { "type": "Point", "coordinates": [ 139.624010260852401, 35.872690172913586 ] } },
{ "type": "Feature", "properties": { "内容": "みつば訪問看護ステーション与野【訪問看護】埼玉県さいたま市中央区下落合6-9-6丸幸ビル４F", "url": "https://www.kaigokensaku.mhlw.go.jp/11/index.php?action_kouhyou_detail_004_kani=true&JigyosyoCd=1166591523-00&ServiceCd=130&Type=search", "url2": null }, "geometry": { "type": "Point", "coordinates": [ 139.6272989, 35.8823616 ] } },
{ "type": "Feature", "properties": { "内容": "医療法人　明医研　アトリオ訪問看護ステーション【訪問看護】さいたま市中央区上峰４－８－１８アスマヤテンポ１Ｆ", "url": "https://www.kaigokensaku.mhlw.go.jp/11/index.php?action_kouhyou_detail_004_kani=true&JigyosyoCd=1166590707-00&ServiceCd=130&Type=search", "url2": "http:/meiiken.or.jp" }, "geometry": { "type": "Point", "coordinates": [ 139.621270728241711, 35.877399982932474 ] } },
{ "type": "Feature", "properties": { "内容": "埼玉精神神経センター訪問看護ステーション【訪問看護】埼玉県さいたま市中央区本町東６－１１－７", "url": "https://www.kaigokensaku.mhlw.go.jp/11/index.php?action_kouhyou_detail_004_kani=true&JigyosyoCd=1166590301-00&ServiceCd=130&Type=search", "url2": "http://www.saitama-ni.com" }, "geometry": { "type": "Point", "coordinates": [ 139.61802739999996, 35.8935553 ] } },
{ "type": "Feature", "properties": { "内容": "訪問看護かえりえ大宮【訪問看護】埼玉県さいたま市中央区上峰4丁目1－9高瀬ビル202", "url": "https://www.kaigokensaku.mhlw.go.jp/11/index.php?action_kouhyou_detail_004_kani=true&JigyosyoCd=1166590640-00&ServiceCd=130&Type=search", "url2": "http://www.yasashiite.com/subdomains/section/395/" }, "geometry": { "type": "Point", "coordinates": [ 139.619435372911994, 35.875520710824915 ] } },
{ "type": "Feature", "properties": { "内容": "与野訪問看護ステーション【訪問看護】埼玉県さいたま市中央区新中里３－３－８", "url": "https://www.kaigokensaku.mhlw.go.jp/11/index.php?action_kouhyou_detail_004_kani=true&JigyosyoCd=1161590017-00&ServiceCd=130&Type=search", "url2": "http://nurse-saitama.jp" }, "geometry": { "type": "Point", "coordinates": [ 139.635968416979949, 35.875537943129032 ] } },
{ "type": "Feature", "properties": { "内容": "マザース南与野【訪問看護】鈴谷5丁目9-28", "url": "https://www.kaigokensaku.mhlw.go.jp/11/index.php?action_kouhyou_detail_004_kani=true&JigyosyoCd=1166592000-00&ServiceCd=130&Type=search", "url2": null }, "geometry": { "type": "Point", "coordinates": [ 139.630306200000035, 35.8734882 ] } },
{ "type": "Feature", "properties": { "内容": "セコムさいたま訪問看護ステーション【訪問看護】埼玉県さいたま市中央区下落合3-8-9セコム与野ビル４階", "url": "https://www.kaigokensaku.mhlw.go.jp/11/index.php?action_kouhyou_detail_004_kani=true&JigyosyoCd=1161590041-00&ServiceCd=130&Type=search", "url2": "http://www.nurse-secom.com/station.html" }, "geometry": { "type": "Point", "coordinates": [ 139.631388608598286, 35.885602761934486 ] } },
{ "type": "Feature", "properties": { "内容": "訪問看護リハビリステーションゆめみらい【訪問看護】埼玉県さいたま市中央区鈴谷7-10-25アステリスクエアC号室", "url": "https://www.kaigokensaku.mhlw.go.jp/11/index.php?action_kouhyou_detail_004_kani=true&JigyosyoCd=1166590798-00&ServiceCd=130&Type=search", "url2": "https://yumemirai.p-otani.co.jp/" }, "geometry": { "type": "Point", "coordinates": [ 139.626627360713229, 35.875552468668474 ] } },
{ "type": "Feature", "properties": { "内容": "訪問看護ファミリー・ホスピス大宮【訪問看護】埼玉県さいたま市中央区上落合6丁目10番11号", "url": "https://www.kaigokensaku.mhlw.go.jp/11/index.php?action_kouhyou_detail_004_kani=true&JigyosyoCd=1166592547-00&ServiceCd=130&Type=search", "url2": "https://family-hospice.co.jp/facility/6700/" }, "geometry": { "type": "Point", "coordinates": [ 139.6224178, 35.8952491 ] } },
{ "type": "Feature", "properties": { "内容": "有限会社アートライフ【訪問看護】さいたま市桜区西堀8-14-232F", "url": "https://www.kaigokensaku.mhlw.go.jp/11/index.php?action_kouhyou_detail_004_kani=true&JigyosyoCd=1166592117-00&ServiceCd=130&Type=search", "url2": "https://artlife.bz/" }, "geometry": { "type": "Point", "coordinates": [ 139.6337318, 35.8589584 ] } },
{ "type": "Feature", "properties": { "内容": "彩の風訪問看護ステーション【訪問看護】埼玉県さいたま市桜区西堀1-11-5大巻ビル", "url": "https://www.kaigokensaku.mhlw.go.jp/11/index.php?action_kouhyou_detail_004_kani=true&JigyosyoCd=1166590806-00&ServiceCd=130&Type=search", "url2": "http://irodori-sainokaze.or.jp" }, "geometry": { "type": "Point", "coordinates": [ 139.636184102238531, 35.854383929921255 ] } },
{ "type": "Feature", "properties": { "内容": "訪問看護ステーションおかえり【訪問看護】埼玉県さいたま市桜区栄和5-11-19グレイストーエイ201", "url": "https://www.kaigokensaku.mhlw.go.jp/11/index.php?action_kouhyou_detail_004_kani=true&JigyosyoCd=1166592349-00&ServiceCd=130&Type=search", "url2": "https://www.okaeri-houkan.com/" }, "geometry": { "type": "Point", "coordinates": [ 139.6131958, 35.8647677 ] } },
{ "type": "Feature", "properties": { "内容": "スター訪問看護ステーション【訪問看護】埼玉県さいたま市桜区田島4-41-8", "url": "https://www.kaigokensaku.mhlw.go.jp/11/index.php?action_kouhyou_detail_004_kani=true&JigyosyoCd=1166590137-00&ServiceCd=130&Type=search", "url2": "https://www.starhoumon.com" }, "geometry": { "type": "Point", "coordinates": [ 139.626770399999941, 35.8467583 ] } },
{ "type": "Feature", "properties": { "内容": "医療法人聖仁会　訪問看護ステーションさくら聖仁会訪問看護ステーションさくら【訪問看護】埼玉県さいたま市桜区大字上大久保８３０番地1西部在宅ケアセンター3階", "url": "https://www.kaigokensaku.mhlw.go.jp/11/index.php?action_kouhyou_detail_004_kani=true&JigyosyoCd=1160190074-00&ServiceCd=130&Type=search", "url2": "http://www.sk㎎.jp/seibu-care/nursing-sakura/" }, "geometry": { "type": "Point", "coordinates": [ 139.614245699999969, 35.8724299 ] } },
{ "type": "Feature", "properties": { "内容": "リーフ訪問看護ステーション【訪問看護】埼玉県さいたま市桜区西堀7丁目19番28号アルピーノ102号", "url": "https://www.kaigokensaku.mhlw.go.jp/11/index.php?action_kouhyou_detail_004_kani=true&JigyosyoCd=1166591283-00&ServiceCd=130&Type=search", "url2": null }, "geometry": { "type": "Point", "coordinates": [ 139.6285815, 35.8590221 ] } },
{ "type": "Feature", "properties": { "内容": "訪問看護ステーション　フォーリーフ【訪問看護】埼玉県さいたま市桜区五関820-1", "url": "https://www.kaigokensaku.mhlw.go.jp/11/index.php?action_kouhyou_detail_004_kani=true&JigyosyoCd=1166591697-00&ServiceCd=130&Type=search", "url2": null }, "geometry": { "type": "Point", "coordinates": [ 139.59765440000001, 35.8692039 ] } },
{ "type": "Feature", "properties": { "内容": "アクティブ訪問看護リハビリステーション西浦和【訪問看護】埼玉県さいたま市桜区田島5-19-3FC28ビル1階", "url": "https://www.kaigokensaku.mhlw.go.jp/11/index.php?action_kouhyou_detail_004_kani=true&JigyosyoCd=1166591416-00&ServiceCd=130&Type=search", "url2": "https://active-houmonkango.com/" }, "geometry": { "type": "Point", "coordinates": [ 139.630424225148573, 35.84442688761488 ] } },
{ "type": "Feature", "properties": { "内容": "訪問看護ステーションsakura【訪問看護】西堀1丁目15-4", "url": "https://www.kaigokensaku.mhlw.go.jp/11/index.php?action_kouhyou_detail_004_kani=true&JigyosyoCd=1166592414-00&ServiceCd=130&Type=search", "url2": "https://c-human.co.jp/" }, "geometry": { "type": "Point", "coordinates": [ 139.547697199999988, 35.7754392 ] } },
{ "type": "Feature", "properties": { "内容": "訪問看護ステーションイノベル埼玉【訪問看護】埼玉県さいたま市浦和区北浦和3-9-6グッドヒル北浦和Ⅶ　1階", "url": "https://www.kaigokensaku.mhlw.go.jp/11/index.php?action_kouhyou_detail_004_kani=true&JigyosyoCd=1166592240-00&ServiceCd=130&Type=search", "url2": null }, "geometry": { "type": "Point", "coordinates": [ 139.6453005, 35.8739837 ] } },
{ "type": "Feature", "properties": { "内容": "はーとふる訪問看護ステーション【訪問看護】埼玉県さいたま市浦和区上木崎1-2-20セルテーヌ上木崎405", "url": "https://www.kaigokensaku.mhlw.go.jp/11/index.php?action_kouhyou_detail_004_kani=true&JigyosyoCd=1166592307-00&ServiceCd=130&Type=search", "url2": "https://heartfulvn.com/" }, "geometry": { "type": "Point", "coordinates": [ 139.639909, 35.884692 ] } },
{ "type": "Feature", "properties": { "内容": "精神科訪問看護ステーション白峰プラスワン【訪問看護】埼玉県さいたま市浦和区上木崎4-2-25", "url": "https://www.kaigokensaku.mhlw.go.jp/11/index.php?action_kouhyou_detail_004_kani=true&JigyosyoCd=1166592257-00&ServiceCd=130&Type=search", "url2": "hakuhouclinic.sakurane.jp" }, "geometry": { "type": "Point", "coordinates": [ 139.6458469, 35.885694300000047 ] } },
{ "type": "Feature", "properties": { "内容": "訪問看護ステーションリアン【訪問看護】埼玉県さいたま市浦和区上木崎8-11-20ケアセンター上木崎", "url": "https://www.kaigokensaku.mhlw.go.jp/11/index.php?action_kouhyou_detail_004_kani=true&JigyosyoCd=1166592018-00&ServiceCd=130&Type=search", "url2": "http://www.c-human.co.jp" }, "geometry": { "type": "Point", "coordinates": [ 139.647365400000012, 35.8914521 ] } },
{ "type": "Feature", "properties": { "内容": "アズミメディケアセンター浦和　訪問看護ステーションあづみ【訪問看護】埼玉県さいたま市浦和区岸町７－１－４荏原実業浦和ビル１F", "url": "https://www.kaigokensaku.mhlw.go.jp/11/index.php?action_kouhyou_detail_004_kani=true&JigyosyoCd=1160190116-00&ServiceCd=130&Type=search", "url2": "https://www.azumicorp.jp/" }, "geometry": { "type": "Point", "coordinates": [ 139.654226, 35.8559743 ] } },
{ "type": "Feature", "properties": { "内容": "医療生協ケアステーションうらしん【訪問看護】埼玉県さいたま市浦和区北浦和3-10-4", "url": "https://www.kaigokensaku.mhlw.go.jp/11/index.php?action_kouhyou_detail_004_kani=true&JigyosyoCd=1160190058-00&ServiceCd=130&Type=search", "url2": "https://www.mcp-saitama-kaigo.com/office/urashin/" }, "geometry": { "type": "Point", "coordinates": [ 139.645766890876757, 35.874107532010584 ] } },
{ "type": "Feature", "properties": { "内容": "埼玉メディカルセンター附属訪問看護ステーション【訪問看護】埼玉県さいたま市浦和区4-9-3", "url": "https://www.kaigokensaku.mhlw.go.jp/11/index.php?action_kouhyou_detail_004_kani=true&JigyosyoCd=1166591127-00&ServiceCd=130&Type=search", "url2": "https://saitama.jcho.go.jp" }, "geometry": { "type": "Point", "coordinates": [ 139.6433232, 35.8725389 ] } },
{ "type": "Feature", "properties": { "内容": "パートナー訪問看護ステーション【訪問看護】埼玉県さいたま市浦和区針ヶ谷2-14-32F", "url": "https://www.kaigokensaku.mhlw.go.jp/11/index.php?action_kouhyou_detail_004_kani=true&JigyosyoCd=1160190041-00&ServiceCd=130&Type=search", "url2": "http://kasai-iin.com/" }, "geometry": { "type": "Point", "coordinates": [ 139.643825339933187, 35.88272037487404 ] } },
{ "type": "Feature", "properties": { "内容": "晴れるや訪問看護ステーション【訪問看護】埼玉県さいたま市浦和区大字三崎399−3", "url": "https://www.kaigokensaku.mhlw.go.jp/11/index.php?action_kouhyou_detail_004_kani=true&JigyosyoCd=1166592042-00&ServiceCd=130&Type=search", "url2": "Http://www.hareruya-nurse.com" }, "geometry": { "type": "Point", "coordinates": [ 139.6603308, 35.890858 ] } },
{ "type": "Feature", "properties": { "内容": "彩のひがしうらわ訪問看護ステーション【訪問看護】埼玉県さいたま市緑区馬場1‐18‐10馬場A号棟", "url": "https://www.kaigokensaku.mhlw.go.jp/11/index.php?action_kouhyou_detail_004_kani=true&JigyosyoCd=1166592398-00&ServiceCd=130&Type=search", "url2": "https://sai-jp.com/office/#%e5%bd%a9%e3%81%ae%e3%81%b2%e3%81%8c%e3%81%97%e3%81%86%e3%82%89%e3%82%8f%e8%a8%aa%e5%95%8f%e7%9c%8b%e8%ad%b7%e3%82%b9%e3%83%86%e3%83%bc%e3%82%b7%e3%83%a7%e3%83%b3" }, "geometry": { "type": "Point", "coordinates": [ 139.6809815, 35.8874471 ] } },
{ "type": "Feature", "properties": { "内容": "ロイヤル浦和訪問看護ステーション【訪問看護】埼玉県さいたま市浦和区上木崎3-3-11", "url": "https://www.kaigokensaku.mhlw.go.jp/11/index.php?action_kouhyou_detail_004_kani=true&JigyosyoCd=1166591507-00&ServiceCd=130&Type=search", "url2": "https://syasouken.com" }, "geometry": { "type": "Point", "coordinates": [ 139.643734699999982, 35.8882376 ] } },
{ "type": "Feature", "properties": { "内容": "株式会社エスリード【訪問看護】埼玉県さいたま市南区南本町２丁目１１番３号", "url": "https://www.kaigokensaku.mhlw.go.jp/11/index.php?action_kouhyou_detail_004_kani=true&JigyosyoCd=1166592232-00&ServiceCd=130&Type=search", "url2": null }, "geometry": { "type": "Point", "coordinates": [ 139.6668517, 35.8472152 ] } },
{ "type": "Feature", "properties": { "内容": "訪問看護ステーション　トータルケア浦和【訪問看護】埼玉県さいたま市南区南浦和2-41-4つばさビル４階", "url": "https://www.kaigokensaku.mhlw.go.jp/11/index.php?action_kouhyou_detail_004_kani=true&JigyosyoCd=1166592190-00&ServiceCd=130&Type=search", "url2": "https://lecaldo.co.jp/total-care-urawa/" }, "geometry": { "type": "Point", "coordinates": [ 139.672077266173574, 35.848821243558284 ] } },
{ "type": "Feature", "properties": { "内容": "れんげ南浦和訪問看護・リハビリステーション【訪問看護】埼玉県さいたま市南区白幡４丁目16-11アルボレダ武蔵浦和Ⅰ405", "url": "https://www.kaigokensaku.mhlw.go.jp/11/index.php?action_kouhyou_detail_004_kani=true&JigyosyoCd=1166591838-00&ServiceCd=130&Type=search", "url2": "https://www.proviamo.co.jp/" }, "geometry": { "type": "Point", "coordinates": [ 139.667751900000013, 35.8407237 ] } },
{ "type": "Feature", "properties": { "内容": "ソフィアメディ訪問看護ステーション南浦和【訪問看護】埼玉県さいたま市南区文蔵2-32-3-1F", "url": "https://www.kaigokensaku.mhlw.go.jp/11/index.php?action_kouhyou_detail_004_kani=true&JigyosyoCd=1166591820-00&ServiceCd=130&Type=search", "url2": "https://www.sophiamedi.co.jp/station/minamiurawa/" }, "geometry": { "type": "Point", "coordinates": [ 139.6667108, 35.8439638 ] } },
{ "type": "Feature", "properties": { "内容": "きらめき訪問看護リハビリステーション南浦和事業所【訪問看護】埼玉県さいたま市南区南浦和3-43-11福森ビル1階", "url": "https://www.kaigokensaku.mhlw.go.jp/11/index.php?action_kouhyou_detail_004_kani=true&JigyosyoCd=1166591291-00&ServiceCd=130&Type=search", "url2": "https://kiramekiriha.co.jp/" }, "geometry": { "type": "Point", "coordinates": [ 139.6747527, 35.845273 ] } },
{ "type": "Feature", "properties": { "内容": "訪問看護ステーション　ぽけっと【訪問看護】さいたま市南区鹿手袋７丁目１０ー１４", "url": "https://www.kaigokensaku.mhlw.go.jp/11/index.php?action_kouhyou_detail_004_kani=true&JigyosyoCd=1166590251-00&ServiceCd=130&Type=search", "url2": "https://www.houmon-pocket.com/" }, "geometry": { "type": "Point", "coordinates": [ 139.635432957972057, 35.847485458467446 ] } },
{ "type": "Feature", "properties": { "内容": "コンパス訪問看護南浦和【訪問看護】埼玉県さいたま市南区文蔵4-5-17　1階", "url": "https://www.kaigokensaku.mhlw.go.jp/11/index.php?action_kouhyou_detail_004_kani=true&JigyosyoCd=1166591705-00&ServiceCd=130&Type=search", "url2": null }, "geometry": { "type": "Point", "coordinates": [ 139.6693649, 35.8403241 ] } },
{ "type": "Feature", "properties": { "内容": "ふわふわ訪問看護ステーション【訪問看護】文蔵3-35-6ウィステリアメゾン２０１号", "url": "https://www.kaigokensaku.mhlw.go.jp/11/index.php?action_kouhyou_detail_004_kani=true&JigyosyoCd=1166591556-00&ServiceCd=130&Type=search", "url2": "https://heart-city.info/" }, "geometry": { "type": "Point", "coordinates": [ 139.6731327, 35.8397138 ] } },
{ "type": "Feature", "properties": { "内容": "訪問看護リハビリステーションあおぞら【訪問看護】埼玉県さいたま市南区大字円正寺520-13", "url": "https://www.kaigokensaku.mhlw.go.jp/11/index.php?action_kouhyou_detail_004_kani=true&JigyosyoCd=1166590855-00&ServiceCd=130&Type=search", "url2": "www.aoki－chuoclinic.com" }, "geometry": { "type": "Point", "coordinates": [ 139.696341538931279, 35.853896793629353 ] } },
{ "type": "Feature", "properties": { "内容": "医療法人有隣会ありあけ訪問看護ステーション【訪問看護】埼玉県さいたま市南区太田窪1977-1", "url": "https://www.kaigokensaku.mhlw.go.jp/11/index.php?action_kouhyou_detail_004_kani=true&JigyosyoCd=1166590111-00&ServiceCd=130&Type=search", "url2": "http://www.wakakusa-hospital.com" }, "geometry": { "type": "Point", "coordinates": [ 139.6815292, 35.8528667 ] } },
{ "type": "Feature", "properties": { "内容": "訪問看護リハビリステーション　埼玉さくらんぼⅡ番館【訪問看護】埼玉県さいたま市南区大字太田窪3516-17", "url": "https://www.kaigokensaku.mhlw.go.jp/11/index.php?action_kouhyou_detail_004_kani=true&JigyosyoCd=1166591408-00&ServiceCd=130&Type=search", "url2": "http://www.keijuen.or.jp" }, "geometry": { "type": "Point", "coordinates": [ 139.6927551, 35.8494686 ] } },
{ "type": "Feature", "properties": { "内容": "医心館訪問看護ステーション南浦和【訪問看護】埼玉県さいたま市南区南本町2－11－14", "url": "https://www.kaigokensaku.mhlw.go.jp/11/index.php?action_kouhyou_detail_004_kani=true&JigyosyoCd=1166590657-00&ServiceCd=130&Type=search", "url2": null }, "geometry": { "type": "Point", "coordinates": [ 139.666750200000024, 35.847292 ] } },
{ "type": "Feature", "properties": { "内容": "医療法人　明医研　ケアメイト訪問看護ステーション【訪問看護】さいたま市南区別所6-18-8", "url": "https://www.kaigokensaku.mhlw.go.jp/11/index.php?action_kouhyou_detail_004_kani=true&JigyosyoCd=1160190066-00&ServiceCd=130&Type=search", "url2": "http://meiiken.or.jp/" }, "geometry": { "type": "Point", "coordinates": [ 139.643213400000036, 35.8480222 ] } },
{ "type": "Feature", "properties": { "内容": "きらり訪問看護ステーション【訪問看護】埼玉県さいたま市南区大字大谷口5375", "url": "https://www.kaigokensaku.mhlw.go.jp/11/index.php?action_kouhyou_detail_004_kani=true&JigyosyoCd=1166590723-00&ServiceCd=130&Type=search", "url2": "https://kirari-station.com" }, "geometry": { "type": "Point", "coordinates": [ 139.695519399999966, 35.8597632 ] } },
{ "type": "Feature", "properties": { "内容": "訪問看護クロワッサン【訪問看護】埼玉県さいたま市南区鹿手袋3-23-28", "url": "https://www.kaigokensaku.mhlw.go.jp/11/index.php?action_kouhyou_detail_004_kani=true&JigyosyoCd=1166592273-00&ServiceCd=130&Type=search", "url2": "https://shincare-style.co.jp/croissant/" }, "geometry": { "type": "Point", "coordinates": [ 139.636997560458639, 35.849815293130369 ] } },
{ "type": "Feature", "properties": { "内容": "みのり訪問看護ステーション【訪問看護】埼玉県さいたま市南区大字大谷口2029番地4", "url": "https://www.kaigokensaku.mhlw.go.jp/11/index.php?action_kouhyou_detail_004_kani=true&JigyosyoCd=1166590103-00&ServiceCd=130&Type=search", "url2": "https://www.minori-kango.com/" }, "geometry": { "type": "Point", "coordinates": [ 139.693276114592834, 35.85678906429083 ] } },
{ "type": "Feature", "properties": { "内容": "医心館訪問看護ステーション武蔵浦和【訪問看護】埼玉県さいたま市南区別所２-24-３", "url": "https://www.kaigokensaku.mhlw.go.jp/11/index.php?action_kouhyou_detail_004_kani=true&JigyosyoCd=1166591069-00&ServiceCd=130&Type=search", "url2": null }, "geometry": { "type": "Point", "coordinates": [ 139.6459853, 35.8508906 ] } },
{ "type": "Feature", "properties": { "内容": "ケアサービス　きりん【訪問看護】さいたま市南区文蔵４－５－６", "url": "https://www.kaigokensaku.mhlw.go.jp/11/index.php?action_kouhyou_detail_004_kani=true&JigyosyoCd=1166590160-00&ServiceCd=130&Type=search", "url2": "https://www.cs-kirin.co.jp/" }, "geometry": { "type": "Point", "coordinates": [ 139.669236299999966, 35.8401845 ] } },
{ "type": "Feature", "properties": { "内容": "はみんぐ　訪問看護ステーション【訪問看護】さいたま市南区鹿手袋3-26-8101", "url": "https://www.kaigokensaku.mhlw.go.jp/11/index.php?action_kouhyou_detail_004_kani=true&JigyosyoCd=1160190090-00&ServiceCd=130&Type=search", "url2": "https://www.humming-saitama.com" }, "geometry": { "type": "Point", "coordinates": [ 139.6409635, 35.8493109 ] } },
{ "type": "Feature", "properties": { "内容": "ファインケア訪問看護ステーション浦和【訪問看護】埼玉県さいたま市南区文蔵2-2-12階", "url": "https://www.kaigokensaku.mhlw.go.jp/11/index.php?action_kouhyou_detail_004_kani=true&JigyosyoCd=1166591200-00&ServiceCd=130&Type=search", "url2": null }, "geometry": { "type": "Point", "coordinates": [ 139.669673744840338, 35.844433532297487 ] } },
{ "type": "Feature", "properties": { "内容": "ほまれ訪問看護ステーション【訪問看護】文蔵5-30-3", "url": "https://www.kaigokensaku.mhlw.go.jp/11/index.php?action_kouhyou_detail_004_kani=true&JigyosyoCd=1166590822-00&ServiceCd=130&Type=search", "url2": null }, "geometry": { "type": "Point", "coordinates": [ 139.669577564167213, 35.835779019913673 ] } },
{ "type": "Feature", "properties": { "内容": "訪問看護ステーションはなえみ浦和【訪問看護】埼玉県さいたま市南区文蔵４丁目１６−１７シティハイムアルファ１０３号室", "url": "https://www.kaigokensaku.mhlw.go.jp/11/index.php?action_kouhyou_detail_004_kani=true&JigyosyoCd=1166591515-00&ServiceCd=130&Type=search", "url2": "https://hanaemi-urawa.com/" }, "geometry": { "type": "Point", "coordinates": [ 139.6699829, 35.8382657 ] } },
{ "type": "Feature", "properties": { "内容": "アルセドライフ訪問看護ステーション【訪問看護】埼玉県さいたま市南区文蔵2-30-18第二石澤荘101号", "url": "https://www.kaigokensaku.mhlw.go.jp/11/index.php?action_kouhyou_detail_004_kani=true&JigyosyoCd=1166592455-00&ServiceCd=130&Type=search", "url2": null }, "geometry": { "type": "Point", "coordinates": [ 139.6665026, 35.8432236 ] } },
{ "type": "Feature", "properties": { "内容": "訪問看護ステーションあやめ浦和【訪問看護】埼玉県さいたま市南区大字大谷口817-1プランドール内山203", "url": "https://www.kaigokensaku.mhlw.go.jp/11/index.php?action_kouhyou_detail_004_kani=true&JigyosyoCd=1166592539-00&ServiceCd=130&Type=search", "url2": "https://firstnurse.co.jp/" }, "geometry": { "type": "Point", "coordinates": [ 139.6790976, 35.866711 ] } },
{ "type": "Feature", "properties": { "内容": "医心館訪問看護ステーション浦和美園【訪問看護】埼玉県さいたま市緑区大門1711番地1", "url": "https://www.kaigokensaku.mhlw.go.jp/11/index.php?action_kouhyou_detail_004_kani=true&JigyosyoCd=1166590764-00&ServiceCd=130&Type=search", "url2": null }, "geometry": { "type": "Point", "coordinates": [ 139.727446, 35.884608 ] } },
{ "type": "Feature", "properties": { "内容": "訪問看護ステーションいつき緑【訪問看護】埼玉県さいたま市緑区太田窪3丁目19-14小野田ハイツA棟204号室", "url": "https://www.kaigokensaku.mhlw.go.jp/11/index.php?action_kouhyou_detail_004_kani=true&JigyosyoCd=1166592141-00&ServiceCd=130&Type=search", "url2": "https://heartvillage.co.jp/" }, "geometry": { "type": "Point", "coordinates": [ 139.6761407, 35.8617931 ] } },
{ "type": "Feature", "properties": { "内容": "ふつうの訪問看護ステーション【訪問看護】さいたま市緑区大門2592−5グリーンハイツ石屋201", "url": "https://www.kaigokensaku.mhlw.go.jp/11/index.php?action_kouhyou_detail_004_kani=true&JigyosyoCd=1166592208-00&ServiceCd=130&Type=search", "url2": "https://www.futsuuno.co.jp" }, "geometry": { "type": "Point", "coordinates": [ 139.725809919712816, 35.88684319129176 ] } },
{ "type": "Feature", "properties": { "内容": "らしく訪問看護ステーション【訪問看護】埼玉県さいたま市緑区4-6-12プランヴェール　ドｳ403号", "url": "https://www.kaigokensaku.mhlw.go.jp/11/index.php?action_kouhyou_detail_004_kani=true&JigyosyoCd=1166592133-00&ServiceCd=130&Type=search", "url2": "https://ra-shi-ku.jp" }, "geometry": { "type": "Point", "coordinates": [ 139.6894584, 35.8820719 ] } },
{ "type": "Feature", "properties": { "内容": "カドルアップ訪問看護ステーション【訪問看護】埼玉県さいたま市緑区馬場2丁目３－１０ヴェレーザ301号室", "url": "https://www.kaigokensaku.mhlw.go.jp/11/index.php?action_kouhyou_detail_004_kani=true&JigyosyoCd=1166592059-00&ServiceCd=130&Type=search", "url2": null }, "geometry": { "type": "Point", "coordinates": [ 139.6850552, 35.8876814 ] } },
{ "type": "Feature", "properties": { "内容": "れんげ訪問看護・リハビリステーション【訪問看護】埼玉県さいたま市緑区東浦和4丁目6番2号エスプリット東浦和402/403", "url": "https://www.kaigokensaku.mhlw.go.jp/11/index.php?action_kouhyou_detail_004_kani=true&JigyosyoCd=1166590996-00&ServiceCd=130&Type=search", "url2": "https://www.proviamo.co.jp" }, "geometry": { "type": "Point", "coordinates": [ 139.702384933729462, 35.865750136221763 ] } },
{ "type": "Feature", "properties": { "内容": "訪問看護ステーションコルサ【訪問看護】埼玉県さいたま市緑区大間木2丁目3番地3", "url": "https://www.kaigokensaku.mhlw.go.jp/11/index.php?action_kouhyou_detail_004_kani=true&JigyosyoCd=1166590913-00&ServiceCd=130&Type=search", "url2": "https://www.c-human.co.jp" }, "geometry": { "type": "Point", "coordinates": [ 139.6932812, 35.8768666 ] } },
{ "type": "Feature", "properties": { "内容": "だいそう訪問看護リハビリステーション東浦和【訪問看護】埼玉県さいたま市緑区東浦和5-1-11高野煎餅ビル2F", "url": "https://www.kaigokensaku.mhlw.go.jp/11/index.php?action_kouhyou_detail_004_kani=true&JigyosyoCd=1166590467-00&ServiceCd=130&Type=search", "url2": "http://d-cares.com" }, "geometry": { "type": "Point", "coordinates": [ 139.705955722900427, 35.863688545748033 ] } },
{ "type": "Feature", "properties": { "内容": "コスモス訪問看護リハビリステーション　浦和【訪問看護】埼玉県さいたま市緑区山崎1-10-20", "url": "https://www.kaigokensaku.mhlw.go.jp/11/index.php?action_kouhyou_detail_004_kani=true&JigyosyoCd=1166590954-00&ServiceCd=130&Type=search", "url2": "https://www.suzuya-s.co.jp/nursingcare_3.html" }, "geometry": { "type": "Point", "coordinates": [ 139.6651379, 35.8897564 ] } },
{ "type": "Feature", "properties": { "内容": "みなと訪問看護ステーション【訪問看護】埼玉県さいたま市緑区東浦和4-1-16　東宏ビル6‐3階", "url": "https://www.kaigokensaku.mhlw.go.jp/11/index.php?action_kouhyou_detail_004_kani=true&JigyosyoCd=1166591549-00&ServiceCd=130&Type=search", "url2": "https://minato-hns.com/" }, "geometry": { "type": "Point", "coordinates": [ 139.703514265745525, 35.866349981341848 ] } },
{ "type": "Feature", "properties": { "内容": "れんけい訪問看護ステーション【訪問看護】埼玉県さいたま市緑区松木3丁目16番地6号", "url": "https://www.kaigokensaku.mhlw.go.jp/11/index.php?action_kouhyou_detail_004_kani=true&JigyosyoCd=1160190033-00&ServiceCd=130&Type=search", "url2": "https://meiiken.or.jp/renkei/" }, "geometry": { "type": "Point", "coordinates": [ 139.688027700000021, 35.8840742 ] } },
{ "type": "Feature", "properties": { "内容": "ウィル訪問看護ステーション浦和【訪問看護】埼玉県さいたま市緑区東浦和4-1-17東宏ビル5-2階", "url": "https://www.kaigokensaku.mhlw.go.jp/11/index.php?action_kouhyou_detail_004_kani=true&JigyosyoCd=1166591382-00&ServiceCd=130&Type=search", "url2": "https://wyl.co.jp" }, "geometry": { "type": "Point", "coordinates": [ 139.703604753976322, 35.866276152340696 ] } },
{ "type": "Feature", "properties": { "内容": "うみそら訪問看護ステーション【訪問看護】埼玉県さいたま市緑区東浦和7丁目32番18号東浦和春栄ビル606号室", "url": "https://www.kaigokensaku.mhlw.go.jp/11/index.php?action_kouhyou_detail_004_kani=true&JigyosyoCd=1166591572-00&ServiceCd=130&Type=search", "url2": "https://umisora2525.com/" }, "geometry": { "type": "Point", "coordinates": [ 139.7023729, 35.8741097 ] } },
{ "type": "Feature", "properties": { "内容": "サンウェルズ東浦和訪問看護ステーション【訪問看護】東浦和7-21-9PDハウス東浦和", "url": "https://www.kaigokensaku.mhlw.go.jp/11/index.php?action_kouhyou_detail_004_kani=true&JigyosyoCd=1166592406-00&ServiceCd=130&Type=search", "url2": "https://sunwels.jp/" }, "geometry": { "type": "Point", "coordinates": [ 139.7047042, 35.8724052 ] } },
{ "type": "Feature", "properties": { "内容": "共済病院訪問看護ステーション　アンジュ【訪問看護】埼玉県さいたま市緑区原山四丁目4番1号", "url": "https://www.kaigokensaku.mhlw.go.jp/11/index.php?action_kouhyou_detail_004_kani=true&JigyosyoCd=1166591739-00&ServiceCd=130&Type=search", "url2": "http://www.kyosai-hosp.or.jp" }, "geometry": { "type": "Point", "coordinates": [ 139.6757642, 35.87157 ] } },
{ "type": "Feature", "properties": { "内容": "看護クラーク浦和美園【訪問看護】美園1-36-26", "url": "https://www.kaigokensaku.mhlw.go.jp/11/index.php?action_kouhyou_detail_004_kani=true&JigyosyoCd=1166591952-00&ServiceCd=130&Type=search", "url2": "https://cuc-hospice.com/rehope/" }, "geometry": { "type": "Point", "coordinates": [ 139.7196027, 35.9068524 ] } },
{ "type": "Feature", "properties": { "内容": "訪問看護ステーション　わらふく【訪問看護】埼玉県さいたま市緑区大牧1495番22号", "url": "https://www.kaigokensaku.mhlw.go.jp/11/index.php?action_kouhyou_detail_004_kani=true&JigyosyoCd=1166592505-00&ServiceCd=130&Type=search", "url2": null }, "geometry": { "type": "Point", "coordinates": [ 139.7019789, 35.8763018 ] } },
{ "type": "Feature", "properties": { "内容": "訪問看護ステーション日々喜【訪問看護】埼玉県さいたま市緑区東浦和7-43-7東浦和貸店舗1階", "url": "https://www.kaigokensaku.mhlw.go.jp/11/index.php?action_kouhyou_detail_004_kani=true&JigyosyoCd=1166592356-00&ServiceCd=130&Type=search", "url2": "https://www.hibikiegao.com" }, "geometry": { "type": "Point", "coordinates": [ 139.700472, 35.8731035 ] } },
{ "type": "Feature", "properties": { "内容": "株式会社COCORONCARE【訪問看護】埼玉県さいたま市岩槻区大字上野９４５－２", "url": "https://www.kaigokensaku.mhlw.go.jp/11/index.php?action_kouhyou_detail_004_kani=true&JigyosyoCd=1166592331-00&ServiceCd=130&Type=search", "url2": "http://cocoron-c.com" }, "geometry": { "type": "Point", "coordinates": [ 139.6992363, 35.977098 ] } },
{ "type": "Feature", "properties": { "内容": "訪問看護ステーションいわつき【訪問看護】埼玉県さいたま市岩槻区本町２－７－２", "url": "https://www.kaigokensaku.mhlw.go.jp/11/index.php?action_kouhyou_detail_004_kani=true&JigyosyoCd=1160790022-00&ServiceCd=130&Type=search", "url2": null }, "geometry": { "type": "Point", "coordinates": [ 139.695199799999955, 35.9447004 ] } },
{ "type": "Feature", "properties": { "内容": "コスモ訪問看護ステーション岩槻【訪問看護】埼玉県さいたま市岩槻区西原6-33", "url": "https://www.kaigokensaku.mhlw.go.jp/11/index.php?action_kouhyou_detail_004_kani=true&JigyosyoCd=1166590970-00&ServiceCd=130&Type=search", "url2": "http://www.cosmonurse.jp/" }, "geometry": { "type": "Point", "coordinates": [ 139.683122899999944, 35.9524158 ] } },
{ "type": "Feature", "properties": { "内容": "七葉訪問看護ステーション【訪問看護】徳力456-1", "url": "https://www.kaigokensaku.mhlw.go.jp/11/index.php?action_kouhyou_detail_004_kani=true&JigyosyoCd=1166590731-00&ServiceCd=130&Type=search", "url2": "nanaha-kanko.jp" }, "geometry": { "type": "Point", "coordinates": [ 139.715874500000012, 35.9700157 ] } },
{ "type": "Feature", "properties": { "内容": "コンパス訪問看護岩槻【訪問看護】さいたま市岩槻区東岩槻１丁目２－３ＹＣビル　２０２", "url": "https://www.kaigokensaku.mhlw.go.jp/11/index.php?action_kouhyou_detail_004_kani=true&JigyosyoCd=1166591564-00&ServiceCd=130&Type=search", "url2": "https://keigo-group.co.jp/company/history/" }, "geometry": { "type": "Point", "coordinates": [ 139.7111186, 35.9634557 ] } },
{ "type": "Feature", "properties": { "内容": "訪問看護ステーション樹林【訪問看護】埼玉県さいたま市岩槻区西町3丁目2番24号", "url": "https://www.kaigokensaku.mhlw.go.jp/11/index.php?action_kouhyou_detail_004_kani=true&JigyosyoCd=1166591853-00&ServiceCd=130&Type=search", "url2": "https://kantaki-jurin.jp/" }, "geometry": { "type": "Point", "coordinates": [ 139.686670600000014, 35.9547682 ] } },
{ "type": "Feature", "properties": { "内容": "訪問看護ステーションひびき【訪問看護】埼玉県さいたま市岩槻区本町４丁目２番７号", "url": "https://www.kaigokensaku.mhlw.go.jp/11/index.php?action_kouhyou_detail_004_kani=true&JigyosyoCd=1160790048-00&ServiceCd=130&Type=search", "url2": null }, "geometry": { "type": "Point", "coordinates": [ 139.697024400000032, 35.9494165 ] } },
{ "type": "Feature", "properties": { "内容": "れんげ岩槻訪問看護リハビリステーション【訪問看護】埼玉県さいたま市岩槻区東岩槻４丁目10-1メゾン岡102", "url": "https://www.kaigokensaku.mhlw.go.jp/11/index.php?action_kouhyou_detail_004_kani=true&JigyosyoCd=1166592422-00&ServiceCd=130&Type=search", "url2": "https://www.proviamo.co.jp/" }, "geometry": { "type": "Point", "coordinates": [ 139.7118412, 35.9623499 ] } },
{ "type": "Feature", "properties": { "内容": "訪問看護ステーション花梨【訪問看護】愛宕町7-1シェアハウゼン大照1F", "url": "https://www.kaigokensaku.mhlw.go.jp/11/index.php?action_kouhyou_detail_004_kani=true&JigyosyoCd=1166591598-00&ServiceCd=130&Type=search", "url2": null }, "geometry": { "type": "Point", "coordinates": [ 139.696562501591586, 35.953133633946734 ] } },
{ "type": "Feature", "properties": { "内容": "あすぽす訪問看護リハビリステーション岩槻【訪問看護】本町３丁目２０番１５号亀谷大工町ビル２階", "url": "https://www.kaigokensaku.mhlw.go.jp/11/index.php?action_kouhyou_detail_004_kani=true&JigyosyoCd=1166591267-00&ServiceCd=130&Type=search", "url2": "https://aspos-hokan-iwatsuki.com/" }, "geometry": { "type": "Point", "coordinates": [ 139.697469770299364, 35.952026946596426 ] } },
{ "type": "Feature", "properties": { "内容": "帯津三敬病院訪問看護【訪問看護】埼玉県川越市大中居545", "url": "https://www.kaigokensaku.mhlw.go.jp/11/index.php?action_kouhyou_detail_004_kani=true&JigyosyoCd=1110405175-00&ServiceCd=130&Type=search", "url2": "houmon@obitsusankei.or.jp" }, "geometry": { "type": "Point", "coordinates": [ 139.5109285, 35.9076699 ] } },
{ "type": "Feature", "properties": { "内容": "川越市訪問看護ステーション　ソラリス【訪問看護】埼玉県川越市南大塚1395-1", "url": "https://www.kaigokensaku.mhlw.go.jp/11/index.php?action_kouhyou_detail_004_kani=true&JigyosyoCd=1160490557-00&ServiceCd=130&Type=search", "url2": "https://sunstay.co.jp/solaris.html" }, "geometry": { "type": "Point", "coordinates": [ 139.451059, 35.8918566 ] } },
{ "type": "Feature", "properties": { "内容": "訪問看護ステーションアナベル【訪問看護】埼玉県川越市笠幡69番地１０", "url": "https://www.kaigokensaku.mhlw.go.jp/11/index.php?action_kouhyou_detail_004_kani=true&JigyosyoCd=1160490565-00&ServiceCd=130&Type=search", "url2": null }, "geometry": { "type": "Point", "coordinates": [ 139.422584300000011, 35.9115946 ] } },
{ "type": "Feature", "properties": { "内容": "訪問看護ステーション元気アップ【訪問看護】埼玉県川越市今成4-10-15", "url": "https://www.kaigokensaku.mhlw.go.jp/11/index.php?action_kouhyou_detail_004_kani=true&JigyosyoCd=1160490532-00&ServiceCd=130&Type=search", "url2": "https://www.alife.co.jp/" }, "geometry": { "type": "Point", "coordinates": [ 139.466335, 35.9181634 ] } },
{ "type": "Feature", "properties": { "内容": "リプラス訪問看護ステーション川越【訪問看護】小仙波町3-6-8", "url": "https://www.kaigokensaku.mhlw.go.jp/11/index.php?action_kouhyou_detail_004_kani=true&JigyosyoCd=1160490573-00&ServiceCd=130&Type=search", "url2": "https://www.saint-care.com" }, "geometry": { "type": "Point", "coordinates": [ 139.4947386, 35.918095 ] } },
{ "type": "Feature", "properties": { "内容": "こども看護ステーションSTORY川越【訪問看護】埼玉県川越市岸町3-9-23ドルチェヴィラA号室", "url": "https://www.kaigokensaku.mhlw.go.jp/11/index.php?action_kouhyou_detail_004_kani=true&JigyosyoCd=1160490581-00&ServiceCd=130&Type=search", "url2": "kango-story.com" }, "geometry": { "type": "Point", "coordinates": [ 139.485364222090141, 35.894478037116414 ] } },
{ "type": "Feature", "properties": { "内容": "団栗訪問看護リハビリステーション【訪問看護】埼玉県川越市喜多町4-4", "url": "https://www.kaigokensaku.mhlw.go.jp/11/index.php?action_kouhyou_detail_004_kani=true&JigyosyoCd=1160490284-00&ServiceCd=130&Type=search", "url2": "http://niko-donguri.com" }, "geometry": { "type": "Point", "coordinates": [ 139.483453422090179, 35.926504614219482 ] } },
{ "type": "Feature", "properties": { "内容": "訪問看護ステーションひまわり【訪問看護】埼玉県川越市南台2丁目4-24田中連ビル203", "url": "https://www.kaigokensaku.mhlw.go.jp/11/index.php?action_kouhyou_detail_004_kani=true&JigyosyoCd=1160490623-00&ServiceCd=130&Type=search", "url2": "https://himawari-kawagoe.com" }, "geometry": { "type": "Point", "coordinates": [ 139.4518337, 35.8912147 ] } },
{ "type": "Feature", "properties": { "内容": "訪問看護　リベルテ【訪問看護】埼玉県川越市むさし野4-2BLオフィスe", "url": "https://www.kaigokensaku.mhlw.go.jp/11/index.php?action_kouhyou_detail_004_kani=true&JigyosyoCd=1160490631-00&ServiceCd=130&Type=search", "url2": "https://enoki-group-e-cubecare.jp/" }, "geometry": { "type": "Point", "coordinates": [ 139.472413499999988, 35.8922929 ] } },
{ "type": "Feature", "properties": { "内容": "訪問看護ステーション　彩　~いろどり~【訪問看護】埼玉県川越市南大塚３丁目１１番地２５第三太資ビル101", "url": "https://www.kaigokensaku.mhlw.go.jp/11/index.php?action_kouhyou_detail_004_kani=true&JigyosyoCd=1160490193-00&ServiceCd=130&Type=search", "url2": "https://tact-company.com" }, "geometry": { "type": "Point", "coordinates": [ 139.459285499999964, 35.8896325 ] } },
{ "type": "Feature", "properties": { "内容": "訪問看護ステーション南古谷【訪問看護】川越市久下戸１１０番地南古谷病院内", "url": "https://www.kaigokensaku.mhlw.go.jp/11/index.php?action_kouhyou_detail_004_kani=true&JigyosyoCd=1160490144-00&ServiceCd=130&Type=search", "url2": "houmon@minamifuruya.or.jp" }, "geometry": { "type": "Point", "coordinates": [ 139.542450499999973, 35.8908765 ] } },
{ "type": "Feature", "properties": { "内容": "医療法人刀圭会本川越病院【訪問看護】中原町1-12-1", "url": "https://www.kaigokensaku.mhlw.go.jp/11/index.php?action_kouhyou_detail_004_kani=true&JigyosyoCd=1110401554-00&ServiceCd=130&Type=search", "url2": "http://www.honkawagoe-hp.or.jp" }, "geometry": { "type": "Point", "coordinates": [ 139.480441502516186, 35.917299488773608 ] } },
{ "type": "Feature", "properties": { "内容": "訪問看護ステーション　みずほ【訪問看護】埼玉県川越市中台元町1丁目16番地42", "url": "https://www.kaigokensaku.mhlw.go.jp/11/index.php?action_kouhyou_detail_004_kani=true&JigyosyoCd=1160490045-00&ServiceCd=130&Type=search", "url2": "http://www.mizuhokai.or.jp" }, "geometry": { "type": "Point", "coordinates": [ 139.481160414016728, 35.89099952083378 ] } },
{ "type": "Feature", "properties": { "内容": "ほうもんかんごすてーしょん・すたーとらいん【訪問看護】埼玉県川越市新宿町6-23-18", "url": "https://www.kaigokensaku.mhlw.go.jp/11/index.php?action_kouhyou_detail_004_kani=true&JigyosyoCd=1160490367-00&ServiceCd=130&Type=search", "url2": "https://startline-kawagoe.jp" }, "geometry": { "type": "Point", "coordinates": [ 139.473445699999985, 35.8960315 ] } },
{ "type": "Feature", "properties": { "内容": "医心館訪問看護ステーション川越【訪問看護】埼玉県川越市新宿町1丁目2-1", "url": "https://www.kaigokensaku.mhlw.go.jp/11/index.php?action_kouhyou_detail_004_kani=true&JigyosyoCd=1160490334-00&ServiceCd=130&Type=search", "url2": null }, "geometry": { "type": "Point", "coordinates": [ 139.480291, 35.9032566 ] } },
{ "type": "Feature", "properties": { "内容": "訪問看護ステーションデューン川越【訪問看護】埼玉県川越市脇田本町11番地27地研ビル　2階", "url": "https://www.kaigokensaku.mhlw.go.jp/11/index.php?action_kouhyou_detail_004_kani=true&JigyosyoCd=1160490094-00&ServiceCd=130&Type=search", "url2": "http://www.nfield.co.jp" }, "geometry": { "type": "Point", "coordinates": [ 139.479829865220637, 35.906416420130185 ] } },
{ "type": "Feature", "properties": { "内容": "カナオ訪問看護リハビリステーション【訪問看護】川越市藤木町30-1大河内ビル2階", "url": "https://www.kaigokensaku.mhlw.go.jp/11/index.php?action_kouhyou_detail_004_kani=true&JigyosyoCd=1160490102-00&ServiceCd=130&Type=search", "url2": "http://www.kanao.jp" }, "geometry": { "type": "Point", "coordinates": [ 139.512224899999978, 35.8964527 ] } },
{ "type": "Feature", "properties": { "内容": "赤心堂病院【訪問看護】埼玉県川越市脇田本町25-19", "url": "https://www.kaigokensaku.mhlw.go.jp/11/index.php?action_kouhyou_detail_004_kani=true&JigyosyoCd=1110401893-00&ServiceCd=130&Type=search", "url2": "https://www.sekishindo.or.jp/" }, "geometry": { "type": "Point", "coordinates": [ 139.4805692, 35.9095425 ] } },
{ "type": "Feature", "properties": { "内容": "きらめき訪問看護リハビリステーション【訪問看護】埼玉県川越市富士見町31-9川越SEビル102号室", "url": "https://www.kaigokensaku.mhlw.go.jp/11/index.php?action_kouhyou_detail_004_kani=true&JigyosyoCd=1160490185-00&ServiceCd=130&Type=search", "url2": "http://kiramekihoukan.com/" }, "geometry": { "type": "Point", "coordinates": [ 139.4905688, 35.9045844 ] } },
{ "type": "Feature", "properties": { "内容": "訪問看護ステーション　アスエイド【訪問看護】埼玉県川越市旭町1丁目8-4ベルテ川越102", "url": "https://www.kaigokensaku.mhlw.go.jp/11/index.php?action_kouhyou_detail_004_kani=true&JigyosyoCd=1160490417-00&ServiceCd=130&Type=search", "url2": "https://www.asaid.net" }, "geometry": { "type": "Point", "coordinates": [ 139.4748166, 35.902415 ] } },
{ "type": "Feature", "properties": { "内容": "訪問看護ステーション和音【訪問看護】かすみ野2-15-11", "url": "https://www.kaigokensaku.mhlw.go.jp/11/index.php?action_kouhyou_detail_004_kani=true&JigyosyoCd=1160490268-00&ServiceCd=130&Type=search", "url2": "http://www.achs.jp/section/nursingteam/visit/station/waon/" }, "geometry": { "type": "Point", "coordinates": [ 139.414063572079016, 35.903657434186485 ] } },
{ "type": "Feature", "properties": { "内容": "訪問看護ステーションまほろば【訪問看護】小仙波町２－１１－１", "url": "https://www.kaigokensaku.mhlw.go.jp/11/index.php?action_kouhyou_detail_004_kani=true&JigyosyoCd=1160490169-00&ServiceCd=130&Type=search", "url2": "http://hirose-cl.jp/mahoroba/" }, "geometry": { "type": "Point", "coordinates": [ 139.493687066270439, 35.919290828723035 ] } },
{ "type": "Feature", "properties": { "内容": "埼玉医科大学総合医療センター訪問看護ステーション【訪問看護】埼玉県川越市鴨田１９８１番地", "url": "https://www.kaigokensaku.mhlw.go.jp/11/index.php?action_kouhyou_detail_004_kani=true&JigyosyoCd=1160490060-00&ServiceCd=130&Type=search", "url2": "http://www.saitama-med.ac.jp/kawagoe/" }, "geometry": { "type": "Point", "coordinates": [ 139.52117830331872, 35.934903088036506 ] } },
{ "type": "Feature", "properties": { "内容": "医療法人真正会　訪問看護ステーションスマイル【訪問看護】埼玉県川越市安比奈新田259-2霞ヶ関在宅リハビリテーションセンター", "url": "https://www.kaigokensaku.mhlw.go.jp/11/index.php?action_kouhyou_detail_004_kani=true&JigyosyoCd=1160490037-00&ServiceCd=130&Type=search", "url2": "http://www.kasumi-gr.com/" }, "geometry": { "type": "Point", "coordinates": [ 139.419053782139599, 35.904813956800822 ] } },
{ "type": "Feature", "properties": { "内容": "三井ホームナーシングステーション【訪問看護】埼玉県川越市連雀町１９－３", "url": "https://www.kaigokensaku.mhlw.go.jp/11/index.php?action_kouhyou_detail_004_kani=true&JigyosyoCd=1160490086-00&ServiceCd=130&Type=search", "url2": "http://www.mitui-hospital.com" }, "geometry": { "type": "Point", "coordinates": [ 139.4844018, 35.9187376 ] } },
{ "type": "Feature", "properties": { "内容": "アネシス訪問看護ステーション【訪問看護】埼玉県川越市霞ヶ関北2-2-14", "url": "https://www.kaigokensaku.mhlw.go.jp/11/index.php?action_kouhyou_detail_004_kani=true&JigyosyoCd=1160490250-00&ServiceCd=130&Type=search", "url2": "www.tamurairyou.co.jp" }, "geometry": { "type": "Point", "coordinates": [ 139.435837099999958, 35.9259097 ] } },
{ "type": "Feature", "properties": { "内容": "こぶし武蔵野訪問看護ステーション【訪問看護】埼玉県川越市大袋新田777-31", "url": "https://www.kaigokensaku.mhlw.go.jp/11/index.php?action_kouhyou_detail_004_kani=true&JigyosyoCd=1160490342-00&ServiceCd=130&Type=search", "url2": "https://kobushi.musashino-hp.or.jp/" }, "geometry": { "type": "Point", "coordinates": [ 139.4472558, 35.891212 ] } },
{ "type": "Feature", "properties": { "内容": "医療法人　康正会総合クリニック【訪問看護】埼玉県川越市山田375番地1", "url": "https://www.kaigokensaku.mhlw.go.jp/11/index.php?action_kouhyou_detail_004_kani=true&JigyosyoCd=1110405142-00&ServiceCd=130&Type=search", "url2": "http://www.kouseikai-hosp.or.jp" }, "geometry": { "type": "Point", "coordinates": [ 139.4778669, 35.9358429 ] } },
{ "type": "Feature", "properties": { "内容": "川越南腎クリニック【訪問看護】埼玉県川越市新宿町3-8-7", "url": "https://www.kaigokensaku.mhlw.go.jp/11/index.php?action_kouhyou_detail_004_kani=true&JigyosyoCd=1110405159-00&ServiceCd=130&Type=search", "url2": "http://www.zuiyukai.jp/group/kawagoe-minami/" }, "geometry": { "type": "Point", "coordinates": [ 139.482352900000024, 35.9008097 ] } },
{ "type": "Feature", "properties": { "内容": "富家訪問看護ステーション川越【訪問看護】埼玉県川越市小仙波町2-53-1", "url": "https://www.kaigokensaku.mhlw.go.jp/11/index.php?action_kouhyou_detail_004_kani=true&JigyosyoCd=1160490607-00&ServiceCd=130&Type=search", "url2": null }, "geometry": { "type": "Point", "coordinates": [ 139.49611, 35.920168 ] } },
{ "type": "Feature", "properties": { "内容": "訪問看護かえりえ南大塚【訪問看護】埼玉県川越市南大塚5-33-6看多機かえりえ南大塚", "url": "https://www.kaigokensaku.mhlw.go.jp/11/index.php?action_kouhyou_detail_004_kani=true&JigyosyoCd=1160490441-00&ServiceCd=130&Type=search", "url2": "https://www.yasashiite.com/subdomains/section/825/" }, "geometry": { "type": "Point", "coordinates": [ 139.462854599999986, 35.8860152 ] } },
{ "type": "Feature", "properties": { "内容": "はん訪問看護ステーション川越【訪問看護】埼玉県川越市笠幡2082番地3", "url": "https://www.kaigokensaku.mhlw.go.jp/11/index.php?action_kouhyou_detail_004_kani=true&JigyosyoCd=1160490326-00&ServiceCd=130&Type=search", "url2": "www.chiseikai.jp" }, "geometry": { "type": "Point", "coordinates": [ 139.405309600000038, 35.914763200000031 ] } },
{ "type": "Feature", "properties": { "内容": "ベストリハ訪問看護ステーション川越南【訪問看護】藤間745", "url": "https://www.kaigokensaku.mhlw.go.jp/11/index.php?action_kouhyou_detail_004_kani=true&JigyosyoCd=1160490599-00&ServiceCd=130&Type=search", "url2": "https://bestreha.com/" }, "geometry": { "type": "Point", "coordinates": [ 139.496189500000014, 35.8783006 ] } },
{ "type": "Feature", "properties": { "内容": "訪問看護ステーション　紅白かわごえ【訪問看護】埼玉県川越市砂新田2-3-2マルハンダイヤモンドマンション1階A", "url": "https://www.kaigokensaku.mhlw.go.jp/11/index.php?action_kouhyou_detail_004_kani=true&JigyosyoCd=1160490664-00&ServiceCd=130&Type=search", "url2": null }, "geometry": { "type": "Point", "coordinates": [ 139.4913561, 35.8897853 ] } },
{ "type": "Feature", "properties": { "内容": "訪問看護ステーション　麦【訪問看護】埼玉県川越市大字並木617番地9グリーンコーポ101号室", "url": "https://www.kaigokensaku.mhlw.go.jp/11/index.php?action_kouhyou_detail_004_kani=true&JigyosyoCd=1160490383-00&ServiceCd=130&Type=search", "url2": "https://www.wheat-mugi.com" }, "geometry": { "type": "Point", "coordinates": [ 139.524957, 35.898979 ] } },
{ "type": "Feature", "properties": { "内容": "訪問看護ステーションまごころナース【訪問看護】埼玉県川越市砂新田2-3-2ダイヤモンドマンション306", "url": "https://www.kaigokensaku.mhlw.go.jp/11/index.php?action_kouhyou_detail_004_kani=true&JigyosyoCd=1160490649-00&ServiceCd=130&Type=search", "url2": null }, "geometry": { "type": "Point", "coordinates": [ 139.4913561, 35.8897853 ] } },
{ "type": "Feature", "properties": { "内容": "訪問看護ステーションsoin上野田町【訪問看護】埼玉県川越市上野田町34番地22", "url": "https://www.kaigokensaku.mhlw.go.jp/11/index.php?action_kouhyou_detail_004_kani=true&JigyosyoCd=1160490540-00&ServiceCd=130&Type=search", "url2": null }, "geometry": { "type": "Point", "coordinates": [ 139.469224700000012, 35.9128514 ] } },
{ "type": "Feature", "properties": { "内容": "キャンバス川越【訪問看護】埼玉県川越市上戸302-19", "url": "https://www.kaigokensaku.mhlw.go.jp/11/index.php?action_kouhyou_detail_004_kani=true&JigyosyoCd=1160490524-00&ServiceCd=130&Type=search", "url2": "https://www.w-plusone.co.jp" }, "geometry": { "type": "Point", "coordinates": [ 139.443751299999974, 35.930712300000017 ] } },
{ "type": "Feature", "properties": { "内容": "訪問看護ステーションヨハク【訪問看護】埼玉県川越市砂815-13", "url": "https://www.kaigokensaku.mhlw.go.jp/11/index.php?action_kouhyou_detail_004_kani=true&JigyosyoCd=1160490458-00&ServiceCd=130&Type=search", "url2": "https://scrap-build2022.com" }, "geometry": { "type": "Point", "coordinates": [ 139.494221900000014, 35.8926193 ] } },
{ "type": "Feature", "properties": { "内容": "なずな訪問看護ステーション【訪問看護】大字石田243-12F", "url": "https://www.kaigokensaku.mhlw.go.jp/11/index.php?action_kouhyou_detail_004_kani=true&JigyosyoCd=1160490318-00&ServiceCd=130&Type=search", "url2": "https://www.smile-land.com" }, "geometry": { "type": "Point", "coordinates": [ 139.48343060000002, 35.9383878 ] } },
{ "type": "Feature", "properties": { "内容": "ケアプロ訪問看護ステーション埼玉　熊谷ステーション【訪問看護】埼玉県熊谷市肥塚２丁目３番28号", "url": "https://www.kaigokensaku.mhlw.go.jp/11/index.php?action_kouhyou_detail_004_kani=true&JigyosyoCd=1163190402-00&ServiceCd=130&Type=search", "url2": "https://carepro-hmc.co.jp/" }, "geometry": { "type": "Point", "coordinates": [ 139.385149500000011, 36.1575384 ] } },
{ "type": "Feature", "properties": { "内容": "いしんかんほうもんかんごすてーしょんくまがや【訪問看護】埼玉県熊谷市肥塚四丁目150番", "url": "https://www.kaigokensaku.mhlw.go.jp/11/index.php?action_kouhyou_detail_004_kani=true&JigyosyoCd=1163190360-00&ServiceCd=130&Type=search", "url2": null }, "geometry": { "type": "Point", "coordinates": [ 139.3860139, 36.1634576 ] } },
{ "type": "Feature", "properties": { "内容": "自空間訪問看護ステーション【訪問看護】埼玉県熊谷市妻沼1372-2サンパティオ201号室", "url": "https://www.kaigokensaku.mhlw.go.jp/11/index.php?action_kouhyou_detail_004_kani=true&JigyosyoCd=1163190436-00&ServiceCd=130&Type=search", "url2": "https://www.jikuukan-hn.com" }, "geometry": { "type": "Point", "coordinates": [ 139.3792861, 36.2243029 ] } },
{ "type": "Feature", "properties": { "内容": "訪問看護ステーションあやめ熊谷江南【訪問看護】埼玉県熊谷市江南中央2丁目11-7ハッピー７　103号室", "url": "https://www.kaigokensaku.mhlw.go.jp/11/index.php?action_kouhyou_detail_004_kani=true&JigyosyoCd=1163190352-00&ServiceCd=130&Type=search", "url2": "https://firstnurse.co.jp/" }, "geometry": { "type": "Point", "coordinates": [ 139.3390048, 36.116692 ] } },
{ "type": "Feature", "properties": { "内容": "株式会社IDOMEひとよし訪問看護ステーション【訪問看護】埼玉県熊谷市玉井五丁目102番地", "url": "https://www.kaigokensaku.mhlw.go.jp/11/index.php?action_kouhyou_detail_004_kani=true&JigyosyoCd=1163190428-00&ServiceCd=130&Type=search", "url2": null }, "geometry": { "type": "Point", "coordinates": [ 139.3381537, 36.1783773 ] } },
{ "type": "Feature", "properties": { "内容": "訪問看護ステーションこうなん【訪問看護】埼玉県熊谷市江南中央2-7-2", "url": "https://www.kaigokensaku.mhlw.go.jp/11/index.php?action_kouhyou_detail_004_kani=true&JigyosyoCd=1163190394-00&ServiceCd=130&Type=search", "url2": "https://www.kounanhospital.jp" }, "geometry": { "type": "Point", "coordinates": [ 139.338311, 36.11376 ] } },
{ "type": "Feature", "properties": { "内容": "はじめ訪問看護【訪問看護】埼玉県熊谷市本石1丁目81番地マルテンビル201-B号室", "url": "https://www.kaigokensaku.mhlw.go.jp/11/index.php?action_kouhyou_detail_004_kani=true&JigyosyoCd=1163190444-00&ServiceCd=130&Type=search", "url2": null }, "geometry": { "type": "Point", "coordinates": [ 139.379208299999988, 36.146998 ] } },
{ "type": "Feature", "properties": { "内容": "熊谷生協訪問看護ステーション【訪問看護】埼玉県熊谷市上之3851-1", "url": "https://www.kaigokensaku.mhlw.go.jp/11/index.php?action_kouhyou_detail_004_kani=true&JigyosyoCd=1163190022-00&ServiceCd=130&Type=search", "url2": "http://www.kumagaya-carecenter.coop/" }, "geometry": { "type": "Point", "coordinates": [ 139.414514650926208, 36.150848512347437 ] } },
{ "type": "Feature", "properties": { "内容": "なでしこ訪問看護ステーション【訪問看護】埼玉県熊谷市美土里町2丁目79番地1号", "url": "https://www.kaigokensaku.mhlw.go.jp/11/index.php?action_kouhyou_detail_004_kani=true&JigyosyoCd=1163190071-00&ServiceCd=130&Type=search", "url2": null }, "geometry": { "type": "Point", "coordinates": [ 139.315303500000027, 36.1682195 ] } },
{ "type": "Feature", "properties": { "内容": "訪問看護ステーション香りん【訪問看護】埼玉県熊谷市妻沼1863－1", "url": "https://www.kaigokensaku.mhlw.go.jp/11/index.php?action_kouhyou_detail_004_kani=true&JigyosyoCd=1163190295-00&ServiceCd=130&Type=search", "url2": null }, "geometry": { "type": "Point", "coordinates": [ 139.371684499999986, 36.2276654 ] } },
{ "type": "Feature", "properties": { "内容": "熊谷中央訪問看護ステーション【訪問看護】円光1-14-10２階建住宅", "url": "https://www.kaigokensaku.mhlw.go.jp/11/index.php?action_kouhyou_detail_004_kani=true&JigyosyoCd=1163190204-00&ServiceCd=130&Type=search", "url2": "kuma-chu.com" }, "geometry": { "type": "Point", "coordinates": [ 139.383071860834661, 36.157522897077854 ] } },
{ "type": "Feature", "properties": { "内容": "訪問看護ステーションLien【訪問看護】埼玉県熊谷市円光1-1-33いずみマンション403", "url": "https://www.kaigokensaku.mhlw.go.jp/11/index.php?action_kouhyou_detail_004_kani=true&JigyosyoCd=1163190386-00&ServiceCd=130&Type=search", "url2": "https://lien-houkan.com" }, "geometry": { "type": "Point", "coordinates": [ 139.3827504, 36.1525002 ] } },
{ "type": "Feature", "properties": { "内容": "じけい訪問看護ステーション【訪問看護】埼玉県熊谷市石原３丁目２０８番地", "url": "https://www.kaigokensaku.mhlw.go.jp/11/index.php?action_kouhyou_detail_004_kani=true&JigyosyoCd=1163190337-00&ServiceCd=130&Type=search", "url2": "http://wwwjikei.or.jp/about/houkan.html" }, "geometry": { "type": "Point", "coordinates": [ 139.3775037, 36.1490271 ] } },
{ "type": "Feature", "properties": { "内容": "あかり訪問看護リハビリステーション【訪問看護】埼玉県熊谷市妻沼2191プラチナホームあかり", "url": "https://www.kaigokensaku.mhlw.go.jp/11/index.php?action_kouhyou_detail_004_kani=true&JigyosyoCd=1163190345-00&ServiceCd=130&Type=search", "url2": "https://medicare-c.co.jp/" }, "geometry": { "type": "Point", "coordinates": [ 139.370996, 36.2303635 ] } },
{ "type": "Feature", "properties": { "内容": "籠原病院【訪問看護】埼玉県熊谷市美土里町3丁目136番地", "url": "https://www.kaigokensaku.mhlw.go.jp/11/index.php?action_kouhyou_detail_004_kani=true&JigyosyoCd=1113103447-00&ServiceCd=130&Type=search", "url2": "https://kagohara-hospital.net/" }, "geometry": { "type": "Point", "coordinates": [ 139.31846429999996, 36.1691806 ] } },
{ "type": "Feature", "properties": { "内容": "訪問看護ステーションフェリーチェ【訪問看護】埼玉県熊谷市中西4丁目5番1号", "url": "https://www.kaigokensaku.mhlw.go.jp/11/index.php?action_kouhyou_detail_004_kani=true&JigyosyoCd=1163190170-00&ServiceCd=130&Type=search", "url2": "http://www.kumasou.or.jp" }, "geometry": { "type": "Point", "coordinates": [ 139.39584919999993, 36.1486737 ] } },
{ "type": "Feature", "properties": { "内容": "あんしん訪問看護リハビリステーション　熊谷営業所」【訪問看護】埼玉県熊谷市本石1丁目90", "url": "https://www.kaigokensaku.mhlw.go.jp/11/index.php?action_kouhyou_detail_004_kani=true&JigyosyoCd=1163190279-00&ServiceCd=130&Type=search", "url2": "https://www.anshinkango.co.jp" }, "geometry": { "type": "Point", "coordinates": [ 139.37994230000001, 36.146498 ] } },
{ "type": "Feature", "properties": { "内容": "リハビリ訪問看護　渓【訪問看護】埼玉県熊谷市広瀬390-6石井第2ビル2F", "url": "https://www.kaigokensaku.mhlw.go.jp/11/index.php?action_kouhyou_detail_004_kani=true&JigyosyoCd=1163190154-00&ServiceCd=130&Type=search", "url2": "https://www.reflax.co.jp/" }, "geometry": { "type": "Point", "coordinates": [ 139.357307399999968, 36.1507084 ] } },
{ "type": "Feature", "properties": { "内容": "リプラス訪問看護ステーション熊谷【訪問看護】埼玉県熊谷市肥塚641-1", "url": "https://www.kaigokensaku.mhlw.go.jp/11/index.php?action_kouhyou_detail_004_kani=true&JigyosyoCd=1163190238-00&ServiceCd=130&Type=search", "url2": "http://www.youism.co.jp/" }, "geometry": { "type": "Point", "coordinates": [ 139.393365200000062, 36.1637639 ] } },
{ "type": "Feature", "properties": { "内容": "訪問看護ステーション熊谷【訪問看護】埼玉県熊谷市原島1110-1", "url": "https://www.kaigokensaku.mhlw.go.jp/11/index.php?action_kouhyou_detail_004_kani=true&JigyosyoCd=1163190378-00&ServiceCd=130&Type=search", "url2": "https://azisaicc.co.jp/" }, "geometry": { "type": "Point", "coordinates": [ 139.3716612, 36.1649634 ] } },
{ "type": "Feature", "properties": { "内容": "つばさ訪問看護【訪問看護】埼玉県熊谷市樋春1954-1", "url": "https://www.kaigokensaku.mhlw.go.jp/11/index.php?action_kouhyou_detail_004_kani=true&JigyosyoCd=1163190196-00&ServiceCd=130&Type=search", "url2": "https://2-wing.com/tsubasa-houmonkango/" }, "geometry": { "type": "Point", "coordinates": [ 139.355622448379592, 36.115326163306761 ] } },
{ "type": "Feature", "properties": { "内容": "つばさ訪問看護広瀬【訪問看護】埼玉県熊谷市広瀬５４３－２", "url": "https://www.kaigokensaku.mhlw.go.jp/11/index.php?action_kouhyou_detail_004_kani=true&JigyosyoCd=1163190287-00&ServiceCd=130&Type=search", "url2": "https://2-wing.com/tsubasa-houmonkango/" }, "geometry": { "type": "Point", "coordinates": [ 139.3484013, 36.1519171 ] } },
{ "type": "Feature", "properties": { "内容": "しむら訪問看護ステーション【訪問看護】埼玉県川口市戸塚二丁目22番33号エスポワール405", "url": "https://www.kaigokensaku.mhlw.go.jp/11/index.php?action_kouhyou_detail_004_kani=true&JigyosyoCd=1160290825-00&ServiceCd=130&Type=search", "url2": null }, "geometry": { "type": "Point", "coordinates": [ 139.745255500000013, 35.8749679 ] } },
{ "type": "Feature", "properties": { "内容": "ここから小児訪問看護ステーション【訪問看護】埼玉県川口市戸塚6-19-12メゾンアオハウオリ103", "url": "https://www.kaigokensaku.mhlw.go.jp/11/index.php?action_kouhyou_detail_004_kani=true&JigyosyoCd=1160290783-00&ServiceCd=130&Type=search", "url2": "http://kokokara-houkan.jp" }, "geometry": { "type": "Point", "coordinates": [ 139.754992396958926, 35.861714645121111 ] } },
{ "type": "Feature", "properties": { "内容": "ブライト・ライフ訪問看護かわぐち【訪問看護】戸塚1丁目5₋6ㇾ・アールメゾン102", "url": "https://www.kaigokensaku.mhlw.go.jp/11/index.php?action_kouhyou_detail_004_kani=true&JigyosyoCd=1160290858-00&ServiceCd=130&Type=search", "url2": null }, "geometry": { "type": "Point", "coordinates": [ 139.5253883, 35.3961586 ] } },
{ "type": "Feature", "properties": { "内容": "ハレイロ訪問看護ステーション【訪問看護】埼玉県川口市西川口1-23-13アルティジャーノDsⅡ　301", "url": "https://www.kaigokensaku.mhlw.go.jp/11/index.php?action_kouhyou_detail_004_kani=true&JigyosyoCd=1160290841-00&ServiceCd=130&Type=search", "url2": null }, "geometry": { "type": "Point", "coordinates": [ 139.7033132, 35.8146596 ] } },
{ "type": "Feature", "properties": { "内容": "ウェルホーム＋ナースステーション川口【訪問看護】埼玉県川口市芝4丁目29番12号", "url": "https://www.kaigokensaku.mhlw.go.jp/11/index.php?action_kouhyou_detail_004_kani=true&JigyosyoCd=1160290809-00&ServiceCd=130&Type=search", "url2": null }, "geometry": { "type": "Point", "coordinates": [ 139.695585567308427, 35.832909754207364 ] } },
{ "type": "Feature", "properties": { "内容": "訪問看護ステーションコルディアーレ川口【訪問看護】西青木2-4-30佐藤ビル201号室", "url": "https://www.kaigokensaku.mhlw.go.jp/11/index.php?action_kouhyou_detail_004_kani=true&JigyosyoCd=1160290866-00&ServiceCd=130&Type=search", "url2": "http://www.jsh-japan.jp/" }, "geometry": { "type": "Point", "coordinates": [ 139.7121161, 35.8157675 ] } },
{ "type": "Feature", "properties": { "内容": "西川口訪問看護リハビリステーション【訪問看護】西川口6-5-1第三ドリームハイツ1階", "url": "https://www.kaigokensaku.mhlw.go.jp/11/index.php?action_kouhyou_detail_004_kani=true&JigyosyoCd=1160290346-00&ServiceCd=130&Type=search", "url2": "http://hokan.0040.jp" }, "geometry": { "type": "Point", "coordinates": [ 139.702164564418041, 35.808984059650221 ] } },
{ "type": "Feature", "properties": { "内容": "訪問看護ステーション　ハートケア【訪問看護】埼玉県川口市上青木西3-6-28木村貸事務所2F", "url": "https://www.kaigokensaku.mhlw.go.jp/11/index.php?action_kouhyou_detail_004_kani=true&JigyosyoCd=1160290445-00&ServiceCd=130&Type=search", "url2": "https://www.heartcare-kawaguchi.com/cont1/4.html" }, "geometry": { "type": "Point", "coordinates": [ 139.7148631, 35.828562164321021 ] } },
{ "type": "Feature", "properties": { "内容": "アトム訪問看護・リハビリステーション【訪問看護】埼玉県川口市江戸3-29-20", "url": "https://www.kaigokensaku.mhlw.go.jp/11/index.php?action_kouhyou_detail_004_kani=true&JigyosyoCd=1160290270-00&ServiceCd=130&Type=search", "url2": "http://www.atom-houmonkango.com/" }, "geometry": { "type": "Point", "coordinates": [ 139.7513768, 35.8183368 ] } },
{ "type": "Feature", "properties": { "内容": "訪問看護　かえりえ川口【訪問看護】幸町２－２－１６クレールマルシェ川口３階", "url": "https://www.kaigokensaku.mhlw.go.jp/11/index.php?action_kouhyou_detail_004_kani=true&JigyosyoCd=1160290478-00&ServiceCd=130&Type=search", "url2": "http://www.yasashiite.com/index.html" }, "geometry": { "type": "Point", "coordinates": [ 139.7196298, 35.8052665 ] } },
{ "type": "Feature", "properties": { "内容": "さいとう記念訪問看護ステーション【訪問看護】埼玉県川口市並木4-6-9", "url": "https://www.kaigokensaku.mhlw.go.jp/11/index.php?action_kouhyou_detail_004_kani=true&JigyosyoCd=1160290627-00&ServiceCd=130&Type=search", "url2": null }, "geometry": { "type": "Point", "coordinates": [ 139.7076317, 35.820934 ] } },
{ "type": "Feature", "properties": { "内容": "特定非営利活動法人えがお　訪問看護ステーションあい【訪問看護】埼玉県川口市大字新井宿40番地の2新井宿医療ビレッジ201", "url": "https://www.kaigokensaku.mhlw.go.jp/11/index.php?action_kouhyou_detail_004_kani=true&JigyosyoCd=1160290296-00&ServiceCd=130&Type=search", "url2": "https://www.egao-ai.jp/" }, "geometry": { "type": "Point", "coordinates": [ 139.739320316516142, 35.842581799546551 ] } },
{ "type": "Feature", "properties": { "内容": "訪問看護ステーションエイルプラス【訪問看護】埼玉県川口市木曽呂478⁻62", "url": "https://www.kaigokensaku.mhlw.go.jp/11/index.php?action_kouhyou_detail_004_kani=true&JigyosyoCd=1160290619-00&ServiceCd=130&Type=search", "url2": "https://ip-po.net/" }, "geometry": { "type": "Point", "coordinates": [ 139.727156, 35.8587369 ] } },
{ "type": "Feature", "properties": { "内容": "マナ　訪問看護ステーション【訪問看護】飯塚1丁目8番11号", "url": "https://www.kaigokensaku.mhlw.go.jp/11/index.php?action_kouhyou_detail_004_kani=true&JigyosyoCd=1160290338-00&ServiceCd=130&Type=search", "url2": null }, "geometry": { "type": "Point", "coordinates": [ 139.714857578488477, 35.798555947626646 ] } },
{ "type": "Feature", "properties": { "内容": "彩のかわぐち訪問看護ステーション【訪問看護】埼玉県川口市芝4213", "url": "https://www.kaigokensaku.mhlw.go.jp/11/index.php?action_kouhyou_detail_004_kani=true&JigyosyoCd=1160290577-00&ServiceCd=130&Type=search", "url2": "sai-jp.com" }, "geometry": { "type": "Point", "coordinates": [ 139.692878399088869, 35.840149394667002 ] } },
{ "type": "Feature", "properties": { "内容": "埼玉県済生会訪問看護ステーション　きゅうぽら【訪問看護】川口市西川口６－１２－１－３１７", "url": "https://www.kaigokensaku.mhlw.go.jp/11/index.php?action_kouhyou_detail_004_kani=true&JigyosyoCd=1160290072-00&ServiceCd=130&Type=search", "url2": "http://www.saiseikai.gr.jp" }, "geometry": { "type": "Point", "coordinates": [ 139.700616164665206, 35.809310490631432 ] } },
{ "type": "Feature", "properties": { "内容": "ケアサービスあゆみ訪問看護【訪問看護】芝新町4-6ＹＳタワー301", "url": "https://www.kaigokensaku.mhlw.go.jp/11/index.php?action_kouhyou_detail_004_kani=true&JigyosyoCd=1160290601-00&ServiceCd=130&Type=search", "url2": "https://www.aetcs.co.jp/" }, "geometry": { "type": "Point", "coordinates": [ 139.694009099999988, 35.829284 ] } },
{ "type": "Feature", "properties": { "内容": "指定訪問看護　アットリハ川口【訪問看護】埼玉県川口市南鳩ヶ谷1-22-1松本ビル1F", "url": "https://www.kaigokensaku.mhlw.go.jp/11/index.php?action_kouhyou_detail_004_kani=true&JigyosyoCd=1160290437-00&ServiceCd=130&Type=search", "url2": "http://reha.at-care.co.jp/" }, "geometry": { "type": "Point", "coordinates": [ 139.740605499999987, 35.8198973 ] } },
{ "type": "Feature", "properties": { "内容": "医療法人髙仁会　訪問看護ステーションゆうあい【訪問看護】埼玉県川口市飯塚1丁目13番6号岩田屋ビル1階", "url": "https://www.kaigokensaku.mhlw.go.jp/11/index.php?action_kouhyou_detail_004_kani=true&JigyosyoCd=1160290387-00&ServiceCd=130&Type=search", "url2": "https://houmon-yuai.jp" }, "geometry": { "type": "Point", "coordinates": [ 139.7169257, 35.796654 ] } },
{ "type": "Feature", "properties": { "内容": "しらこばと【訪問看護】埼玉県川口市大字伊刈1059-3", "url": "https://www.kaigokensaku.mhlw.go.jp/11/index.php?action_kouhyou_detail_004_kani=true&JigyosyoCd=1160290221-00&ServiceCd=130&Type=search", "url2": "http://shirakobato.net/" }, "geometry": { "type": "Point", "coordinates": [ 139.697131031182721, 35.845043540568554 ] } },
{ "type": "Feature", "properties": { "内容": "おだいら川口訪問看護ステーション【訪問看護】埼玉県川口市栄町2-1-26神谷マンション502", "url": "https://www.kaigokensaku.mhlw.go.jp/11/index.php?action_kouhyou_detail_004_kani=true&JigyosyoCd=1160290742-00&ServiceCd=130&Type=search", "url2": "https://odairakanngo.wixsite.com/my-site" }, "geometry": { "type": "Point", "coordinates": [ 139.7217162, 35.8028999 ] } },
{ "type": "Feature", "properties": { "内容": "東川口訪問看護ステーション【訪問看護】埼玉県川口市東川口2-4-13　2階", "url": "https://www.kaigokensaku.mhlw.go.jp/11/index.php?action_kouhyou_detail_004_kani=true&JigyosyoCd=1160290593-00&ServiceCd=130&Type=search", "url2": "https://amg.or.jp/section/nursingteam/visit/station/higashi_kawaguchi/" }, "geometry": { "type": "Point", "coordinates": [ 139.7466717, 35.8773532 ] } },
{ "type": "Feature", "properties": { "内容": "タムス訪問看護ステーション川口【訪問看護】埼玉県川口市神戸　537-1", "url": "https://www.kaigokensaku.mhlw.go.jp/11/index.php?action_kouhyou_detail_004_kani=true&JigyosyoCd=1160290510-00&ServiceCd=130&Type=search", "url2": "https://homehealthcare.tums.jp/nursing/" }, "geometry": { "type": "Point", "coordinates": [ 139.729075424102206, 35.852880271701657 ] } },
{ "type": "Feature", "properties": { "内容": "訪問看護ステーション　すこやか【訪問看護】川口市芝中田2-48-6益子病院A棟4階", "url": "https://www.kaigokensaku.mhlw.go.jp/11/index.php?action_kouhyou_detail_004_kani=true&JigyosyoCd=1160290114-00&ServiceCd=130&Type=search", "url2": "http://www.mashiko.or.jp/" }, "geometry": { "type": "Point", "coordinates": [ 139.705875964418084, 35.827231690325966 ] } },
{ "type": "Feature", "properties": { "内容": "ましろ訪問看護ステーション【訪問看護】埼玉県川口市戸塚2-22-33エスポワール408号室", "url": "https://www.kaigokensaku.mhlw.go.jp/11/index.php?action_kouhyou_detail_004_kani=true&JigyosyoCd=1160290791-00&ServiceCd=130&Type=search", "url2": "https://mashiro-homecare.com/" }, "geometry": { "type": "Point", "coordinates": [ 139.745255500000013, 35.8749679 ] } },
{ "type": "Feature", "properties": { "内容": "お結び訪問看護ステーション【訪問看護】埼玉県川口市戸塚6-10-17アウローラ参番館204", "url": "https://www.kaigokensaku.mhlw.go.jp/11/index.php?action_kouhyou_detail_004_kani=true&JigyosyoCd=1160290486-00&ServiceCd=130&Type=search", "url2": "omusubi-hokan.com" }, "geometry": { "type": "Point", "coordinates": [ 139.753389100000049, 35.8632221 ] } },
{ "type": "Feature", "properties": { "内容": "訪問看護ステーション虹【訪問看護】埼玉県川口市木曽呂1347", "url": "https://www.kaigokensaku.mhlw.go.jp/11/index.php?action_kouhyou_detail_004_kani=true&JigyosyoCd=1160290056-00&ServiceCd=130&Type=search", "url2": "http://www.mcp-saitama.or.jp/" }, "geometry": { "type": "Point", "coordinates": [ 139.715833753828406, 35.859466486574341 ] } },
{ "type": "Feature", "properties": { "内容": "医療法人社団　光恵会　芝西訪問看護ステーション【訪問看護】埼玉県川口市芝西2-30-6　3階", "url": "https://www.kaigokensaku.mhlw.go.jp/11/index.php?action_kouhyou_detail_004_kani=true&JigyosyoCd=1160290304-00&ServiceCd=130&Type=search", "url2": "http://koukeikai-medical.or.jp" }, "geometry": { "type": "Point", "coordinates": [ 139.686923667459041, 35.843126575245606 ] } },
{ "type": "Feature", "properties": { "内容": "オレンジケア訪問看護ステーション【訪問看護】埼玉県川口市芝６８２６番地", "url": "https://www.kaigokensaku.mhlw.go.jp/11/index.php?action_kouhyou_detail_004_kani=true&JigyosyoCd=1160290155-00&ServiceCd=130&Type=search", "url2": null }, "geometry": { "type": "Point", "coordinates": [ 139.703352799999948, 35.8341414 ] } },
{ "type": "Feature", "properties": { "内容": "鳩ヶ谷訪問看護ステーション【訪問看護】川口市坂下町1丁目8番16号", "url": "https://www.kaigokensaku.mhlw.go.jp/11/index.php?action_kouhyou_detail_004_kani=true&JigyosyoCd=1162090017-00&ServiceCd=130&Type=search", "url2": null }, "geometry": { "type": "Point", "coordinates": [ 139.735980499999982, 35.83227 ] } },
{ "type": "Feature", "properties": { "内容": "医療法人社団厚生会　埼玉厚生病院【訪問看護】埼玉県川口市南鳩ヶ谷6-5-5", "url": "https://www.kaigokensaku.mhlw.go.jp/11/index.php?action_kouhyou_detail_004_kani=true&JigyosyoCd=1112000180-00&ServiceCd=130&Type=search", "url2": "www.saitamakousei.com" }, "geometry": { "type": "Point", "coordinates": [ 139.7354228, 35.8176727 ] } },
{ "type": "Feature", "properties": { "内容": "なのはな訪問看護ステーション【訪問看護】差間87-103はすみマンション", "url": "https://www.kaigokensaku.mhlw.go.jp/11/index.php?action_kouhyou_detail_004_kani=true&JigyosyoCd=1160290692-00&ServiceCd=130&Type=search", "url2": null }, "geometry": { "type": "Point", "coordinates": [ 139.7276623, 35.8656383 ] } },
{ "type": "Feature", "properties": { "内容": "訪問看護ステーション　ひだまりの郷【訪問看護】川口市上青木4‐2‐2モンヴェール西野B101", "url": "https://www.kaigokensaku.mhlw.go.jp/11/index.php?action_kouhyou_detail_004_kani=true&JigyosyoCd=1160290650-00&ServiceCd=130&Type=search", "url2": "https://kamiaoki-hidamari.com/nursing/nursing03/" }, "geometry": { "type": "Point", "coordinates": [ 139.7176877, 35.8300929 ] } },
{ "type": "Feature", "properties": { "内容": "リニエ訪問看護ステーション川口【訪問看護】埼玉県川口市並木4-14-14クレイブ並木101", "url": "https://www.kaigokensaku.mhlw.go.jp/11/index.php?action_kouhyou_detail_004_kani=true&JigyosyoCd=1160290585-00&ServiceCd=130&Type=search", "url2": "https://linie-group.jp/" }, "geometry": { "type": "Point", "coordinates": [ 139.7086826, 35.8217476 ] } },
{ "type": "Feature", "properties": { "内容": "たまき訪問看護リハビリステーション【訪問看護】埼玉県川口市前川1-16-102階", "url": "https://www.kaigokensaku.mhlw.go.jp/11/index.php?action_kouhyou_detail_004_kani=true&JigyosyoCd=1160290452-00&ServiceCd=130&Type=search", "url2": "https://www.tamakihoukan.jp" }, "geometry": { "type": "Point", "coordinates": [ 139.710167188268912, 35.835504146740504 ] } },
{ "type": "Feature", "properties": { "内容": "訪問看護ステーションジェイケアスマイル【訪問看護】埼玉県川口市青木3-9-6", "url": "https://www.kaigokensaku.mhlw.go.jp/11/index.php?action_kouhyou_detail_004_kani=true&JigyosyoCd=1160290890-00&ServiceCd=130&Type=search", "url2": null }, "geometry": { "type": "Point", "coordinates": [ 139.7246091, 35.8130733 ] } },
{ "type": "Feature", "properties": { "内容": "ケアセンターかがやき（訪問看護）【訪問看護】埼玉県川口市西青木5－１－40", "url": "https://www.kaigokensaku.mhlw.go.jp/11/index.php?action_kouhyou_detail_004_kani=true&JigyosyoCd=1160290098-00&ServiceCd=130&Type=search", "url2": "https://www.mcp-saitama-kaigo.com/feature/" }, "geometry": { "type": "Point", "coordinates": [ 139.716090088360602, 35.820648075157514 ] } },
{ "type": "Feature", "properties": { "内容": "訪問看護ステーション　しんあい【訪問看護】埼玉県川口市芝３－１５－１０ピュアホームズ介護事業本部2階", "url": "https://www.kaigokensaku.mhlw.go.jp/11/index.php?action_kouhyou_detail_004_kani=true&JigyosyoCd=1160290882-00&ServiceCd=130&Type=search", "url2": null }, "geometry": { "type": "Point", "coordinates": [ 139.69752, 35.8345511 ] } },
{ "type": "Feature", "properties": { "内容": "日介センター川口　訪問看護ステーション【訪問看護】埼玉県川口市飯塚3丁目8-17", "url": "https://www.kaigokensaku.mhlw.go.jp/11/index.php?action_kouhyou_detail_004_kani=true&JigyosyoCd=1160290908-00&ServiceCd=130&Type=search", "url2": "https://nkc.securesite.jp/nkchp/top/" }, "geometry": { "type": "Point", "coordinates": [ 139.7109361, 35.8009382 ] } },
{ "type": "Feature", "properties": { "内容": "まちの保健室訪問看護ステーション【訪問看護】石神609", "url": "https://www.kaigokensaku.mhlw.go.jp/11/index.php?action_kouhyou_detail_004_kani=true&JigyosyoCd=1160290411-00&ServiceCd=130&Type=search", "url2": "http://machi-no.jp" }, "geometry": { "type": "Point", "coordinates": [ 139.732894628530289, 35.860120474522319 ] } },
{ "type": "Feature", "properties": { "内容": "訪問看護ステーションルピナス川口【訪問看護】埼玉県川口市西青木2-15-7めぐみの里106号", "url": "https://www.kaigokensaku.mhlw.go.jp/11/index.php?action_kouhyou_detail_004_kani=true&JigyosyoCd=1160290429-00&ServiceCd=130&Type=search", "url2": "https://vns-lupinus.jp/" }, "geometry": { "type": "Point", "coordinates": [ 139.714971800000058, 35.8161223 ] } },
{ "type": "Feature", "properties": { "内容": "アズール訪問看護ステーション川口事業所【訪問看護】埼玉県川口市芝４－６－６2階", "url": "https://www.kaigokensaku.mhlw.go.jp/11/index.php?action_kouhyou_detail_004_kani=true&JigyosyoCd=1160290874-00&ServiceCd=130&Type=search", "url2": "https://www.novamed.co.jp/" }, "geometry": { "type": "Point", "coordinates": [ 139.691219208804341, 35.833582973473206 ] } },
{ "type": "Feature", "properties": { "内容": "千優メディカルサポート在宅看護株式会社【訪問看護】埼玉県川口市朝日2丁目1-32", "url": "https://www.kaigokensaku.mhlw.go.jp/11/index.php?action_kouhyou_detail_004_kani=true&JigyosyoCd=1160290924-00&ServiceCd=130&Type=search", "url2": "https://www.chiyu-zaitaku.com" }, "geometry": { "type": "Point", "coordinates": [ 139.731094500000012, 35.809248 ] } },
{ "type": "Feature", "properties": { "内容": "うみそら川口訪問看護ステーション【訪問看護】埼玉県川口市前川4-16-12", "url": "https://www.kaigokensaku.mhlw.go.jp/11/index.php?action_kouhyou_detail_004_kani=true&JigyosyoCd=1160290932-00&ServiceCd=130&Type=search", "url2": null }, "geometry": { "type": "Point", "coordinates": [ 139.7073546, 35.8369185 ] } },
{ "type": "Feature", "properties": { "内容": "まじめな訪問看護リハビリステーション【訪問看護】埼玉県川口市芝樋ノ爪1-10-20川口エンゼルビル26号", "url": "https://www.kaigokensaku.mhlw.go.jp/11/index.php?action_kouhyou_detail_004_kani=true&JigyosyoCd=1160290700-00&ServiceCd=130&Type=search", "url2": "https://majimena-houkan.net" }, "geometry": { "type": "Point", "coordinates": [ 139.687961300000012, 35.8324774 ] } },
{ "type": "Feature", "properties": { "内容": "訪問看護ステーションももいろ【訪問看護】埼玉県行田市清水町1-42シティハイムハヤシC102", "url": "https://www.kaigokensaku.mhlw.go.jp/11/index.php?action_kouhyou_detail_004_kani=true&JigyosyoCd=1163790151-00&ServiceCd=130&Type=search", "url2": "https://www.bellfirst.biz/" }, "geometry": { "type": "Point", "coordinates": [ 139.4331972, 36.1125116 ] } },
{ "type": "Feature", "properties": { "内容": "かりんの里訪問看護ステーション【訪問看護】持田4-35-15ドミール103", "url": "https://www.kaigokensaku.mhlw.go.jp/11/index.php?action_kouhyou_detail_004_kani=true&JigyosyoCd=1163790185-00&ServiceCd=130&Type=search", "url2": "https://sd-mandk.co.jp/karinnosato/index.html" }, "geometry": { "type": "Point", "coordinates": [ 139.43657, 36.129948 ] } },
{ "type": "Feature", "properties": { "内容": "行田訪問看護ステーション【訪問看護】埼玉県行田市富士見町2-16-5大沢コーポ201号", "url": "https://www.kaigokensaku.mhlw.go.jp/11/index.php?action_kouhyou_detail_004_kani=true&JigyosyoCd=1163790110-00&ServiceCd=130&Type=search", "url2": null }, "geometry": { "type": "Point", "coordinates": [ 139.475224299999979, 36.1484899 ] } },
{ "type": "Feature", "properties": { "内容": "壮幸会　行田訪問看護ステーション【訪問看護】埼玉県行田市持田376", "url": "https://www.kaigokensaku.mhlw.go.jp/11/index.php?action_kouhyou_detail_004_kani=true&JigyosyoCd=1163790037-00&ServiceCd=130&Type=search", "url2": null }, "geometry": { "type": "Point", "coordinates": [ 139.449246499999987, 36.1258091 ] } },
{ "type": "Feature", "properties": { "内容": "ふぁみぃゆ訪問看護ステーション【訪問看護】埼玉県行田市下須戸65-1ふぁみぃゆ東館", "url": "https://www.kaigokensaku.mhlw.go.jp/11/index.php?action_kouhyou_detail_004_kani=true&JigyosyoCd=1163790144-00&ServiceCd=130&Type=search", "url2": null }, "geometry": { "type": "Point", "coordinates": [ 139.5105876, 36.1383352 ] } },
{ "type": "Feature", "properties": { "内容": "訪問看護ステーションさきたま【訪問看護】埼玉県行田市本丸18-3", "url": "https://www.kaigokensaku.mhlw.go.jp/11/index.php?action_kouhyou_detail_004_kani=true&JigyosyoCd=1163790029-00&ServiceCd=130&Type=search", "url2": null }, "geometry": { "type": "Point", "coordinates": [ 139.454215200000021, 36.137057 ] } },
{ "type": "Feature", "properties": { "内容": "アルファケア訪問看護リハビリステーション【訪問看護】埼玉県行田市門井町3-19-7", "url": "https://www.kaigokensaku.mhlw.go.jp/11/index.php?action_kouhyou_detail_004_kani=true&JigyosyoCd=1163790060-00&ServiceCd=130&Type=search", "url2": "https://www.arufacare.com" }, "geometry": { "type": "Point", "coordinates": [ 139.444700499999954, 36.1220284 ] } },
{ "type": "Feature", "properties": { "内容": "まきば園訪問看護ステーション【訪問看護】埼玉県行田市白川戸２７５", "url": "https://www.kaigokensaku.mhlw.go.jp/11/index.php?action_kouhyou_detail_004_kani=true&JigyosyoCd=1163790102-00&ServiceCd=130&Type=search", "url2": "http://www.makibaen.com" }, "geometry": { "type": "Point", "coordinates": [ 139.468400699999989, 36.1623961 ] } },
{ "type": "Feature", "properties": { "内容": "あおきリハビリ訪問看護ステーション【訪問看護】埼玉県行田市城西2-6-6クレスト城西103", "url": "https://www.kaigokensaku.mhlw.go.jp/11/index.php?action_kouhyou_detail_004_kani=true&JigyosyoCd=1163790078-00&ServiceCd=130&Type=search", "url2": null }, "geometry": { "type": "Point", "coordinates": [ 139.4509157, 36.1338601 ] } },
{ "type": "Feature", "properties": { "内容": "さくらケア訪問看護リハビリステーション【訪問看護】埼玉県行田市長野2丁目29-38", "url": "https://www.kaigokensaku.mhlw.go.jp/11/index.php?action_kouhyou_detail_004_kani=true&JigyosyoCd=1163790052-00&ServiceCd=130&Type=search", "url2": "http://xn--lzru55eyib228ahecfvc.com/" }, "geometry": { "type": "Point", "coordinates": [ 139.472385799999984, 36.1364498 ] } },
{ "type": "Feature", "properties": { "内容": "訪問看護ステーションいと【訪問看護】埼玉県秩父市寺尾1404番地", "url": "https://www.kaigokensaku.mhlw.go.jp/11/index.php?action_kouhyou_detail_004_kani=true&JigyosyoCd=1164990073-00&ServiceCd=130&Type=search", "url2": "http//www.chichibu.or.jp/" }, "geometry": { "type": "Point", "coordinates": [ 139.081357200000014, 36.0239448 ] } },
{ "type": "Feature", "properties": { "内容": "公益社団法人埼玉県看護協会秩父訪問看護ステーション【訪問看護】埼玉県秩父市近戸町9-9", "url": "https://www.kaigokensaku.mhlw.go.jp/11/index.php?action_kouhyou_detail_004_kani=true&JigyosyoCd=1164990016-00&ServiceCd=130&Type=search", "url2": "http://www.nurse-saitama.jp/station_top/station_chichibu/" }, "geometry": { "type": "Point", "coordinates": [ 139.07254290000003, 35.9929937 ] } },
{ "type": "Feature", "properties": { "内容": "生協ちちぶケアステーション訪問看護【訪問看護】埼玉県秩父市阿保町1-11", "url": "https://www.kaigokensaku.mhlw.go.jp/11/index.php?action_kouhyou_detail_004_kani=true&JigyosyoCd=1164990032-00&ServiceCd=130&Type=search", "url2": null }, "geometry": { "type": "Point", "coordinates": [ 139.086655599999972, 35.9921746 ] } },
{ "type": "Feature", "properties": { "内容": "訪問看護ステーション　かけはし【訪問看護】埼玉県秩父市中村町3-6-24", "url": "https://www.kaigokensaku.mhlw.go.jp/11/index.php?action_kouhyou_detail_004_kani=true&JigyosyoCd=1164990065-00&ServiceCd=130&Type=search", "url2": "http://www.shunjinkai.or.jp/" }, "geometry": { "type": "Point", "coordinates": [ 139.073867599999971, 36.0002957 ] } },
{ "type": "Feature", "properties": { "内容": "訪問看護ステーションほっと【訪問看護】埼玉県秩父市下影森８８８番地５", "url": "https://www.kaigokensaku.mhlw.go.jp/11/index.php?action_kouhyou_detail_004_kani=true&JigyosyoCd=1164990057-00&ServiceCd=130&Type=search", "url2": null }, "geometry": { "type": "Point", "coordinates": [ 139.073523900000026, 35.9783647 ] } },
{ "type": "Feature", "properties": { "内容": "医心館訪問看護ステーション小手指【訪問看護】埼玉県所沢市小手指町３丁目26番地の５", "url": "https://www.kaigokensaku.mhlw.go.jp/11/index.php?action_kouhyou_detail_004_kani=true&JigyosyoCd=1162590537-00&ServiceCd=130&Type=search", "url2": null }, "geometry": { "type": "Point", "coordinates": [ 139.438949609787016, 35.799113218965608 ] } },
{ "type": "Feature", "properties": { "内容": "医心館訪問看護ステーション所沢【訪問看護】埼玉県所沢市北秋津822番", "url": "https://www.kaigokensaku.mhlw.go.jp/11/index.php?action_kouhyou_detail_004_kani=true&JigyosyoCd=1162590628-00&ServiceCd=130&Type=search", "url2": null }, "geometry": { "type": "Point", "coordinates": [ 139.480129935840722, 35.785013432064119 ] } },
{ "type": "Feature", "properties": { "内容": "訪問看護ステーション　りあん【訪問看護】北岩岡626-55ティンカーベル・103", "url": "https://www.kaigokensaku.mhlw.go.jp/11/index.php?action_kouhyou_detail_004_kani=true&JigyosyoCd=1162590651-00&ServiceCd=130&Type=search", "url2": null }, "geometry": { "type": "Point", "coordinates": [ 139.4492878, 35.8138086 ] } },
{ "type": "Feature", "properties": { "内容": "099訪問看護ステーション　所沢【訪問看護】埼玉県所沢市南永井43-4市川邸貸家101", "url": "https://www.kaigokensaku.mhlw.go.jp/11/index.php?action_kouhyou_detail_004_kani=true&JigyosyoCd=1162590669-00&ServiceCd=130&Type=search", "url2": "https://startwin.jp/" }, "geometry": { "type": "Point", "coordinates": [ 139.5001500785215, 35.81035332587453 ] } },
{ "type": "Feature", "properties": { "内容": "リベルトラス訪問看護リハビリステーション【訪問看護】埼玉県所沢市弥生町1878-6メゾン弥生102", "url": "https://www.kaigokensaku.mhlw.go.jp/11/index.php?action_kouhyou_detail_004_kani=true&JigyosyoCd=1162590636-00&ServiceCd=130&Type=search", "url2": null }, "geometry": { "type": "Point", "coordinates": [ 139.4603246, 35.806743 ] } },
{ "type": "Feature", "properties": { "内容": "訪問看護ステーション　ちゃいむ【訪問看護】西新井町17番19号フラワーイン所沢　403", "url": "https://www.kaigokensaku.mhlw.go.jp/11/index.php?action_kouhyou_detail_004_kani=true&JigyosyoCd=1162590529-00&ServiceCd=130&Type=search", "url2": "https://chime-aruku.my.canva.site/" }, "geometry": { "type": "Point", "coordinates": [ 139.4751492, 35.795255 ] } },
{ "type": "Feature", "properties": { "内容": "おもだか訪問看護ステーション所沢【訪問看護】埼玉県所沢市上新井2-27-8エステート２101号", "url": "https://www.kaigokensaku.mhlw.go.jp/11/index.php?action_kouhyou_detail_004_kani=true&JigyosyoCd=1162590578-00&ServiceCd=130&Type=search", "url2": "https://www.big-advance..site/c/180/1329" }, "geometry": { "type": "Point", "coordinates": [ 139.448331599999989, 35.7941466 ] } },
{ "type": "Feature", "properties": { "内容": "訪問看護ステーションウィスタリア【訪問看護】三ヶ島３－１１１３－５", "url": "https://www.kaigokensaku.mhlw.go.jp/11/index.php?action_kouhyou_detail_004_kani=true&JigyosyoCd=1162590461-00&ServiceCd=130&Type=search", "url2": "http://www.suzukisan-chi.com" }, "geometry": { "type": "Point", "coordinates": [ 139.401519900000011, 35.7909391 ] } },
{ "type": "Feature", "properties": { "内容": "訪問看護ステーションふーが【訪問看護】埼玉県所沢市中富南4-1-2エステシティ所沢センタースクエア2号棟103", "url": "https://www.kaigokensaku.mhlw.go.jp/11/index.php?action_kouhyou_detail_004_kani=true&JigyosyoCd=1162590487-00&ServiceCd=130&Type=search", "url2": "fuga-station.jp" }, "geometry": { "type": "Point", "coordinates": [ 139.497477300000043, 35.8123017 ] } },
{ "type": "Feature", "properties": { "内容": "訪問看護ステーションわたぼうし【訪問看護】埼玉県所沢市喜多町8-6森脇ビル1-A", "url": "https://www.kaigokensaku.mhlw.go.jp/11/index.php?action_kouhyou_detail_004_kani=true&JigyosyoCd=1162590412-00&ServiceCd=130&Type=search", "url2": "https://www.watabousi.co.jp/" }, "geometry": { "type": "Point", "coordinates": [ 139.4622269, 35.7993474 ] } },
{ "type": "Feature", "properties": { "内容": "訪問看護なかだんご【訪問看護】埼玉県所沢市西狭山ケ丘1-2485-5-102", "url": "https://www.kaigokensaku.mhlw.go.jp/11/index.php?action_kouhyou_detail_004_kani=true&JigyosyoCd=1162590602-00&ServiceCd=130&Type=search", "url2": "https://hp.kaipoke.biz/01f/" }, "geometry": { "type": "Point", "coordinates": [ 139.4152163, 35.8071713 ] } },
{ "type": "Feature", "properties": { "内容": "エース訪問看護ステーション新所沢【訪問看護】埼玉県所沢市緑町3-14-4", "url": "https://www.kaigokensaku.mhlw.go.jp/11/index.php?action_kouhyou_detail_004_kani=true&JigyosyoCd=1162590289-00&ServiceCd=130&Type=search", "url2": "http://www.fk-drug-ace.co.jp/" }, "geometry": { "type": "Point", "coordinates": [ 139.4512254, 35.8034427 ] } },
{ "type": "Feature", "properties": { "内容": "SOMPOケア　所沢　訪問看護【訪問看護】埼玉県所沢市くすのき台3-1-2中村ビル4F-A", "url": "https://www.kaigokensaku.mhlw.go.jp/11/index.php?action_kouhyou_detail_004_kani=true&JigyosyoCd=1162590545-00&ServiceCd=130&Type=search", "url2": null }, "geometry": { "type": "Point", "coordinates": [ 139.476436299999989, 35.7869688 ] } },
{ "type": "Feature", "properties": { "内容": "新所沢清和病院訪問看護ステーション【訪問看護】神米金141-3", "url": "https://www.kaigokensaku.mhlw.go.jp/11/index.php?action_kouhyou_detail_004_kani=true&JigyosyoCd=1162590347-00&ServiceCd=130&Type=search", "url2": "www.hp-seiwa.org" }, "geometry": { "type": "Point", "coordinates": [ 139.467019099999987, 35.82112020000001 ] } },
{ "type": "Feature", "properties": { "内容": "訪問看護ステーション　ロイヤル【訪問看護】所沢市北野三丁目1番地11", "url": "https://www.kaigokensaku.mhlw.go.jp/11/index.php?action_kouhyou_detail_004_kani=true&JigyosyoCd=1162590016-00&ServiceCd=130&Type=search", "url2": "http://www.tl-wam.or.jp" }, "geometry": { "type": "Point", "coordinates": [ 139.420674486508261, 35.797533116454055 ] } },
{ "type": "Feature", "properties": { "内容": "所沢市医師会訪問看護ステーション【訪問看護】埼玉県所沢市上安松１２２４－１", "url": "https://www.kaigokensaku.mhlw.go.jp/11/index.php?action_kouhyou_detail_004_kani=true&JigyosyoCd=1162590024-00&ServiceCd=130&Type=search", "url2": "https://tokorozawashi-ishikai.com/station/" }, "geometry": { "type": "Point", "coordinates": [ 139.4806231, 35.7919869 ] } },
{ "type": "Feature", "properties": { "内容": "訪問看護ステーション　すずらん【訪問看護】埼玉県所沢市中新井4-27-15", "url": "https://www.kaigokensaku.mhlw.go.jp/11/index.php?action_kouhyou_detail_004_kani=true&JigyosyoCd=1162590099-00&ServiceCd=130&Type=search", "url2": "http://www.mizuno-naika-clinic.com/" }, "geometry": { "type": "Point", "coordinates": [ 139.475036583447746, 35.814724214324237 ] } },
{ "type": "Feature", "properties": { "内容": "訪問看護ステーションひばり【訪問看護】埼玉県所沢市東所沢1丁目11番6号イーストハイツ102", "url": "https://www.kaigokensaku.mhlw.go.jp/11/index.php?action_kouhyou_detail_004_kani=true&JigyosyoCd=1162590313-00&ServiceCd=130&Type=search", "url2": "https://hibari.tmg-houmonkango.jp/" }, "geometry": { "type": "Point", "coordinates": [ 139.515228200000024, 35.7955455 ] } },
{ "type": "Feature", "properties": { "内容": "所沢リハビリテーション病院　訪問看護ステーション【訪問看護】埼玉県所沢市中富1016", "url": "https://www.kaigokensaku.mhlw.go.jp/11/index.php?action_kouhyou_detail_004_kani=true&JigyosyoCd=1162590214-00&ServiceCd=130&Type=search", "url2": "http://www.wafukai.or.jp/tokorb/" }, "geometry": { "type": "Point", "coordinates": [ 139.481541500000048, 35.8262602 ] } },
{ "type": "Feature", "properties": { "内容": "訪問看護ステーションリハロー【訪問看護】埼玉県所沢市金山町12-13", "url": "https://www.kaigokensaku.mhlw.go.jp/11/index.php?action_kouhyou_detail_004_kani=true&JigyosyoCd=1162590354-00&ServiceCd=130&Type=search", "url2": "http://re-hello.com/" }, "geometry": { "type": "Point", "coordinates": [ 139.462349112126589, 35.791524037851886 ] } },
{ "type": "Feature", "properties": { "内容": "福来訪問看護ステーション【訪問看護】埼玉県所沢市久米1978-1", "url": "https://www.kaigokensaku.mhlw.go.jp/11/index.php?action_kouhyou_detail_004_kani=true&JigyosyoCd=1162590230-00&ServiceCd=130&Type=search", "url2": "https://www4.hp-ez.com/hp/fukuhoumon-kango" }, "geometry": { "type": "Point", "coordinates": [ 139.462562671306557, 35.778653892688446 ] } },
{ "type": "Feature", "properties": { "内容": "訪問看護ステーションRASHISA【訪問看護】埼玉県所沢市北秋津739-42恵郷土ビル1F", "url": "https://www.kaigokensaku.mhlw.go.jp/11/index.php?action_kouhyou_detail_004_kani=true&JigyosyoCd=1162590396-00&ServiceCd=130&Type=search", "url2": "rashisa-kango.com" }, "geometry": { "type": "Point", "coordinates": [ 139.476922996998383, 35.785058312953765 ] } },
{ "type": "Feature", "properties": { "内容": "医療生協さいたま所沢訪問看護ステーション【訪問看護】所沢市宮本町2-23-34", "url": "https://www.kaigokensaku.mhlw.go.jp/11/index.php?action_kouhyou_detail_004_kani=true&JigyosyoCd=1162590032-00&ServiceCd=130&Type=search", "url2": "https://www.mcp-saitama-kaigo.com/office/tokoshin/" }, "geometry": { "type": "Point", "coordinates": [ 139.460730399999989, 35.7957718 ] } },
{ "type": "Feature", "properties": { "内容": "社会医療法人至仁会よしかわ訪問看護ステーション歩【訪問看護】所沢市若狭3-2576-1", "url": "https://www.kaigokensaku.mhlw.go.jp/11/index.php?action_kouhyou_detail_004_kani=true&JigyosyoCd=1162590180-00&ServiceCd=130&Type=search", "url2": "https://sijinkai-ayumi.com/" }, "geometry": { "type": "Point", "coordinates": [ 139.419658900000059, 35.8020123 ] } },
{ "type": "Feature", "properties": { "内容": "First　aid【訪問看護】埼玉県所沢市日吉町28-3メゾンエトワール201", "url": "https://www.kaigokensaku.mhlw.go.jp/11/index.php?action_kouhyou_detail_004_kani=true&JigyosyoCd=1162590693-00&ServiceCd=130&Type=search", "url2": null }, "geometry": { "type": "Point", "coordinates": [ 139.470148599999987, 35.7869895 ] } },
{ "type": "Feature", "properties": { "内容": "訪問看護ステーション　ALWAYS所沢【訪問看護】埼玉県所沢市下安松1019-7B区画", "url": "https://www.kaigokensaku.mhlw.go.jp/11/index.php?action_kouhyou_detail_004_kani=true&JigyosyoCd=1162590438-00&ServiceCd=130&Type=search", "url2": "https://always-ns.jp" }, "geometry": { "type": "Point", "coordinates": [ 139.507983200000012, 35.7884808 ] } },
{ "type": "Feature", "properties": { "内容": "きらめき訪問看護リハビリステーション所沢事業所【訪問看護】所沢市寿町２７－７コンセールタワー所沢204", "url": "https://www.kaigokensaku.mhlw.go.jp/11/index.php?action_kouhyou_detail_004_kani=true&JigyosyoCd=1162590479-00&ServiceCd=130&Type=search", "url2": "https://kiramekihoukan.com/" }, "geometry": { "type": "Point", "coordinates": [ 139.467661543151621, 35.7915044930918 ] } },
{ "type": "Feature", "properties": { "内容": "指定訪問看護アットリハ航空公園【訪問看護】所沢市けやき台2-42-11", "url": "https://www.kaigokensaku.mhlw.go.jp/11/index.php?action_kouhyou_detail_004_kani=true&JigyosyoCd=1162590552-00&ServiceCd=130&Type=search", "url2": "https://at-care.co.jp/" }, "geometry": { "type": "Point", "coordinates": [ 139.4584575, 35.7994848 ] } },
{ "type": "Feature", "properties": { "内容": "ホームメディケアジャパン株式会社【訪問看護】南住吉1-15GlanzFelicia306", "url": "https://www.kaigokensaku.mhlw.go.jp/11/index.php?action_kouhyou_detail_004_kani=true&JigyosyoCd=1162590495-00&ServiceCd=130&Type=search", "url2": "https://cocoro-st.jp/" }, "geometry": { "type": "Point", "coordinates": [ 135.502951, 34.6106002 ] } },
{ "type": "Feature", "properties": { "内容": "ちるみみ訪問看護ステーション【訪問看護】埼玉県所沢市若狭4-2465-1泉ハイムⅢA101", "url": "https://www.kaigokensaku.mhlw.go.jp/11/index.php?action_kouhyou_detail_004_kani=true&JigyosyoCd=1162590685-00&ServiceCd=130&Type=search", "url2": null }, "geometry": { "type": "Point", "coordinates": [ 139.4140156, 35.8039715 ] } },
{ "type": "Feature", "properties": { "内容": "訪問看護ステーション　きゅあ　ひがとこ【訪問看護】東所沢和田三丁目11-14ラ・メゾン東所沢105", "url": "https://www.kaigokensaku.mhlw.go.jp/11/index.php?action_kouhyou_detail_004_kani=true&JigyosyoCd=1162590263-00&ServiceCd=130&Type=search", "url2": "sayfir-cure.jp" }, "geometry": { "type": "Point", "coordinates": [ 139.508339110864028, 35.796255319173511 ] } },
{ "type": "Feature", "properties": { "内容": "介護美人訪問看護リハビリステーション【訪問看護】埼玉県所沢市弥生町2867-15B号室", "url": "https://www.kaigokensaku.mhlw.go.jp/11/index.php?action_kouhyou_detail_004_kani=true&JigyosyoCd=1162590339-00&ServiceCd=130&Type=search", "url2": null }, "geometry": { "type": "Point", "coordinates": [ 139.462263300000018, 35.8045123 ] } },
{ "type": "Feature", "properties": { "内容": "ひまり訪問看護ステーション【訪問看護】埼玉県所沢市荒幡1018−4", "url": "https://www.kaigokensaku.mhlw.go.jp/11/index.php?action_kouhyou_detail_004_kani=true&JigyosyoCd=1162590610-00&ServiceCd=130&Type=search", "url2": "https://himari-nursingst.com/" }, "geometry": { "type": "Point", "coordinates": [ 139.44151260000001, 35.7760019 ] } },
{ "type": "Feature", "properties": { "内容": "訪問看護イーライフ【訪問看護】埼玉県所沢市西狭山ケ丘1-256-1第2新井コーポ103", "url": "https://www.kaigokensaku.mhlw.go.jp/11/index.php?action_kouhyou_detail_004_kani=true&JigyosyoCd=1162590370-00&ServiceCd=130&Type=search", "url2": null }, "geometry": { "type": "Point", "coordinates": [ 139.4067968, 35.8049253 ] } },
{ "type": "Feature", "properties": { "内容": "訪問看護ステーション　シェアライフ【訪問看護】埼玉県所沢市東所沢5-13-9久瀬川ビル2階", "url": "https://www.kaigokensaku.mhlw.go.jp/11/index.php?action_kouhyou_detail_004_kani=true&JigyosyoCd=1162590271-00&ServiceCd=130&Type=search", "url2": "http://www.in-clusion.co.jp" }, "geometry": { "type": "Point", "coordinates": [ 139.520063781016432, 35.796057926452214 ] } },
{ "type": "Feature", "properties": { "内容": "所沢市狭山ヶ丘１丁目2980-151　ｳｴｽﾄﾋﾞﾙ201【訪問看護】埼玉県所沢市狭山ヶ丘１丁目2980-151ｳｴｽﾄﾋﾞﾙ201", "url": "https://www.kaigokensaku.mhlw.go.jp/11/index.php?action_kouhyou_detail_004_kani=true&JigyosyoCd=1162590677-00&ServiceCd=130&Type=search", "url2": null }, "geometry": { "type": "Point", "coordinates": [ 139.417103200000014, 35.808936600000017 ] } },
{ "type": "Feature", "properties": { "内容": "医療法人社団　医凰会　並木病院みなし訪問看護　福まる【訪問看護】埼玉県所沢市東狭山ヶ丘5-2753", "url": "https://www.kaigokensaku.mhlw.go.jp/11/index.php?action_kouhyou_detail_004_kani=true&JigyosyoCd=1112505535-00&ServiceCd=130&Type=search", "url2": "http://www.namiki-hospital.jp/" }, "geometry": { "type": "Point", "coordinates": [ 139.426860793623348, 35.815116074743123 ] } },
{ "type": "Feature", "properties": { "内容": "優訪問看護ステーション【訪問看護】埼玉県所沢市山口1742-6", "url": "https://www.kaigokensaku.mhlw.go.jp/11/index.php?action_kouhyou_detail_004_kani=true&JigyosyoCd=1162590362-00&ServiceCd=130&Type=search", "url2": "https//www.youhoumon.com" }, "geometry": { "type": "Point", "coordinates": [ 139.431486341106393, 35.782835389653755 ] } },
{ "type": "Feature", "properties": { "内容": "セレニティ訪問看護ステーション狭山ヶ丘【訪問看護】埼玉県所沢市東狭山ヶ丘二丁目878番4", "url": "https://www.kaigokensaku.mhlw.go.jp/11/index.php?action_kouhyou_detail_004_kani=true&JigyosyoCd=1162590701-00&ServiceCd=130&Type=search", "url2": null }, "geometry": { "type": "Point", "coordinates": [ 139.419795821016947, 35.811462249261595 ] } },
{ "type": "Feature", "properties": { "内容": "訪問看護ステーションLeo【訪問看護】埼玉県所沢市狭山ヶ丘二丁目28番地9", "url": "https://www.kaigokensaku.mhlw.go.jp/11/index.php?action_kouhyou_detail_004_kani=true&JigyosyoCd=1162590594-00&ServiceCd=130&Type=search", "url2": "https://www.ake-boshi.com" }, "geometry": { "type": "Point", "coordinates": [ 139.4123361, 35.8112341 ] } },
{ "type": "Feature", "properties": { "内容": "訪問看護リハビリステーションケア・リンク【訪問看護】所沢市緑町2-14-1YKS新所沢ビル206", "url": "https://www.kaigokensaku.mhlw.go.jp/11/index.php?action_kouhyou_detail_004_kani=true&JigyosyoCd=1162590115-00&ServiceCd=130&Type=search", "url2": "http://medical-care-link.com/" }, "geometry": { "type": "Point", "coordinates": [ 139.454789, 35.804006600000015 ] } },
{ "type": "Feature", "properties": { "内容": "あどらいふ訪問看護ステーション【訪問看護】埼玉県所沢市中新井3-2-15ヴィラ中新井１号室", "url": "https://www.kaigokensaku.mhlw.go.jp/11/index.php?action_kouhyou_detail_004_kani=true&JigyosyoCd=1162590388-00&ServiceCd=130&Type=search", "url2": null }, "geometry": { "type": "Point", "coordinates": [ 139.4688207, 35.8165572 ] } },
{ "type": "Feature", "properties": { "内容": "訪問看護ステーショントータルケア小手指【訪問看護】埼玉県所沢市小手指町１－３６－５", "url": "https://www.kaigokensaku.mhlw.go.jp/11/index.php?action_kouhyou_detail_004_kani=true&JigyosyoCd=1162590255-00&ServiceCd=130&Type=search", "url2": "https://lecaldo.co.jp/total-care-kotesashi/" }, "geometry": { "type": "Point", "coordinates": [ 139.4391128, 35.805648800000014 ] } },
{ "type": "Feature", "properties": { "内容": "オレンジ訪問看護ステーション【訪問看護】埼玉県所沢市若狭四丁目2468番地15スカイハイツ101", "url": "https://www.kaigokensaku.mhlw.go.jp/11/index.php?action_kouhyou_detail_004_kani=true&JigyosyoCd=1162590321-00&ServiceCd=130&Type=search", "url2": "https://wakasaclinic.com" }, "geometry": { "type": "Point", "coordinates": [ 139.41340282209012, 35.804679458198123 ] } },
{ "type": "Feature", "properties": { "内容": "ロイヤル所沢訪問看護ステーション【訪問看護】下安松942-1ロイヤル所沢訪問看護ステーション", "url": "https://www.kaigokensaku.mhlw.go.jp/11/index.php?action_kouhyou_detail_004_kani=true&JigyosyoCd=1162590453-00&ServiceCd=130&Type=search", "url2": "https://syasouken.com" }, "geometry": { "type": "Point", "coordinates": [ 139.504021200000011, 35.7905734 ] } },
{ "type": "Feature", "properties": { "内容": "まごころケアステーション【訪問看護】埼玉県所沢市小手指町３－２２－１２豊川医院　2階", "url": "https://www.kaigokensaku.mhlw.go.jp/11/index.php?action_kouhyou_detail_004_kani=true&JigyosyoCd=1162590644-00&ServiceCd=130&Type=search", "url2": "https://magokoro-carestation.com" }, "geometry": { "type": "Point", "coordinates": [ 139.4381069, 35.7998002 ] } },
{ "type": "Feature", "properties": { "内容": "医療法人　新正会　間柴医院　訪問看護室【訪問看護】飯能市緑町３－４", "url": "https://www.kaigokensaku.mhlw.go.jp/11/index.php?action_kouhyou_detail_004_kani=true&JigyosyoCd=1112601516-00&ServiceCd=130&Type=search", "url2": "http://www.mashiba.ne.jp/" }, "geometry": { "type": "Point", "coordinates": [ 139.33013660000006, 35.8522591 ] } },
{ "type": "Feature", "properties": { "内容": "訪問看護ステーションはんのう【訪問看護】埼玉県飯能市双柳１５０－２３", "url": "https://www.kaigokensaku.mhlw.go.jp/11/index.php?action_kouhyou_detail_004_kani=true&JigyosyoCd=1162690030-00&ServiceCd=130&Type=search", "url2": "http://www.mcp-saitama.or.jp/" }, "geometry": { "type": "Point", "coordinates": [ 139.328706199999971, 35.8539228 ] } },
{ "type": "Feature", "properties": { "内容": "オマッチ訪問看護ステーション【訪問看護】埼玉県飯能栄町1番27号プロスペルTMKW302", "url": "https://www.kaigokensaku.mhlw.go.jp/11/index.php?action_kouhyou_detail_004_kani=true&JigyosyoCd=1162690097-00&ServiceCd=130&Type=search", "url2": "http://www.omatchi.jp" }, "geometry": { "type": "Point", "coordinates": [ 139.32686620000004, 35.8504294 ] } },
{ "type": "Feature", "properties": { "内容": "飯能市訪問看護ステーションほほえみ【訪問看護】飯能市虎秀25-1飯能市東吾野医療介護センター地下１階", "url": "https://www.kaigokensaku.mhlw.go.jp/11/index.php?action_kouhyou_detail_004_kani=true&JigyosyoCd=1162690022-00&ServiceCd=130&Type=search", "url2": "http://www.ctiy.hanno.saitama.jp/kaigo/kaigohoken" }, "geometry": { "type": "Point", "coordinates": [ 139.26064759999997, 35.8946973 ] } },
{ "type": "Feature", "properties": { "内容": "訪問看護ステーションLife【訪問看護】埼玉県飯能市南町4-25ヴィラあおい201", "url": "https://www.kaigokensaku.mhlw.go.jp/11/index.php?action_kouhyou_detail_004_kani=true&JigyosyoCd=1162690089-00&ServiceCd=130&Type=search", "url2": "https://life-careworks.com" }, "geometry": { "type": "Point", "coordinates": [ 139.319865199999981, 35.8491546 ] } },
{ "type": "Feature", "properties": { "内容": "灯音訪問看護ステーション【訪問看護】飯能市東町6-16菊屋ビル105", "url": "https://www.kaigokensaku.mhlw.go.jp/11/index.php?action_kouhyou_detail_004_kani=true&JigyosyoCd=1162690121-00&ServiceCd=130&Type=search", "url2": "https://cocorita-ns.jp" }, "geometry": { "type": "Point", "coordinates": [ 139.3228918, 35.8530643 ] } },
{ "type": "Feature", "properties": { "内容": "訪問看護リハビリステーション　カルナ【訪問看護】埼玉県飯能市美杉台3-17-1美杉台センタービル101", "url": "https://www.kaigokensaku.mhlw.go.jp/11/index.php?action_kouhyou_detail_004_kani=true&JigyosyoCd=1162690113-00&ServiceCd=130&Type=search", "url2": "www.carna-kaigo.jp" }, "geometry": { "type": "Point", "coordinates": [ 139.310259800000011, 35.8419898 ] } },
{ "type": "Feature", "properties": { "内容": "訪問看護ステーション小室【訪問看護】埼玉県飯能市八幡町2-3小室クリニック２Ｆ", "url": "https://www.kaigokensaku.mhlw.go.jp/11/index.php?action_kouhyou_detail_004_kani=true&JigyosyoCd=1162690048-00&ServiceCd=130&Type=search", "url2": "http://www.komuro-med.or.jp" }, "geometry": { "type": "Point", "coordinates": [ 139.320054453372933, 35.853814890486589 ] } },
{ "type": "Feature", "properties": { "内容": "指定訪問看護はるか【訪問看護】埼玉県飯能市美杉台5丁目19番20バリュージュ美杉台A102", "url": "https://www.kaigokensaku.mhlw.go.jp/11/index.php?action_kouhyou_detail_004_kani=true&JigyosyoCd=1162690105-00&ServiceCd=130&Type=search", "url2": "http://craftcare.org/" }, "geometry": { "type": "Point", "coordinates": [ 139.30787, 35.8497063 ] } },
{ "type": "Feature", "properties": { "内容": "訪問看護リハビリステーションたんぽぽ【訪問看護】飯能市落合275-1", "url": "https://www.kaigokensaku.mhlw.go.jp/11/index.php?action_kouhyou_detail_004_kani=true&JigyosyoCd=1162690063-00&ServiceCd=130&Type=search", "url2": "https://npo-tanpopo.or.jp/" }, "geometry": { "type": "Point", "coordinates": [ 139.321239444041481, 35.833645920413886 ] } },
{ "type": "Feature", "properties": { "内容": "訪問看護ステーションいつき加須【訪問看護】花崎北2丁目12-2島田貸家1号棟", "url": "https://www.kaigokensaku.mhlw.go.jp/11/index.php?action_kouhyou_detail_004_kani=true&JigyosyoCd=1163890175-00&ServiceCd=130&Type=search", "url2": "https://heartvillage.co.jp/" }, "geometry": { "type": "Point", "coordinates": [ 139.6318406, 36.114859 ] } },
{ "type": "Feature", "properties": { "内容": "訪問看護ステーションふわり加須【訪問看護】埼玉県加須市騎西4-1ファストシンメイ元町裏103", "url": "https://www.kaigokensaku.mhlw.go.jp/11/index.php?action_kouhyou_detail_004_kani=true&JigyosyoCd=1163890167-00&ServiceCd=130&Type=search", "url2": null }, "geometry": { "type": "Point", "coordinates": [ 139.57968790000001, 36.0989468 ] } },
{ "type": "Feature", "properties": { "内容": "北埼玉医師会訪問看護ステーション【訪問看護】加須市馬内441", "url": "https://www.kaigokensaku.mhlw.go.jp/11/index.php?action_kouhyou_detail_004_kani=true&JigyosyoCd=1163890019-00&ServiceCd=130&Type=search", "url2": "kitasai@oregano.ocn.ne.jp" }, "geometry": { "type": "Point", "coordinates": [ 139.5701894, 36.1355839 ] } },
{ "type": "Feature", "properties": { "内容": "なかだ訪問看護ステーション【訪問看護】埼玉県加須市元町7番29号", "url": "https://www.kaigokensaku.mhlw.go.jp/11/index.php?action_kouhyou_detail_004_kani=true&JigyosyoCd=1163890035-00&ServiceCd=130&Type=search", "url2": "http://www.nakada-hp.com" }, "geometry": { "type": "Point", "coordinates": [ 139.599376074204997, 36.123348780190064 ] } },
{ "type": "Feature", "properties": { "内容": "済生会かぞ訪問看護ステーション【訪問看護】埼玉県加須市上高柳1680", "url": "https://www.kaigokensaku.mhlw.go.jp/11/index.php?action_kouhyou_detail_004_kani=true&JigyosyoCd=1163890100-00&ServiceCd=130&Type=search", "url2": "https://saikazo.org/outline/center/division-05/" }, "geometry": { "type": "Point", "coordinates": [ 139.59477720000001, 36.1177845 ] } },
{ "type": "Feature", "properties": { "内容": "訪問看護ステーション希心【訪問看護】埼玉県加須市北下新井167番地3", "url": "https://www.kaigokensaku.mhlw.go.jp/11/index.php?action_kouhyou_detail_004_kani=true&JigyosyoCd=1163890142-00&ServiceCd=130&Type=search", "url2": "https://www.houkan-nozomi.com" }, "geometry": { "type": "Point", "coordinates": [ 139.679913993254075, 36.12909388541695 ] } },
{ "type": "Feature", "properties": { "内容": "リゾ・ライフ　訪問看護ステーション【訪問看護】埼玉県加須市砂原287番地1住宅型有料老人ホーム　リゾ・ライフ", "url": "https://www.kaigokensaku.mhlw.go.jp/11/index.php?action_kouhyou_detail_004_kani=true&JigyosyoCd=1163890126-00&ServiceCd=130&Type=search", "url2": "https://wisteria-nursing.jp/rizo-life/" }, "geometry": { "type": "Point", "coordinates": [ 139.6679695, 36.1512309 ] } },
{ "type": "Feature", "properties": { "内容": "さくらホームクリニック【訪問看護】埼玉県加須市柏戸765-7", "url": "https://www.kaigokensaku.mhlw.go.jp/11/index.php?action_kouhyou_detail_004_kani=true&JigyosyoCd=1113800943-00&ServiceCd=130&Type=search", "url2": null }, "geometry": { "type": "Point", "coordinates": [ 139.673491, 36.200851299999989 ] } },
{ "type": "Feature", "properties": { "内容": "訪問看護ステーション　結び【訪問看護】埼玉県加須市富士見町8-60", "url": "https://www.kaigokensaku.mhlw.go.jp/11/index.php?action_kouhyou_detail_004_kani=true&JigyosyoCd=1163890076-00&ServiceCd=130&Type=search", "url2": "musubi-ns.jp" }, "geometry": { "type": "Point", "coordinates": [ 139.594269808087745, 36.122270905846079 ] } },
{ "type": "Feature", "properties": { "内容": "医心館訪問看護ステーション加須【訪問看護】埼玉県加須市不動岡１丁目２番40号", "url": "https://www.kaigokensaku.mhlw.go.jp/11/index.php?action_kouhyou_detail_004_kani=true&JigyosyoCd=1163890183-00&ServiceCd=130&Type=search", "url2": null }, "geometry": { "type": "Point", "coordinates": [ 139.591531004368562, 36.131504502471138 ] } },
{ "type": "Feature", "properties": { "内容": "騎西病院【訪問看護】埼玉県加須市日出安１３１３－１", "url": "https://www.kaigokensaku.mhlw.go.jp/11/index.php?action_kouhyou_detail_004_kani=true&JigyosyoCd=1113600632-00&ServiceCd=130&Type=search", "url2": null }, "geometry": { "type": "Point", "coordinates": [ 139.584226199999989, 36.1116189 ] } },
{ "type": "Feature", "properties": { "内容": "ロイヤル加須訪問看護ステーション【訪問看護】埼玉県加須市中央1-7-57", "url": "https://www.kaigokensaku.mhlw.go.jp/11/index.php?action_kouhyou_detail_004_kani=true&JigyosyoCd=1163890068-00&ServiceCd=130&Type=search", "url2": "http://syasouken.com/center/ロイヤルレジデンス加須/" }, "geometry": { "type": "Point", "coordinates": [ 139.596328701188668, 36.124193035523518 ] } },
{ "type": "Feature", "properties": { "内容": "ふれあい訪問看護ステーション【訪問看護】埼玉県本庄市西富田634番地1", "url": "https://www.kaigokensaku.mhlw.go.jp/11/index.php?action_kouhyou_detail_004_kani=true&JigyosyoCd=1164390183-00&ServiceCd=130&Type=search", "url2": "https://hanawashakaifukushi1.jimdofree.com/" }, "geometry": { "type": "Point", "coordinates": [ 139.166557423257416, 36.226604350318951 ] } },
{ "type": "Feature", "properties": { "内容": "訪問看護ステーションいつき本庄【訪問看護】埼玉県本庄市小島南3-1-29CASAりつりん　102号室", "url": "https://www.kaigokensaku.mhlw.go.jp/11/index.php?action_kouhyou_detail_004_kani=true&JigyosyoCd=1164390233-00&ServiceCd=130&Type=search", "url2": "https://heartvillage.co.jp/" }, "geometry": { "type": "Point", "coordinates": [ 139.165801499999986, 36.239777 ] } },
{ "type": "Feature", "properties": { "内容": "訪問看護ステーションゆたか本庄【訪問看護】埼玉県本庄市前原1丁目12番15号", "url": "https://www.kaigokensaku.mhlw.go.jp/11/index.php?action_kouhyou_detail_004_kani=true&JigyosyoCd=1164390100-00&ServiceCd=130&Type=search", "url2": "https://nh-kokoro.jp/" }, "geometry": { "type": "Point", "coordinates": [ 139.1787727, 36.2399068 ] } },
{ "type": "Feature", "properties": { "内容": "訪問看護オールケア本庄【訪問看護】埼玉県本庄市児玉町八幡山171", "url": "https://www.kaigokensaku.mhlw.go.jp/11/index.php?action_kouhyou_detail_004_kani=true&JigyosyoCd=1164390142-00&ServiceCd=130&Type=search", "url2": null }, "geometry": { "type": "Point", "coordinates": [ 139.1318087, 36.192884 ] } },
{ "type": "Feature", "properties": { "内容": "訪問看護ステーション　なないろ【訪問看護】埼玉県本庄市寿1丁目26番3号", "url": "https://www.kaigokensaku.mhlw.go.jp/11/index.php?action_kouhyou_detail_004_kani=true&JigyosyoCd=1164390126-00&ServiceCd=130&Type=search", "url2": null }, "geometry": { "type": "Point", "coordinates": [ 139.203139607196675, 36.227750131540162 ] } },
{ "type": "Feature", "properties": { "内容": "訪問看護ステーション生樹【訪問看護】埼玉県本庄市本庄3-2-8ユニキューブ本庄", "url": "https://www.kaigokensaku.mhlw.go.jp/11/index.php?action_kouhyou_detail_004_kani=true&JigyosyoCd=1164390159-00&ServiceCd=130&Type=search", "url2": "https://www.annsin.net/" }, "geometry": { "type": "Point", "coordinates": [ 139.190146918432646, 36.242388164398577 ] } },
{ "type": "Feature", "properties": { "内容": "ベル訪問看護ステーション【訪問看護】埼玉県本庄市児玉町八幡山293鈴木外科病院１階", "url": "https://www.kaigokensaku.mhlw.go.jp/11/index.php?action_kouhyou_detail_004_kani=true&JigyosyoCd=1164390043-00&ServiceCd=130&Type=search", "url2": null }, "geometry": { "type": "Point", "coordinates": [ 139.130295299999943, 36.1958319 ] } },
{ "type": "Feature", "properties": { "内容": "医療法人桂水会　岡病院　訪問看護室【訪問看護】埼玉県本庄市北堀810番地", "url": "https://www.kaigokensaku.mhlw.go.jp/11/index.php?action_kouhyou_detail_004_kani=true&JigyosyoCd=1114301610-00&ServiceCd=130&Type=search", "url2": "http://www.oka-hospital.jp/" }, "geometry": { "type": "Point", "coordinates": [ 139.1919327, 36.2264716 ] } },
{ "type": "Feature", "properties": { "内容": "あんしん訪問看護リハビリステーション【訪問看護】埼玉県本庄市早稲田の杜4-15-28", "url": "https://www.kaigokensaku.mhlw.go.jp/11/index.php?action_kouhyou_detail_004_kani=true&JigyosyoCd=1164390084-00&ServiceCd=130&Type=search", "url2": "https://www.anshinkango.co.jp" }, "geometry": { "type": "Point", "coordinates": [ 139.185515879098517, 36.225097707616392 ] } },
{ "type": "Feature", "properties": { "内容": "本庄訪問看護ステーション【訪問看護】埼玉県本庄市日の出3丁目7番26号", "url": "https://www.kaigokensaku.mhlw.go.jp/11/index.php?action_kouhyou_detail_004_kani=true&JigyosyoCd=1164390019-00&ServiceCd=130&Type=search", "url2": "https://www.nakamura-geka.com/visit/" }, "geometry": { "type": "Point", "coordinates": [ 139.203639368529508, 36.234904662457602 ] } },
{ "type": "Feature", "properties": { "内容": "ネフィア訪問看護ステーション【訪問看護】埼玉県本庄市見福3丁目1番6号", "url": "https://www.kaigokensaku.mhlw.go.jp/11/index.php?action_kouhyou_detail_004_kani=true&JigyosyoCd=1164390241-00&ServiceCd=130&Type=search", "url2": null }, "geometry": { "type": "Point", "coordinates": [ 139.179630099999969, 36.2294971 ] } },
{ "type": "Feature", "properties": { "内容": "訪問看護ステーションマリーゴールド【訪問看護】埼玉県本庄市早稲田の杜5丁目12番5Luan早稲田の杜01", "url": "https://www.kaigokensaku.mhlw.go.jp/11/index.php?action_kouhyou_detail_004_kani=true&JigyosyoCd=1164390209-00&ServiceCd=130&Type=search", "url2": "https://terucompany.com" }, "geometry": { "type": "Point", "coordinates": [ 139.188379264418046, 36.217861545470242 ] } },
{ "type": "Feature", "properties": { "内容": "訪問看護ステーションおおむらさき【訪問看護】埼玉県東松山市上唐子1312-1", "url": "https://www.kaigokensaku.mhlw.go.jp/11/index.php?action_kouhyou_detail_004_kani=true&JigyosyoCd=1163390101-00&ServiceCd=130&Type=search", "url2": "https://www.ranzan-hp.or.jp/departments/at_home/visit_care.html" }, "geometry": { "type": "Point", "coordinates": [ 139.347766500000034, 36.0395205 ] } },
{ "type": "Feature", "properties": { "内容": "東松山訪問看護リハビリステーションピアラボ【訪問看護】埼玉県東松山市元宿2-27-7高橋ビル107号室", "url": "https://www.kaigokensaku.mhlw.go.jp/11/index.php?action_kouhyou_detail_004_kani=true&JigyosyoCd=1163390150-00&ServiceCd=130&Type=search", "url2": "https://peerlabo.com/" }, "geometry": { "type": "Point", "coordinates": [ 139.395287599999989, 36.002266 ] } },
{ "type": "Feature", "properties": { "内容": "東松山医師会訪問看護ステーション【訪問看護】埼玉県東松山市神明町1-15-10", "url": "https://www.kaigokensaku.mhlw.go.jp/11/index.php?action_kouhyou_detail_004_kani=true&JigyosyoCd=1163390010-00&ServiceCd=130&Type=search", "url2": "http://www.hmahp.or.jp" }, "geometry": { "type": "Point", "coordinates": [ 139.407671796958994, 36.033862153311134 ] } },
{ "type": "Feature", "properties": { "内容": "株式会社クレバリーワン　訪問看護ステーション　ハピネス　スマイリー【訪問看護】埼玉県東松山市神明町　２－１－８プラザ神明町１階１０１号室", "url": "https://www.kaigokensaku.mhlw.go.jp/11/index.php?action_kouhyou_detail_004_kani=true&JigyosyoCd=1163390077-00&ServiceCd=130&Type=search", "url2": "happinesssmiley.webmaru.net" }, "geometry": { "type": "Point", "coordinates": [ 139.403172700000027, 36.0321773 ] } },
{ "type": "Feature", "properties": { "内容": "ひだまり訪問看護リハビリステーション【訪問看護】埼玉県東松山市美土里町11-25", "url": "https://www.kaigokensaku.mhlw.go.jp/11/index.php?action_kouhyou_detail_004_kani=true&JigyosyoCd=1163390127-00&ServiceCd=130&Type=search", "url2": "http://hp.kaipoke.biz/hc0/" }, "geometry": { "type": "Point", "coordinates": [ 139.387397094063516, 36.032458685285455 ] } },
{ "type": "Feature", "properties": { "内容": "訪問看護ステーション「成恵」【訪問看護】埼玉県東松山市大字石橋1722-2", "url": "https://www.kaigokensaku.mhlw.go.jp/11/index.php?action_kouhyou_detail_004_kani=true&JigyosyoCd=1163390051-00&ServiceCd=130&Type=search", "url2": "http://seikei-care.jp" }, "geometry": { "type": "Point", "coordinates": [ 139.377819499999987, 36.0402899 ] } },
{ "type": "Feature", "properties": { "内容": "訪問看護ステーション　シャローム【訪問看護】埼玉県東松山市大字松山1496", "url": "https://www.kaigokensaku.mhlw.go.jp/11/index.php?action_kouhyou_detail_004_kani=true&JigyosyoCd=1163390036-00&ServiceCd=130&Type=search", "url2": "http://shalorm.or.jp/" }, "geometry": { "type": "Point", "coordinates": [ 139.414381700000035, 36.0520643 ] } },
{ "type": "Feature", "properties": { "内容": "ケアーズ訪問看護リハビリステーション東松山【訪問看護】埼玉県東松山市本町1丁目4番8号", "url": "https://www.kaigokensaku.mhlw.go.jp/11/index.php?action_kouhyou_detail_004_kani=true&JigyosyoCd=1163390085-00&ServiceCd=130&Type=search", "url2": "https://cares-h.shop/" }, "geometry": { "type": "Point", "coordinates": [ 139.4052252298859, 36.044006409440499 ] } },
{ "type": "Feature", "properties": { "内容": "東松山市立訪問看護ステーション【訪問看護】埼玉県東松山市大字松山2392", "url": "https://www.kaigokensaku.mhlw.go.jp/11/index.php?action_kouhyou_detail_004_kani=true&JigyosyoCd=1163390184-00&ServiceCd=130&Type=search", "url2": "https://hmy-municipalhosp.jp/departments" }, "geometry": { "type": "Point", "coordinates": [ 139.405745, 36.0541495 ] } },
{ "type": "Feature", "properties": { "内容": "訪問看護ステーション　さわひな【訪問看護】埼玉県春日部市備後東6丁目11番地30コープサンライズ102号室", "url": "https://www.kaigokensaku.mhlw.go.jp/11/index.php?action_kouhyou_detail_004_kani=true&JigyosyoCd=1160690321-00&ServiceCd=130&Type=search", "url2": "https://hp.kaipoke.biz/te5/" }, "geometry": { "type": "Point", "coordinates": [ 139.7734537, 35.9505638 ] } },
{ "type": "Feature", "properties": { "内容": "セレニティ訪問看護ステーション春日部【訪問看護】埼玉県春日部市中央1丁目59番3", "url": "https://www.kaigokensaku.mhlw.go.jp/11/index.php?action_kouhyou_detail_004_kani=true&JigyosyoCd=1160690388-00&ServiceCd=130&Type=search", "url2": null }, "geometry": { "type": "Point", "coordinates": [ 139.7549803, 35.9756164 ] } },
{ "type": "Feature", "properties": { "内容": "春日部ロイヤル訪問看護ステーション【訪問看護】春日部市藤塚250-132", "url": "https://www.kaigokensaku.mhlw.go.jp/11/index.php?action_kouhyou_detail_004_kani=true&JigyosyoCd=1160690016-00&ServiceCd=130&Type=search", "url2": "http://www.ims.gr.jp/ims_kasukabe/" }, "geometry": { "type": "Point", "coordinates": [ 139.778663652127904, 35.966011812436058 ] } },
{ "type": "Feature", "properties": { "内容": "訪問看護ステーション悠友【訪問看護】埼玉県春日部市一ノ割下沖1086-1", "url": "https://www.kaigokensaku.mhlw.go.jp/11/index.php?action_kouhyou_detail_004_kani=true&JigyosyoCd=1160690180-00&ServiceCd=130&Type=search", "url2": null }, "geometry": { "type": "Point", "coordinates": [ 139.7588189, 35.961524600000011 ] } },
{ "type": "Feature", "properties": { "内容": "リハビリこんぱす訪問看護ステーション【訪問看護】埼玉県春日部市薄谷78番地", "url": "https://www.kaigokensaku.mhlw.go.jp/11/index.php?action_kouhyou_detail_004_kani=true&JigyosyoCd=1160690131-00&ServiceCd=130&Type=search", "url2": "http://compass100.jp" }, "geometry": { "type": "Point", "coordinates": [ 139.756886860451374, 35.955763150782083 ] } },
{ "type": "Feature", "properties": { "内容": "おおつ整形外科【訪問看護】埼玉県　春日部市　中央2-17-10昭和ビル３F", "url": "https://www.kaigokensaku.mhlw.go.jp/11/index.php?action_kouhyou_detail_004_kani=true&JigyosyoCd=1110603100-00&ServiceCd=130&Type=search", "url2": "http://www.otsuseikeigeka.com/" }, "geometry": { "type": "Point", "coordinates": [ 139.7503944, 35.9756867 ] } },
{ "type": "Feature", "properties": { "内容": "医療法人社団　庄和会　庄和中央病院【訪問看護】埼玉県春日部市上金崎28番地", "url": "https://www.kaigokensaku.mhlw.go.jp/11/index.php?action_kouhyou_detail_004_kani=true&JigyosyoCd=1110602508-00&ServiceCd=130&Type=search", "url2": "http://www.showa-central-hosp.or.jp/" }, "geometry": { "type": "Point", "coordinates": [ 139.809950500000014, 35.9980955 ] } },
{ "type": "Feature", "properties": { "内容": "医療生協ケアセンターひだまり【訪問看護】春日部市谷原2-4-122階", "url": "https://www.kaigokensaku.mhlw.go.jp/11/index.php?action_kouhyou_detail_004_kani=true&JigyosyoCd=1160690065-00&ServiceCd=130&Type=search", "url2": "https://www.mcp-saitama-kaigo.com/office/hidamari/" }, "geometry": { "type": "Point", "coordinates": [ 139.7471807, 35.9714802 ] } },
{ "type": "Feature", "properties": { "内容": "訪問看護ステーションあすなろ庄和【訪問看護】埼玉県春日部市西金野井169-5あすなろホーム庄和", "url": "https://www.kaigokensaku.mhlw.go.jp/11/index.php?action_kouhyou_detail_004_kani=true&JigyosyoCd=1160690198-00&ServiceCd=130&Type=search", "url2": "http://www.i-ll-group.co.jp/ash/" }, "geometry": { "type": "Point", "coordinates": [ 139.81124095158998, 35.985138877831936 ] } },
{ "type": "Feature", "properties": { "内容": "訪問看護ステーションいつき春日部【訪問看護】埼玉県春日部市小渕18-1第3アーベルハイツ102", "url": "https://www.kaigokensaku.mhlw.go.jp/11/index.php?action_kouhyou_detail_004_kani=true&JigyosyoCd=1160690412-00&ServiceCd=130&Type=search", "url2": "https://heartvillage.co.jp/" }, "geometry": { "type": "Point", "coordinates": [ 139.75319540000001, 35.9875293 ] } },
{ "type": "Feature", "properties": { "内容": "医療法人光仁会訪問看護ステーションひまわり【訪問看護】春日部市下蛭田125-1春日部厚生クリニック内", "url": "https://www.kaigokensaku.mhlw.go.jp/11/index.php?action_kouhyou_detail_004_kani=true&JigyosyoCd=1160690024-00&ServiceCd=130&Type=search", "url2": "http://www.kohjin-kai.or.jp/" }, "geometry": { "type": "Point", "coordinates": [ 139.724323799999979, 35.9622288 ] } },
{ "type": "Feature", "properties": { "内容": "あおぞら訪問看護かすかべ【訪問看護】埼玉県春日部市栄町1-225ハイツ栄町101", "url": "https://www.kaigokensaku.mhlw.go.jp/11/index.php?action_kouhyou_detail_004_kani=true&JigyosyoCd=1160690347-00&ServiceCd=130&Type=search", "url2": "https://aozora-houmonkango.jp" }, "geometry": { "type": "Point", "coordinates": [ 139.734571, 35.9855224 ] } },
{ "type": "Feature", "properties": { "内容": "プラチナ・訪問看護ステーション春日部【訪問看護】埼玉県春日部市栄町3丁目107番地プラチナ・メディケアハート春日部", "url": "https://www.kaigokensaku.mhlw.go.jp/11/index.php?action_kouhyou_detail_004_kani=true&JigyosyoCd=1160690271-00&ServiceCd=130&Type=search", "url2": null }, "geometry": { "type": "Point", "coordinates": [ 139.7326763, 35.9906405 ] } },
{ "type": "Feature", "properties": { "内容": "訪問看護リハビリステーションシリウスケア春日部【訪問看護】埼玉県春日部市八丁目536-2第7アーベルハイツ201", "url": "https://www.kaigokensaku.mhlw.go.jp/11/index.php?action_kouhyou_detail_004_kani=true&JigyosyoCd=1160690354-00&ServiceCd=130&Type=search", "url2": "https://sirius-care.com/" }, "geometry": { "type": "Point", "coordinates": [ 139.7538865, 35.9880696 ] } },
{ "type": "Feature", "properties": { "内容": "ティーオン訪問看護ステーション春日部【訪問看護】埼玉県春日部市中央4-9-14板橋第一ビル301", "url": "https://www.kaigokensaku.mhlw.go.jp/11/index.php?action_kouhyou_detail_004_kani=true&JigyosyoCd=1160690396-00&ServiceCd=130&Type=search", "url2": "https://t-own.jp/" }, "geometry": { "type": "Point", "coordinates": [ 139.746713199999988, 35.9734016 ] } },
{ "type": "Feature", "properties": { "内容": "訪問看護ステーションぱる【訪問看護】埼玉県春日部市道口蛭田168-10サイケンコーポ1FA", "url": "https://www.kaigokensaku.mhlw.go.jp/11/index.php?action_kouhyou_detail_004_kani=true&JigyosyoCd=1160690339-00&ServiceCd=130&Type=search", "url2": "houmonpal-kasukabe.my.canva.site" }, "geometry": { "type": "Point", "coordinates": [ 139.7235, 35.9674413 ] } },
{ "type": "Feature", "properties": { "内容": "サリフェ訪問看護ステーション【訪問看護】埼玉県春日部市牛島1335-5コーポスズⅢ　1階", "url": "https://www.kaigokensaku.mhlw.go.jp/11/index.php?action_kouhyou_detail_004_kani=true&JigyosyoCd=1160690362-00&ServiceCd=130&Type=search", "url2": "https://www.salife-psc.com/" }, "geometry": { "type": "Point", "coordinates": [ 139.7800188, 35.982455 ] } },
{ "type": "Feature", "properties": { "内容": "春日部訪問看護ステーションすみれ【訪問看護】埼玉県春日部市中央１－５２－９", "url": "https://www.kaigokensaku.mhlw.go.jp/11/index.php?action_kouhyou_detail_004_kani=true&JigyosyoCd=1160690032-00&ServiceCd=130&Type=search", "url2": "http://www1.ocn.ne.jp/~miku/" }, "geometry": { "type": "Point", "coordinates": [ 139.751778599999966, 35.9768899 ] } },
{ "type": "Feature", "properties": { "内容": "咲くら訪問看護リハビリステーション【訪問看護】埼玉県春日部市大衾13-1システムマンション南桜井１０１", "url": "https://www.kaigokensaku.mhlw.go.jp/11/index.php?action_kouhyou_detail_004_kani=true&JigyosyoCd=1160690230-00&ServiceCd=130&Type=search", "url2": "http://sowaka2015.com/" }, "geometry": { "type": "Point", "coordinates": [ 139.799585023024122, 35.979743022451586 ] } },
{ "type": "Feature", "properties": { "内容": "医療法人修志会りあん訪問看護ステーション春日部【訪問看護】埼玉県春日部市谷原一丁目1番2号古谷谷原ビル101号", "url": "https://www.kaigokensaku.mhlw.go.jp/11/index.php?action_kouhyou_detail_004_kani=true&JigyosyoCd=1160690305-00&ServiceCd=130&Type=search", "url2": "https://shusikai-group.jp/clinic-office/ns-rian-kasukabe/" }, "geometry": { "type": "Point", "coordinates": [ 139.744347361471313, 35.973662166218965 ] } },
{ "type": "Feature", "properties": { "内容": "ほうもんかんごすてーしょんのぞみ【訪問看護】埼玉県狭山市狭山台1-11-6パレス狭山台102", "url": "https://www.kaigokensaku.mhlw.go.jp/11/index.php?action_kouhyou_detail_004_kani=true&JigyosyoCd=1162790327-00&ServiceCd=130&Type=search", "url2": null }, "geometry": { "type": "Point", "coordinates": [ 139.4332865, 35.8619944 ] } },
{ "type": "Feature", "properties": { "内容": "株式会社エミアス　訪問看護ステーションえみあす【訪問看護】埼玉県狭山市富士見2-21-27-2F", "url": "https://www.kaigokensaku.mhlw.go.jp/11/index.php?action_kouhyou_detail_004_kani=true&JigyosyoCd=1162790145-00&ServiceCd=130&Type=search", "url2": "http://www.emius-kango.com/" }, "geometry": { "type": "Point", "coordinates": [ 139.421406769328883, 35.845688509668399 ] } },
{ "type": "Feature", "properties": { "内容": "ウィル訪問看護ステーション埼玉さやま【訪問看護】埼玉県狭山市柏原2798-4グリーンハイツ田中Ⅱ105", "url": "https://www.kaigokensaku.mhlw.go.jp/11/index.php?action_kouhyou_detail_004_kani=true&JigyosyoCd=1162790202-00&ServiceCd=130&Type=search", "url2": "https://wyl.co.jp/" }, "geometry": { "type": "Point", "coordinates": [ 139.402642899999989, 35.8677886 ] } },
{ "type": "Feature", "properties": { "内容": "至聖訪問看護ステーション【訪問看護】狭山市大字下奥富１２２１", "url": "https://www.kaigokensaku.mhlw.go.jp/11/index.php?action_kouhyou_detail_004_kani=true&JigyosyoCd=1162790053-00&ServiceCd=130&Type=search", "url2": "https://shisei-houmonkango.jp/" }, "geometry": { "type": "Point", "coordinates": [ 139.433587799999941, 35.8812943 ] } },
{ "type": "Feature", "properties": { "内容": "訪問看護ステーション縁【訪問看護】埼玉県狭山市南入曽455-7斉藤店舗１０２号", "url": "https://www.kaigokensaku.mhlw.go.jp/11/index.php?action_kouhyou_detail_004_kani=true&JigyosyoCd=1162790301-00&ServiceCd=130&Type=search", "url2": "https://enishi-hvns.com" }, "geometry": { "type": "Point", "coordinates": [ 139.42926940000001, 35.8342286 ] } },
{ "type": "Feature", "properties": { "内容": "地域ケアステーション　ゆずり葉【訪問看護】埼玉県狭山市狭山台4-43-3", "url": "https://www.kaigokensaku.mhlw.go.jp/11/index.php?action_kouhyou_detail_004_kani=true&JigyosyoCd=1162790160-00&ServiceCd=130&Type=search", "url2": "http://www.chiikicare-yuzuriha.com/sayama/" }, "geometry": { "type": "Point", "coordinates": [ 139.4345572, 35.8494138 ] } },
{ "type": "Feature", "properties": { "内容": "訪問看護ステーション　カラフル【訪問看護】埼玉県狭山市東三ツ木187-5ハイムエンゼル102号室", "url": "https://www.kaigokensaku.mhlw.go.jp/11/index.php?action_kouhyou_detail_004_kani=true&JigyosyoCd=1162790210-00&ServiceCd=130&Type=search", "url2": "https://houkan-colorful.com/" }, "geometry": { "type": "Point", "coordinates": [ 139.434187705345209, 35.870269904490314 ] } },
{ "type": "Feature", "properties": { "内容": "いきいき訪問看護ステーション鵜ノ木【訪問看護】埼玉県狭山市入間川４－１０－１５", "url": "https://www.kaigokensaku.mhlw.go.jp/11/index.php?action_kouhyou_detail_004_kani=true&JigyosyoCd=1162790020-00&ServiceCd=130&Type=search", "url2": "http://www.saitama-sekishinkai.jp" }, "geometry": { "type": "Point", "coordinates": [ 139.401064200000064, 35.8542082 ] } },
{ "type": "Feature", "properties": { "内容": "入間川訪問看護ステーション【訪問看護】埼玉県狭山市祇園18-39", "url": "https://www.kaigokensaku.mhlw.go.jp/11/index.php?action_kouhyou_detail_004_kani=true&JigyosyoCd=1162790046-00&ServiceCd=130&Type=search", "url2": null }, "geometry": { "type": "Point", "coordinates": [ 139.417554139950568, 35.855449214803421 ] } },
{ "type": "Feature", "properties": { "内容": "在宅サポート２１狭山訪問看護ステーション【訪問看護】埼玉県狭山市大字水野59４", "url": "https://www.kaigokensaku.mhlw.go.jp/11/index.php?action_kouhyou_detail_004_kani=true&JigyosyoCd=1162790012-00&ServiceCd=130&Type=search", "url2": "http://www.syojukai.or.jp" }, "geometry": { "type": "Point", "coordinates": [ 139.446540358999641, 35.832073088350327 ] } },
{ "type": "Feature", "properties": { "内容": "狭山市医師会訪問看護ステーション【訪問看護】埼玉県狭山市狭山台１－２１狭山市医師会立狭山准看護学校　１階", "url": "https://www.kaigokensaku.mhlw.go.jp/11/index.php?action_kouhyou_detail_004_kani=true&JigyosyoCd=1162790079-00&ServiceCd=130&Type=search", "url2": "http://www.sayama-med.or.jp/" }, "geometry": { "type": "Point", "coordinates": [ 139.435592342358404, 35.862647601806714 ] } },
{ "type": "Feature", "properties": { "内容": "訪問看護ステーション　心良【訪問看護】埼玉県狭山市堀兼606", "url": "https://www.kaigokensaku.mhlw.go.jp/11/index.php?action_kouhyou_detail_004_kani=true&JigyosyoCd=1162790293-00&ServiceCd=130&Type=search", "url2": "urarahoumonnkango.jimdofree.com" }, "geometry": { "type": "Point", "coordinates": [ 139.44439144630482, 35.854551013138249 ] } },
{ "type": "Feature", "properties": { "内容": "訪問看護ステーションStyle【訪問看護】埼玉県狭山市新狭山2丁目8-4寿ビル302号室", "url": "https://www.kaigokensaku.mhlw.go.jp/11/index.php?action_kouhyou_detail_004_kani=true&JigyosyoCd=1162790186-00&ServiceCd=130&Type=search", "url2": "style-sayama.com" }, "geometry": { "type": "Point", "coordinates": [ 139.43233737822257, 35.875140806467783 ] } },
{ "type": "Feature", "properties": { "内容": "訪問看護ステーションひかり【訪問看護】埼玉県狭山市堀兼2112番地3", "url": "https://www.kaigokensaku.mhlw.go.jp/11/index.php?action_kouhyou_detail_004_kani=true&JigyosyoCd=1162790236-00&ServiceCd=130&Type=search", "url2": "https://www.koai.co.jp/" }, "geometry": { "type": "Point", "coordinates": [ 139.448106834412641, 35.846890757590465 ] } },
{ "type": "Feature", "properties": { "内容": "ハイム訪問看護ステーション【訪問看護】埼玉県狭山市富士見2-1-7富士見ビル1F", "url": "https://www.kaigokensaku.mhlw.go.jp/11/index.php?action_kouhyou_detail_004_kani=true&JigyosyoCd=1162790228-00&ServiceCd=130&Type=search", "url2": "https://www.heim-houmon.com" }, "geometry": { "type": "Point", "coordinates": [ 139.418434197614062, 35.849221715781091 ] } },
{ "type": "Feature", "properties": { "内容": "なりす訪問看護ステーション【訪問看護】埼玉県狭山市中央一丁25番19号", "url": "https://www.kaigokensaku.mhlw.go.jp/11/index.php?action_kouhyou_detail_004_kani=true&JigyosyoCd=1162790335-00&ServiceCd=130&Type=search", "url2": null }, "geometry": { "type": "Point", "coordinates": [ 139.4215332, 35.8569775 ] } },
{ "type": "Feature", "properties": { "内容": "だいだい訪問看護ステーション羽生【訪問看護】埼玉県羽生市上手子林467　2階", "url": "https://www.kaigokensaku.mhlw.go.jp/11/index.php?action_kouhyou_detail_004_kani=true&JigyosyoCd=1163990082-00&ServiceCd=130&Type=search", "url2": null }, "geometry": { "type": "Point", "coordinates": [ 139.5577974, 36.1571592 ] } },
{ "type": "Feature", "properties": { "内容": "羽生訪問看護ステーション【訪問看護】埼玉県羽生市大字下岩瀬446番地", "url": "https://www.kaigokensaku.mhlw.go.jp/11/index.php?action_kouhyou_detail_004_kani=true&JigyosyoCd=1163990033-00&ServiceCd=130&Type=search", "url2": "https://www.fureaihosp.or.jp/hanyuhp/guide/relation/houmon/" }, "geometry": { "type": "Point", "coordinates": [ 139.527915799999988, 36.160834 ] } },
{ "type": "Feature", "properties": { "内容": "鴻巣訪問看護ステーション【訪問看護】埼玉県鴻巣市天神５－１１－１１", "url": "https://www.kaigokensaku.mhlw.go.jp/11/index.php?action_kouhyou_detail_004_kani=true&JigyosyoCd=1161790013-00&ServiceCd=130&Type=search", "url2": "http://www.sakitama.or.jp/kfma/houmon/houmon_main.htm" }, "geometry": { "type": "Point", "coordinates": [ 139.522945957567998, 36.063029904861246 ] } },
{ "type": "Feature", "properties": { "内容": "訪問看護ステーションデューン鴻巣【訪問看護】埼玉県鴻巣市中央１－３９", "url": "https://www.kaigokensaku.mhlw.go.jp/11/index.php?action_kouhyou_detail_004_kani=true&JigyosyoCd=1161790054-00&ServiceCd=130&Type=search", "url2": null }, "geometry": { "type": "Point", "coordinates": [ 139.5215368, 36.0668158 ] } },
{ "type": "Feature", "properties": { "内容": "パンジーの里訪問看護リハビリステーション【訪問看護】埼玉県鴻巣市大間3-15-16ウエルズOMA　A号室", "url": "https://www.kaigokensaku.mhlw.go.jp/11/index.php?action_kouhyou_detail_004_kani=true&JigyosyoCd=1161790047-00&ServiceCd=130&Type=search", "url2": "https://pansy-no-sato.com/" }, "geometry": { "type": "Point", "coordinates": [ 139.499433291805047, 36.061469728521026 ] } },
{ "type": "Feature", "properties": { "内容": "あかり訪問看護ステーション【訪問看護】埼玉県鴻巣市本町2-1-7　2F", "url": "https://www.kaigokensaku.mhlw.go.jp/11/index.php?action_kouhyou_detail_004_kani=true&JigyosyoCd=1161790039-00&ServiceCd=130&Type=search", "url2": "https://www.takeuchi-cl.jp" }, "geometry": { "type": "Point", "coordinates": [ 139.512429, 36.060978 ] } },
{ "type": "Feature", "properties": { "内容": "こうのす共生の家訪問看護ステーション【訪問看護】埼玉県鴻巣市大間三丁目1番地36号グランシャリオ102", "url": "https://www.kaigokensaku.mhlw.go.jp/11/index.php?action_kouhyou_detail_004_kani=true&JigyosyoCd=1161790088-00&ServiceCd=130&Type=search", "url2": "https://kyouseinoie.jp" }, "geometry": { "type": "Point", "coordinates": [ 139.502192400000013, 36.0617891 ] } },
{ "type": "Feature", "properties": { "内容": "医心館訪問看護ステーション鴻巣【訪問看護】埼玉県鴻巣市ひばり野２丁目２番", "url": "https://www.kaigokensaku.mhlw.go.jp/11/index.php?action_kouhyou_detail_004_kani=true&JigyosyoCd=1161790138-00&ServiceCd=130&Type=search", "url2": null }, "geometry": { "type": "Point", "coordinates": [ 139.52717141387788, 36.066396799659373 ] } },
{ "type": "Feature", "properties": { "内容": "吹上訪問看護ステーション【訪問看護】鴻巣市下忍4450埼玉高齢者介護研修センター内1階", "url": "https://www.kaigokensaku.mhlw.go.jp/11/index.php?action_kouhyou_detail_004_kani=true&JigyosyoCd=1161390020-00&ServiceCd=130&Type=search", "url2": "http://www.nurse-saitama.jp" }, "geometry": { "type": "Point", "coordinates": [ 139.468102, 36.1033125 ] } },
{ "type": "Feature", "properties": { "内容": "なでしこ訪問看護ステーション【訪問看護】埼玉県鴻巣市生出塚１-１-３", "url": "https://www.kaigokensaku.mhlw.go.jp/11/index.php?action_kouhyou_detail_004_kani=true&JigyosyoCd=1161790120-00&ServiceCd=130&Type=search", "url2": "https://nadeshiko365.jp/" }, "geometry": { "type": "Point", "coordinates": [ 139.524729400000012, 36.062584800000018 ] } },
{ "type": "Feature", "properties": { "内容": "訪問看護ステーションかえで深谷【訪問看護】埼玉県深谷市新戒1491番地１", "url": "https://www.kaigokensaku.mhlw.go.jp/11/index.php?action_kouhyou_detail_004_kani=true&JigyosyoCd=1164690368-00&ServiceCd=130&Type=search", "url2": null }, "geometry": { "type": "Point", "coordinates": [ 139.282206800000012, 36.2306276 ] } },
{ "type": "Feature", "properties": { "内容": "深谷なでしこ訪問看護ステーション【訪問看護】埼玉県深谷市岡3322-1", "url": "https://www.kaigokensaku.mhlw.go.jp/11/index.php?action_kouhyou_detail_004_kani=true&JigyosyoCd=1164690186-00&ServiceCd=130&Type=search", "url2": null }, "geometry": { "type": "Point", "coordinates": [ 139.2387354, 36.2161856 ] } },
{ "type": "Feature", "properties": { "内容": "ケアーズ訪問看護リハビリステーション深谷上野台【訪問看護】埼玉県深谷市上野台249-3オリジン102", "url": "https://www.kaigokensaku.mhlw.go.jp/11/index.php?action_kouhyou_detail_004_kani=true&JigyosyoCd=1164690079-00&ServiceCd=130&Type=search", "url2": "http://fukaya.cares-center.co.jp/" }, "geometry": { "type": "Point", "coordinates": [ 139.274024300000065, 36.1881449 ] } },
{ "type": "Feature", "properties": { "内容": "深谷生協訪問看護ステーション【訪問看護】埼玉県深谷市東方町2-15-2　B棟１階カーサソルジアーテ　B棟1階", "url": "https://www.kaigokensaku.mhlw.go.jp/11/index.php?action_kouhyou_detail_004_kani=true&JigyosyoCd=1164690152-00&ServiceCd=130&Type=search", "url2": "http://www.mcp-saitama.or.jp/" }, "geometry": { "type": "Point", "coordinates": [ 139.315763490074119, 36.189848458243375 ] } },
{ "type": "Feature", "properties": { "内容": "あねとす訪問看護ステーション【訪問看護】埼玉県深谷市人見1975番地", "url": "https://www.kaigokensaku.mhlw.go.jp/11/index.php?action_kouhyou_detail_004_kani=true&JigyosyoCd=1164690145-00&ServiceCd=130&Type=search", "url2": "http://www.anetosu.jp/" }, "geometry": { "type": "Point", "coordinates": [ 139.265010197622701, 36.162959366936605 ] } },
{ "type": "Feature", "properties": { "内容": "ohana訪問看護ステーション【訪問看護】埼玉県深谷市東方1835-4ルミエール深谷B-103", "url": "https://www.kaigokensaku.mhlw.go.jp/11/index.php?action_kouhyou_detail_004_kani=true&JigyosyoCd=1164690251-00&ServiceCd=130&Type=search", "url2": "thinkfuture-ohana-houmonkango.com" }, "geometry": { "type": "Point", "coordinates": [ 139.315200800000014, 36.1925673 ] } },
{ "type": "Feature", "properties": { "内容": "訪問看護ステーション　ライムライフ【訪問看護】埼玉県深谷市緑ヶ丘11-33", "url": "https://www.kaigokensaku.mhlw.go.jp/11/index.php?action_kouhyou_detail_004_kani=true&JigyosyoCd=1164690194-00&ServiceCd=130&Type=search", "url2": "https://adult-day-care-center-896.business.site/" }, "geometry": { "type": "Point", "coordinates": [ 139.290479399999981, 36.186021 ] } },
{ "type": "Feature", "properties": { "内容": "ハローステーション【訪問看護】埼玉県深谷市人見479番地4", "url": "https://www.kaigokensaku.mhlw.go.jp/11/index.php?action_kouhyou_detail_004_kani=true&JigyosyoCd=1164690210-00&ServiceCd=130&Type=search", "url2": "http://haro-men.com/" }, "geometry": { "type": "Point", "coordinates": [ 139.275063800000027, 36.1742749 ] } },
{ "type": "Feature", "properties": { "内容": "shi-n訪問看護ステーション【訪問看護】埼玉県深谷市武蔵野2429-2", "url": "https://www.kaigokensaku.mhlw.go.jp/11/index.php?action_kouhyou_detail_004_kani=true&JigyosyoCd=1164690335-00&ServiceCd=130&Type=search", "url2": null }, "geometry": { "type": "Point", "coordinates": [ 139.2138972, 36.1463193 ] } },
{ "type": "Feature", "properties": { "内容": "フィオーレ深谷訪問看護ステーション【訪問看護】東方町3丁目9番地1サンシャインC棟102", "url": "https://www.kaigokensaku.mhlw.go.jp/11/index.php?action_kouhyou_detail_004_kani=true&JigyosyoCd=1164690293-00&ServiceCd=130&Type=search", "url2": null }, "geometry": { "type": "Point", "coordinates": [ 139.319483600000012, 36.1878721 ] } },
{ "type": "Feature", "properties": { "内容": "大慶堂訪問看護ステーション【訪問看護】埼玉県深谷市西島町2-13-3", "url": "https://www.kaigokensaku.mhlw.go.jp/11/index.php?action_kouhyou_detail_004_kani=true&JigyosyoCd=1164690178-00&ServiceCd=130&Type=search", "url2": "https://taikeido.jp" }, "geometry": { "type": "Point", "coordinates": [ 139.282919794575889, 36.192990317741057 ] } },
{ "type": "Feature", "properties": { "内容": "訪問看護ステーションどんぐり花園【訪問看護】小前田2340-5フラワーコーポB101", "url": "https://www.kaigokensaku.mhlw.go.jp/11/index.php?action_kouhyou_detail_004_kani=true&JigyosyoCd=1164590063-00&ServiceCd=130&Type=search", "url2": null }, "geometry": { "type": "Point", "coordinates": [ 139.2250644, 36.133887 ] } },
{ "type": "Feature", "properties": { "内容": "深谷赤十字訪問看護ステーション【訪問看護】埼玉県深谷市上柴町西5－8－1", "url": "https://www.kaigokensaku.mhlw.go.jp/11/index.php?action_kouhyou_detail_004_kani=true&JigyosyoCd=1164690038-00&ServiceCd=130&Type=search", "url2": "www.fukaya.jrc.or.jp" }, "geometry": { "type": "Point", "coordinates": [ 139.294096599999989, 36.1835897 ] } },
{ "type": "Feature", "properties": { "内容": "訪問看護ステーションこむぎ【訪問看護】桜ケ丘39ワイズビルディング2階", "url": "https://www.kaigokensaku.mhlw.go.jp/11/index.php?action_kouhyou_detail_004_kani=true&JigyosyoCd=1164690376-00&ServiceCd=130&Type=search", "url2": null }, "geometry": { "type": "Point", "coordinates": [ 130.5152578, 31.551462 ] } },
{ "type": "Feature", "properties": { "内容": "ホームズ訪問看護ステーション【訪問看護】埼玉県深谷市緑ヶ丘24-5", "url": "https://www.kaigokensaku.mhlw.go.jp/11/index.php?action_kouhyou_detail_004_kani=true&JigyosyoCd=1164690285-00&ServiceCd=130&Type=search", "url2": "https://homes-homenurse.com/" }, "geometry": { "type": "Point", "coordinates": [ 139.287501391494999, 36.188465884815642 ] } },
{ "type": "Feature", "properties": { "内容": "訪問看護ステーション　うちリハ【訪問看護】埼玉県深谷市稲荷町2-1-21", "url": "https://www.kaigokensaku.mhlw.go.jp/11/index.php?action_kouhyou_detail_004_kani=true&JigyosyoCd=1164690129-00&ServiceCd=130&Type=search", "url2": "waichi.hp.gogo.jp" }, "geometry": { "type": "Point", "coordinates": [ 139.308994900000016, 36.1961362 ] } },
{ "type": "Feature", "properties": { "内容": "未来プラス訪問看護ステーション【訪問看護】埼玉県上尾市西宮下2-386", "url": "https://www.kaigokensaku.mhlw.go.jp/11/index.php?action_kouhyou_detail_004_kani=true&JigyosyoCd=1161690387-00&ServiceCd=130&Type=search", "url2": null }, "geometry": { "type": "Point", "coordinates": [ 139.5912796, 35.961779 ] } },
{ "type": "Feature", "properties": { "内容": "ふりいる訪問看護ステーション【訪問看護】埼玉県上尾市大字原市3586-1シャトルパート5-101", "url": "https://www.kaigokensaku.mhlw.go.jp/11/index.php?action_kouhyou_detail_004_kani=true&JigyosyoCd=1161690379-00&ServiceCd=130&Type=search", "url2": "http://furiiru.com" }, "geometry": { "type": "Point", "coordinates": [ 139.625000599999964, 35.965459 ] } },
{ "type": "Feature", "properties": { "内容": "エルサ上尾訪問看護ステーション【訪問看護】埼玉県上尾市藤波3-266-1", "url": "https://www.kaigokensaku.mhlw.go.jp/11/index.php?action_kouhyou_detail_004_kani=true&JigyosyoCd=1161690114-00&ServiceCd=130&Type=search", "url2": "http://www.elusa-ageo.jp" }, "geometry": { "type": "Point", "coordinates": [ 139.549203499999976, 35.9907339 ] } },
{ "type": "Feature", "properties": { "内容": "リプラス訪問看護ステーション上尾【訪問看護】埼玉県上尾市本町６丁目１２番１９号", "url": "https://www.kaigokensaku.mhlw.go.jp/11/index.php?action_kouhyou_detail_004_kani=true&JigyosyoCd=1161690346-00&ServiceCd=130&Type=search", "url2": null }, "geometry": { "type": "Point", "coordinates": [ 139.604474, 35.9740139 ] } },
{ "type": "Feature", "properties": { "内容": "訪問看護上尾ひまわり【訪問看護】埼玉県上尾市小泉六丁目33番地1メディカルケア上尾ひまわり", "url": "https://www.kaigokensaku.mhlw.go.jp/11/index.php?action_kouhyou_detail_004_kani=true&JigyosyoCd=1161690338-00&ServiceCd=130&Type=search", "url2": "http://ひまわりケアサポート.com/" }, "geometry": { "type": "Point", "coordinates": [ 139.5643906, 35.9725574 ] } },
{ "type": "Feature", "properties": { "内容": "西村ハート訪問看護ステーション【訪問看護】埼玉県上尾市春日1丁目4-22", "url": "https://www.kaigokensaku.mhlw.go.jp/11/index.php?action_kouhyou_detail_004_kani=true&JigyosyoCd=1161690106-00&ServiceCd=130&Type=search", "url2": "https://www.nishimura-heart-clinic.or.jp/" }, "geometry": { "type": "Point", "coordinates": [ 139.582614929030768, 35.976501024972833 ] } },
{ "type": "Feature", "properties": { "内容": "彩のあげお訪問看護ステーション【訪問看護】原市中3丁目6‐281F左", "url": "https://www.kaigokensaku.mhlw.go.jp/11/index.php?action_kouhyou_detail_004_kani=true&JigyosyoCd=1161690320-00&ServiceCd=130&Type=search", "url2": "https://sai-jp.com" }, "geometry": { "type": "Point", "coordinates": [ 139.6227945, 35.9626281 ] } },
{ "type": "Feature", "properties": { "内容": "サイサン訪問看護ハートワン埼玉【訪問看護】埼玉県上尾市二ツ宮1104", "url": "https://www.kaigokensaku.mhlw.go.jp/11/index.php?action_kouhyou_detail_004_kani=true&JigyosyoCd=1161690130-00&ServiceCd=130&Type=search", "url2": "http://www.saisan.net/" }, "geometry": { "type": "Point", "coordinates": [ 139.598213100000066, 35.9820413 ] } },
{ "type": "Feature", "properties": { "内容": "上尾中央訪問看護ステーション【訪問看護】埼玉県上尾市柏座１－１０－３－１５１０２・１０３", "url": "https://www.kaigokensaku.mhlw.go.jp/11/index.php?action_kouhyou_detail_004_kani=true&JigyosyoCd=1161690023-00&ServiceCd=130&Type=search", "url2": "https://www.amg.or.jp/section/nursingteam/visit/station/ageo_chuo/" }, "geometry": { "type": "Point", "coordinates": [ 139.585824901466367, 35.975996603988577 ] } },
{ "type": "Feature", "properties": { "内容": "訪問看護ステーションOHANA【訪問看護】埼玉県上尾市上1127-36", "url": "https://www.kaigokensaku.mhlw.go.jp/11/index.php?action_kouhyou_detail_004_kani=true&JigyosyoCd=1161690304-00&ServiceCd=130&Type=search", "url2": "作成中" }, "geometry": { "type": "Point", "coordinates": [ 139.573440864310271, 36.009264959227366 ] } },
{ "type": "Feature", "properties": { "内容": "訪問看護ステーション　アクティホーム【訪問看護】埼玉県上尾市中分１－２１－２", "url": "https://www.kaigokensaku.mhlw.go.jp/11/index.php?action_kouhyou_detail_004_kani=true&JigyosyoCd=1161690213-00&ServiceCd=130&Type=search", "url2": "http://www.acty-dayreha.jp/" }, "geometry": { "type": "Point", "coordinates": [ 139.5599393, 35.9710807 ] } },
{ "type": "Feature", "properties": { "内容": "訪問看護ステーションゆーらっぷ【訪問看護】埼玉県上尾市中妻１－１２－８北上尾マンションＡ棟1C", "url": "https://www.kaigokensaku.mhlw.go.jp/11/index.php?action_kouhyou_detail_004_kani=true&JigyosyoCd=1161690049-00&ServiceCd=130&Type=search", "url2": "www.achs.jp/section/nursingteam/visit" }, "geometry": { "type": "Point", "coordinates": [ 139.573418400000037, 35.9839975 ] } },
{ "type": "Feature", "properties": { "内容": "医療生協さいたま訪問看護ステーションかもがわ【訪問看護】上尾市弁財1－6－1　第2ふじみハイツ1－Ｆ", "url": "https://www.kaigokensaku.mhlw.go.jp/11/index.php?action_kouhyou_detail_004_kani=true&JigyosyoCd=1161690072-00&ServiceCd=130&Type=search", "url2": null }, "geometry": { "type": "Point", "coordinates": [ 139.5766625, 35.9694855 ] } },
{ "type": "Feature", "properties": { "内容": "あいりゅう訪問看護ステーション【訪問看護】埼玉県上尾市柏座4丁目5番16号コーポ坂本103", "url": "https://www.kaigokensaku.mhlw.go.jp/11/index.php?action_kouhyou_detail_004_kani=true&JigyosyoCd=1161690395-00&ServiceCd=130&Type=search", "url2": "https://houmonkango-airyuu.com/" }, "geometry": { "type": "Point", "coordinates": [ 139.5806072, 35.9698192 ] } },
{ "type": "Feature", "properties": { "内容": "ぽぷら訪問看護ステーション【訪問看護】埼玉県上尾市小敷谷77-1西上尾第二団地3-7-103", "url": "https://www.kaigokensaku.mhlw.go.jp/11/index.php?action_kouhyou_detail_004_kani=true&JigyosyoCd=1161690353-00&ServiceCd=130&Type=search", "url2": "https://www.populus-ns.com/" }, "geometry": { "type": "Point", "coordinates": [ 139.562146380425986, 35.955481940257606 ] } },
{ "type": "Feature", "properties": { "内容": "あいず訪問看護ステーション上尾中央【訪問看護】埼玉県上尾市上町１－１６－２－２F", "url": "https://www.kaigokensaku.mhlw.go.jp/11/index.php?action_kouhyou_detail_004_kani=true&JigyosyoCd=1161690312-00&ServiceCd=130&Type=search", "url2": null }, "geometry": { "type": "Point", "coordinates": [ 129.878001, 32.7516069 ] } },
{ "type": "Feature", "properties": { "内容": "訪問看護ステーション　エル【訪問看護】埼玉県上尾市中分２丁目１９１番地", "url": "https://www.kaigokensaku.mhlw.go.jp/11/index.php?action_kouhyou_detail_004_kani=true&JigyosyoCd=1161690361-00&ServiceCd=130&Type=search", "url2": "http://www.c-human.co.jp" }, "geometry": { "type": "Point", "coordinates": [ 139.55747070000001, 35.9729151 ] } },
{ "type": "Feature", "properties": { "内容": "アキュリア訪問看護ステーション【訪問看護】埼玉県上尾市浅間台1丁目16番地4-108", "url": "https://www.kaigokensaku.mhlw.go.jp/11/index.php?action_kouhyou_detail_004_kani=true&JigyosyoCd=1161690411-00&ServiceCd=130&Type=search", "url2": "https://aculia.jp/" }, "geometry": { "type": "Point", "coordinates": [ 139.576316100000014, 35.9817254 ] } },
{ "type": "Feature", "properties": { "内容": "きらめき訪問看護リハビリステーション上尾事業所【訪問看護】埼玉県上尾市谷津2-1-50-14コーヨービル4階", "url": "https://www.kaigokensaku.mhlw.go.jp/11/index.php?action_kouhyou_detail_004_kani=true&JigyosyoCd=1161690429-00&ServiceCd=130&Type=search", "url2": "https://kiramekihoukan.com/" }, "geometry": { "type": "Point", "coordinates": [ 139.586397299999987, 35.9731069 ] } },
{ "type": "Feature", "properties": { "内容": "ロイヤル上尾訪問看護ステーション【訪問看護】埼玉県上尾市五番町2-1", "url": "https://www.kaigokensaku.mhlw.go.jp/11/index.php?action_kouhyou_detail_004_kani=true&JigyosyoCd=1161690163-00&ServiceCd=130&Type=search", "url2": "http://syasouken.com/ageo.html" }, "geometry": { "type": "Point", "coordinates": [ 139.619462853303475, 35.968166349423598 ] } },
{ "type": "Feature", "properties": { "内容": "FamilyNnrse草加【訪問看護】埼玉県草加市谷塚町828番12号コトブキハイツ203号室", "url": "https://www.kaigokensaku.mhlw.go.jp/11/index.php?action_kouhyou_detail_004_kani=true&JigyosyoCd=1161890466-00&ServiceCd=130&Type=search", "url2": null }, "geometry": { "type": "Point", "coordinates": [ 139.8003366, 35.8168649 ] } },
{ "type": "Feature", "properties": { "内容": "くらしの訪問看護　草加【訪問看護】埼玉県草加市吉町2-2-10パークワイズ草加105", "url": "https://www.kaigokensaku.mhlw.go.jp/11/index.php?action_kouhyou_detail_004_kani=true&JigyosyoCd=1161890490-00&ServiceCd=130&Type=search", "url2": "https://kurashi-care.co.jp" }, "geometry": { "type": "Point", "coordinates": [ 139.8063555, 35.8221836 ] } },
{ "type": "Feature", "properties": { "内容": "ＯＨＡＮＡ訪問看護ステーション草加【訪問看護】埼玉県草加市花栗3-9-212F", "url": "https://www.kaigokensaku.mhlw.go.jp/11/index.php?action_kouhyou_detail_004_kani=true&JigyosyoCd=1161890508-00&ServiceCd=130&Type=search", "url2": "https://ohana-nusingst.com/" }, "geometry": { "type": "Point", "coordinates": [ 139.7869776, 35.8369657 ] } },
{ "type": "Feature", "properties": { "内容": "看護クラーク草加松原【訪問看護】埼玉県草加市中根2丁目10番12号", "url": "https://www.kaigokensaku.mhlw.go.jp/11/index.php?action_kouhyou_detail_004_kani=true&JigyosyoCd=1161890516-00&ServiceCd=130&Type=search", "url2": "https://cuc-hospice.com/rehope/hospice/2435/" }, "geometry": { "type": "Point", "coordinates": [ 139.806753500000013, 35.8485244 ] } },
{ "type": "Feature", "properties": { "内容": "訪問看護ステーション　はな　草加【訪問看護】埼玉県草加市高砂2-3-10半藤ビル2F", "url": "https://www.kaigokensaku.mhlw.go.jp/11/index.php?action_kouhyou_detail_004_kani=true&JigyosyoCd=1161890367-00&ServiceCd=130&Type=search", "url2": null }, "geometry": { "type": "Point", "coordinates": [ 139.804415799999987, 35.8267584 ] } },
{ "type": "Feature", "properties": { "内容": "にじはな訪問看護リハビリステーション【訪問看護】埼玉県草加市高砂1-11-47ベルドミール106", "url": "https://www.kaigokensaku.mhlw.go.jp/11/index.php?action_kouhyou_detail_004_kani=true&JigyosyoCd=1161890318-00&ServiceCd=130&Type=search", "url2": "nizihana-houkan.com" }, "geometry": { "type": "Point", "coordinates": [ 139.8033768, 35.824264 ] } },
{ "type": "Feature", "properties": { "内容": "訪問看護リベル　草加【訪問看護】埼玉県草加市草加２丁目14番25号　ドミールイソダA棟202号室", "url": "https://www.kaigokensaku.mhlw.go.jp/11/index.php?action_kouhyou_detail_004_kani=true&JigyosyoCd=1161890540-00&ServiceCd=130&Type=search", "url2": null }, "geometry": { "type": "Point", "coordinates": [ 139.7993389, 35.8345948 ] } },
{ "type": "Feature", "properties": { "内容": "医療法人社団協友会　訪問看護ステーションこころ【訪問看護】草加市谷塚1-16-34", "url": "https://www.kaigokensaku.mhlw.go.jp/11/index.php?action_kouhyou_detail_004_kani=true&JigyosyoCd=1161890102-00&ServiceCd=130&Type=search", "url2": "http://www.mtopia.jp/" }, "geometry": { "type": "Point", "coordinates": [ 139.800435993254098, 35.811981100458674 ] } },
{ "type": "Feature", "properties": { "内容": "訪問看護ステーションかしの木【訪問看護】埼玉県草加市草加1-8-13", "url": "https://www.kaigokensaku.mhlw.go.jp/11/index.php?action_kouhyou_detail_004_kani=true&JigyosyoCd=1161890037-00&ServiceCd=130&Type=search", "url2": "http://www.mcp-saitama.or.jp" }, "geometry": { "type": "Point", "coordinates": [ 139.802645722645593, 35.835442242358575 ] } },
{ "type": "Feature", "properties": { "内容": "訪問看護ステーション　そうか【訪問看護】埼玉県草加市青柳8-32-3", "url": "https://www.kaigokensaku.mhlw.go.jp/11/index.php?action_kouhyou_detail_004_kani=true&JigyosyoCd=1161890193-00&ServiceCd=130&Type=search", "url2": "soukahoumon@key.ocn.ne.jp" }, "geometry": { "type": "Point", "coordinates": [ 139.8231025, 35.8588861 ] } },
{ "type": "Feature", "properties": { "内容": "ケアプロ訪問看護ステーション埼玉　草加ステーション【訪問看護】埼玉県草加市高砂1-3-1紅藤カナダビル301号室", "url": "https://www.kaigokensaku.mhlw.go.jp/11/index.php?action_kouhyou_detail_004_kani=true&JigyosyoCd=1161890441-00&ServiceCd=130&Type=search", "url2": "https://carepro-hmc.co.jp/" }, "geometry": { "type": "Point", "coordinates": [ 139.8040162, 35.8252011 ] } },
{ "type": "Feature", "properties": { "内容": "お結び訪問看護ステーション　清門ツナマヨST【訪問看護】埼玉県草加市清門2-22-1ブルーフェザーマンション206", "url": "https://www.kaigokensaku.mhlw.go.jp/11/index.php?action_kouhyou_detail_004_kani=true&JigyosyoCd=1161890391-00&ServiceCd=130&Type=search", "url2": "https://omusubi-hokan.com" }, "geometry": { "type": "Point", "coordinates": [ 139.782342, 35.8506543 ] } },
{ "type": "Feature", "properties": { "内容": "小児特化型訪問看護ステーション　りふぁいん【訪問看護】埼玉県草加市中央1-1-16", "url": "https://www.kaigokensaku.mhlw.go.jp/11/index.php?action_kouhyou_detail_004_kani=true&JigyosyoCd=1161890524-00&ServiceCd=130&Type=search", "url2": "https://refine-nurse.com" }, "geometry": { "type": "Point", "coordinates": [ 139.807374957206349, 35.826814510422217 ] } },
{ "type": "Feature", "properties": { "内容": "ゆずな内科在宅クリニック【訪問看護】埼玉県草加市高砂2-20-29アースビル2階", "url": "https://www.kaigokensaku.mhlw.go.jp/11/index.php?action_kouhyou_detail_004_kani=true&JigyosyoCd=1111803618-00&ServiceCd=130&Type=search", "url2": "https://yuzuna-clinic.com" }, "geometry": { "type": "Point", "coordinates": [ 139.8070132, 35.8282656 ] } },
{ "type": "Feature", "properties": { "内容": "草加八潮医師会訪問看護ステーション【訪問看護】埼玉県草加市中央一丁目1-12松ロイヤルビル6階", "url": "https://www.kaigokensaku.mhlw.go.jp/11/index.php?action_kouhyou_detail_004_kani=true&JigyosyoCd=1161890227-00&ServiceCd=130&Type=search", "url2": "https://sokayashio-med.or.jp/sym-hokan/" }, "geometry": { "type": "Point", "coordinates": [ 139.807337867684794, 35.826328246425405 ] } },
{ "type": "Feature", "properties": { "内容": "さいゆう訪問看護ステーション【訪問看護】埼玉県草加市松原1-7-22さいゆうトモス602", "url": "https://www.kaigokensaku.mhlw.go.jp/11/index.php?action_kouhyou_detail_004_kani=true&JigyosyoCd=1161890276-00&ServiceCd=130&Type=search", "url2": null }, "geometry": { "type": "Point", "coordinates": [ 139.800846687748901, 35.841452862025832 ] } },
{ "type": "Feature", "properties": { "内容": "在宅看護センター風【訪問看護】埼玉県草加市金明町416-1　金明駒崎ビル202", "url": "https://www.kaigokensaku.mhlw.go.jp/11/index.php?action_kouhyou_detail_004_kani=true&JigyosyoCd=1161890292-00&ServiceCd=130&Type=search", "url2": "http://musubinoito.jp/kaze/" }, "geometry": { "type": "Point", "coordinates": [ 139.794665489492331, 35.852918938403008 ] } },
{ "type": "Feature", "properties": { "内容": "ケアステーションひかり【訪問看護】埼玉県草加市中央2-2-9かくまんビル1F", "url": "https://www.kaigokensaku.mhlw.go.jp/11/index.php?action_kouhyou_detail_004_kani=true&JigyosyoCd=1161890268-00&ServiceCd=130&Type=search", "url2": "https://hikari-carestation.com/" }, "geometry": { "type": "Point", "coordinates": [ 139.8075457, 35.8285055 ] } },
{ "type": "Feature", "properties": { "内容": "りあん訪問看護ステーション草加【訪問看護】埼玉県草加市高砂2-16-16草加DKビル1F", "url": "https://www.kaigokensaku.mhlw.go.jp/11/index.php?action_kouhyou_detail_004_kani=true&JigyosyoCd=1161890409-00&ServiceCd=130&Type=search", "url2": "https://shusikai-group.jp/clinic-office/ns-rian-soka/" }, "geometry": { "type": "Point", "coordinates": [ 139.8048417, 35.8274129 ] } },
{ "type": "Feature", "properties": { "内容": "ツクイ草加訪問看護ステーション【訪問看護】埼玉県草加市高砂二丁目18番16号藤本ビル2階", "url": "https://www.kaigokensaku.mhlw.go.jp/11/index.php?action_kouhyou_detail_004_kani=true&JigyosyoCd=1161890359-00&ServiceCd=130&Type=search", "url2": null }, "geometry": { "type": "Point", "coordinates": [ 139.8053754, 35.8286497 ] } },
{ "type": "Feature", "properties": { "内容": "訪問看護ステーションあおぞら【訪問看護】埼玉県草加市北谷1-21-37北谷メディカルビレッジ201", "url": "https://www.kaigokensaku.mhlw.go.jp/11/index.php?action_kouhyou_detail_004_kani=true&JigyosyoCd=1161890185-00&ServiceCd=130&Type=search", "url2": "http://human-and-nature.co.jp/aozora/" }, "geometry": { "type": "Point", "coordinates": [ 139.784923223155118, 35.842609354474774 ] } },
{ "type": "Feature", "properties": { "内容": "訪問看護ステーション　ゆりの木草加【訪問看護】埼玉県草加市氷川町2152-2クレドール草加202", "url": "https://www.kaigokensaku.mhlw.go.jp/11/index.php?action_kouhyou_detail_004_kani=true&JigyosyoCd=1161890151-00&ServiceCd=130&Type=search", "url2": "http://www.wakei-kai.or.jp" }, "geometry": { "type": "Point", "coordinates": [ 139.803221433204612, 35.830320331142595 ] } },
{ "type": "Feature", "properties": { "内容": "訪問看護ステーション　ルピナス草加【訪問看護】八幡町1035-1グランドハイム秋元306", "url": "https://www.kaigokensaku.mhlw.go.jp/11/index.php?action_kouhyou_detail_004_kani=true&JigyosyoCd=1161890326-00&ServiceCd=130&Type=search", "url2": "https://vns-lupinus.jp/" }, "geometry": { "type": "Point", "coordinates": [ 140.1171438, 35.5364653 ] } },
{ "type": "Feature", "properties": { "内容": "カンタキリベル草加【訪問看護】埼玉県草加市草加２‐14‐10", "url": "https://www.kaigokensaku.mhlw.go.jp/11/index.php?action_kouhyou_detail_004_kani=true&JigyosyoCd=1161890532-00&ServiceCd=130&Type=search", "url2": null }, "geometry": { "type": "Point", "coordinates": [ 139.798688700000014, 35.8349989 ] } },
{ "type": "Feature", "properties": { "内容": "在宅リハビリテーションセンター草加【訪問看護】草加市金明町604-1　2階", "url": "https://www.kaigokensaku.mhlw.go.jp/11/index.php?action_kouhyou_detail_004_kani=true&JigyosyoCd=1161890110-00&ServiceCd=130&Type=search", "url2": "http://baeltz.com" }, "geometry": { "type": "Point", "coordinates": [ 139.792464226953172, 35.856185041951683 ] } },
{ "type": "Feature", "properties": { "内容": "わおん訪問看護ステーション草加【訪問看護】埼玉県草加市稲荷2丁目37-3新栄商事ビル101号", "url": "https://www.kaigokensaku.mhlw.go.jp/11/index.php?action_kouhyou_detail_004_kani=true&JigyosyoCd=1161890565-00&ServiceCd=130&Type=search", "url2": null }, "geometry": { "type": "Point", "coordinates": [ 139.8219014, 35.8292362 ] } },
{ "type": "Feature", "properties": { "内容": "訪問看護ステーション　いろどり草加【訪問看護】埼玉県草加市松原5-4-22TKコート松原101", "url": "https://www.kaigokensaku.mhlw.go.jp/11/index.php?action_kouhyou_detail_004_kani=true&JigyosyoCd=1161890458-00&ServiceCd=130&Type=search", "url2": null }, "geometry": { "type": "Point", "coordinates": [ 139.7973433, 35.8460928 ] } },
{ "type": "Feature", "properties": { "内容": "訪問看護ステーションあやめ草加北【訪問看護】埼玉県草加市青柳6丁目31-21　FORTE106号室FORTE106号室", "url": "https://www.kaigokensaku.mhlw.go.jp/11/index.php?action_kouhyou_detail_004_kani=true&JigyosyoCd=1161890557-00&ServiceCd=130&Type=search", "url2": "https://firstnurse.co.jp" }, "geometry": { "type": "Point", "coordinates": [ 139.8248054, 35.853085 ] } },
{ "type": "Feature", "properties": { "内容": "医療法人親和会訪問看護ステーションホウエイ【訪問看護】埼玉県草加市谷塚580－1エスワンプラザ201", "url": "https://www.kaigokensaku.mhlw.go.jp/11/index.php?action_kouhyou_detail_004_kani=true&JigyosyoCd=1161890177-00&ServiceCd=130&Type=search", "url2": "http://www24.ocn.ne.jp/~houei/" }, "geometry": { "type": "Point", "coordinates": [ 139.799980900000037, 35.8135232 ] } },
{ "type": "Feature", "properties": { "内容": "訪問看護ステーションあのね【訪問看護】北越谷二丁目17番21号ボナール北越104号室", "url": "https://www.kaigokensaku.mhlw.go.jp/11/index.php?action_kouhyou_detail_004_kani=true&JigyosyoCd=1160890582-00&ServiceCd=130&Type=search", "url2": "https://madoka-welfare.com/hoshinoie/" }, "geometry": { "type": "Point", "coordinates": [ 139.778834499999988, 35.8997226 ] } },
{ "type": "Feature", "properties": { "内容": "サンウェルズ越谷訪問看護ステーション【訪問看護】瓦曽根1-20-48", "url": "https://www.kaigokensaku.mhlw.go.jp/11/index.php?action_kouhyou_detail_004_kani=true&JigyosyoCd=1160890608-00&ServiceCd=130&Type=search", "url2": null }, "geometry": { "type": "Point", "coordinates": [ 139.7883491, 35.8851654 ] } },
{ "type": "Feature", "properties": { "内容": "訪問看護ステーションRabbit【訪問看護】埼玉県越谷市西新井1610", "url": "https://www.kaigokensaku.mhlw.go.jp/11/index.php?action_kouhyou_detail_004_kani=true&JigyosyoCd=1160890384-00&ServiceCd=130&Type=search", "url2": "https://hokan-rabbit.com/" }, "geometry": { "type": "Point", "coordinates": [ 139.7547923, 35.8887227 ] } },
{ "type": "Feature", "properties": { "内容": "ブライト・ライフ訪問看護　越谷【訪問看護】埼玉県越谷市瓦曽根2-6-34RSビル401号", "url": "https://www.kaigokensaku.mhlw.go.jp/11/index.php?action_kouhyou_detail_004_kani=true&JigyosyoCd=1160890400-00&ServiceCd=130&Type=search", "url2": "https://www.brightlife.co.jp/" }, "geometry": { "type": "Point", "coordinates": [ 139.79249388650814, 35.88412816434623 ] } },
{ "type": "Feature", "properties": { "内容": "学校法人獨協学園　獨協医科大学埼玉医療センター【訪問看護】埼玉県越谷市南越谷2-1-50", "url": "https://www.kaigokensaku.mhlw.go.jp/11/index.php?action_kouhyou_detail_004_kani=true&JigyosyoCd=1110801563-00&ServiceCd=130&Type=search", "url2": "同上" }, "geometry": { "type": "Point", "coordinates": [ 139.7903292, 35.878133 ] } },
{ "type": "Feature", "properties": { "内容": "合同会社訪問看護ステーションうさぎ【訪問看護】埼玉県越谷市東越谷1丁目10-16", "url": "https://www.kaigokensaku.mhlw.go.jp/11/index.php?action_kouhyou_detail_004_kani=true&JigyosyoCd=1160890590-00&ServiceCd=130&Type=search", "url2": "https://www.usagi-kango.com" }, "geometry": { "type": "Point", "coordinates": [ 139.7927631, 35.8940152 ] } },
{ "type": "Feature", "properties": { "内容": "医療法人社団大和会　訪問看護ステーションけいわ【訪問看護】埼玉県越谷市千間台西2-12-10", "url": "https://www.kaigokensaku.mhlw.go.jp/11/index.php?action_kouhyou_detail_004_kani=true&JigyosyoCd=1160890509-00&ServiceCd=130&Type=search", "url2": null }, "geometry": { "type": "Point", "coordinates": [ 139.771212600000013, 35.9338105 ] } },
{ "type": "Feature", "properties": { "内容": "訪問看護ステーション　クローバー【訪問看護】埼玉県越谷市御殿町4-53ハイムベルツリー102", "url": "https://www.kaigokensaku.mhlw.go.jp/11/index.php?action_kouhyou_detail_004_kani=true&JigyosyoCd=1160890277-00&ServiceCd=130&Type=search", "url2": "https://thinkclover.xyz" }, "geometry": { "type": "Point", "coordinates": [ 139.788798501327477, 35.895815518773915 ] } },
{ "type": "Feature", "properties": { "内容": "訪問看護ステーション敬愛【訪問看護】埼玉県越谷市平方340-7", "url": "https://www.kaigokensaku.mhlw.go.jp/11/index.php?action_kouhyou_detail_004_kani=true&JigyosyoCd=1160890061-00&ServiceCd=130&Type=search", "url2": "https://www.houkan-keiai.com" }, "geometry": { "type": "Point", "coordinates": [ 139.779507700000067, 35.9551074 ] } },
{ "type": "Feature", "properties": { "内容": "訪問看護リハビリステーション縁【訪問看護】埼玉県越谷市東越谷２丁目１７番地６", "url": "https://www.kaigokensaku.mhlw.go.jp/11/index.php?action_kouhyou_detail_004_kani=true&JigyosyoCd=1160890111-00&ServiceCd=130&Type=search", "url2": "http://www.ishizue-c.jp/" }, "geometry": { "type": "Point", "coordinates": [ 139.797451, 35.8907648 ] } },
{ "type": "Feature", "properties": { "内容": "越谷誠和病院【訪問看護】谷中町4-25-5", "url": "https://www.kaigokensaku.mhlw.go.jp/11/index.php?action_kouhyou_detail_004_kani=true&JigyosyoCd=1110802249-00&ServiceCd=130&Type=search", "url2": "https://seiwa-amg.com/" }, "geometry": { "type": "Point", "coordinates": [ 139.7698005, 35.8910772 ] } },
{ "type": "Feature", "properties": { "内容": "ものがたり訪問看護ステーションこしがや【訪問看護】越谷市花田５丁目9-9", "url": "https://www.kaigokensaku.mhlw.go.jp/11/index.php?action_kouhyou_detail_004_kani=true&JigyosyoCd=1160890418-00&ServiceCd=130&Type=search", "url2": "https://monogatari-st.jp" }, "geometry": { "type": "Point", "coordinates": [ 139.80034, 35.9008901 ] } },
{ "type": "Feature", "properties": { "内容": "指定訪問看護　アットリハ越谷【訪問看護】大沢3‐21‐18", "url": "https://www.kaigokensaku.mhlw.go.jp/11/index.php?action_kouhyou_detail_004_kani=true&JigyosyoCd=1160890541-00&ServiceCd=130&Type=search", "url2": "https://reha.at-care.co.jp/" }, "geometry": { "type": "Point", "coordinates": [ 139.7827215, 35.903299400000016 ] } },
{ "type": "Feature", "properties": { "内容": "SOMPOケア　北越谷　訪問看護【訪問看護】埼玉県越谷市北越谷1－18－2", "url": "https://www.kaigokensaku.mhlw.go.jp/11/index.php?action_kouhyou_detail_004_kani=true&JigyosyoCd=1160890293-00&ServiceCd=130&Type=search", "url2": null }, "geometry": { "type": "Point", "coordinates": [ 139.78116828957269, 35.89630874107587 ] } },
{ "type": "Feature", "properties": { "内容": "コスモ訪問看護リハビリステーションレイクタウン【訪問看護】越谷市西方2-10-12", "url": "https://www.kaigokensaku.mhlw.go.jp/11/index.php?action_kouhyou_detail_004_kani=true&JigyosyoCd=1160890137-00&ServiceCd=130&Type=search", "url2": "http://www.cosmonurse.jp/hajimemasite.html" }, "geometry": { "type": "Point", "coordinates": [ 139.798399476451777, 35.884883499398846 ] } },
{ "type": "Feature", "properties": { "内容": "訪問看護ステーション　バーチ【訪問看護】埼玉県越谷市蒲生西町１丁目4-41ウエストコート１０２号", "url": "https://www.kaigokensaku.mhlw.go.jp/11/index.php?action_kouhyou_detail_004_kani=true&JigyosyoCd=1160890434-00&ServiceCd=130&Type=search", "url2": "https://birch88.jp/" }, "geometry": { "type": "Point", "coordinates": [ 139.79441, 35.8619479 ] } },
{ "type": "Feature", "properties": { "内容": "彩のこしがや訪問看護ステーション【訪問看護】埼玉県越谷市七左町1-169-5ライフインビレッジ7　202号", "url": "https://www.kaigokensaku.mhlw.go.jp/11/index.php?action_kouhyou_detail_004_kani=true&JigyosyoCd=1160890517-00&ServiceCd=130&Type=search", "url2": "https://sai-jp.com/" }, "geometry": { "type": "Point", "coordinates": [ 139.7841196, 35.86717460000002 ] } },
{ "type": "Feature", "properties": { "内容": "一般社団法人　越谷市医師会立訪問看護ステーション【訪問看護】埼玉県越谷市東越谷十丁目31番地越谷市保健センター3階", "url": "https://www.kaigokensaku.mhlw.go.jp/11/index.php?action_kouhyou_detail_004_kani=true&JigyosyoCd=1160890020-00&ServiceCd=130&Type=search", "url2": "http://www.koshigaya-med.or.jp/houkan/service.html" }, "geometry": { "type": "Point", "coordinates": [ 139.807316791679369, 35.898224934819602 ] } },
{ "type": "Feature", "properties": { "内容": "メディナス訪問看護ステーション北越谷【訪問看護】埼玉県越谷市大沢4-6-24三貴ビル1F", "url": "https://www.kaigokensaku.mhlw.go.jp/11/index.php?action_kouhyou_detail_004_kani=true&JigyosyoCd=1160890269-00&ServiceCd=130&Type=search", "url2": "https://medinus.jp/station/kita-koshigaya.html?msclkid=72477610cf4311ec8d416ae866fba216" }, "geometry": { "type": "Point", "coordinates": [ 139.7841995, 35.8978453 ] } },
{ "type": "Feature", "properties": { "内容": "越谷訪問看護ステーション【訪問看護】東越谷4-11-5", "url": "https://www.kaigokensaku.mhlw.go.jp/11/index.php?action_kouhyou_detail_004_kani=true&JigyosyoCd=1160890129-00&ServiceCd=130&Type=search", "url2": "https://miyabi-kango.jp/" }, "geometry": { "type": "Point", "coordinates": [ 139.795637700000043, 35.8983838 ] } },
{ "type": "Feature", "properties": { "内容": "医療法人社団　貴昌会　岡野クリニック【訪問看護】埼玉県越谷市赤山本町７－２", "url": "https://www.kaigokensaku.mhlw.go.jp/11/index.php?action_kouhyou_detail_004_kani=true&JigyosyoCd=1110803825-00&ServiceCd=130&Type=search", "url2": "http://www.okano-clinic.jp" }, "geometry": { "type": "Point", "coordinates": [ 139.785621600000013, 35.8867234 ] } },
{ "type": "Feature", "properties": { "内容": "訪問看護ステーションひまわり越谷【訪問看護】埼玉県越谷市レイクタウン8-11-1レイクタウンオークラビル401", "url": "https://www.kaigokensaku.mhlw.go.jp/11/index.php?action_kouhyou_detail_004_kani=true&JigyosyoCd=1160890236-00&ServiceCd=130&Type=search", "url2": "https://himawari-style.jp" }, "geometry": { "type": "Point", "coordinates": [ 139.822700549073801, 35.876098679096565 ] } },
{ "type": "Feature", "properties": { "内容": "トータルライフケア越谷訪問看護ステーション【訪問看護】埼玉県越谷市蒲生西町2-1-36ベルメゾンKY101", "url": "https://www.kaigokensaku.mhlw.go.jp/11/index.php?action_kouhyou_detail_004_kani=true&JigyosyoCd=1160890525-00&ServiceCd=130&Type=search", "url2": "https://www.ikiikitlc.co.jp/" }, "geometry": { "type": "Point", "coordinates": [ 139.7918798, 35.8648469 ] } },
{ "type": "Feature", "properties": { "内容": "訪問看護ステーション　夢【訪問看護】東大沢1-41-1アーバンエステートA　105号室", "url": "https://www.kaigokensaku.mhlw.go.jp/11/index.php?action_kouhyou_detail_004_kani=true&JigyosyoCd=1160890152-00&ServiceCd=130&Type=search", "url2": "http://www.enfe-niji.jp" }, "geometry": { "type": "Point", "coordinates": [ 139.785421, 35.904693 ] } },
{ "type": "Feature", "properties": { "内容": "訪問看護ステーションオリーブ【訪問看護】花田5-1-6アプローズ越谷205", "url": "https://www.kaigokensaku.mhlw.go.jp/11/index.php?action_kouhyou_detail_004_kani=true&JigyosyoCd=1160890426-00&ServiceCd=130&Type=search", "url2": "http://hp.kaipoke.biz/24w/161847/base_0007.html" }, "geometry": { "type": "Point", "coordinates": [ 139.79796, 35.902122 ] } },
{ "type": "Feature", "properties": { "内容": "ゆとり庵北越谷訪問看護ステーション【訪問看護】埼玉県越谷市大字大道643番地", "url": "https://www.kaigokensaku.mhlw.go.jp/11/index.php?action_kouhyou_detail_004_kani=true&JigyosyoCd=1160890368-00&ServiceCd=130&Type=search", "url2": "https://hinode.or.jp/about/hakuaifukushikai/" }, "geometry": { "type": "Point", "coordinates": [ 139.757780339920032, 35.922167800245802 ] } },
{ "type": "Feature", "properties": { "内容": "ソエル訪問看護リハビリステーション【訪問看護】埼玉県越谷市赤山町4-7-6", "url": "https://www.kaigokensaku.mhlw.go.jp/11/index.php?action_kouhyou_detail_004_kani=true&JigyosyoCd=1160890145-00&ServiceCd=130&Type=search", "url2": null }, "geometry": { "type": "Point", "coordinates": [ 139.785952868122905, 35.879731437213131 ] } },
{ "type": "Feature", "properties": { "内容": "ベストケアホウモンカンゴリハビリステーション【訪問看護】埼玉県越谷市越ヶ谷1-12-121F", "url": "https://www.kaigokensaku.mhlw.go.jp/11/index.php?action_kouhyou_detail_004_kani=true&JigyosyoCd=1160890350-00&ServiceCd=130&Type=search", "url2": "https://www.bestcare-nurse.com/" }, "geometry": { "type": "Point", "coordinates": [ 139.7895925, 35.8867329 ] } },
{ "type": "Feature", "properties": { "内容": "医療法人財団明理会　越谷ロイヤル訪問看護ステーション【訪問看護】元柳田町６番45号新越谷病院", "url": "https://www.kaigokensaku.mhlw.go.jp/11/index.php?action_kouhyou_detail_004_kani=true&JigyosyoCd=1160890046-00&ServiceCd=130&Type=search", "url2": "http://www.ims.gr.jp/shinkosigaya/" }, "geometry": { "type": "Point", "coordinates": [ 139.7869155, 35.881540200000011 ] } },
{ "type": "Feature", "properties": { "内容": "訪問看護リハビリステーションシリウスケア越谷【訪問看護】越ヶ谷一丁目12番28号木田ビルⅡ1階", "url": "https://www.kaigokensaku.mhlw.go.jp/11/index.php?action_kouhyou_detail_004_kani=true&JigyosyoCd=1160890335-00&ServiceCd=130&Type=search", "url2": "https://sirius-care.com" }, "geometry": { "type": "Point", "coordinates": [ 139.788857298404736, 35.886625391534949 ] } },
{ "type": "Feature", "properties": { "内容": "訪問看護ステーションえん【訪問看護】埼玉県越谷市宮前1－2－7ベルウッド弐番館103号室", "url": "https://www.kaigokensaku.mhlw.go.jp/11/index.php?action_kouhyou_detail_004_kani=true&JigyosyoCd=1160890624-00&ServiceCd=130&Type=search", "url2": null }, "geometry": { "type": "Point", "coordinates": [ 139.795530500000012, 35.9034225 ] } },
{ "type": "Feature", "properties": { "内容": "フレテミル訪問看護ステーション【訪問看護】千間台東3丁目16番地3-101", "url": "https://www.kaigokensaku.mhlw.go.jp/11/index.php?action_kouhyou_detail_004_kani=true&JigyosyoCd=1160890533-00&ServiceCd=130&Type=search", "url2": "http://he-furetemiru" }, "geometry": { "type": "Point", "coordinates": [ 139.776310599999988, 35.704932 ] } },
{ "type": "Feature", "properties": { "内容": "学研ココファン・ナーシング越谷【訪問看護】埼玉県越谷市新越谷1-68-1", "url": "https://www.kaigokensaku.mhlw.go.jp/11/index.php?action_kouhyou_detail_004_kani=true&JigyosyoCd=1160890251-00&ServiceCd=130&Type=search", "url2": "http://nursing.cocofump.co.jp/" }, "geometry": { "type": "Point", "coordinates": [ 139.78470566555319, 35.871343808259041 ] } },
{ "type": "Feature", "properties": { "内容": "医療法人修志会りあん訪問看護ステーション【訪問看護】埼玉県越谷市千間台西1-8-7IKビル303", "url": "https://www.kaigokensaku.mhlw.go.jp/11/index.php?action_kouhyou_detail_004_kani=true&JigyosyoCd=1160890285-00&ServiceCd=130&Type=search", "url2": "https://syuushikai-kango.com" }, "geometry": { "type": "Point", "coordinates": [ 139.7702798, 35.9345581 ] } },
{ "type": "Feature", "properties": { "内容": "アモール訪問看護リハビリステーション越谷【訪問看護】埼玉県越谷市蒲生寿町4番18号関根ビル2階", "url": "https://www.kaigokensaku.mhlw.go.jp/11/index.php?action_kouhyou_detail_004_kani=true&JigyosyoCd=1160890178-00&ServiceCd=130&Type=search", "url2": "http://www.amall-ns.com/" }, "geometry": { "type": "Point", "coordinates": [ 139.794343600000047, 35.8680902 ] } },
{ "type": "Feature", "properties": { "内容": "訪問看護リハビリステーション　ここな【訪問看護】埼玉県越谷市東越谷1-21-12", "url": "https://www.kaigokensaku.mhlw.go.jp/11/index.php?action_kouhyou_detail_004_kani=true&JigyosyoCd=1160890467-00&ServiceCd=130&Type=search", "url2": null }, "geometry": { "type": "Point", "coordinates": [ 139.794315473016326, 35.895703783421517 ] } },
{ "type": "Feature", "properties": { "内容": "蕨訪問看護ステーション【訪問看護】埼玉県蕨市錦町３－３－２７", "url": "https://www.kaigokensaku.mhlw.go.jp/11/index.php?action_kouhyou_detail_004_kani=true&JigyosyoCd=1161490044-00&ServiceCd=130&Type=search", "url2": "w-houkan@warabisyakyo.org" }, "geometry": { "type": "Point", "coordinates": [ 139.67287239999996, 35.8278224 ] } },
{ "type": "Feature", "properties": { "内容": "彩訪問看護リハビリステーション【訪問看護】埼玉県蕨市北町1-4-19ビレッタＧＡ106", "url": "https://www.kaigokensaku.mhlw.go.jp/11/index.php?action_kouhyou_detail_004_kani=true&JigyosyoCd=1161490069-00&ServiceCd=130&Type=search", "url2": "http://willage.jp/for-doctor/about-warabi/" }, "geometry": { "type": "Point", "coordinates": [ 139.686718400000046, 35.829267 ] } },
{ "type": "Feature", "properties": { "内容": "わらびとだ訪問看護ステーション【訪問看護】埼玉県蕨市中央４－９－２２福祉児童センター内２階", "url": "https://www.kaigokensaku.mhlw.go.jp/11/index.php?action_kouhyou_detail_004_kani=true&JigyosyoCd=1161490028-00&ServiceCd=130&Type=search", "url2": null }, "geometry": { "type": "Point", "coordinates": [ 139.683652400827214, 35.824109549659966 ] } },
{ "type": "Feature", "properties": { "内容": "訪問看護ステーションほっと蕨川口【訪問看護】埼玉県蕨市塚越5-15-4", "url": "https://www.kaigokensaku.mhlw.go.jp/11/index.php?action_kouhyou_detail_004_kani=true&JigyosyoCd=1161490101-00&ServiceCd=130&Type=search", "url2": "https://hotto-nursing.com/" }, "geometry": { "type": "Point", "coordinates": [ 139.7023757, 35.8222283 ] } },
{ "type": "Feature", "properties": { "内容": "訪問看護ステーションじん【訪問看護】埼玉県蕨市錦町1-9-1プランドールJIN201", "url": "https://www.kaigokensaku.mhlw.go.jp/11/index.php?action_kouhyou_detail_004_kani=true&JigyosyoCd=1161990084-00&ServiceCd=130&Type=search", "url2": "http://www.jinshinkaigroup.com/jin" }, "geometry": { "type": "Point", "coordinates": [ 139.680257054565715, 35.821690359004194 ] } },
{ "type": "Feature", "properties": { "内容": "なかじま訪問看護ステーション【訪問看護】埼玉県戸田市下戸田2丁目9番20号", "url": "https://www.kaigokensaku.mhlw.go.jp/11/index.php?action_kouhyou_detail_004_kani=true&JigyosyoCd=1161990050-00&ServiceCd=130&Type=search", "url2": "http://www.keimeikai.com" }, "geometry": { "type": "Point", "coordinates": [ 139.683658, 35.8143969 ] } },
{ "type": "Feature", "properties": { "内容": "SOMPOケア戸田訪問看護【訪問看護】埼玉県戸田市大字新曽2252", "url": "https://www.kaigokensaku.mhlw.go.jp/11/index.php?action_kouhyou_detail_004_kani=true&JigyosyoCd=1161990100-00&ServiceCd=130&Type=search", "url2": null }, "geometry": { "type": "Point", "coordinates": [ 139.6595175, 35.8235811 ] } },
{ "type": "Feature", "properties": { "内容": "訪問看護ステーション上戸田【訪問看護】埼玉県戸田市本町１－９－８", "url": "https://www.kaigokensaku.mhlw.go.jp/11/index.php?action_kouhyou_detail_004_kani=true&JigyosyoCd=1161990019-00&ServiceCd=130&Type=search", "url2": "https://kamitoda.tmg-houmonkango.jp/" }, "geometry": { "type": "Point", "coordinates": [ 139.681336213105709, 35.811238638330302 ] } },
{ "type": "Feature", "properties": { "内容": "訪問看護ステーションオール【訪問看護】下戸田1-7-16ダイヤメゾン戸田公園305号室", "url": "https://www.kaigokensaku.mhlw.go.jp/11/index.php?action_kouhyou_detail_004_kani=true&JigyosyoCd=1161990142-00&ServiceCd=130&Type=search", "url2": "https://www.all-owl.com" }, "geometry": { "type": "Point", "coordinates": [ 139.6867398, 35.8119106 ] } },
{ "type": "Feature", "properties": { "内容": "訪問看護リハビリステーションゆめみらい戸田【訪問看護】埼玉県戸田市新曽1021番地フラワーハイツ302号室", "url": "https://www.kaigokensaku.mhlw.go.jp/11/index.php?action_kouhyou_detail_004_kani=true&JigyosyoCd=1161990076-00&ServiceCd=130&Type=search", "url2": "https://yumemirai.p-otani.co.jp/" }, "geometry": { "type": "Point", "coordinates": [ 139.666378537542784, 35.811873717032782 ] } },
{ "type": "Feature", "properties": { "内容": "指定訪問看護アットリハ氷川町【訪問看護】埼玉県戸田市氷川町3-1-12", "url": "https://www.kaigokensaku.mhlw.go.jp/11/index.php?action_kouhyou_detail_004_kani=true&JigyosyoCd=1161990126-00&ServiceCd=130&Type=search", "url2": "https://reha.at-care.co.jp/" }, "geometry": { "type": "Point", "coordinates": [ 139.660016399999989, 35.8072373 ] } },
{ "type": "Feature", "properties": { "内容": "訪問看護ステーション　くつろぎの家【訪問看護】埼玉県戸田市美女木１-２９-４５", "url": "https://www.kaigokensaku.mhlw.go.jp/11/index.php?action_kouhyou_detail_004_kani=true&JigyosyoCd=1161990043-00&ServiceCd=130&Type=search", "url2": "http://www.s-kuturogi.com" }, "geometry": { "type": "Point", "coordinates": [ 139.63697, 35.8306352 ] } },
{ "type": "Feature", "properties": { "内容": "戸田市訪問看護ステーション【訪問看護】戸田市美女木４－２０－６", "url": "https://www.kaigokensaku.mhlw.go.jp/11/index.php?action_kouhyou_detail_004_kani=true&JigyosyoCd=1161990027-00&ServiceCd=130&Type=search", "url2": "https://www.city.toda.saitama.jp/site/medicalcenter/iry-sinryo-homon-top.htm/" }, "geometry": { "type": "Point", "coordinates": [ 139.645147299999962, 35.8211449 ] } },
{ "type": "Feature", "properties": { "内容": "株式会社L.I.B【訪問看護】新曽523-1MOTOHASHI2001　301号室", "url": "https://www.kaigokensaku.mhlw.go.jp/11/index.php?action_kouhyou_detail_004_kani=true&JigyosyoCd=1161990159-00&ServiceCd=130&Type=search", "url2": "https://lecaldo.co.jp/total-care-toda/" }, "geometry": { "type": "Point", "coordinates": [ 139.6740298, 35.8162645 ] } },
{ "type": "Feature", "properties": { "内容": "ほほえみ訪問看護ステーション【訪問看護】埼玉県戸田市笹目3丁目3番地", "url": "https://www.kaigokensaku.mhlw.go.jp/11/index.php?action_kouhyou_detail_004_kani=true&JigyosyoCd=1161990092-00&ServiceCd=130&Type=search", "url2": "https://www.hohoemi117.com" }, "geometry": { "type": "Point", "coordinates": [ 139.6512351, 35.817224 ] } },
{ "type": "Feature", "properties": { "内容": "orangelemonナーシング【訪問看護】埼玉県戸田市笹目2-7-29", "url": "https://www.kaigokensaku.mhlw.go.jp/11/index.php?action_kouhyou_detail_004_kani=true&JigyosyoCd=1161990118-00&ServiceCd=130&Type=search", "url2": "https://orangelemon.life" }, "geometry": { "type": "Point", "coordinates": [ 139.654060879376203, 35.813148801328687 ] } },
{ "type": "Feature", "properties": { "内容": "えのもと訪問看護ステーション【訪問看護】埼玉県戸田市下前2-6-21", "url": "https://www.kaigokensaku.mhlw.go.jp/11/index.php?action_kouhyou_detail_004_kani=true&JigyosyoCd=1161990068-00&ServiceCd=130&Type=search", "url2": "http://wwwenomoto-st.jp" }, "geometry": { "type": "Point", "coordinates": [ 139.685921900000039, 35.8070676 ] } },
{ "type": "Feature", "properties": { "内容": "訪問看護ステーションいつき毛呂山【訪問看護】毛呂山町岩井西5丁目5-19第二いづも荘1号棟", "url": "https://www.kaigokensaku.mhlw.go.jp/11/index.php?action_kouhyou_detail_004_kani=true&JigyosyoCd=1162490159-00&ServiceCd=130&Type=search", "url2": "https://heartvillage.co.jp/" }, "geometry": { "type": "Point", "coordinates": [ 139.3100279, 35.9444207 ] } },
{ "type": "Feature", "properties": { "内容": "訪問看護ステーション　ユースフル埼玉【訪問看護】埼玉県入間市野田3004-6", "url": "https://www.kaigokensaku.mhlw.go.jp/11/index.php?action_kouhyou_detail_004_kani=true&JigyosyoCd=1162890309-00&ServiceCd=130&Type=search", "url2": null }, "geometry": { "type": "Point", "coordinates": [ 139.359229518553576, 35.848399857157489 ] } },
{ "type": "Feature", "properties": { "内容": "Onestep訪問看護リハビリステーション【訪問看護】埼玉県入間市下藤沢3-26-15ブランシェール1号室", "url": "https://www.kaigokensaku.mhlw.go.jp/11/index.php?action_kouhyou_detail_004_kani=true&JigyosyoCd=1162890135-00&ServiceCd=130&Type=search", "url2": "onestep-kango.com" }, "geometry": { "type": "Point", "coordinates": [ 139.408508529675458, 35.818035100356731 ] } },
{ "type": "Feature", "properties": { "内容": "訪問看護ステーション柔和【訪問看護】埼玉県入間市高倉3-5-26ハイラーク高倉424号室", "url": "https://www.kaigokensaku.mhlw.go.jp/11/index.php?action_kouhyou_detail_004_kani=true&JigyosyoCd=1162890283-00&ServiceCd=130&Type=search", "url2": "https://www.nyuwa.jp" }, "geometry": { "type": "Point", "coordinates": [ 139.3793174, 35.8411907 ] } },
{ "type": "Feature", "properties": { "内容": "グレース訪問看護リハビリステーション【訪問看護】埼玉県入間市南峯337-1グレースハウス　A-101", "url": "https://www.kaigokensaku.mhlw.go.jp/11/index.php?action_kouhyou_detail_004_kani=true&JigyosyoCd=1162890168-00&ServiceCd=130&Type=search", "url2": "https://grace-nurse.jp" }, "geometry": { "type": "Point", "coordinates": [ 139.325496184655748, 35.811190060806283 ] } },
{ "type": "Feature", "properties": { "内容": "訪問看護ステーション青い鳥【訪問看護】入間市大字二本木字下狭山88番地5", "url": "https://www.kaigokensaku.mhlw.go.jp/11/index.php?action_kouhyou_detail_004_kani=true&JigyosyoCd=1162890044-00&ServiceCd=130&Type=search", "url2": "http://www.ictv.ne.jp^kobahosp/" }, "geometry": { "type": "Point", "coordinates": [ 139.366867315113836, 35.802584296218043 ] } },
{ "type": "Feature", "properties": { "内容": "ハート訪問看護ステーション【訪問看護】埼玉県入間市小谷田1262-1富士会館内", "url": "https://www.kaigokensaku.mhlw.go.jp/11/index.php?action_kouhyou_detail_004_kani=true&JigyosyoCd=1162890036-00&ServiceCd=130&Type=search", "url2": "http://www.eijinkai.jp" }, "geometry": { "type": "Point", "coordinates": [ 139.37435389999996, 35.8109015 ] } },
{ "type": "Feature", "properties": { "内容": "ＮＥＸＴＦＬＯＷ訪問看護いるま【訪問看護】埼玉県入間市東町7-13-19ゴールドビル102", "url": "https://www.kaigokensaku.mhlw.go.jp/11/index.php?action_kouhyou_detail_004_kani=true&JigyosyoCd=1162890291-00&ServiceCd=130&Type=search", "url2": "https://next-flow.jp/" }, "geometry": { "type": "Point", "coordinates": [ 139.3999507, 35.8300756 ] } },
{ "type": "Feature", "properties": { "内容": "アイセイ訪問看護ステーション【訪問看護】埼玉県入間市大字上藤沢287-7", "url": "https://www.kaigokensaku.mhlw.go.jp/11/index.php?action_kouhyou_detail_004_kani=true&JigyosyoCd=1162890143-00&ServiceCd=130&Type=search", "url2": null }, "geometry": { "type": "Point", "coordinates": [ 139.397986100000026, 35.8151921 ] } },
{ "type": "Feature", "properties": { "内容": "訪問看護リハビリステーションリライフ【訪問看護】埼玉県入間市久保稲荷1丁目16番13メゾンオンボワ101", "url": "https://www.kaigokensaku.mhlw.go.jp/11/index.php?action_kouhyou_detail_004_kani=true&JigyosyoCd=1162890200-00&ServiceCd=130&Type=search", "url2": "https://www.life-design-95.com" }, "geometry": { "type": "Point", "coordinates": [ 139.395126399999981, 35.8288877 ] } },
{ "type": "Feature", "properties": { "内容": "かえら訪問看護リハビリステーション【訪問看護】埼玉県入間市扇町屋１丁目4番15号", "url": "https://www.kaigokensaku.mhlw.go.jp/11/index.php?action_kouhyou_detail_004_kani=true&JigyosyoCd=1162890127-00&ServiceCd=130&Type=search", "url2": "http//kaera.co.jp" }, "geometry": { "type": "Point", "coordinates": [ 139.385455804893468, 35.833197736024019 ] } },
{ "type": "Feature", "properties": { "内容": "訪問看護ステーション　KUMIナース【訪問看護】埼玉県狭山台1ｰ10ｰ12", "url": "https://www.kaigokensaku.mhlw.go.jp/11/index.php?action_kouhyou_detail_004_kani=true&JigyosyoCd=1162890242-00&ServiceCd=130&Type=search", "url2": null }, "geometry": { "type": "Point", "coordinates": [ 139.366140005110168, 35.805006975745208 ] } },
{ "type": "Feature", "properties": { "内容": "メリッサ訪問看護ステーション【訪問看護】埼玉県入間市東町3-4-2イーストハイツ101", "url": "https://www.kaigokensaku.mhlw.go.jp/11/index.php?action_kouhyou_detail_004_kani=true&JigyosyoCd=1162890093-00&ServiceCd=130&Type=search", "url2": "http://www.melissa-station.co.jp" }, "geometry": { "type": "Point", "coordinates": [ 139.401915, 35.8313513 ] } },
{ "type": "Feature", "properties": { "内容": "エイビー訪問看護リハビリステーション【訪問看護】上藤沢35-7サイレント東野B101", "url": "https://www.kaigokensaku.mhlw.go.jp/11/index.php?action_kouhyou_detail_004_kani=true&JigyosyoCd=1162890267-00&ServiceCd=130&Type=search", "url2": "https://www.aby-co.com" }, "geometry": { "type": "Point", "coordinates": [ 139.40028468465573, 35.813305601895649 ] } },
{ "type": "Feature", "properties": { "内容": "訪問看護ステーショントータルケア入間ジョンソンタウン【訪問看護】埼玉県入間市東町１丁目６−１７平成ハウス29-E", "url": "https://www.kaigokensaku.mhlw.go.jp/11/index.php?action_kouhyou_detail_004_kani=true&JigyosyoCd=1162890226-00&ServiceCd=130&Type=search", "url2": "https://lecaldo.co.jp/total-care-iruma/" }, "geometry": { "type": "Point", "coordinates": [ 139.398859, 35.8327544 ] } },
{ "type": "Feature", "properties": { "内容": "西武訪問看護事業所【訪問看護】埼玉県入間市野田3078-2", "url": "https://www.kaigokensaku.mhlw.go.jp/11/index.php?action_kouhyou_detail_004_kani=true&JigyosyoCd=1162890051-00&ServiceCd=130&Type=search", "url2": "https://seibuiruma.or.jp/" }, "geometry": { "type": "Point", "coordinates": [ 139.361791374902964, 35.846147608289144 ] } },
{ "type": "Feature", "properties": { "内容": "ロイヤル入間訪問看護ステーション【訪問看護】狭山台2-2-17", "url": "https://www.kaigokensaku.mhlw.go.jp/11/index.php?action_kouhyou_detail_004_kani=true&JigyosyoCd=1162890218-00&ServiceCd=130&Type=search", "url2": null }, "geometry": { "type": "Point", "coordinates": [ 139.363040016434837, 35.805047686147056 ] } },
{ "type": "Feature", "properties": { "内容": "とわ訪問看護ステーション【訪問看護】埼玉県朝霞市本町1丁目24番7号", "url": "https://www.kaigokensaku.mhlw.go.jp/11/index.php?action_kouhyou_detail_004_kani=true&JigyosyoCd=1162190320-00&ServiceCd=130&Type=search", "url2": "https://towa1008.com" }, "geometry": { "type": "Point", "coordinates": [ 139.5971166, 35.8049638 ] } },
{ "type": "Feature", "properties": { "内容": "エース訪問看護ステーション　朝霞【訪問看護】埼玉県朝霞市本町2-9-33グリーンヒルズ佑和105", "url": "https://www.kaigokensaku.mhlw.go.jp/11/index.php?action_kouhyou_detail_004_kani=true&JigyosyoCd=1162190171-00&ServiceCd=130&Type=search", "url2": "https://fk-drug-ace.co.jp/" }, "geometry": { "type": "Point", "coordinates": [ 139.596721800000068, 35.7978607 ] } },
{ "type": "Feature", "properties": { "内容": "ソフィアメディ訪問看護ステーション朝霞【訪問看護】埼玉県朝霞市本町2-1-15グローウィング301号室", "url": "https://www.kaigokensaku.mhlw.go.jp/11/index.php?action_kouhyou_detail_004_kani=true&JigyosyoCd=1162190296-00&ServiceCd=130&Type=search", "url2": "https://www.sophiamedi.co.jp/station/asaka/" }, "geometry": { "type": "Point", "coordinates": [ 139.5959665, 35.7970242 ] } },
{ "type": "Feature", "properties": { "内容": "訪問看護ステーションアルゴ朝霞【訪問看護】埼玉県朝霞市東弁財1-2-16保ビル3階", "url": "https://www.kaigokensaku.mhlw.go.jp/11/index.php?action_kouhyou_detail_004_kani=true&JigyosyoCd=1162190304-00&ServiceCd=130&Type=search", "url2": null }, "geometry": { "type": "Point", "coordinates": [ 139.593304, 35.801877300000022 ] } },
{ "type": "Feature", "properties": { "内容": "彩訪問看護リハビリステーション朝霞【訪問看護】埼玉県朝霞市本町1-34-1ボンビラージュ106", "url": "https://www.kaigokensaku.mhlw.go.jp/11/index.php?action_kouhyou_detail_004_kani=true&JigyosyoCd=1162190288-00&ServiceCd=130&Type=search", "url2": "http://willage.jp/" }, "geometry": { "type": "Point", "coordinates": [ 139.593304, 35.8018773 ] } },
{ "type": "Feature", "properties": { "内容": "あさか訪問看護ステーション【訪問看護】埼玉県朝霞市溝沼　5-3-15プルミエール106", "url": "https://www.kaigokensaku.mhlw.go.jp/11/index.php?action_kouhyou_detail_004_kani=true&JigyosyoCd=1162190080-00&ServiceCd=130&Type=search", "url2": "http://asaka-houkan.com" }, "geometry": { "type": "Point", "coordinates": [ 139.59148832698358, 35.805003361658379 ] } },
{ "type": "Feature", "properties": { "内容": "在宅看護センター笑がお【訪問看護】埼玉県朝霞市仲町１丁目１１番４８号蕪木ビル３１０号室", "url": "https://www.kaigokensaku.mhlw.go.jp/11/index.php?action_kouhyou_detail_004_kani=true&JigyosyoCd=1162190239-00&ServiceCd=130&Type=search", "url2": "https://egao-asaka.jp" }, "geometry": { "type": "Point", "coordinates": [ 139.6014575, 35.7983874 ] } },
{ "type": "Feature", "properties": { "内容": "みつば訪問看護ステーション朝霞台【訪問看護】埼玉県朝霞市三原3-5-38きよみコーポ101号", "url": "https://www.kaigokensaku.mhlw.go.jp/11/index.php?action_kouhyou_detail_004_kani=true&JigyosyoCd=1162190213-00&ServiceCd=130&Type=search", "url2": null }, "geometry": { "type": "Point", "coordinates": [ 139.5820209, 35.8157012 ] } },
{ "type": "Feature", "properties": { "内容": "さくら訪問看護ステーション【訪問看護】埼玉県朝霞市大字岡79-3", "url": "https://www.kaigokensaku.mhlw.go.jp/11/index.php?action_kouhyou_detail_004_kani=true&JigyosyoCd=1162190189-00&ServiceCd=130&Type=search", "url2": "www.asaka-cl.jp" }, "geometry": { "type": "Point", "coordinates": [ 139.596514951588574, 35.813117717208542 ] } },
{ "type": "Feature", "properties": { "内容": "ＴＭＧあさか訪問看護ステーション【訪問看護】埼玉県朝霞市西弁財1-8-21ＴＭＧサテライトクリニック朝霞台Ｂ棟", "url": "https://www.kaigokensaku.mhlw.go.jp/11/index.php?action_kouhyou_detail_004_kani=true&JigyosyoCd=1162190023-00&ServiceCd=130&Type=search", "url2": "http://www.tmg-houmonkango.jp/asakadai/" }, "geometry": { "type": "Point", "coordinates": [ 139.584355800000054, 35.813854393745601 ] } },
{ "type": "Feature", "properties": { "内容": "あおき訪問看護ステーション【訪問看護】朝霞市西弁財2丁目２－１９－１０３", "url": "https://www.kaigokensaku.mhlw.go.jp/11/index.php?action_kouhyou_detail_004_kani=true&JigyosyoCd=1162190072-00&ServiceCd=130&Type=search", "url2": null }, "geometry": { "type": "Point", "coordinates": [ 139.581811600000037, 35.8124974 ] } },
{ "type": "Feature", "properties": { "内容": "ウェルホーム+ナースステーション志木【訪問看護】埼玉県志木市柏町三丁目9番71", "url": "https://www.kaigokensaku.mhlw.go.jp/11/index.php?action_kouhyou_detail_004_kani=true&JigyosyoCd=1162290062-00&ServiceCd=130&Type=search", "url2": null }, "geometry": { "type": "Point", "coordinates": [ 139.5709934, 35.8318853 ] } },
{ "type": "Feature", "properties": { "内容": "ＴＭＧ宗岡訪問看護ステーション【平成26年新規事業所】【訪問看護】上宗岡5-14-50", "url": "https://www.kaigokensaku.mhlw.go.jp/11/index.php?action_kouhyou_detail_004_kani=true&JigyosyoCd=1162290021-00&ServiceCd=130&Type=search", "url2": "muneoka.tmg-houmonkang.jp" }, "geometry": { "type": "Point", "coordinates": [ 139.583282700000041, 35.8462961 ] } },
{ "type": "Feature", "properties": { "内容": "きらめき訪問看護リハビリステーション志木事業所【訪問看護】埼玉県志木市幸町3-4-9きらめき訪問看護リハビリステーション", "url": "https://www.kaigokensaku.mhlw.go.jp/11/index.php?action_kouhyou_detail_004_kani=true&JigyosyoCd=1162290039-00&ServiceCd=130&Type=search", "url2": "http://kiramekihoukan-recruit.com/" }, "geometry": { "type": "Point", "coordinates": [ 139.566698063823651, 35.82212121419677 ] } },
{ "type": "Feature", "properties": { "内容": "訪問看護ステーション　志木みずほ【訪問看護】埼玉県志木市上宗岡2丁目20-57細田マンション306", "url": "https://www.kaigokensaku.mhlw.go.jp/11/index.php?action_kouhyou_detail_004_kani=true&JigyosyoCd=1162290054-00&ServiceCd=130&Type=search", "url2": "https://mizuhokai.or.jp/" }, "geometry": { "type": "Point", "coordinates": [ 139.581433800000013, 35.8492815 ] } },
{ "type": "Feature", "properties": { "内容": "訪問看護ステーショントータルケア志木朝霞【訪問看護】埼玉県志木市柏町1丁目12番7志木昭和ビル101", "url": "https://www.kaigokensaku.mhlw.go.jp/11/index.php?action_kouhyou_detail_004_kani=true&JigyosyoCd=1162290070-00&ServiceCd=130&Type=search", "url2": "https://lecaldo.co.jp/total-care-shikiasaka/" }, "geometry": { "type": "Point", "coordinates": [ 139.5754882, 35.8322773 ] } },
{ "type": "Feature", "properties": { "内容": "ミアヘルサ　訪問看護ステーション和光【訪問看護】埼玉県和光市新倉2-5-49", "url": "https://www.kaigokensaku.mhlw.go.jp/11/index.php?action_kouhyou_detail_004_kani=true&JigyosyoCd=1162390144-00&ServiceCd=130&Type=search", "url2": null }, "geometry": { "type": "Point", "coordinates": [ 139.619613, 35.7941132 ] } },
{ "type": "Feature", "properties": { "内容": "マザース和光【訪問看護】埼玉県和光市白子1-29-15メディカルホーム和光ガーデン", "url": "https://www.kaigokensaku.mhlw.go.jp/11/index.php?action_kouhyou_detail_004_kani=true&JigyosyoCd=1162390201-00&ServiceCd=130&Type=search", "url2": null }, "geometry": { "type": "Point", "coordinates": [ 139.623995, 35.770949800000011 ] } },
{ "type": "Feature", "properties": { "内容": "和光福祉会訪問看護ステーション【訪問看護】埼玉県和光市丸山台２－６－２０", "url": "https://www.kaigokensaku.mhlw.go.jp/11/index.php?action_kouhyou_detail_004_kani=true&JigyosyoCd=1162390011-00&ServiceCd=130&Type=search", "url2": "http://www.fukusi.or.jp/" }, "geometry": { "type": "Point", "coordinates": [ 139.61769490000006, 35.7861548 ] } },
{ "type": "Feature", "properties": { "内容": "リーシェガーデン和光訪問看護ステーション【訪問看護】埼玉県和光市丸山台2-11-1リーシェガーデン和光本館2F", "url": "https://www.kaigokensaku.mhlw.go.jp/11/index.php?action_kouhyou_detail_004_kani=true&JigyosyoCd=1162390169-00&ServiceCd=130&Type=search", "url2": "https://www.ej-welfare.jp/" }, "geometry": { "type": "Point", "coordinates": [ 139.617098, 35.7841812 ] } },
{ "type": "Feature", "properties": { "内容": "訪問看護ステーションあおい【訪問看護】和光市白子1-2-43大谷マンション405", "url": "https://www.kaigokensaku.mhlw.go.jp/11/index.php?action_kouhyou_detail_004_kani=true&JigyosyoCd=1162390219-00&ServiceCd=130&Type=search", "url2": null }, "geometry": { "type": "Point", "coordinates": [ 139.620684899999986, 35.7667973 ] } },
{ "type": "Feature", "properties": { "内容": "アイビー訪問看護ステーション【訪問看護】埼玉県新座市栄3-2-17", "url": "https://www.kaigokensaku.mhlw.go.jp/11/index.php?action_kouhyou_detail_004_kani=true&JigyosyoCd=1165190178-00&ServiceCd=130&Type=search", "url2": "https://aibi0624.com/" }, "geometry": { "type": "Point", "coordinates": [ 139.58288709814758, 35.777603828342365 ] } },
{ "type": "Feature", "properties": { "内容": "訪問看護ステーションささえーる【訪問看護】埼玉県新座市野寺5-3-37サニープレスキャッスルＡ102", "url": "https://www.kaigokensaku.mhlw.go.jp/11/index.php?action_kouhyou_detail_004_kani=true&JigyosyoCd=1165190186-00&ServiceCd=130&Type=search", "url2": "https://sasae-ru.net" }, "geometry": { "type": "Point", "coordinates": [ 139.5554277, 35.7585776 ] } },
{ "type": "Feature", "properties": { "内容": "黒翠訪問看護ステーション新座【訪問看護】埼玉県新座市東北二丁目２５番１１第二かきの木マンション２０３", "url": "https://www.kaigokensaku.mhlw.go.jp/11/index.php?action_kouhyou_detail_004_kani=true&JigyosyoCd=1165190277-00&ServiceCd=130&Type=search", "url2": "https://www.kokusuikai.jp" }, "geometry": { "type": "Point", "coordinates": [ 139.574692199999987, 35.8194398 ] } },
{ "type": "Feature", "properties": { "内容": "訪問看護ステーション　つくし【訪問看護】埼玉県新座市東北2-29-35ワイズプルミエ3階", "url": "https://www.kaigokensaku.mhlw.go.jp/11/index.php?action_kouhyou_detail_004_kani=true&JigyosyoCd=1165190020-00&ServiceCd=130&Type=search", "url2": "http://www.tmg-houmonkango.jp/tsukushi/" }, "geometry": { "type": "Point", "coordinates": [ 139.572254249351545, 35.820711976266445 ] } },
{ "type": "Feature", "properties": { "内容": "新座園訪問看護ステーション【訪問看護】埼玉県新座市野火止4-14-20", "url": "https://www.kaigokensaku.mhlw.go.jp/11/index.php?action_kouhyou_detail_004_kani=true&JigyosyoCd=1165190053-00&ServiceCd=130&Type=search", "url2": "http://www.jiseikai.or.jp/" }, "geometry": { "type": "Point", "coordinates": [ 139.552989499999967, 35.7994962 ] } },
{ "type": "Feature", "properties": { "内容": "訪問看護ステーションあおば【訪問看護】埼玉県新座市堀ノ内3-14-30", "url": "https://www.kaigokensaku.mhlw.go.jp/11/index.php?action_kouhyou_detail_004_kani=true&JigyosyoCd=1165190228-00&ServiceCd=130&Type=search", "url2": "https：//www.tmg-houmonkango.jp/aoba/" }, "geometry": { "type": "Point", "coordinates": [ 139.5547875, 35.7739863 ] } },
{ "type": "Feature", "properties": { "内容": "訪問看護ステーションみどり【訪問看護】埼玉県新座市堀ノ内2-9-31看護小規模多機能型居宅介護あい　２階", "url": "https://www.kaigokensaku.mhlw.go.jp/11/index.php?action_kouhyou_detail_004_kani=true&JigyosyoCd=1165190038-00&ServiceCd=130&Type=search", "url2": "http://www.horinouchi.or.jp" }, "geometry": { "type": "Point", "coordinates": [ 139.5572622, 35.771719300000015 ] } },
{ "type": "Feature", "properties": { "内容": "「和」訪問看護ステーション【訪問看護】埼玉県新座市あたご三丁目8番22-101", "url": "https://www.kaigokensaku.mhlw.go.jp/11/index.php?action_kouhyou_detail_004_kani=true&JigyosyoCd=1165190137-00&ServiceCd=130&Type=search", "url2": null }, "geometry": { "type": "Point", "coordinates": [ 139.540407844180351, 35.794223756011526 ] } },
{ "type": "Feature", "properties": { "内容": "訪問看護ステーションくれは【訪問看護】埼玉県新座市栗原5-12-6コーポエル１F", "url": "https://www.kaigokensaku.mhlw.go.jp/11/index.php?action_kouhyou_detail_004_kani=true&JigyosyoCd=1165190202-00&ServiceCd=130&Type=search", "url2": "https://medical-creative.co.jp/service/" }, "geometry": { "type": "Point", "coordinates": [ 139.547794910450705, 35.753815077271874 ] } },
{ "type": "Feature", "properties": { "内容": "ひかり訪問看護ステーション新座【訪問看護】埼玉県新座市馬場1－2－33SCビル1F", "url": "https://www.kaigokensaku.mhlw.go.jp/11/index.php?action_kouhyou_detail_004_kani=true&JigyosyoCd=1165190285-00&ServiceCd=130&Type=search", "url2": null }, "geometry": { "type": "Point", "coordinates": [ 139.5700153, 35.784708 ] } },
{ "type": "Feature", "properties": { "内容": "静風荘病院訪問看護ステーションひまわり【訪問看護】埼玉県新座堀ノ内1－2－22", "url": "https://www.kaigokensaku.mhlw.go.jp/11/index.php?action_kouhyou_detail_004_kani=true&JigyosyoCd=1165190111-00&ServiceCd=130&Type=search", "url2": "http://www.seifuso.or.jp" }, "geometry": { "type": "Point", "coordinates": [ 139.562061796196787, 35.778752182628914 ] } },
{ "type": "Feature", "properties": { "内容": "訪問看護ステーション「轍」わだち【訪問看護】野火止4-1-23ビル2F", "url": "https://www.kaigokensaku.mhlw.go.jp/11/index.php?action_kouhyou_detail_004_kani=true&JigyosyoCd=1165190251-00&ServiceCd=130&Type=search", "url2": "http://hp.kaipoke.biz/zub/" }, "geometry": { "type": "Point", "coordinates": [ 139.565269099999966, 35.794706400000017 ] } },
{ "type": "Feature", "properties": { "内容": "ロイヤルレジデンス新座【訪問看護】埼玉県新座市野火止7-4-55", "url": "https://www.kaigokensaku.mhlw.go.jp/11/index.php?action_kouhyou_detail_004_kani=true&JigyosyoCd=1165190129-00&ServiceCd=130&Type=search", "url2": "https://www.syasouken.com" }, "geometry": { "type": "Point", "coordinates": [ 139.5647119, 35.7988681 ] } },
{ "type": "Feature", "properties": { "内容": "桶川訪問看護ステーション【訪問看護】埼玉県桶川市若宮二丁目34番地1号中央グリーンパーク101号室", "url": "https://www.kaigokensaku.mhlw.go.jp/11/index.php?action_kouhyou_detail_004_kani=true&JigyosyoCd=1165290085-00&ServiceCd=130&Type=search", "url2": "https://okegawa-houmon-kango.amebaownd.com/" }, "geometry": { "type": "Point", "coordinates": [ 139.5670445, 35.9950846 ] } },
{ "type": "Feature", "properties": { "内容": "医療法人財団聖蹟会埼玉県央訪問看護ステーション【訪問看護】埼玉県桶川市坂田1726番地", "url": "https://www.kaigokensaku.mhlw.go.jp/11/index.php?action_kouhyou_detail_004_kani=true&JigyosyoCd=1165290077-00&ServiceCd=130&Type=search", "url2": null }, "geometry": { "type": "Point", "coordinates": [ 139.5609809, 36.0112239 ] } },
{ "type": "Feature", "properties": { "内容": "訪問看護ステーション　みやび【訪問看護】埼玉県桶川市川田谷２８８１－３", "url": "https://www.kaigokensaku.mhlw.go.jp/11/index.php?action_kouhyou_detail_004_kani=true&JigyosyoCd=1165290010-00&ServiceCd=130&Type=search", "url2": "https://miyabikangookegawa.crayonsite.net" }, "geometry": { "type": "Point", "coordinates": [ 139.530046299999981, 35.9910054 ] } },
{ "type": "Feature", "properties": { "内容": "訪問看護ステーション　ありがとう【訪問看護】埼玉県桶川市寿1-3-3", "url": "https://www.kaigokensaku.mhlw.go.jp/11/index.php?action_kouhyou_detail_004_kani=true&JigyosyoCd=1165290093-00&ServiceCd=130&Type=search", "url2": "https://sites.google.com/view/arigatoclinic" }, "geometry": { "type": "Point", "coordinates": [ 139.5620753, 36.0010209 ] } },
{ "type": "Feature", "properties": { "内容": "訪問看護ステーションおけがわ【訪問看護】埼玉県桶川市下日出谷日1丁目9番地2", "url": "https://www.kaigokensaku.mhlw.go.jp/11/index.php?action_kouhyou_detail_004_kani=true&JigyosyoCd=1165290101-00&ServiceCd=130&Type=search", "url2": null }, "geometry": { "type": "Point", "coordinates": [ 139.546457299999986, 35.9985955 ] } },
{ "type": "Feature", "properties": { "内容": "コンパス訪問看護南栗橋【訪問看護】久喜市南栗橋1丁目１番地5川村ビル1階", "url": "https://www.kaigokensaku.mhlw.go.jp/11/index.php?action_kouhyou_detail_004_kani=true&JigyosyoCd=1160990408-00&ServiceCd=130&Type=search", "url2": null }, "geometry": { "type": "Point", "coordinates": [ 139.713651, 36.1130769 ] } },
{ "type": "Feature", "properties": { "内容": "訪問看護ステーションかえで南栗橋弐番館【訪問看護】埼玉県久喜市南栗橋八丁目１番地３４号", "url": "https://www.kaigokensaku.mhlw.go.jp/11/index.php?action_kouhyou_detail_004_kani=true&JigyosyoCd=1160990416-00&ServiceCd=130&Type=search", "url2": null }, "geometry": { "type": "Point", "coordinates": [ 139.707603198468462, 36.112478935345592 ] } },
{ "type": "Feature", "properties": { "内容": "わしのみや訪問看護ステーション【訪問看護】久喜市鷲宮町鷲宮6丁目24番18号", "url": "https://www.kaigokensaku.mhlw.go.jp/11/index.php?action_kouhyou_detail_004_kani=true&JigyosyoCd=1161190057-00&ServiceCd=130&Type=search", "url2": null }, "geometry": { "type": "Point", "coordinates": [ 139.6662652, 36.0986415 ] } },
{ "type": "Feature", "properties": { "内容": "訪問看護ステーション　コスモス【訪問看護】埼玉県久喜市桜田2-1-2", "url": "https://www.kaigokensaku.mhlw.go.jp/11/index.php?action_kouhyou_detail_004_kani=true&JigyosyoCd=1161190081-00&ServiceCd=130&Type=search", "url2": "http://www.washinomiya-hsp.or.jp/" }, "geometry": { "type": "Point", "coordinates": [ 139.681313165155416, 36.09327668282473 ] } },
{ "type": "Feature", "properties": { "内容": "SOMPOケア　久喜　訪問看護【訪問看護】埼玉県久喜市久喜中央四丁目９番５０号第3三髙ビル204", "url": "https://www.kaigokensaku.mhlw.go.jp/11/index.php?action_kouhyou_detail_004_kani=true&JigyosyoCd=1160990358-00&ServiceCd=130&Type=search", "url2": "https://www.sompocare.com/service/zaitaku/kango/Z000886" }, "geometry": { "type": "Point", "coordinates": [ 139.674269, 36.0705485 ] } },
{ "type": "Feature", "properties": { "内容": "リハビリ看護センター　フロンティア【訪問看護】埼玉県久喜市栗原4-1-17", "url": "https://www.kaigokensaku.mhlw.go.jp/11/index.php?action_kouhyou_detail_004_kani=true&JigyosyoCd=1160990044-00&ServiceCd=130&Type=search", "url2": "http://www.frontier5.com" }, "geometry": { "type": "Point", "coordinates": [ 139.705840200000011, 36.0708475 ] } },
{ "type": "Feature", "properties": { "内容": "よすが訪問看護ステーション【訪問看護】埼玉県久喜市下早見５２４－１", "url": "https://www.kaigokensaku.mhlw.go.jp/11/index.php?action_kouhyou_detail_004_kani=true&JigyosyoCd=1160990077-00&ServiceCd=130&Type=search", "url2": "https://www.yosugacare.com" }, "geometry": { "type": "Point", "coordinates": [ 139.673051265081767, 36.056555811800514 ] } },
{ "type": "Feature", "properties": { "内容": "訪問看護ステーション　周【訪問看護】吉羽1-38-16", "url": "https://www.kaigokensaku.mhlw.go.jp/11/index.php?action_kouhyou_detail_004_kani=true&JigyosyoCd=1160990333-00&ServiceCd=130&Type=search", "url2": null }, "geometry": { "type": "Point", "coordinates": [ 139.6880864, 36.0658349 ] } },
{ "type": "Feature", "properties": { "内容": "訪問看護ステーション　心支【訪問看護】埼玉県久喜市本町6ｰ15ｰ12", "url": "https://www.kaigokensaku.mhlw.go.jp/11/index.php?action_kouhyou_detail_004_kani=true&JigyosyoCd=1160990341-00&ServiceCd=130&Type=search", "url2": "http://myplace-kcm.co.jp" }, "geometry": { "type": "Point", "coordinates": [ 139.665500101003715, 36.073443464972605 ] } },
{ "type": "Feature", "properties": { "内容": "るん訪問看護ステーション【訪問看護】埼玉県久喜市久喜東5丁目22番56号", "url": "https://www.kaigokensaku.mhlw.go.jp/11/index.php?action_kouhyou_detail_004_kani=true&JigyosyoCd=1160990390-00&ServiceCd=130&Type=search", "url2": null }, "geometry": { "type": "Point", "coordinates": [ 139.6789214, 36.057415900000038 ] } },
{ "type": "Feature", "properties": { "内容": "みらいち訪問看護ステーション【訪問看護】埼玉県久喜市江面491-1", "url": "https://www.kaigokensaku.mhlw.go.jp/11/index.php?action_kouhyou_detail_004_kani=true&JigyosyoCd=1160990432-00&ServiceCd=130&Type=search", "url2": null }, "geometry": { "type": "Point", "coordinates": [ 139.6575336, 36.0589983 ] } },
{ "type": "Feature", "properties": { "内容": "久喜市医師会訪問看護ステーションよろこび【訪問看護】埼玉県久喜市本町５丁目３番１９号", "url": "https://www.kaigokensaku.mhlw.go.jp/11/index.php?action_kouhyou_detail_004_kani=true&JigyosyoCd=1160990010-00&ServiceCd=130&Type=search", "url2": "http:／／ｗｗｗ．ｋｕｋｉ-ｉｓｈｉｋａｉ．ｃｏｍ／ｉｎｄｅｘ-ｓｈｉｔｅｉ．ｈｔｍｌ" }, "geometry": { "type": "Point", "coordinates": [ 139.665287799999987, 36.070422 ] } },
{ "type": "Feature", "properties": { "内容": "訪問看護ステーションアンバーマイン【訪問看護】久喜北1丁目12-9キャンパスセブン102", "url": "https://www.kaigokensaku.mhlw.go.jp/11/index.php?action_kouhyou_detail_004_kani=true&JigyosyoCd=1160990424-00&ServiceCd=130&Type=search", "url2": null }, "geometry": { "type": "Point", "coordinates": [ 139.6754201, 36.0745368 ] } },
{ "type": "Feature", "properties": { "内容": "ケアメディカル訪問看護事業所【訪問看護】埼玉県北本市深井1丁目32-1ケアガーデン北本深井", "url": "https://www.kaigokensaku.mhlw.go.jp/11/index.php?action_kouhyou_detail_004_kani=true&JigyosyoCd=1165390083-00&ServiceCd=130&Type=search", "url2": "https://care-medical.co.jp/" }, "geometry": { "type": "Point", "coordinates": [ 139.5225906, 36.0462384 ] } },
{ "type": "Feature", "properties": { "内容": "一般社団法人桶川北本伊奈地区医師会訪問看護ステーション【訪問看護】埼玉県北本市二ツ家3-183", "url": "https://www.kaigokensaku.mhlw.go.jp/11/index.php?action_kouhyou_detail_004_kani=true&JigyosyoCd=1165390018-00&ServiceCd=130&Type=search", "url2": "http://www.houmonkango.com" }, "geometry": { "type": "Point", "coordinates": [ 139.554534399999966, 36.01153510000001 ] } },
{ "type": "Feature", "properties": { "内容": "訪問看護ステーションリボーン埼玉【訪問看護】埼玉県北本市中丸４丁目66-1プランドール北本205号室", "url": "https://www.kaigokensaku.mhlw.go.jp/11/index.php?action_kouhyou_detail_004_kani=true&JigyosyoCd=1165390133-00&ServiceCd=130&Type=search", "url2": null }, "geometry": { "type": "Point", "coordinates": [ 139.5496496, 36.0253732 ] } },
{ "type": "Feature", "properties": { "内容": "彩のきたもと訪問看護ステーション【訪問看護】埼玉県北本市本宿5-82-1ダイワビル北本3‐A", "url": "https://www.kaigokensaku.mhlw.go.jp/11/index.php?action_kouhyou_detail_004_kani=true&JigyosyoCd=1165390166-00&ServiceCd=130&Type=search", "url2": "https://sai-jp.com" }, "geometry": { "type": "Point", "coordinates": [ 139.5450648, 36.0297309 ] } },
{ "type": "Feature", "properties": { "内容": "ゆうゆうケア訪問看護ステーション【訪問看護】埼玉県北本市東間６－１３１", "url": "https://www.kaigokensaku.mhlw.go.jp/11/index.php?action_kouhyou_detail_004_kani=true&JigyosyoCd=1165390026-00&ServiceCd=130&Type=search", "url2": "yuyucare.jp" }, "geometry": { "type": "Point", "coordinates": [ 139.530013300000064, 36.0405667 ] } },
{ "type": "Feature", "properties": { "内容": "かたゆり訪問看護ステーション【訪問看護】埼玉県北本市中丸4-123-5", "url": "https://www.kaigokensaku.mhlw.go.jp/11/index.php?action_kouhyou_detail_004_kani=true&JigyosyoCd=1165390158-00&ServiceCd=130&Type=search", "url2": "https://katayuri.jp/" }, "geometry": { "type": "Point", "coordinates": [ 139.5502172, 36.022711 ] } },
{ "type": "Feature", "properties": { "内容": "訪問看護ステーションいつき八潮【訪問看護】埼玉県八潮市八潮6丁目12-1", "url": "https://www.kaigokensaku.mhlw.go.jp/11/index.php?action_kouhyou_detail_004_kani=true&JigyosyoCd=1161090091-00&ServiceCd=130&Type=search", "url2": "https://heartvillage.co.jp" }, "geometry": { "type": "Point", "coordinates": [ 139.8343544, 35.8123721 ] } },
{ "type": "Feature", "properties": { "内容": "あさひ訪問看護ステーション【訪問看護】埼玉県八潮市八潮四丁目８番地４ホーミープレイスＡ－１０２号室", "url": "https://www.kaigokensaku.mhlw.go.jp/11/index.php?action_kouhyou_detail_004_kani=true&JigyosyoCd=1161090042-00&ServiceCd=130&Type=search", "url2": "https://laconfianceco.wixsite.com/asahi" }, "geometry": { "type": "Point", "coordinates": [ 139.840887347221383, 35.811320823808792 ] } },
{ "type": "Feature", "properties": { "内容": "八潮中央訪問看護ステーション【訪問看護】埼玉県八潮市南川崎722番地1", "url": "https://www.kaigokensaku.mhlw.go.jp/11/index.php?action_kouhyou_detail_004_kani=true&JigyosyoCd=1161090034-00&ServiceCd=130&Type=search", "url2": "https://yashio-cgh.jp/visitor/visit.php" }, "geometry": { "type": "Point", "coordinates": [ 139.8528853, 35.8138144 ] } },
{ "type": "Feature", "properties": { "内容": "地域生活訪問看護えん【訪問看護】西みずほ台1-4-8リュバンドールⅡ102号室", "url": "https://www.kaigokensaku.mhlw.go.jp/11/index.php?action_kouhyou_detail_004_kani=true&JigyosyoCd=1162990190-00&ServiceCd=130&Type=search", "url2": "http://www.aoiito.com/" }, "geometry": { "type": "Point", "coordinates": [ 139.5483074, 35.8391475 ] } },
{ "type": "Feature", "properties": { "内容": "ライフケア訪問看護リハビリステーションふじみ【訪問看護】埼玉県富士見市東みずほ台2-5-6マロンストリームⅡ105号", "url": "https://www.kaigokensaku.mhlw.go.jp/11/index.php?action_kouhyou_detail_004_kani=true&JigyosyoCd=1162990117-00&ServiceCd=130&Type=search", "url2": "https://jc-innovation.net/" }, "geometry": { "type": "Point", "coordinates": [ 139.550099499999988, 35.8402134 ] } },
{ "type": "Feature", "properties": { "内容": "けやき訪問看護ステーション【訪問看護】埼玉県富士見市羽沢2-16-7", "url": "https://www.kaigokensaku.mhlw.go.jp/11/index.php?action_kouhyou_detail_004_kani=true&JigyosyoCd=1162990182-00&ServiceCd=130&Type=search", "url2": null }, "geometry": { "type": "Point", "coordinates": [ 139.534680299999962, 35.8542652 ] } },
{ "type": "Feature", "properties": { "内容": "かいしん会　訪問ナースステーション　わたぼうし【訪問看護】埼玉県富士見市大字勝瀬７３９番地１ますなが医院", "url": "https://www.kaigokensaku.mhlw.go.jp/11/index.php?action_kouhyou_detail_004_kani=true&JigyosyoCd=1162990109-00&ServiceCd=130&Type=search", "url2": "http://masunaga-clinic.com/wataboushi.html" }, "geometry": { "type": "Point", "coordinates": [ 139.535921599999938, 35.8637546 ] } },
{ "type": "Feature", "properties": { "内容": "医療法人さくら　ふじさくら訪問看護ステーション【訪問看護】埼玉県富士見市水谷東一丁目28番1号", "url": "https://www.kaigokensaku.mhlw.go.jp/11/index.php?action_kouhyou_detail_004_kani=true&JigyosyoCd=1162990125-00&ServiceCd=130&Type=search", "url2": "http://www.sakurakinen.jp/" }, "geometry": { "type": "Point", "coordinates": [ 139.57008221097567, 35.841928074040055 ] } },
{ "type": "Feature", "properties": { "内容": "きらめき訪問看護リハビリステーション　ふじみ野事業所【訪問看護】埼玉県富士見市ふじみ野西4-10-7富士見第７ビル3-B", "url": "https://www.kaigokensaku.mhlw.go.jp/11/index.php?action_kouhyou_detail_004_kani=true&JigyosyoCd=1162990208-00&ServiceCd=130&Type=search", "url2": "https://wellbe-holdings.com/" }, "geometry": { "type": "Point", "coordinates": [ 139.5167424, 35.8572938 ] } },
{ "type": "Feature", "properties": { "内容": "富士見訪問看護ステーションほほえみ【訪問看護】富士見市貝塚2-20-6", "url": "https://www.kaigokensaku.mhlw.go.jp/11/index.php?action_kouhyou_detail_004_kani=true&JigyosyoCd=1162990067-00&ServiceCd=130&Type=search", "url2": "https://sites.google.com/view/fjm-hohoemi" }, "geometry": { "type": "Point", "coordinates": [ 139.564181400000052, 35.8468461 ] } },
{ "type": "Feature", "properties": { "内容": "訪問看護にじいろ【訪問看護】埼玉県富士見市鶴瀬西3-14-4", "url": "https://www.kaigokensaku.mhlw.go.jp/11/index.php?action_kouhyou_detail_004_kani=true&JigyosyoCd=1162990216-00&ServiceCd=130&Type=search", "url2": null }, "geometry": { "type": "Point", "coordinates": [ 139.531098899999989, 35.8474854 ] } },
{ "type": "Feature", "properties": { "内容": "訪問看護ファミリー・ホスピス富士見【訪問看護】埼玉県富士見市渡戸2丁目5番46号", "url": "https://www.kaigokensaku.mhlw.go.jp/11/index.php?action_kouhyou_detail_004_kani=true&JigyosyoCd=1162990224-00&ServiceCd=130&Type=search", "url2": "http://family-hospice.co.jp" }, "geometry": { "type": "Point", "coordinates": [ 139.5365912, 35.8601091 ] } },
{ "type": "Feature", "properties": { "内容": "訪問看護ステーション縁【訪問看護】埼玉県富士見市関沢1-4-14", "url": "https://www.kaigokensaku.mhlw.go.jp/11/index.php?action_kouhyou_detail_004_kani=true&JigyosyoCd=1162990232-00&ServiceCd=130&Type=search", "url2": null }, "geometry": { "type": "Point", "coordinates": [ 139.5440702, 35.844132 ] } },
{ "type": "Feature", "properties": { "内容": "訪問看護ステーションLamp【訪問看護】埼玉県三郷市早稲田３丁目１番地８ティアラ三郷１０３号室", "url": "https://www.kaigokensaku.mhlw.go.jp/11/index.php?action_kouhyou_detail_004_kani=true&JigyosyoCd=1161290246-00&ServiceCd=130&Type=search", "url2": null }, "geometry": { "type": "Point", "coordinates": [ 139.8857, 35.8503004 ] } },
{ "type": "Feature", "properties": { "内容": "はる訪問看護ステーション【訪問看護】鷹野3-265-3", "url": "https://www.kaigokensaku.mhlw.go.jp/11/index.php?action_kouhyou_detail_004_kani=true&JigyosyoCd=1161290204-00&ServiceCd=130&Type=search", "url2": "https://www.haru-houkan.info" }, "geometry": { "type": "Point", "coordinates": [ 139.880636861696956, 35.803365044990102 ] } },
{ "type": "Feature", "properties": { "内容": "ドットライフ三郷駅前（訪問看護・リハビリ）【訪問看護】埼玉県三郷市三郷1-1-10徳重ビル303", "url": "https://www.kaigokensaku.mhlw.go.jp/11/index.php?action_kouhyou_detail_004_kani=true&JigyosyoCd=1161290261-00&ServiceCd=130&Type=search", "url2": null }, "geometry": { "type": "Point", "coordinates": [ 139.886049899999989, 35.8444174 ] } },
{ "type": "Feature", "properties": { "内容": "アスカ訪問看護ステーション【訪問看護】埼玉県三郷市戸ヶ崎1-224-2", "url": "https://www.kaigokensaku.mhlw.go.jp/11/index.php?action_kouhyou_detail_004_kani=true&JigyosyoCd=1161290188-00&ServiceCd=130&Type=search", "url2": "https://www.assc.co.jp/" }, "geometry": { "type": "Point", "coordinates": [ 139.865564299999988, 35.8075323 ] } },
{ "type": "Feature", "properties": { "内容": "訪問リハビリ看護ステーション　純誠会【訪問看護】早稲田2－17－16２F", "url": "https://www.kaigokensaku.mhlw.go.jp/11/index.php?action_kouhyou_detail_004_kani=true&JigyosyoCd=1161290139-00&ServiceCd=130&Type=search", "url2": "info@junseikai.com" }, "geometry": { "type": "Point", "coordinates": [ 139.884395400000045, 35.8488274 ] } },
{ "type": "Feature", "properties": { "内容": "訪問看護ひまわり【訪問看護】埼玉県三郷市新和5－161－1ルミエール田中A102", "url": "https://www.kaigokensaku.mhlw.go.jp/11/index.php?action_kouhyou_detail_004_kani=true&JigyosyoCd=1161290253-00&ServiceCd=130&Type=search", "url2": "https://green070411.studio.site/" }, "geometry": { "type": "Point", "coordinates": [ 139.8835602, 35.8101746 ] } },
{ "type": "Feature", "properties": { "内容": "訪問看護ステーション早稲田【訪問看護】埼玉県三郷市田中新田273-1　みさと協立病院内1Ｆ", "url": "https://www.kaigokensaku.mhlw.go.jp/11/index.php?action_kouhyou_detail_004_kani=true&JigyosyoCd=1161290055-00&ServiceCd=130&Type=search", "url2": "http://www.tokyo-kinikai.com" }, "geometry": { "type": "Point", "coordinates": [ 139.894400499999961, 35.8626293 ] } },
{ "type": "Feature", "properties": { "内容": "アカシア訪問看護ステーション【訪問看護】三郷市早稲田三丁目27番地９　Ａ-102パークサイド", "url": "https://www.kaigokensaku.mhlw.go.jp/11/index.php?action_kouhyou_detail_004_kani=true&JigyosyoCd=1161290097-00&ServiceCd=130&Type=search", "url2": null }, "geometry": { "type": "Point", "coordinates": [ 139.8884809, 35.8532657 ] } },
{ "type": "Feature", "properties": { "内容": "三愛会ロイヤル訪問看護ステーション【訪問看護】埼玉県三郷市彦成3-7-20管理棟2階", "url": "https://www.kaigokensaku.mhlw.go.jp/11/index.php?action_kouhyou_detail_004_kani=true&JigyosyoCd=1161290105-00&ServiceCd=130&Type=search", "url2": "http://www.ims.gr.jp/sanaikai/patient/homeh.html" }, "geometry": { "type": "Point", "coordinates": [ 139.858519699999988, 35.8562066 ] } },
{ "type": "Feature", "properties": { "内容": "みさと南訪問看護ステーション【訪問看護】埼玉県三郷市鷹野5-516-1　2階", "url": "https://www.kaigokensaku.mhlw.go.jp/11/index.php?action_kouhyou_detail_004_kani=true&JigyosyoCd=1161290014-00&ServiceCd=130&Type=search", "url2": "misatominami@kenwa.or.jp" }, "geometry": { "type": "Point", "coordinates": [ 139.868775899999946, 35.8054802 ] } },
{ "type": "Feature", "properties": { "内容": "新みさと訪問看護ステーション【訪問看護】埼玉県三郷市采女1-76新みさと共同会館・２階", "url": "https://www.kaigokensaku.mhlw.go.jp/11/index.php?action_kouhyou_detail_004_kani=true&JigyosyoCd=1161290022-00&ServiceCd=130&Type=search", "url2": "http://kenwa-houmon.com/" }, "geometry": { "type": "Point", "coordinates": [ 139.863905299999942, 35.8571565 ] } },
{ "type": "Feature", "properties": { "内容": "訪問看護ゆいちご【訪問看護】埼玉県三郷市高州3-458-2ロイヤルシャトレー1F", "url": "https://www.kaigokensaku.mhlw.go.jp/11/index.php?action_kouhyou_detail_004_kani=true&JigyosyoCd=1161290196-00&ServiceCd=130&Type=search", "url2": "https://lagom-kango.com/yuichigo/" }, "geometry": { "type": "Point", "coordinates": [ 139.8808723, 35.7834337 ] } },
{ "type": "Feature", "properties": { "内容": "三郷市医師会立訪問看護ステーション【訪問看護】埼玉県三郷市谷口５４４　市保健センター分室内", "url": "https://www.kaigokensaku.mhlw.go.jp/11/index.php?action_kouhyou_detail_004_kani=true&JigyosyoCd=1161290071-00&ServiceCd=130&Type=search", "url2": null }, "geometry": { "type": "Point", "coordinates": [ 139.872619399999962, 35.826483 ] } },
{ "type": "Feature", "properties": { "内容": "有限会社　仁【訪問看護】三郷市彦成2-336難病ケアハウス仁", "url": "https://www.kaigokensaku.mhlw.go.jp/11/index.php?action_kouhyou_detail_004_kani=true&JigyosyoCd=1161290089-00&ServiceCd=130&Type=search", "url2": "http://www.miyako-group.jp" }, "geometry": { "type": "Point", "coordinates": [ 139.852398099999959, 35.8541623 ] } },
{ "type": "Feature", "properties": { "内容": "訪問看護ステーション　お結【訪問看護】埼玉県三郷市早稲田1-18-5サンクラスター三郷105号室", "url": "https://www.kaigokensaku.mhlw.go.jp/11/index.php?action_kouhyou_detail_004_kani=true&JigyosyoCd=1161290220-00&ServiceCd=130&Type=search", "url2": "https://kindcare24.com" }, "geometry": { "type": "Point", "coordinates": [ 139.8854417, 35.8493892 ] } },
{ "type": "Feature", "properties": { "内容": "ユアーズ訪問看護リハビリステーション三郷【訪問看護】埼玉県三郷市三郷1-30-10", "url": "https://www.kaigokensaku.mhlw.go.jp/11/index.php?action_kouhyou_detail_004_kani=true&JigyosyoCd=1161290121-00&ServiceCd=130&Type=search", "url2": "http://www.yours-kango.com/" }, "geometry": { "type": "Point", "coordinates": [ 139.883269, 35.8413159 ] } },
{ "type": "Feature", "properties": { "内容": "訪問看護ステーション絆【訪問看護】埼玉県三郷市早稲田4-27-3", "url": "https://www.kaigokensaku.mhlw.go.jp/11/index.php?action_kouhyou_detail_004_kani=true&JigyosyoCd=1161290279-00&ServiceCd=130&Type=search", "url2": null }, "geometry": { "type": "Point", "coordinates": [ 139.879439499999989, 35.853903 ] } },
{ "type": "Feature", "properties": { "内容": "合同会社カルペ・ディエム【訪問看護】埼玉県三郷市さつき平二丁目3番1-809号", "url": "https://www.kaigokensaku.mhlw.go.jp/11/index.php?action_kouhyou_detail_004_kani=true&JigyosyoCd=1161290170-00&ServiceCd=130&Type=search", "url2": "http//:www.houmon-ima.com" }, "geometry": { "type": "Point", "coordinates": [ 139.866145171163936, 35.851300867343681 ] } },
{ "type": "Feature", "properties": { "内容": "よつば訪問看護リハビリステーション【訪問看護】埼玉県蓮田市馬込2163蓮田よつば病院内", "url": "https://www.kaigokensaku.mhlw.go.jp/11/index.php?action_kouhyou_detail_004_kani=true&JigyosyoCd=1165790068-00&ServiceCd=130&Type=search", "url2": "yotuba@hasuda428.com" }, "geometry": { "type": "Point", "coordinates": [ 139.652827044596251, 35.966628975982566 ] } },
{ "type": "Feature", "properties": { "内容": "独立行政法人国立病院機構東埼玉病院　訪問看護ステーション　雅楽谷の森【訪問看護】埼玉県蓮田市黒浜4147", "url": "https://www.kaigokensaku.mhlw.go.jp/11/index.php?action_kouhyou_detail_004_kani=true&JigyosyoCd=1165790076-00&ServiceCd=130&Type=search", "url2": null }, "geometry": { "type": "Point", "coordinates": [ 139.676376399999981, 35.9973036 ] } },
{ "type": "Feature", "properties": { "内容": "みどり訪問看護ステーション【訪問看護】埼玉県蓮田市馬込一丁目308番地ドムス壱番館103号室", "url": "https://www.kaigokensaku.mhlw.go.jp/11/index.php?action_kouhyou_detail_004_kani=true&JigyosyoCd=1165790126-00&ServiceCd=130&Type=search", "url2": "https://midori-houkan.com/" }, "geometry": { "type": "Point", "coordinates": [ 139.6561897, 35.9750637 ] } },
{ "type": "Feature", "properties": { "内容": "医療法人社団愛友会　訪問看護ステーションブルーベル【訪問看護】埼玉県蓮田市本町3-17", "url": "https://www.kaigokensaku.mhlw.go.jp/11/index.php?action_kouhyou_detail_004_kani=true&JigyosyoCd=1165790084-00&ServiceCd=130&Type=search", "url2": "http://www.achs.jp/section/nursingteam/visit/station/blue_bell/" }, "geometry": { "type": "Point", "coordinates": [ 139.651796900000022, 35.9806641 ] } },
{ "type": "Feature", "properties": { "内容": "コスモ訪問看護リハビリステーション蓮田【訪問看護】埼玉県蓮田市東５－８－２８", "url": "https://www.kaigokensaku.mhlw.go.jp/11/index.php?action_kouhyou_detail_004_kani=true&JigyosyoCd=1165790043-00&ServiceCd=130&Type=search", "url2": "http://cosmonurse.jp" }, "geometry": { "type": "Point", "coordinates": [ 139.655899399999953, 35.9783563 ] } },
{ "type": "Feature", "properties": { "内容": "花あかり【訪問看護】埼玉県蓮田市江ヶ崎1964-146", "url": "https://www.kaigokensaku.mhlw.go.jp/11/index.php?action_kouhyou_detail_004_kani=true&JigyosyoCd=1165790027-00&ServiceCd=130&Type=search", "url2": "http://hanaakari.co.jp/index.html" }, "geometry": { "type": "Point", "coordinates": [ 139.6861002, 35.9970068 ] } },
{ "type": "Feature", "properties": { "内容": "えふ訪問看護【訪問看護】蓮田市蓮田３丁目８４－２マンション勝１０２号室", "url": "https://www.kaigokensaku.mhlw.go.jp/11/index.php?action_kouhyou_detail_004_kani=true&JigyosyoCd=1165790100-00&ServiceCd=130&Type=search", "url2": "http://www.efu-smile.jp/" }, "geometry": { "type": "Point", "coordinates": [ 139.6508844, 35.9733798 ] } },
{ "type": "Feature", "properties": { "内容": "訪問看護ステーション　ラボリ【訪問看護】埼玉県坂戸市日の出町31-8サンライズプラザA203", "url": "https://www.kaigokensaku.mhlw.go.jp/11/index.php?action_kouhyou_detail_004_kani=true&JigyosyoCd=1166090179-00&ServiceCd=130&Type=search", "url2": "http://labori-saitama.com" }, "geometry": { "type": "Point", "coordinates": [ 139.394249800000011, 35.9591373 ] } },
{ "type": "Feature", "properties": { "内容": "訪問看護ステーションにじ色ランプ【訪問看護】埼玉県坂戸市南町８番１０号ヴァンテアンビル１０３号室", "url": "https://www.kaigokensaku.mhlw.go.jp/11/index.php?action_kouhyou_detail_004_kani=true&JigyosyoCd=1166090138-00&ServiceCd=130&Type=search", "url2": null }, "geometry": { "type": "Point", "coordinates": [ 139.395209200000011, 35.9536481 ] } },
{ "type": "Feature", "properties": { "内容": "訪問看護ステーション暖輪【訪問看護】埼玉県坂戸市芦山町７－９芦山ハイツ２０３号室", "url": "https://www.kaigokensaku.mhlw.go.jp/11/index.php?action_kouhyou_detail_004_kani=true&JigyosyoCd=1166090161-00&ServiceCd=130&Type=search", "url2": "https://roman.co.jp" }, "geometry": { "type": "Point", "coordinates": [ 139.3997195, 35.9730295 ] } },
{ "type": "Feature", "properties": { "内容": "一般社団法人　坂戸鶴ヶ島医師会立訪問看護ステーションさつき【訪問看護】埼玉県坂戸市大字石井２３２７－５", "url": "https://www.kaigokensaku.mhlw.go.jp/11/index.php?action_kouhyou_detail_004_kani=true&JigyosyoCd=1166090039-00&ServiceCd=130&Type=search", "url2": "http://www.sayama.ne.jp/saka-turu-med/" }, "geometry": { "type": "Point", "coordinates": [ 139.408049300000016, 35.9680458 ] } },
{ "type": "Feature", "properties": { "内容": "角栄訪問看護ステーションあかり【訪問看護】埼玉県坂戸市西坂戸4丁目23番1号", "url": "https://www.kaigokensaku.mhlw.go.jp/11/index.php?action_kouhyou_detail_004_kani=true&JigyosyoCd=1166090096-00&ServiceCd=130&Type=search", "url2": "http://kakuei-group.com/service/kango/" }, "geometry": { "type": "Point", "coordinates": [ 139.329672117196679, 35.92852577270309 ] } },
{ "type": "Feature", "properties": { "内容": "しあわせ生活　北坂戸訪問看護ステーション【訪問看護】埼玉県坂戸市薬師町1-1北坂戸駅前ハイツ2号棟104号", "url": "https://www.kaigokensaku.mhlw.go.jp/11/index.php?action_kouhyou_detail_004_kani=true&JigyosyoCd=1166090054-00&ServiceCd=130&Type=search", "url2": "https://www.happylife-care.com/" }, "geometry": { "type": "Point", "coordinates": [ 139.397988131282773, 35.9716543775994 ] } },
{ "type": "Feature", "properties": { "内容": "関越訪問看護ステーションたんぽぽ【訪問看護】埼玉県坂戸市南町13-21", "url": "https://www.kaigokensaku.mhlw.go.jp/11/index.php?action_kouhyou_detail_004_kani=true&JigyosyoCd=1166090112-00&ServiceCd=130&Type=search", "url2": "http://www.kan-etsu-hp-.ne.jp/" }, "geometry": { "type": "Point", "coordinates": [ 139.3942955, 35.956087 ] } },
{ "type": "Feature", "properties": { "内容": "訪問看護ステーションさくら【訪問看護】坂戸市末広町5-1シャンボールビル103号", "url": "https://www.kaigokensaku.mhlw.go.jp/11/index.php?action_kouhyou_detail_004_kani=true&JigyosyoCd=1166090021-00&ServiceCd=130&Type=search", "url2": "https://syujinkai.com/" }, "geometry": { "type": "Point", "coordinates": [ 139.395648299999948, 35.9742617 ] } },
{ "type": "Feature", "properties": { "内容": "株式会社anzu　はる訪問看護【訪問看護】埼玉県坂戸市伊豆の山町22-17友田ビル201", "url": "https://www.kaigokensaku.mhlw.go.jp/11/index.php?action_kouhyou_detail_004_kani=true&JigyosyoCd=1166090120-00&ServiceCd=130&Type=search", "url2": null }, "geometry": { "type": "Point", "coordinates": [ 139.3936966, 35.975227 ] } },
{ "type": "Feature", "properties": { "内容": "医療法人社団薫風会　訪問看護ステーションみのる【訪問看護】坂戸市薬師町15番地6坂戸内科医院", "url": "https://www.kaigokensaku.mhlw.go.jp/11/index.php?action_kouhyou_detail_004_kani=true&JigyosyoCd=1166090047-00&ServiceCd=130&Type=search", "url2": null }, "geometry": { "type": "Point", "coordinates": [ 139.40024219999998, 35.9693762 ] } },
{ "type": "Feature", "properties": { "内容": "訪問看護ステーション絆【訪問看護】薬師町22-1第2丸友ビル209", "url": "https://www.kaigokensaku.mhlw.go.jp/11/index.php?action_kouhyou_detail_004_kani=true&JigyosyoCd=1166090195-00&ServiceCd=130&Type=search", "url2": null }, "geometry": { "type": "Point", "coordinates": [ 139.400565699999987, 35.9682619 ] } },
{ "type": "Feature", "properties": { "内容": "訪問看護事業所MOI【訪問看護】埼玉県坂戸市南町7-12F", "url": "https://www.kaigokensaku.mhlw.go.jp/11/index.php?action_kouhyou_detail_004_kani=true&JigyosyoCd=1166090187-00&ServiceCd=130&Type=search", "url2": "https://3speace.com/" }, "geometry": { "type": "Point", "coordinates": [ 139.39404780000001, 35.953377 ] } },
{ "type": "Feature", "properties": { "内容": "ケアーズ訪問看護リハビリステーションさかど【訪問看護】埼玉県坂戸市本町13-33セントラルヒルズ107号室", "url": "https://www.kaigokensaku.mhlw.go.jp/11/index.php?action_kouhyou_detail_004_kani=true&JigyosyoCd=1166090062-00&ServiceCd=130&Type=search", "url2": null }, "geometry": { "type": "Point", "coordinates": [ 139.398550600000021, 35.9605387 ] } },
{ "type": "Feature", "properties": { "内容": "訪問看護ステーションスリー幸手【訪問看護】中3-4-27コスモコーポ103号室", "url": "https://www.kaigokensaku.mhlw.go.jp/11/index.php?action_kouhyou_detail_004_kani=true&JigyosyoCd=1166190086-00&ServiceCd=130&Type=search", "url2": "埼玉県幸手市中3-4-27コスモコーポ103号室" }, "geometry": { "type": "Point", "coordinates": [ 139.723249, 36.078752 ] } },
{ "type": "Feature", "properties": { "内容": "ときわ訪問看護ステーション【訪問看護】埼玉県幸手市大字西関宿328番地5", "url": "https://www.kaigokensaku.mhlw.go.jp/11/index.php?action_kouhyou_detail_004_kani=true&JigyosyoCd=1166190094-00&ServiceCd=130&Type=search", "url2": null }, "geometry": { "type": "Point", "coordinates": [ 139.774801245368934, 36.089698108126896 ] } },
{ "type": "Feature", "properties": { "内容": "訪問看護ステーション　あすなろ幸手【訪問看護】埼玉県幸手市南3－9－5", "url": "https://www.kaigokensaku.mhlw.go.jp/11/index.php?action_kouhyou_detail_004_kani=true&JigyosyoCd=1166190045-00&ServiceCd=130&Type=search", "url2": null }, "geometry": { "type": "Point", "coordinates": [ 139.712802, 36.0716274 ] } },
{ "type": "Feature", "properties": { "内容": "ＪＭＡ東埼玉訪問看護ステーション【訪問看護】埼玉県幸手市吉野517-5", "url": "https://www.kaigokensaku.mhlw.go.jp/11/index.php?action_kouhyou_detail_004_kani=true&JigyosyoCd=1161190016-00&ServiceCd=130&Type=search", "url2": "http://www.jinai.jp/" }, "geometry": { "type": "Point", "coordinates": [ 139.723624952023329, 36.053868237864897 ] } },
{ "type": "Feature", "properties": { "内容": "訪問看護ステーション　結笑【訪問看護】埼玉県幸手市東5丁目8番28号SHOEI幸手ビル1階", "url": "https://www.kaigokensaku.mhlw.go.jp/11/index.php?action_kouhyou_detail_004_kani=true&JigyosyoCd=1166190078-00&ServiceCd=130&Type=search", "url2": "https://www.holomua-yue.com" }, "geometry": { "type": "Point", "coordinates": [ 139.7266945, 36.0789777 ] } },
{ "type": "Feature", "properties": { "内容": "だいだい訪問看護リハビリステーション【訪問看護】埼玉県幸手市中4-17-18", "url": "https://www.kaigokensaku.mhlw.go.jp/11/index.php?action_kouhyou_detail_004_kani=true&JigyosyoCd=1166190052-00&ServiceCd=130&Type=search", "url2": "https://daidai-houkan.com/" }, "geometry": { "type": "Point", "coordinates": [ 139.719960500000013, 36.0795899 ] } },
{ "type": "Feature", "properties": { "内容": "訪問看護ステーションこころ【訪問看護】富士見2-17-22", "url": "https://www.kaigokensaku.mhlw.go.jp/11/index.php?action_kouhyou_detail_004_kani=true&JigyosyoCd=1166290191-00&ServiceCd=130&Type=search", "url2": "https://www.kokoro.or.jp/kokoro/" }, "geometry": { "type": "Point", "coordinates": [ 139.7407009, 35.695244 ] } },
{ "type": "Feature", "properties": { "内容": "訪問看護ステーションウェルビー鶴ヶ島【訪問看護】埼玉県鶴ヶ島市上広谷383-1", "url": "https://www.kaigokensaku.mhlw.go.jp/11/index.php?action_kouhyou_detail_004_kani=true&JigyosyoCd=1166290183-00&ServiceCd=130&Type=search", "url2": "https://welbe-nursing.co.jp" }, "geometry": { "type": "Point", "coordinates": [ 139.4200266, 35.9391877 ] } },
{ "type": "Feature", "properties": { "内容": "訪問看護ゆう【訪問看護】埼玉県鶴ヶ島市藤金865番地8", "url": "https://www.kaigokensaku.mhlw.go.jp/11/index.php?action_kouhyou_detail_004_kani=true&JigyosyoCd=1166290175-00&ServiceCd=130&Type=search", "url2": null }, "geometry": { "type": "Point", "coordinates": [ 139.4031354, 35.9475633 ] } },
{ "type": "Feature", "properties": { "内容": "訪問看護ステーションsugao【訪問看護】埼玉県鶴ヶ島市大字藤金116-93", "url": "https://www.kaigokensaku.mhlw.go.jp/11/index.php?action_kouhyou_detail_004_kani=true&JigyosyoCd=1166290209-00&ServiceCd=130&Type=search", "url2": null }, "geometry": { "type": "Point", "coordinates": [ 139.407119664418019, 35.9346507 ] } },
{ "type": "Feature", "properties": { "内容": "カナオ訪問看護リハビリステーション鶴ヶ島【訪問看護】鶴ヶ島市上広谷438-10", "url": "https://www.kaigokensaku.mhlw.go.jp/11/index.php?action_kouhyou_detail_004_kani=true&JigyosyoCd=1166290050-00&ServiceCd=130&Type=search", "url2": "http://www.kanao.jp/" }, "geometry": { "type": "Point", "coordinates": [ 139.417946315344238, 35.943473359202656 ] } },
{ "type": "Feature", "properties": { "内容": "訪問看護ステーション　トータルケア鶴ヶ島【訪問看護】埼玉県鶴ヶ島市脚折1966-1", "url": "https://www.kaigokensaku.mhlw.go.jp/11/index.php?action_kouhyou_detail_004_kani=true&JigyosyoCd=1166290159-00&ServiceCd=130&Type=search", "url2": "https://lecaldo.co.jp/total-care-tsurugashima/" }, "geometry": { "type": "Point", "coordinates": [ 139.3853339, 35.9388207 ] } },
{ "type": "Feature", "properties": { "内容": "コルア訪問看護ステーション【訪問看護】埼玉県鶴ヶ島市松ヶ丘1丁目1－3", "url": "https://www.kaigokensaku.mhlw.go.jp/11/index.php?action_kouhyou_detail_004_kani=true&JigyosyoCd=1166290076-00&ServiceCd=130&Type=search", "url2": "https://korua.net/" }, "geometry": { "type": "Point", "coordinates": [ 139.417151800000056, 35.9297261 ] } },
{ "type": "Feature", "properties": { "内容": "鶴ヶ島訪問看護ステーションピアラボ【訪問看護】埼玉県鶴ヶ島市脚折町4-16-13フラン・グラース101号", "url": "https://www.kaigokensaku.mhlw.go.jp/11/index.php?action_kouhyou_detail_004_kani=true&JigyosyoCd=1166290035-00&ServiceCd=130&Type=search", "url2": "http://peerlabo.com/" }, "geometry": { "type": "Point", "coordinates": [ 139.392102480456515, 35.944434891980457 ] } },
{ "type": "Feature", "properties": { "内容": "鶴ヶ島訪問看護ステーション【訪問看護】埼玉県鶴ヶ島市脚折1877介護老人保健施設鶴ヶ島ケアホーム", "url": "https://www.kaigokensaku.mhlw.go.jp/11/index.php?action_kouhyou_detail_004_kani=true&JigyosyoCd=1166290019-00&ServiceCd=130&Type=search", "url2": "https://www.manjyukai.or.jp/" }, "geometry": { "type": "Point", "coordinates": [ 139.385587699999974, 35.93499520000001 ] } },
{ "type": "Feature", "properties": { "内容": "リプラス訪問看護ステーション鶴ヶ島【訪問看護】埼玉県鶴ヶ島市松ヶ丘2-9-33藤プラザ209号", "url": "https://www.kaigokensaku.mhlw.go.jp/11/index.php?action_kouhyou_detail_004_kani=true&JigyosyoCd=1166290092-00&ServiceCd=130&Type=search", "url2": null }, "geometry": { "type": "Point", "coordinates": [ 139.4164623, 35.92835 ] } },
{ "type": "Feature", "properties": { "内容": "きらめき訪問看護リハビリステーション　鶴ヶ島事業所【訪問看護】埼玉県鶴ヶ島市大字上広谷2-10MRビル4階", "url": "https://www.kaigokensaku.mhlw.go.jp/11/index.php?action_kouhyou_detail_004_kani=true&JigyosyoCd=1166290134-00&ServiceCd=130&Type=search", "url2": "https://kiramekiriha.co.jp/" }, "geometry": { "type": "Point", "coordinates": [ 139.4284725, 35.9402375 ] } },
{ "type": "Feature", "properties": { "内容": "訪問看護ステーションあやめ若葉【訪問看護】埼玉県鶴ヶ島市富士見5-13-16パークホーム104号室", "url": "https://www.kaigokensaku.mhlw.go.jp/11/index.php?action_kouhyou_detail_004_kani=true&JigyosyoCd=1166290225-00&ServiceCd=130&Type=search", "url2": "http://firstnurse.co.jp/" }, "geometry": { "type": "Point", "coordinates": [ 139.420465799999988, 35.9503287 ] } },
{ "type": "Feature", "properties": { "内容": "あさひヶ丘訪問看護ステーション【訪問看護】埼玉県日高市大字森戸新田９９番地1", "url": "https://www.kaigokensaku.mhlw.go.jp/11/index.php?action_kouhyou_detail_004_kani=true&JigyosyoCd=1166390033-00&ServiceCd=130&Type=search", "url2": "http://www.asahigaoka-hosp.com/hosp/" }, "geometry": { "type": "Point", "coordinates": [ 139.372832, 35.9129103 ] } },
{ "type": "Feature", "properties": { "内容": "訪問看護ステーションパープル【訪問看護】埼玉県日高市高麗川二丁目2番地10　小岩井ビル1階小岩井ビル1階", "url": "https://www.kaigokensaku.mhlw.go.jp/11/index.php?action_kouhyou_detail_004_kani=true&JigyosyoCd=1166390074-00&ServiceCd=130&Type=search", "url2": "https://www.nursingstation-purple.com" }, "geometry": { "type": "Point", "coordinates": [ 139.337756899999903, 35.8954951 ] } },
{ "type": "Feature", "properties": { "内容": "ひだかK&F訪問看護ステーション【訪問看護】埼玉県日高市高萩615-8", "url": "https://www.kaigokensaku.mhlw.go.jp/11/index.php?action_kouhyou_detail_004_kani=true&JigyosyoCd=1166390066-00&ServiceCd=130&Type=search", "url2": "http://kandf-ns.jp/" }, "geometry": { "type": "Point", "coordinates": [ 139.372504328558307, 35.900704875472165 ] } },
{ "type": "Feature", "properties": { "内容": "すみれ訪問看護ステーション【訪問看護】日高市下鹿山527コマガワプラザ1-5", "url": "https://www.kaigokensaku.mhlw.go.jp/11/index.php?action_kouhyou_detail_004_kani=true&JigyosyoCd=1166390041-00&ServiceCd=130&Type=search", "url2": null }, "geometry": { "type": "Point", "coordinates": [ 139.3475479, 35.8877299 ] } },
{ "type": "Feature", "properties": { "内容": "武蔵台訪問看護ステーション【訪問看護】埼玉県日高市久保２７８－１２", "url": "https://www.kaigokensaku.mhlw.go.jp/11/index.php?action_kouhyou_detail_004_kani=true&JigyosyoCd=1166390058-00&ServiceCd=130&Type=search", "url2": "www.musashidai-hp.com" }, "geometry": { "type": "Point", "coordinates": [ 139.299203300000045, 35.8820404 ] } },
{ "type": "Feature", "properties": { "内容": "訪問看護ステーションオパール【訪問看護】埼玉県日高市大路高萩下宿102-1", "url": "https://www.kaigokensaku.mhlw.go.jp/11/index.php?action_kouhyou_detail_004_kani=true&JigyosyoCd=1166390090-00&ServiceCd=130&Type=search", "url2": "https://c-human.co.jp/" }, "geometry": { "type": "Point", "coordinates": [ 139.3777907, 35.9022289 ] } },
{ "type": "Feature", "properties": { "内容": "訪問看護ステーション夢眠よしかわ【訪問看護】埼玉県吉川市美南1丁目1-3", "url": "https://www.kaigokensaku.mhlw.go.jp/11/index.php?action_kouhyou_detail_004_kani=true&JigyosyoCd=1166490122-00&ServiceCd=130&Type=search", "url2": "http://muminhome.jp/yoshikawa" }, "geometry": { "type": "Point", "coordinates": [ 139.8473378, 35.8741819 ] } },
{ "type": "Feature", "properties": { "内容": "訪問看護ステーションshare【訪問看護】埼玉県吉川市木売2-5-3スカイグレード601", "url": "https://www.kaigokensaku.mhlw.go.jp/11/index.php?action_kouhyou_detail_004_kani=true&JigyosyoCd=1166490080-00&ServiceCd=130&Type=search", "url2": "http://hp.kaipoke.biz/b02/" }, "geometry": { "type": "Point", "coordinates": [ 139.844389200000023, 35.875412 ] } },
{ "type": "Feature", "properties": { "内容": "医療法人相羽医院　たんぽぽ訪問看護ステーション【訪問看護】埼玉県吉川市中央三丁目27番地13", "url": "https://www.kaigokensaku.mhlw.go.jp/11/index.php?action_kouhyou_detail_004_kani=true&JigyosyoCd=1166490098-00&ServiceCd=130&Type=search", "url2": "http://aibaiin.or.jp" }, "geometry": { "type": "Point", "coordinates": [ 139.856866299999979, 35.892444 ] } },
{ "type": "Feature", "properties": { "内容": "医療法人社団協友会　吉川中央訪問看護ステーションかえで【訪問看護】大字平沼101番地23", "url": "https://www.kaigokensaku.mhlw.go.jp/11/index.php?action_kouhyou_detail_004_kani=true&JigyosyoCd=1166490114-00&ServiceCd=130&Type=search", "url2": "https://amg.or.jp/section/nursingteam/visit/station/yoshikawa/" }, "geometry": { "type": "Point", "coordinates": [ 139.8402821, 35.8824586 ] } },
{ "type": "Feature", "properties": { "内容": "吉川松伏医師会　訪問看護ステーション【訪問看護】埼玉県吉川市中央二丁目7番地10医師会館　３階", "url": "https://www.kaigokensaku.mhlw.go.jp/11/index.php?action_kouhyou_detail_004_kani=true&JigyosyoCd=1166490015-00&ServiceCd=130&Type=search", "url2": "http://y-m-ishikai.or.jp/" }, "geometry": { "type": "Point", "coordinates": [ 139.853997403132666, 35.889263141009096 ] } },
{ "type": "Feature", "properties": { "内容": "訪問看護ステーション　きゃべつ【訪問看護】埼玉県吉川市平沼1-10-6201号室", "url": "https://www.kaigokensaku.mhlw.go.jp/11/index.php?action_kouhyou_detail_004_kani=true&JigyosyoCd=1166490106-00&ServiceCd=130&Type=search", "url2": "https://houmonkango-kyabetsu.care/" }, "geometry": { "type": "Point", "coordinates": [ 139.843487300000021, 35.8841428 ] } },
{ "type": "Feature", "properties": { "内容": "訪問看護ステーション　はな　吉川【訪問看護】埼玉県吉川市木売2丁目5-3スカイグレード吉川1F", "url": "https://www.kaigokensaku.mhlw.go.jp/11/index.php?action_kouhyou_detail_004_kani=true&JigyosyoCd=1166490130-00&ServiceCd=130&Type=search", "url2": null }, "geometry": { "type": "Point", "coordinates": [ 139.8443968, 35.8753965 ] } },
{ "type": "Feature", "properties": { "内容": "生協ふじみ野ケアセンター【訪問看護】埼玉県ふじみ野市上福岡３－３－７", "url": "https://www.kaigokensaku.mhlw.go.jp/11/index.php?action_kouhyou_detail_004_kani=true&JigyosyoCd=1163090057-00&ServiceCd=130&Type=search", "url2": "http://www.mcp-saitama.or.jp" }, "geometry": { "type": "Point", "coordinates": [ 139.515062201852373, 35.871423733403994 ] } },
{ "type": "Feature", "properties": { "内容": "訪問看護ステーション　Leaf【訪問看護】埼玉県ふじみ野市亀久保２－４－６コ－ウンビル２０２", "url": "https://www.kaigokensaku.mhlw.go.jp/11/index.php?action_kouhyou_detail_004_kani=true&JigyosyoCd=1163090065-00&ServiceCd=130&Type=search", "url2": "hks-leaf.ssa@io.ocn.ne.jp" }, "geometry": { "type": "Point", "coordinates": [ 139.507457499999987, 35.8614596 ] } },
{ "type": "Feature", "properties": { "内容": "かのん訪問看護ステーションふじみの【訪問看護】埼玉県ふじみ野市上福岡1-4-1カジワラマンション303", "url": "https://www.kaigokensaku.mhlw.go.jp/11/index.php?action_kouhyou_detail_004_kani=true&JigyosyoCd=1163090115-00&ServiceCd=130&Type=search", "url2": "https://sosen-medical.co.jp/kanon-fujimino" }, "geometry": { "type": "Point", "coordinates": [ 139.513166, 35.8737242 ] } },
{ "type": "Feature", "properties": { "内容": "一般社団法人東入間医師会訪問看護ステーション【訪問看護】埼玉県ふじみ野市駒林元町３－１－２０休日急患診療所内", "url": "https://www.kaigokensaku.mhlw.go.jp/11/index.php?action_kouhyou_detail_004_kani=true&JigyosyoCd=1163090016-00&ServiceCd=130&Type=search", "url2": "http://www.ne.jp/higashi-iruma/med/" }, "geometry": { "type": "Point", "coordinates": [ 139.524246666944578, 35.866363988183764 ] } },
{ "type": "Feature", "properties": { "内容": "訪問看護リハビリステーション　あんど悠すまいる【訪問看護】上福岡3-11-3", "url": "https://www.kaigokensaku.mhlw.go.jp/11/index.php?action_kouhyou_detail_004_kani=true&JigyosyoCd=1163090099-00&ServiceCd=130&Type=search", "url2": "https://www.smile-land.com" }, "geometry": { "type": "Point", "coordinates": [ 139.514730422314614, 35.869520984228593 ] } },
{ "type": "Feature", "properties": { "内容": "富家訪問看護ステーションふじみ野【訪問看護】埼玉県ふじみ野市駒林元町1丁目9-19", "url": "https://www.kaigokensaku.mhlw.go.jp/11/index.php?action_kouhyou_detail_004_kani=true&JigyosyoCd=1163090107-00&ServiceCd=130&Type=search", "url2": null }, "geometry": { "type": "Point", "coordinates": [ 139.526300254935222, 35.867216670455193 ] } },
{ "type": "Feature", "properties": { "内容": "医療法人誠壽会【訪問看護】埼玉県ふじみ野市福岡新田108-1", "url": "https://www.kaigokensaku.mhlw.go.jp/11/index.php?action_kouhyou_detail_004_kani=true&JigyosyoCd=1163090032-00&ServiceCd=130&Type=search", "url2": "http://www.kamifukuoka.or.jp/" }, "geometry": { "type": "Point", "coordinates": [ 139.539037600000029, 35.8735507 ] } },
{ "type": "Feature", "properties": { "内容": "ふじみの救急訪問看護ステーション【訪問看護】埼玉県ふじみ野市旭1-5-8ザ・カスピア101", "url": "https://www.kaigokensaku.mhlw.go.jp/11/index.php?action_kouhyou_detail_004_kani=true&JigyosyoCd=1163090131-00&ServiceCd=130&Type=search", "url2": "https://koyu-kai.jp/homevisit.html" }, "geometry": { "type": "Point", "coordinates": [ 139.5174144, 35.855855099999978 ] } },
{ "type": "Feature", "properties": { "内容": "医療法人社団　富家会　富家在宅リハビリテーションケアセンター【訪問看護】埼玉県ふじみ野市亀久保１８３９－４　２階", "url": "https://www.kaigokensaku.mhlw.go.jp/11/index.php?action_kouhyou_detail_004_kani=true&JigyosyoCd=1163090040-00&ServiceCd=130&Type=search", "url2": null }, "geometry": { "type": "Point", "coordinates": [ 139.493558900000039, 35.8567264 ] } },
{ "type": "Feature", "properties": { "内容": "トータルケアふじみ野【訪問看護】埼玉県ふじみ野市上福岡1丁目14ー503F", "url": "https://www.kaigokensaku.mhlw.go.jp/11/index.php?action_kouhyou_detail_004_kani=true&JigyosyoCd=1163090149-00&ServiceCd=130&Type=search", "url2": "https://lecaldo.co.jp/total-care-fujimino/" }, "geometry": { "type": "Point", "coordinates": [ 139.5146661, 35.8751444 ] } },
{ "type": "Feature", "properties": { "内容": "ココタスリハビリ訪問看護ステーション【訪問看護】埼玉県ふじみ野市上福岡5-9-21ゴールドヒル１F", "url": "https://www.kaigokensaku.mhlw.go.jp/11/index.php?action_kouhyou_detail_004_kani=true&JigyosyoCd=1163090081-00&ServiceCd=130&Type=search", "url2": "http://cocotas.co.jp/" }, "geometry": { "type": "Point", "coordinates": [ 139.510837600000059, 35.8684172 ] } },
{ "type": "Feature", "properties": { "内容": "医療法人社団　白桜会　新しらおか病院【訪問看護】埼玉県白岡市上野田1267-1", "url": "https://www.kaigokensaku.mhlw.go.jp/11/index.php?action_kouhyou_detail_004_kani=true&JigyosyoCd=1110501882-00&ServiceCd=130&Type=search", "url2": "http://www.shin-shiraoka.jp/" }, "geometry": { "type": "Point", "coordinates": [ 139.683088399999974, 36.0284911 ] } },
{ "type": "Feature", "properties": { "内容": "ウエルシア介護サービス訪問看護ステーション白岡【訪問看護】埼玉県白岡市小久喜1413", "url": "https://www.kaigokensaku.mhlw.go.jp/11/index.php?action_kouhyou_detail_004_kani=true&JigyosyoCd=1166690010-00&ServiceCd=130&Type=search", "url2": "https://www.welcia-kaigo.co.jp/shiraoka/" }, "geometry": { "type": "Point", "coordinates": [ 139.671759341000296, 36.016923154369685 ] } },
{ "type": "Feature", "properties": { "内容": "白岡訪問看護ステーション【訪問看護】埼玉県白岡市小久喜913-1", "url": "https://www.kaigokensaku.mhlw.go.jp/11/index.php?action_kouhyou_detail_004_kani=true&JigyosyoCd=1160590018-00&ServiceCd=130&Type=search", "url2": "https://www.scghp.jp" }, "geometry": { "type": "Point", "coordinates": [ 139.665351399999963, 36.0129991 ] } },
{ "type": "Feature", "properties": { "内容": "いなほの訪問看護ステーション【訪問看護】埼玉県白岡市西3-5-1", "url": "https://www.kaigokensaku.mhlw.go.jp/11/index.php?action_kouhyou_detail_004_kani=true&JigyosyoCd=1166690044-00&ServiceCd=130&Type=search", "url2": "https://inaho.or.jp" }, "geometry": { "type": "Point", "coordinates": [ 139.650292509509256, 36.016333196698504 ] } },
{ "type": "Feature", "properties": { "内容": "訪問看護そらリハ【訪問看護】埼玉県白岡市小久喜943-8", "url": "https://www.kaigokensaku.mhlw.go.jp/11/index.php?action_kouhyou_detail_004_kani=true&JigyosyoCd=1166690051-00&ServiceCd=130&Type=search", "url2": "https://www.crea-biz" }, "geometry": { "type": "Point", "coordinates": [ 139.665674200000012, 36.0140152 ] } },
{ "type": "Feature", "properties": { "内容": "ご長寿くらぶ埼玉・伊奈　訪問看護事業所【訪問看護】埼玉県北足立郡伊奈町内宿台６丁目４１ご長寿くらぶ埼玉・伊奈", "url": "https://www.kaigokensaku.mhlw.go.jp/11/index.php?action_kouhyou_detail_004_kani=true&JigyosyoCd=1161390087-00&ServiceCd=130&Type=search", "url2": "https://urbanarchitech.com/company/" }, "geometry": { "type": "Point", "coordinates": [ 139.60962090000001, 36.0189126 ] } },
{ "type": "Feature", "properties": { "内容": "訪問看護ステーションのぞみ【訪問看護】埼玉県北足立郡伊奈町大字小室3170番地旧館3階", "url": "https://www.kaigokensaku.mhlw.go.jp/11/index.php?action_kouhyou_detail_004_kani=true&JigyosyoCd=1161390053-00&ServiceCd=130&Type=search", "url2": "www.nozomi.or,jp" }, "geometry": { "type": "Point", "coordinates": [ 139.633577577712316, 35.983073107948094 ] } },
{ "type": "Feature", "properties": { "内容": "なないろ訪問看護ステーション株式会社【訪問看護】埼玉県北足立郡伊奈町本町2丁目23番地ウエストガーデンⅡ100号", "url": "https://www.kaigokensaku.mhlw.go.jp/11/index.php?action_kouhyou_detail_004_kani=true&JigyosyoCd=1161390038-00&ServiceCd=130&Type=search", "url2": null }, "geometry": { "type": "Point", "coordinates": [ 139.628919781336947, 35.995751849514342 ] } },
{ "type": "Feature", "properties": { "内容": "訪問看護リハビリステーションひまわり伊奈【訪問看護】埼玉県北足立郡伊奈町小室8117番地1アネックス", "url": "https://www.kaigokensaku.mhlw.go.jp/11/index.php?action_kouhyou_detail_004_kani=true&JigyosyoCd=1161390012-00&ServiceCd=130&Type=search", "url2": "http://www.inahp.saitama.jp" }, "geometry": { "type": "Point", "coordinates": [ 139.628039194720486, 35.998996197716153 ] } },
{ "type": "Feature", "properties": { "内容": "訪問看護ステーションふぉれすと伊奈【訪問看護】埼玉県北足立郡伊奈町大針656-1", "url": "https://www.kaigokensaku.mhlw.go.jp/11/index.php?action_kouhyou_detail_004_kani=true&JigyosyoCd=1161390095-00&ServiceCd=130&Type=search", "url2": null }, "geometry": { "type": "Point", "coordinates": [ 139.6144788, 36.0051847 ] } },
{ "type": "Feature", "properties": { "内容": "埼玉セントラル病院　訪問看護事業所【訪問看護】埼玉県入間郡三芳町上富2177", "url": "https://www.kaigokensaku.mhlw.go.jp/11/index.php?action_kouhyou_detail_004_kani=true&JigyosyoCd=1112402493-00&ServiceCd=130&Type=search", "url2": "http://www.ims.gr.jp/saitama_central/" }, "geometry": { "type": "Point", "coordinates": [ 139.50533889999997, 35.841948 ] } },
{ "type": "Feature", "properties": { "内容": "三芳野病院訪問看護ステーション【訪問看護】埼玉県入間郡三芳町北永井890-6", "url": "https://www.kaigokensaku.mhlw.go.jp/11/index.php?action_kouhyou_detail_004_kani=true&JigyosyoCd=1162490084-00&ServiceCd=130&Type=search", "url2": null }, "geometry": { "type": "Point", "coordinates": [ 139.514795529821924, 35.845629144961109 ] } },
{ "type": "Feature", "properties": { "内容": "訪問看護ステーションのあ【訪問看護】埼玉県入間郡三芳町藤久保3768-2アバンダントハイツ103", "url": "https://www.kaigokensaku.mhlw.go.jp/11/index.php?action_kouhyou_detail_004_kani=true&JigyosyoCd=1162490142-00&ServiceCd=130&Type=search", "url2": "https://houkan-noa.com/" }, "geometry": { "type": "Point", "coordinates": [ 139.529076333582026, 35.847247444748646 ] } },
{ "type": "Feature", "properties": { "内容": "埼玉医科大学訪問看護ステーション【訪問看護】埼玉県入間郡毛呂山町大字毛呂本郷1006番地くらしワンストップ　MOROHAPPINESS館", "url": "https://www.kaigokensaku.mhlw.go.jp/11/index.php?action_kouhyou_detail_004_kani=true&JigyosyoCd=1162490019-00&ServiceCd=130&Type=search", "url2": "http://www.marukikinen-wmc.or.jp/Html_file/moro_happiness/" }, "geometry": { "type": "Point", "coordinates": [ 139.308422904307577, 35.939758988709301 ] } },
{ "type": "Feature", "properties": { "内容": "つむぐ訪問看護ステーション【訪問看護】埼玉県入間郡毛呂山町前久保109-24ベルゴールドビル中井203", "url": "https://www.kaigokensaku.mhlw.go.jp/11/index.php?action_kouhyou_detail_004_kani=true&JigyosyoCd=1162490126-00&ServiceCd=130&Type=search", "url2": "https://tumugu-care.com/company/kaisya" }, "geometry": { "type": "Point", "coordinates": [ 139.3273108, 35.9476781 ] } },
{ "type": "Feature", "properties": { "内容": "訪問看護ステーション　ルピナス毛呂山【訪問看護】埼玉県入間郡毛呂山町若山1-25-4", "url": "https://www.kaigokensaku.mhlw.go.jp/11/index.php?action_kouhyou_detail_004_kani=true&JigyosyoCd=1162490134-00&ServiceCd=130&Type=search", "url2": "https://vns-lupinus.jp/" }, "geometry": { "type": "Point", "coordinates": [ 139.3280471, 35.943135 ] } },
{ "type": "Feature", "properties": { "内容": "訪問看護ステーションかえで毛呂山弐番館【訪問看護】埼玉県入間郡毛呂山町平山1-41-9", "url": "https://www.kaigokensaku.mhlw.go.jp/11/index.php?action_kouhyou_detail_004_kani=true&JigyosyoCd=1162490167-00&ServiceCd=130&Type=search", "url2": null }, "geometry": { "type": "Point", "coordinates": [ 139.311714316930875, 35.947158744223799 ] } },
{ "type": "Feature", "properties": { "内容": "医療法人　昭友会　訪問看護ステーション森林【訪問看護】埼玉県比企郡滑川町羽尾1041-7", "url": "https://www.kaigokensaku.mhlw.go.jp/11/index.php?action_kouhyou_detail_004_kani=true&JigyosyoCd=1163290061-00&ServiceCd=130&Type=search", "url2": "http://www.kokoro.or.jp" }, "geometry": { "type": "Point", "coordinates": [ 139.37200551055912, 36.049944237790605 ] } },
{ "type": "Feature", "properties": { "内容": "with　you【訪問看護】埼玉県比企郡小川町飯田３８１ー６リハビリテーション研究所", "url": "https://www.kaigokensaku.mhlw.go.jp/11/index.php?action_kouhyou_detail_004_kani=true&JigyosyoCd=1163290137-00&ServiceCd=130&Type=search", "url2": null }, "geometry": { "type": "Point", "coordinates": [ 139.2510397, 36.0631283 ] } },
{ "type": "Feature", "properties": { "内容": "小川赤十字訪問看護ステーション【訪問看護】埼玉県比企郡小川町小川1525", "url": "https://www.kaigokensaku.mhlw.go.jp/11/index.php?action_kouhyou_detail_004_kani=true&JigyosyoCd=1163290020-00&ServiceCd=130&Type=search", "url2": "houmon-kango@ogawa.jrc.or.jp" }, "geometry": { "type": "Point", "coordinates": [ 139.273996799999964, 36.0602749 ] } },
{ "type": "Feature", "properties": { "内容": "グロッサ訪問看護ステーション【訪問看護】埼玉県比企郡小川町青山737-1", "url": "https://www.kaigokensaku.mhlw.go.jp/11/index.php?action_kouhyou_detail_004_kani=true&JigyosyoCd=1163290160-00&ServiceCd=130&Type=search", "url2": "http://www.grossa-kango.com/" }, "geometry": { "type": "Point", "coordinates": [ 139.263159606745916, 36.049525546155841 ] } },
{ "type": "Feature", "properties": { "内容": "だいそう訪問看護リハビリステーション比企川島【訪問看護】埼玉県比企郡川島町戸守519-3", "url": "https://www.kaigokensaku.mhlw.go.jp/11/index.php?action_kouhyou_detail_004_kani=true&JigyosyoCd=1163290145-00&ServiceCd=130&Type=search", "url2": "https://hikikawajima.d-cares.com/" }, "geometry": { "type": "Point", "coordinates": [ 139.4402459, 35.9970861 ] } },
{ "type": "Feature", "properties": { "内容": "医療法人啓仁会　訪問看護ステーション　平成の森【訪問看護】埼玉県比企郡川島町大字畑中478番地1", "url": "https://www.kaigokensaku.mhlw.go.jp/11/index.php?action_kouhyou_detail_004_kani=true&JigyosyoCd=1163290038-00&ServiceCd=130&Type=search", "url2": "http://www.kawashima-hospital.jp" }, "geometry": { "type": "Point", "coordinates": [ 139.490094699999986, 35.991990147320983 ] } },
{ "type": "Feature", "properties": { "内容": "ロイヤルレジデンス川島【訪問看護】埼玉県比企郡川島町大字伊草97-5ロイヤルレジデンス川島", "url": "https://www.kaigokensaku.mhlw.go.jp/11/index.php?action_kouhyou_detail_004_kani=true&JigyosyoCd=1163290095-00&ServiceCd=130&Type=search", "url2": "http://syasouken.com" }, "geometry": { "type": "Point", "coordinates": [ 139.468611673016341, 35.963564528671085 ] } },
{ "type": "Feature", "properties": { "内容": "訪問看護ステーションあすか【訪問看護】埼玉県比企郡鳩山町大字今宿532番地7プラザM103号室", "url": "https://www.kaigokensaku.mhlw.go.jp/11/index.php?action_kouhyou_detail_004_kani=true&JigyosyoCd=1163290152-00&ServiceCd=130&Type=search", "url2": null }, "geometry": { "type": "Point", "coordinates": [ 139.341667, 35.9696316 ] } },
{ "type": "Feature", "properties": { "内容": "訪問看護ステーションまほら秩父【訪問看護】埼玉県秩父郡横瀬町横瀬5909番地3", "url": "https://www.kaigokensaku.mhlw.go.jp/11/index.php?action_kouhyou_detail_004_kani=true&JigyosyoCd=1164890059-00&ServiceCd=130&Type=search", "url2": "https://www.mahorachichibu.com" }, "geometry": { "type": "Point", "coordinates": [ 139.106349561376987, 36.003748413141494 ] } },
{ "type": "Feature", "properties": { "内容": "清水病院訪問看護ステーション【訪問看護】埼玉県秩父郡皆野町大字皆野1394－1", "url": "https://www.kaigokensaku.mhlw.go.jp/11/index.php?action_kouhyou_detail_004_kani=true&JigyosyoCd=1164890075-00&ServiceCd=130&Type=search", "url2": null }, "geometry": { "type": "Point", "coordinates": [ 139.097000900000012, 36.0702629 ] } },
{ "type": "Feature", "properties": { "内容": "医療法人徳洲会　皆野病院【訪問看護】埼玉県秩父郡皆野町皆野2031-1", "url": "https://www.kaigokensaku.mhlw.go.jp/11/index.php?action_kouhyou_detail_004_kani=true&JigyosyoCd=1114801015-00&ServiceCd=130&Type=search", "url2": "https://www.minano-hospital.jp/" }, "geometry": { "type": "Point", "coordinates": [ 139.1012093, 36.0770979 ] } },
{ "type": "Feature", "properties": { "内容": "小鹿野町訪問看護ステーション【訪問看護】埼玉県秩父郡小鹿野町小鹿野300国民健康保険町立小鹿野中央病院", "url": "https://www.kaigokensaku.mhlw.go.jp/11/index.php?action_kouhyou_detail_004_kani=true&JigyosyoCd=1164890034-00&ServiceCd=130&Type=search", "url2": "http://byoin.town.ogano.lg.jp" }, "geometry": { "type": "Point", "coordinates": [ 139.003657500000031, 36.0176348 ] } },
{ "type": "Feature", "properties": { "内容": "ひより訪問看護ステーション【訪問看護】埼玉県児玉郡美里町甘粕139番地７篠原ﾋﾞﾙ", "url": "https://www.kaigokensaku.mhlw.go.jp/11/index.php?action_kouhyou_detail_004_kani=true&JigyosyoCd=1164290078-00&ServiceCd=130&Type=search", "url2": "https://www.hiyori-no-oka.co.jp/" }, "geometry": { "type": "Point", "coordinates": [ 139.1823029, 36.1723206 ] } },
{ "type": "Feature", "properties": { "内容": "訪問看護ステーションてくてく【訪問看護】埼玉県児玉郡上里町勅使河原1313-7", "url": "https://www.kaigokensaku.mhlw.go.jp/11/index.php?action_kouhyou_detail_004_kani=true&JigyosyoCd=1164290045-00&ServiceCd=130&Type=search", "url2": null }, "geometry": { "type": "Point", "coordinates": [ 139.129129599999942, 36.260389 ] } },
{ "type": "Feature", "properties": { "内容": "グループホームあかつき【訪問看護】大里郡寄居町鉢形３１７９番地２", "url": "https://www.kaigokensaku.mhlw.go.jp/11/index.php?action_kouhyou_detail_004_kani=true&JigyosyoCd=1164590055-00&ServiceCd=130&Type=search", "url2": "http://www.gh-akatuki.net/" }, "geometry": { "type": "Point", "coordinates": [ 139.197793, 36.0982709 ] } },
{ "type": "Feature", "properties": { "内容": "ビッグベン訪問看護ステーション【訪問看護】埼玉県大里郡寄居町保田原217-1", "url": "https://www.kaigokensaku.mhlw.go.jp/11/index.php?action_kouhyou_detail_004_kani=true&JigyosyoCd=1164590105-00&ServiceCd=130&Type=search", "url2": "http://windsor-bigben.jp" }, "geometry": { "type": "Point", "coordinates": [ 139.2103424, 36.1186482 ] } },
{ "type": "Feature", "properties": { "内容": "寄居訪問看護ステーションかけはし【訪問看護】埼玉県大里郡寄居町用土　395", "url": "https://www.kaigokensaku.mhlw.go.jp/11/index.php?action_kouhyou_detail_004_kani=true&JigyosyoCd=1164590030-00&ServiceCd=130&Type=search", "url2": "http://www.syunjinkai.or.jp" }, "geometry": { "type": "Point", "coordinates": [ 139.195573400000058, 36.140149547087837 ] } },
{ "type": "Feature", "properties": { "内容": "ホームズ訪問看護ステーション寄居【訪問看護】埼玉県大里郡寄居町寄居978-4", "url": "https://www.kaigokensaku.mhlw.go.jp/11/index.php?action_kouhyou_detail_004_kani=true&JigyosyoCd=1164590121-00&ServiceCd=130&Type=search", "url2": "https://homes-homenurse.com/" }, "geometry": { "type": "Point", "coordinates": [ 139.1942065, 36.1140842 ] } },
{ "type": "Feature", "properties": { "内容": "ケアウエスト訪問看護ステーション【訪問看護】埼玉県南埼玉郡宮代町西粂原５９９－１", "url": "https://www.kaigokensaku.mhlw.go.jp/11/index.php?action_kouhyou_detail_004_kani=true&JigyosyoCd=1160590067-00&ServiceCd=130&Type=search", "url2": null }, "geometry": { "type": "Point", "coordinates": [ 139.691987499999982, 36.0340071 ] } },
{ "type": "Feature", "properties": { "内容": "かんごの窓口【訪問看護】埼玉県南埼玉郡宮代町川端3-8-18", "url": "https://www.kaigokensaku.mhlw.go.jp/11/index.php?action_kouhyou_detail_004_kani=true&JigyosyoCd=1160590109-00&ServiceCd=130&Type=search", "url2": "https://tadasole.co.jp/" }, "geometry": { "type": "Point", "coordinates": [ 139.742708099999987, 36.0028158 ] } },
{ "type": "Feature", "properties": { "内容": "幸せの羽　訪問看護ｽﾃｰｼｮﾝ【訪問看護】埼玉県北葛飾郡杉戸町堤根4436番地1号幸せの羽　訪問看護ｽﾃｰｼｮﾝ", "url": "https://www.kaigokensaku.mhlw.go.jp/11/index.php?action_kouhyou_detail_004_kani=true&JigyosyoCd=1161190099-00&ServiceCd=130&Type=search", "url2": "http://kouha.co/" }, "geometry": { "type": "Point", "coordinates": [ 139.746548250603837, 36.019208155572684 ] } },
{ "type": "Feature", "properties": { "内容": "はなみずき訪問看護ステーション【訪問看護】埼玉県北葛飾郡杉戸町高野台西1-16-11", "url": "https://www.kaigokensaku.mhlw.go.jp/11/index.php?action_kouhyou_detail_004_kani=true&JigyosyoCd=1161190073-00&ServiceCd=130&Type=search", "url2": null }, "geometry": { "type": "Point", "coordinates": [ 139.712637699999959, 36.0545302 ] } },
{ "type": "Feature", "properties": { "内容": "松伏町訪問リハビリ看護ステーション【訪問看護】田中1丁目2-2", "url": "https://www.kaigokensaku.mhlw.go.jp/11/index.php?action_kouhyou_detail_004_kani=true&JigyosyoCd=1161190107-00&ServiceCd=130&Type=search", "url2": "https://www.rehabhome.jp" }, "geometry": { "type": "Point", "coordinates": [ 139.814682855239283, 35.926264359285931 ] } }
]
}
