{
"type": "FeatureCollection",
"name": "geo_11_短期入所生活介護",
"crs": { "type": "name", "properties": { "name": "urn:ogc:def:crs:OGC:1.3:CRS84" } },
"features": [
{ "type": "Feature", "properties": { "内容": "特別養護老人ホームフォレスト指扇【短期入所生活介護】指扇1277-11", "url2": "https://www.kaigokensaku.mhlw.go.jp/11/index.php?action_kouhyou_detail_004_kani=true&JigyosyoCd=1176513925-00&ServiceCd=210&Type=search" }, "geometry": { "type": "Point", "coordinates": [ 139.5813828, 35.9149786 ] } },
{ "type": "Feature", "properties": { "内容": "あずみ苑　三橋【短期入所生活介護】埼玉県さいたま市西区三橋5-517", "url2": "https://www.kaigokensaku.mhlw.go.jp/11/index.php?action_kouhyou_detail_004_kani=true&JigyosyoCd=1176506341-00&ServiceCd=210&Type=search" }, "geometry": { "type": "Point", "coordinates": [ 139.596131600000035, 35.9112965 ] } },
{ "type": "Feature", "properties": { "内容": "三恵苑短期入所生活介護事業所【短期入所生活介護】埼玉県さいたま市西区中釘　2219-4", "url2": "https://www.kaigokensaku.mhlw.go.jp/11/index.php?action_kouhyou_detail_004_kani=true&JigyosyoCd=1170300543-00&ServiceCd=210&Type=search" }, "geometry": { "type": "Point", "coordinates": [ 139.572933199999966, 35.9398443 ] } },
{ "type": "Feature", "properties": { "内容": "特別養護老人ホーム　緑水苑指扇【短期入所生活介護】指扇1570-2", "url2": "https://www.kaigokensaku.mhlw.go.jp/11/index.php?action_kouhyou_detail_004_kani=true&JigyosyoCd=1176512737-00&ServiceCd=210&Type=search" }, "geometry": { "type": "Point", "coordinates": [ 139.5815189, 35.9163345 ] } },
{ "type": "Feature", "properties": { "内容": "三橋の里　短期入所生活介護【短期入所生活介護】埼玉県さいたま市西区三橋５－５６０－５", "url2": "https://www.kaigokensaku.mhlw.go.jp/11/index.php?action_kouhyou_detail_004_kani=true&JigyosyoCd=1176517405-00&ServiceCd=210&Type=search" }, "geometry": { "type": "Point", "coordinates": [ 139.594497546473406, 35.911522990178959 ] } },
{ "type": "Feature", "properties": { "内容": "地域密着型特別養護老人ホームフォルテーラ指扇【短期入所生活介護】埼玉県さいたま市西区指扇1377-1", "url2": "https://www.kaigokensaku.mhlw.go.jp/11/index.php?action_kouhyou_detail_004_kani=true&JigyosyoCd=1176521613-00&ServiceCd=210&Type=search" }, "geometry": { "type": "Point", "coordinates": [ 139.5800922, 35.9150353 ] } },
{ "type": "Feature", "properties": { "内容": "敬寿園宝来ホーム短期入所生活介護事業所　ユニット型【短期入所生活介護】さいたま市西区宝来86番地1", "url2": "https://www.kaigokensaku.mhlw.go.jp/11/index.php?action_kouhyou_detail_004_kani=true&JigyosyoCd=1176515714-00&ServiceCd=210&Type=search" }, "geometry": { "type": "Point", "coordinates": [ 139.55401710000001, 35.9316545 ] } },
{ "type": "Feature", "properties": { "内容": "敬寿園宝来ホーム短期入所生活介護事業所【短期入所生活介護】さいたま市西区宝来86番地1", "url2": "https://www.kaigokensaku.mhlw.go.jp/11/index.php?action_kouhyou_detail_004_kani=true&JigyosyoCd=1176503736-00&ServiceCd=210&Type=search" }, "geometry": { "type": "Point", "coordinates": [ 139.554042900000013, 35.9316795 ] } },
{ "type": "Feature", "properties": { "内容": "ショートステイ扇の森【短期入所生活介護】さいたま市西区高木602", "url2": "https://www.kaigokensaku.mhlw.go.jp/11/index.php?action_kouhyou_detail_004_kani=true&JigyosyoCd=1176502662-00&ServiceCd=210&Type=search" }, "geometry": { "type": "Point", "coordinates": [ 139.567250400000034, 35.9268355 ] } },
{ "type": "Feature", "properties": { "内容": "ゆめの園りあん中野林　ショートステイ事業所【短期入所生活介護】埼玉県さいたま市西区大字中野林字中郷650番1", "url2": "https://www.kaigokensaku.mhlw.go.jp/11/index.php?action_kouhyou_detail_004_kani=true&JigyosyoCd=1176501144-00&ServiceCd=210&Type=search" }, "geometry": { "type": "Point", "coordinates": [ 139.584816600000067, 35.891365700000016 ] } },
{ "type": "Feature", "properties": { "内容": "ゆめの園りあん中野林　特別養護老人ホーム【短期入所生活介護】埼玉県さいたま市西区大字中野林字中郷650番1", "url2": "https://www.kaigokensaku.mhlw.go.jp/11/index.php?action_kouhyou_detail_004_kani=true&JigyosyoCd=1176501136-00&ServiceCd=210&Type=search" }, "geometry": { "type": "Point", "coordinates": [ 139.584816600000067, 35.891365700000016 ] } },
{ "type": "Feature", "properties": { "内容": "ひかわ短期入所生活介護事業所【短期入所生活介護】さいたま市西区高木892特別養護老人ホーム　ひかわ", "url2": "https://www.kaigokensaku.mhlw.go.jp/11/index.php?action_kouhyou_detail_004_kani=true&JigyosyoCd=1176506333-00&ServiceCd=210&Type=search" }, "geometry": { "type": "Point", "coordinates": [ 139.57285550000006, 35.9319818 ] } },
{ "type": "Feature", "properties": { "内容": "短期入所生活介護　春陽苑【短期入所生活介護】埼玉県さいたま市西区飯田新田91-1", "url2": "https://www.kaigokensaku.mhlw.go.jp/11/index.php?action_kouhyou_detail_004_kani=true&JigyosyoCd=1170300691-00&ServiceCd=210&Type=search" }, "geometry": { "type": "Point", "coordinates": [ 139.559774299999958, 35.8880939 ] } },
{ "type": "Feature", "properties": { "内容": "ショートステイ扇の森WEST【短期入所生活介護】さいたま市西区中釘2345-1", "url2": "https://www.kaigokensaku.mhlw.go.jp/11/index.php?action_kouhyou_detail_004_kani=true&JigyosyoCd=1176511416-00&ServiceCd=210&Type=search" }, "geometry": { "type": "Point", "coordinates": [ 139.5691079, 35.9245256 ] } },
{ "type": "Feature", "properties": { "内容": "ショートステイフルール宮原【短期入所生活介護】埼玉県さいたま市北区宮原町1-697-5フルール宮原", "url2": "https://www.kaigokensaku.mhlw.go.jp/11/index.php?action_kouhyou_detail_004_kani=true&JigyosyoCd=1176517363-00&ServiceCd=210&Type=search" }, "geometry": { "type": "Point", "coordinates": [ 139.6203492, 35.9394963 ] } },
{ "type": "Feature", "properties": { "内容": "特別養護老人ホームみちみち大宮【短期入所生活介護】埼玉県さいたま市北区植竹町2－69－7", "url2": "https://www.kaigokensaku.mhlw.go.jp/11/index.php?action_kouhyou_detail_004_kani=true&JigyosyoCd=1176518072-00&ServiceCd=210&Type=search" }, "geometry": { "type": "Point", "coordinates": [ 139.6283894, 35.9314873 ] } },
{ "type": "Feature", "properties": { "内容": "ショートステイ　今羽の森【短期入所生活介護】さいたま市北区今羽町６５０－１", "url2": "https://www.kaigokensaku.mhlw.go.jp/11/index.php?action_kouhyou_detail_004_kani=true&JigyosyoCd=1176507422-00&ServiceCd=210&Type=search" }, "geometry": { "type": "Point", "coordinates": [ 139.625239700000066, 35.950919 ] } },
{ "type": "Feature", "properties": { "内容": "ショートステイココファンしらかば【短期入所生活介護】埼玉県さいたま市北区吉野町2-210-1", "url2": "https://www.kaigokensaku.mhlw.go.jp/11/index.php?action_kouhyou_detail_004_kani=true&JigyosyoCd=1176510806-00&ServiceCd=210&Type=search" }, "geometry": { "type": "Point", "coordinates": [ 139.6068189, 35.9579309 ] } },
{ "type": "Feature", "properties": { "内容": "社会福祉法人　大吉会　ショートステイ　白樺ホーム【短期入所生活介護】さいたま市北区吉野町２－１３３１", "url2": "https://www.kaigokensaku.mhlw.go.jp/11/index.php?action_kouhyou_detail_004_kani=true&JigyosyoCd=1176506143-00&ServiceCd=210&Type=search" }, "geometry": { "type": "Point", "coordinates": [ 139.6180094, 35.9644107 ] } },
{ "type": "Feature", "properties": { "内容": "ｼｮｰﾄｽﾃｲ　フルール宮原ＡＮＮＥＸ【短期入所生活介護】埼玉県さいたま市北区宮原町1-710", "url2": "https://www.kaigokensaku.mhlw.go.jp/11/index.php?action_kouhyou_detail_004_kani=true&JigyosyoCd=1176521035-00&ServiceCd=210&Type=search" }, "geometry": { "type": "Point", "coordinates": [ 139.6144907, 35.9368791 ] } },
{ "type": "Feature", "properties": { "内容": "特別養護老人ホーム　なごみの里　短期入所生活介護【短期入所生活介護】埼玉県さいたま市北区別所町892番地", "url2": "https://www.kaigokensaku.mhlw.go.jp/11/index.php?action_kouhyou_detail_004_kani=true&JigyosyoCd=1176504726-00&ServiceCd=210&Type=search" }, "geometry": { "type": "Point", "coordinates": [ 139.5885659, 35.9606342 ] } },
{ "type": "Feature", "properties": { "内容": "ショートステイみんなの家・大宮吉野町【短期入所生活介護】埼玉県さいたま市北区吉野町1‐356‐1", "url2": "https://www.kaigokensaku.mhlw.go.jp/11/index.php?action_kouhyou_detail_004_kani=true&JigyosyoCd=1176503140-00&ServiceCd=210&Type=search" }, "geometry": { "type": "Point", "coordinates": [ 139.614790699999958, 35.9496854 ] } },
{ "type": "Feature", "properties": { "内容": "ウエルガーデン大宮【短期入所生活介護】埼玉県さいたま市北区今羽町660-1", "url2": "https://www.kaigokensaku.mhlw.go.jp/11/index.php?action_kouhyou_detail_004_kani=true&JigyosyoCd=1176509212-00&ServiceCd=210&Type=search" }, "geometry": { "type": "Point", "coordinates": [ 139.625950699999947, 35.9510663 ] } },
{ "type": "Feature", "properties": { "内容": "エスケアステーションさいたま北ショートステイ【短期入所生活介護】宮原町四丁目99番1号", "url2": "https://www.kaigokensaku.mhlw.go.jp/11/index.php?action_kouhyou_detail_004_kani=true&JigyosyoCd=1176512364-00&ServiceCd=210&Type=search" }, "geometry": { "type": "Point", "coordinates": [ 139.605919142327878, 35.946874458378645 ] } },
{ "type": "Feature", "properties": { "内容": "みちみち大宮【短期入所生活介護】埼玉県さいたま市北区植竹2-69-7みちみち大宮1Fさくらそうユニット", "url2": "https://www.kaigokensaku.mhlw.go.jp/11/index.php?action_kouhyou_detail_004_kani=true&JigyosyoCd=1176518080-00&ServiceCd=210&Type=search" }, "geometry": { "type": "Point", "coordinates": [ 139.628266018385347, 35.932890293822524 ] } },
{ "type": "Feature", "properties": { "内容": "おたっしゃ倶楽部　特養ショート【短期入所生活介護】埼玉県さいたま市大宮区吉敷町3-57-1", "url2": "https://www.kaigokensaku.mhlw.go.jp/11/index.php?action_kouhyou_detail_004_kani=true&JigyosyoCd=1176517546-00&ServiceCd=210&Type=search" }, "geometry": { "type": "Point", "coordinates": [ 139.632059867320294, 35.899755147914981 ] } },
{ "type": "Feature", "properties": { "内容": "ショートステイ　ケアサポートおおみや【短期入所生活介護】さいたま市大宮区天沼町1-250-1", "url2": "https://www.kaigokensaku.mhlw.go.jp/11/index.php?action_kouhyou_detail_004_kani=true&JigyosyoCd=1176507521-00&ServiceCd=210&Type=search" }, "geometry": { "type": "Point", "coordinates": [ 139.636022899999944, 35.9048651 ] } },
{ "type": "Feature", "properties": { "内容": "大宮諏訪の苑【短期入所生活介護】埼玉県さいたま市大宮区三橋4－875－2大宮諏訪の苑", "url2": "https://www.kaigokensaku.mhlw.go.jp/11/index.php?action_kouhyou_detail_004_kani=true&JigyosyoCd=1176515474-00&ServiceCd=210&Type=search" }, "geometry": { "type": "Point", "coordinates": [ 139.603998088763888, 35.890734234141881 ] } },
{ "type": "Feature", "properties": { "内容": "特別養護老人ホーム　大宮諏訪の苑【短期入所生活介護】埼玉県さいたま市大宮区三橋4-875-2", "url2": "https://www.kaigokensaku.mhlw.go.jp/11/index.php?action_kouhyou_detail_004_kani=true&JigyosyoCd=1176514808-00&ServiceCd=210&Type=search" }, "geometry": { "type": "Point", "coordinates": [ 139.60433450000005, 35.890873 ] } },
{ "type": "Feature", "properties": { "内容": "はるぱてお短期入所生活介護事業所【短期入所生活介護】さいたま市大宮区上小町1187番地", "url2": "https://www.kaigokensaku.mhlw.go.jp/11/index.php?action_kouhyou_detail_004_kani=true&JigyosyoCd=1176505301-00&ServiceCd=210&Type=search" }, "geometry": { "type": "Point", "coordinates": [ 139.612977699999988, 35.896577 ] } },
{ "type": "Feature", "properties": { "内容": "三橋ケアセンターそよ風【短期入所生活介護】さいたま市大宮区三橋1-871", "url2": "https://www.kaigokensaku.mhlw.go.jp/11/index.php?action_kouhyou_detail_004_kani=true&JigyosyoCd=1170300246-00&ServiceCd=210&Type=search" }, "geometry": { "type": "Point", "coordinates": [ 139.5985647, 35.9145821 ] } },
{ "type": "Feature", "properties": { "内容": "社会福祉法人育成会　白菊苑【短期入所生活介護】埼玉県さいたま市大宮区寿能町2-21-3", "url2": "https://www.kaigokensaku.mhlw.go.jp/11/index.php?action_kouhyou_detail_004_kani=true&JigyosyoCd=1170300667-00&ServiceCd=210&Type=search" }, "geometry": { "type": "Point", "coordinates": [ 139.637626400066978, 35.919279693998845 ] } },
{ "type": "Feature", "properties": { "内容": "大宮三橋ケアセンターそよ風【短期入所生活介護】埼玉県さいたま市大宮区三橋１丁目３４５－１", "url2": "https://www.kaigokensaku.mhlw.go.jp/11/index.php?action_kouhyou_detail_004_kani=true&JigyosyoCd=1176518866-00&ServiceCd=210&Type=search" }, "geometry": { "type": "Point", "coordinates": [ 139.6019052, 35.9145049 ] } },
{ "type": "Feature", "properties": { "内容": "さいたまやすらぎの里【短期入所生活介護】埼玉県さいたま市見沼区卸町2－21－1", "url2": "https://www.kaigokensaku.mhlw.go.jp/11/index.php?action_kouhyou_detail_004_kani=true&JigyosyoCd=1176502613-00&ServiceCd=210&Type=search" }, "geometry": { "type": "Point", "coordinates": [ 139.678159599999958, 35.951438 ] } },
{ "type": "Feature", "properties": { "内容": "さいたまやすらぎの里新館【短期入所生活介護】埼玉県さいたま市見沼区卸町2-24", "url2": "https://www.kaigokensaku.mhlw.go.jp/11/index.php?action_kouhyou_detail_004_kani=true&JigyosyoCd=1176510103-00&ServiceCd=210&Type=search" }, "geometry": { "type": "Point", "coordinates": [ 139.678020800000013, 35.950377 ] } },
{ "type": "Feature", "properties": { "内容": "大宮見沼ケアセンターそよ風【短期入所生活介護】埼玉県さいたま市見沼区南中丸318-1", "url2": "https://www.kaigokensaku.mhlw.go.jp/11/index.php?action_kouhyou_detail_004_kani=true&JigyosyoCd=1176509055-00&ServiceCd=210&Type=search" }, "geometry": { "type": "Point", "coordinates": [ 139.653363099999979, 35.917983 ] } },
{ "type": "Feature", "properties": { "内容": "大宮東ケアセンター　そよ風【短期入所生活介護】さいたま市見沼区大字南中野1135-7", "url2": "https://www.kaigokensaku.mhlw.go.jp/11/index.php?action_kouhyou_detail_004_kani=true&JigyosyoCd=1176505350-00&ServiceCd=210&Type=search" }, "geometry": { "type": "Point", "coordinates": [ 139.663553900000011, 35.9186026 ] } },
{ "type": "Feature", "properties": { "内容": "敬寿園七里ホーム短期入所生活介護事業所【短期入所生活介護】埼玉県さいたま市見沼区大谷2022-1", "url2": "https://www.kaigokensaku.mhlw.go.jp/11/index.php?action_kouhyou_detail_004_kani=true&JigyosyoCd=1176513420-00&ServiceCd=210&Type=search" }, "geometry": { "type": "Point", "coordinates": [ 139.674733045816083, 35.925792457849099 ] } },
{ "type": "Feature", "properties": { "内容": "高齢者総合福祉施設敬寿園【短期入所生活介護】さいたま市見沼区大字片柳１２９８番地", "url2": "https://www.kaigokensaku.mhlw.go.jp/11/index.php?action_kouhyou_detail_004_kani=true&JigyosyoCd=1170300428-00&ServiceCd=210&Type=search" }, "geometry": { "type": "Point", "coordinates": [ 139.694096, 35.8978199 ] } },
{ "type": "Feature", "properties": { "内容": "短期入所生活介護　見沼緑水苑【短期入所生活介護】さいたま市見沼区大和田町２－３３６特別養護老人ホーム見沼緑水苑", "url2": "https://www.kaigokensaku.mhlw.go.jp/11/index.php?action_kouhyou_detail_004_kani=true&JigyosyoCd=1170300568-00&ServiceCd=210&Type=search" }, "geometry": { "type": "Point", "coordinates": [ 139.642705400000068, 35.9289758 ] } },
{ "type": "Feature", "properties": { "内容": "春野ケアセンターそよ風【短期入所生活介護】埼玉県さいたま市見沼区深作2-10-10", "url2": "https://www.kaigokensaku.mhlw.go.jp/11/index.php?action_kouhyou_detail_004_kani=true&JigyosyoCd=1176509519-00&ServiceCd=210&Type=search" }, "geometry": { "type": "Point", "coordinates": [ 139.6690883, 35.95141 ] } },
{ "type": "Feature", "properties": { "内容": "タムスさくらの杜見沼【短期入所生活介護】埼玉県さいたま市見沼区東宮下８８３－１", "url2": "https://www.kaigokensaku.mhlw.go.jp/11/index.php?action_kouhyou_detail_004_kani=true&JigyosyoCd=1176510277-00&ServiceCd=210&Type=search" }, "geometry": { "type": "Point", "coordinates": [ 139.678904699999947, 35.9376897 ] } },
{ "type": "Feature", "properties": { "内容": "特別養護老人ホーム　あおぞら【短期入所生活介護】埼玉県さいたま市見沼区御蔵１０６４－１", "url2": "https://www.kaigokensaku.mhlw.go.jp/11/index.php?action_kouhyou_detail_004_kani=true&JigyosyoCd=1176504015-00&ServiceCd=210&Type=search" }, "geometry": { "type": "Point", "coordinates": [ 139.671428699999979, 35.9006773 ] } },
{ "type": "Feature", "properties": { "内容": "特別養護老人ホーム諏訪の苑【短期入所生活介護】さいたま市見沼区南中野２９番地", "url2": "https://www.kaigokensaku.mhlw.go.jp/11/index.php?action_kouhyou_detail_004_kani=true&JigyosyoCd=1170300295-00&ServiceCd=210&Type=search" }, "geometry": { "type": "Point", "coordinates": [ 139.660893399999964, 35.904582 ] } },
{ "type": "Feature", "properties": { "内容": "短期入所生活介護事業所　さいたまかがやきの里【短期入所生活介護】さいたま市見沼区染谷3－190－1さいたまかがやきの里", "url2": "https://www.kaigokensaku.mhlw.go.jp/11/index.php?action_kouhyou_detail_004_kani=true&JigyosyoCd=1176507398-00&ServiceCd=210&Type=search" }, "geometry": { "type": "Point", "coordinates": [ 139.682299699999902, 35.9098876 ] } },
{ "type": "Feature", "properties": { "内容": "ショートステイロイヤル【短期入所生活介護】埼玉県さいたま市見沼区大谷390-1ショートステイロイヤル", "url2": "https://www.kaigokensaku.mhlw.go.jp/11/index.php?action_kouhyou_detail_004_kani=true&JigyosyoCd=1176513693-00&ServiceCd=210&Type=search" }, "geometry": { "type": "Point", "coordinates": [ 139.668242100000043, 35.9268046 ] } },
{ "type": "Feature", "properties": { "内容": "ショートステイ　ソラスト七里【短期入所生活介護】さいたま市見沼区東宮下４７４", "url2": "https://www.kaigokensaku.mhlw.go.jp/11/index.php?action_kouhyou_detail_004_kani=true&JigyosyoCd=1176508719-00&ServiceCd=210&Type=search" }, "geometry": { "type": "Point", "coordinates": [ 139.680704699999978, 35.93051 ] } },
{ "type": "Feature", "properties": { "内容": "見沼北ケアセンターそよ風【短期入所生活介護】埼玉県さいたま市見沼区東大宮4-40-2", "url2": "https://www.kaigokensaku.mhlw.go.jp/11/index.php?action_kouhyou_detail_004_kani=true&JigyosyoCd=1176516514-00&ServiceCd=210&Type=search" }, "geometry": { "type": "Point", "coordinates": [ 139.636630299999979, 35.9522306 ] } },
{ "type": "Feature", "properties": { "内容": "短期入所生活介護　緑水苑与野【短期入所生活介護】大戸1-33-12", "url2": "https://www.kaigokensaku.mhlw.go.jp/11/index.php?action_kouhyou_detail_004_kani=true&JigyosyoCd=1176505194-00&ServiceCd=210&Type=search" }, "geometry": { "type": "Point", "coordinates": [ 139.6362829, 35.8641037 ] } },
{ "type": "Feature", "properties": { "内容": "短期入所生活介護　緑水苑与野【短期入所生活介護】大戸1-33-12", "url2": "https://www.kaigokensaku.mhlw.go.jp/11/index.php?action_kouhyou_detail_004_kani=true&JigyosyoCd=1176505202-00&ServiceCd=210&Type=search" }, "geometry": { "type": "Point", "coordinates": [ 139.7040431, 35.6470003 ] } },
{ "type": "Feature", "properties": { "内容": "特別養護老人ホーム　ナーシングヴィラ与野【短期入所生活介護】さいたま市中央区本町東6-10-1", "url2": "https://www.kaigokensaku.mhlw.go.jp/11/index.php?action_kouhyou_detail_004_kani=true&JigyosyoCd=1176509352-00&ServiceCd=210&Type=search" }, "geometry": { "type": "Point", "coordinates": [ 139.617588599999976, 35.8935552 ] } },
{ "type": "Feature", "properties": { "内容": "指定短期入所生活介護事業所　きりしき【短期入所生活介護】さいたま市中央区新中里２－８－６", "url2": "https://www.kaigokensaku.mhlw.go.jp/11/index.php?action_kouhyou_detail_004_kani=true&JigyosyoCd=1171500083-00&ServiceCd=210&Type=search" }, "geometry": { "type": "Point", "coordinates": [ 139.6340801, 35.8718805 ] } },
{ "type": "Feature", "properties": { "内容": "特別養護老人ホーム　さいたまロイヤルの園【短期入所生活介護】埼玉県さいたま市桜区大字五関３９６番地２", "url2": "https://www.kaigokensaku.mhlw.go.jp/11/index.php?action_kouhyou_detail_004_kani=true&JigyosyoCd=1176506069-00&ServiceCd=210&Type=search" }, "geometry": { "type": "Point", "coordinates": [ 139.595542099999989, 35.8663717 ] } },
{ "type": "Feature", "properties": { "内容": "桜中央ケアセンターそよ風【短期入所生活介護】埼玉県さいたま市桜区中島１－３－１４", "url2": "https://www.kaigokensaku.mhlw.go.jp/11/index.php?action_kouhyou_detail_004_kani=true&JigyosyoCd=1176511564-00&ServiceCd=210&Type=search" }, "geometry": { "type": "Point", "coordinates": [ 139.6265588, 35.864995 ] } },
{ "type": "Feature", "properties": { "内容": "あずみ苑五関【短期入所生活介護】埼玉県さいたま市桜区大字五関２９番地１", "url2": "https://www.kaigokensaku.mhlw.go.jp/11/index.php?action_kouhyou_detail_004_kani=true&JigyosyoCd=1176506796-00&ServiceCd=210&Type=search" }, "geometry": { "type": "Point", "coordinates": [ 139.598799900000017, 35.872748799999989 ] } },
{ "type": "Feature", "properties": { "内容": "ショートステイひだまり大久保【短期入所生活介護】埼玉県さいたま市桜区上大久保55-1", "url2": "https://www.kaigokensaku.mhlw.go.jp/11/index.php?action_kouhyou_detail_004_kani=true&JigyosyoCd=1176510855-00&ServiceCd=210&Type=search" }, "geometry": { "type": "Point", "coordinates": [ 139.6111599, 35.8659445 ] } },
{ "type": "Feature", "properties": { "内容": "特別養護老人ホーム彩寿苑　短期入所生活介護【短期入所生活介護】さいたま市桜区宿４００番地", "url2": "https://www.kaigokensaku.mhlw.go.jp/11/index.php?action_kouhyou_detail_004_kani=true&JigyosyoCd=1170100646-00&ServiceCd=210&Type=search" }, "geometry": { "type": "Point", "coordinates": [ 139.592939200000046, 35.8742179 ] } },
{ "type": "Feature", "properties": { "内容": "パナソニツクエイジフリーケアセンター中浦和ショートステイ【短期入所生活介護】西堀1-11-32", "url2": "https://www.kaigokensaku.mhlw.go.jp/11/index.php?action_kouhyou_detail_004_kani=true&JigyosyoCd=1176515573-00&ServiceCd=210&Type=search" }, "geometry": { "type": "Point", "coordinates": [ 139.544249199999967, 35.7757034 ] } },
{ "type": "Feature", "properties": { "内容": "浦和ふれあいの里【短期入所生活介護】さいたま市浦和区領家6-10-7", "url2": "https://www.kaigokensaku.mhlw.go.jp/11/index.php?action_kouhyou_detail_004_kani=true&JigyosyoCd=1176511390-00&ServiceCd=210&Type=search" }, "geometry": { "type": "Point", "coordinates": [ 139.648064699999964, 35.8803269 ] } },
{ "type": "Feature", "properties": { "内容": "本太ケアセンターそよ風【短期入所生活介護】埼玉県さいたま市浦和区本太１－１４－６", "url2": "https://www.kaigokensaku.mhlw.go.jp/11/index.php?action_kouhyou_detail_004_kani=true&JigyosyoCd=1176510533-00&ServiceCd=210&Type=search" }, "geometry": { "type": "Point", "coordinates": [ 139.664341599999943, 35.8633099 ] } },
{ "type": "Feature", "properties": { "内容": "たいようの杜短期入所生活介護【短期入所生活介護】埼玉県さいたま市浦和区常盤8-17-9", "url2": "https://www.kaigokensaku.mhlw.go.jp/11/index.php?action_kouhyou_detail_004_kani=true&JigyosyoCd=1176518155-00&ServiceCd=210&Type=search" }, "geometry": { "type": "Point", "coordinates": [ 139.6416226, 35.8638987 ] } },
{ "type": "Feature", "properties": { "内容": "ショートステイ　ルレーヴ南浦和【短期入所生活介護】さいたま市南区大谷口967-7", "url2": "https://www.kaigokensaku.mhlw.go.jp/11/index.php?action_kouhyou_detail_004_kani=true&JigyosyoCd=1176506036-00&ServiceCd=210&Type=search" }, "geometry": { "type": "Point", "coordinates": [ 139.681398400000035, 35.8634127 ] } },
{ "type": "Feature", "properties": { "内容": "武蔵浦和ケアセンターそよ風【短期入所生活介護】埼玉県さいたま市南区内谷５－５－２６", "url2": "https://www.kaigokensaku.mhlw.go.jp/11/index.php?action_kouhyou_detail_004_kani=true&JigyosyoCd=1176505517-00&ServiceCd=210&Type=search" }, "geometry": { "type": "Point", "coordinates": [ 139.644308200000069, 35.8329655 ] } },
{ "type": "Feature", "properties": { "内容": "介護老人保健施設　葵の園・浦和【短期入所生活介護】埼玉県さいたま市南区内谷5-24-1", "url2": "https://www.kaigokensaku.mhlw.go.jp/11/index.php?action_kouhyou_detail_004_kani=true&JigyosyoCd=1156580159-00&ServiceCd=210&Type=search" }, "geometry": { "type": "Point", "coordinates": [ 139.6445679, 35.8304525 ] } },
{ "type": "Feature", "properties": { "内容": "特別養護老人ホーム　埼玉さくらんぼⅠ番館【短期入所生活介護】埼玉県さいたま市南区大字太田窪3504-3", "url2": "https://www.kaigokensaku.mhlw.go.jp/11/index.php?action_kouhyou_detail_004_kani=true&JigyosyoCd=1176511424-00&ServiceCd=210&Type=search" }, "geometry": { "type": "Point", "coordinates": [ 139.6931932, 35.8489968 ] } },
{ "type": "Feature", "properties": { "内容": "短期入所生活介護事業所　埼玉さくらんぼⅡ番館【短期入所生活介護】さいたま市南区大字太田窪３５１６－１７", "url2": "https://www.kaigokensaku.mhlw.go.jp/11/index.php?action_kouhyou_detail_004_kani=true&JigyosyoCd=1176510293-00&ServiceCd=210&Type=search" }, "geometry": { "type": "Point", "coordinates": [ 139.693039399999947, 35.8495366 ] } },
{ "type": "Feature", "properties": { "内容": "アズハイムテラス浦和円正寺【短期入所生活介護】太田窪3517-11", "url2": "https://www.kaigokensaku.mhlw.go.jp/11/index.php?action_kouhyou_detail_004_kani=true&JigyosyoCd=1176516944-00&ServiceCd=210&Type=search" }, "geometry": { "type": "Point", "coordinates": [ 139.692967900000014, 35.850449 ] } },
{ "type": "Feature", "properties": { "内容": "こもれびの丘　ショートステイ【短期入所生活介護】埼玉県さいたま市南区広ヶ谷戸130-1介護老人福祉施設　こもれびの丘", "url2": "https://www.kaigokensaku.mhlw.go.jp/11/index.php?action_kouhyou_detail_004_kani=true&JigyosyoCd=1176513909-00&ServiceCd=210&Type=search" }, "geometry": { "type": "Point", "coordinates": [ 139.684562, 35.8637683 ] } },
{ "type": "Feature", "properties": { "内容": "社会福祉法人　弘優尽会　ショートステイ　けやきホームズ【短期入所生活介護】埼玉県さいたま市南区鹿手袋７－１３－４", "url2": "https://www.kaigokensaku.mhlw.go.jp/11/index.php?action_kouhyou_detail_004_kani=true&JigyosyoCd=1176501342-00&ServiceCd=210&Type=search" }, "geometry": { "type": "Point", "coordinates": [ 139.635411299999987, 35.8471 ] } },
{ "type": "Feature", "properties": { "内容": "特別養護老人ホーム　みょうばなの杜　空床利用型【短期入所生活介護】埼玉県さいたま市南区大谷口2474番地3", "url2": "https://www.kaigokensaku.mhlw.go.jp/11/index.php?action_kouhyou_detail_004_kani=true&JigyosyoCd=1176512711-00&ServiceCd=210&Type=search" }, "geometry": { "type": "Point", "coordinates": [ 139.68930279999995, 35.8603758 ] } },
{ "type": "Feature", "properties": { "内容": "あすなろの郷浦和短期入所生活介護【短期入所生活介護】埼玉県さいたま市緑区大字三室3029-3", "url2": "https://www.kaigokensaku.mhlw.go.jp/11/index.php?action_kouhyou_detail_004_kani=true&JigyosyoCd=1176512729-00&ServiceCd=210&Type=search" }, "geometry": { "type": "Point", "coordinates": [ 139.6901672, 35.8908337 ] } },
{ "type": "Feature", "properties": { "内容": "ショートステイみさき苑【短期入所生活介護】埼玉県さいたま市緑区美園２－１６－１", "url2": "https://www.kaigokensaku.mhlw.go.jp/11/index.php?action_kouhyou_detail_004_kani=true&JigyosyoCd=1176520433-00&ServiceCd=210&Type=search" }, "geometry": { "type": "Point", "coordinates": [ 139.7218872, 35.9006302 ] } },
{ "type": "Feature", "properties": { "内容": "ショートステイ　ケアサポートみどり【短期入所生活介護】埼玉県さいたま市緑区芝原1-13-5", "url2": "https://www.kaigokensaku.mhlw.go.jp/11/index.php?action_kouhyou_detail_004_kani=true&JigyosyoCd=1176511127-00&ServiceCd=210&Type=search" }, "geometry": { "type": "Point", "coordinates": [ 139.6894876, 35.8796066 ] } },
{ "type": "Feature", "properties": { "内容": "特別養護老人ホームリバティハウス【短期入所生活介護】埼玉県さいたま市緑区松木３－２９－５", "url2": "https://www.kaigokensaku.mhlw.go.jp/11/index.php?action_kouhyou_detail_004_kani=true&JigyosyoCd=1170100570-00&ServiceCd=210&Type=search" }, "geometry": { "type": "Point", "coordinates": [ 139.690380299999987, 35.8836631 ] } },
{ "type": "Feature", "properties": { "内容": "浦和しぶや苑【短期入所生活介護】埼玉県さいたま市緑区中尾925", "url2": "https://www.kaigokensaku.mhlw.go.jp/11/index.php?action_kouhyou_detail_004_kani=true&JigyosyoCd=1170100364-00&ServiceCd=210&Type=search" }, "geometry": { "type": "Point", "coordinates": [ 139.68146654655763, 35.874824066084393 ] } },
{ "type": "Feature", "properties": { "内容": "スマイルハウスショートステイサービス【短期入所生活介護】埼玉県さいたま市緑区大字大崎字北口2160番地", "url2": "https://www.kaigokensaku.mhlw.go.jp/11/index.php?action_kouhyou_detail_004_kani=true&JigyosyoCd=1170100505-00&ServiceCd=210&Type=search" }, "geometry": { "type": "Point", "coordinates": [ 139.705778399999986, 35.8887045 ] } },
{ "type": "Feature", "properties": { "内容": "白寿園ショートステイ【短期入所生活介護】埼玉県さいたま市緑区寺山157", "url2": "https://www.kaigokensaku.mhlw.go.jp/11/index.php?action_kouhyou_detail_004_kani=true&JigyosyoCd=1170100547-00&ServiceCd=210&Type=search" }, "geometry": { "type": "Point", "coordinates": [ 139.710612438262501, 35.904859811576323 ] } },
{ "type": "Feature", "properties": { "内容": "松鶴園【短期入所生活介護】さいたま市岩槻区大字古ヶ場１１番地", "url2": "https://www.kaigokensaku.mhlw.go.jp/11/index.php?action_kouhyou_detail_004_kani=true&JigyosyoCd=1170700130-00&ServiceCd=210&Type=search" }, "geometry": { "type": "Point", "coordinates": [ 139.690031800000042, 35.9781041 ] } },
{ "type": "Feature", "properties": { "内容": "短期入所生活介護　ひなの槻【短期入所生活介護】埼玉県さいたま市岩槻区裏慈恩寺40-3地域密着型特別養護老人ホーム　ひなの槻", "url2": "https://www.kaigokensaku.mhlw.go.jp/11/index.php?action_kouhyou_detail_004_kani=true&JigyosyoCd=1176515763-00&ServiceCd=210&Type=search" }, "geometry": { "type": "Point", "coordinates": [ 139.711668, 35.9907106 ] } },
{ "type": "Feature", "properties": { "内容": "介護老人福祉施設　　ひなの杜【短期入所生活介護】さいたま市岩槻区裏慈恩寺51-1", "url2": "https://www.kaigokensaku.mhlw.go.jp/11/index.php?action_kouhyou_detail_004_kani=true&JigyosyoCd=1176507471-00&ServiceCd=210&Type=search" }, "geometry": { "type": "Point", "coordinates": [ 139.7014057, 35.9789262 ] } },
{ "type": "Feature", "properties": { "内容": "ケアセンター岩槻名栗園【短期入所生活介護】さいたま市岩槻区諏訪三丁目2-2", "url2": "https://www.kaigokensaku.mhlw.go.jp/11/index.php?action_kouhyou_detail_004_kani=true&JigyosyoCd=1176506739-00&ServiceCd=210&Type=search" }, "geometry": { "type": "Point", "coordinates": [ 139.707850199999939, 35.9675975 ] } },
{ "type": "Feature", "properties": { "内容": "特別養護老人ホームまごめ遊美園【短期入所生活介護】埼玉県さいたま市岩槻区大字馬込1318-1", "url2": "https://www.kaigokensaku.mhlw.go.jp/11/index.php?action_kouhyou_detail_004_kani=true&JigyosyoCd=1176510285-00&ServiceCd=210&Type=search" }, "geometry": { "type": "Point", "coordinates": [ 139.660424499999976, 35.9712795 ] } },
{ "type": "Feature", "properties": { "内容": "短期入所生活介護　さいたましあわせの里【短期入所生活介護】埼玉県さいたま市岩槻区大字裏慈恩寺１１５３－１", "url2": "https://www.kaigokensaku.mhlw.go.jp/11/index.php?action_kouhyou_detail_004_kani=true&JigyosyoCd=1176509170-00&ServiceCd=210&Type=search" }, "geometry": { "type": "Point", "coordinates": [ 139.71305689999997, 35.9884609 ] } },
{ "type": "Feature", "properties": { "内容": "岩槻まきば園【短期入所生活介護】さいたま市岩槻区横根１３７５", "url2": "https://www.kaigokensaku.mhlw.go.jp/11/index.php?action_kouhyou_detail_004_kani=true&JigyosyoCd=1170700700-00&ServiceCd=210&Type=search" }, "geometry": { "type": "Point", "coordinates": [ 139.706593800000064, 35.921523 ] } },
{ "type": "Feature", "properties": { "内容": "特別養護老人ホーム　彩幸の杜【短期入所生活介護】埼玉県さいたま市岩槻区増長378番地1", "url2": "https://www.kaigokensaku.mhlw.go.jp/11/index.php?action_kouhyou_detail_004_kani=true&JigyosyoCd=1176508214-00&ServiceCd=210&Type=search" }, "geometry": { "type": "Point", "coordinates": [ 139.738744799999949, 35.944414 ] } },
{ "type": "Feature", "properties": { "内容": "特別養護老人ホーム　フレシール岩槻【短期入所生活介護】埼玉県さいたま市岩槻区大字加倉字坂下１９０番", "url2": "https://www.kaigokensaku.mhlw.go.jp/11/index.php?action_kouhyou_detail_004_kani=true&JigyosyoCd=1176514790-00&ServiceCd=210&Type=search" }, "geometry": { "type": "Point", "coordinates": [ 139.6898612, 35.9360433 ] } },
{ "type": "Feature", "properties": { "内容": "特別養護老人ホーム白鶴ホーム【短期入所生活介護】さいたま市岩槻区宮町１丁目５番１２号", "url2": "https://www.kaigokensaku.mhlw.go.jp/11/index.php?action_kouhyou_detail_004_kani=true&JigyosyoCd=1170700197-00&ServiceCd=210&Type=search" }, "geometry": { "type": "Point", "coordinates": [ 139.698365400000057, 35.9586181 ] } },
{ "type": "Feature", "properties": { "内容": "特別養護老人ホーム　千年の里【短期入所生活介護】埼玉県さいたま市岩槻区宮町1丁目10番12号", "url2": "https://www.kaigokensaku.mhlw.go.jp/11/index.php?action_kouhyou_detail_004_kani=true&JigyosyoCd=1176515748-00&ServiceCd=210&Type=search" }, "geometry": { "type": "Point", "coordinates": [ 139.699542763229374, 35.957460180382292 ] } },
{ "type": "Feature", "properties": { "内容": "特別養護老人ホーム　やまぶきの里【短期入所生活介護】埼玉県さいたま市岩槻区東岩槻2-2-20", "url2": "https://www.kaigokensaku.mhlw.go.jp/11/index.php?action_kouhyou_detail_004_kani=true&JigyosyoCd=1170700213-00&ServiceCd=210&Type=search" }, "geometry": { "type": "Point", "coordinates": [ 139.7095407, 35.9645522 ] } },
{ "type": "Feature", "properties": { "内容": "ショートステイ　しらさぎ【短期入所生活介護】さいたま市岩槻区南下新井１５３８－７", "url2": "https://www.kaigokensaku.mhlw.go.jp/11/index.php?action_kouhyou_detail_004_kani=true&JigyosyoCd=1176509634-00&ServiceCd=210&Type=search" }, "geometry": { "type": "Point", "coordinates": [ 139.715075699999943, 35.9341662 ] } },
{ "type": "Feature", "properties": { "内容": "ショートステイフローラ岩槻【短期入所生活介護】西原台1-4-84", "url2": "https://www.kaigokensaku.mhlw.go.jp/11/index.php?action_kouhyou_detail_004_kani=true&JigyosyoCd=1176513412-00&ServiceCd=210&Type=search" }, "geometry": { "type": "Point", "coordinates": [ 139.6864114, 35.9467849 ] } },
{ "type": "Feature", "properties": { "内容": "ショートステイフローラ岩槻仲町【短期入所生活介護】仲町1-12-28", "url2": "https://www.kaigokensaku.mhlw.go.jp/11/index.php?action_kouhyou_detail_004_kani=true&JigyosyoCd=1176517835-00&ServiceCd=210&Type=search" }, "geometry": { "type": "Point", "coordinates": [ 139.654615199999967, 35.861345 ] } },
{ "type": "Feature", "properties": { "内容": "東岩槻ケアセンターそよ風【短期入所生活介護】埼玉県さいたま市岩槻区表慈恩寺６２５－１", "url2": "https://www.kaigokensaku.mhlw.go.jp/11/index.php?action_kouhyou_detail_004_kani=true&JigyosyoCd=1176506705-00&ServiceCd=210&Type=search" }, "geometry": { "type": "Point", "coordinates": [ 139.70678620000001, 35.9721885 ] } },
{ "type": "Feature", "properties": { "内容": "扇河岸ケアセンターそよ風【短期入所生活介護】埼玉県川越市扇河岸38-2", "url2": "https://www.kaigokensaku.mhlw.go.jp/11/index.php?action_kouhyou_detail_004_kani=true&JigyosyoCd=1170403255-00&ServiceCd=210&Type=search" }, "geometry": { "type": "Point", "coordinates": [ 139.497627299999976, 35.8987291 ] } },
{ "type": "Feature", "properties": { "内容": "社会福祉法人　芳清会　特別養護老人ホーム　八瀬の里【短期入所生活介護】埼玉県川越市大字増形164番地", "url2": "https://www.kaigokensaku.mhlw.go.jp/11/index.php?action_kouhyou_detail_004_kani=true&JigyosyoCd=1170401770-00&ServiceCd=210&Type=search" }, "geometry": { "type": "Point", "coordinates": [ 139.436178899999959, 35.8907319 ] } },
{ "type": "Feature", "properties": { "内容": "ショートステイここしあ【短期入所生活介護】小ヶ谷88番地", "url2": "https://www.kaigokensaku.mhlw.go.jp/11/index.php?action_kouhyou_detail_004_kani=true&JigyosyoCd=1170404766-00&ServiceCd=210&Type=search" }, "geometry": { "type": "Point", "coordinates": [ 139.4555973, 35.9151852 ] } },
{ "type": "Feature", "properties": { "内容": "特別養護老人ホーム　すみれの里・川越【短期入所生活介護】川越市古谷本郷下組1487-1", "url2": "https://www.kaigokensaku.mhlw.go.jp/11/index.php?action_kouhyou_detail_004_kani=true&JigyosyoCd=1170400236-00&ServiceCd=210&Type=search" }, "geometry": { "type": "Point", "coordinates": [ 139.549571900000046, 35.8994007 ] } },
{ "type": "Feature", "properties": { "内容": "ショートステイぽぷらの樹【短期入所生活介護】川越市大字牛子字東町７０８番地１", "url2": "https://www.kaigokensaku.mhlw.go.jp/11/index.php?action_kouhyou_detail_004_kani=true&JigyosyoCd=1170400509-00&ServiceCd=210&Type=search" }, "geometry": { "type": "Point", "coordinates": [ 139.506811800000037, 35.8928724 ] } },
{ "type": "Feature", "properties": { "内容": "蔵の町・川越短期入所生活介護【短期入所生活介護】埼玉県川越市末広町1丁目2番１", "url2": "https://www.kaigokensaku.mhlw.go.jp/11/index.php?action_kouhyou_detail_004_kani=true&JigyosyoCd=1170401721-00&ServiceCd=210&Type=search" }, "geometry": { "type": "Point", "coordinates": [ 139.47908, 35.9214871 ] } },
{ "type": "Feature", "properties": { "内容": "ショートステイソラスト川越【短期入所生活介護】埼玉県川越市鯨井1116-1", "url2": "https://www.kaigokensaku.mhlw.go.jp/11/index.php?action_kouhyou_detail_004_kani=true&JigyosyoCd=1170404592-00&ServiceCd=210&Type=search" }, "geometry": { "type": "Point", "coordinates": [ 139.4478119, 35.935309 ] } },
{ "type": "Feature", "properties": { "内容": "陽光園短期入所生活介護事業所【短期入所生活介護】川越市大字砂新田454番地", "url2": "https://www.kaigokensaku.mhlw.go.jp/11/index.php?action_kouhyou_detail_004_kani=true&JigyosyoCd=1170400368-00&ServiceCd=210&Type=search" }, "geometry": { "type": "Point", "coordinates": [ 139.489264100000014, 35.8830009 ] } },
{ "type": "Feature", "properties": { "内容": "小江戸の庭　ショートステイ【短期入所生活介護】埼玉県川越市大字小仙波823-1", "url2": "https://www.kaigokensaku.mhlw.go.jp/11/index.php?action_kouhyou_detail_004_kani=true&JigyosyoCd=1170402570-00&ServiceCd=210&Type=search" }, "geometry": { "type": "Point", "coordinates": [ 139.504114, 35.9168163 ] } },
{ "type": "Feature", "properties": { "内容": "あずみ苑小室【短期入所生活介護】川越市小室441", "url2": "https://www.kaigokensaku.mhlw.go.jp/11/index.php?action_kouhyou_detail_004_kani=true&JigyosyoCd=1170401937-00&ServiceCd=210&Type=search" }, "geometry": { "type": "Point", "coordinates": [ 139.464225899999974, 35.9164624 ] } },
{ "type": "Feature", "properties": { "内容": "真正会短期入所生活介護真寿園【短期入所生活介護】埼玉県川越市安比奈新田292-1", "url2": "https://www.kaigokensaku.mhlw.go.jp/11/index.php?action_kouhyou_detail_004_kani=true&JigyosyoCd=1170400160-00&ServiceCd=210&Type=search" }, "geometry": { "type": "Point", "coordinates": [ 139.418041200000062, 35.9007718 ] } },
{ "type": "Feature", "properties": { "内容": "川越キングス・ガーデン【短期入所生活介護】川越市大字天沼新田247番地2", "url2": "https://www.kaigokensaku.mhlw.go.jp/11/index.php?action_kouhyou_detail_004_kani=true&JigyosyoCd=1170400228-00&ServiceCd=210&Type=search" }, "geometry": { "type": "Point", "coordinates": [ 139.430624355358844, 35.938038895366731 ] } },
{ "type": "Feature", "properties": { "内容": "新宿ケアセンターそよ風【短期入所生活介護】埼玉県川越市新宿町６－３３－２", "url2": "https://www.kaigokensaku.mhlw.go.jp/11/index.php?action_kouhyou_detail_004_kani=true&JigyosyoCd=1170403156-00&ServiceCd=210&Type=search" }, "geometry": { "type": "Point", "coordinates": [ 139.474034299999971, 35.8936658 ] } },
{ "type": "Feature", "properties": { "内容": "みどりのまち親愛【短期入所生活介護】埼玉県川越市中台南２丁目１５番地１０", "url2": "https://www.kaigokensaku.mhlw.go.jp/11/index.php?action_kouhyou_detail_004_kani=true&JigyosyoCd=1170404238-00&ServiceCd=210&Type=search" }, "geometry": { "type": "Point", "coordinates": [ 139.463726171430835, 35.880688828974051 ] } },
{ "type": "Feature", "properties": { "内容": "ショートステイ　アイリス弐番館【短期入所生活介護】埼玉県川越市山田1526-1", "url2": "https://www.kaigokensaku.mhlw.go.jp/11/index.php?action_kouhyou_detail_004_kani=true&JigyosyoCd=1170403917-00&ServiceCd=210&Type=search" }, "geometry": { "type": "Point", "coordinates": [ 139.47568810000007, 35.9456749 ] } },
{ "type": "Feature", "properties": { "内容": "フクト２１ショートステイアイリス【短期入所生活介護】埼玉県川越市府川243-2", "url2": "https://www.kaigokensaku.mhlw.go.jp/11/index.php?action_kouhyou_detail_004_kani=true&JigyosyoCd=1170404527-00&ServiceCd=210&Type=search" }, "geometry": { "type": "Point", "coordinates": [ 139.482218858404337, 35.944477937819414 ] } },
{ "type": "Feature", "properties": { "内容": "ショートステイみんなの家・川越新河岸【短期入所生活介護】埼玉県川越市砂870-4", "url2": "https://www.kaigokensaku.mhlw.go.jp/11/index.php?action_kouhyou_detail_004_kani=true&JigyosyoCd=1170405128-00&ServiceCd=210&Type=search" }, "geometry": { "type": "Point", "coordinates": [ 139.4943862, 35.8922181 ] } },
{ "type": "Feature", "properties": { "内容": "ショートステイすまいる小江戸【短期入所生活介護】埼玉県川越市下老袋742-1すまいる小江戸", "url2": "https://www.kaigokensaku.mhlw.go.jp/11/index.php?action_kouhyou_detail_004_kani=true&JigyosyoCd=1170404493-00&ServiceCd=210&Type=search" }, "geometry": { "type": "Point", "coordinates": [ 139.532272499999976, 35.9376612 ] } },
{ "type": "Feature", "properties": { "内容": "ショートステイ　みなみかぜ【短期入所生活介護】埼玉県川越市大字吉田２０４番地２", "url2": "https://www.kaigokensaku.mhlw.go.jp/11/index.php?action_kouhyou_detail_004_kani=true&JigyosyoCd=1170400350-00&ServiceCd=210&Type=search" }, "geometry": { "type": "Point", "coordinates": [ 139.426018800000065, 35.9286754 ] } },
{ "type": "Feature", "properties": { "内容": "短期入所介護　のぞみの里【短期入所生活介護】埼玉県熊谷市拾六間２９９－１のぞみの里", "url2": "https://www.kaigokensaku.mhlw.go.jp/11/index.php?action_kouhyou_detail_004_kani=true&JigyosyoCd=1173102342-00&ServiceCd=210&Type=search" }, "geometry": { "type": "Point", "coordinates": [ 139.32361990000004, 36.1667339 ] } },
{ "type": "Feature", "properties": { "内容": "新光苑【短期入所生活介護】埼玉県熊谷市小島527番地", "url2": "https://www.kaigokensaku.mhlw.go.jp/11/index.php?action_kouhyou_detail_004_kani=true&JigyosyoCd=1173138502-00&ServiceCd=210&Type=search" }, "geometry": { "type": "Point", "coordinates": [ 139.3426097, 36.1547947 ] } },
{ "type": "Feature", "properties": { "内容": "短期入所施設　いこいの里【短期入所生活介護】熊谷市原井155-2", "url2": "https://www.kaigokensaku.mhlw.go.jp/11/index.php?action_kouhyou_detail_004_kani=true&JigyosyoCd=1174500593-00&ServiceCd=210&Type=search" }, "geometry": { "type": "Point", "coordinates": [ 139.351400099999978, 36.2024111 ] } },
{ "type": "Feature", "properties": { "内容": "短期入所生活介護　まごころの里【短期入所生活介護】埼玉県熊谷市村岡50番地", "url2": "https://www.kaigokensaku.mhlw.go.jp/11/index.php?action_kouhyou_detail_004_kani=true&JigyosyoCd=1173102979-00&ServiceCd=210&Type=search" }, "geometry": { "type": "Point", "coordinates": [ 139.376466020033405, 36.119619373589821 ] } },
{ "type": "Feature", "properties": { "内容": "特別養護老人ホーム永寿苑【短期入所生活介護】熊谷市西別府１５９９－５", "url2": "https://www.kaigokensaku.mhlw.go.jp/11/index.php?action_kouhyou_detail_004_kani=true&JigyosyoCd=1173100163-00&ServiceCd=210&Type=search" }, "geometry": { "type": "Point", "coordinates": [ 139.331673899999942, 36.1915871 ] } },
{ "type": "Feature", "properties": { "内容": "ショートステイ神根苑【短期入所生活介護】埼玉県熊谷市太井402-2", "url2": "https://www.kaigokensaku.mhlw.go.jp/11/index.php?action_kouhyou_detail_004_kani=true&JigyosyoCd=1173101740-00&ServiceCd=210&Type=search" }, "geometry": { "type": "Point", "coordinates": [ 139.4301198, 36.1237977 ] } },
{ "type": "Feature", "properties": { "内容": "いずみ熊谷【短期入所生活介護】埼玉県熊谷市平戸212-1", "url2": "https://www.kaigokensaku.mhlw.go.jp/11/index.php?action_kouhyou_detail_004_kani=true&JigyosyoCd=1173102441-00&ServiceCd=210&Type=search" }, "geometry": { "type": "Point", "coordinates": [ 139.412411300000031, 36.1439857 ] } },
{ "type": "Feature", "properties": { "内容": "はなぶさ苑リハビリショートステイ【短期入所生活介護】埼玉県熊谷市玉井３３６番地１", "url2": "https://www.kaigokensaku.mhlw.go.jp/11/index.php?action_kouhyou_detail_004_kani=true&JigyosyoCd=1173100106-00&ServiceCd=210&Type=search" }, "geometry": { "type": "Point", "coordinates": [ 139.35114550000003, 36.1707314 ] } },
{ "type": "Feature", "properties": { "内容": "特別養護老人ホームはなぶさ苑　短期入所生活介護事業所【短期入所生活介護】埼玉県熊谷市玉井３４６番地１", "url2": "https://www.kaigokensaku.mhlw.go.jp/11/index.php?action_kouhyou_detail_004_kani=true&JigyosyoCd=1173100510-00&ServiceCd=210&Type=search" }, "geometry": { "type": "Point", "coordinates": [ 139.352994950154084, 36.170668956057398 ] } },
{ "type": "Feature", "properties": { "内容": "はなぶさ温泉ショートステイ【短期入所生活介護】埼玉県熊谷市玉井372番地1", "url2": "https://www.kaigokensaku.mhlw.go.jp/11/index.php?action_kouhyou_detail_004_kani=true&JigyosyoCd=1173102938-00&ServiceCd=210&Type=search" }, "geometry": { "type": "Point", "coordinates": [ 139.352738936584529, 36.171771288499329 ] } },
{ "type": "Feature", "properties": { "内容": "熊谷南ケアセンターそよ風【短期入所生活介護】埼玉県熊谷市大麻生７６５", "url2": "https://www.kaigokensaku.mhlw.go.jp/11/index.php?action_kouhyou_detail_004_kani=true&JigyosyoCd=1173100965-00&ServiceCd=210&Type=search" }, "geometry": { "type": "Point", "coordinates": [ 139.3256585, 36.1453688 ] } },
{ "type": "Feature", "properties": { "内容": "はなぶさ苑短期入所生活介護事業所（ユニット型）【短期入所生活介護】埼玉県熊谷市玉井346番地1", "url2": "https://www.kaigokensaku.mhlw.go.jp/11/index.php?action_kouhyou_detail_004_kani=true&JigyosyoCd=1173138718-00&ServiceCd=210&Type=search" }, "geometry": { "type": "Point", "coordinates": [ 139.352974049058503, 36.170640660324729 ] } },
{ "type": "Feature", "properties": { "内容": "短期入所生活介護事業所彩華園【短期入所生活介護】埼玉県熊谷市上川上２６６", "url2": "https://www.kaigokensaku.mhlw.go.jp/11/index.php?action_kouhyou_detail_004_kani=true&JigyosyoCd=1173100999-00&ServiceCd=210&Type=search" }, "geometry": { "type": "Point", "coordinates": [ 139.414936799999964, 36.166706 ] } },
{ "type": "Feature", "properties": { "内容": "ショートステイ　ルーエ【短期入所生活介護】埼玉県熊谷市川原明戸471-3", "url2": "https://www.kaigokensaku.mhlw.go.jp/11/index.php?action_kouhyou_detail_004_kani=true&JigyosyoCd=1173102425-00&ServiceCd=210&Type=search" }, "geometry": { "type": "Point", "coordinates": [ 139.3157294, 36.141906 ] } },
{ "type": "Feature", "properties": { "内容": "短期入所生活介護事業所　上川原んち【短期入所生活介護】埼玉県熊谷市小島４４９番地１", "url2": "https://www.kaigokensaku.mhlw.go.jp/11/index.php?action_kouhyou_detail_004_kani=true&JigyosyoCd=1173101831-00&ServiceCd=210&Type=search" }, "geometry": { "type": "Point", "coordinates": [ 139.337719200000038, 36.1554104 ] } },
{ "type": "Feature", "properties": { "内容": "短期入所生活介護熊谷ホーム【短期入所生活介護】埼玉県熊谷市新堀1140番地", "url2": "https://www.kaigokensaku.mhlw.go.jp/11/index.php?action_kouhyou_detail_004_kani=true&JigyosyoCd=1173101823-00&ServiceCd=210&Type=search" }, "geometry": { "type": "Point", "coordinates": [ 139.32015951600809, 36.174675135058592 ] } },
{ "type": "Feature", "properties": { "内容": "短期入所施設　玉の緒【短期入所生活介護】埼玉県熊谷市大塚１７９番地２", "url2": "https://www.kaigokensaku.mhlw.go.jp/11/index.php?action_kouhyou_detail_004_kani=true&JigyosyoCd=1173100148-00&ServiceCd=210&Type=search" }, "geometry": { "type": "Point", "coordinates": [ 139.419749899999942, 36.167431 ] } },
{ "type": "Feature", "properties": { "内容": "特別養護老人ホーム　愛心園【短期入所生活介護】埼玉県熊谷市上根２６８番地", "url2": "https://www.kaigokensaku.mhlw.go.jp/11/index.php?action_kouhyou_detail_004_kani=true&JigyosyoCd=1174500122-00&ServiceCd=210&Type=search" }, "geometry": { "type": "Point", "coordinates": [ 139.381591299999968, 36.2138411 ] } },
{ "type": "Feature", "properties": { "内容": "有限会社　ヘルパーステーション【短期入所生活介護】埼玉県熊谷市野原135-6", "url2": "https://www.kaigokensaku.mhlw.go.jp/11/index.php?action_kouhyou_detail_004_kani=true&JigyosyoCd=1173100304-00&ServiceCd=210&Type=search" }, "geometry": { "type": "Point", "coordinates": [ 139.354873199999929, 36.1062947 ] } },
{ "type": "Feature", "properties": { "内容": "短期入所生活介護事業所立正たちばなホーム【短期入所生活介護】埼玉県熊谷市万吉１７５６－１３０", "url2": "https://www.kaigokensaku.mhlw.go.jp/11/index.php?action_kouhyou_detail_004_kani=true&JigyosyoCd=1173100403-00&ServiceCd=210&Type=search" }, "geometry": { "type": "Point", "coordinates": [ 139.365654243516445, 36.111305227759175 ] } },
{ "type": "Feature", "properties": { "内容": "ショートステイ　サンヴィレッジ【短期入所生活介護】埼玉県熊谷市津田１５６０－１", "url2": "https://www.kaigokensaku.mhlw.go.jp/11/index.php?action_kouhyou_detail_004_kani=true&JigyosyoCd=1174500163-00&ServiceCd=210&Type=search" }, "geometry": { "type": "Point", "coordinates": [ 139.425654200000054, 36.0952205 ] } },
{ "type": "Feature", "properties": { "内容": "特別養護老人ホーム　熊谷めぬまの郷【短期入所生活介護】埼玉県熊谷市飯塚1398-1", "url2": "https://www.kaigokensaku.mhlw.go.jp/11/index.php?action_kouhyou_detail_004_kani=true&JigyosyoCd=1173103555-00&ServiceCd=210&Type=search" }, "geometry": { "type": "Point", "coordinates": [ 139.3506265, 36.2173729 ] } },
{ "type": "Feature", "properties": { "内容": "特別養護老人ホーム　第2春香苑【短期入所生活介護】埼玉県川口市末広3-4-13", "url2": "https://www.kaigokensaku.mhlw.go.jp/11/index.php?action_kouhyou_detail_004_kani=true&JigyosyoCd=1170207979-00&ServiceCd=210&Type=search" }, "geometry": { "type": "Point", "coordinates": [ 139.740728, 35.8074996 ] } },
{ "type": "Feature", "properties": { "内容": "特別養護老人ホーム　とわの郷【短期入所生活介護】埼玉県川口市赤山76-1", "url2": "https://www.kaigokensaku.mhlw.go.jp/11/index.php?action_kouhyou_detail_004_kani=true&JigyosyoCd=1170208878-00&ServiceCd=210&Type=search" }, "geometry": { "type": "Point", "coordinates": [ 139.7496026, 35.8468081 ] } },
{ "type": "Feature", "properties": { "内容": "短期入所生活介護事業所　川口かがやきの里【短期入所生活介護】埼玉県川口市西新井宿1065-1", "url2": "https://www.kaigokensaku.mhlw.go.jp/11/index.php?action_kouhyou_detail_004_kani=true&JigyosyoCd=1170203820-00&ServiceCd=210&Type=search" }, "geometry": { "type": "Point", "coordinates": [ 139.729855499999985, 35.8512034 ] } },
{ "type": "Feature", "properties": { "内容": "タムスさくらの杜新井宿【短期入所生活介護】新井宿250-1", "url2": "https://www.kaigokensaku.mhlw.go.jp/11/index.php?action_kouhyou_detail_004_kani=true&JigyosyoCd=1170209272-00&ServiceCd=210&Type=search" }, "geometry": { "type": "Point", "coordinates": [ 139.738157856097416, 35.847910905391686 ] } },
{ "type": "Feature", "properties": { "内容": "タムスさくらの杜新井宿【短期入所生活介護】新井宿250-1", "url2": "https://www.kaigokensaku.mhlw.go.jp/11/index.php?action_kouhyou_detail_004_kani=true&JigyosyoCd=1170209280-00&ServiceCd=210&Type=search" }, "geometry": { "type": "Point", "coordinates": [ 139.738187959574276, 35.84790220887146 ] } },
{ "type": "Feature", "properties": { "内容": "ショートステイ香の里【短期入所生活介護】埼玉県川口市安行小山456番地", "url2": "https://www.kaigokensaku.mhlw.go.jp/11/index.php?action_kouhyou_detail_004_kani=true&JigyosyoCd=1170208035-00&ServiceCd=210&Type=search" }, "geometry": { "type": "Point", "coordinates": [ 139.775761992729258, 35.835981189151248 ] } },
{ "type": "Feature", "properties": { "内容": "短期入所生活介護事業所　春香苑【短期入所生活介護】埼玉県川口市末広３－３－３０", "url2": "https://www.kaigokensaku.mhlw.go.jp/11/index.php?action_kouhyou_detail_004_kani=true&JigyosyoCd=1170203564-00&ServiceCd=210&Type=search" }, "geometry": { "type": "Point", "coordinates": [ 139.741947399999958, 35.8072413 ] } },
{ "type": "Feature", "properties": { "内容": "特別養護老人ホーム　かわぐちロイヤルの園【短期入所生活介護】埼玉県川口市大字西立野48番地", "url2": "https://www.kaigokensaku.mhlw.go.jp/11/index.php?action_kouhyou_detail_004_kani=true&JigyosyoCd=1170205742-00&ServiceCd=210&Type=search" }, "geometry": { "type": "Point", "coordinates": [ 139.752767914324949, 35.854027404969855 ] } },
{ "type": "Feature", "properties": { "内容": "特別養護老人ホーム　川口キングス・ガーデン【短期入所生活介護】埼玉県川口市赤芝新田525-1", "url2": "https://www.kaigokensaku.mhlw.go.jp/11/index.php?action_kouhyou_detail_004_kani=true&JigyosyoCd=1170203846-00&ServiceCd=210&Type=search" }, "geometry": { "type": "Point", "coordinates": [ 139.749862033729528, 35.851384904318294 ] } },
{ "type": "Feature", "properties": { "内容": "特別養護老人ホーム　川口みやびの郷【短期入所生活介護】埼玉県川口市石神58", "url2": "https://www.kaigokensaku.mhlw.go.jp/11/index.php?action_kouhyou_detail_004_kani=true&JigyosyoCd=1170206344-00&ServiceCd=210&Type=search" }, "geometry": { "type": "Point", "coordinates": [ 139.736422800000014, 35.8545435 ] } },
{ "type": "Feature", "properties": { "内容": "総合ケアセンター　リバー・イン【短期入所生活介護】埼玉県川口市上青木５－５－５４", "url2": "https://www.kaigokensaku.mhlw.go.jp/11/index.php?action_kouhyou_detail_004_kani=true&JigyosyoCd=1170201279-00&ServiceCd=210&Type=search" }, "geometry": { "type": "Point", "coordinates": [ 139.7246093, 35.8314531 ] } },
{ "type": "Feature", "properties": { "内容": "ショートステイケアサポートかわぐち【短期入所生活介護】埼玉県川口市榛松1-8-5", "url2": "https://www.kaigokensaku.mhlw.go.jp/11/index.php?action_kouhyou_detail_004_kani=true&JigyosyoCd=1170203895-00&ServiceCd=210&Type=search" }, "geometry": { "type": "Point", "coordinates": [ 139.772694199999933, 35.8205348 ] } },
{ "type": "Feature", "properties": { "内容": "川口元郷ショートステイそよ風【短期入所生活介護】埼玉県川口市元郷4-8-22", "url2": "https://www.kaigokensaku.mhlw.go.jp/11/index.php?action_kouhyou_detail_004_kani=true&JigyosyoCd=1170207169-00&ServiceCd=210&Type=search" }, "geometry": { "type": "Point", "coordinates": [ 139.7353052, 35.7952186 ] } },
{ "type": "Feature", "properties": { "内容": "特別養護老人ホーム　タムスさくらの杜川口【短期入所生活介護】埼玉県川口市神戸539-5", "url2": "https://www.kaigokensaku.mhlw.go.jp/11/index.php?action_kouhyou_detail_004_kani=true&JigyosyoCd=1170204695-00&ServiceCd=210&Type=search" }, "geometry": { "type": "Point", "coordinates": [ 139.728633299999956, 35.8530934 ] } },
{ "type": "Feature", "properties": { "内容": "短期入所生活介護　紫水苑【短期入所生活介護】川口市大字石神1560-1", "url2": "https://www.kaigokensaku.mhlw.go.jp/11/index.php?action_kouhyou_detail_004_kani=true&JigyosyoCd=1170200727-00&ServiceCd=210&Type=search" }, "geometry": { "type": "Point", "coordinates": [ 139.742415299999948, 35.8557837 ] } },
{ "type": "Feature", "properties": { "内容": "特別養護老人ホーム　川口シニアセンター【短期入所生活介護】川口市西新井宿1216-6", "url2": "https://www.kaigokensaku.mhlw.go.jp/11/index.php?action_kouhyou_detail_004_kani=true&JigyosyoCd=1170203010-00&ServiceCd=210&Type=search" }, "geometry": { "type": "Point", "coordinates": [ 139.736141, 35.8524451 ] } },
{ "type": "Feature", "properties": { "内容": "短期入所生活介護　春輝苑【短期入所生活介護】埼玉県川口市青木３丁目２０番１５号", "url2": "https://www.kaigokensaku.mhlw.go.jp/11/index.php?action_kouhyou_detail_004_kani=true&JigyosyoCd=1170203234-00&ServiceCd=210&Type=search" }, "geometry": { "type": "Point", "coordinates": [ 139.7290011, 35.8132593 ] } },
{ "type": "Feature", "properties": { "内容": "川口市特別養護老人ホーム「川口市短期入所生活介護事業」【短期入所生活介護】埼玉県川口市大字赤井１０５５番地高齢者総合福祉センターサンテピア内", "url2": "https://www.kaigokensaku.mhlw.go.jp/11/index.php?action_kouhyou_detail_004_kani=true&JigyosyoCd=1170200495-00&ServiceCd=210&Type=search" }, "geometry": { "type": "Point", "coordinates": [ 139.748112900000024, 35.8268352 ] } },
{ "type": "Feature", "properties": { "内容": "短期入所生活介護事業所　かわぐち翔裕園【短期入所生活介護】埼玉県川口市赤芝新田１１４－１", "url2": "https://www.kaigokensaku.mhlw.go.jp/11/index.php?action_kouhyou_detail_004_kani=true&JigyosyoCd=1170204141-00&ServiceCd=210&Type=search" }, "geometry": { "type": "Point", "coordinates": [ 139.749020299999984, 35.8539036 ] } },
{ "type": "Feature", "properties": { "内容": "特別養護老人ホーム　親光【短期入所生活介護】川口市西新井宿931", "url2": "https://www.kaigokensaku.mhlw.go.jp/11/index.php?action_kouhyou_detail_004_kani=true&JigyosyoCd=1170204398-00&ServiceCd=210&Type=search" }, "geometry": { "type": "Point", "coordinates": [ 139.735347707104665, 35.847698940133583 ] } },
{ "type": "Feature", "properties": { "内容": "川口ほほえみの里【短期入所生活介護】埼玉県川口市大字西新井宿980番地", "url2": "https://www.kaigokensaku.mhlw.go.jp/11/index.php?action_kouhyou_detail_004_kani=true&JigyosyoCd=1170206898-00&ServiceCd=210&Type=search" }, "geometry": { "type": "Point", "coordinates": [ 139.733851400247204, 35.849822457746207 ] } },
{ "type": "Feature", "properties": { "内容": "川口しあわせの里【短期入所生活介護】埼玉県川口市安行領根岸字原山3763番地", "url2": "https://www.kaigokensaku.mhlw.go.jp/11/index.php?action_kouhyou_detail_004_kani=true&JigyosyoCd=1170203192-00&ServiceCd=210&Type=search" }, "geometry": { "type": "Point", "coordinates": [ 139.729747776766146, 35.84524764596042 ] } },
{ "type": "Feature", "properties": { "内容": "介護老人福祉施設　マッシーテラス【短期入所生活介護】川口市芝下1-1-36", "url2": "https://www.kaigokensaku.mhlw.go.jp/11/index.php?action_kouhyou_detail_004_kani=true&JigyosyoCd=1170204174-00&ServiceCd=210&Type=search" }, "geometry": { "type": "Point", "coordinates": [ 139.7004058, 35.8358522 ] } },
{ "type": "Feature", "properties": { "内容": "介護老人福祉施設ベルホーム【短期入所生活介護】埼玉県川口市辻９５８番地", "url2": "https://www.kaigokensaku.mhlw.go.jp/11/index.php?action_kouhyou_detail_004_kani=true&JigyosyoCd=1172000174-00&ServiceCd=210&Type=search" }, "geometry": { "type": "Point", "coordinates": [ 139.73298090000003, 35.8282956 ] } },
{ "type": "Feature", "properties": { "内容": "鳩ヶ谷ケアセンターそよ風【短期入所生活介護】埼玉県川口市里1218", "url2": "https://www.kaigokensaku.mhlw.go.jp/11/index.php?action_kouhyou_detail_004_kani=true&JigyosyoCd=1172000430-00&ServiceCd=210&Type=search" }, "geometry": { "type": "Point", "coordinates": [ 139.7325113, 35.8319964 ] } },
{ "type": "Feature", "properties": { "内容": "特別養護老人ホーム　ひかり苑【短期入所生活介護】埼玉県鳩川口市坂下町４－１６－３", "url2": "https://www.kaigokensaku.mhlw.go.jp/11/index.php?action_kouhyou_detail_004_kani=true&JigyosyoCd=1172000075-00&ServiceCd=210&Type=search" }, "geometry": { "type": "Point", "coordinates": [ 139.738891509934206, 35.825620443335154 ] } },
{ "type": "Feature", "properties": { "内容": "川口南ケアセンターそよ風【短期入所生活介護】埼玉県川口市南町2-8-29", "url2": "https://www.kaigokensaku.mhlw.go.jp/11/index.php?action_kouhyou_detail_004_kani=true&JigyosyoCd=1170209165-00&ServiceCd=210&Type=search" }, "geometry": { "type": "Point", "coordinates": [ 139.70286440000001, 35.8051453 ] } },
{ "type": "Feature", "properties": { "内容": "ショートステイ　タムスさくらの杜道合【短期入所生活介護】道合1318-1", "url2": "https://www.kaigokensaku.mhlw.go.jp/11/index.php?action_kouhyou_detail_004_kani=true&JigyosyoCd=1170206906-00&ServiceCd=210&Type=search" }, "geometry": { "type": "Point", "coordinates": [ 139.7175178, 35.8472841 ] } },
{ "type": "Feature", "properties": { "内容": "短期入所生活介護　和楽苑【短期入所生活介護】埼玉県川口市大字安行領家506番地の15", "url2": "https://www.kaigokensaku.mhlw.go.jp/11/index.php?action_kouhyou_detail_004_kani=true&JigyosyoCd=1170201386-00&ServiceCd=210&Type=search" }, "geometry": { "type": "Point", "coordinates": [ 139.758614200000011, 35.8456189 ] } },
{ "type": "Feature", "properties": { "内容": "特別養護老人ホーム　孝の季苑【短期入所生活介護】埼玉県川口市青木5-17-23", "url2": "https://www.kaigokensaku.mhlw.go.jp/11/index.php?action_kouhyou_detail_004_kani=true&JigyosyoCd=1170208357-00&ServiceCd=210&Type=search" }, "geometry": { "type": "Point", "coordinates": [ 139.722298200000012, 35.8178783 ] } },
{ "type": "Feature", "properties": { "内容": "短期入所生活介護ふぁみぃゆ東館【短期入所生活介護】埼玉県行田市下須戸65番地1地域密着型", "url2": "https://www.kaigokensaku.mhlw.go.jp/11/index.php?action_kouhyou_detail_004_kani=true&JigyosyoCd=1173701069-00&ServiceCd=210&Type=search" }, "geometry": { "type": "Point", "coordinates": [ 139.5050946, 36.1453981 ] } },
{ "type": "Feature", "properties": { "内容": "ソレアード行田【短期入所生活介護】埼玉県行田市門井町1-32-1", "url2": "https://www.kaigokensaku.mhlw.go.jp/11/index.php?action_kouhyou_detail_004_kani=true&JigyosyoCd=1173700723-00&ServiceCd=210&Type=search" }, "geometry": { "type": "Point", "coordinates": [ 139.43627390000006, 36.1201034 ] } },
{ "type": "Feature", "properties": { "内容": "緑風苑ショートステイ【短期入所生活介護】埼玉県行田市須加1529", "url2": "https://www.kaigokensaku.mhlw.go.jp/11/index.php?action_kouhyou_detail_004_kani=true&JigyosyoCd=1173700103-00&ServiceCd=210&Type=search" }, "geometry": { "type": "Point", "coordinates": [ 139.488100963090602, 36.184688094811811 ] } },
{ "type": "Feature", "properties": { "内容": "社会医療法人壮幸会　介護保険施設心春（こはる）【短期入所生活介護】行田市持田2426", "url2": "https://www.kaigokensaku.mhlw.go.jp/11/index.php?action_kouhyou_detail_004_kani=true&JigyosyoCd=1173700632-00&ServiceCd=210&Type=search" }, "geometry": { "type": "Point", "coordinates": [ 139.434579, 36.1307796 ] } },
{ "type": "Feature", "properties": { "内容": "特別養護老人ホーム雅【短期入所生活介護】埼玉県行田市持田2424", "url2": "https://www.kaigokensaku.mhlw.go.jp/11/index.php?action_kouhyou_detail_004_kani=true&JigyosyoCd=1173700954-00&ServiceCd=210&Type=search" }, "geometry": { "type": "Point", "coordinates": [ 139.427263966581165, 36.137497529634814 ] } },
{ "type": "Feature", "properties": { "内容": "あずみ苑行田【短期入所生活介護】埼玉県行田市門井町3-2-1", "url2": "https://www.kaigokensaku.mhlw.go.jp/11/index.php?action_kouhyou_detail_004_kani=true&JigyosyoCd=1173700608-00&ServiceCd=210&Type=search" }, "geometry": { "type": "Point", "coordinates": [ 139.442575600000026, 36.1253778 ] } },
{ "type": "Feature", "properties": { "内容": "ふぁみぃゆショートステイ【短期入所生活介護】埼玉県行田市大字下須戸75番地", "url2": "https://www.kaigokensaku.mhlw.go.jp/11/index.php?action_kouhyou_detail_004_kani=true&JigyosyoCd=1173700459-00&ServiceCd=210&Type=search" }, "geometry": { "type": "Point", "coordinates": [ 139.509701, 36.1392122 ] } },
{ "type": "Feature", "properties": { "内容": "行田ショートステイそよ風【短期入所生活介護】天満3-15行田ショートステイそよ風", "url2": "https://www.kaigokensaku.mhlw.go.jp/11/index.php?action_kouhyou_detail_004_kani=true&JigyosyoCd=1173700889-00&ServiceCd=210&Type=search" }, "geometry": { "type": "Point", "coordinates": [ 139.460764599999948, 36.1365158 ] } },
{ "type": "Feature", "properties": { "内容": "医療法人葦の会「笑顔いっぱい」【短期入所生活介護】埼玉県行田市大字下忍１０８６番地１", "url2": "https://www.kaigokensaku.mhlw.go.jp/11/index.php?action_kouhyou_detail_004_kani=true&JigyosyoCd=1173700582-00&ServiceCd=210&Type=search" }, "geometry": { "type": "Point", "coordinates": [ 139.461632399999985, 36.1164937 ] } },
{ "type": "Feature", "properties": { "内容": "おきな　ショートステイ【短期入所生活介護】埼玉県行田市大字馬見塚６９３", "url2": "https://www.kaigokensaku.mhlw.go.jp/11/index.php?action_kouhyou_detail_004_kani=true&JigyosyoCd=1173600188-00&ServiceCd=210&Type=search" }, "geometry": { "type": "Point", "coordinates": [ 139.4393457, 36.1686454 ] } },
{ "type": "Feature", "properties": { "内容": "まきば園【短期入所生活介護】埼玉県行田市白川戸２７５", "url2": "https://www.kaigokensaku.mhlw.go.jp/11/index.php?action_kouhyou_detail_004_kani=true&JigyosyoCd=1173700129-00&ServiceCd=210&Type=search" }, "geometry": { "type": "Point", "coordinates": [ 139.468198900000061, 36.1624025 ] } },
{ "type": "Feature", "properties": { "内容": "陽だまりの幸望庵【短期入所生活介護】埼玉県行田市荒木2052-1", "url2": "https://www.kaigokensaku.mhlw.go.jp/11/index.php?action_kouhyou_detail_004_kani=true&JigyosyoCd=1173701184-00&ServiceCd=210&Type=search" }, "geometry": { "type": "Point", "coordinates": [ 139.4847422, 36.1689966 ] } },
{ "type": "Feature", "properties": { "内容": "ショートステイ　行田さくらそう【短期入所生活介護】埼玉県行田市藤間３５２番１", "url2": "https://www.kaigokensaku.mhlw.go.jp/11/index.php?action_kouhyou_detail_004_kani=true&JigyosyoCd=1173701010-00&ServiceCd=210&Type=search" }, "geometry": { "type": "Point", "coordinates": [ 139.5143187, 36.1298783 ] } },
{ "type": "Feature", "properties": { "内容": "特別養護老人ホーム和泉の森【短期入所生活介護】埼玉県秩父市和泉町16番地", "url2": "https://www.kaigokensaku.mhlw.go.jp/11/index.php?action_kouhyou_detail_004_kani=true&JigyosyoCd=1174800159-00&ServiceCd=210&Type=search" }, "geometry": { "type": "Point", "coordinates": [ 139.06550205617512, 35.983335108076247 ] } },
{ "type": "Feature", "properties": { "内容": "あずみ苑秩父（公園橋）【短期入所生活介護】埼玉県秩父市中村町3-1-33", "url2": "https://www.kaigokensaku.mhlw.go.jp/11/index.php?action_kouhyou_detail_004_kani=true&JigyosyoCd=1174900660-00&ServiceCd=210&Type=search" }, "geometry": { "type": "Point", "coordinates": [ 139.075106399999981, 35.9987209 ] } },
{ "type": "Feature", "properties": { "内容": "秩父市特別養護老人ホーム　偕楽苑　短期入所生活介護【短期入所生活介護】埼玉県秩父市蒔田１９７７番地", "url2": "https://www.kaigokensaku.mhlw.go.jp/11/index.php?action_kouhyou_detail_004_kani=true&JigyosyoCd=1174901049-00&ServiceCd=210&Type=search" }, "geometry": { "type": "Point", "coordinates": [ 139.0826604, 36.0323728 ] } },
{ "type": "Feature", "properties": { "内容": "特別養護老人ホーム　桜の園【短期入所生活介護】埼玉県秩父市和泉町１８", "url2": "https://www.kaigokensaku.mhlw.go.jp/11/index.php?action_kouhyou_detail_004_kani=true&JigyosyoCd=1174800217-00&ServiceCd=210&Type=search" }, "geometry": { "type": "Point", "coordinates": [ 139.065170460810805, 35.98272828821797 ] } },
{ "type": "Feature", "properties": { "内容": "特別養護老人ホーム　白砂恵慈園【短期入所生活介護】埼玉県秩父市吉田久長186-1", "url2": "https://www.kaigokensaku.mhlw.go.jp/11/index.php?action_kouhyou_detail_004_kani=true&JigyosyoCd=1174800118-00&ServiceCd=210&Type=search" }, "geometry": { "type": "Point", "coordinates": [ 139.04608630000007, 36.0503835 ] } },
{ "type": "Feature", "properties": { "内容": "ショートステイ愛宕の杜【短期入所生活介護】埼玉県秩父市大野原786番地", "url2": "https://www.kaigokensaku.mhlw.go.jp/11/index.php?action_kouhyou_detail_004_kani=true&JigyosyoCd=1174901205-00&ServiceCd=210&Type=search" }, "geometry": { "type": "Point", "coordinates": [ 139.0996092, 36.0260123 ] } },
{ "type": "Feature", "properties": { "内容": "シニアホーム武甲の郷【短期入所生活介護】秩父市日野田町２－１４－５", "url2": "https://www.kaigokensaku.mhlw.go.jp/11/index.php?action_kouhyou_detail_004_kani=true&JigyosyoCd=1174900645-00&ServiceCd=210&Type=search" }, "geometry": { "type": "Point", "coordinates": [ 139.0802787, 35.9828337 ] } },
{ "type": "Feature", "properties": { "内容": "康寿園短期入所生活介護事業所【短期入所生活介護】所沢市東狭山ヶ丘6-2835-2", "url2": "https://www.kaigokensaku.mhlw.go.jp/11/index.php?action_kouhyou_detail_004_kani=true&JigyosyoCd=1172500561-00&ServiceCd=210&Type=search" }, "geometry": { "type": "Point", "coordinates": [ 139.42423853743432, 35.81511429346299 ] } },
{ "type": "Feature", "properties": { "内容": "ショートステイ　アンミッコ【短期入所生活介護】埼玉県所沢市大字中富字松下1639番3", "url2": "https://www.kaigokensaku.mhlw.go.jp/11/index.php?action_kouhyou_detail_004_kani=true&JigyosyoCd=1172503615-00&ServiceCd=210&Type=search" }, "geometry": { "type": "Point", "coordinates": [ 139.481642728002953, 35.817329540205925 ] } },
{ "type": "Feature", "properties": { "内容": "ショートステイ幸せふくろう所沢【短期入所生活介護】埼玉県所沢市くすのき台3-12-1", "url2": "https://www.kaigokensaku.mhlw.go.jp/11/index.php?action_kouhyou_detail_004_kani=true&JigyosyoCd=1172504902-00&ServiceCd=210&Type=search" }, "geometry": { "type": "Point", "coordinates": [ 139.478548400000022, 35.7877208 ] } },
{ "type": "Feature", "properties": { "内容": "ケアカレッジ　短期入所生活介護【短期入所生活介護】埼玉県所沢市三ケ島五丁目1445番地6", "url2": "https://www.kaigokensaku.mhlw.go.jp/11/index.php?action_kouhyou_detail_004_kani=true&JigyosyoCd=1172504613-00&ServiceCd=210&Type=search" }, "geometry": { "type": "Point", "coordinates": [ 139.405521128836085, 35.794593526573301 ] } },
{ "type": "Feature", "properties": { "内容": "本郷希望の丘短期入所生活介護【短期入所生活介護】埼玉県所沢市大字本郷266番地特別養護老人ホーム本郷希望の丘", "url2": "https://www.kaigokensaku.mhlw.go.jp/11/index.php?action_kouhyou_detail_004_kani=true&JigyosyoCd=1172505974-00&ServiceCd=210&Type=search" }, "geometry": { "type": "Point", "coordinates": [ 139.5229081, 35.796362600000016 ] } },
{ "type": "Feature", "properties": { "内容": "社会福祉法人栄光会　特別養護老人ホームなみきロイヤルの園【短期入所生活介護】埼玉県所沢市北原町1375番地2", "url2": "https://www.kaigokensaku.mhlw.go.jp/11/index.php?action_kouhyou_detail_004_kani=true&JigyosyoCd=1172505388-00&ServiceCd=210&Type=search" }, "geometry": { "type": "Point", "coordinates": [ 139.480258193254031, 35.807699409320797 ] } },
{ "type": "Feature", "properties": { "内容": "短期入所生活介護事業所　健寿園【短期入所生活介護】所沢市北中2-301-１", "url2": "https://www.kaigokensaku.mhlw.go.jp/11/index.php?action_kouhyou_detail_004_kani=true&JigyosyoCd=1172500306-00&ServiceCd=210&Type=search" }, "geometry": { "type": "Point", "coordinates": [ 139.432940499999972, 35.8136276 ] } },
{ "type": "Feature", "properties": { "内容": "ショートステイベテラン館ヴィラ【短期入所生活介護】埼玉県所沢市下富１０１１－１", "url2": "https://www.kaigokensaku.mhlw.go.jp/11/index.php?action_kouhyou_detail_004_kani=true&JigyosyoCd=1172505206-00&ServiceCd=210&Type=search" }, "geometry": { "type": "Point", "coordinates": [ 139.455909448340634, 35.836555876547465 ] } },
{ "type": "Feature", "properties": { "内容": "東所沢みどりの郷　短期入所生活介護事業所【短期入所生活介護】埼玉県所沢市大字坂之下941-3", "url2": "https://www.kaigokensaku.mhlw.go.jp/11/index.php?action_kouhyou_detail_004_kani=true&JigyosyoCd=1172500553-00&ServiceCd=210&Type=search" }, "geometry": { "type": "Point", "coordinates": [ 139.5265465, 35.8057613 ] } },
{ "type": "Feature", "properties": { "内容": "短期入所生活介護事業所　所沢やすらぎの里【短期入所生活介護】埼玉県所沢市東狭山ヶ丘5丁目928-1", "url2": "https://www.kaigokensaku.mhlw.go.jp/11/index.php?action_kouhyou_detail_004_kani=true&JigyosyoCd=1172500611-00&ServiceCd=210&Type=search" }, "geometry": { "type": "Point", "coordinates": [ 139.432887700000038, 35.814022 ] } },
{ "type": "Feature", "properties": { "内容": "社会福祉法人若狭会　短期入所生活介護　すみれ野【短期入所生活介護】埼玉県所沢市東狭山ヶ丘4-2658-1すみれ野", "url2": "https://www.kaigokensaku.mhlw.go.jp/11/index.php?action_kouhyou_detail_004_kani=true&JigyosyoCd=1172505602-00&ServiceCd=210&Type=search" }, "geometry": { "type": "Point", "coordinates": [ 139.427693741357103, 35.807907327658789 ] } },
{ "type": "Feature", "properties": { "内容": "所沢ケアセンターそよ風【短期入所生活介護】埼玉県所沢市上新井5-7-12", "url2": "https://www.kaigokensaku.mhlw.go.jp/11/index.php?action_kouhyou_detail_004_kani=true&JigyosyoCd=1172501767-00&ServiceCd=210&Type=search" }, "geometry": { "type": "Point", "coordinates": [ 139.455692, 35.7940608 ] } },
{ "type": "Feature", "properties": { "内容": "所沢西ケアセンターそよ風【短期入所生活介護】埼玉県所沢市三ヶ島4-2138-1", "url2": "https://www.kaigokensaku.mhlw.go.jp/11/index.php?action_kouhyou_detail_004_kani=true&JigyosyoCd=1172503425-00&ServiceCd=210&Type=search" }, "geometry": { "type": "Point", "coordinates": [ 139.411626299999966, 35.8013482 ] } },
{ "type": "Feature", "properties": { "内容": "特別養護老人ホーム　真和の森【短期入所生活介護】下富1206-1", "url2": "https://www.kaigokensaku.mhlw.go.jp/11/index.php?action_kouhyou_detail_004_kani=true&JigyosyoCd=1172503771-00&ServiceCd=210&Type=search" }, "geometry": { "type": "Point", "coordinates": [ 139.452202400000033, 35.8261289 ] } },
{ "type": "Feature", "properties": { "内容": "特別養護老人ホーム　健寿園新館【短期入所生活介護】埼玉県所沢市北中二丁目301番地2", "url2": "https://www.kaigokensaku.mhlw.go.jp/11/index.php?action_kouhyou_detail_004_kani=true&JigyosyoCd=1172506253-00&ServiceCd=210&Type=search" }, "geometry": { "type": "Point", "coordinates": [ 139.43317896256562, 35.813190137303074 ] } },
{ "type": "Feature", "properties": { "内容": "短期入所生活介護　平安の森【短期入所生活介護】埼玉県所沢市東狭山ヶ丘4-2678-1", "url2": "https://www.kaigokensaku.mhlw.go.jp/11/index.php?action_kouhyou_detail_004_kani=true&JigyosyoCd=1172502633-00&ServiceCd=210&Type=search" }, "geometry": { "type": "Point", "coordinates": [ 139.426996799999984, 35.8082477 ] } },
{ "type": "Feature", "properties": { "内容": "ショートステイ　アリス・ストリート【短期入所生活介護】埼玉県所沢市下安松888番地1新倉ビル", "url2": "https://www.kaigokensaku.mhlw.go.jp/11/index.php?action_kouhyou_detail_004_kani=true&JigyosyoCd=1172502047-00&ServiceCd=210&Type=search" }, "geometry": { "type": "Point", "coordinates": [ 139.506976399999985, 35.7884685 ] } },
{ "type": "Feature", "properties": { "内容": "特別養護老人ホームロイヤルの園【短期入所生活介護】埼玉県所沢市北野三丁目1番地18", "url2": "https://www.kaigokensaku.mhlw.go.jp/11/index.php?action_kouhyou_detail_004_kani=true&JigyosyoCd=1172500439-00&ServiceCd=210&Type=search" }, "geometry": { "type": "Point", "coordinates": [ 139.419847900000036, 35.7966491 ] } },
{ "type": "Feature", "properties": { "内容": "特別養護老人ホーム　千寿里【短期入所生活介護】埼玉県所沢市坂之下1153-1", "url2": "https://www.kaigokensaku.mhlw.go.jp/11/index.php?action_kouhyou_detail_004_kani=true&JigyosyoCd=1172500777-00&ServiceCd=210&Type=search" }, "geometry": { "type": "Point", "coordinates": [ 139.5346958, 35.8121802 ] } },
{ "type": "Feature", "properties": { "内容": "介護老人福祉施設　所沢かがやきの里【短期入所生活介護】所沢市大字下新井下流１２４９－２", "url2": "https://www.kaigokensaku.mhlw.go.jp/11/index.php?action_kouhyou_detail_004_kani=true&JigyosyoCd=1172502617-00&ServiceCd=210&Type=search" }, "geometry": { "type": "Point", "coordinates": [ 139.492599777429177, 35.80001086973904 ] } },
{ "type": "Feature", "properties": { "内容": "西ところざわ翔裕館【短期入所生活介護】東狭山ヶ丘4-2680-3", "url2": "https://www.kaigokensaku.mhlw.go.jp/11/index.php?action_kouhyou_detail_004_kani=true&JigyosyoCd=1172505768-00&ServiceCd=210&Type=search" }, "geometry": { "type": "Point", "coordinates": [ 139.4237274, 35.8157519 ] } },
{ "type": "Feature", "properties": { "内容": "小手指ショートステイそよ風【短期入所生活介護】埼玉県所沢市北野1-2-60", "url2": "https://www.kaigokensaku.mhlw.go.jp/11/index.php?action_kouhyou_detail_004_kani=true&JigyosyoCd=1172503797-00&ServiceCd=210&Type=search" }, "geometry": { "type": "Point", "coordinates": [ 139.427261, 35.7965147 ] } },
{ "type": "Feature", "properties": { "内容": "医療法人啓仁会　介護老人保健施設　所沢ロイヤルの丘　短期入所生活介護事業所【短期入所生活介護】埼玉県所沢市北野三丁目１番地１６", "url2": "https://www.kaigokensaku.mhlw.go.jp/11/index.php?action_kouhyou_detail_004_kani=true&JigyosyoCd=1172501601-00&ServiceCd=210&Type=search" }, "geometry": { "type": "Point", "coordinates": [ 139.42025620000004, 35.797024 ] } },
{ "type": "Feature", "properties": { "内容": "ところざわ翔裕館Ⅱ号館【短期入所生活介護】埼玉県所沢市下富724-3", "url2": "https://www.kaigokensaku.mhlw.go.jp/11/index.php?action_kouhyou_detail_004_kani=true&JigyosyoCd=1172505784-00&ServiceCd=210&Type=search" }, "geometry": { "type": "Point", "coordinates": [ 139.4618144, 35.8296138 ] } },
{ "type": "Feature", "properties": { "内容": "ショートステイところの苑【短期入所生活介護】埼玉県所沢市久米1538-2特別養護老人ホーム　ところの苑", "url2": "https://www.kaigokensaku.mhlw.go.jp/11/index.php?action_kouhyou_detail_004_kani=true&JigyosyoCd=1172501833-00&ServiceCd=210&Type=search" }, "geometry": { "type": "Point", "coordinates": [ 139.466362, 35.7800044 ] } },
{ "type": "Feature", "properties": { "内容": "亀令園短期入所生活介護事業所【短期入所生活介護】埼玉県所沢市東狭山ヶ丘4-2695-1", "url2": "https://www.kaigokensaku.mhlw.go.jp/11/index.php?action_kouhyou_detail_004_kani=true&JigyosyoCd=1172500173-00&ServiceCd=210&Type=search" }, "geometry": { "type": "Point", "coordinates": [ 139.4129294, 35.810792 ] } },
{ "type": "Feature", "properties": { "内容": "ショートステイ飛鳥野の里【短期入所生活介護】埼玉県所沢市神米金５０５－１", "url2": "https://www.kaigokensaku.mhlw.go.jp/11/index.php?action_kouhyou_detail_004_kani=true&JigyosyoCd=1172501023-00&ServiceCd=210&Type=search" }, "geometry": { "type": "Point", "coordinates": [ 139.453530199999932, 35.8218544 ] } },
{ "type": "Feature", "properties": { "内容": "ショートステイ　しあわせ花園【短期入所生活介護】埼玉県所沢市花園2-2405-1", "url2": "https://www.kaigokensaku.mhlw.go.jp/11/index.php?action_kouhyou_detail_004_kani=true&JigyosyoCd=1172501981-00&ServiceCd=210&Type=search" }, "geometry": { "type": "Point", "coordinates": [ 139.455510799999956, 35.8157441 ] } },
{ "type": "Feature", "properties": { "内容": "ベテラン館ましばショートステイ【短期入所生活介護】埼玉県飯能市緑町８番地３", "url2": "https://www.kaigokensaku.mhlw.go.jp/11/index.php?action_kouhyou_detail_004_kani=true&JigyosyoCd=1172600676-00&ServiceCd=210&Type=search" }, "geometry": { "type": "Point", "coordinates": [ 139.331953099999964, 35.8533813 ] } },
{ "type": "Feature", "properties": { "内容": "特別養護老人ホーム　吾野園【短期入所生活介護】埼玉県飯能市南川２０９１番地", "url2": "https://www.kaigokensaku.mhlw.go.jp/11/index.php?action_kouhyou_detail_004_kani=true&JigyosyoCd=1172600163-00&ServiceCd=210&Type=search" }, "geometry": { "type": "Point", "coordinates": [ 139.1925119, 35.9294841 ] } },
{ "type": "Feature", "properties": { "内容": "太行路【短期入所生活介護】埼玉県飯能市下名栗460番地", "url2": "https://www.kaigokensaku.mhlw.go.jp/11/index.php?action_kouhyou_detail_004_kani=true&JigyosyoCd=1172400135-00&ServiceCd=210&Type=search" }, "geometry": { "type": "Point", "coordinates": [ 139.187196399999948, 35.8699511 ] } },
{ "type": "Feature", "properties": { "内容": "ショートステイ　敦徳園【短期入所生活介護】埼玉県飯能市永田５２７－２", "url2": "https://www.kaigokensaku.mhlw.go.jp/11/index.php?action_kouhyou_detail_004_kani=true&JigyosyoCd=1172600171-00&ServiceCd=210&Type=search" }, "geometry": { "type": "Point", "coordinates": [ 139.2955481281723, 35.861229228294526 ] } },
{ "type": "Feature", "properties": { "内容": "あしかり園【短期入所生活介護】埼玉県飯能市芦苅場805", "url2": "https://www.kaigokensaku.mhlw.go.jp/11/index.php?action_kouhyou_detail_004_kani=true&JigyosyoCd=1172600130-00&ServiceCd=210&Type=search" }, "geometry": { "type": "Point", "coordinates": [ 139.356608899999969, 35.866611 ] } },
{ "type": "Feature", "properties": { "内容": "飯能ケアセンターそよ風【短期入所生活介護】埼玉県飯能市笠縫358番地", "url2": "https://www.kaigokensaku.mhlw.go.jp/11/index.php?action_kouhyou_detail_004_kani=true&JigyosyoCd=1172600627-00&ServiceCd=210&Type=search" }, "geometry": { "type": "Point", "coordinates": [ 139.333144899999979, 35.8475903 ] } },
{ "type": "Feature", "properties": { "内容": "ショートステイ藤の里Ⅱ【短期入所生活介護】埼玉県加須市鴻茎2170", "url2": "https://www.kaigokensaku.mhlw.go.jp/11/index.php?action_kouhyou_detail_004_kani=true&JigyosyoCd=1173800986-00&ServiceCd=210&Type=search" }, "geometry": { "type": "Point", "coordinates": [ 139.584375451867686, 36.09742532171429 ] } },
{ "type": "Feature", "properties": { "内容": "特別養護老人ホーム　万葉の郷【短期入所生活介護】埼玉県加須市新川通１０５番地１", "url2": "https://www.kaigokensaku.mhlw.go.jp/11/index.php?action_kouhyou_detail_004_kani=true&JigyosyoCd=1173600428-00&ServiceCd=210&Type=search" }, "geometry": { "type": "Point", "coordinates": [ 139.670684700000038, 36.159725 ] } },
{ "type": "Feature", "properties": { "内容": "介護老人福祉施設利根いこいの里【短期入所生活介護】埼玉県加須市大越1933", "url2": "https://www.kaigokensaku.mhlw.go.jp/11/index.php?action_kouhyou_detail_004_kani=true&JigyosyoCd=1173800192-00&ServiceCd=210&Type=search" }, "geometry": { "type": "Point", "coordinates": [ 139.620588600000019, 36.1778718 ] } },
{ "type": "Feature", "properties": { "内容": "加須ケアセンターそよ風【短期入所生活介護】埼玉県加須市花崎３－５－１", "url2": "https://www.kaigokensaku.mhlw.go.jp/11/index.php?action_kouhyou_detail_004_kani=true&JigyosyoCd=1173800408-00&ServiceCd=210&Type=search" }, "geometry": { "type": "Point", "coordinates": [ 139.618070699999947, 36.1118687 ] } },
{ "type": "Feature", "properties": { "内容": "ショートステイ久下さん家【短期入所生活介護】埼玉県加須市久下三丁目５番地１", "url2": "https://www.kaigokensaku.mhlw.go.jp/11/index.php?action_kouhyou_detail_004_kani=true&JigyosyoCd=1173801604-00&ServiceCd=210&Type=search" }, "geometry": { "type": "Point", "coordinates": [ 139.6139729, 36.1229256 ] } },
{ "type": "Feature", "properties": { "内容": "久下けやきハウス【短期入所生活介護】埼玉県加須市久下三丁目６番地１", "url2": "https://www.kaigokensaku.mhlw.go.jp/11/index.php?action_kouhyou_detail_004_kani=true&JigyosyoCd=1173800465-00&ServiceCd=210&Type=search" }, "geometry": { "type": "Point", "coordinates": [ 139.613627, 36.122295 ] } },
{ "type": "Feature", "properties": { "内容": "多賀谷寿光園短期入所生活介護事業所【短期入所生活介護】埼玉県加須市上崎2037-1", "url2": "https://www.kaigokensaku.mhlw.go.jp/11/index.php?action_kouhyou_detail_004_kani=true&JigyosyoCd=1173600170-00&ServiceCd=210&Type=search" }, "geometry": { "type": "Point", "coordinates": [ 139.546497100000011, 36.1116299 ] } },
{ "type": "Feature", "properties": { "内容": "みずほの里短期入所生活介護【短期入所生活介護】埼玉県加須市平永142", "url2": "https://www.kaigokensaku.mhlw.go.jp/11/index.php?action_kouhyou_detail_004_kani=true&JigyosyoCd=1173800101-00&ServiceCd=210&Type=search" }, "geometry": { "type": "Point", "coordinates": [ 139.569553700000029, 36.1259989 ] } },
{ "type": "Feature", "properties": { "内容": "みずほの里短期入所生活介護（ユニット型）【短期入所生活介護】埼玉県加須市平永142", "url2": "https://www.kaigokensaku.mhlw.go.jp/11/index.php?action_kouhyou_detail_004_kani=true&JigyosyoCd=1173801273-00&ServiceCd=210&Type=search" }, "geometry": { "type": "Point", "coordinates": [ 139.568851099999961, 36.1256978 ] } },
{ "type": "Feature", "properties": { "内容": "加須清輝苑　ショートステイ【短期入所生活介護】埼玉県加須市陽光台2丁目883-78", "url2": "https://www.kaigokensaku.mhlw.go.jp/11/index.php?action_kouhyou_detail_004_kani=true&JigyosyoCd=1173801042-00&ServiceCd=210&Type=search" }, "geometry": { "type": "Point", "coordinates": [ 139.680232501136629, 36.190494858427314 ] } },
{ "type": "Feature", "properties": { "内容": "ショートステイひまわり【短期入所生活介護】騎西433-1", "url2": "https://www.kaigokensaku.mhlw.go.jp/11/index.php?action_kouhyou_detail_004_kani=true&JigyosyoCd=1173801422-00&ServiceCd=210&Type=search" }, "geometry": { "type": "Point", "coordinates": [ 139.567479276787395, 36.104823699739512 ] } },
{ "type": "Feature", "properties": { "内容": "ライゼ清輝苑ショートステイ【短期入所生活介護】埼玉県加須市陽光台2－８８３－７５", "url2": "https://www.kaigokensaku.mhlw.go.jp/11/index.php?action_kouhyou_detail_004_kani=true&JigyosyoCd=1173600311-00&ServiceCd=210&Type=search" }, "geometry": { "type": "Point", "coordinates": [ 139.6803185, 36.1909886 ] } },
{ "type": "Feature", "properties": { "内容": "介護老人福祉施設　利根いこいの里　ショートステイ　(ユニット型)【短期入所生活介護】埼玉県加須市大越1933介護福祉老人施設　利根いこいの里", "url2": "https://www.kaigokensaku.mhlw.go.jp/11/index.php?action_kouhyou_detail_004_kani=true&JigyosyoCd=1173800960-00&ServiceCd=210&Type=search" }, "geometry": { "type": "Point", "coordinates": [ 139.620298921426411, 36.177889120381181 ] } },
{ "type": "Feature", "properties": { "内容": "ふれ愛の郷短期入所生活介護事業所【短期入所生活介護】埼玉県加須市新川通１７９－１", "url2": "https://www.kaigokensaku.mhlw.go.jp/11/index.php?action_kouhyou_detail_004_kani=true&JigyosyoCd=1173600147-00&ServiceCd=210&Type=search" }, "geometry": { "type": "Point", "coordinates": [ 139.6705902, 36.1592668 ] } },
{ "type": "Feature", "properties": { "内容": "ショートステイ　藤の里【短期入所生活介護】埼玉県加須市鴻茎2168－1", "url2": "https://www.kaigokensaku.mhlw.go.jp/11/index.php?action_kouhyou_detail_004_kani=true&JigyosyoCd=1173600345-00&ServiceCd=210&Type=search" }, "geometry": { "type": "Point", "coordinates": [ 139.584969499999943, 36.0970086 ] } },
{ "type": "Feature", "properties": { "内容": "あずみ苑本庄【短期入所生活介護】埼玉県本庄市西富田739-1", "url2": "https://www.kaigokensaku.mhlw.go.jp/11/index.php?action_kouhyou_detail_004_kani=true&JigyosyoCd=1174300804-00&ServiceCd=210&Type=search" }, "geometry": { "type": "Point", "coordinates": [ 139.1680265, 36.2324871 ] } },
{ "type": "Feature", "properties": { "内容": "トマト村【短期入所生活介護】埼玉県本庄市早稲田の杜５-１４-８", "url2": "https://www.kaigokensaku.mhlw.go.jp/11/index.php?action_kouhyou_detail_004_kani=true&JigyosyoCd=1174300028-00&ServiceCd=210&Type=search" }, "geometry": { "type": "Point", "coordinates": [ 139.186697, 36.217916700000025 ] } },
{ "type": "Feature", "properties": { "内容": "特別養護老人ホームオルトビオス児玉ホーム【短期入所生活介護】埼玉県本庄市児玉町児玉734-1", "url2": "https://www.kaigokensaku.mhlw.go.jp/11/index.php?action_kouhyou_detail_004_kani=true&JigyosyoCd=1174200210-00&ServiceCd=210&Type=search" }, "geometry": { "type": "Point", "coordinates": [ 139.140906199999989, 36.1827843 ] } },
{ "type": "Feature", "properties": { "内容": "シャローム【短期入所生活介護】埼玉県本庄市今井1251番地１", "url2": "https://www.kaigokensaku.mhlw.go.jp/11/index.php?action_kouhyou_detail_004_kani=true&JigyosyoCd=1174300150-00&ServiceCd=210&Type=search" }, "geometry": { "type": "Point", "coordinates": [ 139.150978799999962, 36.222740300000034 ] } },
{ "type": "Feature", "properties": { "内容": "短期入所施設ことぶき【短期入所生活介護】埼玉県本庄市寿2-1-5", "url2": "https://www.kaigokensaku.mhlw.go.jp/11/index.php?action_kouhyou_detail_004_kani=true&JigyosyoCd=1174300572-00&ServiceCd=210&Type=search" }, "geometry": { "type": "Point", "coordinates": [ 139.202119260713175, 36.232361692582153 ] } },
{ "type": "Feature", "properties": { "内容": "特別養護老人ホーム安誠園【短期入所生活介護】埼玉県本庄市小和瀬１６６６番地", "url2": "https://www.kaigokensaku.mhlw.go.jp/11/index.php?action_kouhyou_detail_004_kani=true&JigyosyoCd=1174300135-00&ServiceCd=210&Type=search" }, "geometry": { "type": "Point", "coordinates": [ 139.235762900000026, 36.2457385 ] } },
{ "type": "Feature", "properties": { "内容": "ショートステイ千鳥の丘【短期入所生活介護】埼玉県本庄市児玉町宮内1250-1特別養護老人ホーム　千鳥の丘", "url2": "https://www.kaigokensaku.mhlw.go.jp/11/index.php?action_kouhyou_detail_004_kani=true&JigyosyoCd=1174300861-00&ServiceCd=210&Type=search" }, "geometry": { "type": "Point", "coordinates": [ 139.093935800000054, 36.1885791 ] } },
{ "type": "Feature", "properties": { "内容": "特別養護老人ホーム　ふるさとの杜かみのもと【短期入所生活介護】埼玉県東松山市大字上野本1873番1", "url2": "https://www.kaigokensaku.mhlw.go.jp/11/index.php?action_kouhyou_detail_004_kani=true&JigyosyoCd=1173301191-00&ServiceCd=210&Type=search" }, "geometry": { "type": "Point", "coordinates": [ 139.403731200000038, 36.0276806 ] } },
{ "type": "Feature", "properties": { "内容": "みどりの郷あすかショートステイ【短期入所生活介護】埼玉県東松山市大字大谷1538-1", "url2": "https://www.kaigokensaku.mhlw.go.jp/11/index.php?action_kouhyou_detail_004_kani=true&JigyosyoCd=1173300706-00&ServiceCd=210&Type=search" }, "geometry": { "type": "Point", "coordinates": [ 139.39798559999997, 36.0644629 ] } },
{ "type": "Feature", "properties": { "内容": "あずみ苑東松山【短期入所生活介護】埼玉県東松山市松山1220-4", "url2": "https://www.kaigokensaku.mhlw.go.jp/11/index.php?action_kouhyou_detail_004_kani=true&JigyosyoCd=1173300656-00&ServiceCd=210&Type=search" }, "geometry": { "type": "Point", "coordinates": [ 139.415315, 36.0513589 ] } },
{ "type": "Feature", "properties": { "内容": "ひだまりの郷ショートステイ【短期入所生活介護】埼玉県東松山市石橋1039-6", "url2": "https://www.kaigokensaku.mhlw.go.jp/11/index.php?action_kouhyou_detail_004_kani=true&JigyosyoCd=1173301225-00&ServiceCd=210&Type=search" }, "geometry": { "type": "Point", "coordinates": [ 139.368954199999962, 36.0301328 ] } },
{ "type": "Feature", "properties": { "内容": "ショートステイひがしまつやま寿苑【短期入所生活介護】埼玉県東松山市柏崎６２９－１", "url2": "https://www.kaigokensaku.mhlw.go.jp/11/index.php?action_kouhyou_detail_004_kani=true&JigyosyoCd=1173300938-00&ServiceCd=210&Type=search" }, "geometry": { "type": "Point", "coordinates": [ 139.421617800000035, 36.0268422 ] } },
{ "type": "Feature", "properties": { "内容": "介護老人福祉施設　東松山ホーム【短期入所生活介護】埼玉県東松山市大字石橋１７１６", "url2": "https://www.kaigokensaku.mhlw.go.jp/11/index.php?action_kouhyou_detail_004_kani=true&JigyosyoCd=1173300110-00&ServiceCd=210&Type=search" }, "geometry": { "type": "Point", "coordinates": [ 139.379977599999961, 36.0412149 ] } },
{ "type": "Feature", "properties": { "内容": "短期入所生活介護ST梨花【短期入所生活介護】埼玉県東松山市大字東平６５６番地１", "url2": "https://www.kaigokensaku.mhlw.go.jp/11/index.php?action_kouhyou_detail_004_kani=true&JigyosyoCd=1173301431-00&ServiceCd=210&Type=search" }, "geometry": { "type": "Point", "coordinates": [ 139.3997008, 36.0597014 ] } },
{ "type": "Feature", "properties": { "内容": "短期入所生活介護ST梨花【短期入所生活介護】埼玉県東松山市大字東平６５６番地１", "url2": "https://www.kaigokensaku.mhlw.go.jp/11/index.php?action_kouhyou_detail_004_kani=true&JigyosyoCd=1173301449-00&ServiceCd=210&Type=search" }, "geometry": { "type": "Point", "coordinates": [ 139.3997008, 36.0597014 ] } },
{ "type": "Feature", "properties": { "内容": "春日部ショートステイそよ風【短期入所生活介護】本田町1-35", "url2": "https://www.kaigokensaku.mhlw.go.jp/11/index.php?action_kouhyou_detail_004_kani=true&JigyosyoCd=1170603003-00&ServiceCd=210&Type=search" }, "geometry": { "type": "Point", "coordinates": [ 139.7760709, 35.9678905 ] } },
{ "type": "Feature", "properties": { "内容": "特別養護老人ホーム　庄和和合【短期入所生活介護】春日部市金崎字道江527-1", "url2": "https://www.kaigokensaku.mhlw.go.jp/11/index.php?action_kouhyou_detail_004_kani=true&JigyosyoCd=1170601502-00&ServiceCd=210&Type=search" }, "geometry": { "type": "Point", "coordinates": [ 139.806029723834172, 35.993025162150914 ] } },
{ "type": "Feature", "properties": { "内容": "孝楽園ショートステイセンター【短期入所生活介護】埼玉県春日部市赤沼字堂面295在宅複合施設孝楽園", "url2": "https://www.kaigokensaku.mhlw.go.jp/11/index.php?action_kouhyou_detail_004_kani=true&JigyosyoCd=1170600413-00&ServiceCd=210&Type=search" }, "geometry": { "type": "Point", "coordinates": [ 139.797029286091629, 35.951543627939607 ] } },
{ "type": "Feature", "properties": { "内容": "縁「ゆかり」【短期入所生活介護】埼玉県春日部市永沼2158-1", "url2": "https://www.kaigokensaku.mhlw.go.jp/11/index.php?action_kouhyou_detail_004_kani=true&JigyosyoCd=1170601957-00&ServiceCd=210&Type=search" }, "geometry": { "type": "Point", "coordinates": [ 139.7970057, 35.9777435 ] } },
{ "type": "Feature", "properties": { "内容": "ショートステイあすなろの郷【短期入所生活介護】春日部市銚子口１１３３－１", "url2": "https://www.kaigokensaku.mhlw.go.jp/11/index.php?action_kouhyou_detail_004_kani=true&JigyosyoCd=1170601536-00&ServiceCd=210&Type=search" }, "geometry": { "type": "Point", "coordinates": [ 139.787693200000035, 35.9619373 ] } },
{ "type": "Feature", "properties": { "内容": "特別養護老人ホーム　春日部勝彩園【短期入所生活介護】埼玉県春日部市上大増新田字東耕地109番地2", "url2": "https://www.kaigokensaku.mhlw.go.jp/11/index.php?action_kouhyou_detail_004_kani=true&JigyosyoCd=1170600082-00&ServiceCd=210&Type=search" }, "geometry": { "type": "Point", "coordinates": [ 139.737091700000065, 35.9612035 ] } },
{ "type": "Feature", "properties": { "内容": "特別養護老人ホーム豊潤館【短期入所生活介護】埼玉県春日部市花積２６７－７", "url2": "https://www.kaigokensaku.mhlw.go.jp/11/index.php?action_kouhyou_detail_004_kani=true&JigyosyoCd=1170600850-00&ServiceCd=210&Type=search" }, "geometry": { "type": "Point", "coordinates": [ 139.719446400000038, 35.9671171 ] } },
{ "type": "Feature", "properties": { "内容": "社会福祉法人ゆきすみ福祉会【短期入所生活介護】永沼1214番2", "url2": "https://www.kaigokensaku.mhlw.go.jp/11/index.php?action_kouhyou_detail_004_kani=true&JigyosyoCd=1170604274-00&ServiceCd=210&Type=search" }, "geometry": { "type": "Point", "coordinates": [ 139.791097933846487, 35.973002280760959 ] } },
{ "type": "Feature", "properties": { "内容": "ショートステイ　フラワーヒル【短期入所生活介護】埼玉県春日部市一ノ割948番1", "url2": "https://www.kaigokensaku.mhlw.go.jp/11/index.php?action_kouhyou_detail_004_kani=true&JigyosyoCd=1170600918-00&ServiceCd=210&Type=search" }, "geometry": { "type": "Point", "coordinates": [ 139.758397800000012, 35.9594059 ] } },
{ "type": "Feature", "properties": { "内容": "社会福祉法人平成会しょうぶ苑【短期入所生活介護】埼玉県春日部市米崎３８９", "url2": "https://www.kaigokensaku.mhlw.go.jp/11/index.php?action_kouhyou_detail_004_kani=true&JigyosyoCd=1171100850-00&ServiceCd=210&Type=search" }, "geometry": { "type": "Point", "coordinates": [ 139.801855400000022, 35.9735135 ] } },
{ "type": "Feature", "properties": { "内容": "武里まきば園【短期入所生活介護】埼玉県春日部市武里中野705", "url2": "https://www.kaigokensaku.mhlw.go.jp/11/index.php?action_kouhyou_detail_004_kani=true&JigyosyoCd=1170603078-00&ServiceCd=210&Type=search" }, "geometry": { "type": "Point", "coordinates": [ 139.757077890547436, 35.951153916025277 ] } },
{ "type": "Feature", "properties": { "内容": "ショートステイ源喜【短期入所生活介護】埼玉県春日部市谷原新田2220番地", "url2": "https://www.kaigokensaku.mhlw.go.jp/11/index.php?action_kouhyou_detail_004_kani=true&JigyosyoCd=1170604316-00&ServiceCd=210&Type=search" }, "geometry": { "type": "Point", "coordinates": [ 139.740983618385343, 35.967131167469901 ] } },
{ "type": "Feature", "properties": { "内容": "ウエルガーデン春日部【短期入所生活介護】埼玉県春日部市内牧3701-8社会福祉法人ウエルガーデン　ウエルガーデン春日部", "url2": "https://www.kaigokensaku.mhlw.go.jp/11/index.php?action_kouhyou_detail_004_kani=true&JigyosyoCd=1170603508-00&ServiceCd=210&Type=search" }, "geometry": { "type": "Point", "coordinates": [ 139.7155864, 36.001184 ] } },
{ "type": "Feature", "properties": { "内容": "百合の郷【短期入所生活介護】埼玉県春日部市大畑407-2", "url2": "https://www.kaigokensaku.mhlw.go.jp/11/index.php?action_kouhyou_detail_004_kani=true&JigyosyoCd=1170600157-00&ServiceCd=210&Type=search" }, "geometry": { "type": "Point", "coordinates": [ 139.7722767, 35.944516600000043 ] } },
{ "type": "Feature", "properties": { "内容": "特別養護老人ホーム　彩光苑【短期入所生活介護】埼玉県春日部市内牧3149", "url2": "https://www.kaigokensaku.mhlw.go.jp/11/index.php?action_kouhyou_detail_004_kani=true&JigyosyoCd=1170601189-00&ServiceCd=210&Type=search" }, "geometry": { "type": "Point", "coordinates": [ 139.71733949999998, 35.9936158 ] } },
{ "type": "Feature", "properties": { "内容": "あずみ苑南桜井【短期入所生活介護】埼玉県春日部市米島1165-2", "url2": "https://www.kaigokensaku.mhlw.go.jp/11/index.php?action_kouhyou_detail_004_kani=true&JigyosyoCd=1170601320-00&ServiceCd=210&Type=search" }, "geometry": { "type": "Point", "coordinates": [ 139.808208362374671, 35.978295838008577 ] } },
{ "type": "Feature", "properties": { "内容": "短期入所生活介護さくら【短期入所生活介護】狭山市大字加佐志字普門寺１０４番", "url2": "https://www.kaigokensaku.mhlw.go.jp/11/index.php?action_kouhyou_detail_004_kani=true&JigyosyoCd=1172700591-00&ServiceCd=210&Type=search" }, "geometry": { "type": "Point", "coordinates": [ 139.449127399999952, 35.8313061 ] } },
{ "type": "Feature", "properties": { "内容": "特別養護老人ホームさやまロイヤルの園【短期入所生活介護】埼玉県狭山市大字北入曽９９３番地", "url2": "https://www.kaigokensaku.mhlw.go.jp/11/index.php?action_kouhyou_detail_004_kani=true&JigyosyoCd=1172702357-00&ServiceCd=210&Type=search" }, "geometry": { "type": "Point", "coordinates": [ 139.424246194825059, 35.838253354559001 ] } },
{ "type": "Feature", "properties": { "内容": "特別養護老人ホームさやまロイヤルの園【短期入所生活介護】埼玉県狭山市大字北入曽９９３番地", "url2": "https://www.kaigokensaku.mhlw.go.jp/11/index.php?action_kouhyou_detail_004_kani=true&JigyosyoCd=1172702365-00&ServiceCd=210&Type=search" }, "geometry": { "type": "Point", "coordinates": [ 139.424278184430932, 35.838275013434263 ] } },
{ "type": "Feature", "properties": { "内容": "あずみ苑入間川【短期入所生活介護】埼玉県狭山市入間川3177-1", "url2": "https://www.kaigokensaku.mhlw.go.jp/11/index.php?action_kouhyou_detail_004_kani=true&JigyosyoCd=1172701151-00&ServiceCd=210&Type=search" }, "geometry": { "type": "Point", "coordinates": [ 139.423023100000023, 35.8417437 ] } },
{ "type": "Feature", "properties": { "内容": "特別養護老人ホームつつじの園新館【短期入所生活介護】埼玉県狭山市柏原1185-6", "url2": "https://www.kaigokensaku.mhlw.go.jp/11/index.php?action_kouhyou_detail_004_kani=true&JigyosyoCd=1172701409-00&ServiceCd=210&Type=search" }, "geometry": { "type": "Point", "coordinates": [ 139.402338200000031, 35.8765277 ] } },
{ "type": "Feature", "properties": { "内容": "短期入所生活介護支援事業所ショートステイつつじの園【短期入所生活介護】埼玉県狭山市柏原１１８５－６", "url2": "https://www.kaigokensaku.mhlw.go.jp/11/index.php?action_kouhyou_detail_004_kani=true&JigyosyoCd=1172700377-00&ServiceCd=210&Type=search" }, "geometry": { "type": "Point", "coordinates": [ 139.402338200000031, 35.8765277 ] } },
{ "type": "Feature", "properties": { "内容": "さやま苑ショートスティ事業所【短期入所生活介護】埼玉県狭山市柏原758-4", "url2": "https://www.kaigokensaku.mhlw.go.jp/11/index.php?action_kouhyou_detail_004_kani=true&JigyosyoCd=1172700385-00&ServiceCd=210&Type=search" }, "geometry": { "type": "Point", "coordinates": [ 139.398524, 35.8908258 ] } },
{ "type": "Feature", "properties": { "内容": "ショートステイひろせの杜【短期入所生活介護】埼玉県狭山市大字上広瀬字霞ヶ丘939番1", "url2": "https://www.kaigokensaku.mhlw.go.jp/11/index.php?action_kouhyou_detail_004_kani=true&JigyosyoCd=1172701987-00&ServiceCd=210&Type=search" }, "geometry": { "type": "Point", "coordinates": [ 139.385121, 35.862998 ] } },
{ "type": "Feature", "properties": { "内容": "ショートステイファインケア狭山【短期入所生活介護】埼玉県狭山市入間川3-24-15小林ビル2F", "url2": "https://www.kaigokensaku.mhlw.go.jp/11/index.php?action_kouhyou_detail_004_kani=true&JigyosyoCd=1172701417-00&ServiceCd=210&Type=search" }, "geometry": { "type": "Point", "coordinates": [ 139.404954318274008, 35.857278267623457 ] } },
{ "type": "Feature", "properties": { "内容": "介護老人福祉施設　ジョアン宮地の里【短期入所生活介護】埼玉県狭山市大字笹井1568-2", "url2": "https://www.kaigokensaku.mhlw.go.jp/11/index.php?action_kouhyou_detail_004_kani=true&JigyosyoCd=1172700922-00&ServiceCd=210&Type=search" }, "geometry": { "type": "Point", "coordinates": [ 139.372430500000064, 35.8553045 ] } },
{ "type": "Feature", "properties": { "内容": "短期入所生活介護　ショート狭山【短期入所生活介護】北入曽1443-7", "url2": "https://www.kaigokensaku.mhlw.go.jp/11/index.php?action_kouhyou_detail_004_kani=true&JigyosyoCd=1172701789-00&ServiceCd=210&Type=search" }, "geometry": { "type": "Point", "coordinates": [ 139.4375411908768, 35.825743767454526 ] } },
{ "type": "Feature", "properties": { "内容": "ショートステイ　オリーブ【短期入所生活介護】埼玉県狭山市上赤坂290ー1", "url2": "https://www.kaigokensaku.mhlw.go.jp/11/index.php?action_kouhyou_detail_004_kani=true&JigyosyoCd=1172701805-00&ServiceCd=210&Type=search" }, "geometry": { "type": "Point", "coordinates": [ 139.45989374536893, 35.853384049185145 ] } },
{ "type": "Feature", "properties": { "内容": "むさしの園わかばショートステイ【短期入所生活介護】埼玉県狭山市南入曽1048-2", "url2": "https://www.kaigokensaku.mhlw.go.jp/11/index.php?action_kouhyou_detail_004_kani=true&JigyosyoCd=1172701748-00&ServiceCd=210&Type=search" }, "geometry": { "type": "Point", "coordinates": [ 139.432162299999959, 35.822301599999989 ] } },
{ "type": "Feature", "properties": { "内容": "ショートステイ　ケアサポートさやま【短期入所生活介護】埼玉県狭山市柏原2935", "url2": "https://www.kaigokensaku.mhlw.go.jp/11/index.php?action_kouhyou_detail_004_kani=true&JigyosyoCd=1172701615-00&ServiceCd=210&Type=search" }, "geometry": { "type": "Point", "coordinates": [ 139.404629155819748, 35.867234980076383 ] } },
{ "type": "Feature", "properties": { "内容": "あずみ苑狭山【短期入所生活介護】埼玉県狭山市笹井2936-1", "url2": "https://www.kaigokensaku.mhlw.go.jp/11/index.php?action_kouhyou_detail_004_kani=true&JigyosyoCd=1172701094-00&ServiceCd=210&Type=search" }, "geometry": { "type": "Point", "coordinates": [ 139.366872699999931, 35.8468692 ] } },
{ "type": "Feature", "properties": { "内容": "ショートステイ　ルミエール【短期入所生活介護】埼玉県羽生市大字上岩瀬１８０６", "url2": "https://www.kaigokensaku.mhlw.go.jp/11/index.php?action_kouhyou_detail_004_kani=true&JigyosyoCd=1173900398-00&ServiceCd=210&Type=search" }, "geometry": { "type": "Point", "coordinates": [ 139.52305350000006, 36.1639402 ] } },
{ "type": "Feature", "properties": { "内容": "シティ・オブ・ホープ　ショートステイ【短期入所生活介護】埼玉県羽生市大字上新郷５５５５－１", "url2": "https://www.kaigokensaku.mhlw.go.jp/11/index.php?action_kouhyou_detail_004_kani=true&JigyosyoCd=1173900232-00&ServiceCd=210&Type=search" }, "geometry": { "type": "Point", "coordinates": [ 139.504066200000011, 36.1753522 ] } },
{ "type": "Feature", "properties": { "内容": "ショートステイ　くわの実【短期入所生活介護】羽生市大字下新郷660", "url2": "https://www.kaigokensaku.mhlw.go.jp/11/index.php?action_kouhyou_detail_004_kani=true&JigyosyoCd=1173900059-00&ServiceCd=210&Type=search" }, "geometry": { "type": "Point", "coordinates": [ 139.5242518, 36.1442648 ] } },
{ "type": "Feature", "properties": { "内容": "薫藤園短期入所事業所（ユニット型）【短期入所生活介護】埼玉県羽生市大字秀安351", "url2": "https://www.kaigokensaku.mhlw.go.jp/11/index.php?action_kouhyou_detail_004_kani=true&JigyosyoCd=1173900570-00&ServiceCd=210&Type=search" }, "geometry": { "type": "Point", "coordinates": [ 139.551192, 36.1606099 ] } },
{ "type": "Feature", "properties": { "内容": "薫藤園短期入所事業所【短期入所生活介護】羽生市大字秀安351", "url2": "https://www.kaigokensaku.mhlw.go.jp/11/index.php?action_kouhyou_detail_004_kani=true&JigyosyoCd=1173900158-00&ServiceCd=210&Type=search" }, "geometry": { "type": "Point", "coordinates": [ 139.55125959999998, 36.1604581 ] } },
{ "type": "Feature", "properties": { "内容": "清輝苑短期入所生活介護【短期入所生活介護】埼玉県羽生市下村君1169番地", "url2": "https://www.kaigokensaku.mhlw.go.jp/11/index.php?action_kouhyou_detail_004_kani=true&JigyosyoCd=1173900133-00&ServiceCd=210&Type=search" }, "geometry": { "type": "Point", "coordinates": [ 139.587357800000063, 36.1925859 ] } },
{ "type": "Feature", "properties": { "内容": "木犀館【短期入所生活介護】埼玉県羽生市下川崎1406-4", "url2": "https://www.kaigokensaku.mhlw.go.jp/11/index.php?action_kouhyou_detail_004_kani=true&JigyosyoCd=1173900703-00&ServiceCd=210&Type=search" }, "geometry": { "type": "Point", "coordinates": [ 139.5375722, 36.1425718 ] } },
{ "type": "Feature", "properties": { "内容": "株式会社アズ・ライフケアあずみ苑羽生【短期入所生活介護】埼玉県羽生市中央3-3-21", "url2": "https://www.kaigokensaku.mhlw.go.jp/11/index.php?action_kouhyou_detail_004_kani=true&JigyosyoCd=1173900349-00&ServiceCd=210&Type=search" }, "geometry": { "type": "Point", "coordinates": [ 139.539846, 36.1714982 ] } },
{ "type": "Feature", "properties": { "内容": "短期入所生活介護　てねる【短期入所生活介護】埼玉県鴻巣市前砂字頭殿1003番1", "url2": "https://www.kaigokensaku.mhlw.go.jp/11/index.php?action_kouhyou_detail_004_kani=true&JigyosyoCd=1171701277-00&ServiceCd=210&Type=search" }, "geometry": { "type": "Point", "coordinates": [ 139.468371964448579, 36.088865779392066 ] } },
{ "type": "Feature", "properties": { "内容": "川里苑デメテル・ヴィラ【短期入所生活介護】埼玉県鴻巣市屈巣5158", "url2": "https://www.kaigokensaku.mhlw.go.jp/11/index.php?action_kouhyou_detail_004_kani=true&JigyosyoCd=1171701178-00&ServiceCd=210&Type=search" }, "geometry": { "type": "Point", "coordinates": [ 139.5210396, 36.0822709 ] } },
{ "type": "Feature", "properties": { "内容": "川里苑デメテル・ヴィラ【短期入所生活介護】埼玉県鴻巣市屈巣5158", "url2": "https://www.kaigokensaku.mhlw.go.jp/11/index.php?action_kouhyou_detail_004_kani=true&JigyosyoCd=1173600105-00&ServiceCd=210&Type=search" }, "geometry": { "type": "Point", "coordinates": [ 139.520929900000027, 36.0822259 ] } },
{ "type": "Feature", "properties": { "内容": "馬室たんぽぽ翔裕園短期入所生活介護（ユニット型）【短期入所生活介護】埼玉県鴻巣市原馬室3335番", "url2": "https://www.kaigokensaku.mhlw.go.jp/11/index.php?action_kouhyou_detail_004_kani=true&JigyosyoCd=1171701079-00&ServiceCd=210&Type=search" }, "geometry": { "type": "Point", "coordinates": [ 139.512909600000057, 36.036827400000014 ] } },
{ "type": "Feature", "properties": { "内容": "鴻巣まきば園【短期入所生活介護】埼玉県鴻巣市前砂５１７－１", "url2": "https://www.kaigokensaku.mhlw.go.jp/11/index.php?action_kouhyou_detail_004_kani=true&JigyosyoCd=1171700634-00&ServiceCd=210&Type=search" }, "geometry": { "type": "Point", "coordinates": [ 139.463166900000033, 36.093583 ] } },
{ "type": "Feature", "properties": { "内容": "福冨の郷ショートステイ【短期入所生活介護】埼玉県鴻巣市鴻巣字沼田９６７番1福冨の郷", "url2": "https://www.kaigokensaku.mhlw.go.jp/11/index.php?action_kouhyou_detail_004_kani=true&JigyosyoCd=1171701475-00&ServiceCd=210&Type=search" }, "geometry": { "type": "Point", "coordinates": [ 139.517035, 36.068835 ] } },
{ "type": "Feature", "properties": { "内容": "こうのすケアセンターそよ風【短期入所生活介護】鴻巣市天神４－３２－１", "url2": "https://www.kaigokensaku.mhlw.go.jp/11/index.php?action_kouhyou_detail_004_kani=true&JigyosyoCd=1171700261-00&ServiceCd=210&Type=search" }, "geometry": { "type": "Point", "coordinates": [ 139.524530300000038, 36.0607811 ] } },
{ "type": "Feature", "properties": { "内容": "介護老人福祉施設　馬室たんぽぽ翔裕園【短期入所生活介護】埼玉県鴻巣市原馬室3335番地", "url2": "https://www.kaigokensaku.mhlw.go.jp/11/index.php?action_kouhyou_detail_004_kani=true&JigyosyoCd=1171700386-00&ServiceCd=210&Type=search" }, "geometry": { "type": "Point", "coordinates": [ 139.512818690829477, 36.036832672760411 ] } },
{ "type": "Feature", "properties": { "内容": "特別養護老人ホーム吹上苑【短期入所生活介護】埼玉県鴻巣市下忍4461", "url2": "https://www.kaigokensaku.mhlw.go.jp/11/index.php?action_kouhyou_detail_004_kani=true&JigyosyoCd=1171300070-00&ServiceCd=210&Type=search" }, "geometry": { "type": "Point", "coordinates": [ 139.46793260000004, 36.1029542 ] } },
{ "type": "Feature", "properties": { "内容": "短期入所生活介護　こうのすタンポポ翔裕園【短期入所生活介護】埼玉県鴻巣市郷地１７４６－１", "url2": "https://www.kaigokensaku.mhlw.go.jp/11/index.php?action_kouhyou_detail_004_kani=true&JigyosyoCd=1171700568-00&ServiceCd=210&Type=search" }, "geometry": { "type": "Point", "coordinates": [ 139.53079589999993, 36.0734828 ] } },
{ "type": "Feature", "properties": { "内容": "特別養護老人ホーム北こうのす翔裕園【短期入所生活介護】埼玉県鴻巣市箕田3523", "url2": "https://www.kaigokensaku.mhlw.go.jp/11/index.php?action_kouhyou_detail_004_kani=true&JigyosyoCd=1171701939-00&ServiceCd=210&Type=search" }, "geometry": { "type": "Point", "coordinates": [ 139.4885577, 36.0782938 ] } },
{ "type": "Feature", "properties": { "内容": "特別養護老人ホーム翔裕園【短期入所生活介護】埼玉県鴻巣市上谷687-1", "url2": "https://www.kaigokensaku.mhlw.go.jp/11/index.php?action_kouhyou_detail_004_kani=true&JigyosyoCd=1171700139-00&ServiceCd=210&Type=search" }, "geometry": { "type": "Point", "coordinates": [ 139.5463777, 36.0605263 ] } },
{ "type": "Feature", "properties": { "内容": "短期入所生活介護　あかつき【短期入所生活介護】埼玉県深谷市東方2737番1", "url2": "https://www.kaigokensaku.mhlw.go.jp/11/index.php?action_kouhyou_detail_004_kani=true&JigyosyoCd=1174603132-00&ServiceCd=210&Type=search" }, "geometry": { "type": "Point", "coordinates": [ 139.324815444246951, 36.191117736146325 ] } },
{ "type": "Feature", "properties": { "内容": "特別養護老人ホーム清風苑【短期入所生活介護】埼玉県深谷市本田4915番地１", "url2": "https://www.kaigokensaku.mhlw.go.jp/11/index.php?action_kouhyou_detail_004_kani=true&JigyosyoCd=1174500106-00&ServiceCd=210&Type=search" }, "geometry": { "type": "Point", "coordinates": [ 139.283703699999933, 36.1205638 ] } },
{ "type": "Feature", "properties": { "内容": "深谷原郷地域福祉事業所ショートステイだんらん【短期入所生活介護】埼玉県深谷市原郷342-1深谷原郷地域福祉事業所ショートステイだんらん", "url2": "https://www.kaigokensaku.mhlw.go.jp/11/index.php?action_kouhyou_detail_004_kani=true&JigyosyoCd=1174602035-00&ServiceCd=210&Type=search" }, "geometry": { "type": "Point", "coordinates": [ 139.297770296958902, 36.204244993808608 ] } },
{ "type": "Feature", "properties": { "内容": "福寿園短期入所生活介護事業所【短期入所生活介護】埼玉県深谷市本郷341-1", "url2": "https://www.kaigokensaku.mhlw.go.jp/11/index.php?action_kouhyou_detail_004_kani=true&JigyosyoCd=1174500221-00&ServiceCd=210&Type=search" }, "geometry": { "type": "Point", "coordinates": [ 139.220760599999949, 36.1632544 ] } },
{ "type": "Feature", "properties": { "内容": "特別養護老人ホームふじさわ苑【短期入所生活介護】埼玉県深谷市人見2028-3", "url2": "https://www.kaigokensaku.mhlw.go.jp/11/index.php?action_kouhyou_detail_004_kani=true&JigyosyoCd=1174600120-00&ServiceCd=210&Type=search" }, "geometry": { "type": "Point", "coordinates": [ 139.263427399999955, 36.1630221 ] } },
{ "type": "Feature", "properties": { "内容": "短期入所生活介護　ゆかりの家【短期入所生活介護】埼玉県深谷市人見2051番地1", "url2": "https://www.kaigokensaku.mhlw.go.jp/11/index.php?action_kouhyou_detail_004_kani=true&JigyosyoCd=1174601391-00&ServiceCd=210&Type=search" }, "geometry": { "type": "Point", "coordinates": [ 139.263705, 36.1645414 ] } },
{ "type": "Feature", "properties": { "内容": "むさし愛光園ショートステイ【短期入所生活介護】深谷市大谷241", "url2": "https://www.kaigokensaku.mhlw.go.jp/11/index.php?action_kouhyou_detail_004_kani=true&JigyosyoCd=1174600260-00&ServiceCd=210&Type=search" }, "geometry": { "type": "Point", "coordinates": [ 139.2556925, 36.1544009 ] } },
{ "type": "Feature", "properties": { "内容": "特別養護老人ホームエンゼルの丘【短期入所生活介護】埼玉県深谷市今泉６２５", "url2": "https://www.kaigokensaku.mhlw.go.jp/11/index.php?action_kouhyou_detail_004_kani=true&JigyosyoCd=1174601326-00&ServiceCd=210&Type=search" }, "geometry": { "type": "Point", "coordinates": [ 139.209497400000032, 36.1846462 ] } },
{ "type": "Feature", "properties": { "内容": "ショートステイエンゼルの丘第２【短期入所生活介護】埼玉県深谷市今泉６２５", "url2": "https://www.kaigokensaku.mhlw.go.jp/11/index.php?action_kouhyou_detail_004_kani=true&JigyosyoCd=1174602043-00&ServiceCd=210&Type=search" }, "geometry": { "type": "Point", "coordinates": [ 139.209497400000032, 36.1846462 ] } },
{ "type": "Feature", "properties": { "内容": "ショートステイエンゼルの丘【短期入所生活介護】埼玉県深谷市今泉625番地", "url2": "https://www.kaigokensaku.mhlw.go.jp/11/index.php?action_kouhyou_detail_004_kani=true&JigyosyoCd=1174500932-00&ServiceCd=210&Type=search" }, "geometry": { "type": "Point", "coordinates": [ 139.209497400000032, 36.1846462 ] } },
{ "type": "Feature", "properties": { "内容": "特別養護老人ホーム深緑苑【短期入所生活介護】埼玉県深谷市江原570番地", "url2": "https://www.kaigokensaku.mhlw.go.jp/11/index.php?action_kouhyou_detail_004_kani=true&JigyosyoCd=1174600062-00&ServiceCd=210&Type=search" }, "geometry": { "type": "Point", "coordinates": [ 139.325972299999989, 36.2283171 ] } },
{ "type": "Feature", "properties": { "内容": "短期入所生活介護　あかつき【短期入所生活介護】埼玉県深谷市東方2737番1", "url2": "https://www.kaigokensaku.mhlw.go.jp/11/index.php?action_kouhyou_detail_004_kani=true&JigyosyoCd=1174600237-00&ServiceCd=210&Type=search" }, "geometry": { "type": "Point", "coordinates": [ 139.324807302940513, 36.191202848574406 ] } },
{ "type": "Feature", "properties": { "内容": "ショートステイかがやき【短期入所生活介護】埼玉県深谷市成塚213番地", "url2": "https://www.kaigokensaku.mhlw.go.jp/11/index.php?action_kouhyou_detail_004_kani=true&JigyosyoCd=1174602134-00&ServiceCd=210&Type=search" }, "geometry": { "type": "Point", "coordinates": [ 139.294050800000036, 36.2248165 ] } },
{ "type": "Feature", "properties": { "内容": "ショートステイ　ひびき【短期入所生活介護】埼玉県深谷市長在家３９７６", "url2": "https://www.kaigokensaku.mhlw.go.jp/11/index.php?action_kouhyou_detail_004_kani=true&JigyosyoCd=1174601144-00&ServiceCd=210&Type=search" }, "geometry": { "type": "Point", "coordinates": [ 139.288795700000037, 36.1541982 ] } },
{ "type": "Feature", "properties": { "内容": "特別養護老人ホーム　飛鳥の郷【短期入所生活介護】埼玉県深谷市上原496", "url2": "https://www.kaigokensaku.mhlw.go.jp/11/index.php?action_kouhyou_detail_004_kani=true&JigyosyoCd=1174501336-00&ServiceCd=210&Type=search" }, "geometry": { "type": "Point", "coordinates": [ 139.271016700000018, 36.1505958 ] } },
{ "type": "Feature", "properties": { "内容": "特別養護老人ホーム　飛鳥の郷【短期入所生活介護】埼玉県深谷市上原496", "url2": "https://www.kaigokensaku.mhlw.go.jp/11/index.php?action_kouhyou_detail_004_kani=true&JigyosyoCd=1174602530-00&ServiceCd=210&Type=search" }, "geometry": { "type": "Point", "coordinates": [ 139.2710945, 36.1506292 ] } },
{ "type": "Feature", "properties": { "内容": "フラワーヴィラ短期入所生活介護事業所【短期入所生活介護】埼玉県深谷市小前田2677", "url2": "https://www.kaigokensaku.mhlw.go.jp/11/index.php?action_kouhyou_detail_004_kani=true&JigyosyoCd=1174500551-00&ServiceCd=210&Type=search" }, "geometry": { "type": "Point", "coordinates": [ 139.2191355, 36.1344301 ] } },
{ "type": "Feature", "properties": { "内容": "上尾ほほえみの杜新館【短期入所生活介護】埼玉県上尾市畔吉1341番地1", "url2": "https://www.kaigokensaku.mhlw.go.jp/11/index.php?action_kouhyou_detail_004_kani=true&JigyosyoCd=1171603077-00&ServiceCd=210&Type=search" }, "geometry": { "type": "Point", "coordinates": [ 139.552739300000013, 35.9718254 ] } },
{ "type": "Feature", "properties": { "内容": "ショートステイ椋の木【短期入所生活介護】埼玉県上尾市大字平塚３２２番地", "url2": "https://www.kaigokensaku.mhlw.go.jp/11/index.php?action_kouhyou_detail_004_kani=true&JigyosyoCd=1171602335-00&ServiceCd=210&Type=search" }, "geometry": { "type": "Point", "coordinates": [ 139.598687199999972, 35.9993535 ] } },
{ "type": "Feature", "properties": { "内容": "上尾ケアセンターそよ風【短期入所生活介護】埼玉県上尾市上尾村1167-1", "url2": "https://www.kaigokensaku.mhlw.go.jp/11/index.php?action_kouhyou_detail_004_kani=true&JigyosyoCd=1171601519-00&ServiceCd=210&Type=search" }, "geometry": { "type": "Point", "coordinates": [ 139.5952244, 35.9834883 ] } },
{ "type": "Feature", "properties": { "内容": "介護老人福祉施設ウエルハーネス上尾【短期入所生活介護】埼玉県上尾市向山一丁目14番地７", "url2": "https://www.kaigokensaku.mhlw.go.jp/11/index.php?action_kouhyou_detail_004_kani=true&JigyosyoCd=1171600933-00&ServiceCd=210&Type=search" }, "geometry": { "type": "Point", "coordinates": [ 139.584626299999968, 35.9607908 ] } },
{ "type": "Feature", "properties": { "内容": "短期入所生活介護事業所　葺きの里【短期入所生活介護】上尾市大字瓦葺2143番2", "url2": "https://www.kaigokensaku.mhlw.go.jp/11/index.php?action_kouhyou_detail_004_kani=true&JigyosyoCd=1171600198-00&ServiceCd=210&Type=search" }, "geometry": { "type": "Point", "coordinates": [ 139.648173499999984, 35.9571917 ] } },
{ "type": "Feature", "properties": { "内容": "短期入所生活介護事業所　葺きの里【短期入所生活介護】埼玉県上尾市瓦葺2143番地2", "url2": "https://www.kaigokensaku.mhlw.go.jp/11/index.php?action_kouhyou_detail_004_kani=true&JigyosyoCd=1171602632-00&ServiceCd=210&Type=search" }, "geometry": { "type": "Point", "coordinates": [ 139.6481708, 35.9571751 ] } },
{ "type": "Feature", "properties": { "内容": "短期入所生活介護事業所　あけぼの【短期入所生活介護】埼玉県上尾市大字上野５６７番地", "url2": "https://www.kaigokensaku.mhlw.go.jp/11/index.php?action_kouhyou_detail_004_kani=true&JigyosyoCd=1171600271-00&ServiceCd=210&Type=search" }, "geometry": { "type": "Point", "coordinates": [ 139.5620755, 35.9424608 ] } },
{ "type": "Feature", "properties": { "内容": "新生ホーム【短期入所生活介護】埼玉県上尾市平方領々家213-1東館", "url2": "https://www.kaigokensaku.mhlw.go.jp/11/index.php?action_kouhyou_detail_004_kani=true&JigyosyoCd=1171603234-00&ServiceCd=210&Type=search" }, "geometry": { "type": "Point", "coordinates": [ 139.567468, 35.9437412 ] } },
{ "type": "Feature", "properties": { "内容": "新生ホーム【短期入所生活介護】埼玉県上尾市平方領々家224-1", "url2": "https://www.kaigokensaku.mhlw.go.jp/11/index.php?action_kouhyou_detail_004_kani=true&JigyosyoCd=1171600172-00&ServiceCd=210&Type=search" }, "geometry": { "type": "Point", "coordinates": [ 139.5714946, 35.9461226 ] } },
{ "type": "Feature", "properties": { "内容": "ショートステイご福あげお【短期入所生活介護】埼玉県上尾市平方505", "url2": "https://www.kaigokensaku.mhlw.go.jp/11/index.php?action_kouhyou_detail_004_kani=true&JigyosyoCd=1171602673-00&ServiceCd=210&Type=search" }, "geometry": { "type": "Point", "coordinates": [ 139.548725852639791, 35.94406677070041 ] } },
{ "type": "Feature", "properties": { "内容": "上尾ほほえみの杜【短期入所生活介護】埼玉県上尾市大字畔吉1341番地１", "url2": "https://www.kaigokensaku.mhlw.go.jp/11/index.php?action_kouhyou_detail_004_kani=true&JigyosyoCd=1171601691-00&ServiceCd=210&Type=search" }, "geometry": { "type": "Point", "coordinates": [ 139.552730965965367, 35.971862705721918 ] } },
{ "type": "Feature", "properties": { "内容": "介護老人福祉施設　しののめ【短期入所生活介護】埼玉県上尾市大字平塚字大砂２１４１", "url2": "https://www.kaigokensaku.mhlw.go.jp/11/index.php?action_kouhyou_detail_004_kani=true&JigyosyoCd=1171600446-00&ServiceCd=210&Type=search" }, "geometry": { "type": "Point", "coordinates": [ 139.593205500000067, 35.9773805 ] } },
{ "type": "Feature", "properties": { "内容": "ショートステイ　パストーン浅間台【短期入所生活介護】上尾市浅間台２－１７－１", "url2": "https://www.kaigokensaku.mhlw.go.jp/11/index.php?action_kouhyou_detail_004_kani=true&JigyosyoCd=1171600628-00&ServiceCd=210&Type=search" }, "geometry": { "type": "Point", "coordinates": [ 139.574354299999982, 35.9797384 ] } },
{ "type": "Feature", "properties": { "内容": "株式会社ひまわりケアサポート【短期入所生活介護】上尾市小泉四丁目19番地1", "url2": "https://www.kaigokensaku.mhlw.go.jp/11/index.php?action_kouhyou_detail_004_kani=true&JigyosyoCd=1171601493-00&ServiceCd=210&Type=search" }, "geometry": { "type": "Point", "coordinates": [ 139.565841500000033, 35.9745861 ] } },
{ "type": "Feature", "properties": { "内容": "上尾たいようの杜短期入所生活介護【短期入所生活介護】埼玉県上尾市大字西門前755-1", "url2": "https://www.kaigokensaku.mhlw.go.jp/11/index.php?action_kouhyou_detail_004_kani=true&JigyosyoCd=1171603226-00&ServiceCd=210&Type=search" }, "geometry": { "type": "Point", "coordinates": [ 139.593109565510815, 35.989661422165824 ] } },
{ "type": "Feature", "properties": { "内容": "あずみ苑上尾【短期入所生活介護】埼玉県上尾市大字上野221-9", "url2": "https://www.kaigokensaku.mhlw.go.jp/11/index.php?action_kouhyou_detail_004_kani=true&JigyosyoCd=1171601089-00&ServiceCd=210&Type=search" }, "geometry": { "type": "Point", "coordinates": [ 139.5613437, 35.9488106 ] } },
{ "type": "Feature", "properties": { "内容": "あずみ苑グランデ草加【短期入所生活介護】埼玉県草加市新善町502番", "url2": "https://www.kaigokensaku.mhlw.go.jp/11/index.php?action_kouhyou_detail_004_kani=true&JigyosyoCd=1171801598-00&ServiceCd=210&Type=search" }, "geometry": { "type": "Point", "coordinates": [ 139.7889252, 35.8503673 ] } },
{ "type": "Feature", "properties": { "内容": "草加ケアセンターそよ風【短期入所生活介護】埼玉県草加市新栄3-11-3", "url2": "https://www.kaigokensaku.mhlw.go.jp/11/index.php?action_kouhyou_detail_004_kani=true&JigyosyoCd=1171801762-00&ServiceCd=210&Type=search" }, "geometry": { "type": "Point", "coordinates": [ 139.766557499999976, 35.8593427 ] } },
{ "type": "Feature", "properties": { "内容": "短期入所生活介護　プレミア草加南【短期入所生活介護】埼玉県草加市柳島町890番4", "url2": "https://www.kaigokensaku.mhlw.go.jp/11/index.php?action_kouhyou_detail_004_kani=true&JigyosyoCd=1171802323-00&ServiceCd=210&Type=search" }, "geometry": { "type": "Point", "coordinates": [ 139.786532574868687, 35.816709052448871 ] } },
{ "type": "Feature", "properties": { "内容": "ショートステイ　フェリス【短期入所生活介護】埼玉県草加市長栄二丁目１番地８", "url2": "https://www.kaigokensaku.mhlw.go.jp/11/index.php?action_kouhyou_detail_004_kani=true&JigyosyoCd=1171801374-00&ServiceCd=210&Type=search" }, "geometry": { "type": "Point", "coordinates": [ 139.782489932463022, 35.855129880263682 ] } },
{ "type": "Feature", "properties": { "内容": "ケアサポートそうか【短期入所生活介護】草加市瀬崎3-28-5", "url2": "https://www.kaigokensaku.mhlw.go.jp/11/index.php?action_kouhyou_detail_004_kani=true&JigyosyoCd=1171801192-00&ServiceCd=210&Type=search" }, "geometry": { "type": "Point", "coordinates": [ 139.804911, 35.8120596 ] } },
{ "type": "Feature", "properties": { "内容": "ショートステイ事業草加園【短期入所生活介護】埼玉県草加市苗塚町200番地2", "url2": "https://www.kaigokensaku.mhlw.go.jp/11/index.php?action_kouhyou_detail_004_kani=true&JigyosyoCd=1171800236-00&ServiceCd=210&Type=search" }, "geometry": { "type": "Point", "coordinates": [ 139.7858288, 35.8327945 ] } },
{ "type": "Feature", "properties": { "内容": "特別養護老人ホーム柿木園【短期入所生活介護】柿木町181", "url2": "https://www.kaigokensaku.mhlw.go.jp/11/index.php?action_kouhyou_detail_004_kani=true&JigyosyoCd=1171800186-00&ServiceCd=210&Type=search" }, "geometry": { "type": "Point", "coordinates": [ 139.827831400000036, 35.8579587 ] } },
{ "type": "Feature", "properties": { "内容": "短期入所生活介護事業所　ショートステイ　アートフェリス【短期入所生活介護】松原一丁目8番15号", "url2": "https://www.kaigokensaku.mhlw.go.jp/11/index.php?action_kouhyou_detail_004_kani=true&JigyosyoCd=1171802281-00&ServiceCd=210&Type=search" }, "geometry": { "type": "Point", "coordinates": [ 139.540290300000038, 36.238916 ] } },
{ "type": "Feature", "properties": { "内容": "草加明生苑【短期入所生活介護】埼玉県草加市旭町3-5-25", "url2": "https://www.kaigokensaku.mhlw.go.jp/11/index.php?action_kouhyou_detail_004_kani=true&JigyosyoCd=1171800822-00&ServiceCd=210&Type=search" }, "geometry": { "type": "Point", "coordinates": [ 139.7966403, 35.8522622 ] } },
{ "type": "Feature", "properties": { "内容": "短期入所生活介護草加キングス・ガーデン【短期入所生活介護】埼玉県草加市遊馬町185番地", "url2": "https://www.kaigokensaku.mhlw.go.jp/11/index.php?action_kouhyou_detail_004_kani=true&JigyosyoCd=1171800574-00&ServiceCd=210&Type=search" }, "geometry": { "type": "Point", "coordinates": [ 139.776566199999934, 35.8174356 ] } },
{ "type": "Feature", "properties": { "内容": "短期入所生活介護事業所クォーターヴィレッジ【短期入所生活介護】埼玉県草加市柿木町1084番", "url2": "https://www.kaigokensaku.mhlw.go.jp/11/index.php?action_kouhyou_detail_004_kani=true&JigyosyoCd=1171800954-00&ServiceCd=210&Type=search" }, "geometry": { "type": "Point", "coordinates": [ 139.825313300000062, 35.86432150000001 ] } },
{ "type": "Feature", "properties": { "内容": "ショートステイ　フェリス　八幡【短期入所生活介護】埼玉県草加市八幡町332-1", "url2": "https://www.kaigokensaku.mhlw.go.jp/11/index.php?action_kouhyou_detail_004_kani=true&JigyosyoCd=1171802000-00&ServiceCd=210&Type=search" }, "geometry": { "type": "Point", "coordinates": [ 139.804093200000011, 35.8524257 ] } },
{ "type": "Feature", "properties": { "内容": "特別養護老人ホームえくぼ【短期入所生活介護】埼玉県越谷市七左町六丁目191番地1", "url2": "https://www.kaigokensaku.mhlw.go.jp/11/index.php?action_kouhyou_detail_004_kani=true&JigyosyoCd=1170803173-00&ServiceCd=210&Type=search" }, "geometry": { "type": "Point", "coordinates": [ 139.774035199999986, 35.8731656 ] } },
{ "type": "Feature", "properties": { "内容": "ショートステイケアサポートこしがや【短期入所生活介護】埼玉県越谷市東越谷６－１５－１１", "url2": "https://www.kaigokensaku.mhlw.go.jp/11/index.php?action_kouhyou_detail_004_kani=true&JigyosyoCd=1170801292-00&ServiceCd=210&Type=search" }, "geometry": { "type": "Point", "coordinates": [ 139.800258799999938, 35.898361 ] } },
{ "type": "Feature", "properties": { "内容": "こしがや翔裕館【短期入所生活介護】平方2815－1", "url2": "https://www.kaigokensaku.mhlw.go.jp/11/index.php?action_kouhyou_detail_004_kani=true&JigyosyoCd=1170804296-00&ServiceCd=210&Type=search" }, "geometry": { "type": "Point", "coordinates": [ 139.783943099999988, 35.9466941 ] } },
{ "type": "Feature", "properties": { "内容": "パナソニックエイジフリーケアセンター東越谷・ショートステイ【短期入所生活介護】東越谷7-15-3", "url2": "https://www.kaigokensaku.mhlw.go.jp/11/index.php?action_kouhyou_detail_004_kani=true&JigyosyoCd=1170803785-00&ServiceCd=210&Type=search" }, "geometry": { "type": "Point", "coordinates": [ 139.8031174, 35.8935818 ] } },
{ "type": "Feature", "properties": { "内容": "あずみ苑　蒲生【短期入所生活介護】埼玉県越谷市蒲生4-17-1", "url2": "https://www.kaigokensaku.mhlw.go.jp/11/index.php?action_kouhyou_detail_004_kani=true&JigyosyoCd=1170801425-00&ServiceCd=210&Type=search" }, "geometry": { "type": "Point", "coordinates": [ 139.8047554, 35.8682779 ] } },
{ "type": "Feature", "properties": { "内容": "憩いの里短期入所生活介護事業所【短期入所生活介護】越谷市増森1-85", "url2": "https://www.kaigokensaku.mhlw.go.jp/11/index.php?action_kouhyou_detail_004_kani=true&JigyosyoCd=1170800294-00&ServiceCd=210&Type=search" }, "geometry": { "type": "Point", "coordinates": [ 139.8207903, 35.9003807 ] } },
{ "type": "Feature", "properties": { "内容": "大袋ケアコミュニティ　そよ風【短期入所生活介護】埼玉県越谷市下間久里1078-1", "url2": "https://www.kaigokensaku.mhlw.go.jp/11/index.php?action_kouhyou_detail_004_kani=true&JigyosyoCd=1170802605-00&ServiceCd=210&Type=search" }, "geometry": { "type": "Point", "coordinates": [ 139.780272945446768, 35.9243107556075 ] } },
{ "type": "Feature", "properties": { "内容": "短期入所生活介護事業所　越谷ホーム【短期入所生活介護】越谷市大字南荻島１９８７番地２", "url2": "https://www.kaigokensaku.mhlw.go.jp/11/index.php?action_kouhyou_detail_004_kani=true&JigyosyoCd=1170800336-00&ServiceCd=210&Type=search" }, "geometry": { "type": "Point", "coordinates": [ 139.760187299999984, 35.9029342 ] } },
{ "type": "Feature", "properties": { "内容": "特別養護老人ホーム越谷れんげの杜（ショートステイ）【短期入所生活介護】埼玉県越谷市相模町２丁目277番１", "url2": "https://www.kaigokensaku.mhlw.go.jp/11/index.php?action_kouhyou_detail_004_kani=true&JigyosyoCd=1170804379-00&ServiceCd=210&Type=search" }, "geometry": { "type": "Point", "coordinates": [ 139.807322724944555, 35.886445791935685 ] } },
{ "type": "Feature", "properties": { "内容": "ショートステイ　越谷なごみの郷【短期入所生活介護】越谷市川柳3丁目55番1", "url2": "https://www.kaigokensaku.mhlw.go.jp/11/index.php?action_kouhyou_detail_004_kani=true&JigyosyoCd=1170802076-00&ServiceCd=210&Type=search" }, "geometry": { "type": "Point", "coordinates": [ 139.812969899999985, 35.8634909 ] } },
{ "type": "Feature", "properties": { "内容": "越谷なごみの郷【短期入所生活介護】越谷市川柳町3丁目60番1", "url2": "https://www.kaigokensaku.mhlw.go.jp/11/index.php?action_kouhyou_detail_004_kani=true&JigyosyoCd=1170800195-00&ServiceCd=210&Type=search" }, "geometry": { "type": "Point", "coordinates": [ 139.813128199999937, 35.8639797 ] } },
{ "type": "Feature", "properties": { "内容": "社会福祉法人桐和会　タムスさくらの杜越谷【短期入所生活介護】新川町2-247", "url2": "https://www.kaigokensaku.mhlw.go.jp/11/index.php?action_kouhyou_detail_004_kani=true&JigyosyoCd=1170802571-00&ServiceCd=210&Type=search" }, "geometry": { "type": "Point", "coordinates": [ 139.758339799999931, 35.8799232 ] } },
{ "type": "Feature", "properties": { "内容": "ショートステイ　キャンベルホーム【短期入所生活介護】越谷市大字大吉552-1社会福祉法人　大吉会　キャンベルホーム", "url2": "https://www.kaigokensaku.mhlw.go.jp/11/index.php?action_kouhyou_detail_004_kani=true&JigyosyoCd=1170800625-00&ServiceCd=210&Type=search" }, "geometry": { "type": "Point", "coordinates": [ 139.803088099999968, 35.9178025 ] } },
{ "type": "Feature", "properties": { "内容": "介護老人福祉施設越谷よさこいホーム【短期入所生活介護】埼玉県越谷市大字恩間新田５３番地１", "url2": "https://www.kaigokensaku.mhlw.go.jp/11/index.php?action_kouhyou_detail_004_kani=true&JigyosyoCd=1170804395-00&ServiceCd=210&Type=search" }, "geometry": { "type": "Point", "coordinates": [ 139.7544441, 35.9404467 ] } },
{ "type": "Feature", "properties": { "内容": "特別養護老人ホーム　みちみち【短期入所生活介護】埼玉県越谷市大字船渡2046", "url2": "https://www.kaigokensaku.mhlw.go.jp/11/index.php?action_kouhyou_detail_004_kani=true&JigyosyoCd=1170802449-00&ServiceCd=210&Type=search" }, "geometry": { "type": "Point", "coordinates": [ 139.799945500000035, 35.9413348 ] } },
{ "type": "Feature", "properties": { "内容": "越谷西ケアセンターそよ風【短期入所生活介護】埼玉県越谷市南荻島565-1", "url2": "https://www.kaigokensaku.mhlw.go.jp/11/index.php?action_kouhyou_detail_004_kani=true&JigyosyoCd=1170801573-00&ServiceCd=210&Type=search" }, "geometry": { "type": "Point", "coordinates": [ 139.7668971, 35.9113986 ] } },
{ "type": "Feature", "properties": { "内容": "嘉祥園【短期入所生活介護】埼玉県越谷市谷中町４-２９", "url2": "https://www.kaigokensaku.mhlw.go.jp/11/index.php?action_kouhyou_detail_004_kani=true&JigyosyoCd=1170800369-00&ServiceCd=210&Type=search" }, "geometry": { "type": "Point", "coordinates": [ 139.7697207, 35.8903295 ] } },
{ "type": "Feature", "properties": { "内容": "特別養護老人ホームレーベンホームわらび(ショ－トステイ型)【短期入所生活介護】中央7-37-16特別養護老人ホームレーベンホームわらび", "url2": "https://www.kaigokensaku.mhlw.go.jp/11/index.php?action_kouhyou_detail_004_kani=true&JigyosyoCd=1171401084-00&ServiceCd=210&Type=search" }, "geometry": { "type": "Point", "coordinates": [ 139.685794, 35.8169839 ] } },
{ "type": "Feature", "properties": { "内容": "ショートステイ　ケアサポートわらび【短期入所生活介護】蕨市中央6-6-20", "url2": "https://www.kaigokensaku.mhlw.go.jp/11/index.php?action_kouhyou_detail_004_kani=true&JigyosyoCd=1171400714-00&ServiceCd=210&Type=search" }, "geometry": { "type": "Point", "coordinates": [ 139.683674500000052, 35.8203544 ] } },
{ "type": "Feature", "properties": { "内容": "特別養護老人ホーム　蕨サンクチュアリ【短期入所生活介護】蕨市北町５－１２－５", "url2": "https://www.kaigokensaku.mhlw.go.jp/11/index.php?action_kouhyou_detail_004_kani=true&JigyosyoCd=1171400045-00&ServiceCd=210&Type=search" }, "geometry": { "type": "Point", "coordinates": [ 139.66930590000004, 35.8347518 ] } },
{ "type": "Feature", "properties": { "内容": "特別養護老人ホーム　第２蕨サンクチュアリ【短期入所生活介護】蕨市北町５－１３－２０", "url2": "https://www.kaigokensaku.mhlw.go.jp/11/index.php?action_kouhyou_detail_004_kani=true&JigyosyoCd=1171400060-00&ServiceCd=210&Type=search" }, "geometry": { "type": "Point", "coordinates": [ 139.669030900000052, 35.8344713 ] } },
{ "type": "Feature", "properties": { "内容": "いきいきタウンとだ【短期入所生活介護】埼玉県戸田市喜沢南2丁目5番23号", "url2": "https://www.kaigokensaku.mhlw.go.jp/11/index.php?action_kouhyou_detail_004_kani=true&JigyosyoCd=1171900556-00&ServiceCd=210&Type=search" }, "geometry": { "type": "Point", "coordinates": [ 139.6913075, 35.8070316 ] } },
{ "type": "Feature", "properties": { "内容": "ソレアード戸田　ショートステイセンター【短期入所生活介護】埼玉県戸田市美女木8-21-17", "url2": "https://www.kaigokensaku.mhlw.go.jp/11/index.php?action_kouhyou_detail_004_kani=true&JigyosyoCd=1171900671-00&ServiceCd=210&Type=search" }, "geometry": { "type": "Point", "coordinates": [ 139.63208439999994, 35.8291993 ] } },
{ "type": "Feature", "properties": { "内容": "特別養護老人ホームレーベンホーム戸田ユニット型ショ－トステイ【短期入所生活介護】中町1-29-5特別養護老人ホームレーベンホーム戸田", "url2": "https://www.kaigokensaku.mhlw.go.jp/11/index.php?action_kouhyou_detail_004_kani=true&JigyosyoCd=1171902073-00&ServiceCd=210&Type=search" }, "geometry": { "type": "Point", "coordinates": [ 139.5643052, 35.703481 ] } },
{ "type": "Feature", "properties": { "内容": "戸田ケアコミュニティそよ風【短期入所生活介護】埼玉県戸田市氷川町2-16-23", "url2": "https://www.kaigokensaku.mhlw.go.jp/11/index.php?action_kouhyou_detail_004_kani=true&JigyosyoCd=1171900853-00&ServiceCd=210&Type=search" }, "geometry": { "type": "Point", "coordinates": [ 139.65796279999995, 35.811895 ] } },
{ "type": "Feature", "properties": { "内容": "指定短期入所生活介護事業所戸田ほほえみの郷【短期入所生活介護】埼玉県戸田市大字上戸田５番地の４", "url2": "https://www.kaigokensaku.mhlw.go.jp/11/index.php?action_kouhyou_detail_004_kani=true&JigyosyoCd=1171900176-00&ServiceCd=210&Type=search" }, "geometry": { "type": "Point", "coordinates": [ 139.673731099999941, 35.8145438 ] } },
{ "type": "Feature", "properties": { "内容": "社会福祉法人優美会　ショートステイとだ優和の杜【短期入所生活介護】戸田市新曽南4-2-35", "url2": "https://www.kaigokensaku.mhlw.go.jp/11/index.php?action_kouhyou_detail_004_kani=true&JigyosyoCd=1171901299-00&ServiceCd=210&Type=search" }, "geometry": { "type": "Point", "coordinates": [ 139.663126700000021, 35.8064697 ] } },
{ "type": "Feature", "properties": { "内容": "けやき野の森短期入所生活介護【短期入所生活介護】埼玉県入間市下藤沢1140番地1", "url2": "https://www.kaigokensaku.mhlw.go.jp/11/index.php?action_kouhyou_detail_004_kani=true&JigyosyoCd=1172801944-00&ServiceCd=210&Type=search" }, "geometry": { "type": "Point", "coordinates": [ 139.4097092, 35.8281142 ] } },
{ "type": "Feature", "properties": { "内容": "指定短期入所生活介護事業所　聖愛園【短期入所生活介護】埼玉県入間市大字二本木１０８３番地１", "url2": "https://www.kaigokensaku.mhlw.go.jp/11/index.php?action_kouhyou_detail_004_kani=true&JigyosyoCd=1172800284-00&ServiceCd=210&Type=search" }, "geometry": { "type": "Point", "coordinates": [ 139.357969499999967, 35.7957556 ] } },
{ "type": "Feature", "properties": { "内容": "入間ショートステイ【短期入所生活介護】埼玉県入間市大字小谷田1656番地1", "url2": "https://www.kaigokensaku.mhlw.go.jp/11/index.php?action_kouhyou_detail_004_kani=true&JigyosyoCd=1172801670-00&ServiceCd=210&Type=search" }, "geometry": { "type": "Point", "coordinates": [ 139.367815544838322, 35.832868403235594 ] } },
{ "type": "Feature", "properties": { "内容": "おおぎショートステイ【短期入所生活介護】埼玉県入間市東町4-1-77", "url2": "https://www.kaigokensaku.mhlw.go.jp/11/index.php?action_kouhyou_detail_004_kani=true&JigyosyoCd=1172802140-00&ServiceCd=210&Type=search" }, "geometry": { "type": "Point", "coordinates": [ 139.40291830000001, 35.8317482 ] } },
{ "type": "Feature", "properties": { "内容": "扇揚苑ショートステイ【短期入所生活介護】入間市大字中神８５３－１", "url2": "https://www.kaigokensaku.mhlw.go.jp/11/index.php?action_kouhyou_detail_004_kani=true&JigyosyoCd=1172800573-00&ServiceCd=210&Type=search" }, "geometry": { "type": "Point", "coordinates": [ 139.3553551, 35.8106232 ] } },
{ "type": "Feature", "properties": { "内容": "ショートステイ入間つつじの園【短期入所生活介護】埼玉県入間市宮寺2467番地", "url2": "https://www.kaigokensaku.mhlw.go.jp/11/index.php?action_kouhyou_detail_004_kani=true&JigyosyoCd=1172801381-00&ServiceCd=210&Type=search" }, "geometry": { "type": "Point", "coordinates": [ 139.37996926975859, 35.797228526465197 ] } },
{ "type": "Feature", "properties": { "内容": "特別養護老人ホーム　鍵山苑　１号館　ショートステイ【短期入所生活介護】埼玉県入間市鍵山3丁目11番2号", "url2": "https://www.kaigokensaku.mhlw.go.jp/11/index.php?action_kouhyou_detail_004_kani=true&JigyosyoCd=1172801688-00&ServiceCd=210&Type=search" }, "geometry": { "type": "Point", "coordinates": [ 139.374527899999947, 35.8456807 ] } },
{ "type": "Feature", "properties": { "内容": "特別養護老人ホーム　杏樹苑爽風館【短期入所生活介護】埼玉県入間市仏子1111-1", "url2": "https://www.kaigokensaku.mhlw.go.jp/11/index.php?action_kouhyou_detail_004_kani=true&JigyosyoCd=1172801472-00&ServiceCd=210&Type=search" }, "geometry": { "type": "Point", "coordinates": [ 139.3609927, 35.8412725 ] } },
{ "type": "Feature", "properties": { "内容": "杏樹苑短期入所生活介護【短期入所生活介護】埼玉県入間市上藤沢851-1", "url2": "https://www.kaigokensaku.mhlw.go.jp/11/index.php?action_kouhyou_detail_004_kani=true&JigyosyoCd=1172800292-00&ServiceCd=210&Type=search" }, "geometry": { "type": "Point", "coordinates": [ 139.388189199999943, 35.8104937 ] } },
{ "type": "Feature", "properties": { "内容": "朝霞ケアセンターそよ風【短期入所生活介護】朝霞市溝沼1050-1", "url2": "https://www.kaigokensaku.mhlw.go.jp/11/index.php?action_kouhyou_detail_004_kani=true&JigyosyoCd=1172100834-00&ServiceCd=210&Type=search" }, "geometry": { "type": "Point", "coordinates": [ 139.586858600000028, 35.8066981 ] } },
{ "type": "Feature", "properties": { "内容": "朝光苑【短期入所生活介護】埼玉県朝霞市青葉台１丁目１０番３２号", "url2": "https://www.kaigokensaku.mhlw.go.jp/11/index.php?action_kouhyou_detail_004_kani=true&JigyosyoCd=1172100552-00&ServiceCd=210&Type=search" }, "geometry": { "type": "Point", "coordinates": [ 139.590403199999969, 35.7904588 ] } },
{ "type": "Feature", "properties": { "内容": "ちいきみっちゃくがたとくべつようごろうじんほーむあさかえん【短期入所生活介護】埼玉県朝霞市大字溝沼字仲田1231-2", "url2": "https://www.kaigokensaku.mhlw.go.jp/11/index.php?action_kouhyou_detail_004_kani=true&JigyosyoCd=1172101311-00&ServiceCd=210&Type=search" }, "geometry": { "type": "Point", "coordinates": [ 139.582581, 35.7949 ] } },
{ "type": "Feature", "properties": { "内容": "特別養護老人ホーム内間木苑【短期入所生活介護】埼玉県朝霞市上内間木苑４９８－４", "url2": "https://www.kaigokensaku.mhlw.go.jp/11/index.php?action_kouhyou_detail_004_kani=true&JigyosyoCd=1172100180-00&ServiceCd=210&Type=search" }, "geometry": { "type": "Point", "coordinates": [ 139.603020300000026, 35.8281864 ] } },
{ "type": "Feature", "properties": { "内容": "内間木苑ユニット型短期入所生活介護事業所【短期入所生活介護】-埼玉県朝霞市上内間木498-4", "url2": "https://www.kaigokensaku.mhlw.go.jp/11/index.php?action_kouhyou_detail_004_kani=true&JigyosyoCd=1172101519-00&ServiceCd=210&Type=search" }, "geometry": { "type": "Point", "coordinates": [ 139.6031946, 35.8282084 ] } },
{ "type": "Feature", "properties": { "内容": "ショートステイ　みんなの家・志木上宗岡【短期入所生活介護】埼玉県志木市上宗岡3-6-40", "url2": "https://www.kaigokensaku.mhlw.go.jp/11/index.php?action_kouhyou_detail_004_kani=true&JigyosyoCd=1172200386-00&ServiceCd=210&Type=search" }, "geometry": { "type": "Point", "coordinates": [ 139.579713399999946, 35.8504484 ] } },
{ "type": "Feature", "properties": { "内容": "短期入所生活介護事業所　ブロン【短期入所生活介護】埼玉県志木市本町２－１０－５０", "url2": "https://www.kaigokensaku.mhlw.go.jp/11/index.php?action_kouhyou_detail_004_kani=true&JigyosyoCd=1172200113-00&ServiceCd=210&Type=search" }, "geometry": { "type": "Point", "coordinates": [ 139.5821221, 35.8338699 ] } },
{ "type": "Feature", "properties": { "内容": "ショートステイ　ケアサポートしき【短期入所生活介護】埼玉県志木市上宗岡5-19-44イルミーナしき", "url2": "https://www.kaigokensaku.mhlw.go.jp/11/index.php?action_kouhyou_detail_004_kani=true&JigyosyoCd=1172200576-00&ServiceCd=210&Type=search" }, "geometry": { "type": "Point", "coordinates": [ 139.5842721, 35.8470293 ] } },
{ "type": "Feature", "properties": { "内容": "志木の里　短期入所生活介護【短期入所生活介護】埼玉県志木市柏町1-6-73", "url2": "https://www.kaigokensaku.mhlw.go.jp/11/index.php?action_kouhyou_detail_004_kani=true&JigyosyoCd=1172200659-00&ServiceCd=210&Type=search" }, "geometry": { "type": "Point", "coordinates": [ 139.576153100000056, 35.8356752 ] } },
{ "type": "Feature", "properties": { "内容": "特別養護老人ホーム　あったかの家【短期入所生活介護】埼玉県志木市下宗岡3-5-15", "url2": "https://www.kaigokensaku.mhlw.go.jp/11/index.php?action_kouhyou_detail_004_kani=true&JigyosyoCd=1172200329-00&ServiceCd=210&Type=search" }, "geometry": { "type": "Point", "coordinates": [ 139.5962846, 35.8352394 ] } },
{ "type": "Feature", "properties": { "内容": "エスケアステーション和光　ショートステイ【短期入所生活介護】埼玉県和光市白子三丁目25番地8号", "url2": "https://www.kaigokensaku.mhlw.go.jp/11/index.php?action_kouhyou_detail_004_kani=true&JigyosyoCd=1172300657-00&ServiceCd=210&Type=search" }, "geometry": { "type": "Point", "coordinates": [ 139.631311418616292, 35.786528188680272 ] } },
{ "type": "Feature", "properties": { "内容": "ショートステイ　ケアサポートわこう【短期入所生活介護】埼玉県和光市下新倉2-38-12", "url2": "https://www.kaigokensaku.mhlw.go.jp/11/index.php?action_kouhyou_detail_004_kani=true&JigyosyoCd=1172300608-00&ServiceCd=210&Type=search" }, "geometry": { "type": "Point", "coordinates": [ 139.621980500000063, 35.7894044 ] } },
{ "type": "Feature", "properties": { "内容": "殿山亀寿苑短期入所生活介護事業所【短期入所生活介護】埼玉県新座市堀ノ内3丁目13番1号", "url2": "https://www.kaigokensaku.mhlw.go.jp/11/index.php?action_kouhyou_detail_004_kani=true&JigyosyoCd=1175100120-00&ServiceCd=210&Type=search" }, "geometry": { "type": "Point", "coordinates": [ 139.55614479999997, 35.7748103 ] } },
{ "type": "Feature", "properties": { "内容": "ケアサポートにいざ【短期入所生活介護】埼玉県新座市大和田1-8-2", "url2": "https://www.kaigokensaku.mhlw.go.jp/11/index.php?action_kouhyou_detail_004_kani=true&JigyosyoCd=1175101524-00&ServiceCd=210&Type=search" }, "geometry": { "type": "Point", "coordinates": [ 139.551583899999969, 35.8069313 ] } },
{ "type": "Feature", "properties": { "内容": "短期入所生活介護　そらーれ新座【短期入所生活介護】埼玉県新座市野火止1-19-15", "url2": "https://www.kaigokensaku.mhlw.go.jp/11/index.php?action_kouhyou_detail_004_kani=true&JigyosyoCd=1175101391-00&ServiceCd=210&Type=search" }, "geometry": { "type": "Point", "coordinates": [ 139.564542100000011, 35.789153200000015 ] } },
{ "type": "Feature", "properties": { "内容": "短期入所生活介護事業所　菜々の郷【短期入所生活介護】埼玉県新座市馬場１－２－３５", "url2": "https://www.kaigokensaku.mhlw.go.jp/11/index.php?action_kouhyou_detail_004_kani=true&JigyosyoCd=1175101037-00&ServiceCd=210&Type=search" }, "geometry": { "type": "Point", "coordinates": [ 139.569963199999961, 35.7848788 ] } },
{ "type": "Feature", "properties": { "内容": "特別養護老人ホーム　晴和苑【短期入所生活介護】埼玉県新座市東３丁目７番２６号", "url2": "https://www.kaigokensaku.mhlw.go.jp/11/index.php?action_kouhyou_detail_004_kani=true&JigyosyoCd=1175100179-00&ServiceCd=210&Type=search" }, "geometry": { "type": "Point", "coordinates": [ 139.572404099999972, 35.8147999 ] } },
{ "type": "Feature", "properties": { "内容": "短期入所生活介護事業所　みかんの里【短期入所生活介護】埼玉県新座市中野1-17-33", "url2": "https://www.kaigokensaku.mhlw.go.jp/11/index.php?action_kouhyou_detail_004_kani=true&JigyosyoCd=1175100237-00&ServiceCd=210&Type=search" }, "geometry": { "type": "Point", "coordinates": [ 139.538689799999929, 35.8206237 ] } },
{ "type": "Feature", "properties": { "内容": "新座ケアセンターそよ風【短期入所生活介護】埼玉県新座市野寺２－５－１９", "url2": "https://www.kaigokensaku.mhlw.go.jp/11/index.php?action_kouhyou_detail_004_kani=true&JigyosyoCd=1175100963-00&ServiceCd=210&Type=search" }, "geometry": { "type": "Point", "coordinates": [ 139.5600336, 35.7666086 ] } },
{ "type": "Feature", "properties": { "内容": "とくべつようごろうじんほーむ　べてらんかんう”ぃらおけがわ【短期入所生活介護】埼玉県桶川市加納818-1", "url2": "https://www.kaigokensaku.mhlw.go.jp/11/index.php?action_kouhyou_detail_004_kani=true&JigyosyoCd=1175201381-00&ServiceCd=210&Type=search" }, "geometry": { "type": "Point", "coordinates": [ 139.560579, 36.0258892 ] } },
{ "type": "Feature", "properties": { "内容": "短期入所生活介護事業所はにわの里【短期入所生活介護】埼玉県桶川市川田谷7141番地1", "url2": "https://www.kaigokensaku.mhlw.go.jp/11/index.php?action_kouhyou_detail_004_kani=true&JigyosyoCd=1175200136-00&ServiceCd=210&Type=search" }, "geometry": { "type": "Point", "coordinates": [ 139.509878500000013, 35.9988342 ] } },
{ "type": "Feature", "properties": { "内容": "ねむのき【短期入所生活介護】桶川市川田谷５８３０－１", "url2": "https://www.kaigokensaku.mhlw.go.jp/11/index.php?action_kouhyou_detail_004_kani=true&JigyosyoCd=1175200011-00&ServiceCd=210&Type=search" }, "geometry": { "type": "Point", "coordinates": [ 139.531015300000035, 36.0032423 ] } },
{ "type": "Feature", "properties": { "内容": "桶川ケアセンターそよ風【短期入所生活介護】埼玉県桶川市上日出谷1245-2", "url2": "https://www.kaigokensaku.mhlw.go.jp/11/index.php?action_kouhyou_detail_004_kani=true&JigyosyoCd=1175200409-00&ServiceCd=210&Type=search" }, "geometry": { "type": "Point", "coordinates": [ 139.548194700000067, 36.0050488 ] } },
{ "type": "Feature", "properties": { "内容": "クイーンズビラ桶川ショートステイ【短期入所生活介護】埼玉県桶川市坂田845-1特別養護老人ホーム　クイーンズビラ桶川", "url2": "https://www.kaigokensaku.mhlw.go.jp/11/index.php?action_kouhyou_detail_004_kani=true&JigyosyoCd=1175200862-00&ServiceCd=210&Type=search" }, "geometry": { "type": "Point", "coordinates": [ 139.578462040875252, 36.022267929437241 ] } },
{ "type": "Feature", "properties": { "内容": "桶川ひまわりケアサポート【短期入所生活介護】埼玉県桶川市坂田西3-54-1", "url2": "https://www.kaigokensaku.mhlw.go.jp/11/index.php?action_kouhyou_detail_004_kani=true&JigyosyoCd=1175200771-00&ServiceCd=210&Type=search" }, "geometry": { "type": "Point", "coordinates": [ 139.57183329999998, 36.0154515 ] } },
{ "type": "Feature", "properties": { "内容": "ショートステイ　花ノ木の郷【短期入所生活介護】埼玉県桶川市加納1824-1", "url2": "https://www.kaigokensaku.mhlw.go.jp/11/index.php?action_kouhyou_detail_004_kani=true&JigyosyoCd=1175200565-00&ServiceCd=210&Type=search" }, "geometry": { "type": "Point", "coordinates": [ 139.56165580000004, 36.0315414 ] } },
{ "type": "Feature", "properties": { "内容": "久喜ケアセンターそよ風【短期入所生活介護】埼玉県久喜市青葉5-18-4", "url2": "https://www.kaigokensaku.mhlw.go.jp/11/index.php?action_kouhyou_detail_004_kani=true&JigyosyoCd=1170901712-00&ServiceCd=210&Type=search" }, "geometry": { "type": "Point", "coordinates": [ 139.6961581, 36.0659821 ] } },
{ "type": "Feature", "properties": { "内容": "短期入所生活介護事業所　喜びの里鷲宮【短期入所生活介護】埼玉県久喜市鷲宮3055-1", "url2": "https://www.kaigokensaku.mhlw.go.jp/11/index.php?action_kouhyou_detail_004_kani=true&JigyosyoCd=1170901316-00&ServiceCd=210&Type=search" }, "geometry": { "type": "Point", "coordinates": [ 139.669062700000012, 36.1029288 ] } },
{ "type": "Feature", "properties": { "内容": "しょうぶの里　ショートステイサービス【短期入所生活介護】久喜市菖蒲町下栢間２８１５番地１", "url2": "https://www.kaigokensaku.mhlw.go.jp/11/index.php?action_kouhyou_detail_004_kani=true&JigyosyoCd=1170500209-00&ServiceCd=210&Type=search" }, "geometry": { "type": "Point", "coordinates": [ 139.574351200000024, 36.0369052 ] } },
{ "type": "Feature", "properties": { "内容": "鶴寿荘　短期入所生活介護事業所【短期入所生活介護】埼玉県久喜市北青柳1364", "url2": "https://www.kaigokensaku.mhlw.go.jp/11/index.php?action_kouhyou_detail_004_kani=true&JigyosyoCd=1170900201-00&ServiceCd=210&Type=search" }, "geometry": { "type": "Point", "coordinates": [ 139.661486100000047, 36.0518941 ] } },
{ "type": "Feature", "properties": { "内容": "特別養護老人ホームしょうぶ翔裕園【短期入所生活介護】埼玉県久喜市菖蒲町菖蒲5205番", "url2": "https://www.kaigokensaku.mhlw.go.jp/11/index.php?action_kouhyou_detail_004_kani=true&JigyosyoCd=1170901548-00&ServiceCd=210&Type=search" }, "geometry": { "type": "Point", "coordinates": [ 139.6027358, 36.0651249 ] } },
{ "type": "Feature", "properties": { "内容": "特別養護老人ホーム　鷲宮苑【短期入所生活介護】久喜市上川崎607番地", "url2": "https://www.kaigokensaku.mhlw.go.jp/11/index.php?action_kouhyou_detail_004_kani=true&JigyosyoCd=1171100231-00&ServiceCd=210&Type=search" }, "geometry": { "type": "Point", "coordinates": [ 139.692324099999951, 36.0805459 ] } },
{ "type": "Feature", "properties": { "内容": "ショートステイサービス　恒寿苑【短期入所生活介護】埼玉県久喜市中妻902-1", "url2": "https://www.kaigokensaku.mhlw.go.jp/11/index.php?action_kouhyou_detail_004_kani=true&JigyosyoCd=1171100348-00&ServiceCd=210&Type=search" }, "geometry": { "type": "Point", "coordinates": [ 139.645174600000018, 36.0886193 ] } },
{ "type": "Feature", "properties": { "内容": "指定短期入所生活介護事業所　久喜の里（従来型）【短期入所生活介護】久喜市下早見１７２８番地１", "url2": "https://www.kaigokensaku.mhlw.go.jp/11/index.php?action_kouhyou_detail_004_kani=true&JigyosyoCd=1170900128-00&ServiceCd=210&Type=search" }, "geometry": { "type": "Point", "coordinates": [ 139.653595, 36.0506833 ] } },
{ "type": "Feature", "properties": { "内容": "栗橋翔裕園　短期入所生活介護センター【短期入所生活介護】埼玉県久喜市栗橋３１０－１", "url2": "https://www.kaigokensaku.mhlw.go.jp/11/index.php?action_kouhyou_detail_004_kani=true&JigyosyoCd=1171100306-00&ServiceCd=210&Type=search" }, "geometry": { "type": "Point", "coordinates": [ 139.703554899999972, 36.1257159 ] } },
{ "type": "Feature", "properties": { "内容": "ソレアード久喜　ショートステイセンター【短期入所生活介護】埼玉県久喜市栗原1-15-10", "url2": "https://www.kaigokensaku.mhlw.go.jp/11/index.php?action_kouhyou_detail_004_kani=true&JigyosyoCd=1170900540-00&ServiceCd=210&Type=search" }, "geometry": { "type": "Point", "coordinates": [ 139.704298800000061, 36.0682589 ] } },
{ "type": "Feature", "properties": { "内容": "シンシア南栗橋ショートステイ【短期入所生活介護】埼玉県久喜市南栗橋9丁目9番地１", "url2": "https://www.kaigokensaku.mhlw.go.jp/11/index.php?action_kouhyou_detail_004_kani=true&JigyosyoCd=1170901761-00&ServiceCd=210&Type=search" }, "geometry": { "type": "Point", "coordinates": [ 139.7066299, 36.1118985 ] } },
{ "type": "Feature", "properties": { "内容": "短期入所生活介護事業所　陽日館　（ユニット型）【短期入所生活介護】埼玉県久喜市下早見１７２８番地1", "url2": "https://www.kaigokensaku.mhlw.go.jp/11/index.php?action_kouhyou_detail_004_kani=true&JigyosyoCd=1170901118-00&ServiceCd=210&Type=search" }, "geometry": { "type": "Point", "coordinates": [ 139.653788119049096, 36.050861121490897 ] } },
{ "type": "Feature", "properties": { "内容": "チェリーヒルズ北本　ショートステイ【短期入所生活介護】埼玉県北本市石戸5丁目143番地1", "url2": "https://www.kaigokensaku.mhlw.go.jp/11/index.php?action_kouhyou_detail_004_kani=true&JigyosyoCd=1175300472-00&ServiceCd=210&Type=search" }, "geometry": { "type": "Point", "coordinates": [ 139.5274427, 36.0187665 ] } },
{ "type": "Feature", "properties": { "内容": "特別養護老人ホーム　さくら苑【短期入所生活介護】北本市深井５－６７", "url2": "https://www.kaigokensaku.mhlw.go.jp/11/index.php?action_kouhyou_detail_004_kani=true&JigyosyoCd=1175300076-00&ServiceCd=210&Type=search" }, "geometry": { "type": "Point", "coordinates": [ 139.528005, 36.0497407 ] } },
{ "type": "Feature", "properties": { "内容": "特別養護老人ホームけやきの杜（ユニット型）【短期入所生活介護】埼玉県北本市朝日１－３０－１", "url2": "https://www.kaigokensaku.mhlw.go.jp/11/index.php?action_kouhyou_detail_004_kani=true&JigyosyoCd=1175300696-00&ServiceCd=210&Type=search" }, "geometry": { "type": "Point", "coordinates": [ 139.5494675, 36.0414065 ] } },
{ "type": "Feature", "properties": { "内容": "あずみ苑北本【短期入所生活介護】埼玉県北本市本町8-156-1", "url2": "https://www.kaigokensaku.mhlw.go.jp/11/index.php?action_kouhyou_detail_004_kani=true&JigyosyoCd=1175300449-00&ServiceCd=210&Type=search" }, "geometry": { "type": "Point", "coordinates": [ 139.5262893, 36.0213998 ] } },
{ "type": "Feature", "properties": { "内容": "ショートステイきたもと寿苑【短期入所生活介護】埼玉県北本市二ツ家３丁目１１３－３", "url2": "https://www.kaigokensaku.mhlw.go.jp/11/index.php?action_kouhyou_detail_004_kani=true&JigyosyoCd=1175300712-00&ServiceCd=210&Type=search" }, "geometry": { "type": "Point", "coordinates": [ 139.552096896820075, 36.014444084676484 ] } },
{ "type": "Feature", "properties": { "内容": "特別養護老人ホームちとせ北本【短期入所生活介護】埼玉県北本市深井3-25-1", "url2": "https://www.kaigokensaku.mhlw.go.jp/11/index.php?action_kouhyou_detail_004_kani=true&JigyosyoCd=1175300944-00&ServiceCd=210&Type=search" }, "geometry": { "type": "Point", "coordinates": [ 139.5260905, 36.0485147 ] } },
{ "type": "Feature", "properties": { "内容": "ショートステイ杜の家やしお【短期入所生活介護】埼玉県八潮市鶴ケ曽根567番1", "url2": "https://www.kaigokensaku.mhlw.go.jp/11/index.php?action_kouhyou_detail_004_kani=true&JigyosyoCd=1171000373-00&ServiceCd=210&Type=search" }, "geometry": { "type": "Point", "coordinates": [ 139.836666400000013, 35.8300654 ] } },
{ "type": "Feature", "properties": { "内容": "あずみ苑八潮【短期入所生活介護】大字八條3636番地1", "url2": "https://www.kaigokensaku.mhlw.go.jp/11/index.php?action_kouhyou_detail_004_kani=true&JigyosyoCd=1171000399-00&ServiceCd=210&Type=search" }, "geometry": { "type": "Point", "coordinates": [ 139.8416679, 35.8436336 ] } },
{ "type": "Feature", "properties": { "内容": "社会福祉法人きらめき会　八潮いこいの里【短期入所生活介護】埼玉県八潮市垳526番地1", "url2": "https://www.kaigokensaku.mhlw.go.jp/11/index.php?action_kouhyou_detail_004_kani=true&JigyosyoCd=1171000746-00&ServiceCd=210&Type=search" }, "geometry": { "type": "Point", "coordinates": [ 139.835368, 35.8029294 ] } },
{ "type": "Feature", "properties": { "内容": "やしお苑【短期入所生活介護】埼玉県八潮市南川崎210-1", "url2": "https://www.kaigokensaku.mhlw.go.jp/11/index.php?action_kouhyou_detail_004_kani=true&JigyosyoCd=1171000092-00&ServiceCd=210&Type=search" }, "geometry": { "type": "Point", "coordinates": [ 139.860568100000023, 35.8116599 ] } },
{ "type": "Feature", "properties": { "内容": "短期入所生活介護事業所　はるな苑【短期入所生活介護】埼玉県富士見市大字勝瀬512-1", "url2": "https://www.kaigokensaku.mhlw.go.jp/11/index.php?action_kouhyou_detail_004_kani=true&JigyosyoCd=1172900654-00&ServiceCd=210&Type=search" }, "geometry": { "type": "Point", "coordinates": [ 139.545064599999989, 35.8639968 ] } },
{ "type": "Feature", "properties": { "内容": "こぶしの里短期入所生活介護【短期入所生活介護】埼玉県富士見市上南畑2836", "url2": "https://www.kaigokensaku.mhlw.go.jp/11/index.php?action_kouhyou_detail_004_kani=true&JigyosyoCd=1172900704-00&ServiceCd=210&Type=search" }, "geometry": { "type": "Point", "coordinates": [ 139.551965, 35.8595361 ] } },
{ "type": "Feature", "properties": { "内容": "短期入所生活介護事業所ハレサク【短期入所生活介護】上沢1丁目21-38", "url2": "https://www.kaigokensaku.mhlw.go.jp/11/index.php?action_kouhyou_detail_004_kani=true&JigyosyoCd=1172901553-00&ServiceCd=210&Type=search" }, "geometry": { "type": "Point", "coordinates": [ 139.533249899999987, 35.8523263 ] } },
{ "type": "Feature", "properties": { "内容": "ショートステイえぶりわん鶴瀬Ｎｉｓｉ【短期入所生活介護】埼玉県富士見市鶴瀬西2丁目8番25号", "url2": "https://www.kaigokensaku.mhlw.go.jp/11/index.php?action_kouhyou_detail_004_kani=true&JigyosyoCd=1172900977-00&ServiceCd=210&Type=search" }, "geometry": { "type": "Point", "coordinates": [ 139.533783425656111, 35.845608472639405 ] } },
{ "type": "Feature", "properties": { "内容": "短期入所生活介護　羽沢の里【短期入所生活介護】埼玉県富士見市羽沢3-1-27", "url2": "https://www.kaigokensaku.mhlw.go.jp/11/index.php?action_kouhyou_detail_004_kani=true&JigyosyoCd=1172901173-00&ServiceCd=210&Type=search" }, "geometry": { "type": "Point", "coordinates": [ 139.544929599999932, 35.8560891 ] } },
{ "type": "Feature", "properties": { "内容": "短期入所生活介護事業所ふじみ苑【短期入所生活介護】埼玉県富士見市大字鶴馬３３６０番地１ケアセンターふじみ", "url2": "https://www.kaigokensaku.mhlw.go.jp/11/index.php?action_kouhyou_detail_004_kani=true&JigyosyoCd=1176504981-00&ServiceCd=210&Type=search" }, "geometry": { "type": "Point", "coordinates": [ 139.5552457, 35.8518038 ] } },
{ "type": "Feature", "properties": { "内容": "株式会社アズ・ライフケア　あずみ苑みずほ【短期入所生活介護】埼玉県富士見市鶴馬3-8-2", "url2": "https://www.kaigokensaku.mhlw.go.jp/11/index.php?action_kouhyou_detail_004_kani=true&JigyosyoCd=1172900530-00&ServiceCd=210&Type=search" }, "geometry": { "type": "Point", "coordinates": [ 139.549843600000031, 35.8471792 ] } },
{ "type": "Feature", "properties": { "内容": "特別養護老人ホーム　むさしの【短期入所生活介護】埼玉県富士見市大字南畑新田16番地1", "url2": "https://www.kaigokensaku.mhlw.go.jp/11/index.php?action_kouhyou_detail_004_kani=true&JigyosyoCd=1172900357-00&ServiceCd=210&Type=search" }, "geometry": { "type": "Point", "coordinates": [ 139.563999599999988, 35.8714987 ] } },
{ "type": "Feature", "properties": { "内容": "ウィステリア鶴瀬短期入所生活介護【短期入所生活介護】埼玉県富士見市大字鶴馬２５９１－１", "url2": "https://www.kaigokensaku.mhlw.go.jp/11/index.php?action_kouhyou_detail_004_kani=true&JigyosyoCd=1172900837-00&ServiceCd=210&Type=search" }, "geometry": { "type": "Point", "coordinates": [ 139.536716899999988, 35.8445347 ] } },
{ "type": "Feature", "properties": { "内容": "富士見ケアセンターそよ風【短期入所生活介護】埼玉県富士見市大字鶴馬3547-12", "url2": "https://www.kaigokensaku.mhlw.go.jp/11/index.php?action_kouhyou_detail_004_kani=true&JigyosyoCd=1172900845-00&ServiceCd=210&Type=search" }, "geometry": { "type": "Point", "coordinates": [ 139.5353864, 35.8430515 ] } },
{ "type": "Feature", "properties": { "内容": "小鳩園短期入所生活介護事業所（ユニット型）【短期入所生活介護】埼玉県三郷市中央4-8-7", "url2": "https://www.kaigokensaku.mhlw.go.jp/11/index.php?action_kouhyou_detail_004_kani=true&JigyosyoCd=1171202128-00&ServiceCd=210&Type=search" }, "geometry": { "type": "Point", "coordinates": [ 139.884139299999987, 35.800587 ] } },
{ "type": "Feature", "properties": { "内容": "特別養護老人ホーム　あったかの家みさと【短期入所生活介護】埼玉県三郷市半田241-1", "url2": "https://www.kaigokensaku.mhlw.go.jp/11/index.php?action_kouhyou_detail_004_kani=true&JigyosyoCd=1171201120-00&ServiceCd=210&Type=search" }, "geometry": { "type": "Point", "coordinates": [ 139.869268499999947, 35.863991800000022 ] } },
{ "type": "Feature", "properties": { "内容": "特別養護老人ホーム　タムスさくらの杜三郷【短期入所生活介護】埼玉県三郷市栄4-381", "url2": "https://www.kaigokensaku.mhlw.go.jp/11/index.php?action_kouhyou_detail_004_kani=true&JigyosyoCd=1171201559-00&ServiceCd=210&Type=search" }, "geometry": { "type": "Point", "coordinates": [ 139.877980100000059, 35.8165946 ] } },
{ "type": "Feature", "properties": { "内容": "ショートステイ　ケアサポートみさと【短期入所生活介護】三郷市戸ヶ崎３－１５３－４", "url2": "https://www.kaigokensaku.mhlw.go.jp/11/index.php?action_kouhyou_detail_004_kani=true&JigyosyoCd=1171200957-00&ServiceCd=210&Type=search" }, "geometry": { "type": "Point", "coordinates": [ 139.87137580000001, 35.8022001 ] } },
{ "type": "Feature", "properties": { "内容": "社会福祉法人緑風会　しいの木の郷【短期入所生活介護】埼玉県三郷市番匠免1-314", "url2": "https://www.kaigokensaku.mhlw.go.jp/11/index.php?action_kouhyou_detail_004_kani=true&JigyosyoCd=1171200296-00&ServiceCd=210&Type=search" }, "geometry": { "type": "Point", "coordinates": [ 139.852593100000036, 35.8342064 ] } },
{ "type": "Feature", "properties": { "内容": "三郷ケアセンターそよ風【短期入所生活介護】埼玉県三郷市戸ヶ崎1-628", "url2": "https://www.kaigokensaku.mhlw.go.jp/11/index.php?action_kouhyou_detail_004_kani=true&JigyosyoCd=1171201641-00&ServiceCd=210&Type=search" }, "geometry": { "type": "Point", "coordinates": [ 139.870409, 35.8081661 ] } },
{ "type": "Feature", "properties": { "内容": "特別養護老人ホーム三郷藤光苑【短期入所生活介護】埼玉県三郷市彦野一丁目202番地", "url2": "https://www.kaigokensaku.mhlw.go.jp/11/index.php?action_kouhyou_detail_004_kani=true&JigyosyoCd=1171201690-00&ServiceCd=210&Type=search" }, "geometry": { "type": "Point", "coordinates": [ 139.8514784, 35.8414934 ] } },
{ "type": "Feature", "properties": { "内容": "特別養護老人ホーム　ひので　ユニット型　ショート【短期入所生活介護】埼玉県蓮田市上平野616-1", "url2": "https://www.kaigokensaku.mhlw.go.jp/11/index.php?action_kouhyou_detail_004_kani=true&JigyosyoCd=1175700788-00&ServiceCd=210&Type=search" }, "geometry": { "type": "Point", "coordinates": [ 139.612759764418001, 36.024633164720619 ] } },
{ "type": "Feature", "properties": { "内容": "短期入所生活介護　はすだの森【短期入所生活介護】埼玉県蓮田市江ヶ崎1003番地", "url2": "https://www.kaigokensaku.mhlw.go.jp/11/index.php?action_kouhyou_detail_004_kani=true&JigyosyoCd=1175700051-00&ServiceCd=210&Type=search" }, "geometry": { "type": "Point", "coordinates": [ 139.6895022, 35.99452610000003 ] } },
{ "type": "Feature", "properties": { "内容": "ショートステイ共生の家(空床型)【短期入所生活介護】大字閏戸87-5", "url2": "https://www.kaigokensaku.mhlw.go.jp/11/index.php?action_kouhyou_detail_004_kani=true&JigyosyoCd=1175700978-00&ServiceCd=210&Type=search" }, "geometry": { "type": "Point", "coordinates": [ 139.6463843, 35.9946049 ] } },
{ "type": "Feature", "properties": { "内容": "ショートステイ共生の家(併設型)【短期入所生活介護】大字閏戸87-5", "url2": "https://www.kaigokensaku.mhlw.go.jp/11/index.php?action_kouhyou_detail_004_kani=true&JigyosyoCd=1175700960-00&ServiceCd=210&Type=search" }, "geometry": { "type": "Point", "coordinates": [ 139.6463843, 35.9946049 ] } },
{ "type": "Feature", "properties": { "内容": "短期入所生活介護事業所　吾亦紅【短期入所生活介護】埼玉県蓮田市大字閏戸1885番地", "url2": "https://www.kaigokensaku.mhlw.go.jp/11/index.php?action_kouhyou_detail_004_kani=true&JigyosyoCd=1175700085-00&ServiceCd=210&Type=search" }, "geometry": { "type": "Point", "coordinates": [ 139.639627300000029, 36.0043324 ] } },
{ "type": "Feature", "properties": { "内容": "短期入所生活介護事業所　吾亦紅（ユニット型）【短期入所生活介護】埼玉県蓮田市大字閏戸1885番地Ｃ　棟", "url2": "https://www.kaigokensaku.mhlw.go.jp/11/index.php?action_kouhyou_detail_004_kani=true&JigyosyoCd=1175700739-00&ServiceCd=210&Type=search" }, "geometry": { "type": "Point", "coordinates": [ 139.639627300000029, 36.0043324 ] } },
{ "type": "Feature", "properties": { "内容": "ショートステイフローラ蓮田【短期入所生活介護】南新宿942-2", "url2": "https://www.kaigokensaku.mhlw.go.jp/11/index.php?action_kouhyou_detail_004_kani=true&JigyosyoCd=1175701059-00&ServiceCd=210&Type=search" }, "geometry": { "type": "Point", "coordinates": [ 139.7065146, 35.6908895 ] } },
{ "type": "Feature", "properties": { "内容": "特別養護老人ホーム小沼サークルホーム【短期入所生活介護】埼玉県坂戸市小沼490-1", "url2": "https://www.kaigokensaku.mhlw.go.jp/11/index.php?action_kouhyou_detail_004_kani=true&JigyosyoCd=1176001293-00&ServiceCd=210&Type=search" }, "geometry": { "type": "Point", "coordinates": [ 139.4423914, 35.9715637 ] } },
{ "type": "Feature", "properties": { "内容": "ショートステイ　好日の家【短期入所生活介護】埼玉県坂戸市浅羽字宿表1130番1", "url2": "https://www.kaigokensaku.mhlw.go.jp/11/index.php?action_kouhyou_detail_004_kani=true&JigyosyoCd=1176001301-00&ServiceCd=210&Type=search" }, "geometry": { "type": "Point", "coordinates": [ 139.376560299999937, 35.9485024 ] } },
{ "type": "Feature", "properties": { "内容": "シャロームショートステイサービス【短期入所生活介護】埼玉県坂戸市大字新堀字毛地１番地１", "url2": "https://www.kaigokensaku.mhlw.go.jp/11/index.php?action_kouhyou_detail_004_kani=true&JigyosyoCd=1176000170-00&ServiceCd=210&Type=search" }, "geometry": { "type": "Point", "coordinates": [ 139.402905499999946, 35.9571698 ] } },
{ "type": "Feature", "properties": { "内容": "坂戸サークルホーム【短期入所生活介護】埼玉県坂戸市大字石井字芝生美1684番地", "url2": "https://www.kaigokensaku.mhlw.go.jp/11/index.php?action_kouhyou_detail_004_kani=true&JigyosyoCd=1176000097-00&ServiceCd=210&Type=search" }, "geometry": { "type": "Point", "coordinates": [ 139.411323700000025, 35.9747227 ] } },
{ "type": "Feature", "properties": { "内容": "特別養護老人ホームさかどロイヤルの園【短期入所生活介護】埼玉県坂戸市大字森戸739番地1", "url2": "https://www.kaigokensaku.mhlw.go.jp/11/index.php?action_kouhyou_detail_004_kani=true&JigyosyoCd=1176001053-00&ServiceCd=210&Type=search" }, "geometry": { "type": "Point", "coordinates": [ 139.356816400000014, 35.937086 ] } },
{ "type": "Feature", "properties": { "内容": "幸手ケアセンターそよ風【短期入所生活介護】埼玉県幸手市千塚993-1", "url2": "https://www.kaigokensaku.mhlw.go.jp/11/index.php?action_kouhyou_detail_004_kani=true&JigyosyoCd=1176100376-00&ServiceCd=210&Type=search" }, "geometry": { "type": "Point", "coordinates": [ 139.7022711, 36.0897771 ] } },
{ "type": "Feature", "properties": { "内容": "桜楓苑短期入所生活介護事業所【短期入所生活介護】幸手市平須賀２丁目２２５番地", "url2": "https://www.kaigokensaku.mhlw.go.jp/11/index.php?action_kouhyou_detail_004_kani=true&JigyosyoCd=1176100111-00&ServiceCd=210&Type=search" }, "geometry": { "type": "Point", "coordinates": [ 139.734766600000057, 36.0531672 ] } },
{ "type": "Feature", "properties": { "内容": "ショートステイさっての里【短期入所生活介護】埼玉県幸手市松石西6番1", "url2": "https://www.kaigokensaku.mhlw.go.jp/11/index.php?action_kouhyou_detail_004_kani=true&JigyosyoCd=1176100814-00&ServiceCd=210&Type=search" }, "geometry": { "type": "Point", "coordinates": [ 139.708911446002162, 36.096969065948791 ] } },
{ "type": "Feature", "properties": { "内容": "地域密着型介護老人福祉施設　しらさぎ苑【短期入所生活介護】埼玉県幸手市下吉羽1250番地1", "url2": "https://www.kaigokensaku.mhlw.go.jp/11/index.php?action_kouhyou_detail_004_kani=true&JigyosyoCd=1176100780-00&ServiceCd=210&Type=search" }, "geometry": { "type": "Point", "coordinates": [ 139.7588988, 36.070814 ] } },
{ "type": "Feature", "properties": { "内容": "介護老人福祉施設しらさぎ苑【短期入所生活介護】埼玉県幸手市大字下吉羽1250番地1", "url2": "https://www.kaigokensaku.mhlw.go.jp/11/index.php?action_kouhyou_detail_004_kani=true&JigyosyoCd=1176100046-00&ServiceCd=210&Type=search" }, "geometry": { "type": "Point", "coordinates": [ 139.759294986972009, 36.070882179167185 ] } },
{ "type": "Feature", "properties": { "内容": "ひらすかの郷短期入所生活介護【短期入所生活介護】埼玉県幸手市平須賀2-224", "url2": "https://www.kaigokensaku.mhlw.go.jp/11/index.php?action_kouhyou_detail_004_kani=true&JigyosyoCd=1176100475-00&ServiceCd=210&Type=search" }, "geometry": { "type": "Point", "coordinates": [ 139.7343243, 36.0526097 ] } },
{ "type": "Feature", "properties": { "内容": "ショートステイフローラ幸手【短期入所生活介護】埼玉県幸手市幸手124-1", "url2": "https://www.kaigokensaku.mhlw.go.jp/11/index.php?action_kouhyou_detail_004_kani=true&JigyosyoCd=1176100996-00&ServiceCd=210&Type=search" }, "geometry": { "type": "Point", "coordinates": [ 139.729545540116959, 36.070383015617139 ] } },
{ "type": "Feature", "properties": { "内容": "短期入所生活介護みどりの風鶴ヶ島【短期入所生活介護】埼玉県鶴ヶ島市上広谷543番1", "url2": "https://www.kaigokensaku.mhlw.go.jp/11/index.php?action_kouhyou_detail_004_kani=true&JigyosyoCd=1176200473-00&ServiceCd=210&Type=search" }, "geometry": { "type": "Point", "coordinates": [ 139.414431499999978, 35.9383927 ] } },
{ "type": "Feature", "properties": { "内容": "特別養護老人ホーム鶴ヶ丘の里【短期入所生活介護】埼玉県鶴ヶ島市大字鶴ヶ丘27番地7", "url2": "https://www.kaigokensaku.mhlw.go.jp/11/index.php?action_kouhyou_detail_004_kani=true&JigyosyoCd=1176201000-00&ServiceCd=210&Type=search" }, "geometry": { "type": "Point", "coordinates": [ 139.4177459, 35.9333746 ] } },
{ "type": "Feature", "properties": { "内容": "特別養護老人ホーム　清光苑【短期入所生活介護】埼玉県鶴ヶ島市大字三ツ木855番地１", "url2": "https://www.kaigokensaku.mhlw.go.jp/11/index.php?action_kouhyou_detail_004_kani=true&JigyosyoCd=1176200069-00&ServiceCd=210&Type=search" }, "geometry": { "type": "Point", "coordinates": [ 139.388539499999979, 35.9240198 ] } },
{ "type": "Feature", "properties": { "内容": "鶴ヶ島ケアセンターそよ風【短期入所生活介護】埼玉県鶴ヶ島市松ヶ丘3-16-11", "url2": "https://www.kaigokensaku.mhlw.go.jp/11/index.php?action_kouhyou_detail_004_kani=true&JigyosyoCd=1176200416-00&ServiceCd=210&Type=search" }, "geometry": { "type": "Point", "coordinates": [ 139.417669599999954, 35.9242703 ] } },
{ "type": "Feature", "properties": { "内容": "ケアセンター清雅園【短期入所生活介護】埼玉県日高市大字森戸新田９９番地２", "url2": "https://www.kaigokensaku.mhlw.go.jp/11/index.php?action_kouhyou_detail_004_kani=true&JigyosyoCd=1176300109-00&ServiceCd=210&Type=search" }, "geometry": { "type": "Point", "coordinates": [ 139.3737636, 35.9116727 ] } },
{ "type": "Feature", "properties": { "内容": "特別養護老人ホーム　清流苑【短期入所生活介護】埼玉県日高市横手４０１番地５", "url2": "https://www.kaigokensaku.mhlw.go.jp/11/index.php?action_kouhyou_detail_004_kani=true&JigyosyoCd=1176300323-00&ServiceCd=210&Type=search" }, "geometry": { "type": "Point", "coordinates": [ 139.28869080000004, 35.8814707 ] } },
{ "type": "Feature", "properties": { "内容": "地域密着型特別養護老人ホーム　第2清流苑【短期入所生活介護】埼玉県日高市武蔵台１－２６－８", "url2": "https://www.kaigokensaku.mhlw.go.jp/11/index.php?action_kouhyou_detail_004_kani=true&JigyosyoCd=1176300547-00&ServiceCd=210&Type=search" }, "geometry": { "type": "Point", "coordinates": [ 139.3026226, 35.8803141 ] } },
{ "type": "Feature", "properties": { "内容": "株式会社アズライフケア　あずみ苑吉川【短期入所生活介護】埼玉県吉川市保931-1", "url2": "https://www.kaigokensaku.mhlw.go.jp/11/index.php?action_kouhyou_detail_004_kani=true&JigyosyoCd=1176400396-00&ServiceCd=210&Type=search" }, "geometry": { "type": "Point", "coordinates": [ 139.857234577909821, 35.883253133820254 ] } },
{ "type": "Feature", "properties": { "内容": "社会福祉法人平成会　吉川平成園【短期入所生活介護】埼玉県吉川市大字加藤字中道１８７－１", "url2": "https://www.kaigokensaku.mhlw.go.jp/11/index.php?action_kouhyou_detail_004_kani=true&JigyosyoCd=1176400040-00&ServiceCd=210&Type=search" }, "geometry": { "type": "Point", "coordinates": [ 139.881556849073803, 35.88889984246164 ] } },
{ "type": "Feature", "properties": { "内容": "ショートステイみなみの苑【短期入所生活介護】埼玉県吉川市中曽根1559-2特別養護老人ホームみなみの苑", "url2": "https://www.kaigokensaku.mhlw.go.jp/11/index.php?action_kouhyou_detail_004_kani=true&JigyosyoCd=1176400891-00&ServiceCd=210&Type=search" }, "geometry": { "type": "Point", "coordinates": [ 139.8678686, 35.8677656 ] } },
{ "type": "Feature", "properties": { "内容": "社会福祉法人　楽栄会　特別養護老人ホーム　ききょう苑【短期入所生活介護】吉川市大字飯島274番地", "url2": "https://www.kaigokensaku.mhlw.go.jp/11/index.php?action_kouhyou_detail_004_kani=true&JigyosyoCd=1176400081-00&ServiceCd=210&Type=search" }, "geometry": { "type": "Point", "coordinates": [ 139.8814104, 35.8800653 ] } },
{ "type": "Feature", "properties": { "内容": "ショートステイ　ケアサポートふじみの【短期入所生活介護】ふじみ野市長宮２－４－６", "url2": "https://www.kaigokensaku.mhlw.go.jp/11/index.php?action_kouhyou_detail_004_kani=true&JigyosyoCd=1173000736-00&ServiceCd=210&Type=search" }, "geometry": { "type": "Point", "coordinates": [ 139.528807699999987, 35.8778638 ] } },
{ "type": "Feature", "properties": { "内容": "おおいケアセンターそよ風【短期入所生活介護】埼玉県ふじみ野市うれし野1-8-30", "url2": "https://www.kaigokensaku.mhlw.go.jp/11/index.php?action_kouhyou_detail_004_kani=true&JigyosyoCd=1172400754-00&ServiceCd=210&Type=search" }, "geometry": { "type": "Point", "coordinates": [ 139.519306300000011, 35.854117 ] } },
{ "type": "Feature", "properties": { "内容": "指定短期入所生活介護事業所　秋桜の里【短期入所生活介護】埼玉県ふじみ野市駒林1145-1秋桜の里「かみふくおか」", "url2": "https://www.kaigokensaku.mhlw.go.jp/11/index.php?action_kouhyou_detail_004_kani=true&JigyosyoCd=1173000140-00&ServiceCd=210&Type=search" }, "geometry": { "type": "Point", "coordinates": [ 139.54835079999998, 35.8701292 ] } },
{ "type": "Feature", "properties": { "内容": "サンベスト上福岡【短期入所生活介護】埼玉県ふじみ野市上福岡1‐12‐29", "url2": "https://www.kaigokensaku.mhlw.go.jp/11/index.php?action_kouhyou_detail_004_kani=true&JigyosyoCd=1173000553-00&ServiceCd=210&Type=search" }, "geometry": { "type": "Point", "coordinates": [ 139.513678472387255, 35.875592726075247 ] } },
{ "type": "Feature", "properties": { "内容": "あすなろふじみ野【短期入所生活介護】埼玉県ふじみ野市福岡498-1", "url2": "https://www.kaigokensaku.mhlw.go.jp/11/index.php?action_kouhyou_detail_004_kani=true&JigyosyoCd=1173001296-00&ServiceCd=210&Type=search" }, "geometry": { "type": "Point", "coordinates": [ 139.544361900000013, 35.8786669 ] } },
{ "type": "Feature", "properties": { "内容": "特別養護老人ホーム大井苑【短期入所生活介護】埼玉県ふじみ野市大井武蔵野1277-1", "url2": "https://www.kaigokensaku.mhlw.go.jp/11/index.php?action_kouhyou_detail_004_kani=true&JigyosyoCd=1173000413-00&ServiceCd=210&Type=search" }, "geometry": { "type": "Point", "coordinates": [ 139.495315, 35.8540248 ] } },
{ "type": "Feature", "properties": { "内容": "社会福祉法人　崇徳会　マザーアース【短期入所生活介護】埼玉県ふじみ野市大井６２１－１", "url2": "https://www.kaigokensaku.mhlw.go.jp/11/index.php?action_kouhyou_detail_004_kani=true&JigyosyoCd=1172400358-00&ServiceCd=210&Type=search" }, "geometry": { "type": "Point", "coordinates": [ 139.525934099999972, 35.8497504 ] } },
{ "type": "Feature", "properties": { "内容": "あやめの里短期入所生活介護【短期入所生活介護】埼玉県ふじみ野市中福岡263", "url2": "https://www.kaigokensaku.mhlw.go.jp/11/index.php?action_kouhyou_detail_004_kani=true&JigyosyoCd=1173000306-00&ServiceCd=210&Type=search" }, "geometry": { "type": "Point", "coordinates": [ 139.5360937, 35.8747191 ] } },
{ "type": "Feature", "properties": { "内容": "ずいせん長寿村【短期入所生活介護】埼玉県白岡市高岩１０５１－１", "url2": "https://www.kaigokensaku.mhlw.go.jp/11/index.php?action_kouhyou_detail_004_kani=true&JigyosyoCd=1176600193-00&ServiceCd=210&Type=search" }, "geometry": { "type": "Point", "coordinates": [ 139.678393699999987, 36.0412869 ] } },
{ "type": "Feature", "properties": { "内容": "短期入所生活介護　リーゾ【短期入所生活介護】埼玉県白岡市白岡1025-7", "url2": "https://www.kaigokensaku.mhlw.go.jp/11/index.php?action_kouhyou_detail_004_kani=true&JigyosyoCd=1176600029-00&ServiceCd=210&Type=search" }, "geometry": { "type": "Point", "coordinates": [ 139.660257099999967, 36.0188707 ] } },
{ "type": "Feature", "properties": { "内容": "いなほの里　短期入所生活介護【短期入所生活介護】埼玉県白岡市千駄野６６３－１", "url2": "https://www.kaigokensaku.mhlw.go.jp/11/index.php?action_kouhyou_detail_004_kani=true&JigyosyoCd=1170500340-00&ServiceCd=210&Type=search" }, "geometry": { "type": "Point", "coordinates": [ 139.671639664418052, 36.013417769179391 ] } },
{ "type": "Feature", "properties": { "内容": "光乃里　指定短期入所生活介護事業所【短期入所生活介護】埼玉県白岡市荒井新田359-1", "url2": "https://www.kaigokensaku.mhlw.go.jp/11/index.php?action_kouhyou_detail_004_kani=true&JigyosyoCd=1170500175-00&ServiceCd=210&Type=search" }, "geometry": { "type": "Point", "coordinates": [ 139.62295359999996, 36.042231 ] } },
{ "type": "Feature", "properties": { "内容": "あずみ苑伊奈【短期入所生活介護】埼玉県北足立郡伊奈町小室1024-1", "url2": "https://www.kaigokensaku.mhlw.go.jp/11/index.php?action_kouhyou_detail_004_kani=true&JigyosyoCd=1171300377-00&ServiceCd=210&Type=search" }, "geometry": { "type": "Point", "coordinates": [ 139.625797, 35.9811172 ] } },
{ "type": "Feature", "properties": { "内容": "こころの杜　ショートステイ【短期入所生活介護】埼玉県北足立郡伊奈町小室5047－5", "url2": "https://www.kaigokensaku.mhlw.go.jp/11/index.php?action_kouhyou_detail_004_kani=true&JigyosyoCd=1171300583-00&ServiceCd=210&Type=search" }, "geometry": { "type": "Point", "coordinates": [ 139.617534993023668, 35.993741287656846 ] } },
{ "type": "Feature", "properties": { "内容": "デイサービスセンター伊奈の里【短期入所生活介護】埼玉県北足立郡伊奈町中央１－９３", "url2": "https://www.kaigokensaku.mhlw.go.jp/11/index.php?action_kouhyou_detail_004_kani=true&JigyosyoCd=1171300062-00&ServiceCd=210&Type=search" }, "geometry": { "type": "Point", "coordinates": [ 139.615493717057802, 35.997558643707009 ] } },
{ "type": "Feature", "properties": { "内容": "特別養護老人ホーム　みちみち伊奈中央【短期入所生活介護】埼玉県北足立郡伊奈町大字小室9544-3", "url2": "https://www.kaigokensaku.mhlw.go.jp/11/index.php?action_kouhyou_detail_004_kani=true&JigyosyoCd=1171300492-00&ServiceCd=210&Type=search" }, "geometry": { "type": "Point", "coordinates": [ 139.625271, 36.002206 ] } },
{ "type": "Feature", "properties": { "内容": "ショートステイみちみち伊奈北【短期入所生活介護】埼玉県北足立郡伊奈町大字小針新宿368-1", "url2": "https://www.kaigokensaku.mhlw.go.jp/11/index.php?action_kouhyou_detail_004_kani=true&JigyosyoCd=1171300559-00&ServiceCd=210&Type=search" }, "geometry": { "type": "Point", "coordinates": [ 139.5973382, 36.0088034 ] } },
{ "type": "Feature", "properties": { "内容": "短期入所生活介護事業所　みずほ苑【短期入所生活介護】埼玉県入間郡三芳町大字竹間沢735-1", "url2": "https://www.kaigokensaku.mhlw.go.jp/11/index.php?action_kouhyou_detail_004_kani=true&JigyosyoCd=1172400200-00&ServiceCd=210&Type=search" }, "geometry": { "type": "Point", "coordinates": [ 139.547652900000031, 35.829250799999983 ] } },
{ "type": "Feature", "properties": { "内容": "短期入所生活介護事業所　こころ三芳【短期入所生活介護】埼玉県入間郡三芳町大字北永井９４６－１", "url2": "https://www.kaigokensaku.mhlw.go.jp/11/index.php?action_kouhyou_detail_004_kani=true&JigyosyoCd=1172400960-00&ServiceCd=210&Type=search" }, "geometry": { "type": "Point", "coordinates": [ 139.513399199999981, 35.8440007 ] } },
{ "type": "Feature", "properties": { "内容": "桜荘ショートステイ【短期入所生活介護】埼玉県入間郡三芳町大字北永井字桜並４１５－１特別養護老人ホーム　桜荘", "url2": "https://www.kaigokensaku.mhlw.go.jp/11/index.php?action_kouhyou_detail_004_kani=true&JigyosyoCd=1172400879-00&ServiceCd=210&Type=search" }, "geometry": { "type": "Point", "coordinates": [ 139.521559, 35.8253053 ] } },
{ "type": "Feature", "properties": { "内容": "みよし翔裕館【短期入所生活介護】埼玉県入間郡三芳町大字上富字吉拓496-1", "url2": "https://www.kaigokensaku.mhlw.go.jp/11/index.php?action_kouhyou_detail_004_kani=true&JigyosyoCd=1172401422-00&ServiceCd=210&Type=search" }, "geometry": { "type": "Point", "coordinates": [ 139.511426199999988, 35.8221458 ] } },
{ "type": "Feature", "properties": { "内容": "特別養護老人ホームななふく苑【短期入所生活介護】埼玉県入間郡毛呂山町西大久保766-1", "url2": "https://www.kaigokensaku.mhlw.go.jp/11/index.php?action_kouhyou_detail_004_kani=true&JigyosyoCd=1172400572-00&ServiceCd=210&Type=search" }, "geometry": { "type": "Point", "coordinates": [ 139.3538026, 35.9470899 ] } },
{ "type": "Feature", "properties": { "内容": "悠久園　短期入所支援センター【短期入所生活介護】埼玉県入間郡毛呂山町南台5丁目38番地5", "url2": "https://www.kaigokensaku.mhlw.go.jp/11/index.php?action_kouhyou_detail_004_kani=true&JigyosyoCd=1172400275-00&ServiceCd=210&Type=search" }, "geometry": { "type": "Point", "coordinates": [ 139.329846399999951, 35.9399984 ] } },
{ "type": "Feature", "properties": { "内容": "特別養護老人ホーム　四季の郷越生【短期入所生活介護】埼玉県入間郡越生町大字鹿下623-1", "url2": "https://www.kaigokensaku.mhlw.go.jp/11/index.php?action_kouhyou_detail_004_kani=true&JigyosyoCd=1172401554-00&ServiceCd=210&Type=search" }, "geometry": { "type": "Point", "coordinates": [ 139.2853312, 35.9813712 ] } },
{ "type": "Feature", "properties": { "内容": "光の丘【短期入所生活介護】埼玉県入間郡越生町大字上野3078番地5", "url2": "https://www.kaigokensaku.mhlw.go.jp/11/index.php?action_kouhyou_detail_004_kani=true&JigyosyoCd=1172400309-00&ServiceCd=210&Type=search" }, "geometry": { "type": "Point", "coordinates": [ 139.29588590000003, 35.9465271 ] } },
{ "type": "Feature", "properties": { "内容": "森林園短期入所施設【短期入所生活介護】埼玉県比企郡滑川町大字羽尾4738番地2", "url2": "https://www.kaigokensaku.mhlw.go.jp/11/index.php?action_kouhyou_detail_004_kani=true&JigyosyoCd=1173201540-00&ServiceCd=210&Type=search" }, "geometry": { "type": "Point", "coordinates": [ 139.363428200000044, 36.0551382 ] } },
{ "type": "Feature", "properties": { "内容": "特別養護老人ホームらんざん苑【短期入所生活介護】埼玉県比企郡嵐山町越畑１３７１－１", "url2": "https://www.kaigokensaku.mhlw.go.jp/11/index.php?action_kouhyou_detail_004_kani=true&JigyosyoCd=1173200112-00&ServiceCd=210&Type=search" }, "geometry": { "type": "Point", "coordinates": [ 139.308661499999971, 36.0817177 ] } },
{ "type": "Feature", "properties": { "内容": "ダイアナ介護センター【短期入所生活介護】埼玉県比企郡嵐山町大字古里696番地1", "url2": "https://www.kaigokensaku.mhlw.go.jp/11/index.php?action_kouhyou_detail_004_kani=true&JigyosyoCd=1173200625-00&ServiceCd=210&Type=search" }, "geometry": { "type": "Point", "coordinates": [ 139.3041912, 36.1021105 ] } },
{ "type": "Feature", "properties": { "内容": "社会福祉法人宏仁会さくらぎ苑ショートステイ事業所【短期入所生活介護】埼玉県比企郡小川町飯田１１７", "url2": "https://www.kaigokensaku.mhlw.go.jp/11/index.php?action_kouhyou_detail_004_kani=true&JigyosyoCd=1173200518-00&ServiceCd=210&Type=search" }, "geometry": { "type": "Point", "coordinates": [ 139.244312199999968, 36.0645643 ] } },
{ "type": "Feature", "properties": { "内容": "あきやま苑小川ケアセンター【短期入所生活介護】埼玉県比企郡小川町大字青山１４６９－3", "url2": "https://www.kaigokensaku.mhlw.go.jp/11/index.php?action_kouhyou_detail_004_kani=true&JigyosyoCd=1173201243-00&ServiceCd=210&Type=search" }, "geometry": { "type": "Point", "coordinates": [ 139.246119099999987, 36.0456175 ] } },
{ "type": "Feature", "properties": { "内容": "社会福祉法人永楽会　短期入所生活介護事業所永楽園【短期入所生活介護】比企郡川島町大字表147-1", "url2": "https://www.kaigokensaku.mhlw.go.jp/11/index.php?action_kouhyou_detail_004_kani=true&JigyosyoCd=1173200278-00&ServiceCd=210&Type=search" }, "geometry": { "type": "Point", "coordinates": [ 139.508023500000036, 35.9803206 ] } },
{ "type": "Feature", "properties": { "内容": "常磐苑短期入所生活介護事業所【短期入所生活介護】埼玉県比企郡吉見町大字北吉見350", "url2": "https://www.kaigokensaku.mhlw.go.jp/11/index.php?action_kouhyou_detail_004_kani=true&JigyosyoCd=1173200153-00&ServiceCd=210&Type=search" }, "geometry": { "type": "Point", "coordinates": [ 139.4202259, 36.0401353 ] } },
{ "type": "Feature", "properties": { "内容": "鳩山松寿園【短期入所生活介護】埼玉県比企郡鳩山町大字小用554番地", "url2": "https://www.kaigokensaku.mhlw.go.jp/11/index.php?action_kouhyou_detail_004_kani=true&JigyosyoCd=1173200302-00&ServiceCd=210&Type=search" }, "geometry": { "type": "Point", "coordinates": [ 139.331465200000025, 35.9644649 ] } },
{ "type": "Feature", "properties": { "内容": "介護老人福祉施設　鳩山松寿園東館【短期入所生活介護】埼玉県比企郡鳩山町松ヶ丘四丁目1番3号", "url2": "https://www.kaigokensaku.mhlw.go.jp/11/index.php?action_kouhyou_detail_004_kani=true&JigyosyoCd=1173202167-00&ServiceCd=210&Type=search" }, "geometry": { "type": "Point", "coordinates": [ 139.350453080426092, 35.991896951833851 ] } },
{ "type": "Feature", "properties": { "内容": "健康を土産に帰宅よし乃郷【短期入所生活介護】埼玉県比企郡ときがわ町五明1449-2", "url2": "https://www.kaigokensaku.mhlw.go.jp/11/index.php?action_kouhyou_detail_004_kani=true&JigyosyoCd=1173200609-00&ServiceCd=210&Type=search" }, "geometry": { "type": "Point", "coordinates": [ 139.270028799999977, 36.0226984 ] } },
{ "type": "Feature", "properties": { "内容": "社会福祉法人　織舩会　ウエルハイム・ヨコゼ【短期入所生活介護】埼玉県秩父郡横瀬町大字横瀬5806-1", "url2": "https://www.kaigokensaku.mhlw.go.jp/11/index.php?action_kouhyou_detail_004_kani=true&JigyosyoCd=1174800282-00&ServiceCd=210&Type=search" }, "geometry": { "type": "Point", "coordinates": [ 139.110138499999948, 36.0054178 ] } },
{ "type": "Feature", "properties": { "内容": "絆の丘ショートステイ【短期入所生活介護】埼玉県秩父郡横瀬町大字横瀬２１９７－１", "url2": "https://www.kaigokensaku.mhlw.go.jp/11/index.php?action_kouhyou_detail_004_kani=true&JigyosyoCd=1174801074-00&ServiceCd=210&Type=search" }, "geometry": { "type": "Point", "coordinates": [ 139.105053699999985, 35.9841395 ] } },
{ "type": "Feature", "properties": { "内容": "短期入所生活介護　悠う湯ホーム【短期入所生活介護】埼玉県秩父郡皆野町下日野沢３９０６－３", "url2": "https://www.kaigokensaku.mhlw.go.jp/11/index.php?action_kouhyou_detail_004_kani=true&JigyosyoCd=1174800043-00&ServiceCd=210&Type=search" }, "geometry": { "type": "Point", "coordinates": [ 139.070746200000031, 36.0818156 ] } },
{ "type": "Feature", "properties": { "内容": "特別養護老人ホーム　ながとろ苑【短期入所生活介護】埼玉県秩父郡長瀞町大字野上下郷428", "url2": "https://www.kaigokensaku.mhlw.go.jp/11/index.php?action_kouhyou_detail_004_kani=true&JigyosyoCd=1174800332-00&ServiceCd=210&Type=search" }, "geometry": { "type": "Point", "coordinates": [ 139.12327270000003, 36.1364029 ] } },
{ "type": "Feature", "properties": { "内容": "特別養護老人ホーム花菖蒲・両神【短期入所生活介護】埼玉県秩父郡小鹿野町両神薄１０６０番地１", "url2": "https://www.kaigokensaku.mhlw.go.jp/11/index.php?action_kouhyou_detail_004_kani=true&JigyosyoCd=1174800571-00&ServiceCd=210&Type=search" }, "geometry": { "type": "Point", "coordinates": [ 138.977868599999965, 36.021137 ] } },
{ "type": "Feature", "properties": { "内容": "社会福祉法人小鹿野福祉会　小鹿野苑【短期入所生活介護】埼玉県秩父郡小鹿野町下小鹿野２５５１", "url2": "https://www.kaigokensaku.mhlw.go.jp/11/index.php?action_kouhyou_detail_004_kani=true&JigyosyoCd=1174800100-00&ServiceCd=210&Type=search" }, "geometry": { "type": "Point", "coordinates": [ 139.01377309999998, 36.0162822 ] } },
{ "type": "Feature", "properties": { "内容": "特別養護老人ホームつきがわ短期入所生活介護【短期入所生活介護】埼玉県秩父郡東秩父村坂本1308-8", "url2": "https://www.kaigokensaku.mhlw.go.jp/11/index.php?action_kouhyou_detail_004_kani=true&JigyosyoCd=1174801173-00&ServiceCd=210&Type=search" }, "geometry": { "type": "Point", "coordinates": [ 139.1676582, 36.0597281 ] } },
{ "type": "Feature", "properties": { "内容": "特別養護老人ホームつきがわ短期入所生活介護【短期入所生活介護】埼玉県秩父郡東秩父村坂本1308-8", "url2": "https://www.kaigokensaku.mhlw.go.jp/11/index.php?action_kouhyou_detail_004_kani=true&JigyosyoCd=1174801181-00&ServiceCd=210&Type=search" }, "geometry": { "type": "Point", "coordinates": [ 139.1676582, 36.0597281 ] } },
{ "type": "Feature", "properties": { "内容": "特別養護老人ホーム　ももよの丘【短期入所生活介護】埼玉県児玉郡美里町大字白石２３２３－１", "url2": "https://www.kaigokensaku.mhlw.go.jp/11/index.php?action_kouhyou_detail_004_kani=true&JigyosyoCd=1174200244-00&ServiceCd=210&Type=search" }, "geometry": { "type": "Point", "coordinates": [ 139.178772, 36.1547154 ] } },
{ "type": "Feature", "properties": { "内容": "美里敬愛ホーム【短期入所生活介護】埼玉県児玉郡美里町大字小茂田749", "url2": "https://www.kaigokensaku.mhlw.go.jp/11/index.php?action_kouhyou_detail_004_kani=true&JigyosyoCd=1174200921-00&ServiceCd=210&Type=search" }, "geometry": { "type": "Point", "coordinates": [ 139.191368900000043, 36.2052125 ] } },
{ "type": "Feature", "properties": { "内容": "いずみ【短期入所生活介護】埼玉県児玉郡神川町大字上阿久原567番地", "url2": "https://www.kaigokensaku.mhlw.go.jp/11/index.php?action_kouhyou_detail_004_kani=true&JigyosyoCd=1174200350-00&ServiceCd=210&Type=search" }, "geometry": { "type": "Point", "coordinates": [ 139.053719300000012, 36.1466645 ] } },
{ "type": "Feature", "properties": { "内容": "ショートステイ結いの心【短期入所生活介護】埼玉県児玉郡神川町関口133-1", "url2": "https://www.kaigokensaku.mhlw.go.jp/11/index.php?action_kouhyou_detail_004_kani=true&JigyosyoCd=1174201689-00&ServiceCd=210&Type=search" }, "geometry": { "type": "Point", "coordinates": [ 139.10221439999998, 36.220695 ] } },
{ "type": "Feature", "properties": { "内容": "特別養護老人ホーム　いろりの友【短期入所生活介護】埼玉県児玉郡神川町大字八日市739-2", "url2": "https://www.kaigokensaku.mhlw.go.jp/11/index.php?action_kouhyou_detail_004_kani=true&JigyosyoCd=1174200301-00&ServiceCd=210&Type=search" }, "geometry": { "type": "Point", "coordinates": [ 139.109458300000028, 36.2092493 ] } },
{ "type": "Feature", "properties": { "内容": "特別養護老人ホーム　青空【短期入所生活介護】埼玉県児玉郡上里町金久保777", "url2": "https://www.kaigokensaku.mhlw.go.jp/11/index.php?action_kouhyou_detail_004_kani=true&JigyosyoCd=1174200558-00&ServiceCd=210&Type=search" }, "geometry": { "type": "Point", "coordinates": [ 139.132276400000023, 36.2654719 ] } },
{ "type": "Feature", "properties": { "内容": "特別養護老人ホーム　たちばな【短期入所生活介護】埼玉県児玉郡上里町大字大御堂８０６－１", "url2": "https://www.kaigokensaku.mhlw.go.jp/11/index.php?action_kouhyou_detail_004_kani=true&JigyosyoCd=1174200251-00&ServiceCd=210&Type=search" }, "geometry": { "type": "Point", "coordinates": [ 139.124850299999906, 36.2314693 ] } },
{ "type": "Feature", "properties": { "内容": "ショートステイ　心の里【短期入所生活介護】埼玉県児玉郡上里町大字七本木420番地", "url2": "https://www.kaigokensaku.mhlw.go.jp/11/index.php?action_kouhyou_detail_004_kani=true&JigyosyoCd=1174201572-00&ServiceCd=210&Type=search" }, "geometry": { "type": "Point", "coordinates": [ 139.139460521304272, 36.239063470014045 ] } },
{ "type": "Feature", "properties": { "内容": "特別養護老人ホームよりい【短期入所生活介護】埼玉県大里郡寄居町大字用土133番地1", "url2": "https://www.kaigokensaku.mhlw.go.jp/11/index.php?action_kouhyou_detail_004_kani=true&JigyosyoCd=1174501831-00&ServiceCd=210&Type=search" }, "geometry": { "type": "Point", "coordinates": [ 139.19223511366593, 36.142269260092313 ] } },
{ "type": "Feature", "properties": { "内容": "特別養護老人ホーム花ぞの【短期入所生活介護】埼玉県大里郡寄居町大字用土2440番地5", "url2": "https://www.kaigokensaku.mhlw.go.jp/11/index.php?action_kouhyou_detail_004_kani=true&JigyosyoCd=1174501302-00&ServiceCd=210&Type=search" }, "geometry": { "type": "Point", "coordinates": [ 139.2019775, 36.1553909 ] } },
{ "type": "Feature", "properties": { "内容": "あきやま苑短期入所生活介護事業所【短期入所生活介護】埼玉県大里郡寄居町大字秋山721", "url2": "https://www.kaigokensaku.mhlw.go.jp/11/index.php?action_kouhyou_detail_004_kani=true&JigyosyoCd=1174500304-00&ServiceCd=210&Type=search" }, "geometry": { "type": "Point", "coordinates": [ 139.1684626, 36.0971318 ] } },
{ "type": "Feature", "properties": { "内容": "指定短期入所生活介護事業所みどりの森【短期入所生活介護】埼玉県南埼玉郡宮代町和戸１７８０－１特別養護老人ホームみどりの森", "url2": "https://www.kaigokensaku.mhlw.go.jp/11/index.php?action_kouhyou_detail_004_kani=true&JigyosyoCd=1170500241-00&ServiceCd=210&Type=search" }, "geometry": { "type": "Point", "coordinates": [ 139.695075, 36.055188 ] } },
{ "type": "Feature", "properties": { "内容": "特別養護老人ホームもみの木【短期入所生活介護】埼玉県南埼玉郡宮代町金原５６７", "url2": "https://www.kaigokensaku.mhlw.go.jp/11/index.php?action_kouhyou_detail_004_kani=true&JigyosyoCd=1170500860-00&ServiceCd=210&Type=search" }, "geometry": { "type": "Point", "coordinates": [ 139.7118643, 36.0085024 ] } },
{ "type": "Feature", "properties": { "内容": "グリーンライフ宮代ショートステイ【短期入所生活介護】埼玉県南埼玉郡宮代町須賀1300", "url2": "https://www.kaigokensaku.mhlw.go.jp/11/index.php?action_kouhyou_detail_004_kani=true&JigyosyoCd=1170501157-00&ServiceCd=210&Type=search" }, "geometry": { "type": "Point", "coordinates": [ 139.701342963754286, 36.035633361801885 ] } },
{ "type": "Feature", "properties": { "内容": "すぎと翔裕館【短期入所生活介護】埼玉県北葛飾郡杉戸町下高野２８２８番地5", "url2": "https://www.kaigokensaku.mhlw.go.jp/11/index.php?action_kouhyou_detail_004_kani=true&JigyosyoCd=1171101940-00&ServiceCd=210&Type=search" }, "geometry": { "type": "Point", "coordinates": [ 139.720311725655137, 36.044964721342495 ] } },
{ "type": "Feature", "properties": { "内容": "特別養護老人ホーム　はなみずき【短期入所生活介護】埼玉県北葛飾郡杉戸町茨島７３１－１", "url2": "https://www.kaigokensaku.mhlw.go.jp/11/index.php?action_kouhyou_detail_004_kani=true&JigyosyoCd=1171101221-00&ServiceCd=210&Type=search" }, "geometry": { "type": "Point", "coordinates": [ 139.7185207, 36.0497171 ] } },
{ "type": "Feature", "properties": { "内容": "社会福祉法人松大会三戸里園【短期入所生活介護】埼玉県北葛飾郡松伏町大川戸９６８－１", "url2": "https://www.kaigokensaku.mhlw.go.jp/11/index.php?action_kouhyou_detail_004_kani=true&JigyosyoCd=1171100389-00&ServiceCd=210&Type=search" }, "geometry": { "type": "Point", "coordinates": [ 139.820538299999953, 35.9354663 ] } }
]
}
