{
"type": "FeatureCollection",
"name": "geo_11_認知症対応型共同生活介護",
"crs": { "type": "name", "properties": { "name": "urn:ogc:def:crs:OGC:1.3:CRS84" } },
"features": [
{ "type": "Feature", "properties": { "内容": "認知症対応型共同生活介護　フルーレ指扇【認知症対応型共同生活介護】指扇1377-1", "url": "https://www.kaigokensaku.mhlw.go.jp/11/index.php?action_kouhyou_detail_004_kani=true&JigyosyoCd=1196501330-00&ServiceCd=320&Type=search", "url2": "https://www.fullhope.jp/topics/220126.html" }, "geometry": { "type": "Point", "coordinates": [ 139.579826112333308, 35.914939694318363 ] } },
{ "type": "Feature", "properties": { "内容": "ふれあい多居夢大宮【認知症対応型共同生活介護】埼玉県さいたま市西区植田谷本461-3", "url": "https://www.kaigokensaku.mhlw.go.jp/11/index.php?action_kouhyou_detail_004_kani=true&JigyosyoCd=1196500787-00&ServiceCd=320&Type=search", "url2": "https://fureai-hiroba.co.jp" }, "geometry": { "type": "Point", "coordinates": [ -8.24389, 53.41291 ] } },
{ "type": "Feature", "properties": { "内容": "西おおみや翔裕館【認知症対応型共同生活介護】埼玉県さいたま市西区指扇3624", "url": "https://www.kaigokensaku.mhlw.go.jp/11/index.php?action_kouhyou_detail_004_kani=true&JigyosyoCd=1196501207-00&ServiceCd=320&Type=search", "url2": "https://www.sanga-kaigo.co.jp" }, "geometry": { "type": "Point", "coordinates": [ 139.683310799999987, 35.696187800000011 ] } },
{ "type": "Feature", "properties": { "内容": "グループホームみんなの家・清河寺【認知症対応型共同生活介護】埼玉県さいたま市西区清河寺1088-6", "url": "https://www.kaigokensaku.mhlw.go.jp/11/index.php?action_kouhyou_detail_004_kani=true&JigyosyoCd=1176500872-00&ServiceCd=320&Type=search", "url2": "https://kaigo.alsok.co.jp" }, "geometry": { "type": "Point", "coordinates": [ 139.586951799999952, 35.9372305 ] } },
{ "type": "Feature", "properties": { "内容": "グループホームみんなの家・清河寺２【認知症対応型共同生活介護】埼玉県さいたま市西区清河寺1195-1", "url": "https://www.kaigokensaku.mhlw.go.jp/11/index.php?action_kouhyou_detail_004_kani=true&JigyosyoCd=1176502845-00&ServiceCd=320&Type=search", "url2": null }, "geometry": { "type": "Point", "coordinates": [ 139.588132299999984, 35.9331228 ] } },
{ "type": "Feature", "properties": { "内容": "ふるさとの家【認知症対応型共同生活介護】さいたま市西区清河寺７２２番地１", "url": "https://www.kaigokensaku.mhlw.go.jp/11/index.php?action_kouhyou_detail_004_kani=true&JigyosyoCd=1176502233-00&ServiceCd=320&Type=search", "url2": null }, "geometry": { "type": "Point", "coordinates": [ 139.5816605, 35.935081 ] } },
{ "type": "Feature", "properties": { "内容": "ヒューマンライフケア三橋グループホーム【認知症対応型共同生活介護】埼玉県さいたま市西区三橋5丁目1217号2番地ヒューマンライフケア三橋グループホーム", "url": "https://www.kaigokensaku.mhlw.go.jp/11/index.php?action_kouhyou_detail_004_kani=true&JigyosyoCd=1196501371-00&ServiceCd=320&Type=search", "url2": "https://kaigo.human-lifecare.jp/facilities/gh037_MihashiGH/summary.html" }, "geometry": { "type": "Point", "coordinates": [ 139.591815025119843, 35.907980006450629 ] } },
{ "type": "Feature", "properties": { "内容": "愛の家グループホーム大宮指扇【認知症対応型共同生活介護】埼玉県さいたま市西区指扇566-1愛の家ケアセンター大宮指扇", "url": "https://www.kaigokensaku.mhlw.go.jp/11/index.php?action_kouhyou_detail_004_kani=true&JigyosyoCd=1176501664-00&ServiceCd=320&Type=search", "url2": "http://ｗｗｗ.mcsg.co.jp" }, "geometry": { "type": "Point", "coordinates": [ 139.584493800000018, 35.90878 ] } },
{ "type": "Feature", "properties": { "内容": "グループホームみんなの家・大宮吉野町【認知症対応型共同生活介護】さいたま市北区吉野町1-356-1", "url": "https://www.kaigokensaku.mhlw.go.jp/11/index.php?action_kouhyou_detail_004_kani=true&JigyosyoCd=1176503165-00&ServiceCd=320&Type=search", "url2": null }, "geometry": { "type": "Point", "coordinates": [ 139.614790699999958, 35.9496854 ] } },
{ "type": "Feature", "properties": { "内容": "愛の家グループホームさいたま土呂【認知症対応型共同生活介護】さいたま市北区土呂町2-86-4", "url": "https://www.kaigokensaku.mhlw.go.jp/11/index.php?action_kouhyou_detail_004_kani=true&JigyosyoCd=1196500290-00&ServiceCd=320&Type=search", "url2": "http://www.mcsg.co.jp" }, "geometry": { "type": "Point", "coordinates": [ 139.636808500000029, 35.935547 ] } },
{ "type": "Feature", "properties": { "内容": "グループホームみんなの家・宮原【認知症対応型共同生活介護】埼玉県さいたま市北区宮原町1-530", "url": "https://www.kaigokensaku.mhlw.go.jp/11/index.php?action_kouhyou_detail_004_kani=true&JigyosyoCd=1176500864-00&ServiceCd=320&Type=search", "url2": null }, "geometry": { "type": "Point", "coordinates": [ 139.618743499999937, 35.9368601 ] } },
{ "type": "Feature", "properties": { "内容": "愛の家グループホーム　大宮櫛引【認知症対応型共同生活介護】埼玉県さいたま市北区櫛引町2-68-1", "url": "https://www.kaigokensaku.mhlw.go.jp/11/index.php?action_kouhyou_detail_004_kani=true&JigyosyoCd=1176501854-00&ServiceCd=320&Type=search", "url2": "https://mcs-ainoie.com/search/saitama/saitamashi/gh004/" }, "geometry": { "type": "Point", "coordinates": [ 139.60919709999996, 35.9170266 ] } },
{ "type": "Feature", "properties": { "内容": "ヒューマンライフケアさいたま今羽グループホーム【認知症対応型共同生活介護】埼玉県さいたま市北区今羽町125-1", "url": "https://www.kaigokensaku.mhlw.go.jp/11/index.php?action_kouhyou_detail_004_kani=true&JigyosyoCd=1196501173-00&ServiceCd=320&Type=search", "url2": "https://human-lifecare.jp" }, "geometry": { "type": "Point", "coordinates": [ 139.6222187, 35.9532873 ] } },
{ "type": "Feature", "properties": { "内容": "ライブラリ宮原【認知症対応型共同生活介護】埼玉県さいたま市北区日進町３丁目７７４番地", "url": "https://www.kaigokensaku.mhlw.go.jp/11/index.php?action_kouhyou_detail_004_kani=true&JigyosyoCd=1196501421-00&ServiceCd=320&Type=search", "url2": null }, "geometry": { "type": "Point", "coordinates": [ 139.6064187, 35.9416063 ] } },
{ "type": "Feature", "properties": { "内容": "グループホームまごころ【認知症対応型共同生活介護】さいたま市北区本郷町730番地", "url": "https://www.kaigokensaku.mhlw.go.jp/11/index.php?action_kouhyou_detail_004_kani=true&JigyosyoCd=1196500548-00&ServiceCd=320&Type=search", "url2": "http://shincare-style.co.jp" }, "geometry": { "type": "Point", "coordinates": [ 139.621044236814896, 35.943764676572926 ] } },
{ "type": "Feature", "properties": { "内容": "愛の家グループホーム　大宮吉野町【認知症対応型共同生活介護】吉野町2-263-4愛の家グループホーム大宮吉野町", "url": "https://www.kaigokensaku.mhlw.go.jp/11/index.php?action_kouhyou_detail_004_kani=true&JigyosyoCd=1176501862-00&ServiceCd=320&Type=search", "url2": "http://www.mcsg.co.jp/st/" }, "geometry": { "type": "Point", "coordinates": [ 139.613773700000024, 35.9627803 ] } },
{ "type": "Feature", "properties": { "内容": "ニチイケアセンター大宮公園【認知症対応型共同生活介護】埼玉県さいたま市大宮区土手町１－８１", "url": "https://www.kaigokensaku.mhlw.go.jp/11/index.php?action_kouhyou_detail_004_kani=true&JigyosyoCd=1196500217-00&ServiceCd=320&Type=search", "url2": "http://www.nichiigakkan.co.jp" }, "geometry": { "type": "Point", "coordinates": [ 139.624123599999962, 35.9160301 ] } },
{ "type": "Feature", "properties": { "内容": "愛の家グループホーム大宮三橋【認知症対応型共同生活介護】埼玉県さいたま市大宮区三橋4－520－6", "url": "https://www.kaigokensaku.mhlw.go.jp/11/index.php?action_kouhyou_detail_004_kani=true&JigyosyoCd=1176500641-00&ServiceCd=320&Type=search", "url2": "www.mcsg.co.jp" }, "geometry": { "type": "Point", "coordinates": [ 139.601315099999965, 35.8926521 ] } },
{ "type": "Feature", "properties": { "内容": "グループホームみんなの家・大宮三橋【認知症対応型共同生活介護】埼玉県さいたま市大宮区三橋2-795", "url": "https://www.kaigokensaku.mhlw.go.jp/11/index.php?action_kouhyou_detail_004_kani=true&JigyosyoCd=1176502100-00&ServiceCd=320&Type=search", "url2": "https://kaigo.alsok.co.jp/facility/search/detail/19" }, "geometry": { "type": "Point", "coordinates": [ 139.6059553, 35.8990123 ] } },
{ "type": "Feature", "properties": { "内容": "ライブラリ大宮【認知症対応型共同生活介護】東町1-225", "url": "https://www.kaigokensaku.mhlw.go.jp/11/index.php?action_kouhyou_detail_004_kani=true&JigyosyoCd=1196501355-00&ServiceCd=320&Type=search", "url2": "http://www.living-platform.com/" }, "geometry": { "type": "Point", "coordinates": [ 139.338985, 35.6581386 ] } },
{ "type": "Feature", "properties": { "内容": "ひなたぼっこ【認知症対応型共同生活介護】さいたま市見沼区蓮沼５５２－１", "url": "https://www.kaigokensaku.mhlw.go.jp/11/index.php?action_kouhyou_detail_004_kani=true&JigyosyoCd=1176500294-00&ServiceCd=320&Type=search", "url2": "http://saitamacare.com" }, "geometry": { "type": "Point", "coordinates": [ 139.661975900000016, 35.9282264 ] } },
{ "type": "Feature", "properties": { "内容": "ヒューマンライフケア見沼グループホーム【認知症対応型共同生活介護】埼玉県さいたま市見沼区南中野1038-1", "url": "https://www.kaigokensaku.mhlw.go.jp/11/index.php?action_kouhyou_detail_004_kani=true&JigyosyoCd=1196500498-00&ServiceCd=320&Type=search", "url2": "https://kaigo.human-lifecare.jp/facilities/gh015_MinumaGH/summary.html" }, "geometry": { "type": "Point", "coordinates": [ 139.666566118359896, 35.914431399654099 ] } },
{ "type": "Feature", "properties": { "内容": "ライブラリ東大宮【認知症対応型共同生活介護】埼玉県さいたま市見沼区東大宮5丁目40-1県南第3ビル4階", "url": "https://www.kaigokensaku.mhlw.go.jp/11/index.php?action_kouhyou_detail_004_kani=true&JigyosyoCd=1196501165-00&ServiceCd=320&Type=search", "url2": "http://www.living-platform.com/" }, "geometry": { "type": "Point", "coordinates": [ 139.640981, 35.9494898 ] } },
{ "type": "Feature", "properties": { "内容": "社会福祉法人Flower　サンケア春岡【認知症対応型共同生活介護】埼玉県さいたま市見沼区春岡3-36-7", "url": "https://www.kaigokensaku.mhlw.go.jp/11/index.php?action_kouhyou_detail_004_kani=true&JigyosyoCd=1196501181-00&ServiceCd=320&Type=search", "url2": "www.suncare-life.com" }, "geometry": { "type": "Point", "coordinates": [ 139.6606263, 35.9477766 ] } },
{ "type": "Feature", "properties": { "内容": "グループホームみんなの家　南中野【認知症対応型共同生活介護】さいたま市見沼区南中野１０５０－８", "url": "https://www.kaigokensaku.mhlw.go.jp/11/index.php?action_kouhyou_detail_004_kani=true&JigyosyoCd=1176500880-00&ServiceCd=320&Type=search", "url2": null }, "geometry": { "type": "Point", "coordinates": [ 139.6668065, 35.915042 ] } },
{ "type": "Feature", "properties": { "内容": "ツクイさいたま見沼グループホーム【認知症対応型共同生活介護】埼玉県さいたま市見沼区南中丸948-1", "url": "https://www.kaigokensaku.mhlw.go.jp/11/index.php?action_kouhyou_detail_004_kani=true&JigyosyoCd=1196501298-00&ServiceCd=320&Type=search", "url2": "https://www.tsukui.net/" }, "geometry": { "type": "Point", "coordinates": [ 139.656668905310056, 35.917642056194211 ] } },
{ "type": "Feature", "properties": { "内容": "グループホーム　ソラストさいたま見沼【認知症対応型共同生活介護】埼玉県さいたま市見沼区蓮沼87-6", "url": "https://www.kaigokensaku.mhlw.go.jp/11/index.php?action_kouhyou_detail_004_kani=true&JigyosyoCd=1196501363-00&ServiceCd=320&Type=search", "url2": "https://solasto-kaigo.com/service/grouphome/saitamaminuma" }, "geometry": { "type": "Point", "coordinates": [ 139.6617903, 35.9270092 ] } },
{ "type": "Feature", "properties": { "内容": "グループホームみんなの家・丸ケ崎【認知症対応型共同生活介護】埼玉県さいたま市見沼区丸ケ崎1138GHみんなの家・丸ケ崎", "url": "https://www.kaigokensaku.mhlw.go.jp/11/index.php?action_kouhyou_detail_004_kani=true&JigyosyoCd=1176502092-00&ServiceCd=320&Type=search", "url2": null }, "geometry": { "type": "Point", "coordinates": [ 139.656160695589449, 35.959753605766245 ] } },
{ "type": "Feature", "properties": { "内容": "愛・グループホーム与野【認知症対応型共同生活介護】さいたま市中央区八王子1-3-18", "url": "https://www.kaigokensaku.mhlw.go.jp/11/index.php?action_kouhyou_detail_004_kani=true&JigyosyoCd=1196501116-00&ServiceCd=320&Type=search", "url2": "http://i-sogofukushi.com/office.html#saitamashi" }, "geometry": { "type": "Point", "coordinates": [ 139.614054699999969, 35.8850986 ] } },
{ "type": "Feature", "properties": { "内容": "愛の家グループホームさいたま八王子【認知症対応型共同生活介護】埼玉県さいたま市中央区八王子3-11-8", "url": "https://www.kaigokensaku.mhlw.go.jp/11/index.php?action_kouhyou_detail_004_kani=true&JigyosyoCd=1196500506-00&ServiceCd=320&Type=search", "url2": "https://mcs-ainoie.com/search/saitama/saitamashi/gh203/" }, "geometry": { "type": "Point", "coordinates": [ 139.6107919, 35.8792315 ] } },
{ "type": "Feature", "properties": { "内容": "愛の家グループホーム南与野【認知症対応型共同生活介護】埼玉県さいたま市中央区鈴谷1-24-1", "url": "https://www.kaigokensaku.mhlw.go.jp/11/index.php?action_kouhyou_detail_004_kani=true&JigyosyoCd=1176501870-00&ServiceCd=320&Type=search", "url2": "https://www.mcsg.co.jp/" }, "geometry": { "type": "Point", "coordinates": [ 139.6334886, 35.8637262 ] } },
{ "type": "Feature", "properties": { "内容": "グループホームみんなの家与野大戸【認知症対応型共同生活介護】埼玉県さいたま市中央区大戸2-10-12グループホームみんなの家与野大戸", "url": "https://www.kaigokensaku.mhlw.go.jp/11/index.php?action_kouhyou_detail_004_kani=true&JigyosyoCd=1176501987-00&ServiceCd=320&Type=search", "url2": "http://www.kaigo.alsok.co.jp" }, "geometry": { "type": "Point", "coordinates": [ 139.634427599999981, 35.863476 ] } },
{ "type": "Feature", "properties": { "内容": "グループホームみんなの家・与野鈴谷【認知症対応型共同生活介護】埼玉県さいたま市中央区鈴谷5-14-1", "url": "https://www.kaigokensaku.mhlw.go.jp/11/index.php?action_kouhyou_detail_004_kani=true&JigyosyoCd=1176501383-00&ServiceCd=320&Type=search", "url2": "https://kaigo.alsok.co.jp/facility/search/detail/15" }, "geometry": { "type": "Point", "coordinates": [ 139.632380300000023, 35.8718499 ] } },
{ "type": "Feature", "properties": { "内容": "グループホームみんなの家・与野本町【認知症対応型共同生活介護】埼玉県さいたま市中央区本町東4-17-4", "url": "https://www.kaigokensaku.mhlw.go.jp/11/index.php?action_kouhyou_detail_004_kani=true&JigyosyoCd=1176501193-00&ServiceCd=320&Type=search", "url2": null }, "geometry": { "type": "Point", "coordinates": [ 139.623441299999968, 35.886750700000015 ] } },
{ "type": "Feature", "properties": { "内容": "愛の家グループホームさいたま中島【認知症対応型共同生活介護】さいたま市桜区中島4-12-14", "url": "https://www.kaigokensaku.mhlw.go.jp/11/index.php?action_kouhyou_detail_004_kani=true&JigyosyoCd=1196500266-00&ServiceCd=320&Type=search", "url2": "https://mcs-ainoie.com/search/saitama/saitamashi/gh132/" }, "geometry": { "type": "Point", "coordinates": [ 139.6200505, 35.8656868 ] } },
{ "type": "Feature", "properties": { "内容": "愛の家グループホーム　さいたま山久保【認知症対応型共同生活介護】埼玉県　さいたま市　桜区　山久保1-7-13", "url": "https://www.kaigokensaku.mhlw.go.jp/11/index.php?action_kouhyou_detail_004_kani=true&JigyosyoCd=1196500308-00&ServiceCd=320&Type=search", "url2": "gh-159＠mcsg.co.jp" }, "geometry": { "type": "Point", "coordinates": [ 139.621423099999987, 35.868014 ] } },
{ "type": "Feature", "properties": { "内容": "ツクイさいたま桜グループホーム【認知症対応型共同生活介護】田島2-5-19", "url": "https://www.kaigokensaku.mhlw.go.jp/11/index.php?action_kouhyou_detail_004_kani=true&JigyosyoCd=1196501447-00&ServiceCd=320&Type=search", "url2": "https://www.tsukui.net/group/2793/" }, "geometry": { "type": "Point", "coordinates": [ 139.6058478, 35.8156329 ] } },
{ "type": "Feature", "properties": { "内容": "愛・グループホームさいたま田島【認知症対応型共同生活介護】埼玉県さいたま市桜区田島９－１７－７", "url": "https://www.kaigokensaku.mhlw.go.jp/11/index.php?action_kouhyou_detail_004_kani=true&JigyosyoCd=1196500662-00&ServiceCd=320&Type=search", "url2": "https://i-sogofukushi.com/" }, "geometry": { "type": "Point", "coordinates": [ 139.622805687171876, 35.845431023275864 ] } },
{ "type": "Feature", "properties": { "内容": "グループホーム・桜の宿【認知症対応型共同生活介護】埼玉県さいたま市桜区宿140-1", "url": "https://www.kaigokensaku.mhlw.go.jp/11/index.php?action_kouhyou_detail_004_kani=true&JigyosyoCd=1196500969-00&ServiceCd=320&Type=search", "url2": "https://sakurano-yado.jp/" }, "geometry": { "type": "Point", "coordinates": [ 139.59839409999995, 35.8762095 ] } },
{ "type": "Feature", "properties": { "内容": "癒しのさいたま浦和館グループホーム【認知症対応型共同生活介護】埼玉県浦和区本太3丁目24番6号", "url": "https://www.kaigokensaku.mhlw.go.jp/11/index.php?action_kouhyou_detail_004_kani=true&JigyosyoCd=1176500773-00&ServiceCd=320&Type=search", "url2": "http://www.c-24.jp" }, "geometry": { "type": "Point", "coordinates": [ 139.654940399999987, 35.8673752 ] } },
{ "type": "Feature", "properties": { "内容": "ｸﾞﾙｰﾌﾟﾎｰﾑ　ときわの家【認知症対応型共同生活介護】さいたま市浦和区常盤7丁目5番14号", "url": "https://www.kaigokensaku.mhlw.go.jp/11/index.php?action_kouhyou_detail_004_kani=true&JigyosyoCd=1196500415-00&ServiceCd=320&Type=search", "url2": "http://junseikai.org/tokiwa/" }, "geometry": { "type": "Point", "coordinates": [ 139.645351500000061, 35.8661898 ] } },
{ "type": "Feature", "properties": { "内容": "ふれあい多居夢浦和【認知症対応型共同生活介護】埼玉県さいたま市浦和区元町1-32-17", "url": "https://www.kaigokensaku.mhlw.go.jp/11/index.php?action_kouhyou_detail_004_kani=true&JigyosyoCd=1196500795-00&ServiceCd=320&Type=search", "url2": "https://fureai-hiroba.co.jp/" }, "geometry": { "type": "Point", "coordinates": [ 139.658969599999978, 35.8709091 ] } },
{ "type": "Feature", "properties": { "内容": "浦和ケアセンターそよ風【認知症対応型共同生活介護】埼玉県さいたま市浦和区本太2-1-2浦和ケアセンターそよ風", "url": "https://www.kaigokensaku.mhlw.go.jp/11/index.php?action_kouhyou_detail_004_kani=true&JigyosyoCd=1196500332-00&ServiceCd=320&Type=search", "url2": null }, "geometry": { "type": "Point", "coordinates": [ 139.657858799999985, 35.8626932 ] } },
{ "type": "Feature", "properties": { "内容": "グループホームまごころ浦和木崎【認知症対応型共同生活介護】木崎5-20-35", "url": "https://www.kaigokensaku.mhlw.go.jp/11/index.php?action_kouhyou_detail_004_kani=true&JigyosyoCd=1196501504-00&ServiceCd=320&Type=search", "url2": "magokoro-urawakizaki/" }, "geometry": { "type": "Point", "coordinates": [ 139.6638632, 35.8856693 ] } },
{ "type": "Feature", "properties": { "内容": "さわやかグループホームさいたま【認知症対応型共同生活介護】さいたま市浦和区上木崎3-2-6", "url": "https://www.kaigokensaku.mhlw.go.jp/11/index.php?action_kouhyou_detail_004_kani=true&JigyosyoCd=1196500019-00&ServiceCd=320&Type=search", "url2": "www.welcia-partners.co.jp" }, "geometry": { "type": "Point", "coordinates": [ 139.645050800000035, 35.8873898 ] } },
{ "type": "Feature", "properties": { "内容": "愛・グループホーム瀬ヶ崎【認知症対応型共同生活介護】埼玉県さいたま市浦和区瀬ヶ崎　4-13-19", "url": "https://www.kaigokensaku.mhlw.go.jp/11/index.php?action_kouhyou_detail_004_kani=true&JigyosyoCd=1196500886-00&ServiceCd=320&Type=search", "url2": "https://i-sogofukushi.com/" }, "geometry": { "type": "Point", "coordinates": [ 139.665218900000013, 35.877141500000015 ] } },
{ "type": "Feature", "properties": { "内容": "グループホームまごころ浦和元町【認知症対応型共同生活介護】埼玉県さいたま市浦和区元町3-32-23", "url": "https://www.kaigokensaku.mhlw.go.jp/11/index.php?action_kouhyou_detail_004_kani=true&JigyosyoCd=1196501413-00&ServiceCd=320&Type=search", "url2": "https://shinken-net.jp/" }, "geometry": { "type": "Point", "coordinates": [ 139.6551256, 35.8740977 ] } },
{ "type": "Feature", "properties": { "内容": "グループホーム　みんなの家・浦和南【認知症対応型共同生活介護】埼玉県さいたま市南区松本3-9-3", "url": "https://www.kaigokensaku.mhlw.go.jp/11/index.php?action_kouhyou_detail_004_kani=true&JigyosyoCd=1196501561-00&ServiceCd=320&Type=search", "url2": null }, "geometry": { "type": "Point", "coordinates": [ 139.6279953, 35.8338707 ] } },
{ "type": "Feature", "properties": { "内容": "あおきさん家　浦和南【認知症対応型共同生活介護】埼玉県さいたま市南区円正寺519－6あおきさん家　浦和南", "url": "https://www.kaigokensaku.mhlw.go.jp/11/index.php?action_kouhyou_detail_004_kani=true&JigyosyoCd=1196501025-00&ServiceCd=320&Type=search", "url2": null }, "geometry": { "type": "Point", "coordinates": [ 139.695506600000044, 35.8537564 ] } },
{ "type": "Feature", "properties": { "内容": "愛の家グループホーム東浦和【認知症対応型共同生活介護】さいたま市南区大谷口２３６９－１", "url": "https://www.kaigokensaku.mhlw.go.jp/11/index.php?action_kouhyou_detail_004_kani=true&JigyosyoCd=1196500191-00&ServiceCd=320&Type=search", "url2": "http://www.mcsg.co.jp" }, "geometry": { "type": "Point", "coordinates": [ 139.693175200000042, 35.8591577 ] } },
{ "type": "Feature", "properties": { "内容": "愛の家グループホームさいたま松本【認知症対応型共同生活介護】松本4-18-3", "url": "https://www.kaigokensaku.mhlw.go.jp/11/index.php?action_kouhyou_detail_004_kani=true&JigyosyoCd=1196500282-00&ServiceCd=320&Type=search", "url2": "https://mcs-ainoie.com/search/saitama/saitamashi/gh135/" }, "geometry": { "type": "Point", "coordinates": [ 139.6313821, 35.8304426 ] } },
{ "type": "Feature", "properties": { "内容": "グループホーム　たのしい家南浦和【認知症対応型共同生活介護】埼玉県さいたま市南区大谷口1510-1", "url": "https://www.kaigokensaku.mhlw.go.jp/11/index.php?action_kouhyou_detail_004_kani=true&JigyosyoCd=1196501306-00&ServiceCd=320&Type=search", "url2": "https://www.tanoshii-ie.jp/" }, "geometry": { "type": "Point", "coordinates": [ 139.68256980000001, 35.8566411 ] } },
{ "type": "Feature", "properties": { "内容": "ヒューマンライフケア武蔵浦和グループホーム【認知症対応型共同生活介護】埼玉県さいたま市南区根岸5－2－15ヒューマンライフケア武蔵浦和グループホーム", "url": "https://www.kaigokensaku.mhlw.go.jp/11/index.php?action_kouhyou_detail_004_kani=true&JigyosyoCd=1196501223-00&ServiceCd=320&Type=search", "url2": "https://kaigo.human-lifecare.jp/facilities/gh035_MusashiUrawaGH/summary.html" }, "geometry": { "type": "Point", "coordinates": [ 139.659118899999982, 35.8408823 ] } },
{ "type": "Feature", "properties": { "内容": "ニチイケアセンター武蔵浦和【認知症対応型共同生活介護】辻4-19-13", "url": "https://www.kaigokensaku.mhlw.go.jp/11/index.php?action_kouhyou_detail_004_kani=true&JigyosyoCd=1196500480-00&ServiceCd=320&Type=search", "url2": null }, "geometry": { "type": "Point", "coordinates": [ 139.6552421, 35.83514550000001 ] } },
{ "type": "Feature", "properties": { "内容": "あすなろホーム浦和【認知症対応型共同生活介護】埼玉県さいたま市南区辻７－１３－１５あすなろホーム浦和", "url": "https://www.kaigokensaku.mhlw.go.jp/11/index.php?action_kouhyou_detail_004_kani=true&JigyosyoCd=1196500027-00&ServiceCd=320&Type=search", "url2": "http://www.i-ll-group.co.jp" }, "geometry": { "type": "Point", "coordinates": [ 139.6652702, 35.8326881 ] } },
{ "type": "Feature", "properties": { "内容": "ライブラリ東浦和【認知症対応型共同生活介護】埼玉県さいたま市南区大字大谷口2015-2", "url": "https://www.kaigokensaku.mhlw.go.jp/11/index.php?action_kouhyou_detail_004_kani=true&JigyosyoCd=1196501579-00&ServiceCd=320&Type=search", "url2": null }, "geometry": { "type": "Point", "coordinates": [ 139.691866, 35.8575927 ] } },
{ "type": "Feature", "properties": { "内容": "愛の家グループホーム東浦和大間木【認知症対応型共同生活介護】埼玉県さいたま市緑区東浦和９－９－９２Ｆ、３Ｆ", "url": "https://www.kaigokensaku.mhlw.go.jp/11/index.php?action_kouhyou_detail_004_kani=true&JigyosyoCd=1196500431-00&ServiceCd=320&Type=search", "url2": "https://mcs-ainoie.com/gh198.html" }, "geometry": { "type": "Point", "coordinates": [ 139.6939165, 35.8706425 ] } },
{ "type": "Feature", "properties": { "内容": "愛の家グループホームさいたま三室【認知症対応型共同生活介護】埼玉県さいたま市緑区三室１１６１－3", "url": "https://www.kaigokensaku.mhlw.go.jp/11/index.php?action_kouhyou_detail_004_kani=true&JigyosyoCd=1196500225-00&ServiceCd=320&Type=search", "url2": "http://www.mcsg.co.jp/" }, "geometry": { "type": "Point", "coordinates": [ 139.66952660000004, 35.8838795 ] } },
{ "type": "Feature", "properties": { "内容": "いきいきのいえさいたま【認知症対応型共同生活介護】美園6-26-3", "url": "https://www.kaigokensaku.mhlw.go.jp/11/index.php?action_kouhyou_detail_004_kani=true&JigyosyoCd=1196501512-00&ServiceCd=320&Type=search", "url2": "http：//www.ikiikinoie-saitama.com/wp-login.php" }, "geometry": { "type": "Point", "coordinates": [ 139.7329169, 35.887482 ] } },
{ "type": "Feature", "properties": { "内容": "グループホーム　たのしい家東浦和【認知症対応型共同生活介護】埼玉県さいたま市緑区大牧2127-1", "url": "https://www.kaigokensaku.mhlw.go.jp/11/index.php?action_kouhyou_detail_004_kani=true&JigyosyoCd=1196501314-00&ServiceCd=320&Type=search", "url2": "https://www.tanoshii-ie.jp/" }, "geometry": { "type": "Point", "coordinates": [ 139.710395300000016, 35.8615088 ] } },
{ "type": "Feature", "properties": { "内容": "はなまるホーム東浦和【認知症対応型共同生活介護】埼玉県さいたま市緑区松木2-27-9", "url": "https://www.kaigokensaku.mhlw.go.jp/11/index.php?action_kouhyou_detail_004_kani=true&JigyosyoCd=1196501082-00&ServiceCd=320&Type=search", "url2": "https://www.aiseifukushi.jp/" }, "geometry": { "type": "Point", "coordinates": [ 139.68816736786539, 35.881653753272474 ] } },
{ "type": "Feature", "properties": { "内容": "ニチイケアセンター浦和東【認知症対応型共同生活介護】埼玉県さいたま市緑区東浦和7-41-5", "url": "https://www.kaigokensaku.mhlw.go.jp/11/index.php?action_kouhyou_detail_004_kani=true&JigyosyoCd=1196500613-00&ServiceCd=320&Type=search", "url2": "www.nichiigakkan.co.jp" }, "geometry": { "type": "Point", "coordinates": [ 139.701135099999988, 35.8734755 ] } },
{ "type": "Feature", "properties": { "内容": "グループホームフローラ岩槻【認知症対応型共同生活介護】埼玉県さいたま市岩槻区仲町1丁目12番8号グループホームフローラ岩槻", "url": "https://www.kaigokensaku.mhlw.go.jp/11/index.php?action_kouhyou_detail_004_kani=true&JigyosyoCd=1196501546-00&ServiceCd=320&Type=search", "url2": "htpps://kanto-medical.com" }, "geometry": { "type": "Point", "coordinates": [ 139.7009117, 35.947178 ] } },
{ "type": "Feature", "properties": { "内容": "ツクイさいたま岩槻グループホーム【認知症対応型共同生活介護】埼玉県さいたま市岩槻区本宿126-6", "url": "https://www.kaigokensaku.mhlw.go.jp/11/index.php?action_kouhyou_detail_004_kani=true&JigyosyoCd=1196501140-00&ServiceCd=320&Type=search", "url2": "www.tsukui.net" }, "geometry": { "type": "Point", "coordinates": [ 139.692079, 35.9647522 ] } },
{ "type": "Feature", "properties": { "内容": "ミモザ岩槻加倉【認知症対応型共同生活介護】埼玉県さいたま市岩槻区加倉五丁目8番85号", "url": "https://www.kaigokensaku.mhlw.go.jp/11/index.php?action_kouhyou_detail_004_kani=true&JigyosyoCd=1196501454-00&ServiceCd=320&Type=search", "url2": "https://mimoza-care.com/facility/group-home/post-11898/" }, "geometry": { "type": "Point", "coordinates": [ 139.692732799999987, 35.9409177 ] } },
{ "type": "Feature", "properties": { "内容": "愛の家グループホーム岩槻城北【認知症対応型共同生活介護】埼玉県さいたま市岩槻区大字岩槻6796番地", "url": "https://www.kaigokensaku.mhlw.go.jp/11/index.php?action_kouhyou_detail_004_kani=true&JigyosyoCd=1196500159-00&ServiceCd=320&Type=search", "url2": "http://www.mcsg.co.jp" }, "geometry": { "type": "Point", "coordinates": [ 139.695151600000031, 35.9642285 ] } },
{ "type": "Feature", "properties": { "内容": "グループホーム　フローラ岩槻西町【認知症対応型共同生活介護】埼玉県さいたま市岩槻区西町4-3-14", "url": "https://www.kaigokensaku.mhlw.go.jp/11/index.php?action_kouhyou_detail_004_kani=true&JigyosyoCd=1196500456-00&ServiceCd=320&Type=search", "url2": "https://kanto-medical.com/frola/gh/nishimachi" }, "geometry": { "type": "Point", "coordinates": [ 139.68770823690943, 35.957321982242654 ] } },
{ "type": "Feature", "properties": { "内容": "岩槻ケアセンターそよ風【認知症対応型共同生活介護】埼玉県さいたま市岩槻区飯塚1280-3", "url": "https://www.kaigokensaku.mhlw.go.jp/11/index.php?action_kouhyou_detail_004_kani=true&JigyosyoCd=1170700163-00&ServiceCd=320&Type=search", "url2": "https://www.sykz.co.jp/" }, "geometry": { "type": "Point", "coordinates": [ 139.7253503, 35.9368596 ] } },
{ "type": "Feature", "properties": { "内容": "グループホーム　みんなの家・岩槻本町【認知症対応型共同生活介護】埼玉県さいたま市岩槻区本町１-１８-１１", "url": "https://www.kaigokensaku.mhlw.go.jp/11/index.php?action_kouhyou_detail_004_kani=true&JigyosyoCd=1196500241-00&ServiceCd=320&Type=search", "url2": "https://kaigo.alsok.o.jp" }, "geometry": { "type": "Point", "coordinates": [ 139.6947692, 35.947844400000015 ] } },
{ "type": "Feature", "properties": { "内容": "グループホーム愛楽【認知症対応型共同生活介護】埼玉県さいたま市岩槻区南平野2-4-15", "url": "https://www.kaigokensaku.mhlw.go.jp/11/index.php?action_kouhyou_detail_004_kani=true&JigyosyoCd=1196500639-00&ServiceCd=320&Type=search", "url2": "http://aikaigo1.com" }, "geometry": { "type": "Point", "coordinates": [ 139.718930726334946, 35.958445844315122 ] } },
{ "type": "Feature", "properties": { "内容": "グループホームメディカルフローラ岩槻仲町【認知症対応型共同生活介護】埼玉県さいたま市岩槻区仲町1-12-31", "url": "https://www.kaigokensaku.mhlw.go.jp/11/index.php?action_kouhyou_detail_004_kani=true&JigyosyoCd=1196500811-00&ServiceCd=320&Type=search", "url2": "https://kanto-medical.com/frola/gh/nakamachi" }, "geometry": { "type": "Point", "coordinates": [ 139.701468400000067, 35.9476946 ] } },
{ "type": "Feature", "properties": { "内容": "愛の家グループホーム川越山田【認知症対応型共同生活介護】埼玉県川越市山田291-1", "url": "https://www.kaigokensaku.mhlw.go.jp/11/index.php?action_kouhyou_detail_004_kani=true&JigyosyoCd=1190400273-00&ServiceCd=320&Type=search", "url2": "mcs-ainoie.com" }, "geometry": { "type": "Point", "coordinates": [ 139.4751137, 35.9355456 ] } },
{ "type": "Feature", "properties": { "内容": "ふれあい多居夢川越【認知症対応型共同生活介護】埼玉県川越市宮元町4-10", "url": "https://www.kaigokensaku.mhlw.go.jp/11/index.php?action_kouhyou_detail_004_kani=true&JigyosyoCd=1190400331-00&ServiceCd=320&Type=search", "url2": "https://fureai-hiroba.co.jp/" }, "geometry": { "type": "Point", "coordinates": [ 139.484640099999979, 35.930783100000021 ] } },
{ "type": "Feature", "properties": { "内容": "愛の家グループホーム川越小ケ谷【認知症対応型共同生活介護】埼玉県川越市小ケ谷379-4", "url": "https://www.kaigokensaku.mhlw.go.jp/11/index.php?action_kouhyou_detail_004_kani=true&JigyosyoCd=1190400448-00&ServiceCd=320&Type=search", "url2": "https://mcs-ainoie.com/gh235.html?_ga=2.222858899.96809261.1571456852-505928645.1479974967" }, "geometry": { "type": "Point", "coordinates": [ 139.455755397909428, 35.919476596098534 ] } },
{ "type": "Feature", "properties": { "内容": "グループホームみずほ【認知症対応型共同生活介護】埼玉県川越市中台元町1-16-11グループホームみずほ", "url": "https://www.kaigokensaku.mhlw.go.jp/11/index.php?action_kouhyou_detail_004_kani=true&JigyosyoCd=1190400216-00&ServiceCd=320&Type=search", "url2": "https://mizuhokai.or.jp/gh-mizuho/index.html" }, "geometry": { "type": "Point", "coordinates": [ 139.481567309600791, 35.891237386024414 ] } },
{ "type": "Feature", "properties": { "内容": "グループホーム福音の園・川越第二【認知症対応型共同生活介護】埼玉県川越市萱沼２６９２番地１", "url": "https://www.kaigokensaku.mhlw.go.jp/11/index.php?action_kouhyou_detail_004_kani=true&JigyosyoCd=1190400463-00&ServiceCd=320&Type=search", "url2": "https://www.gospelgarden-fukuinnnosono.com/" }, "geometry": { "type": "Point", "coordinates": [ 139.549499, 35.89003 ] } },
{ "type": "Feature", "properties": { "内容": "愛の家グル-プホーム川越今福【認知症対応型共同生活介護】埼玉県川越市今福729番地10", "url": "https://www.kaigokensaku.mhlw.go.jp/11/index.php?action_kouhyou_detail_004_kani=true&JigyosyoCd=1190400109-00&ServiceCd=320&Type=search", "url2": "https://mcs-ainoie.com/search/saitama/kawagoeshi/gh095/" }, "geometry": { "type": "Point", "coordinates": [ 139.468060199999968, 35.8827419 ] } },
{ "type": "Feature", "properties": { "内容": "愛の家グループホーム川越大塚新町【認知症対応型共同生活介護】川越市大塚新町15-1", "url": "https://www.kaigokensaku.mhlw.go.jp/11/index.php?action_kouhyou_detail_004_kani=true&JigyosyoCd=1190400166-00&ServiceCd=320&Type=search", "url2": "http://www.mcsg.co.jp/" }, "geometry": { "type": "Point", "coordinates": [ 139.466729, 35.8979929 ] } },
{ "type": "Feature", "properties": { "内容": "愛の家グループホーム川越的場【認知症対応型共同生活介護】的場新町19-5", "url": "https://www.kaigokensaku.mhlw.go.jp/11/index.php?action_kouhyou_detail_004_kani=true&JigyosyoCd=1170401150-00&ServiceCd=320&Type=search", "url2": "https://www.mcsg.co.jp" }, "geometry": { "type": "Point", "coordinates": [ 139.428208535582002, 35.918456614550394 ] } },
{ "type": "Feature", "properties": { "内容": "グループホームつどい「南大塚家」【認知症対応型共同生活介護】埼玉県川越市南大塚3-17-18", "url": "https://www.kaigokensaku.mhlw.go.jp/11/index.php?action_kouhyou_detail_004_kani=true&JigyosyoCd=1190400521-00&ServiceCd=320&Type=search", "url2": null }, "geometry": { "type": "Point", "coordinates": [ 139.46123369999998, 35.8886972 ] } },
{ "type": "Feature", "properties": { "内容": "グループホーム　みなみかぜ【認知症対応型共同生活介護】埼玉県川越市大字吉田２０３番地３", "url": "https://www.kaigokensaku.mhlw.go.jp/11/index.php?action_kouhyou_detail_004_kani=true&JigyosyoCd=1170401044-00&ServiceCd=320&Type=search", "url2": "http://minamikaze.or.jp/" }, "geometry": { "type": "Point", "coordinates": [ 139.426402100000018, 35.9289754 ] } },
{ "type": "Feature", "properties": { "内容": "ミモザ川越清水（グループホーム）【認知症対応型共同生活介護】埼玉県川越市清水町9-7ミモザ川越清水", "url": "https://www.kaigokensaku.mhlw.go.jp/11/index.php?action_kouhyou_detail_004_kani=true&JigyosyoCd=1190400349-00&ServiceCd=320&Type=search", "url2": "https://www.mimoza-care.jp/base/kawagoe-shimizu.html" }, "geometry": { "type": "Point", "coordinates": [ 139.505054799999982, 35.877790600000012 ] } },
{ "type": "Feature", "properties": { "内容": "グループホーム園【認知症対応型共同生活介護】安比奈新田293-3", "url": "https://www.kaigokensaku.mhlw.go.jp/11/index.php?action_kouhyou_detail_004_kani=true&JigyosyoCd=1190400737-00&ServiceCd=320&Type=search", "url2": "http://www.shinjukai.or.jp" }, "geometry": { "type": "Point", "coordinates": [ 139.417966882109056, 35.900168858326175 ] } },
{ "type": "Feature", "properties": { "内容": "真正会グループホーム　アダーズあいな【認知症対応型共同生活介護】川越市安比奈新田２７８－２", "url": "https://www.kaigokensaku.mhlw.go.jp/11/index.php?action_kouhyou_detail_004_kani=true&JigyosyoCd=1190400125-00&ServiceCd=320&Type=search", "url2": "http://www.shinjukai.or.jp/" }, "geometry": { "type": "Point", "coordinates": [ 139.4184272, 35.9021494 ] } },
{ "type": "Feature", "properties": { "内容": "仙波グループホームそよ風【認知症対応型共同生活介護】埼玉県川越市仙波町4-29-5仙波グループホームそよ風", "url": "https://www.kaigokensaku.mhlw.go.jp/11/index.php?action_kouhyou_detail_004_kani=true&JigyosyoCd=1190400315-00&ServiceCd=320&Type=search", "url2": "http://www.sykz.co.jp" }, "geometry": { "type": "Point", "coordinates": [ 139.495657637096002, 35.909500786187301 ] } },
{ "type": "Feature", "properties": { "内容": "グループホームふる郷川越【認知症対応型共同生活介護】埼玉県川越市上老袋７９－１", "url": "https://www.kaigokensaku.mhlw.go.jp/11/index.php?action_kouhyou_detail_004_kani=true&JigyosyoCd=1190400422-00&ServiceCd=320&Type=search", "url2": "www.ichishin-care.co.jp" }, "geometry": { "type": "Point", "coordinates": [ 139.52521969999998, 35.945871 ] } },
{ "type": "Feature", "properties": { "内容": "グループホームみんなの家・川越たかしな【認知症対応型共同生活介護】砂新田3-6-1", "url": "https://www.kaigokensaku.mhlw.go.jp/11/index.php?action_kouhyou_detail_004_kani=true&JigyosyoCd=1190400364-00&ServiceCd=320&Type=search", "url2": null }, "geometry": { "type": "Point", "coordinates": [ 139.487984, 35.889165 ] } },
{ "type": "Feature", "properties": { "内容": "グループホーム　ふるさとの家・川越【認知症対応型共同生活介護】埼玉県川越市古谷上2706番地1", "url": "https://www.kaigokensaku.mhlw.go.jp/11/index.php?action_kouhyou_detail_004_kani=true&JigyosyoCd=1190400398-00&ServiceCd=320&Type=search", "url2": null }, "geometry": { "type": "Point", "coordinates": [ 139.525416072297276, 35.920385308602604 ] } },
{ "type": "Feature", "properties": { "内容": "グループホームソラスト川越【認知症対応型共同生活介護】埼玉県川越市鯨井1136-1", "url": "https://www.kaigokensaku.mhlw.go.jp/11/index.php?action_kouhyou_detail_004_kani=true&JigyosyoCd=1190400356-00&ServiceCd=320&Type=search", "url2": "https://solasto-kaigo.com/service/grouphome/kawagoe" }, "geometry": { "type": "Point", "coordinates": [ 139.447514, 35.9355623 ] } },
{ "type": "Feature", "properties": { "内容": "グループホームあいりす【認知症対応型共同生活介護】石原町2-25-2", "url": "https://www.kaigokensaku.mhlw.go.jp/11/index.php?action_kouhyou_detail_004_kani=true&JigyosyoCd=1190400760-00&ServiceCd=320&Type=search", "url2": null }, "geometry": { "type": "Point", "coordinates": [ 139.47217040000001, 35.9287886 ] } },
{ "type": "Feature", "properties": { "内容": "グループホームみんなの家・川越寺尾【認知症対応型共同生活介護】埼玉県川越市寺尾888-14", "url": "https://www.kaigokensaku.mhlw.go.jp/11/index.php?action_kouhyou_detail_004_kani=true&JigyosyoCd=1190400158-00&ServiceCd=320&Type=search", "url2": null }, "geometry": { "type": "Point", "coordinates": [ 139.5071484, 35.8811794 ] } },
{ "type": "Feature", "properties": { "内容": "ミモザ川越石原【認知症対応型共同生活介護】埼玉県川越市石原町2-30-1", "url": "https://www.kaigokensaku.mhlw.go.jp/11/index.php?action_kouhyou_detail_004_kani=true&JigyosyoCd=1190400794-00&ServiceCd=320&Type=search", "url2": "https://mimoza-care.com/" }, "geometry": { "type": "Point", "coordinates": [ 139.471763928836026, 35.926752360683942 ] } },
{ "type": "Feature", "properties": { "内容": "グループホーム　福音の園・川越【認知症対応型共同生活介護】埼玉県川越市木野目１８７８番地１", "url": "https://www.kaigokensaku.mhlw.go.jp/11/index.php?action_kouhyou_detail_004_kani=true&JigyosyoCd=1170401382-00&ServiceCd=320&Type=search", "url2": "http://www.gospelgarden―fukuinnnosono.jp" }, "geometry": { "type": "Point", "coordinates": [ 139.5158219, 35.8926672 ] } },
{ "type": "Feature", "properties": { "内容": "愛の家グループホーム熊谷石原【認知症対応型共同生活介護】埼玉県熊谷市石原1696-6", "url": "https://www.kaigokensaku.mhlw.go.jp/11/index.php?action_kouhyou_detail_004_kani=true&JigyosyoCd=1193100276-00&ServiceCd=320&Type=search", "url2": "http://mcs-ainoie.com/gh253.html" }, "geometry": { "type": "Point", "coordinates": [ 139.370954774205075, 36.147849280836574 ] } },
{ "type": "Feature", "properties": { "内容": "グループホーム　白虎ほーむ【認知症対応型共同生活介護】熊谷市新堀８－７", "url": "https://www.kaigokensaku.mhlw.go.jp/11/index.php?action_kouhyou_detail_004_kani=true&JigyosyoCd=1173100718-00&ServiceCd=320&Type=search", "url2": "https://byakkohome.co.jp/" }, "geometry": { "type": "Point", "coordinates": [ 139.341240400000061, 36.1757084 ] } },
{ "type": "Feature", "properties": { "内容": "愛の家グループホーム熊谷広瀬【認知症対応型共同生活介護】広瀬800-18", "url": "https://www.kaigokensaku.mhlw.go.jp/11/index.php?action_kouhyou_detail_004_kani=true&JigyosyoCd=1193100334-00&ServiceCd=320&Type=search", "url2": "https://mcs-ainoie.com/search/saitama/kumagayashi/gh303" }, "geometry": { "type": "Point", "coordinates": [ 139.353893199999987, 36.1486018 ] } },
{ "type": "Feature", "properties": { "内容": "グループホーム　あすか村【認知症対応型共同生活介護】埼玉県熊谷市善ヶ島５６８－３", "url": "https://www.kaigokensaku.mhlw.go.jp/11/index.php?action_kouhyou_detail_004_kani=true&JigyosyoCd=1174501138-00&ServiceCd=320&Type=search", "url2": null }, "geometry": { "type": "Point", "coordinates": [ 139.403255400000035, 36.2157776 ] } },
{ "type": "Feature", "properties": { "内容": "グループホームつどい「西村家」【認知症対応型共同生活介護】埼玉県熊谷市拾六間726-10", "url": "https://www.kaigokensaku.mhlw.go.jp/11/index.php?action_kouhyou_detail_004_kani=true&JigyosyoCd=1173100940-00&ServiceCd=320&Type=search", "url2": null }, "geometry": { "type": "Point", "coordinates": [ 139.3187226, 36.1707999 ] } },
{ "type": "Feature", "properties": { "内容": "熊谷ケアセンターそよ風【認知症対応型共同生活介護】埼玉県熊谷市中央5-5-16", "url": "https://www.kaigokensaku.mhlw.go.jp/11/index.php?action_kouhyou_detail_004_kani=true&JigyosyoCd=1173100429-00&ServiceCd=320&Type=search", "url2": "http://www.sykz.co.jp/" }, "geometry": { "type": "Point", "coordinates": [ 139.392957300000035, 36.1581894 ] } },
{ "type": "Feature", "properties": { "内容": "グループホーム　ほたるの里【認知症対応型共同生活介護】熊谷市八木田４９７－１", "url": "https://www.kaigokensaku.mhlw.go.jp/11/index.php?action_kouhyou_detail_004_kani=true&JigyosyoCd=1173101245-00&ServiceCd=320&Type=search", "url2": "http://magokoro1.web.fc2.com/" }, "geometry": { "type": "Point", "coordinates": [ 139.3690755, 36.2184848 ] } },
{ "type": "Feature", "properties": { "内容": "老人グループホーム　五合苑【認知症対応型共同生活介護】埼玉県熊谷市日向９２１－２", "url": "https://www.kaigokensaku.mhlw.go.jp/11/index.php?action_kouhyou_detail_004_kani=true&JigyosyoCd=1174501104-00&ServiceCd=320&Type=search", "url2": "http://www.emile-group.com/" }, "geometry": { "type": "Point", "coordinates": [ 139.410583299999985, 36.197341100000031 ] } },
{ "type": "Feature", "properties": { "内容": "おおぬま愛の家【認知症対応型共同生活介護】小江川2183", "url": "https://www.kaigokensaku.mhlw.go.jp/11/index.php?action_kouhyou_detail_004_kani=true&JigyosyoCd=1193100235-00&ServiceCd=320&Type=search", "url2": null }, "geometry": { "type": "Point", "coordinates": [ 139.333879900000056, 36.1089837 ] } },
{ "type": "Feature", "properties": { "内容": "グループホームココロンの森【認知症対応型共同生活介護】埼玉県熊谷市柿沼898-1", "url": "https://www.kaigokensaku.mhlw.go.jp/11/index.php?action_kouhyou_detail_004_kani=true&JigyosyoCd=1193100367-00&ServiceCd=320&Type=search", "url2": "https://www.mcp-saitama.or.jp/" }, "geometry": { "type": "Point", "coordinates": [ 139.38140020000003, 36.163523800000043 ] } },
{ "type": "Feature", "properties": { "内容": "ベストケアジャパン有限会社　グループホームくまがや倶楽部【認知症対応型共同生活介護】熊谷市上之3156", "url": "https://www.kaigokensaku.mhlw.go.jp/11/index.php?action_kouhyou_detail_004_kani=true&JigyosyoCd=1173101294-00&ServiceCd=320&Type=search", "url2": "http://bestcaregroup.jp/" }, "geometry": { "type": "Point", "coordinates": [ 139.412616399999933, 36.1489797 ] } },
{ "type": "Feature", "properties": { "内容": "グループホームいなすず【認知症対応型共同生活介護】埼玉県熊谷市道ヶ谷戸２３８", "url": "https://www.kaigokensaku.mhlw.go.jp/11/index.php?action_kouhyou_detail_004_kani=true&JigyosyoCd=1174501153-00&ServiceCd=320&Type=search", "url2": "http://inasuzu.com/" }, "geometry": { "type": "Point", "coordinates": [ 139.355443700000023, 36.2121185 ] } },
{ "type": "Feature", "properties": { "内容": "グループホーム里の家【認知症対応型共同生活介護】埼玉県熊谷市中恩田518番地", "url": "https://www.kaigokensaku.mhlw.go.jp/11/index.php?action_kouhyou_detail_004_kani=true&JigyosyoCd=1174500890-00&ServiceCd=320&Type=search", "url2": "https://www.satonoie.co.jp/" }, "geometry": { "type": "Point", "coordinates": [ 139.385644100000036, 36.1123358 ] } },
{ "type": "Feature", "properties": { "内容": "有限会社　ヘルパーステーション【認知症対応型共同生活介護】埼玉県熊谷市野原135-6", "url": "https://www.kaigokensaku.mhlw.go.jp/11/index.php?action_kouhyou_detail_004_kani=true&JigyosyoCd=1173100304-00&ServiceCd=320&Type=search", "url2": "https://www.animonomori.co.jp/" }, "geometry": { "type": "Point", "coordinates": [ 139.354873199999929, 36.1062947 ] } },
{ "type": "Feature", "properties": { "内容": "ニチイケアセンター戸塚安行【認知症対応型共同生活介護】川口市戸塚５－８－４８", "url": "https://www.kaigokensaku.mhlw.go.jp/11/index.php?action_kouhyou_detail_004_kani=true&JigyosyoCd=1190200327-00&ServiceCd=320&Type=search", "url2": "http://www.nichiigakkann.co.jp" }, "geometry": { "type": "Point", "coordinates": [ 139.748231199999964, 35.8641135 ] } },
{ "type": "Feature", "properties": { "内容": "グループホームせらび鳩ヶ谷【認知症対応型共同生活介護】埼玉県川口市桜町6-11-24", "url": "https://www.kaigokensaku.mhlw.go.jp/11/index.php?action_kouhyou_detail_004_kani=true&JigyosyoCd=1190201176-00&ServiceCd=320&Type=search", "url2": null }, "geometry": { "type": "Point", "coordinates": [ 139.742824, 35.8377925 ] } },
{ "type": "Feature", "properties": { "内容": "愛の家グループホーム川口戸塚【認知症対応型共同生活介護】戸塚5-16-3", "url": "https://www.kaigokensaku.mhlw.go.jp/11/index.php?action_kouhyou_detail_004_kani=true&JigyosyoCd=1190200582-00&ServiceCd=320&Type=search", "url2": "ｈｔｔｐ:/www.mcsg.co.jp" }, "geometry": { "type": "Point", "coordinates": [ 139.750253199999946, 35.8661494 ] } },
{ "type": "Feature", "properties": { "内容": "愛の家グループホーム川口東領家【認知症対応型共同生活介護】東領家1-10-17", "url": "https://www.kaigokensaku.mhlw.go.jp/11/index.php?action_kouhyou_detail_004_kani=true&JigyosyoCd=1190200467-00&ServiceCd=320&Type=search", "url2": "https://mcs-ainoie.com/search/saitama/kawaguchishi/gh138/" }, "geometry": { "type": "Point", "coordinates": [ 139.74804180000001, 35.797478 ] } },
{ "type": "Feature", "properties": { "内容": "愛の家グループホーム川口仲町【平成25年新規事業所】【認知症対応型共同生活介護】埼玉県川口市仲町13-13愛の家グループホーム川口仲町", "url": "https://www.kaigokensaku.mhlw.go.jp/11/index.php?action_kouhyou_detail_004_kani=true&JigyosyoCd=1190200517-00&ServiceCd=320&Type=search", "url2": "http://mcs-ainoie.com/ins191.html" }, "geometry": { "type": "Point", "coordinates": [ 139.707395303041039, 35.806832927918002 ] } },
{ "type": "Feature", "properties": { "内容": "ニチイケアセンター川口中青木【認知症対応型共同生活介護】埼玉県川口市中青木2-9-32", "url": "https://www.kaigokensaku.mhlw.go.jp/11/index.php?action_kouhyou_detail_004_kani=true&JigyosyoCd=1190200335-00&ServiceCd=320&Type=search", "url2": "http://www.nichiigakkan.co.jp" }, "geometry": { "type": "Point", "coordinates": [ 139.719110399999977, 35.8120065 ] } },
{ "type": "Feature", "properties": { "内容": "愛の家グループホーム川口東内野【認知症対応型共同生活介護】埼玉県川口市東内野２９３－１", "url": "https://www.kaigokensaku.mhlw.go.jp/11/index.php?action_kouhyou_detail_004_kani=true&JigyosyoCd=1170202988-00&ServiceCd=320&Type=search", "url2": "gh-048@mcsg.co.jp" }, "geometry": { "type": "Point", "coordinates": [ 139.722439, 35.8679011 ] } },
{ "type": "Feature", "properties": { "内容": "はなまるホーム川口芝【認知症対応型共同生活介護】埼玉県川口市芝２丁目-１５-３", "url": "https://www.kaigokensaku.mhlw.go.jp/11/index.php?action_kouhyou_detail_004_kani=true&JigyosyoCd=1190200541-00&ServiceCd=320&Type=search", "url2": "http://www.aiseifukushi.jp/" }, "geometry": { "type": "Point", "coordinates": [ 139.698638678526294, 35.831846707502663 ] } },
{ "type": "Feature", "properties": { "内容": "グループホームあすか東川口【認知症対応型共同生活介護】埼玉県川口市戸塚1-13-15", "url": "https://www.kaigokensaku.mhlw.go.jp/11/index.php?action_kouhyou_detail_004_kani=true&JigyosyoCd=1170202400-00&ServiceCd=320&Type=search", "url2": "http://www.gh-asuka.jp/" }, "geometry": { "type": "Point", "coordinates": [ 139.742106, 35.8736575 ] } },
{ "type": "Feature", "properties": { "内容": "グループホーム神根苑【認知症対応型共同生活介護】埼玉県川口市安行領根岸1260", "url": "https://www.kaigokensaku.mhlw.go.jp/11/index.php?action_kouhyou_detail_004_kani=true&JigyosyoCd=1170202657-00&ServiceCd=320&Type=search", "url2": "http://kaigo.vis.ne.jp/" }, "geometry": { "type": "Point", "coordinates": [ 139.715026399999942, 35.8467231 ] } },
{ "type": "Feature", "properties": { "内容": "グループホームみんなの家・鳩ケ谷【認知症対応型共同生活介護】埼玉県川口市里396-1", "url": "https://www.kaigokensaku.mhlw.go.jp/11/index.php?action_kouhyou_detail_004_kani=true&JigyosyoCd=1192000089-00&ServiceCd=320&Type=search", "url2": null }, "geometry": { "type": "Point", "coordinates": [ 139.728256099999953, 35.8359857 ] } },
{ "type": "Feature", "properties": { "内容": "ふれあい多居夢川口峯【認知症対応型共同生活介護】埼玉県川口市峯57-7", "url": "https://www.kaigokensaku.mhlw.go.jp/11/index.php?action_kouhyou_detail_004_kani=true&JigyosyoCd=1190200673-00&ServiceCd=320&Type=search", "url2": "https://fureai-hiroba.co.jp/" }, "geometry": { "type": "Point", "coordinates": [ 139.76869, 35.83232 ] } },
{ "type": "Feature", "properties": { "内容": "つばさホーム【認知症対応型共同生活介護】埼玉県川口市柳崎１－２９－１０", "url": "https://www.kaigokensaku.mhlw.go.jp/11/index.php?action_kouhyou_detail_004_kani=true&JigyosyoCd=1170202632-00&ServiceCd=320&Type=search", "url2": null }, "geometry": { "type": "Point", "coordinates": [ 139.70012470000006, 35.8541083 ] } },
{ "type": "Feature", "properties": { "内容": "グループホーム　みんなの家・川口【認知症対応型共同生活介護】埼玉県川口市安行領根岸861-2", "url": "https://www.kaigokensaku.mhlw.go.jp/11/index.php?action_kouhyou_detail_004_kani=true&JigyosyoCd=1170202780-00&ServiceCd=320&Type=search", "url2": null }, "geometry": { "type": "Point", "coordinates": [ 139.710176700000034, 35.8522697 ] } },
{ "type": "Feature", "properties": { "内容": "グループホーム　はとがやの杜【認知症対応型共同生活介護】埼玉県川口市桜町５－５－２８-", "url": "https://www.kaigokensaku.mhlw.go.jp/11/index.php?action_kouhyou_detail_004_kani=true&JigyosyoCd=1190200475-00&ServiceCd=320&Type=search", "url2": null }, "geometry": { "type": "Point", "coordinates": [ 139.742077, 35.838633 ] } },
{ "type": "Feature", "properties": { "内容": "博寿会　ゆとりの郷【認知症対応型共同生活介護】埼玉県川口市桜町6丁目12番55号", "url": "https://www.kaigokensaku.mhlw.go.jp/11/index.php?action_kouhyou_detail_004_kani=true&JigyosyoCd=1172000364-00&ServiceCd=320&Type=search", "url2": "https://hato-hsp.jp/yutorinosato/" }, "geometry": { "type": "Point", "coordinates": [ 139.7433019, 35.8379109 ] } },
{ "type": "Feature", "properties": { "内容": "ハイムガーデン東川口【認知症対応型共同生活介護】埼玉県川口市戸塚南2-8-9", "url": "https://www.kaigokensaku.mhlw.go.jp/11/index.php?action_kouhyou_detail_004_kani=true&JigyosyoCd=1190200962-00&ServiceCd=320&Type=search", "url2": "https://www.healthy-service.co.jp" }, "geometry": { "type": "Point", "coordinates": [ 139.7517871, 35.8633698 ] } },
{ "type": "Feature", "properties": { "内容": "グループホームブランシェ【認知症対応型共同生活介護】埼玉県川口市北原台１丁目6番1号", "url": "https://www.kaigokensaku.mhlw.go.jp/11/index.php?action_kouhyou_detail_004_kani=true&JigyosyoCd=1190201234-00&ServiceCd=320&Type=search", "url2": "https://www.wellhouse1600.jp/" }, "geometry": { "type": "Point", "coordinates": [ 139.741798100000011, 35.8709415 ] } },
{ "type": "Feature", "properties": { "内容": "トゥルーケアＧＨさくら草【認知症対応型共同生活介護】川口市青木４－４－２５", "url": "https://www.kaigokensaku.mhlw.go.jp/11/index.php?action_kouhyou_detail_004_kani=true&JigyosyoCd=1190200392-00&ServiceCd=320&Type=search", "url2": "http://www.truecare.jp" }, "geometry": { "type": "Point", "coordinates": [ 139.721821200000022, 35.8152393 ] } },
{ "type": "Feature", "properties": { "内容": "トゥルーケアGHひなげし【認知症対応型共同生活介護】埼玉県川口市東川口1-5-44", "url": "https://www.kaigokensaku.mhlw.go.jp/11/index.php?action_kouhyou_detail_004_kani=true&JigyosyoCd=1190200418-00&ServiceCd=320&Type=search", "url2": "http://truecare.jp/" }, "geometry": { "type": "Point", "coordinates": [ 139.7416102, 35.87839 ] } },
{ "type": "Feature", "properties": { "内容": "トゥルーケアＧＨたんぽぽ【認知症対応型共同生活介護】川口市北原台１－１－３", "url": "https://www.kaigokensaku.mhlw.go.jp/11/index.php?action_kouhyou_detail_004_kani=true&JigyosyoCd=1190200368-00&ServiceCd=320&Type=search", "url2": "http://www.truecare.jp" }, "geometry": { "type": "Point", "coordinates": [ 139.741906500000027, 35.8717318 ] } },
{ "type": "Feature", "properties": { "内容": "トゥルーケアGHさつき【認知症対応型共同生活介護】川口市東内野３３４－１", "url": "https://www.kaigokensaku.mhlw.go.jp/11/index.php?action_kouhyou_detail_004_kani=true&JigyosyoCd=1190200400-00&ServiceCd=320&Type=search", "url2": "http://www.truecare.jp" }, "geometry": { "type": "Point", "coordinates": [ 139.722836199999961, 35.8671262 ] } },
{ "type": "Feature", "properties": { "内容": "トゥルーケアGHゆり【認知症対応型共同生活介護】川口市大字石神326-20トゥルーケアGHゆり", "url": "https://www.kaigokensaku.mhlw.go.jp/11/index.php?action_kouhyou_detail_004_kani=true&JigyosyoCd=1190200426-00&ServiceCd=320&Type=search", "url2": "http://www.truecare.jp" }, "geometry": { "type": "Point", "coordinates": [ 139.731041297483813, 35.859560166882886 ] } },
{ "type": "Feature", "properties": { "内容": "トゥルーケアGHかすみ草【認知症対応型共同生活介護】川口市赤山３２０－６", "url": "https://www.kaigokensaku.mhlw.go.jp/11/index.php?action_kouhyou_detail_004_kani=true&JigyosyoCd=1190200384-00&ServiceCd=320&Type=search", "url2": "http://www.truecare.jp" }, "geometry": { "type": "Point", "coordinates": [ 139.746551400000044, 35.8456129 ] } },
{ "type": "Feature", "properties": { "内容": "トゥルーケアＧＨなのはな【認知症対応型共同生活介護】川口市安行吉蔵271-1グループホームなのはな", "url": "https://www.kaigokensaku.mhlw.go.jp/11/index.php?action_kouhyou_detail_004_kani=true&JigyosyoCd=1190200376-00&ServiceCd=320&Type=search", "url2": "http://www.truecare.jp" }, "geometry": { "type": "Point", "coordinates": [ 139.768399300000027, 35.8495301 ] } },
{ "type": "Feature", "properties": { "内容": "トゥルーケアGHチューリップ【認知症対応型共同生活介護】川口市峯1371－1", "url": "https://www.kaigokensaku.mhlw.go.jp/11/index.php?action_kouhyou_detail_004_kani=true&JigyosyoCd=1190200350-00&ServiceCd=320&Type=search", "url2": "http://www.truecare.jp" }, "geometry": { "type": "Point", "coordinates": [ 139.772743799999944, 35.8349822 ] } },
{ "type": "Feature", "properties": { "内容": "ヒューマンライフケア　川口新郷グループホーム【認知症対応型共同生活介護】東本郷1427-1", "url": "https://www.kaigokensaku.mhlw.go.jp/11/index.php?action_kouhyou_detail_004_kani=true&JigyosyoCd=1190201085-00&ServiceCd=320&Type=search", "url2": "https://kaigo.human-lifecare.jp/facilities/gh032_KawaguchiShingouGH/summary.html" }, "geometry": { "type": "Point", "coordinates": [ 139.7610956, 35.8267479 ] } },
{ "type": "Feature", "properties": { "内容": "はなまるホーム川口芝西【認知症対応型共同生活介護】埼玉県川口市大字芝5049-1", "url": "https://www.kaigokensaku.mhlw.go.jp/11/index.php?action_kouhyou_detail_004_kani=true&JigyosyoCd=1190200798-00&ServiceCd=320&Type=search", "url2": "https://www.aiseifukushi.jp/grouphome-kawaguchishibanishi/" }, "geometry": { "type": "Point", "coordinates": [ 139.703352799999948, 35.8341414 ] } },
{ "type": "Feature", "properties": { "内容": "ヒューマンライフケア川口グループホーム【認知症対応型共同生活介護】埼玉県川口市朝日6-12-6", "url": "https://www.kaigokensaku.mhlw.go.jp/11/index.php?action_kouhyou_detail_004_kani=true&JigyosyoCd=1190200855-00&ServiceCd=320&Type=search", "url2": "https://kaigo.human-lifecare.jp/facilities/gh026_kawaguchiGH/summary.html" }, "geometry": { "type": "Point", "coordinates": [ 139.746507357672158, 35.807366084700746 ] } },
{ "type": "Feature", "properties": { "内容": "社会医療法人壮幸会　介護保険施設心春（こはる）【認知症対応型共同生活介護】行田市持田2426", "url": "https://www.kaigokensaku.mhlw.go.jp/11/index.php?action_kouhyou_detail_004_kani=true&JigyosyoCd=1193700034-00&ServiceCd=320&Type=search", "url2": "https://www.facebook.com/koharu1800/" }, "geometry": { "type": "Point", "coordinates": [ 139.434579, 36.1307796 ] } },
{ "type": "Feature", "properties": { "内容": "行田ケアセンターそよ風【認知症対応型共同生活介護】埼玉県行田市天満８－２９", "url": "https://www.kaigokensaku.mhlw.go.jp/11/index.php?action_kouhyou_detail_004_kani=true&JigyosyoCd=1173700236-00&ServiceCd=320&Type=search", "url2": "gyouda@unimat-rc.co.jp" }, "geometry": { "type": "Point", "coordinates": [ 139.458403699999963, 36.1359463 ] } },
{ "type": "Feature", "properties": { "内容": "緑風苑グループホーム百花【認知症対応型共同生活介護】埼玉県行田市向町18-27", "url": "https://www.kaigokensaku.mhlw.go.jp/11/index.php?action_kouhyou_detail_004_kani=true&JigyosyoCd=1193700042-00&ServiceCd=320&Type=search", "url2": "http://www.seikoukai.com" }, "geometry": { "type": "Point", "coordinates": [ 139.4655447, 36.1369438 ] } },
{ "type": "Feature", "properties": { "内容": "グループホーム　ひなた【認知症対応型共同生活介護】埼玉県秩父市吉田久長１９３", "url": "https://www.kaigokensaku.mhlw.go.jp/11/index.php?action_kouhyou_detail_004_kani=true&JigyosyoCd=1174800449-00&ServiceCd=320&Type=search", "url2": "http://www.shirasuna-keijien.or.jp/" }, "geometry": { "type": "Point", "coordinates": [ 139.046033500000021, 36.0498475 ] } },
{ "type": "Feature", "properties": { "内容": "グループホーム楓【認知症対応型共同生活介護】埼玉県秩父市荒川上田野７７１番地", "url": "https://www.kaigokensaku.mhlw.go.jp/11/index.php?action_kouhyou_detail_004_kani=true&JigyosyoCd=1194900096-00&ServiceCd=320&Type=search", "url2": "http://www.chichibu-seihoukai.net/" }, "geometry": { "type": "Point", "coordinates": [ 139.042430100000047, 35.9593585 ] } },
{ "type": "Feature", "properties": { "内容": "(有)グループホーム上野　陽だまりの家【認知症対応型共同生活介護】埼玉県秩父市大宮　5533-1", "url": "https://www.kaigokensaku.mhlw.go.jp/11/index.php?action_kouhyou_detail_004_kani=true&JigyosyoCd=1194900054-00&ServiceCd=320&Type=search", "url2": "http://www.chichibu.ne.jp/~hidamari" }, "geometry": { "type": "Point", "coordinates": [ 139.095201300000014, 36.008923 ] } },
{ "type": "Feature", "properties": { "内容": "ひまわりの家【認知症対応型共同生活介護】秩父市山田２６９９", "url": "https://www.kaigokensaku.mhlw.go.jp/11/index.php?action_kouhyou_detail_004_kani=true&JigyosyoCd=1174900553-00&ServiceCd=320&Type=search", "url2": "http://www.himawarinoie.jp/" }, "geometry": { "type": "Point", "coordinates": [ 139.11134340000001, 36.0145862 ] } },
{ "type": "Feature", "properties": { "内容": "グループホームあおば【認知症対応型共同生活介護】埼玉県秩父市小柱１９６", "url": "https://www.kaigokensaku.mhlw.go.jp/11/index.php?action_kouhyou_detail_004_kani=true&JigyosyoCd=1194900013-00&ServiceCd=320&Type=search", "url2": "http://www.aoba-home.com/" }, "geometry": { "type": "Point", "coordinates": [ 139.084261459524555, 36.063362434345535 ] } },
{ "type": "Feature", "properties": { "内容": "グループホームさんとめ【認知症対応型共同生活介護】埼玉県所沢市中富1622", "url": "https://www.kaigokensaku.mhlw.go.jp/11/index.php?action_kouhyou_detail_004_kani=true&JigyosyoCd=1192500351-00&ServiceCd=320&Type=search", "url2": "https://santome.mcp-saitamawest.jp/" }, "geometry": { "type": "Point", "coordinates": [ 139.4813752, 35.8129896 ] } },
{ "type": "Feature", "properties": { "内容": "康寿園グループホーム輝【認知症対応型共同生活介護】埼玉県所沢市東狭山ヶ丘６－２７９６－１康寿園グループホーム輝", "url": "https://www.kaigokensaku.mhlw.go.jp/11/index.php?action_kouhyou_detail_004_kani=true&JigyosyoCd=1172502211-00&ServiceCd=320&Type=search", "url2": "https://kuwanomi.jp/care/kagayaki/" }, "geometry": { "type": "Point", "coordinates": [ 139.4129294, 35.810792 ] } },
{ "type": "Feature", "properties": { "内容": "グループホーム上新井苑【認知症対応型共同生活介護】所沢市山口３３８－２", "url": "https://www.kaigokensaku.mhlw.go.jp/11/index.php?action_kouhyou_detail_004_kani=true&JigyosyoCd=1172500629-00&ServiceCd=320&Type=search", "url2": "http://www.wohlfahrt-saitama.com/" }, "geometry": { "type": "Point", "coordinates": [ 139.448217800000066, 35.7892087 ] } },
{ "type": "Feature", "properties": { "内容": "愛の家グループホーム所沢小手指【認知症対応型共同生活介護】埼玉県所沢市小手指元町三丁目6番地3", "url": "https://www.kaigokensaku.mhlw.go.jp/11/index.php?action_kouhyou_detail_004_kani=true&JigyosyoCd=1192500260-00&ServiceCd=320&Type=search", "url2": "http://www.mcsg.co.jp/" }, "geometry": { "type": "Point", "coordinates": [ 139.432055200000036, 35.7932802 ] } },
{ "type": "Feature", "properties": { "内容": "認知症対応型共同生活介護事業所　グループホームつどい【認知症対応型共同生活介護】埼玉県所沢市北野3-26-10", "url": "https://www.kaigokensaku.mhlw.go.jp/11/index.php?action_kouhyou_detail_004_kani=true&JigyosyoCd=1192500682-00&ServiceCd=320&Type=search", "url2": "https：//www.loyal-kutsurogi-nomori.jp" }, "geometry": { "type": "Point", "coordinates": [ 139.418324299999966, 35.7918073 ] } },
{ "type": "Feature", "properties": { "内容": "所沢グループホームそよ風【認知症対応型共同生活介護】埼玉県所沢市小手指南５－１６－３", "url": "https://www.kaigokensaku.mhlw.go.jp/11/index.php?action_kouhyou_detail_004_kani=true&JigyosyoCd=1192500211-00&ServiceCd=320&Type=search", "url2": "https://www.sykz.co.jp/" }, "geometry": { "type": "Point", "coordinates": [ 139.43149440000002, 35.7848229 ] } },
{ "type": "Feature", "properties": { "内容": "グループホーム暖家　所沢【認知症対応型共同生活介護】埼玉県所沢市若狭2-1677-7", "url": "https://www.kaigokensaku.mhlw.go.jp/11/index.php?action_kouhyou_detail_004_kani=true&JigyosyoCd=1192500161-00&ServiceCd=320&Type=search", "url2": "http//www.danke.medihome.co.jp/" }, "geometry": { "type": "Point", "coordinates": [ 139.422364199999947, 35.8016318 ] } },
{ "type": "Feature", "properties": { "内容": "あおぞら南永井【認知症対応型共同生活介護】南永井2-7グループホームあおぞら南永井", "url": "https://www.kaigokensaku.mhlw.go.jp/11/index.php?action_kouhyou_detail_004_kani=true&JigyosyoCd=1192500468-00&ServiceCd=320&Type=search", "url2": "https://artlife.bz/" }, "geometry": { "type": "Point", "coordinates": [ 139.49846070000001, 35.8091055 ] } },
{ "type": "Feature", "properties": { "内容": "ニチイケアセンター東狭山ヶ丘　ほほえみ【認知症対応型共同生活介護】埼玉県所沢市東狭山ヶ丘三丁目682-6", "url": "https://www.kaigokensaku.mhlw.go.jp/11/index.php?action_kouhyou_detail_004_kani=true&JigyosyoCd=1192500575-00&ServiceCd=320&Type=search", "url2": "https://www.nichii-kaigo.jp/base/base-result/05Q72/" }, "geometry": { "type": "Point", "coordinates": [ 139.422287417196628, 35.814968102659464 ] } },
{ "type": "Feature", "properties": { "内容": "あおぞら山口【認知症対応型共同生活介護】埼玉県所沢市山口2584", "url": "https://www.kaigokensaku.mhlw.go.jp/11/index.php?action_kouhyou_detail_004_kani=true&JigyosyoCd=1192500476-00&ServiceCd=320&Type=search", "url2": null }, "geometry": { "type": "Point", "coordinates": [ 139.435088400000012, 35.7740547 ] } },
{ "type": "Feature", "properties": { "内容": "グループホームひばりの空【認知症対応型共同生活介護】埼玉県所沢市三ケ島5-1445-7健康倶楽部むさし野の森", "url": "https://www.kaigokensaku.mhlw.go.jp/11/index.php?action_kouhyou_detail_004_kani=true&JigyosyoCd=1192500237-00&ServiceCd=320&Type=search", "url2": "http://www.naebafukushikai.com" }, "geometry": { "type": "Point", "coordinates": [ 139.40586129999997, 35.7946416 ] } },
{ "type": "Feature", "properties": { "内容": "グループホームつどい「東所沢家」【認知症対応型共同生活介護】埼玉県所沢市東所沢2-16-7", "url": "https://www.kaigokensaku.mhlw.go.jp/11/index.php?action_kouhyou_detail_004_kani=true&JigyosyoCd=1192500559-00&ServiceCd=320&Type=search", "url2": "http://www.mcp-net.jp" }, "geometry": { "type": "Point", "coordinates": [ 139.512450202516163, 35.801779920565671 ] } },
{ "type": "Feature", "properties": { "内容": "グループホーム所沢ほほえみ【認知症対応型共同生活介護】所沢市大字下新井下流１２４９－５", "url": "https://www.kaigokensaku.mhlw.go.jp/11/index.php?action_kouhyou_detail_004_kani=true&JigyosyoCd=1192500195-00&ServiceCd=320&Type=search", "url2": "http://www.anshin.or.jp" }, "geometry": { "type": "Point", "coordinates": [ 139.468610099999978, 35.7996715 ] } },
{ "type": "Feature", "properties": { "内容": "グループホーム　こころ【認知症対応型共同生活介護】所沢市小手指元町１－９－２小手指サポートハウス２４", "url": "https://www.kaigokensaku.mhlw.go.jp/11/index.php?action_kouhyou_detail_004_kani=true&JigyosyoCd=1192500112-00&ServiceCd=320&Type=search", "url2": "https://kuwanomikai.jp/" }, "geometry": { "type": "Point", "coordinates": [ 139.435438200000021, 35.7948661 ] } },
{ "type": "Feature", "properties": { "内容": "トゥルーケアGHえがお【認知症対応型共同生活介護】埼玉県所沢市山口522", "url": "https://www.kaigokensaku.mhlw.go.jp/11/index.php?action_kouhyou_detail_004_kani=true&JigyosyoCd=1192500187-00&ServiceCd=320&Type=search", "url2": "http://www.truecare.jp" }, "geometry": { "type": "Point", "coordinates": [ 139.448954, 35.784303799999989 ] } },
{ "type": "Feature", "properties": { "内容": "グループホームみんなの家・東所沢【認知症対応型共同生活介護】埼玉県所沢市東所沢3-36-18", "url": "https://www.kaigokensaku.mhlw.go.jp/11/index.php?action_kouhyou_detail_004_kani=true&JigyosyoCd=1172502260-00&ServiceCd=320&Type=search", "url2": "https://kaigo.alsok.co.jp/facility/search/detail/2" }, "geometry": { "type": "Point", "coordinates": [ 139.518454699999978, 35.8033167 ] } },
{ "type": "Feature", "properties": { "内容": "アンジューム所沢【認知症対応型共同生活介護】埼玉県所沢市こぶし町30－1", "url": "https://www.kaigokensaku.mhlw.go.jp/11/index.php?action_kouhyou_detail_004_kani=true&JigyosyoCd=1192500807-00&ServiceCd=320&Type=search", "url2": "http://www．naebafukushikai.com" }, "geometry": { "type": "Point", "coordinates": [ 139.4864909, 35.7990844 ] } },
{ "type": "Feature", "properties": { "内容": "あったかホーム飯能【認知症対応型共同生活介護】埼玉県飯能市大字双柳547-2", "url": "https://www.kaigokensaku.mhlw.go.jp/11/index.php?action_kouhyou_detail_004_kani=true&JigyosyoCd=1192600037-00&ServiceCd=320&Type=search", "url2": "http://inahonomichi.jp/" }, "geometry": { "type": "Point", "coordinates": [ 139.337249700000029, 35.8576531 ] } },
{ "type": "Feature", "properties": { "内容": "愛の家グループホーム飯能川寺【認知症対応型共同生活介護】埼玉県飯能市川寺12-1愛の家グループホーム飯能川寺", "url": "https://www.kaigokensaku.mhlw.go.jp/11/index.php?action_kouhyou_detail_004_kani=true&JigyosyoCd=1192600052-00&ServiceCd=320&Type=search", "url2": "http://www.mcsg.co.jp" }, "geometry": { "type": "Point", "coordinates": [ 139.31909500859831, 35.845029651582273 ] } },
{ "type": "Feature", "properties": { "内容": "グループホーム　こもれび　たんぽぽ【認知症対応型共同生活介護】埼玉県飯能市落合527-1", "url": "https://www.kaigokensaku.mhlw.go.jp/11/index.php?action_kouhyou_detail_004_kani=true&JigyosyoCd=1192600086-00&ServiceCd=320&Type=search", "url2": "http：//care-net.biz" }, "geometry": { "type": "Point", "coordinates": [ 139.3213697, 35.8336607 ] } },
{ "type": "Feature", "properties": { "内容": "グループホームメゾネットたんぽぽ【認知症対応型共同生活介護】埼玉県飯能市落合２９１－１", "url": "https://www.kaigokensaku.mhlw.go.jp/11/index.php?action_kouhyou_detail_004_kani=true&JigyosyoCd=1172600437-00&ServiceCd=320&Type=search", "url2": "http://care.net.biz/11/tanpopo" }, "geometry": { "type": "Point", "coordinates": [ 139.321693500000038, 35.8336278 ] } },
{ "type": "Feature", "properties": { "内容": "加須グループホームそよ風【認知症対応型共同生活介護】加須市平永９３９－４", "url": "https://www.kaigokensaku.mhlw.go.jp/11/index.php?action_kouhyou_detail_004_kani=true&JigyosyoCd=1173800432-00&ServiceCd=320&Type=search", "url2": "https://www.sykz.co.jp/shisetsu/62" }, "geometry": { "type": "Point", "coordinates": [ 139.55916030000003, 36.1231723 ] } },
{ "type": "Feature", "properties": { "内容": "グループホーム麦倉ひばりの里【認知症対応型共同生活介護】加須市麦倉２１１６－２", "url": "https://www.kaigokensaku.mhlw.go.jp/11/index.php?action_kouhyou_detail_004_kani=true&JigyosyoCd=1173600238-00&ServiceCd=320&Type=search", "url2": "http://hibarinosato.com/" }, "geometry": { "type": "Point", "coordinates": [ 139.643061399999965, 36.1845106 ] } },
{ "type": "Feature", "properties": { "内容": "グループホーム明日葉かぞ・ひだまり【認知症対応型共同生活介護】埼玉県加須市北小浜821-1", "url": "https://www.kaigokensaku.mhlw.go.jp/11/index.php?action_kouhyou_detail_004_kani=true&JigyosyoCd=1193800073-00&ServiceCd=320&Type=search", "url2": "http://www.ashitaba-cocokara.com" }, "geometry": { "type": "Point", "coordinates": [ 139.615402545310928, 36.131403922245433 ] } },
{ "type": "Feature", "properties": { "内容": "グループホームふれ愛の郷（菜の花）【認知症対応型共同生活介護】加須市新川通181－1", "url": "https://www.kaigokensaku.mhlw.go.jp/11/index.php?action_kouhyou_detail_004_kani=true&JigyosyoCd=1173600204-00&ServiceCd=320&Type=search", "url2": "https://keiaikai-j.jp" }, "geometry": { "type": "Point", "coordinates": [ 139.670029200000045, 36.1588807 ] } },
{ "type": "Feature", "properties": { "内容": "グループホーム藤の里大越【認知症対応型共同生活介護】加須市大越3386-1", "url": "https://www.kaigokensaku.mhlw.go.jp/11/index.php?action_kouhyou_detail_004_kani=true&JigyosyoCd=1193800065-00&ServiceCd=320&Type=search", "url2": "http://2943.jp" }, "geometry": { "type": "Point", "coordinates": [ 139.6274856072624, 36.168736795968975 ] } },
{ "type": "Feature", "properties": { "内容": "グループホーム加須ひばりの里【認知症対応型共同生活介護】加須市久下字高畑１６２５番地1", "url": "https://www.kaigokensaku.mhlw.go.jp/11/index.php?action_kouhyou_detail_004_kani=true&JigyosyoCd=1173800275-00&ServiceCd=320&Type=search", "url2": "http://www.hibarinosato.com/" }, "geometry": { "type": "Point", "coordinates": [ 139.60849630000007, 36.116306099999989 ] } },
{ "type": "Feature", "properties": { "内容": "グループホーム明日葉かぞ・こもれび【認知症対応型共同生活介護】埼玉県加須市北小浜821-3", "url": "https://www.kaigokensaku.mhlw.go.jp/11/index.php?action_kouhyou_detail_004_kani=true&JigyosyoCd=1193800131-00&ServiceCd=320&Type=search", "url2": null }, "geometry": { "type": "Point", "coordinates": [ 139.614769101049802, 36.131621012883585 ] } },
{ "type": "Feature", "properties": { "内容": "グループホーム藤の里【認知症対応型共同生活介護】埼玉県加須市鴻茎2168-2グループホーム藤の里", "url": "https://www.kaigokensaku.mhlw.go.jp/11/index.php?action_kouhyou_detail_004_kani=true&JigyosyoCd=1173600261-00&ServiceCd=320&Type=search", "url2": "http://www.2943.jp" }, "geometry": { "type": "Point", "coordinates": [ 139.5851695, 36.0972308 ] } },
{ "type": "Feature", "properties": { "内容": "グループホーム　リアン【認知症対応型共同生活介護】埼玉県本庄市小島1丁目1番地34グループホーム　リアン", "url": "https://www.kaigokensaku.mhlw.go.jp/11/index.php?action_kouhyou_detail_004_kani=true&JigyosyoCd=1194300271-00&ServiceCd=320&Type=search", "url2": null }, "geometry": { "type": "Point", "coordinates": [ 139.176097700000014, 36.2442478 ] } },
{ "type": "Feature", "properties": { "内容": "グループホーム　やまぶき【認知症対応型共同生活介護】本庄市朝日町1丁目14番3号", "url": "https://www.kaigokensaku.mhlw.go.jp/11/index.php?action_kouhyou_detail_004_kani=true&JigyosyoCd=1174300507-00&ServiceCd=320&Type=search", "url2": "http://www.caresup.co.jp/" }, "geometry": { "type": "Point", "coordinates": [ 139.193720699999972, 36.2319131 ] } },
{ "type": "Feature", "properties": { "内容": "トマト村【認知症対応型共同生活介護】埼玉県本庄市西五十子370－1", "url": "https://www.kaigokensaku.mhlw.go.jp/11/index.php?action_kouhyou_detail_004_kani=true&JigyosyoCd=1174300028-00&ServiceCd=320&Type=search", "url2": "yuwa.or.jp" }, "geometry": { "type": "Point", "coordinates": [ 139.205885159013405, 36.225473120022123 ] } },
{ "type": "Feature", "properties": { "内容": "グループホーム五感の里　本庄早稲田【認知症対応型共同生活介護】埼玉県本庄市北堀1866-3", "url": "https://www.kaigokensaku.mhlw.go.jp/11/index.php?action_kouhyou_detail_004_kani=true&JigyosyoCd=1194300248-00&ServiceCd=320&Type=search", "url2": "https://ygood.jp" }, "geometry": { "type": "Point", "coordinates": [ 139.1891252, 36.2174812 ] } },
{ "type": "Feature", "properties": { "内容": "グループホーム　まごころ【認知症対応型共同生活介護】埼玉県本庄市西富田６５３番地１", "url": "https://www.kaigokensaku.mhlw.go.jp/11/index.php?action_kouhyou_detail_004_kani=true&JigyosyoCd=1174300481-00&ServiceCd=320&Type=search", "url2": "http://magokoro1.web.fc2.com/" }, "geometry": { "type": "Point", "coordinates": [ 139.166187832540913, 36.227950690696446 ] } },
{ "type": "Feature", "properties": { "内容": "グループホームゆうあい本庄【認知症対応型共同生活介護】本庄市見福３－８－９", "url": "https://www.kaigokensaku.mhlw.go.jp/11/index.php?action_kouhyou_detail_004_kani=true&JigyosyoCd=1174300416-00&ServiceCd=320&Type=search", "url2": null }, "geometry": { "type": "Point", "coordinates": [ 139.179730799999987, 36.2289294 ] } },
{ "type": "Feature", "properties": { "内容": "グループホーム紙ふうせん【認知症対応型共同生活介護】埼玉県本庄市今井１３２５番地１", "url": "https://www.kaigokensaku.mhlw.go.jp/11/index.php?action_kouhyou_detail_004_kani=true&JigyosyoCd=1194300016-00&ServiceCd=320&Type=search", "url2": "http://kamihuusenn.com" }, "geometry": { "type": "Point", "coordinates": [ 139.148492900000065, 36.2223375 ] } },
{ "type": "Feature", "properties": { "内容": "グループホーム四季の丘【認知症対応型共同生活介護】埼玉県本庄市児玉町飯倉170-3及び1", "url": "https://www.kaigokensaku.mhlw.go.jp/11/index.php?action_kouhyou_detail_004_kani=true&JigyosyoCd=1174200640-00&ServiceCd=320&Type=search", "url2": "http://musashinofukushikai.org/" }, "geometry": { "type": "Point", "coordinates": [ 139.094421296920586, 36.188361936376005 ] } },
{ "type": "Feature", "properties": { "内容": "グループホーム　元気村【認知症対応型共同生活介護】埼玉県本庄市田中１０５－１", "url": "https://www.kaigokensaku.mhlw.go.jp/11/index.php?action_kouhyou_detail_004_kani=true&JigyosyoCd=1174300432-00&ServiceCd=320&Type=search", "url2": null }, "geometry": { "type": "Point", "coordinates": [ 139.1916675, 36.2547086 ] } },
{ "type": "Feature", "properties": { "内容": "愛の家グループホーム本庄東台【認知症対応型共同生活介護】埼玉県本庄市東台３－４－１０", "url": "https://www.kaigokensaku.mhlw.go.jp/11/index.php?action_kouhyou_detail_004_kani=true&JigyosyoCd=1194300230-00&ServiceCd=320&Type=search", "url2": "https://mcs-ainoie.com/search/saitama/honjoshi/gh283/" }, "geometry": { "type": "Point", "coordinates": [ 139.1975482, 36.2379288 ] } },
{ "type": "Feature", "properties": { "内容": "しゃくなげ荘【認知症対応型共同生活介護】埼玉県本庄市前原２－２－３", "url": "https://www.kaigokensaku.mhlw.go.jp/11/index.php?action_kouhyou_detail_004_kani=true&JigyosyoCd=1174300390-00&ServiceCd=320&Type=search", "url2": null }, "geometry": { "type": "Point", "coordinates": [ 139.1773197, 36.2392951 ] } },
{ "type": "Feature", "properties": { "内容": "グループホームほほえみ【認知症対応型共同生活介護】埼玉県東松山市大字市ノ川１０９４－３", "url": "https://www.kaigokensaku.mhlw.go.jp/11/index.php?action_kouhyou_detail_004_kani=true&JigyosyoCd=1173300375-00&ServiceCd=320&Type=search", "url2": null }, "geometry": { "type": "Point", "coordinates": [ 139.3922149, 36.048106 ] } },
{ "type": "Feature", "properties": { "内容": "ライフタウン輝里【認知症対応型共同生活介護】東松山市上唐子１５２３－１", "url": "https://www.kaigokensaku.mhlw.go.jp/11/index.php?action_kouhyou_detail_004_kani=true&JigyosyoCd=1193300116-00&ServiceCd=320&Type=search", "url2": "http://www.lifeairi.com" }, "geometry": { "type": "Point", "coordinates": [ 139.33070187790986, 36.038171577016399 ] } },
{ "type": "Feature", "properties": { "内容": "東松山グループホームそよ風【認知症対応型共同生活介護】埼玉県東松山市東平2164-3東松山グループホームそよ風", "url": "https://www.kaigokensaku.mhlw.go.jp/11/index.php?action_kouhyou_detail_004_kani=true&JigyosyoCd=1193300132-00&ServiceCd=320&Type=search", "url2": null }, "geometry": { "type": "Point", "coordinates": [ 139.4158086, 36.074339500000015 ] } },
{ "type": "Feature", "properties": { "内容": "グループホームひがしまつやま寿苑【認知症対応型共同生活介護】東松山市柏崎628-1", "url": "https://www.kaigokensaku.mhlw.go.jp/11/index.php?action_kouhyou_detail_004_kani=true&JigyosyoCd=1193300058-00&ServiceCd=320&Type=search", "url2": "http://care-net.biz/11/ihmk-jp" }, "geometry": { "type": "Point", "coordinates": [ 139.42189361045078, 36.027176007956605 ] } },
{ "type": "Feature", "properties": { "内容": "グループホームあすみーる【認知症対応型共同生活介護】東松山市松葉町2－5－37", "url": "https://www.kaigokensaku.mhlw.go.jp/11/index.php?action_kouhyou_detail_004_kani=true&JigyosyoCd=1193300025-00&ServiceCd=320&Type=search", "url2": "http://www.smile-shakyo.or.jp/" }, "geometry": { "type": "Point", "coordinates": [ 139.395328799999987, 36.0409401 ] } },
{ "type": "Feature", "properties": { "内容": "グループホームいづみ野【認知症対応型共同生活介護】埼玉県東松山市東平502-1", "url": "https://www.kaigokensaku.mhlw.go.jp/11/index.php?action_kouhyou_detail_004_kani=true&JigyosyoCd=1173300441-00&ServiceCd=320&Type=search", "url2": null }, "geometry": { "type": "Point", "coordinates": [ 139.403604800000039, 36.0584385 ] } },
{ "type": "Feature", "properties": { "内容": "グループホームしんめい【認知症対応型共同生活介護】埼玉県東松山市神明町2丁目9番12", "url": "https://www.kaigokensaku.mhlw.go.jp/11/index.php?action_kouhyou_detail_004_kani=true&JigyosyoCd=1173300193-00&ServiceCd=320&Type=search", "url2": "http://www.shouninkai.com" }, "geometry": { "type": "Point", "coordinates": [ 139.404143455819707, 36.031764851372529 ] } },
{ "type": "Feature", "properties": { "内容": "グループホームつどい「和泉」【認知症対応型共同生活介護】埼玉県東松山市和泉町5-36", "url": "https://www.kaigokensaku.mhlw.go.jp/11/index.php?action_kouhyou_detail_004_kani=true&JigyosyoCd=1193300181-00&ServiceCd=320&Type=search", "url2": null }, "geometry": { "type": "Point", "coordinates": [ 139.391319399999986, 36.0332272 ] } },
{ "type": "Feature", "properties": { "内容": "グループホーム明日葉【認知症対応型共同生活介護】埼玉県東松山市高坂1091-1", "url": "https://www.kaigokensaku.mhlw.go.jp/11/index.php?action_kouhyou_detail_004_kani=true&JigyosyoCd=1193300124-00&ServiceCd=320&Type=search", "url2": "http://www.ashitaba-cocokara.com" }, "geometry": { "type": "Point", "coordinates": [ 139.4050155, 36.0011612 ] } },
{ "type": "Feature", "properties": { "内容": "愛の家グループホーム　春日部豊春【認知症対応型共同生活介護】埼玉県春日部市上蛭田191番地4", "url": "https://www.kaigokensaku.mhlw.go.jp/11/index.php?action_kouhyou_detail_004_kani=true&JigyosyoCd=1190600161-00&ServiceCd=320&Type=search", "url2": "http://mcs-ainoie.com/gh223.html" }, "geometry": { "type": "Point", "coordinates": [ 139.723848865437304, 35.971579949961338 ] } },
{ "type": "Feature", "properties": { "内容": "愛の家グループホーム春日部一ノ割【認知症対応型共同生活介護】埼玉県春日部市一ノ割1000-4木造平屋建て", "url": "https://www.kaigokensaku.mhlw.go.jp/11/index.php?action_kouhyou_detail_004_kani=true&JigyosyoCd=1190600112-00&ServiceCd=320&Type=search", "url2": "http://www.mcsg.co.jp" }, "geometry": { "type": "Point", "coordinates": [ 139.756628500000033, 35.9587337 ] } },
{ "type": "Feature", "properties": { "内容": "グループホームきらら春日部【認知症対応型共同生活介護】埼玉県春日部市浜川戸1-5-10", "url": "https://www.kaigokensaku.mhlw.go.jp/11/index.php?action_kouhyou_detail_004_kani=true&JigyosyoCd=1190600187-00&ServiceCd=320&Type=search", "url2": "https://www.starts-care.jp" }, "geometry": { "type": "Point", "coordinates": [ 139.7410208, 35.9837074 ] } },
{ "type": "Feature", "properties": { "内容": "グループホームなごみ米島【認知症対応型共同生活介護】埼玉県春日部市米島350番1号", "url": "https://www.kaigokensaku.mhlw.go.jp/11/index.php?action_kouhyou_detail_004_kani=true&JigyosyoCd=1190600302-00&ServiceCd=320&Type=search", "url2": "http://www.enzeru.co.jp" }, "geometry": { "type": "Point", "coordinates": [ 139.809950500000014, 35.9774993 ] } },
{ "type": "Feature", "properties": { "内容": "グループホーム　みんなの家・春日部花積【認知症対応型共同生活介護】埼玉県春日部市花積108-5", "url": "https://www.kaigokensaku.mhlw.go.jp/11/index.php?action_kouhyou_detail_004_kani=true&JigyosyoCd=1170600520-00&ServiceCd=320&Type=search", "url2": null }, "geometry": { "type": "Point", "coordinates": [ 139.713060899999959, 35.967142 ] } },
{ "type": "Feature", "properties": { "内容": "トゥルーケアGHふじの花【認知症対応型共同生活介護】春日部市豊町１－２－４０", "url": "https://www.kaigokensaku.mhlw.go.jp/11/index.php?action_kouhyou_detail_004_kani=true&JigyosyoCd=1190600070-00&ServiceCd=320&Type=search", "url2": "http://www.truecare.jp/" }, "geometry": { "type": "Point", "coordinates": [ 139.739660500000014, 35.9737434 ] } },
{ "type": "Feature", "properties": { "内容": "あすなろホーム庄和【認知症対応型共同生活介護】埼玉県春日部市西金野井１６９－５", "url": "https://www.kaigokensaku.mhlw.go.jp/11/index.php?action_kouhyou_detail_004_kani=true&JigyosyoCd=1171100751-00&ServiceCd=320&Type=search", "url2": "http://www.i-ll-group.co.jp/ash/homeguide/showa.html" }, "geometry": { "type": "Point", "coordinates": [ 139.811236893917766, 35.985066026229759 ] } },
{ "type": "Feature", "properties": { "内容": "グループホーム　ふれあいの家　備後【認知症対応型共同生活介護】埼玉県春日部市備後東5-5-1", "url": "https://www.kaigokensaku.mhlw.go.jp/11/index.php?action_kouhyou_detail_004_kani=true&JigyosyoCd=1171100520-00&ServiceCd=320&Type=search", "url2": "ncc-bingo@grape.plala.or.jp" }, "geometry": { "type": "Point", "coordinates": [ 139.7774468, 35.9544463 ] } },
{ "type": "Feature", "properties": { "内容": "春日部ケアセンターそよ風【認知症対応型共同生活介護】埼玉県春日部市牛島391", "url": "https://www.kaigokensaku.mhlw.go.jp/11/index.php?action_kouhyou_detail_004_kani=true&JigyosyoCd=1190600021-00&ServiceCd=320&Type=search", "url2": "http://www.medcajapan.com/kasukabe/" }, "geometry": { "type": "Point", "coordinates": [ 139.773063, 35.9824064 ] } },
{ "type": "Feature", "properties": { "内容": "グループホームひだまり【認知症対応型共同生活介護】埼玉県春日部市谷原2-4-7生協ケアホームひだまり　2階", "url": "https://www.kaigokensaku.mhlw.go.jp/11/index.php?action_kouhyou_detail_004_kani=true&JigyosyoCd=1190600401-00&ServiceCd=320&Type=search", "url2": "https://www.mcp-saitama.or.jp/" }, "geometry": { "type": "Point", "coordinates": [ 139.74693919206544, 35.971508534981425 ] } },
{ "type": "Feature", "properties": { "内容": "グループホームみんなの家・春日部やなか【認知症対応型共同生活介護】埼玉県春日部市大場675-1", "url": "https://www.kaigokensaku.mhlw.go.jp/11/index.php?action_kouhyou_detail_004_kani=true&JigyosyoCd=1190600294-00&ServiceCd=320&Type=search", "url2": null }, "geometry": { "type": "Point", "coordinates": [ 139.7622767, 35.9428708 ] } },
{ "type": "Feature", "properties": { "内容": "庄和ケアセンターそよ風【認知症対応型共同生活介護】春日部市金崎６７５－２", "url": "https://www.kaigokensaku.mhlw.go.jp/11/index.php?action_kouhyou_detail_004_kani=true&JigyosyoCd=1190600013-00&ServiceCd=320&Type=search", "url2": "なし" }, "geometry": { "type": "Point", "coordinates": [ 139.802549399999947, 35.9876675 ] } },
{ "type": "Feature", "properties": { "内容": "グループホーム　ふれあいの家【認知症対応型共同生活介護】埼玉県春日部市南1-7-5", "url": "https://www.kaigokensaku.mhlw.go.jp/11/index.php?action_kouhyou_detail_004_kani=true&JigyosyoCd=1170600355-00&ServiceCd=320&Type=search", "url2": "http://www.nursingcarecenter.co.jp/" }, "geometry": { "type": "Point", "coordinates": [ 139.756547599999976, 35.9774203 ] } },
{ "type": "Feature", "properties": { "内容": "ツクイ春日部グループホーム【認知症対応型共同生活介護】春日部市栄町3-83", "url": "https://www.kaigokensaku.mhlw.go.jp/11/index.php?action_kouhyou_detail_004_kani=true&JigyosyoCd=1190600039-00&ServiceCd=320&Type=search", "url2": "http://www.tsukui.net" }, "geometry": { "type": "Point", "coordinates": [ 139.7347744, 35.9894691 ] } },
{ "type": "Feature", "properties": { "内容": "愛・グループホーム豊野町【認知症対応型共同生活介護】埼玉県春日部市豊野町1-33-10", "url": "https://www.kaigokensaku.mhlw.go.jp/11/index.php?action_kouhyou_detail_004_kani=true&JigyosyoCd=1190600237-00&ServiceCd=320&Type=search", "url2": "https://i-sogofukushi.com/" }, "geometry": { "type": "Point", "coordinates": [ 139.789768099999947, 35.9578601 ] } },
{ "type": "Feature", "properties": { "内容": "愛の家グループホーム狭山【認知症対応型共同生活介護】埼玉県狭山市北入曽281-2", "url": "https://www.kaigokensaku.mhlw.go.jp/11/index.php?action_kouhyou_detail_004_kani=true&JigyosyoCd=1192700043-00&ServiceCd=320&Type=search", "url2": "gh-083@mcsg.co.jp" }, "geometry": { "type": "Point", "coordinates": [ 139.4274198, 35.8375636 ] } },
{ "type": "Feature", "properties": { "内容": "ミモザ狭山笹井【認知症対応型共同生活介護】埼玉県狭山市笹井一丁目26番地12号", "url": "https://www.kaigokensaku.mhlw.go.jp/11/index.php?action_kouhyou_detail_004_kani=true&JigyosyoCd=1192700282-00&ServiceCd=320&Type=search", "url2": "https://mimoza-care.com/facility/group-home/post-14312/" }, "geometry": { "type": "Point", "coordinates": [ 139.376877800000017, 35.852471 ] } },
{ "type": "Feature", "properties": { "内容": "グループホーム　ハピネス狭山【認知症対応型共同生活介護】狭山市富士見2-16-8", "url": "https://www.kaigokensaku.mhlw.go.jp/11/index.php?action_kouhyou_detail_004_kani=true&JigyosyoCd=1172700492-00&ServiceCd=320&Type=search", "url2": "www.hapinesu-sayama.com" }, "geometry": { "type": "Point", "coordinates": [ 139.4244701, 35.847343 ] } },
{ "type": "Feature", "properties": { "内容": "グループホームかおる狭山【認知症対応型共同生活介護】埼玉県狭山市柏原１７８番地の３", "url": "https://www.kaigokensaku.mhlw.go.jp/11/index.php?action_kouhyou_detail_004_kani=true&JigyosyoCd=1192700100-00&ServiceCd=320&Type=search", "url2": "http://gh-kaoru-sayama.webmedipr.jp/" }, "geometry": { "type": "Point", "coordinates": [ 139.400835799999982, 35.8720894 ] } },
{ "type": "Feature", "properties": { "内容": "グループホームつばさ弐番館【認知症対応型共同生活介護】埼玉県狭山市柏原1661番地１グループホームつばさ弐番館", "url": "https://www.kaigokensaku.mhlw.go.jp/11/index.php?action_kouhyou_detail_004_kani=true&JigyosyoCd=1192700241-00&ServiceCd=320&Type=search", "url2": null }, "geometry": { "type": "Point", "coordinates": [ 139.4060328, 35.8846585 ] } },
{ "type": "Feature", "properties": { "内容": "グループホームつどい「入間川」【認知症対応型共同生活介護】埼玉県狭山市入間川1-12-6", "url": "https://www.kaigokensaku.mhlw.go.jp/11/index.php?action_kouhyou_detail_004_kani=true&JigyosyoCd=1192700217-00&ServiceCd=320&Type=search", "url2": "https://mcp-net.jp/" }, "geometry": { "type": "Point", "coordinates": [ 139.407596982803369, 35.852692825105059 ] } },
{ "type": "Feature", "properties": { "内容": "あったかホーム狭山【認知症対応型共同生活介護】埼玉県狭山市上奥富832-1", "url": "https://www.kaigokensaku.mhlw.go.jp/11/index.php?action_kouhyou_detail_004_kani=true&JigyosyoCd=1192700050-00&ServiceCd=320&Type=search", "url2": "http://inahonomichi.jp/" }, "geometry": { "type": "Point", "coordinates": [ 139.41558950000001, 35.8756171 ] } },
{ "type": "Feature", "properties": { "内容": "羽生市もくせいの里【認知症対応型共同生活介護】埼玉県羽生市下手子林６９１－２", "url": "https://www.kaigokensaku.mhlw.go.jp/11/index.php?action_kouhyou_detail_004_kani=true&JigyosyoCd=1193900014-00&ServiceCd=320&Type=search", "url2": null }, "geometry": { "type": "Point", "coordinates": [ 139.570721899999967, 36.1532373 ] } },
{ "type": "Feature", "properties": { "内容": "グループホーム　須影ほのぼのホーム【認知症対応型共同生活介護】大字下川崎字八幡前394番1", "url": "https://www.kaigokensaku.mhlw.go.jp/11/index.php?action_kouhyou_detail_004_kani=true&JigyosyoCd=1193900154-00&ServiceCd=320&Type=search", "url2": "http://sukage-honobono.com/" }, "geometry": { "type": "Point", "coordinates": [ 139.549763500000012, 36.1432623 ] } },
{ "type": "Feature", "properties": { "内容": "グループホーム　ルミエール【認知症対応型共同生活介護】埼玉県羽生市上岩瀬1792-1", "url": "https://www.kaigokensaku.mhlw.go.jp/11/index.php?action_kouhyou_detail_004_kani=true&JigyosyoCd=1193900071-00&ServiceCd=320&Type=search", "url2": "www.lumie-re.com" }, "geometry": { "type": "Point", "coordinates": [ 139.5135659, 36.1623484 ] } },
{ "type": "Feature", "properties": { "内容": "グループホームエフビー羽生【認知症対応型共同生活介護】埼玉県羽生市藤井上組399-1", "url": "https://www.kaigokensaku.mhlw.go.jp/11/index.php?action_kouhyou_detail_004_kani=true&JigyosyoCd=1193900170-00&ServiceCd=320&Type=search", "url2": "https://fb-kaigo.co.jp/shisetu/hanyu.php" }, "geometry": { "type": "Point", "coordinates": [ 139.5601553, 36.1850429 ] } },
{ "type": "Feature", "properties": { "内容": "グループホーム彩香らんど【認知症対応型共同生活介護】埼玉県鴻巣市登戸256-1", "url": "https://www.kaigokensaku.mhlw.go.jp/11/index.php?action_kouhyou_detail_004_kani=true&JigyosyoCd=1191700150-00&ServiceCd=320&Type=search", "url2": "https://care-net.biz/11/saikouland/" }, "geometry": { "type": "Point", "coordinates": [ 139.492975699999988, 36.067287899999982 ] } },
{ "type": "Feature", "properties": { "内容": "コスモス吹上【認知症対応型共同生活介護】鴻巣市吹上本町1-11-8", "url": "https://www.kaigokensaku.mhlw.go.jp/11/index.php?action_kouhyou_detail_004_kani=true&JigyosyoCd=1171300260-00&ServiceCd=320&Type=search", "url2": "https://mmk-web-1.jimdosite.com/" }, "geometry": { "type": "Point", "coordinates": [ 139.456814200000053, 36.1026511 ] } },
{ "type": "Feature", "properties": { "内容": "こうのすケアセンターそよ風【認知症対応型共同生活介護】埼玉県鴻巣市天神４－３２－１", "url": "https://www.kaigokensaku.mhlw.go.jp/11/index.php?action_kouhyou_detail_004_kani=true&JigyosyoCd=1171700261-00&ServiceCd=320&Type=search", "url2": "https://www.sykz.co.jp" }, "geometry": { "type": "Point", "coordinates": [ 139.524530300000038, 36.0607811 ] } },
{ "type": "Feature", "properties": { "内容": "ソレアード鴻巣【認知症対応型共同生活介護】埼玉県鴻巣市上谷141-1ソレアード鴻巣", "url": "https://www.kaigokensaku.mhlw.go.jp/11/index.php?action_kouhyou_detail_004_kani=true&JigyosyoCd=1171700303-00&ServiceCd=320&Type=search", "url2": "http://www.soleado.jp/" }, "geometry": { "type": "Point", "coordinates": [ 139.538681799999949, 36.0529742 ] } },
{ "type": "Feature", "properties": { "内容": "グループホーム楽々荘【認知症対応型共同生活介護】埼玉県鴻巣市下谷1448-1", "url": "https://www.kaigokensaku.mhlw.go.jp/11/index.php?action_kouhyou_detail_004_kani=true&JigyosyoCd=1191700093-00&ServiceCd=320&Type=search", "url2": "www.hondou-seikeigeka.com/guruphom..." }, "geometry": { "type": "Point", "coordinates": [ 139.547592399999985, 36.0461281 ] } },
{ "type": "Feature", "properties": { "内容": "グループホームみんなの家・鴻巣【認知症対応型共同生活介護】埼玉県鴻巣市大芦1499-1", "url": "https://www.kaigokensaku.mhlw.go.jp/11/index.php?action_kouhyou_detail_004_kani=true&JigyosyoCd=1191700044-00&ServiceCd=320&Type=search", "url2": null }, "geometry": { "type": "Point", "coordinates": [ 139.443691100000024, 36.0955821 ] } },
{ "type": "Feature", "properties": { "内容": "愛の家グループホーム鴻巣【認知症対応型共同生活介護】鴻巣市登戸309-1", "url": "https://www.kaigokensaku.mhlw.go.jp/11/index.php?action_kouhyou_detail_004_kani=true&JigyosyoCd=1171700469-00&ServiceCd=320&Type=search", "url2": "http://mcs-ainoie.com" }, "geometry": { "type": "Point", "coordinates": [ 139.495356, 36.0652687 ] } },
{ "type": "Feature", "properties": { "内容": "くすの木【認知症対応型共同生活介護】埼玉県鴻巣市屈巣2187-1", "url": "https://www.kaigokensaku.mhlw.go.jp/11/index.php?action_kouhyou_detail_004_kani=true&JigyosyoCd=1191700077-00&ServiceCd=320&Type=search", "url2": "https://f-kusunoki.com" }, "geometry": { "type": "Point", "coordinates": [ 139.509509100000059, 36.084464 ] } },
{ "type": "Feature", "properties": { "内容": "トゥルーケアGHパンジー【認知症対応型共同生活介護】鴻巣市上谷43-1", "url": "https://www.kaigokensaku.mhlw.go.jp/11/index.php?action_kouhyou_detail_004_kani=true&JigyosyoCd=1191700127-00&ServiceCd=320&Type=search", "url2": "http://www.truecare.jp" }, "geometry": { "type": "Point", "coordinates": [ 139.5287826, 36.0566123 ] } },
{ "type": "Feature", "properties": { "内容": "グループホーム　ひまわりの里【認知症対応型共同生活介護】埼玉県深谷市瀬山６３１", "url": "https://www.kaigokensaku.mhlw.go.jp/11/index.php?action_kouhyou_detail_004_kani=true&JigyosyoCd=1174600807-00&ServiceCd=320&Type=search", "url2": "http://himawarinosato.chiharuya.com/" }, "geometry": { "type": "Point", "coordinates": [ 139.31396, 36.1468721 ] } },
{ "type": "Feature", "properties": { "内容": "グループホームエフビー深谷【認知症対応型共同生活介護】埼玉県深谷市東方町2-15-3", "url": "https://www.kaigokensaku.mhlw.go.jp/11/index.php?action_kouhyou_detail_004_kani=true&JigyosyoCd=1194600282-00&ServiceCd=320&Type=search", "url2": "http://www.fb-kaigo.co.jp/shisetu/fukaya.php" }, "geometry": { "type": "Point", "coordinates": [ 139.315333399999986, 36.1895426 ] } },
{ "type": "Feature", "properties": { "内容": "グループホームしらかば【認知症対応型共同生活介護】埼玉県深谷市西島町2-21-11", "url": "https://www.kaigokensaku.mhlw.go.jp/11/index.php?action_kouhyou_detail_004_kani=true&JigyosyoCd=1194600258-00&ServiceCd=320&Type=search", "url2": "http://www.caresup.co.jp/" }, "geometry": { "type": "Point", "coordinates": [ 139.284093453967216, 36.194376788663234 ] } },
{ "type": "Feature", "properties": { "内容": "グループホーム五感の里岡部【認知症対応型共同生活介護】埼玉県深谷市岡231-1", "url": "https://www.kaigokensaku.mhlw.go.jp/11/index.php?action_kouhyou_detail_004_kani=true&JigyosyoCd=1194600373-00&ServiceCd=320&Type=search", "url2": "https://ygood.jp/" }, "geometry": { "type": "Point", "coordinates": [ 139.24158050840731, 36.208961773631557 ] } },
{ "type": "Feature", "properties": { "内容": "さくらホーム【認知症対応型共同生活介護】埼玉県深谷市上野台１０４番地１", "url": "https://www.kaigokensaku.mhlw.go.jp/11/index.php?action_kouhyou_detail_004_kani=true&JigyosyoCd=1174600443-00&ServiceCd=320&Type=search", "url2": "info.sakura-home@art-corporation.jp" }, "geometry": { "type": "Point", "coordinates": [ 139.272895068122835, 36.190751164937133 ] } },
{ "type": "Feature", "properties": { "内容": "グループホームエフビーここあ深谷【認知症対応型共同生活介護】新戒1367", "url": "https://www.kaigokensaku.mhlw.go.jp/11/index.php?action_kouhyou_detail_004_kani=true&JigyosyoCd=1194600340-00&ServiceCd=320&Type=search", "url2": null }, "geometry": { "type": "Point", "coordinates": [ 139.283469700000012, 36.2304344 ] } },
{ "type": "Feature", "properties": { "内容": "グループホームエフビー新戒【認知症対応型共同生活介護】新戒29-2", "url": "https://www.kaigokensaku.mhlw.go.jp/11/index.php?action_kouhyou_detail_004_kani=true&JigyosyoCd=1194600308-00&ServiceCd=320&Type=search", "url2": "https://blog.goo.ne.jp/fb-kaigo_singai" }, "geometry": { "type": "Point", "coordinates": [ 139.3005667, 36.2259528 ] } },
{ "type": "Feature", "properties": { "内容": "グループホームエフビー豊里【認知症対応型共同生活介護】新戒29", "url": "https://www.kaigokensaku.mhlw.go.jp/11/index.php?action_kouhyou_detail_004_kani=true&JigyosyoCd=1194600290-00&ServiceCd=320&Type=search", "url2": "https://blog.goo.ne.jp/fb-kaigo_toyosato" }, "geometry": { "type": "Point", "coordinates": [ 139.300364, 36.226025 ] } },
{ "type": "Feature", "properties": { "内容": "フラワーヴィラグループホーム【認知症対応型共同生活介護】深谷市小前田2677", "url": "https://www.kaigokensaku.mhlw.go.jp/11/index.php?action_kouhyou_detail_004_kani=true&JigyosyoCd=1174500577-00&ServiceCd=320&Type=search", "url2": "http://flowervilla.or.jp" }, "geometry": { "type": "Point", "coordinates": [ 139.2191355, 36.1344301 ] } },
{ "type": "Feature", "properties": { "内容": "グループホーム五感の里　深谷【認知症対応型共同生活介護】埼玉県深谷市柏合601-1", "url": "https://www.kaigokensaku.mhlw.go.jp/11/index.php?action_kouhyou_detail_004_kani=true&JigyosyoCd=1194600365-00&ServiceCd=320&Type=search", "url2": "https://ygood.jp" }, "geometry": { "type": "Point", "coordinates": [ 139.262474, 36.176065 ] } },
{ "type": "Feature", "properties": { "内容": "グループホーム　スワン【認知症対応型共同生活介護】埼玉県深谷市東方2873番地5", "url": "https://www.kaigokensaku.mhlw.go.jp/11/index.php?action_kouhyou_detail_004_kani=true&JigyosyoCd=1194600134-00&ServiceCd=320&Type=search", "url2": null }, "geometry": { "type": "Point", "coordinates": [ 139.322410399999967, 36.1944257 ] } },
{ "type": "Feature", "properties": { "内容": "グループホーム野の花【認知症対応型共同生活介護】深谷市東方１２７５－１", "url": "https://www.kaigokensaku.mhlw.go.jp/11/index.php?action_kouhyou_detail_004_kani=true&JigyosyoCd=1174600542-00&ServiceCd=320&Type=search", "url2": "https://fukayaseikei.jp/" }, "geometry": { "type": "Point", "coordinates": [ 139.318727200000012, 36.2026526 ] } },
{ "type": "Feature", "properties": { "内容": "グループホームみなみちゃんち【認知症対応型共同生活介護】埼玉県深谷市宿根９０６－２", "url": "https://www.kaigokensaku.mhlw.go.jp/11/index.php?action_kouhyou_detail_004_kani=true&JigyosyoCd=1174600682-00&ServiceCd=320&Type=search", "url2": "http://minamichanchi.com" }, "geometry": { "type": "Point", "coordinates": [ 139.2572562, 36.1891603 ] } },
{ "type": "Feature", "properties": { "内容": "グループホーム和み　上尾【認知症対応型共同生活介護】埼玉県上尾市上８３０", "url": "https://www.kaigokensaku.mhlw.go.jp/11/index.php?action_kouhyou_detail_004_kani=true&JigyosyoCd=1191600137-00&ServiceCd=320&Type=search", "url2": "https://nagomi753.co.jp" }, "geometry": { "type": "Point", "coordinates": [ 139.583863698768596, 36.0096099167312 ] } },
{ "type": "Feature", "properties": { "内容": "グループホームのぞみ【認知症対応型共同生活介護】埼玉県上尾市小敷谷716-1", "url": "https://www.kaigokensaku.mhlw.go.jp/11/index.php?action_kouhyou_detail_004_kani=true&JigyosyoCd=1191600293-00&ServiceCd=320&Type=search", "url2": "https://ygood.jp/" }, "geometry": { "type": "Point", "coordinates": [ 139.5631404, 35.958286200000018 ] } },
{ "type": "Feature", "properties": { "内容": "グループホーム　みんなの家・上尾瓦葺【認知症対応型共同生活介護】埼玉県上尾市瓦葺2684-1", "url": "https://www.kaigokensaku.mhlw.go.jp/11/index.php?action_kouhyou_detail_004_kani=true&JigyosyoCd=1171600560-00&ServiceCd=320&Type=search", "url2": "https://kaigo.alsok.co.jp/facility/search/detail/16" }, "geometry": { "type": "Point", "coordinates": [ 139.639032600000064, 35.9599685 ] } },
{ "type": "Feature", "properties": { "内容": "グループホーム　楽しいわが家【認知症対応型共同生活介護】埼玉県上尾市中妻2-13-8", "url": "https://www.kaigokensaku.mhlw.go.jp/11/index.php?action_kouhyou_detail_004_kani=true&JigyosyoCd=1171600479-00&ServiceCd=320&Type=search", "url2": "http://www.t-wagaya.com" }, "geometry": { "type": "Point", "coordinates": [ 139.5698463, 35.9827297 ] } },
{ "type": "Feature", "properties": { "内容": "南上尾グループホームそよ風【認知症対応型共同生活介護】東町1-8-7", "url": "https://www.kaigokensaku.mhlw.go.jp/11/index.php?action_kouhyou_detail_004_kani=true&JigyosyoCd=1191600194-00&ServiceCd=320&Type=search", "url2": "http://www.unimat-rc.co.jp/" }, "geometry": { "type": "Point", "coordinates": [ 139.5232234, 35.6898362 ] } },
{ "type": "Feature", "properties": { "内容": "グループホーム上尾【認知症対応型共同生活介護】埼玉県上尾市大字地頭方431-1", "url": "https://www.kaigokensaku.mhlw.go.jp/11/index.php?action_kouhyou_detail_004_kani=true&JigyosyoCd=1191600095-00&ServiceCd=320&Type=search", "url2": "http://www.kotobuki-ent.net/company.php" }, "geometry": { "type": "Point", "coordinates": [ 139.5718051, 35.9523358 ] } },
{ "type": "Feature", "properties": { "内容": "グループホームのどか【認知症対応型共同生活介護】埼玉県上尾市須ケ谷１丁目７９番地１", "url": "https://www.kaigokensaku.mhlw.go.jp/11/index.php?action_kouhyou_detail_004_kani=true&JigyosyoCd=1191600087-00&ServiceCd=320&Type=search", "url2": "https://corporate.shinei-kai.com/" }, "geometry": { "type": "Point", "coordinates": [ 139.600687, 36.001681 ] } },
{ "type": "Feature", "properties": { "内容": "けあビジョンホーム上尾【認知症対応型共同生活介護】埼玉県上尾市平方1293-4けあビジョンホーム上尾", "url": "https://www.kaigokensaku.mhlw.go.jp/11/index.php?action_kouhyou_detail_004_kani=true&JigyosyoCd=1191600186-00&ServiceCd=320&Type=search", "url2": "http://www.carevision.jp" }, "geometry": { "type": "Point", "coordinates": [ 139.553670499999953, 35.9450522 ] } },
{ "type": "Feature", "properties": { "内容": "愛の家グループホーム上尾原市【認知症対応型共同生活介護】埼玉県上尾市原市230－1", "url": "https://www.kaigokensaku.mhlw.go.jp/11/index.php?action_kouhyou_detail_004_kani=true&JigyosyoCd=1171600719-00&ServiceCd=320&Type=search", "url2": "http://www.mcsg.co.jp/" }, "geometry": { "type": "Point", "coordinates": [ 139.62618109999994, 35.9562848 ] } },
{ "type": "Feature", "properties": { "内容": "愛の家グループホーム上尾浅間台【認知症対応型共同生活介護】埼玉県上尾市浅間台1－1－７", "url": "https://www.kaigokensaku.mhlw.go.jp/11/index.php?action_kouhyou_detail_004_kani=true&JigyosyoCd=1191600319-00&ServiceCd=320&Type=search", "url2": "https://mcs-ainoie.com/search/saitama/ageoshi/gh298/" }, "geometry": { "type": "Point", "coordinates": [ 139.577020800000014, 35.9835832 ] } },
{ "type": "Feature", "properties": { "内容": "愛の家グループホーム　上尾本町【認知症対応型共同生活介護】埼玉県上尾市本町5-9-23", "url": "https://www.kaigokensaku.mhlw.go.jp/11/index.php?action_kouhyou_detail_004_kani=true&JigyosyoCd=1191600178-00&ServiceCd=320&Type=search", "url2": "www.mcsg.co.jp" }, "geometry": { "type": "Point", "coordinates": [ 139.5882444, 35.9840965 ] } },
{ "type": "Feature", "properties": { "内容": "医療法人藤仁会藤の郷あげお【認知症対応型共同生活介護】二ツ宮897-4", "url": "https://www.kaigokensaku.mhlw.go.jp/11/index.php?action_kouhyou_detail_004_kani=true&JigyosyoCd=1191600053-00&ServiceCd=320&Type=search", "url2": "http://fujinosato.to-jinkai.or.jp/" }, "geometry": { "type": "Point", "coordinates": [ 139.603452, 35.9804898 ] } },
{ "type": "Feature", "properties": { "内容": "ケアサポートあげお【認知症対応型共同生活介護】埼玉県上尾市原市１２７４番地１", "url": "https://www.kaigokensaku.mhlw.go.jp/11/index.php?action_kouhyou_detail_004_kani=true&JigyosyoCd=1171600693-00&ServiceCd=320&Type=search", "url2": "http://www.care-support.biz/" }, "geometry": { "type": "Point", "coordinates": [ 139.613087299999961, 35.9745258 ] } },
{ "type": "Feature", "properties": { "内容": "愛の家グループホーム草加谷塚【認知症対応型共同生活介護】埼玉県草加市谷塚町1785番地1愛の家グループホーム草加谷塚", "url": "https://www.kaigokensaku.mhlw.go.jp/11/index.php?action_kouhyou_detail_004_kani=true&JigyosyoCd=1191800265-00&ServiceCd=320&Type=search", "url2": "http://mcs-ainoie.com/gh263.html" }, "geometry": { "type": "Point", "coordinates": [ 139.794372800000019, 35.8207858 ] } },
{ "type": "Feature", "properties": { "内容": "ケアサポートそうか瀬崎【認知症対応型共同生活介護】草加市瀬崎２－４６－１５", "url": "https://www.kaigokensaku.mhlw.go.jp/11/index.php?action_kouhyou_detail_004_kani=true&JigyosyoCd=1191800182-00&ServiceCd=320&Type=search", "url2": "http//www.care-support.biz" }, "geometry": { "type": "Point", "coordinates": [ 139.806988600000068, 35.8136427 ] } },
{ "type": "Feature", "properties": { "内容": "はなまるホーム草加松原【認知症対応型共同生活介護】埼玉県草加市松原2-1-2埼友ビレッジ3F　4F", "url": "https://www.kaigokensaku.mhlw.go.jp/11/index.php?action_kouhyou_detail_004_kani=true&JigyosyoCd=1191800281-00&ServiceCd=320&Type=search", "url2": "https://www.aiseifukushi.jp/grouphome-sokamatsubara" }, "geometry": { "type": "Point", "coordinates": [ 139.795733500000011, 35.843108 ] } },
{ "type": "Feature", "properties": { "内容": "グループホーム　ケアサポートそうか新善【認知症対応型共同生活介護】草加市新善町２２４－１", "url": "https://www.kaigokensaku.mhlw.go.jp/11/index.php?action_kouhyou_detail_004_kani=true&JigyosyoCd=1191800133-00&ServiceCd=320&Type=search", "url2": "http://www.care-support.biz" }, "geometry": { "type": "Point", "coordinates": [ 139.783184099999971, 35.8476035 ] } },
{ "type": "Feature", "properties": { "内容": "グループホームてしろ【認知症対応型共同生活介護】草加市手代2-12-11てしろケアモール", "url": "https://www.kaigokensaku.mhlw.go.jp/11/index.php?action_kouhyou_detail_004_kani=true&JigyosyoCd=1191800042-00&ServiceCd=320&Type=search", "url2": "http://shinko-kai-.or.jp/freepage_27_1.html" }, "geometry": { "type": "Point", "coordinates": [ 139.814618200000041, 35.8225386 ] } },
{ "type": "Feature", "properties": { "内容": "ニチイケアセンター草加住吉【認知症対応型共同生活介護】埼玉県草加市住吉1丁目11番地38号", "url": "https://www.kaigokensaku.mhlw.go.jp/11/index.php?action_kouhyou_detail_004_kani=true&JigyosyoCd=1191800109-00&ServiceCd=320&Type=search", "url2": "http://www.nichiigakkan.co.jp" }, "geometry": { "type": "Point", "coordinates": [ 139.8044049, 35.8327895 ] } },
{ "type": "Feature", "properties": { "内容": "グループホームプレミア草加南【認知症対応型共同生活介護】埼玉県草加市柳島町890番4", "url": "https://www.kaigokensaku.mhlw.go.jp/11/index.php?action_kouhyou_detail_004_kani=true&JigyosyoCd=1191800224-00&ServiceCd=320&Type=search", "url2": "http://www.100.or.jp" }, "geometry": { "type": "Point", "coordinates": [ 139.786527210450657, 35.816726452327231 ] } },
{ "type": "Feature", "properties": { "内容": "グループホームみんなの家・草加青柳【認知症対応型共同生活介護】埼玉県草加市青柳６丁目26‐6", "url": "https://www.kaigokensaku.mhlw.go.jp/11/index.php?action_kouhyou_detail_004_kani=true&JigyosyoCd=1191800166-00&ServiceCd=320&Type=search", "url2": null }, "geometry": { "type": "Point", "coordinates": [ 139.825396899999987, 35.8530814 ] } },
{ "type": "Feature", "properties": { "内容": "グループホームかしの木【認知症対応型共同生活介護】埼玉県草加市草加1-8-13", "url": "https://www.kaigokensaku.mhlw.go.jp/11/index.php?action_kouhyou_detail_004_kani=true&JigyosyoCd=1191800372-00&ServiceCd=320&Type=search", "url2": "http://www.mcp-saitama.or.jp" }, "geometry": { "type": "Point", "coordinates": [ 139.8030771, 35.8354454 ] } },
{ "type": "Feature", "properties": { "内容": "グループホーム　みんなの家・草加【認知症対応型共同生活介護】埼玉県草加市両新田東町１３－１グループホーム　みんなの家・草加", "url": "https://www.kaigokensaku.mhlw.go.jp/11/index.php?action_kouhyou_detail_004_kani=true&JigyosyoCd=1171800913-00&ServiceCd=320&Type=search", "url2": "https://kaigo.alsok.co.jp" }, "geometry": { "type": "Point", "coordinates": [ 139.786915499999964, 35.8099876 ] } },
{ "type": "Feature", "properties": { "内容": "グループホーム川柳【認知症対応型共同生活介護】埼玉県草加市青柳8-29-12", "url": "https://www.kaigokensaku.mhlw.go.jp/11/index.php?action_kouhyou_detail_004_kani=true&JigyosyoCd=1171800533-00&ServiceCd=320&Type=search", "url2": "http://fukush5.wixsite.com/kodama" }, "geometry": { "type": "Point", "coordinates": [ 139.8211887, 35.8586194 ] } },
{ "type": "Feature", "properties": { "内容": "グループホームソラスト草加【認知症対応型共同生活介護】埼玉県草加市原町3丁目15番30号", "url": "https://www.kaigokensaku.mhlw.go.jp/11/index.php?action_kouhyou_detail_004_kani=true&JigyosyoCd=1191800430-00&ServiceCd=320&Type=search", "url2": "https://solasto-kaigo.com/service/grouphome/souka" }, "geometry": { "type": "Point", "coordinates": [ 139.7742825, 35.850270300000034 ] } },
{ "type": "Feature", "properties": { "内容": "グループホーム　フェリス　八幡【認知症対応型共同生活介護】埼玉県草加市八幡町333番1号", "url": "https://www.kaigokensaku.mhlw.go.jp/11/index.php?action_kouhyou_detail_004_kani=true&JigyosyoCd=1191800158-00&ServiceCd=320&Type=search", "url2": "https://camellia-kai.com/" }, "geometry": { "type": "Point", "coordinates": [ 139.804093200000011, 35.8524257 ] } },
{ "type": "Feature", "properties": { "内容": "グループホームきらら北越谷【認知症対応型共同生活介護】埼玉県越谷市北越谷2-12-23", "url": "https://www.kaigokensaku.mhlw.go.jp/11/index.php?action_kouhyou_detail_004_kani=true&JigyosyoCd=1190800845-00&ServiceCd=320&Type=search", "url2": "www.starts-care.jp" }, "geometry": { "type": "Point", "coordinates": [ 139.776061241139217, 35.89844571881023 ] } },
{ "type": "Feature", "properties": { "内容": "SOMPOケア　そんぽの家GH北越谷【認知症対応型共同生活介護】北越谷1丁目18-2", "url": "https://www.kaigokensaku.mhlw.go.jp/11/index.php?action_kouhyou_detail_004_kani=true&JigyosyoCd=1190800530-00&ServiceCd=320&Type=search", "url2": "https://www.sompocare.com/" }, "geometry": { "type": "Point", "coordinates": [ 139.781169, 35.8962552 ] } },
{ "type": "Feature", "properties": { "内容": "グループホームケアサポートこしがや【認知症対応型共同生活介護】埼玉県越谷市東越谷6-15-11", "url": "https://www.kaigokensaku.mhlw.go.jp/11/index.php?action_kouhyou_detail_004_kani=true&JigyosyoCd=1170800898-00&ServiceCd=320&Type=search", "url2": "http://www.care-sapport.biz/" }, "geometry": { "type": "Point", "coordinates": [ 139.800258799999938, 35.898361 ] } },
{ "type": "Feature", "properties": { "内容": "愛の家グループホーム越谷平方【認知症対応型共同生活介護】埼玉県越谷市平方2254番愛の家グループホーム越谷平方", "url": "https://www.kaigokensaku.mhlw.go.jp/11/index.php?action_kouhyou_detail_004_kani=true&JigyosyoCd=1190800738-00&ServiceCd=320&Type=search", "url2": "https://mcs-ainoie.com/search/saitama/koshigayashi/gh286/" }, "geometry": { "type": "Point", "coordinates": [ 139.7921632, 35.9471646 ] } },
{ "type": "Feature", "properties": { "内容": "社会福祉法人　博愛福祉会　ゆとり庵北越谷　グループホーム【認知症対応型共同生活介護】埼玉県越谷市大字大道643番地", "url": "https://www.kaigokensaku.mhlw.go.jp/11/index.php?action_kouhyou_detail_004_kani=true&JigyosyoCd=1190800746-00&ServiceCd=320&Type=search", "url2": "https://hinode.or.jp/" }, "geometry": { "type": "Point", "coordinates": [ 139.761374499999988, 35.9213566 ] } },
{ "type": "Feature", "properties": { "内容": "ふくしのまち大袋【認知症対応型共同生活介護】袋山1088-1ふくしのまち大袋", "url": "https://www.kaigokensaku.mhlw.go.jp/11/index.php?action_kouhyou_detail_004_kani=true&JigyosyoCd=1190800407-00&ServiceCd=320&Type=search", "url2": null }, "geometry": { "type": "Point", "coordinates": [ 139.778118, 35.9266816 ] } },
{ "type": "Feature", "properties": { "内容": "はなまるホーム北越谷【認知症対応型共同生活介護】埼玉県越谷市弥栄町2-511-1はなまるホーム北越谷", "url": "https://www.kaigokensaku.mhlw.go.jp/11/index.php?action_kouhyou_detail_004_kani=true&JigyosyoCd=1190800670-00&ServiceCd=320&Type=search", "url2": "https://www.aiseifukushi.jp/" }, "geometry": { "type": "Point", "coordinates": [ 139.796061529222129, 35.920054740487394 ] } },
{ "type": "Feature", "properties": { "内容": "あすなろホーム越谷【認知症対応型共同生活介護】越谷市平方３９３－２あすなろホーム越谷", "url": "https://www.kaigokensaku.mhlw.go.jp/11/index.php?action_kouhyou_detail_004_kani=true&JigyosyoCd=1170801201-00&ServiceCd=320&Type=search", "url2": "http://www.i-ll-group.co.jp" }, "geometry": { "type": "Point", "coordinates": [ 139.784249100000011, 35.9553381 ] } },
{ "type": "Feature", "properties": { "内容": "愛の家グループホーム越谷【認知症対応型共同生活介護】埼玉県越谷市谷中町3-71-1", "url": "https://www.kaigokensaku.mhlw.go.jp/11/index.php?action_kouhyou_detail_004_kani=true&JigyosyoCd=1190800118-00&ServiceCd=320&Type=search", "url2": "http://www.mcsg.co.jp" }, "geometry": { "type": "Point", "coordinates": [ 139.770006400000057, 35.8852341 ] } },
{ "type": "Feature", "properties": { "内容": "ニチイケアセンター越谷北【認知症対応型共同生活介護】埼玉県越谷市千間台西2－23－5", "url": "https://www.kaigokensaku.mhlw.go.jp/11/index.php?action_kouhyou_detail_004_kani=true&JigyosyoCd=1190800225-00&ServiceCd=320&Type=search", "url2": "http://www.nichiigakkan.co.ip" }, "geometry": { "type": "Point", "coordinates": [ 139.767506799999978, 35.9297688 ] } },
{ "type": "Feature", "properties": { "内容": "エスケアホーム越谷【認知症対応型共同生活介護】七左町1丁目69番3", "url": "https://www.kaigokensaku.mhlw.go.jp/11/index.php?action_kouhyou_detail_004_kani=true&JigyosyoCd=1190800332-00&ServiceCd=320&Type=search", "url2": "http://www.s-caremate.co.jp" }, "geometry": { "type": "Point", "coordinates": [ 139.7851382, 35.8690334 ] } },
{ "type": "Feature", "properties": { "内容": "憩いの里グループホームことほぎ【認知症対応型共同生活介護】埼玉県越谷市増森1-85", "url": "https://www.kaigokensaku.mhlw.go.jp/11/index.php?action_kouhyou_detail_004_kani=true&JigyosyoCd=1190800571-00&ServiceCd=320&Type=search", "url2": "http://www.kishinkai.or.jp/" }, "geometry": { "type": "Point", "coordinates": [ 139.8207903, 35.9003807 ] } },
{ "type": "Feature", "properties": { "内容": "グループホーム晴苑【認知症対応型共同生活介護】埼玉県越谷市谷中町四丁目２９３番地１", "url": "https://www.kaigokensaku.mhlw.go.jp/11/index.php?action_kouhyou_detail_004_kani=true&JigyosyoCd=1190800191-00&ServiceCd=320&Type=search", "url2": "http://www.goseikai.jp/" }, "geometry": { "type": "Point", "coordinates": [ 139.7645903, 35.8831146 ] } },
{ "type": "Feature", "properties": { "内容": "グループホーム　　オ・ハナ【認知症対応型共同生活介護】埼玉県越谷市弥栄町3-43-189", "url": "https://www.kaigokensaku.mhlw.go.jp/11/index.php?action_kouhyou_detail_004_kani=true&JigyosyoCd=1170800807-00&ServiceCd=320&Type=search", "url2": null }, "geometry": { "type": "Point", "coordinates": [ 139.7952497, 35.9211629 ] } },
{ "type": "Feature", "properties": { "内容": "グループホームひまわり【認知症対応型共同生活介護】埼玉県越谷市川柳町1-305高齢者福祉施設ひまわり", "url": "https://www.kaigokensaku.mhlw.go.jp/11/index.php?action_kouhyou_detail_004_kani=true&JigyosyoCd=1190800142-00&ServiceCd=320&Type=search", "url2": "http://www.kagayaki-group.com/" }, "geometry": { "type": "Point", "coordinates": [ 139.8086922, 35.872959 ] } },
{ "type": "Feature", "properties": { "内容": "グループホームいきいきの家越谷【認知症対応型共同生活介護】埼玉県越谷市大字大竹610-3", "url": "https://www.kaigokensaku.mhlw.go.jp/11/index.php?action_kouhyou_detail_004_kani=true&JigyosyoCd=1190800910-00&ServiceCd=320&Type=search", "url2": "https://www.ikiiki-koshigaya.com/" }, "geometry": { "type": "Point", "coordinates": [ 139.763598300000012, 35.9216459 ] } },
{ "type": "Feature", "properties": { "内容": "エスケアホーム越谷蒲生【認知症対応型共同生活介護】埼玉県越谷市蒲生2-11-9", "url": "https://www.kaigokensaku.mhlw.go.jp/11/index.php?action_kouhyou_detail_004_kani=true&JigyosyoCd=1190800423-00&ServiceCd=320&Type=search", "url2": "http://s-caremate.co.jp" }, "geometry": { "type": "Point", "coordinates": [ 139.800643513305658, 35.861526203792017 ] } },
{ "type": "Feature", "properties": { "内容": "グループホームつどい「小宮家」【認知症対応型共同生活介護】越谷市千間台西４－３－１４", "url": "https://www.kaigokensaku.mhlw.go.jp/11/index.php?action_kouhyou_detail_004_kani=true&JigyosyoCd=1170800989-00&ServiceCd=320&Type=search", "url2": "http://www.mcp-net.jp" }, "geometry": { "type": "Point", "coordinates": [ 139.764981499999976, 35.9354315 ] } },
{ "type": "Feature", "properties": { "内容": "越谷西ケアセンターそよ風【認知症対応型共同生活介護】埼玉県越谷市南荻島565-1", "url": "https://www.kaigokensaku.mhlw.go.jp/11/index.php?action_kouhyou_detail_004_kani=true&JigyosyoCd=1190800126-00&ServiceCd=320&Type=search", "url2": "https://corp.sykz.co.jp" }, "geometry": { "type": "Point", "coordinates": [ 139.7668971, 35.9113986 ] } },
{ "type": "Feature", "properties": { "内容": "グループホームケアセンターあいあい【認知症対応型共同生活介護】越谷市赤山町2-27", "url": "https://www.kaigokensaku.mhlw.go.jp/11/index.php?action_kouhyou_detail_004_kani=true&JigyosyoCd=1190800134-00&ServiceCd=320&Type=search", "url2": "http://www.i-ai.co.jp/index.html" }, "geometry": { "type": "Point", "coordinates": [ 139.7833746, 35.8851097 ] } },
{ "type": "Feature", "properties": { "内容": "愛の家グループホーム越谷相模【認知症対応型共同生活介護】埼玉県越谷市相模町５丁目２２６番地１", "url": "https://www.kaigokensaku.mhlw.go.jp/11/index.php?action_kouhyou_detail_004_kani=true&JigyosyoCd=1190800175-00&ServiceCd=320&Type=search", "url2": "https://mcs-ainoie.com/search/saitama/koshigayashi/gh114/" }, "geometry": { "type": "Point", "coordinates": [ 139.811980299999959, 35.8878127 ] } },
{ "type": "Feature", "properties": { "内容": "こしがや翔裕館【認知症対応型共同生活介護】埼玉県越谷市平方2815-1", "url": "https://www.kaigokensaku.mhlw.go.jp/11/index.php?action_kouhyou_detail_004_kani=true&JigyosyoCd=1190800712-00&ServiceCd=320&Type=search", "url2": "https://sangajapan.jp/koshigaya/koshigaya01/" }, "geometry": { "type": "Point", "coordinates": [ 139.784019699999988, 35.9465897 ] } },
{ "type": "Feature", "properties": { "内容": "グループホーム　みんなの家・蕨【認知症対応型共同生活介護】埼玉県蕨市錦町6-9-23", "url": "https://www.kaigokensaku.mhlw.go.jp/11/index.php?action_kouhyou_detail_004_kani=true&JigyosyoCd=1171400326-00&ServiceCd=320&Type=search", "url2": null }, "geometry": { "type": "Point", "coordinates": [ 139.666342500000042, 35.8277278 ] } },
{ "type": "Feature", "properties": { "内容": "グループホーム　みんなの家・蕨２【認知症対応型共同生活介護】埼玉県蕨市錦町6-9-29", "url": "https://www.kaigokensaku.mhlw.go.jp/11/index.php?action_kouhyou_detail_004_kani=true&JigyosyoCd=1191400058-00&ServiceCd=320&Type=search", "url2": "http://kaigo.alsok.co.jp" }, "geometry": { "type": "Point", "coordinates": [ 139.666634742991647, 35.827589090012822 ] } },
{ "type": "Feature", "properties": { "内容": "ふれあい多居夢蕨【認知症対応型共同生活介護】蕨市中央3-15-22", "url": "https://www.kaigokensaku.mhlw.go.jp/11/index.php?action_kouhyou_detail_004_kani=true&JigyosyoCd=1191400082-00&ServiceCd=320&Type=search", "url2": "https://fureai-hiroba.co.jp/" }, "geometry": { "type": "Point", "coordinates": [ 139.686324, 35.827861700000014 ] } },
{ "type": "Feature", "properties": { "内容": "じゃすみん蕨【認知症対応型共同生活介護】埼玉県蕨市北町5－5－12じゃすみん蕨", "url": "https://www.kaigokensaku.mhlw.go.jp/11/index.php?action_kouhyou_detail_004_kani=true&JigyosyoCd=1191400108-00&ServiceCd=320&Type=search", "url2": "jasmine.warabi.com" }, "geometry": { "type": "Point", "coordinates": [ 139.671522, 35.832372 ] } },
{ "type": "Feature", "properties": { "内容": "愛の家グループホーム戸田笹目【認知症対応型共同生活介護】埼玉県戸田市笹目1－29－18愛の家グループホーム戸田笹目", "url": "https://www.kaigokensaku.mhlw.go.jp/11/index.php?action_kouhyou_detail_004_kani=true&JigyosyoCd=1191900149-00&ServiceCd=320&Type=search", "url2": "www.mcsg.co.jp/" }, "geometry": { "type": "Point", "coordinates": [ 139.6541049, 35.8201424 ] } },
{ "type": "Feature", "properties": { "内容": "グループホーム　みんなの家・戸田【認知症対応型共同生活介護】埼玉県戸田市新曽1038-1", "url": "https://www.kaigokensaku.mhlw.go.jp/11/index.php?action_kouhyou_detail_004_kani=true&JigyosyoCd=1191900016-00&ServiceCd=320&Type=search", "url2": null }, "geometry": { "type": "Point", "coordinates": [ 139.665068, 35.8127272 ] } },
{ "type": "Feature", "properties": { "内容": "ニチイケアセンター戸田中町【認知症対応型共同生活介護】埼玉県戸田市中町2-6-17", "url": "https://www.kaigokensaku.mhlw.go.jp/11/index.php?action_kouhyou_detail_004_kani=true&JigyosyoCd=1191900123-00&ServiceCd=320&Type=search", "url2": "https://www.nichii-kaigo.jp/base/base-result/05N67/" }, "geometry": { "type": "Point", "coordinates": [ 139.6918018, 35.8089063 ] } },
{ "type": "Feature", "properties": { "内容": "グループホーム　たのしい家戸田【認知症対応型共同生活介護】笹目一丁目34-6", "url": "https://www.kaigokensaku.mhlw.go.jp/11/index.php?action_kouhyou_detail_004_kani=true&JigyosyoCd=1191900172-00&ServiceCd=320&Type=search", "url2": null }, "geometry": { "type": "Point", "coordinates": [ 139.656050099999987, 35.8188595 ] } },
{ "type": "Feature", "properties": { "内容": "ふれあい多居夢戸田【認知症対応型共同生活介護】上戸田1-2-11", "url": "https://www.kaigokensaku.mhlw.go.jp/11/index.php?action_kouhyou_detail_004_kani=true&JigyosyoCd=1191900156-00&ServiceCd=320&Type=search", "url2": "https://fureai-hiroba.co.jp/" }, "geometry": { "type": "Point", "coordinates": [ 139.682744973016355, 35.802710313303407 ] } },
{ "type": "Feature", "properties": { "内容": "グループホーム氷川【認知症対応型共同生活介護】埼玉県戸田市氷川町1-4-2", "url": "https://www.kaigokensaku.mhlw.go.jp/11/index.php?action_kouhyou_detail_004_kani=true&JigyosyoCd=1171900531-00&ServiceCd=320&Type=search", "url2": "https://aiyukai-hikawa.com" }, "geometry": { "type": "Point", "coordinates": [ 139.6628068, 35.8094352 ] } },
{ "type": "Feature", "properties": { "内容": "グループホームくつろぎの家【認知症対応型共同生活介護】戸田市美女木１－２９－４５", "url": "https://www.kaigokensaku.mhlw.go.jp/11/index.php?action_kouhyou_detail_004_kani=true&JigyosyoCd=1191900040-00&ServiceCd=320&Type=search", "url2": "http://www.s-kuturogi.com" }, "geometry": { "type": "Point", "coordinates": [ 139.63697, 35.8306352 ] } },
{ "type": "Feature", "properties": { "内容": "戸田ケアコミュニティそよ風【認知症対応型共同生活介護】氷川町2-16-23戸田ケアコミュニティそよ風", "url": "https://www.kaigokensaku.mhlw.go.jp/11/index.php?action_kouhyou_detail_004_kani=true&JigyosyoCd=1191900065-00&ServiceCd=320&Type=search", "url2": "https://www.sykz.co.jp/" }, "geometry": { "type": "Point", "coordinates": [ 139.65796279999995, 35.811895 ] } },
{ "type": "Feature", "properties": { "内容": "グループホーム戸田さくらそう【認知症対応型共同生活介護】戸田市本町３－９－１３", "url": "https://www.kaigokensaku.mhlw.go.jp/11/index.php?action_kouhyou_detail_004_kani=true&JigyosyoCd=1191900115-00&ServiceCd=320&Type=search", "url2": "https://sakura-so.st-staff.co.jp/toda/" }, "geometry": { "type": "Point", "coordinates": [ 139.671898100000021, 35.8096695 ] } },
{ "type": "Feature", "properties": { "内容": "グループホームＳＡＫＵＲＡ【認知症対応型共同生活介護】埼玉県入間市大字小谷田１６５６番地１", "url": "https://www.kaigokensaku.mhlw.go.jp/11/index.php?action_kouhyou_detail_004_kani=true&JigyosyoCd=1172800516-00&ServiceCd=320&Type=search", "url2": "https://www.eijinkai.jp/sakura/" }, "geometry": { "type": "Point", "coordinates": [ 139.367820299999948, 35.8325265 ] } },
{ "type": "Feature", "properties": { "内容": "グループホーム　ほほえみ【認知症対応型共同生活介護】埼玉県入間市新光115-1", "url": "https://www.kaigokensaku.mhlw.go.jp/11/index.php?action_kouhyou_detail_004_kani=true&JigyosyoCd=1192800207-00&ServiceCd=320&Type=search", "url2": "http://anjyukai.or.jp" }, "geometry": { "type": "Point", "coordinates": [ 139.3471222, 35.8506411 ] } },
{ "type": "Feature", "properties": { "内容": "扇揚苑グループホーム【認知症対応型共同生活介護】埼玉県入間市大字中神853-1", "url": "https://www.kaigokensaku.mhlw.go.jp/11/index.php?action_kouhyou_detail_004_kani=true&JigyosyoCd=1172800607-00&ServiceCd=320&Type=search", "url2": "http://www.iruma-oogi.or.jp" }, "geometry": { "type": "Point", "coordinates": [ 139.3553551, 35.8106232 ] } },
{ "type": "Feature", "properties": { "内容": "グループホームあいの郷【認知症対応型共同生活介護】小谷田269-1", "url": "https://www.kaigokensaku.mhlw.go.jp/11/index.php?action_kouhyou_detail_004_kani=true&JigyosyoCd=1192800249-00&ServiceCd=320&Type=search", "url2": "https://ai-iruma.jp" }, "geometry": { "type": "Point", "coordinates": [ 139.368310799999989, 35.8253171 ] } },
{ "type": "Feature", "properties": { "内容": "グループホーム　杜の家　あい【認知症対応型共同生活介護】入間市森坂4－12", "url": "https://www.kaigokensaku.mhlw.go.jp/11/index.php?action_kouhyou_detail_004_kani=true&JigyosyoCd=1192800025-00&ServiceCd=320&Type=search", "url2": null }, "geometry": { "type": "Point", "coordinates": [ 139.373206, 35.836054 ] } },
{ "type": "Feature", "properties": { "内容": "ヒューマンライフケア入間グループホーム【認知症対応型共同生活介護】埼玉県入間市宮前町9-2ヒューマンライフケア入間グループホーム", "url": "https://www.kaigokensaku.mhlw.go.jp/11/index.php?action_kouhyou_detail_004_kani=true&JigyosyoCd=1192800074-00&ServiceCd=320&Type=search", "url2": "http://hlc.athuman.com/caresearch/saitama/392021/index.php?sisetu=143" }, "geometry": { "type": "Point", "coordinates": [ 139.37914518294221, 35.84448629670414 ] } },
{ "type": "Feature", "properties": { "内容": "グループホームあおぞら宮寺【認知症対応型共同生活介護】埼玉県入間市宮寺1721-1グループホームあおぞら宮寺", "url": "https://www.kaigokensaku.mhlw.go.jp/11/index.php?action_kouhyou_detail_004_kani=true&JigyosyoCd=1192800173-00&ServiceCd=320&Type=search", "url2": "info@artlife.bz" }, "geometry": { "type": "Point", "coordinates": [ 139.3676656, 35.7854115 ] } },
{ "type": "Feature", "properties": { "内容": "トゥルーケアGHなでしこ【認知症対応型共同生活介護】大字下藤沢635-25", "url": "https://www.kaigokensaku.mhlw.go.jp/11/index.php?action_kouhyou_detail_004_kani=true&JigyosyoCd=1192800058-00&ServiceCd=320&Type=search", "url2": "http://www.truecare.jp/" }, "geometry": { "type": "Point", "coordinates": [ 139.4097649, 35.8252518 ] } },
{ "type": "Feature", "properties": { "内容": "グループホーム　桜ヶ丘【認知症対応型共同生活介護】埼玉県朝霞市幸町１－１１－７", "url": "https://www.kaigokensaku.mhlw.go.jp/11/index.php?action_kouhyou_detail_004_kani=true&JigyosyoCd=1192100061-00&ServiceCd=320&Type=search", "url2": "http://www.niizafukushikai.or.jp/" }, "geometry": { "type": "Point", "coordinates": [ 139.589000299999952, 35.7976438 ] } },
{ "type": "Feature", "properties": { "内容": "グループホームときわ【認知症対応型共同生活介護】埼玉県朝霞市大字宮戸1614", "url": "https://www.kaigokensaku.mhlw.go.jp/11/index.php?action_kouhyou_detail_004_kani=true&JigyosyoCd=1192100095-00&ServiceCd=320&Type=search", "url2": "http://www.tokiwakai.biz" }, "geometry": { "type": "Point", "coordinates": [ 139.597361305865974, 35.823565316618705 ] } },
{ "type": "Feature", "properties": { "内容": "有限会社　埼玉ライフサポート　ひいらぎの里【認知症対応型共同生活介護】埼玉県朝霞市岡3-17-60", "url": "https://www.kaigokensaku.mhlw.go.jp/11/index.php?action_kouhyou_detail_004_kani=true&JigyosyoCd=1172100263-00&ServiceCd=320&Type=search", "url2": "http://www.hiiragi-sato.co.jp" }, "geometry": { "type": "Point", "coordinates": [ 139.605126299999938, 35.8095566 ] } },
{ "type": "Feature", "properties": { "内容": "ミアヘルサきずなホーム朝霞【認知症対応型共同生活介護】朝霞市溝沼7-8-30", "url": "https://www.kaigokensaku.mhlw.go.jp/11/index.php?action_kouhyou_detail_004_kani=true&JigyosyoCd=1192100111-00&ServiceCd=320&Type=search", "url2": "http://www.merhalsa.jp" }, "geometry": { "type": "Point", "coordinates": [ 139.590512819573974, 35.80839488650463 ] } },
{ "type": "Feature", "properties": { "内容": "トゥルーケアＧＨつつじの里【認知症対応型共同生活介護】朝霞市浜崎４－１－６４", "url": "https://www.kaigokensaku.mhlw.go.jp/11/index.php?action_kouhyou_detail_004_kani=true&JigyosyoCd=1192100053-00&ServiceCd=320&Type=search", "url2": "http://www.truecare.jp" }, "geometry": { "type": "Point", "coordinates": [ 139.595513, 35.8185858 ] } },
{ "type": "Feature", "properties": { "内容": "グループホーム　彩花【認知症対応型共同生活介護】朝霞市大字溝沼806-1", "url": "https://www.kaigokensaku.mhlw.go.jp/11/index.php?action_kouhyou_detail_004_kani=true&JigyosyoCd=1192100087-00&ServiceCd=320&Type=search", "url2": "http://asakanosaika.com/" }, "geometry": { "type": "Point", "coordinates": [ 139.581150775302149, 35.801853360782339 ] } },
{ "type": "Feature", "properties": { "内容": "ふれあい多居夢志木宗岡【認知症対応型共同生活介護】埼玉県志木市中宗岡4-6-20", "url": "https://www.kaigokensaku.mhlw.go.jp/11/index.php?action_kouhyou_detail_004_kani=true&JigyosyoCd=1192200184-00&ServiceCd=320&Type=search", "url2": "https://www.fureai-hiroba.co.jp/" }, "geometry": { "type": "Point", "coordinates": [ 139.5888163, 35.8372099 ] } },
{ "type": "Feature", "properties": { "内容": "健康倶楽部志木幸町【認知症対応型共同生活介護】志木市幸町２－４－１６", "url": "https://www.kaigokensaku.mhlw.go.jp/11/index.php?action_kouhyou_detail_004_kani=true&JigyosyoCd=1192200036-00&ServiceCd=320&Type=search", "url2": "http://shiki-kaigo-kenkoukurabu.jimdo.com/" }, "geometry": { "type": "Point", "coordinates": [ 139.568718, 35.825923599999982 ] } },
{ "type": "Feature", "properties": { "内容": "グループホーム　ブロン【認知症対応型共同生活介護】埼玉県志木市本町２-10-50グループホーム　ブロン", "url": "https://www.kaigokensaku.mhlw.go.jp/11/index.php?action_kouhyou_detail_004_kani=true&JigyosyoCd=1192200085-00&ServiceCd=320&Type=search", "url2": "https://bron.or.jp" }, "geometry": { "type": "Point", "coordinates": [ 139.582061, 35.8338338 ] } },
{ "type": "Feature", "properties": { "内容": "グループホームみんなの家・あきがせ【認知症対応型共同生活介護】埼玉県志木市中宗岡3-25-10", "url": "https://www.kaigokensaku.mhlw.go.jp/11/index.php?action_kouhyou_detail_004_kani=true&JigyosyoCd=1192200093-00&ServiceCd=320&Type=search", "url2": null }, "geometry": { "type": "Point", "coordinates": [ 139.5941097, 35.8403693 ] } },
{ "type": "Feature", "properties": { "内容": "グループホームみんなの家・志木柏町【認知症対応型共同生活介護】埼玉県志木市柏町3-9-19", "url": "https://www.kaigokensaku.mhlw.go.jp/11/index.php?action_kouhyou_detail_004_kani=true&JigyosyoCd=1192200028-00&ServiceCd=320&Type=search", "url2": null }, "geometry": { "type": "Point", "coordinates": [ 139.569198300000039, 35.8315035 ] } },
{ "type": "Feature", "properties": { "内容": "わこう翔裕館【認知症対応型共同生活介護】埼玉県和光市下新倉4‐17-52わこう翔裕館", "url": "https://www.kaigokensaku.mhlw.go.jp/11/index.php?action_kouhyou_detail_004_kani=true&JigyosyoCd=1192300257-00&ServiceCd=320&Type=search", "url2": "https://www.kantousanga.co.jp" }, "geometry": { "type": "Point", "coordinates": [ 139.6273678, 35.7922859 ] } },
{ "type": "Feature", "properties": { "内容": "ニチイケアセンター　和光みなみ【認知症対応型共同生活介護】埼玉県和光市南１－２０－３５", "url": "https://www.kaigokensaku.mhlw.go.jp/11/index.php?action_kouhyou_detail_004_kani=true&JigyosyoCd=1172300160-00&ServiceCd=320&Type=search", "url2": "http://www.nichiigakkan.co.jp" }, "geometry": { "type": "Point", "coordinates": [ 139.605640799999946, 35.7722509 ] } },
{ "type": "Feature", "properties": { "内容": "グループホーム広沢【認知症対応型共同生活介護】埼玉県和光市広沢1番1", "url": "https://www.kaigokensaku.mhlw.go.jp/11/index.php?action_kouhyou_detail_004_kani=true&JigyosyoCd=1192300091-00&ServiceCd=320&Type=search", "url2": "http://n-m-d.jp/area/hirosawa" }, "geometry": { "type": "Point", "coordinates": [ 139.60930970000004, 35.7831272 ] } },
{ "type": "Feature", "properties": { "内容": "グループホーム　　わこうの丘【認知症対応型共同生活介護】埼玉県和光市下新倉３－７－７", "url": "https://www.kaigokensaku.mhlw.go.jp/11/index.php?action_kouhyou_detail_004_kani=true&JigyosyoCd=1192300018-00&ServiceCd=320&Type=search", "url2": "https://wakounooka.com/" }, "geometry": { "type": "Point", "coordinates": [ 139.622263800000042, 35.7898405 ] } },
{ "type": "Feature", "properties": { "内容": "ホーム下新倉【認知症対応型共同生活介護】埼玉県和光市下新倉５－１３－１１", "url": "https://www.kaigokensaku.mhlw.go.jp/11/index.php?action_kouhyou_detail_004_kani=true&JigyosyoCd=1192300067-00&ServiceCd=320&Type=search", "url2": "http://suisei-kai.jp/" }, "geometry": { "type": "Point", "coordinates": [ 139.634737800000039, 35.7949234 ] } },
{ "type": "Feature", "properties": { "内容": "愛の家グループホーム和光中央【認知症対応型共同生活介護】埼玉県和光市中央2丁目5-84", "url": "https://www.kaigokensaku.mhlw.go.jp/11/index.php?action_kouhyou_detail_004_kani=true&JigyosyoCd=1192300208-00&ServiceCd=320&Type=search", "url2": "http:www.mcsg.co.jp/" }, "geometry": { "type": "Point", "coordinates": [ 139.618494791401673, 35.780189895374562 ] } },
{ "type": "Feature", "properties": { "内容": "和光ホーム【認知症対応型共同生活介護】埼玉県和光市諏訪２－４", "url": "https://www.kaigokensaku.mhlw.go.jp/11/index.php?action_kouhyou_detail_004_kani=true&JigyosyoCd=1192300026-00&ServiceCd=320&Type=search", "url2": "http://suisei-kai.jp/" }, "geometry": { "type": "Point", "coordinates": [ 139.619264199999947, 35.7744621 ] } },
{ "type": "Feature", "properties": { "内容": "新座グループホームそよ風【認知症対応型共同生活介護】新座市堀ノ内1-3-32", "url": "https://www.kaigokensaku.mhlw.go.jp/11/index.php?action_kouhyou_detail_004_kani=true&JigyosyoCd=1175100898-00&ServiceCd=320&Type=search", "url2": null }, "geometry": { "type": "Point", "coordinates": [ 139.56206659999998, 35.7784961 ] } },
{ "type": "Feature", "properties": { "内容": "愛の家グループホーム新座東【認知症対応型共同生活介護】埼玉県新座市東1-1-4", "url": "https://www.kaigokensaku.mhlw.go.jp/11/index.php?action_kouhyou_detail_004_kani=true&JigyosyoCd=1195100191-00&ServiceCd=320&Type=search", "url2": "mcs-ainoie.com" }, "geometry": { "type": "Point", "coordinates": [ 139.5671098, 35.8106009 ] } },
{ "type": "Feature", "properties": { "内容": "新座北野グループホームそよ風【認知症対応型共同生活介護】埼玉県新座市北野１丁目５番地１６号", "url": "https://www.kaigokensaku.mhlw.go.jp/11/index.php?action_kouhyou_detail_004_kani=true&JigyosyoCd=1195100092-00&ServiceCd=320&Type=search", "url2": null }, "geometry": { "type": "Point", "coordinates": [ 139.564985200000024, 35.817249600000011 ] } },
{ "type": "Feature", "properties": { "内容": "グループホーム新堀やすらぎ【認知症対応型共同生活介護】埼玉県新座市新堀2-15-15", "url": "https://www.kaigokensaku.mhlw.go.jp/11/index.php?action_kouhyou_detail_004_kani=true&JigyosyoCd=1195100142-00&ServiceCd=320&Type=search", "url2": "http://www.omusashi-yasuragi.jp/" }, "geometry": { "type": "Point", "coordinates": [ 139.524475567459149, 35.771829922964216 ] } },
{ "type": "Feature", "properties": { "内容": "ミモザ新座【認知症対応型共同生活介護】埼玉県新座市東北1-3-15", "url": "https://www.kaigokensaku.mhlw.go.jp/11/index.php?action_kouhyou_detail_004_kani=true&JigyosyoCd=1195100118-00&ServiceCd=320&Type=search", "url2": "http://www.mimoza-care.jp" }, "geometry": { "type": "Point", "coordinates": [ 139.569959700000027, 35.8184051 ] } },
{ "type": "Feature", "properties": { "内容": "グループホーム晴和苑【認知症対応型共同生活介護】新座市東3丁目7番26号", "url": "https://www.kaigokensaku.mhlw.go.jp/11/index.php?action_kouhyou_detail_004_kani=true&JigyosyoCd=1175100740-00&ServiceCd=320&Type=search", "url2": "http://www.seiwaen.jp/" }, "geometry": { "type": "Point", "coordinates": [ 139.572404099999972, 35.8147999 ] } },
{ "type": "Feature", "properties": { "内容": "グループホームえん【認知症対応型共同生活介護】埼玉県新座市石神２－１－４", "url": "https://www.kaigokensaku.mhlw.go.jp/11/index.php?action_kouhyou_detail_004_kani=true&JigyosyoCd=1175100724-00&ServiceCd=320&Type=search", "url2": "http://npoenn.com/" }, "geometry": { "type": "Point", "coordinates": [ 139.555575399999952, 35.7721273 ] } },
{ "type": "Feature", "properties": { "内容": "ミアヘルサ　きずなホーム新座【認知症対応型共同生活介護】埼玉県新座市大和田1-10-29", "url": "https://www.kaigokensaku.mhlw.go.jp/11/index.php?action_kouhyou_detail_004_kani=true&JigyosyoCd=1195100209-00&ServiceCd=320&Type=search", "url2": "www.merhalsa.jp" }, "geometry": { "type": "Point", "coordinates": [ 139.5526642, 35.8087272 ] } },
{ "type": "Feature", "properties": { "内容": "健康倶楽部新座【認知症対応型共同生活介護】埼玉県新座市中野１－５－５", "url": "https://www.kaigokensaku.mhlw.go.jp/11/index.php?action_kouhyou_detail_004_kani=true&JigyosyoCd=1175100799-00&ServiceCd=320&Type=search", "url2": "http://care-net.biz/11/kenkou-club/index.html" }, "geometry": { "type": "Point", "coordinates": [ 139.54504422394254, 35.81707239677614 ] } },
{ "type": "Feature", "properties": { "内容": "ミモザ新座栄【認知症対応型共同生活介護】埼玉県新座市栄5-10-18ミモザ新座栄", "url": "https://www.kaigokensaku.mhlw.go.jp/11/index.php?action_kouhyou_detail_004_kani=true&JigyosyoCd=1195100167-00&ServiceCd=320&Type=search", "url2": "https://mimoza-care.com/facility/group-home/post-988/" }, "geometry": { "type": "Point", "coordinates": [ 139.5789529, 35.7726025 ] } },
{ "type": "Feature", "properties": { "内容": "グループホームみんなの家　桶川【認知症対応型共同生活介護】桶川市坂田東1-36-3", "url": "https://www.kaigokensaku.mhlw.go.jp/11/index.php?action_kouhyou_detail_004_kani=true&JigyosyoCd=1175200391-00&ServiceCd=320&Type=search", "url2": null }, "geometry": { "type": "Point", "coordinates": [ 139.580104799999987, 36.0112632 ] } },
{ "type": "Feature", "properties": { "内容": "桶川ケアセンターそよ風【認知症対応型共同生活介護】埼玉県桶川市上日出谷１２４５－２", "url": "https://www.kaigokensaku.mhlw.go.jp/11/index.php?action_kouhyou_detail_004_kani=true&JigyosyoCd=1175200409-00&ServiceCd=320&Type=search", "url2": "https://www.sykz.co.jp" }, "geometry": { "type": "Point", "coordinates": [ 139.548194700000067, 36.0050488 ] } },
{ "type": "Feature", "properties": { "内容": "グループホームふくとみ【認知症対応型共同生活介護】埼玉県桶川市4993-3", "url": "https://www.kaigokensaku.mhlw.go.jp/11/index.php?action_kouhyou_detail_004_kani=true&JigyosyoCd=1195200090-00&ServiceCd=320&Type=search", "url2": null }, "geometry": { "type": "Point", "coordinates": [ 139.519307826342157, 35.99754820544063 ] } },
{ "type": "Feature", "properties": { "内容": "愛の家グループホーム桶川【認知症対応型共同生活介護】埼玉県桶川市朝日２-１０-１５", "url": "https://www.kaigokensaku.mhlw.go.jp/11/index.php?action_kouhyou_detail_004_kani=true&JigyosyoCd=1175200367-00&ServiceCd=320&Type=search", "url2": "http://www.mcsg.co.jp" }, "geometry": { "type": "Point", "coordinates": [ 139.574101199999973, 35.9875154 ] } },
{ "type": "Feature", "properties": { "内容": "グループホーム　みんなの家・菖蒲【認知症対応型共同生活介護】埼玉県久喜市菖蒲町下栢間2362", "url": "https://www.kaigokensaku.mhlw.go.jp/11/index.php?action_kouhyou_detail_004_kani=true&JigyosyoCd=1170500639-00&ServiceCd=320&Type=search", "url2": null }, "geometry": { "type": "Point", "coordinates": [ 139.5888774, 36.0337837 ] } },
{ "type": "Feature", "properties": { "内容": "愛の家グループホーム久喜本町【認知症対応型共同生活介護】埼玉県久喜市久喜本町5丁目2番18号愛の家グループホーム久喜本町", "url": "https://www.kaigokensaku.mhlw.go.jp/11/index.php?action_kouhyou_detail_004_kani=true&JigyosyoCd=1190900066-00&ServiceCd=320&Type=search", "url2": "http://mcs-ainoie.com/ins131.html" }, "geometry": { "type": "Point", "coordinates": [ 139.666354899999988, 36.0701873 ] } },
{ "type": "Feature", "properties": { "内容": "栗橋グループホーム翔裕園【認知症対応型共同生活介護】埼玉県久喜市小右衛門951-5", "url": "https://www.kaigokensaku.mhlw.go.jp/11/index.php?action_kouhyou_detail_004_kani=true&JigyosyoCd=1171100793-00&ServiceCd=320&Type=search", "url2": "https://www.genkimuragroup.jp/facilitylist/kurihashi-group/" }, "geometry": { "type": "Point", "coordinates": [ 139.716034600000057, 36.1170145 ] } },
{ "type": "Feature", "properties": { "内容": "愛の家グループホーム久喜吉羽【認知症対応型共同生活介護】埼玉県久喜市吉羽１丁目４４－８", "url": "https://www.kaigokensaku.mhlw.go.jp/11/index.php?action_kouhyou_detail_004_kani=true&JigyosyoCd=1170900524-00&ServiceCd=320&Type=search", "url2": "http://www.mcsg.co.jp" }, "geometry": { "type": "Point", "coordinates": [ 139.688002800000049, 36.0643089 ] } },
{ "type": "Feature", "properties": { "内容": "愛の家グループホーム久喜東【認知症対応型共同生活介護】埼玉県久喜市久喜東3丁目2番14号", "url": "https://www.kaigokensaku.mhlw.go.jp/11/index.php?action_kouhyou_detail_004_kani=true&JigyosyoCd=1190900082-00&ServiceCd=320&Type=search", "url2": "http://www.mcsg.co.jp" }, "geometry": { "type": "Point", "coordinates": [ 139.681592300000034, 36.0634035 ] } },
{ "type": "Feature", "properties": { "内容": "グループホームきらら(ぬくもりの家）【認知症対応型共同生活介護】埼玉県久喜市伊坂北2-15-15", "url": "https://www.kaigokensaku.mhlw.go.jp/11/index.php?action_kouhyou_detail_004_kani=true&JigyosyoCd=1171100702-00&ServiceCd=320&Type=search", "url2": "http://keiaikai-j.jp" }, "geometry": { "type": "Point", "coordinates": [ 139.692908200000034, 36.1407582 ] } },
{ "type": "Feature", "properties": { "内容": "グリーンライフ栗橋【認知症対応型共同生活介護】埼玉県久喜市栗橋1342-1", "url": "https://www.kaigokensaku.mhlw.go.jp/11/index.php?action_kouhyou_detail_004_kani=true&JigyosyoCd=1190900199-00&ServiceCd=320&Type=search", "url2": "www:greenlife-inc.co.jp" }, "geometry": { "type": "Point", "coordinates": [ 139.7034875, 36.1298892 ] } },
{ "type": "Feature", "properties": { "内容": "佳和会　グループホームわきあいあい【認知症対応型共同生活介護】埼玉県久喜市栗原296番地3", "url": "https://www.kaigokensaku.mhlw.go.jp/11/index.php?action_kouhyou_detail_004_kani=true&JigyosyoCd=1190900090-00&ServiceCd=320&Type=search", "url2": "http://www.keiwakai-grp.or.jp" }, "geometry": { "type": "Point", "coordinates": [ 139.702286, 36.0675341 ] } },
{ "type": "Feature", "properties": { "内容": "グループホームこころ【認知症対応型共同生活介護】埼玉県久喜市下早見1186-1グループホームこころ", "url": "https://www.kaigokensaku.mhlw.go.jp/11/index.php?action_kouhyou_detail_004_kani=true&JigyosyoCd=1190900108-00&ServiceCd=320&Type=search", "url2": "http://www.sante-g.com" }, "geometry": { "type": "Point", "coordinates": [ 139.679251199999953, 36.0551573 ] } },
{ "type": "Feature", "properties": { "内容": "グループホームフローラ久喜【認知症対応型共同生活介護】埼玉県久喜市吉羽1-6-29グループホームフローラ久喜", "url": "https://www.kaigokensaku.mhlw.go.jp/11/index.php?action_kouhyou_detail_004_kani=true&JigyosyoCd=1170900573-00&ServiceCd=320&Type=search", "url2": "https://kanto-medical.com" }, "geometry": { "type": "Point", "coordinates": [ 139.682985181614697, 36.068525474341399 ] } },
{ "type": "Feature", "properties": { "内容": "愛誠ホーム北本中丸【認知症対応型共同生活介護】埼玉県北本市中丸10-434-1", "url": "https://www.kaigokensaku.mhlw.go.jp/11/index.php?action_kouhyou_detail_004_kani=true&JigyosyoCd=1195300148-00&ServiceCd=320&Type=search", "url2": "https://swc-aisei.or.jp/contents/NOD30/" }, "geometry": { "type": "Point", "coordinates": [ 139.554858180178826, 36.028763003711191 ] } },
{ "type": "Feature", "properties": { "内容": "グループホーム北本【認知症対応型共同生活介護】埼玉県北本市緑3-16", "url": "https://www.kaigokensaku.mhlw.go.jp/11/index.php?action_kouhyou_detail_004_kani=true&JigyosyoCd=1175300282-00&ServiceCd=320&Type=search", "url2": "http://kotobuki-ent.net" }, "geometry": { "type": "Point", "coordinates": [ 139.5360741, 36.0230889 ] } },
{ "type": "Feature", "properties": { "内容": "北本ひまわりケアサポ－ト【認知症対応型共同生活介護】北本市中丸7-52-1", "url": "https://www.kaigokensaku.mhlw.go.jp/11/index.php?action_kouhyou_detail_004_kani=true&JigyosyoCd=1195300072-00&ServiceCd=320&Type=search", "url2": "http://www.ひまわりケアサポート.com" }, "geometry": { "type": "Point", "coordinates": [ 139.552996399999984, 36.0179034 ] } },
{ "type": "Feature", "properties": { "内容": "あすなろホーム　北本【認知症対応型共同生活介護】埼玉県北本市中丸４丁目５１番５号", "url": "https://www.kaigokensaku.mhlw.go.jp/11/index.php?action_kouhyou_detail_004_kani=true&JigyosyoCd=1175300241-00&ServiceCd=320&Type=search", "url2": "http://www.i-ll-gruop.co.jp/ash/" }, "geometry": { "type": "Point", "coordinates": [ 139.548904599999986, 36.0254275 ] } },
{ "type": "Feature", "properties": { "内容": "愛の家グループホーム北本【認知症対応型共同生活介護】北本市中丸4-118-2", "url": "https://www.kaigokensaku.mhlw.go.jp/11/index.php?action_kouhyou_detail_004_kani=true&JigyosyoCd=1175300225-00&ServiceCd=320&Type=search", "url2": "http://www.mcsg.co.jp" }, "geometry": { "type": "Point", "coordinates": [ 139.5490436, 36.0238554 ] } },
{ "type": "Feature", "properties": { "内容": "愛の家グループホーム八潮【認知症対応型共同生活介護】埼玉県八潮市大曽根1273-1", "url": "https://www.kaigokensaku.mhlw.go.jp/11/index.php?action_kouhyou_detail_004_kani=true&JigyosyoCd=1191000015-00&ServiceCd=320&Type=search", "url2": "http://www.mcsg.co.jp" }, "geometry": { "type": "Point", "coordinates": [ 139.823329100000024, 35.803561 ] } },
{ "type": "Feature", "properties": { "内容": "グループホーム八潮【認知症対応型共同生活介護】埼玉県八潮市緑町1-23-8", "url": "https://www.kaigokensaku.mhlw.go.jp/11/index.php?action_kouhyou_detail_004_kani=true&JigyosyoCd=1171000282-00&ServiceCd=320&Type=search", "url2": "http://www.kotobuki-ent.net/ghyashio.php" }, "geometry": { "type": "Point", "coordinates": [ 139.836219300000039, 35.8257577 ] } },
{ "type": "Feature", "properties": { "内容": "グループホームぽっかぽか【認知症対応型共同生活介護】埼玉県八潮市大字八條５０番地", "url": "https://www.kaigokensaku.mhlw.go.jp/11/index.php?action_kouhyou_detail_004_kani=true&JigyosyoCd=1171000217-00&ServiceCd=320&Type=search", "url2": null }, "geometry": { "type": "Point", "coordinates": [ 139.838229400000046, 35.8574533 ] } },
{ "type": "Feature", "properties": { "内容": "八潮ケアセンターそよ風【認知症対応型共同生活介護】埼玉県八潮市中央三丁目1番地12", "url": "https://www.kaigokensaku.mhlw.go.jp/11/index.php?action_kouhyou_detail_004_kani=true&JigyosyoCd=1171000175-00&ServiceCd=320&Type=search", "url2": null }, "geometry": { "type": "Point", "coordinates": [ 139.83290850000003, 35.8215417 ] } },
{ "type": "Feature", "properties": { "内容": "愛・グループホーム潮止【認知症対応型共同生活介護】埼玉県八潮市大字南川崎455-2", "url": "https://www.kaigokensaku.mhlw.go.jp/11/index.php?action_kouhyou_detail_004_kani=true&JigyosyoCd=1191000056-00&ServiceCd=320&Type=search", "url2": "https://i-sogofukushi.com/" }, "geometry": { "type": "Point", "coordinates": [ 139.859042257968213, 35.816619879660685 ] } },
{ "type": "Feature", "properties": { "内容": "ニチイのほほえみ鶴馬【認知症対応型共同生活介護】埼玉県富士見市鶴馬3231-4", "url": "https://www.kaigokensaku.mhlw.go.jp/11/index.php?action_kouhyou_detail_004_kani=true&JigyosyoCd=1192900080-00&ServiceCd=320&Type=search", "url2": "www.nichiigakkan.co.jp" }, "geometry": { "type": "Point", "coordinates": [ 139.549323974205009, 35.848560949169055 ] } },
{ "type": "Feature", "properties": { "内容": "愛の家グループホーム富士見上沢【認知症対応型共同生活介護】上沢1-20-1", "url": "https://www.kaigokensaku.mhlw.go.jp/11/index.php?action_kouhyou_detail_004_kani=true&JigyosyoCd=1192900239-00&ServiceCd=320&Type=search", "url2": "https://mcs-ainoie.com/search/saitama/fujimishi/gh318/" }, "geometry": { "type": "Point", "coordinates": [ 139.53625, 35.853147 ] } },
{ "type": "Feature", "properties": { "内容": "グループホームみずほ苑【認知症対応型共同生活介護】埼玉県富士見市関沢３丁目２３番４１号関沢みずほ苑", "url": "https://www.kaigokensaku.mhlw.go.jp/11/index.php?action_kouhyou_detail_004_kani=true&JigyosyoCd=1192900189-00&ServiceCd=320&Type=search", "url2": "http://www.mizuhoen.com/" }, "geometry": { "type": "Point", "coordinates": [ 139.543402900000046, 35.8367525 ] } },
{ "type": "Feature", "properties": { "内容": "グループホームえぶりわん鶴瀬Ｎｉｓｉ【認知症対応型共同生活介護】埼玉県富士見市鶴瀬西2-8-25", "url": "https://www.kaigokensaku.mhlw.go.jp/11/index.php?action_kouhyou_detail_004_kani=true&JigyosyoCd=1192900163-00&ServiceCd=320&Type=search", "url2": "https://turuse-takumi.jp" }, "geometry": { "type": "Point", "coordinates": [ 139.533863891926558, 35.845443233797539 ] } },
{ "type": "Feature", "properties": { "内容": "ニチイケアセンター富士見【認知症対応型共同生活介護】埼玉県富士見市鶴瀬西2-12-38", "url": "https://www.kaigokensaku.mhlw.go.jp/11/index.php?action_kouhyou_detail_004_kani=true&JigyosyoCd=1192900056-00&ServiceCd=320&Type=search", "url2": "http://www.nichiigakkan.co.jp" }, "geometry": { "type": "Point", "coordinates": [ 139.532000499999981, 35.8450401 ] } },
{ "type": "Feature", "properties": { "内容": "愛の家グループホーム三郷戸ヶ崎【認知症対応型共同生活介護】埼玉県三郷市戸ヶ崎二丁目436番地1", "url": "https://www.kaigokensaku.mhlw.go.jp/11/index.php?action_kouhyou_detail_004_kani=true&JigyosyoCd=1191200193-00&ServiceCd=320&Type=search", "url2": "https://mcs-ainoie.com/search/saitama/misatoshi/gh261/" }, "geometry": { "type": "Point", "coordinates": [ 139.8641986, 35.8043665 ] } },
{ "type": "Feature", "properties": { "内容": "あすなろホーム三郷【認知症対応型共同生活介護】埼玉県三郷市新和４－５４５－２", "url": "https://www.kaigokensaku.mhlw.go.jp/11/index.php?action_kouhyou_detail_004_kani=true&JigyosyoCd=1171200627-00&ServiceCd=320&Type=search", "url2": "http://www.i-ll-group.co.jp" }, "geometry": { "type": "Point", "coordinates": [ 139.8866769, 35.8125072 ] } },
{ "type": "Feature", "properties": { "内容": "グループホーム　みんなの家・三郷【認知症対応型共同生活介護】埼玉県三郷市早稲田2-26-17", "url": "https://www.kaigokensaku.mhlw.go.jp/11/index.php?action_kouhyou_detail_004_kani=true&JigyosyoCd=1171200585-00&ServiceCd=320&Type=search", "url2": null }, "geometry": { "type": "Point", "coordinates": [ 139.880829100000028, 35.8491856 ] } },
{ "type": "Feature", "properties": { "内容": "グループホームみんなの家・三郷２【認知症対応型共同生活介護】埼玉県三郷市泉1-23-7", "url": "https://www.kaigokensaku.mhlw.go.jp/11/index.php?action_kouhyou_detail_004_kani=true&JigyosyoCd=1191200086-00&ServiceCd=320&Type=search", "url2": null }, "geometry": { "type": "Point", "coordinates": [ 139.856993127400187, 35.845690680893718 ] } },
{ "type": "Feature", "properties": { "内容": "認知症対応型共同生活介護ファンハウス【認知症対応型共同生活介護】埼玉県三郷市上彦名471", "url": "https://www.kaigokensaku.mhlw.go.jp/11/index.php?action_kouhyou_detail_004_kani=true&JigyosyoCd=1191200227-00&ServiceCd=320&Type=search", "url2": "https://akashiakai.com/" }, "geometry": { "type": "Point", "coordinates": [ 139.856646399999988, 35.8501759 ] } },
{ "type": "Feature", "properties": { "内容": "認知症対応型共同生活介護ファンハウス　サテライトアカシアの家【認知症対応型共同生活介護】埼玉県三郷市岩野木４１－４", "url": "https://www.kaigokensaku.mhlw.go.jp/11/index.php?action_kouhyou_detail_004_kani=true&JigyosyoCd=1171200528-00&ServiceCd=320&Type=search", "url2": "http://akashiakai.com" }, "geometry": { "type": "Point", "coordinates": [ 139.8794679, 35.8349926 ] } },
{ "type": "Feature", "properties": { "内容": "グループホームトラスト和【認知症対応型共同生活介護】上彦名127-1", "url": "https://www.kaigokensaku.mhlw.go.jp/11/index.php?action_kouhyou_detail_004_kani=true&JigyosyoCd=1191200201-00&ServiceCd=320&Type=search", "url2": "https://www.hikonari-fukushikai.com/" }, "geometry": { "type": "Point", "coordinates": [ 139.845736099999982, 35.8499957 ] } },
{ "type": "Feature", "properties": { "内容": "はなまるホーム三郷中央【認知症対応型共同生活介護】戸ヶ崎3-724-1", "url": "https://www.kaigokensaku.mhlw.go.jp/11/index.php?action_kouhyou_detail_004_kani=true&JigyosyoCd=1191200136-00&ServiceCd=320&Type=search", "url2": "https://www.aiseifukushi.jp/" }, "geometry": { "type": "Point", "coordinates": [ 139.8715469, 35.8000258 ] } },
{ "type": "Feature", "properties": { "内容": "グループホームメディカルフローラ蓮田【認知症対応型共同生活介護】埼玉県蓮田市馬込2-201グループホームメディカルフローラ蓮田", "url": "https://www.kaigokensaku.mhlw.go.jp/11/index.php?action_kouhyou_detail_004_kani=true&JigyosyoCd=1195700073-00&ServiceCd=320&Type=search", "url2": "https://kanto-medical.com/frola/gh/hasuda" }, "geometry": { "type": "Point", "coordinates": [ 139.66023723519595, 35.977299205452162 ] } },
{ "type": "Feature", "properties": { "内容": "あしすとホーム蓮田【認知症対応型共同生活介護】藤ノ木4丁目53番地", "url": "https://www.kaigokensaku.mhlw.go.jp/11/index.php?action_kouhyou_detail_004_kani=true&JigyosyoCd=1195700099-00&ServiceCd=320&Type=search", "url2": "https://medicalassist-s.com/" }, "geometry": { "type": "Point", "coordinates": [ 139.666910800000011, 35.9853802 ] } },
{ "type": "Feature", "properties": { "内容": "グループホーム　みんなの家・蓮田【認知症対応型共同生活介護】埼玉県蓮田市東2-1-25", "url": "https://www.kaigokensaku.mhlw.go.jp/11/index.php?action_kouhyou_detail_004_kani=true&JigyosyoCd=1175700168-00&ServiceCd=320&Type=search", "url2": null }, "geometry": { "type": "Point", "coordinates": [ 139.655575620237755, 35.984966492611711 ] } },
{ "type": "Feature", "properties": { "内容": "愛の家グループホーム蓮田黒浜【認知症対応型共同生活介護】埼玉県蓮田市大字黒浜3827-1", "url": "https://www.kaigokensaku.mhlw.go.jp/11/index.php?action_kouhyou_detail_004_kani=true&JigyosyoCd=1195700057-00&ServiceCd=320&Type=search", "url2": "mcs-ainoie,com" }, "geometry": { "type": "Point", "coordinates": [ 139.660953400000011, 36.0063978 ] } },
{ "type": "Feature", "properties": { "内容": "グループホーム和み　蓮田【認知症対応型共同生活介護】埼玉県蓮田市閏戸2654-1", "url": "https://www.kaigokensaku.mhlw.go.jp/11/index.php?action_kouhyou_detail_004_kani=true&JigyosyoCd=1195700065-00&ServiceCd=320&Type=search", "url2": "https//:nagomi753.co.jp" }, "geometry": { "type": "Point", "coordinates": [ 139.6450403, 36.0056188 ] } },
{ "type": "Feature", "properties": { "内容": "グループホーム平野ひので【認知症対応型共同生活介護】埼玉県蓮田市大字上平野1944-5", "url": "https://www.kaigokensaku.mhlw.go.jp/11/index.php?action_kouhyou_detail_004_kani=true&JigyosyoCd=1195700024-00&ServiceCd=320&Type=search", "url2": null }, "geometry": { "type": "Point", "coordinates": [ 139.618852499999946, 36.0270069 ] } },
{ "type": "Feature", "properties": { "内容": "グループホームメディカルフローラ蓮田川島【認知症対応型共同生活介護】埼玉県蓮田市川島263ー１グループホームメディカルフローラ蓮田川島", "url": "https://www.kaigokensaku.mhlw.go.jp/11/index.php?action_kouhyou_detail_004_kani=true&JigyosyoCd=1195700123-00&ServiceCd=320&Type=search", "url2": null }, "geometry": { "type": "Point", "coordinates": [ 139.66689310000001, 35.979367 ] } },
{ "type": "Feature", "properties": { "内容": "坂戸西グループホームそよ風【認知症対応型共同生活介護】埼玉県坂戸市大字戸口道々559-2", "url": "https://www.kaigokensaku.mhlw.go.jp/11/index.php?action_kouhyou_detail_004_kani=true&JigyosyoCd=1196000101-00&ServiceCd=320&Type=search", "url2": "hhttp://www.soyokaze.co.jp/" }, "geometry": { "type": "Point", "coordinates": [ 139.402905499999946, 35.9571698 ] } },
{ "type": "Feature", "properties": { "内容": "シャローム・グループホーム【認知症対応型共同生活介護】坂戸市新堀１-１", "url": "https://www.kaigokensaku.mhlw.go.jp/11/index.php?action_kouhyou_detail_004_kani=true&JigyosyoCd=1176000410-00&ServiceCd=320&Type=search", "url2": "http://www.shalom7h.or.jp" }, "geometry": { "type": "Point", "coordinates": [ 139.370672157793933, 35.962549548454497 ] } },
{ "type": "Feature", "properties": { "内容": "坂戸グループホームそよ風【認知症対応型共同生活介護】坂戸市大字赤尾1893-1", "url": "https://www.kaigokensaku.mhlw.go.jp/11/index.php?action_kouhyou_detail_004_kani=true&JigyosyoCd=1196000069-00&ServiceCd=320&Type=search", "url2": "https://corp.sykz.co.jp/" }, "geometry": { "type": "Point", "coordinates": [ 139.433403699999985, 35.988619 ] } },
{ "type": "Feature", "properties": { "内容": "坂戸東グループホームそよ風【認知症対応型共同生活介護】埼玉県坂戸市中小坂７８１－４", "url": "https://www.kaigokensaku.mhlw.go.jp/11/index.php?action_kouhyou_detail_004_kani=true&JigyosyoCd=1196000119-00&ServiceCd=320&Type=search", "url2": "https://www.sykz.co.jp/shisetsu/54" }, "geometry": { "type": "Point", "coordinates": [ 139.438836900000069, 35.9479477 ] } },
{ "type": "Feature", "properties": { "内容": "あったかホーム【認知症対応型共同生活介護】埼玉県坂戸市厚川185", "url": "https://www.kaigokensaku.mhlw.go.jp/11/index.php?action_kouhyou_detail_004_kani=true&JigyosyoCd=1176000352-00&ServiceCd=320&Type=search", "url2": "attakasakado@outlook.jp" }, "geometry": { "type": "Point", "coordinates": [ 139.368895400000042, 35.945421 ] } },
{ "type": "Feature", "properties": { "内容": "グループホームかおる【認知症対応型共同生活介護】埼玉県坂戸市大字上吉田260-24", "url": "https://www.kaigokensaku.mhlw.go.jp/11/index.php?action_kouhyou_detail_004_kani=true&JigyosyoCd=1176000451-00&ServiceCd=320&Type=search", "url2": "http://gh-kaoru.webmedipr.jp/" }, "geometry": { "type": "Point", "coordinates": [ 139.3925099, 35.9795141 ] } },
{ "type": "Feature", "properties": { "内容": "グループホーム暖家坂戸【認知症対応型共同生活介護】埼玉県坂戸市関間4-11-14", "url": "https://www.kaigokensaku.mhlw.go.jp/11/index.php?action_kouhyou_detail_004_kani=true&JigyosyoCd=1196000093-00&ServiceCd=320&Type=search", "url2": "http://www.danke.medihome.co.jp" }, "geometry": { "type": "Point", "coordinates": [ 139.405077300000016, 35.9490073 ] } },
{ "type": "Feature", "properties": { "内容": "グループホーム　つどい小島家【認知症対応型共同生活介護】埼玉県幸手市東1-14-6", "url": "https://www.kaigokensaku.mhlw.go.jp/11/index.php?action_kouhyou_detail_004_kani=true&JigyosyoCd=1196100067-00&ServiceCd=320&Type=search", "url2": "www.mcp-net.jp/" }, "geometry": { "type": "Point", "coordinates": [ 139.722139299999981, 36.0694398 ] } },
{ "type": "Feature", "properties": { "内容": "あすなろホーム幸手【認知症対応型共同生活介護】埼玉県幸手市南3-23-30", "url": "https://www.kaigokensaku.mhlw.go.jp/11/index.php?action_kouhyou_detail_004_kani=true&JigyosyoCd=1176100285-00&ServiceCd=320&Type=search", "url2": "http://www.i-ll-group.co.jp/ash/homeguide/satte.html" }, "geometry": { "type": "Point", "coordinates": [ 139.710781499999939, 36.0727974 ] } },
{ "type": "Feature", "properties": { "内容": "グループホームつどい幸手小島家【認知症対応型共同生活介護】埼玉県幸手市東1-8-32", "url": "https://www.kaigokensaku.mhlw.go.jp/11/index.php?action_kouhyou_detail_004_kani=true&JigyosyoCd=1196100091-00&ServiceCd=320&Type=search", "url2": "gh-sattekojimake@mcp-tsudoi.com" }, "geometry": { "type": "Point", "coordinates": [ 139.719641200000069, 36.0688253 ] } },
{ "type": "Feature", "properties": { "内容": "ソレアード幸手【認知症対応型共同生活介護】埼玉県幸手市幸手3799-8", "url": "https://www.kaigokensaku.mhlw.go.jp/11/index.php?action_kouhyou_detail_004_kani=true&JigyosyoCd=1176100343-00&ServiceCd=320&Type=search", "url2": "http://www.soleado.jp/" }, "geometry": { "type": "Point", "coordinates": [ 139.71171419999996, 36.0831768 ] } },
{ "type": "Feature", "properties": { "内容": "グループホーム鶴ヶ島【認知症対応型共同生活介護】鶴ヶ島市上広谷６５２－２", "url": "https://www.kaigokensaku.mhlw.go.jp/11/index.php?action_kouhyou_detail_004_kani=true&JigyosyoCd=1196200057-00&ServiceCd=320&Type=search", "url2": "http://www.kotobuki-ent.net/ghtsurugashima.php" }, "geometry": { "type": "Point", "coordinates": [ 139.410079399999972, 35.9449609 ] } },
{ "type": "Feature", "properties": { "内容": "愛の家グループホーム鶴ヶ島三ツ木【認知症対応型共同生活介護】埼玉県鶴ヶ島市三ツ木923-20", "url": "https://www.kaigokensaku.mhlw.go.jp/11/index.php?action_kouhyou_detail_004_kani=true&JigyosyoCd=1196200065-00&ServiceCd=320&Type=search", "url2": "http://www.mcsg.co.jp/" }, "geometry": { "type": "Point", "coordinates": [ 139.3828929, 35.9256165 ] } },
{ "type": "Feature", "properties": { "内容": "あったかホーム鶴ヶ島【認知症対応型共同生活介護】埼玉県鶴ヶ島市上広谷539-1", "url": "https://www.kaigokensaku.mhlw.go.jp/11/index.php?action_kouhyou_detail_004_kani=true&JigyosyoCd=1176200200-00&ServiceCd=320&Type=search", "url2": "http://attakahome.com" }, "geometry": { "type": "Point", "coordinates": [ 139.413709400000016, 35.9374539 ] } },
{ "type": "Feature", "properties": { "内容": "グループホーム暖家鶴ヶ島【認知症対応型共同生活介護】鶴ヶ島市新町１－１９－８", "url": "https://www.kaigokensaku.mhlw.go.jp/11/index.php?action_kouhyou_detail_004_kani=true&JigyosyoCd=1196200040-00&ServiceCd=320&Type=search", "url2": "http://www.danke.medihome.co.jp/" }, "geometry": { "type": "Point", "coordinates": [ 139.374339100000043, 35.9374 ] } },
{ "type": "Feature", "properties": { "内容": "グループホーム日高苑【認知症対応型共同生活介護】埼玉県日高市旭ヶ丘梅の台299-3", "url": "https://www.kaigokensaku.mhlw.go.jp/11/index.php?action_kouhyou_detail_004_kani=true&JigyosyoCd=1196300097-00&ServiceCd=320&Type=search", "url2": "https://www.ichishin-care.co.jp/" }, "geometry": { "type": "Point", "coordinates": [ 139.360658, 35.905766 ] } },
{ "type": "Feature", "properties": { "内容": "グループホームつどい「高麗川」【認知症対応型共同生活介護】埼玉県日高市原宿334-1", "url": "https://www.kaigokensaku.mhlw.go.jp/11/index.php?action_kouhyou_detail_004_kani=true&JigyosyoCd=1196300139-00&ServiceCd=320&Type=search", "url2": "http://www.mcp-net.jp" }, "geometry": { "type": "Point", "coordinates": [ 139.3424738, 35.9013736 ] } },
{ "type": "Feature", "properties": { "内容": "愛・グループホーム木売【認知症対応型共同生活介護】埼玉県吉川市木売2-10-1", "url": "https://www.kaigokensaku.mhlw.go.jp/11/index.php?action_kouhyou_detail_004_kani=true&JigyosyoCd=1196400152-00&ServiceCd=320&Type=search", "url2": null }, "geometry": { "type": "Point", "coordinates": [ 139.841807100000011, 35.875093 ] } },
{ "type": "Feature", "properties": { "内容": "グループホームみんなの家・吉川【認知症対応型共同生活介護】埼玉県吉川市栄町1501番地", "url": "https://www.kaigokensaku.mhlw.go.jp/11/index.php?action_kouhyou_detail_004_kani=true&JigyosyoCd=1196400095-00&ServiceCd=320&Type=search", "url2": null }, "geometry": { "type": "Point", "coordinates": [ 139.858614818971347, 35.887331893768604 ] } },
{ "type": "Feature", "properties": { "内容": "グループホームなごみ【認知症対応型共同生活介護】埼玉県吉川市きよみ野2－15－1グループホームなごみ", "url": "https://www.kaigokensaku.mhlw.go.jp/11/index.php?action_kouhyou_detail_004_kani=true&JigyosyoCd=1196400111-00&ServiceCd=320&Type=search", "url2": "http://objective-inc.com" }, "geometry": { "type": "Point", "coordinates": [ 139.851246254522721, 35.895265369654666 ] } },
{ "type": "Feature", "properties": { "内容": "グループホームふくしのまち鶴ケ岡【認知症対応型共同生活介護】埼玉県ふじみ野市鶴ケ岡3-19-84グループホームふくしのまち鶴ケ岡", "url": "https://www.kaigokensaku.mhlw.go.jp/11/index.php?action_kouhyou_detail_004_kani=true&JigyosyoCd=1193000062-00&ServiceCd=320&Type=search", "url2": "http://www.youism.co.jp" }, "geometry": { "type": "Point", "coordinates": [ 139.500619, 35.8694445 ] } },
{ "type": "Feature", "properties": { "内容": "上福岡グループホームそよ風【認知症対応型共同生活介護】埼玉県ふじみ野市上ノ原1-5-8", "url": "https://www.kaigokensaku.mhlw.go.jp/11/index.php?action_kouhyou_detail_004_kani=true&JigyosyoCd=1193000047-00&ServiceCd=320&Type=search", "url2": "https://www.sykz.co.jp/" }, "geometry": { "type": "Point", "coordinates": [ 139.523461, 35.8759 ] } },
{ "type": "Feature", "properties": { "内容": "大井グループホームそよ風【認知症対応型共同生活介護】大井1-6-14", "url": "https://www.kaigokensaku.mhlw.go.jp/11/index.php?action_kouhyou_detail_004_kani=true&JigyosyoCd=1193000039-00&ServiceCd=320&Type=search", "url2": "https://corp.sykz.co.jp/" }, "geometry": { "type": "Point", "coordinates": [ 139.7336688, 35.6067555 ] } },
{ "type": "Feature", "properties": { "内容": "生協グループホーム大井【認知症対応型共同生活介護】ふじみ野1-1-12", "url": "https://www.kaigokensaku.mhlw.go.jp/11/index.php?action_kouhyou_detail_004_kani=true&JigyosyoCd=1193000153-00&ServiceCd=320&Type=search", "url2": "https://ohikyoudou.mcp-saitamawest.jp/" }, "geometry": { "type": "Point", "coordinates": [ 139.5131027, 35.8603439 ] } },
{ "type": "Feature", "properties": { "内容": "グループホーム鶴ケ岡苑【認知症対応型共同生活介護】埼玉県ふじみ野市西鶴ケ岡2158-4", "url": "https://www.kaigokensaku.mhlw.go.jp/11/index.php?action_kouhyou_detail_004_kani=true&JigyosyoCd=1193000112-00&ServiceCd=320&Type=search", "url2": null }, "geometry": { "type": "Point", "coordinates": [ 139.496129200000013, 35.8601342 ] } },
{ "type": "Feature", "properties": { "内容": "愛の家グループホーム白岡【認知症対応型共同生活介護】埼玉県白岡市新白岡六丁目12番地4", "url": "https://www.kaigokensaku.mhlw.go.jp/11/index.php?action_kouhyou_detail_004_kani=true&JigyosyoCd=1170500407-00&ServiceCd=320&Type=search", "url2": "https://mcs-ainoie.com/ins9.html" }, "geometry": { "type": "Point", "coordinates": [ 139.670138695106488, 36.031036861803507 ] } },
{ "type": "Feature", "properties": { "内容": "ソレアード新白岡【認知症対応型共同生活介護】埼玉県白岡市新白岡8-12-3", "url": "https://www.kaigokensaku.mhlw.go.jp/11/index.php?action_kouhyou_detail_004_kani=true&JigyosyoCd=1170500480-00&ServiceCd=320&Type=search", "url2": "http://www.soleado.jp/" }, "geometry": { "type": "Point", "coordinates": [ 139.670044400000052, 36.0361489 ] } },
{ "type": "Feature", "properties": { "内容": "グループホームメディカルフローラ新白岡【認知症対応型共同生活介護】埼玉県白岡市新白岡7-5-11", "url": "https://www.kaigokensaku.mhlw.go.jp/11/index.php?action_kouhyou_detail_004_kani=true&JigyosyoCd=1170500381-00&ServiceCd=320&Type=search", "url2": "http://shiraoka.flora-home.com/" }, "geometry": { "type": "Point", "coordinates": [ 139.670525059897926, 36.040195225887281 ] } },
{ "type": "Feature", "properties": { "内容": "こむろん家【認知症対応型共同生活介護】埼玉県北足立郡伊奈町小室１０１４５－１", "url": "https://www.kaigokensaku.mhlw.go.jp/11/index.php?action_kouhyou_detail_004_kani=true&JigyosyoCd=1171300187-00&ServiceCd=320&Type=search", "url2": "http://www.taijukai.com" }, "geometry": { "type": "Point", "coordinates": [ 139.612622699999946, 35.9937597 ] } },
{ "type": "Feature", "properties": { "内容": "グループホーム和み　伊奈【認知症対応型共同生活介護】埼玉県北足立郡伊奈町小室5310-2", "url": "https://www.kaigokensaku.mhlw.go.jp/11/index.php?action_kouhyou_detail_004_kani=true&JigyosyoCd=1191300027-00&ServiceCd=320&Type=search", "url2": "https://www.nagomi753.co.jp/" }, "geometry": { "type": "Point", "coordinates": [ 139.619808599999942, 35.9955992 ] } },
{ "type": "Feature", "properties": { "内容": "三芳グループホームそよ風【認知症対応型共同生活介護】埼玉県入間郡三芳町上富1553‐3", "url": "https://www.kaigokensaku.mhlw.go.jp/11/index.php?action_kouhyou_detail_004_kani=true&JigyosyoCd=1192400081-00&ServiceCd=320&Type=search", "url2": null }, "geometry": { "type": "Point", "coordinates": [ 139.493774094165019, 35.837007117979297 ] } },
{ "type": "Feature", "properties": { "内容": "愛の家グループホーム三芳竹間沢【認知症対応型共同生活介護】埼玉県入間郡三芳町竹間沢577番地1", "url": "https://www.kaigokensaku.mhlw.go.jp/11/index.php?action_kouhyou_detail_004_kani=true&JigyosyoCd=1192400149-00&ServiceCd=320&Type=search", "url2": "https://mcs-ainoie.com/gh264.html" }, "geometry": { "type": "Point", "coordinates": [ 139.540728400000035, 35.8266286 ] } },
{ "type": "Feature", "properties": { "内容": "ケアピリカみよし【認知症対応型共同生活介護】埼玉県入間郡三芳町上富318-2ケアピリカみよし", "url": "https://www.kaigokensaku.mhlw.go.jp/11/index.php?action_kouhyou_detail_004_kani=true&JigyosyoCd=1192400214-00&ServiceCd=320&Type=search", "url2": "https://ims.gr.jp/carepilica_miyoshi/access.html" }, "geometry": { "type": "Point", "coordinates": [ 139.506648116422838, 35.827042628855217 ] } },
{ "type": "Feature", "properties": { "内容": "みどりの風あすわ【認知症対応型共同生活介護】埼玉県入間郡毛呂山町大字阿諏訪1番1", "url": "https://www.kaigokensaku.mhlw.go.jp/11/index.php?action_kouhyou_detail_004_kani=true&JigyosyoCd=1192400099-00&ServiceCd=320&Type=search", "url2": "http://inahonomichi.jp/" }, "geometry": { "type": "Point", "coordinates": [ 139.3027882, 35.939892 ] } },
{ "type": "Feature", "properties": { "内容": "あったかホーム毛呂山【認知症対応型共同生活介護】埼玉県入間郡毛呂山町西戸962", "url": "https://www.kaigokensaku.mhlw.go.jp/11/index.php?action_kouhyou_detail_004_kani=true&JigyosyoCd=1192400065-00&ServiceCd=320&Type=search", "url2": "http://www.attakahome.com/moroyama/moro-index.html" }, "geometry": { "type": "Point", "coordinates": [ 139.326840700000048, 35.955888 ] } },
{ "type": "Feature", "properties": { "内容": "グループホームあおぞら川角【認知症対応型共同生活介護】埼玉県入間郡毛呂山町川角504-1", "url": "https://www.kaigokensaku.mhlw.go.jp/11/index.php?action_kouhyou_detail_004_kani=true&JigyosyoCd=1192400156-00&ServiceCd=320&Type=search", "url2": null }, "geometry": { "type": "Point", "coordinates": [ 139.3372604, 35.9447046 ] } },
{ "type": "Feature", "properties": { "内容": "グループホームあおぞら毛呂山【認知症対応型共同生活介護】埼玉県入間郡毛呂山町前久保南4-16-1", "url": "https://www.kaigokensaku.mhlw.go.jp/11/index.php?action_kouhyou_detail_004_kani=true&JigyosyoCd=1192400164-00&ServiceCd=320&Type=search", "url2": null }, "geometry": { "type": "Point", "coordinates": [ 139.326311299999986, 35.9441075 ] } },
{ "type": "Feature", "properties": { "内容": "グループホーム越生町やすらぎ【認知症対応型共同生活介護】埼玉県入間郡越生町越生969-1", "url": "https://www.kaigokensaku.mhlw.go.jp/11/index.php?action_kouhyou_detail_004_kani=true&JigyosyoCd=1192400115-00&ServiceCd=320&Type=search", "url2": "http://www.omusashi-yasuragi.jp" }, "geometry": { "type": "Point", "coordinates": [ 139.2927631, 35.9626334 ] } },
{ "type": "Feature", "properties": { "内容": "ふれあい大笑庵グループホーム【認知症対応型共同生活介護】比企郡滑川町伊古６３４－１", "url": "https://www.kaigokensaku.mhlw.go.jp/11/index.php?action_kouhyou_detail_004_kani=true&JigyosyoCd=1193200175-00&ServiceCd=320&Type=search", "url2": null }, "geometry": { "type": "Point", "coordinates": [ 139.34120138606113, 36.075795988771937 ] } },
{ "type": "Feature", "properties": { "内容": "らんざん苑グループホーム【認知症対応型共同生活介護】大字越畑1330", "url": "https://www.kaigokensaku.mhlw.go.jp/11/index.php?action_kouhyou_detail_004_kani=true&JigyosyoCd=1193200183-00&ServiceCd=320&Type=search", "url2": "http://www.ranzanen.or.jp" }, "geometry": { "type": "Point", "coordinates": [ 139.3145379, 36.044591900000015 ] } },
{ "type": "Feature", "properties": { "内容": "グループホーム　田舎の家【認知症対応型共同生活介護】埼玉県比企郡小川町青山201-1", "url": "https://www.kaigokensaku.mhlw.go.jp/11/index.php?action_kouhyou_detail_004_kani=true&JigyosyoCd=1173200559-00&ServiceCd=320&Type=search", "url2": "http://care-net.biz/11/saikouland/" }, "geometry": { "type": "Point", "coordinates": [ 139.264895300000035, 36.045095900000014 ] } },
{ "type": "Feature", "properties": { "内容": "グループホームこしごえ【認知症対応型共同生活介護】埼玉県比企郡小川町腰越４２４－３", "url": "https://www.kaigokensaku.mhlw.go.jp/11/index.php?action_kouhyou_detail_004_kani=true&JigyosyoCd=1173200963-00&ServiceCd=320&Type=search", "url2": "https://koshigoe-home.com" }, "geometry": { "type": "Point", "coordinates": [ 139.2405, 36.0478393 ] } },
{ "type": "Feature", "properties": { "内容": "グループホーム眞美の郷【認知症対応型共同生活介護】埼玉県比企郡小川町東小川2-22-5", "url": "https://www.kaigokensaku.mhlw.go.jp/11/index.php?action_kouhyou_detail_004_kani=true&JigyosyoCd=1193200308-00&ServiceCd=320&Type=search", "url2": "ds-mmnst@mamie-hp.or.jp" }, "geometry": { "type": "Point", "coordinates": [ 139.2898467, 36.0535774 ] } },
{ "type": "Feature", "properties": { "内容": "グループホームやわた【認知症対応型共同生活介護】埼玉県比企郡小川町奈良梨３４６－１", "url": "https://www.kaigokensaku.mhlw.go.jp/11/index.php?action_kouhyou_detail_004_kani=true&JigyosyoCd=1173201102-00&ServiceCd=320&Type=search", "url2": null }, "geometry": { "type": "Point", "coordinates": [ 139.287708, 36.0884186 ] } },
{ "type": "Feature", "properties": { "内容": "グループホーム彩香らんど「田舎の家」【認知症対応型共同生活介護】埼玉県比企郡小川町下里706-1", "url": "https://www.kaigokensaku.mhlw.go.jp/11/index.php?action_kouhyou_detail_004_kani=true&JigyosyoCd=1173200906-00&ServiceCd=320&Type=search", "url2": "http://care-net.biz/11/saikouland/" }, "geometry": { "type": "Point", "coordinates": [ 139.281341099999963, 36.0431272 ] } },
{ "type": "Feature", "properties": { "内容": "グループホーム　楽しい家【認知症対応型共同生活介護】埼玉県比企郡吉見町大字地頭方４２２", "url": "https://www.kaigokensaku.mhlw.go.jp/11/index.php?action_kouhyou_detail_004_kani=true&JigyosyoCd=1193200068-00&ServiceCd=320&Type=search", "url2": null }, "geometry": { "type": "Point", "coordinates": [ 139.457740699999988, 36.0610775 ] } },
{ "type": "Feature", "properties": { "内容": "愛の家グループホーム鳩山【認知症対応型共同生活介護】埼玉県比企郡鳩山町大字今宿146番地1", "url": "https://www.kaigokensaku.mhlw.go.jp/11/index.php?action_kouhyou_detail_004_kani=true&JigyosyoCd=1193200274-00&ServiceCd=320&Type=search", "url2": "https://mcs-ainoie.com/gh302.html" }, "geometry": { "type": "Point", "coordinates": [ 139.3397478, 35.9664072 ] } },
{ "type": "Feature", "properties": { "内容": "グループホーム　いこいの里【認知症対応型共同生活介護】埼玉県比企郡鳩山町大橋９８４－１", "url": "https://www.kaigokensaku.mhlw.go.jp/11/index.php?action_kouhyou_detail_004_kani=true&JigyosyoCd=1173200930-00&ServiceCd=320&Type=search", "url2": null }, "geometry": { "type": "Point", "coordinates": [ 139.343128, 35.9919868 ] } },
{ "type": "Feature", "properties": { "内容": "グループホームさくら・さくら【認知症対応型共同生活介護】埼玉県比企郡ときがわ町大字玉川２５１番地", "url": "https://www.kaigokensaku.mhlw.go.jp/11/index.php?action_kouhyou_detail_004_kani=true&JigyosyoCd=1173201144-00&ServiceCd=320&Type=search", "url2": "https://sakurasakura-kaigo.com/" }, "geometry": { "type": "Point", "coordinates": [ 139.3098314, 36.0151391 ] } },
{ "type": "Feature", "properties": { "内容": "よしの佐久良都幾川【認知症対応型共同生活介護】埼玉県比企郡ときがわ町大字田中380-1", "url": "https://www.kaigokensaku.mhlw.go.jp/11/index.php?action_kouhyou_detail_004_kani=true&JigyosyoCd=1193200167-00&ServiceCd=320&Type=search", "url2": null }, "geometry": { "type": "Point", "coordinates": [ 139.266774100000021, 36.0063858 ] } },
{ "type": "Feature", "properties": { "内容": "グループホーム万年青【認知症対応型共同生活介護】秩父郡横瀬町大字横瀬６１６０番地３", "url": "https://www.kaigokensaku.mhlw.go.jp/11/index.php?action_kouhyou_detail_004_kani=true&JigyosyoCd=1194800080-00&ServiceCd=320&Type=search", "url2": null }, "geometry": { "type": "Point", "coordinates": [ 139.1066475, 35.9982436 ] } },
{ "type": "Feature", "properties": { "内容": "グループホーム大浜【認知症対応型共同生活介護】埼玉県秩父郡皆野町大字皆野３０２－２", "url": "https://www.kaigokensaku.mhlw.go.jp/11/index.php?action_kouhyou_detail_004_kani=true&JigyosyoCd=1174800597-00&ServiceCd=320&Type=search", "url2": "http://minano-fukusikai.jp/" }, "geometry": { "type": "Point", "coordinates": [ 139.089228100000014, 36.0663707 ] } },
{ "type": "Feature", "properties": { "内容": "グループホーム　梅こよみ【認知症対応型共同生活介護】埼玉県秩父郡皆野町大字国神854-6", "url": "https://www.kaigokensaku.mhlw.go.jp/11/index.php?action_kouhyou_detail_004_kani=true&JigyosyoCd=1194800064-00&ServiceCd=320&Type=search", "url2": "umekoyomi.com" }, "geometry": { "type": "Point", "coordinates": [ 139.088949500000012, 36.0819823 ] } },
{ "type": "Feature", "properties": { "内容": "エルダーホームながとろ【認知症対応型共同生活介護】埼玉県秩父郡長瀞町大字岩田３３４－１", "url": "https://www.kaigokensaku.mhlw.go.jp/11/index.php?action_kouhyou_detail_004_kani=true&JigyosyoCd=1194800056-00&ServiceCd=320&Type=search", "url2": null }, "geometry": { "type": "Point", "coordinates": [ 139.121490200000039, 36.1261044 ] } },
{ "type": "Feature", "properties": { "内容": "グループホーム茅の里【認知症対応型共同生活介護】埼玉県秩父郡小鹿野町長留901-1", "url": "https://www.kaigokensaku.mhlw.go.jp/11/index.php?action_kouhyou_detail_004_kani=true&JigyosyoCd=1194800015-00&ServiceCd=320&Type=search", "url2": null }, "geometry": { "type": "Point", "coordinates": [ 139.0363726, 36.0053915 ] } },
{ "type": "Feature", "properties": { "内容": "さくら【認知症対応型共同生活介護】埼玉県秩父郡小鹿野町般若８２１", "url": "https://www.kaigokensaku.mhlw.go.jp/11/index.php?action_kouhyou_detail_004_kani=true&JigyosyoCd=1174800480-00&ServiceCd=320&Type=search", "url2": "http://park1.wakwak.com/^keiai-sakura/" }, "geometry": { "type": "Point", "coordinates": [ 139.033421399999952, 35.9964346 ] } },
{ "type": "Feature", "properties": { "内容": "グループホームわらび苑【認知症対応型共同生活介護】埼玉県秩父郡小鹿野町大字長留3073", "url": "https://www.kaigokensaku.mhlw.go.jp/11/index.php?action_kouhyou_detail_004_kani=true&JigyosyoCd=1174800548-00&ServiceCd=320&Type=search", "url2": "https：//ww.minnanokaigo.com/facility/022-1174800548/" }, "geometry": { "type": "Point", "coordinates": [ 139.031609350926146, 35.986479487808744 ] } },
{ "type": "Feature", "properties": { "内容": "グループホーム　いこいの郷【認知症対応型共同生活介護】埼玉県児玉郡美里町大字白石２３２１－２", "url": "https://www.kaigokensaku.mhlw.go.jp/11/index.php?action_kouhyou_detail_004_kani=true&JigyosyoCd=1174200590-00&ServiceCd=320&Type=search", "url2": "https://www.momoyonooka.info" }, "geometry": { "type": "Point", "coordinates": [ 139.179172, 36.1540516 ] } },
{ "type": "Feature", "properties": { "内容": "グループホーム　なごみの家【認知症対応型共同生活介護】埼玉県児玉郡美里町猪俣３１９８－２", "url": "https://www.kaigokensaku.mhlw.go.jp/11/index.php?action_kouhyou_detail_004_kani=true&JigyosyoCd=1174200384-00&ServiceCd=320&Type=search", "url2": "https://www.momoyonooka.info" }, "geometry": { "type": "Point", "coordinates": [ 139.178844300000037, 36.1537405 ] } },
{ "type": "Feature", "properties": { "内容": "グループホーム　つどいの杜【認知症対応型共同生活介護】埼玉県児玉郡美里町白石２３１９－１", "url": "https://www.kaigokensaku.mhlw.go.jp/11/index.php?action_kouhyou_detail_004_kani=true&JigyosyoCd=1194200208-00&ServiceCd=320&Type=search", "url2": "https://www.momoyonooka.info" }, "geometry": { "type": "Point", "coordinates": [ 139.1797068, 36.1547111 ] } },
{ "type": "Feature", "properties": { "内容": "グループホーム　ゆうゆう倶楽部【認知症対応型共同生活介護】埼玉県児玉郡神川町肥土220", "url": "https://www.kaigokensaku.mhlw.go.jp/11/index.php?action_kouhyou_detail_004_kani=true&JigyosyoCd=1174200681-00&ServiceCd=320&Type=search", "url2": "http://bestcaregroup.jp" }, "geometry": { "type": "Point", "coordinates": [ 139.096073299999944, 36.2260886 ] } },
{ "type": "Feature", "properties": { "内容": "グループホームらんらん倶楽部【認知症対応型共同生活介護】埼玉県児玉郡神川町熊野堂2578", "url": "https://www.kaigokensaku.mhlw.go.jp/11/index.php?action_kouhyou_detail_004_kani=true&JigyosyoCd=1174200764-00&ServiceCd=320&Type=search", "url2": "http://bestcaregroup.jp" }, "geometry": { "type": "Point", "coordinates": [ 139.127603499999964, 36.2104079 ] } },
{ "type": "Feature", "properties": { "内容": "グループホームらんらん俱楽部【認知症対応型共同生活介護】埼玉県児玉郡神川町熊野堂　2578", "url": "https://www.kaigokensaku.mhlw.go.jp/11/index.php?action_kouhyou_detail_004_kani=true&JigyosyoCd=1194200018-00&ServiceCd=320&Type=search", "url2": "http://bestcaregroup.jp" }, "geometry": { "type": "Point", "coordinates": [ 139.125933, 36.2139477 ] } },
{ "type": "Feature", "properties": { "内容": "グループホーム　わたど【認知症対応型共同生活介護】児玉郡神川町大字渡瀬　1024－3", "url": "https://www.kaigokensaku.mhlw.go.jp/11/index.php?action_kouhyou_detail_004_kani=true&JigyosyoCd=1174200723-00&ServiceCd=320&Type=search", "url2": "https://www.0495771212.or.jp/watado" }, "geometry": { "type": "Point", "coordinates": [ 139.060886900000014, 36.1652346 ] } },
{ "type": "Feature", "properties": { "内容": "グループホーム　さくらんぼ【認知症対応型共同生活介護】埼玉県児玉郡上里町金久保７７７", "url": "https://www.kaigokensaku.mhlw.go.jp/11/index.php?action_kouhyou_detail_004_kani=true&JigyosyoCd=1174200525-00&ServiceCd=320&Type=search", "url2": "http://www.wf-meiseikai.or.jp/profile5.html" }, "geometry": { "type": "Point", "coordinates": [ 139.132276400000023, 36.2654719 ] } },
{ "type": "Feature", "properties": { "内容": "愛の家グループホーム　神保原【認知症対応型共同生活介護】児玉郡上里町神保原91", "url": "https://www.kaigokensaku.mhlw.go.jp/11/index.php?action_kouhyou_detail_004_kani=true&JigyosyoCd=1194200091-00&ServiceCd=320&Type=search", "url2": "http://www.mcsg.co.jp/" }, "geometry": { "type": "Point", "coordinates": [ 139.156046899999978, 36.2510351 ] } },
{ "type": "Feature", "properties": { "内容": "グループホーム　カンナの里【認知症対応型共同生活介護】児玉郡上里町大字勅使河原1577", "url": "https://www.kaigokensaku.mhlw.go.jp/11/index.php?action_kouhyou_detail_004_kani=true&JigyosyoCd=1174200657-00&ServiceCd=320&Type=search", "url2": "https://www.gh-kannanosato.com/" }, "geometry": { "type": "Point", "coordinates": [ 139.129348899999968, 36.2654329 ] } },
{ "type": "Feature", "properties": { "内容": "グループホーム栄華の里【認知症対応型共同生活介護】埼玉県児玉郡上里町三町２２－２", "url": "https://www.kaigokensaku.mhlw.go.jp/11/index.php?action_kouhyou_detail_004_kani=true&JigyosyoCd=1174200483-00&ServiceCd=320&Type=search", "url2": "https：//www.eiganosato.com" }, "geometry": { "type": "Point", "coordinates": [ 139.133288399999969, 36.233208300000015 ] } },
{ "type": "Feature", "properties": { "内容": "グループホーム賀美邑【認知症対応型共同生活介護】埼玉県児玉郡上里町勅使河原1584", "url": "https://www.kaigokensaku.mhlw.go.jp/11/index.php?action_kouhyou_detail_004_kani=true&JigyosyoCd=1174200509-00&ServiceCd=320&Type=search", "url2": "http://care-net.biz/11/kamiyu/" }, "geometry": { "type": "Point", "coordinates": [ 139.128469260118862, 36.265993556084922 ] } },
{ "type": "Feature", "properties": { "内容": "グループホームうぐいす【認知症対応型共同生活介護】埼玉県大里郡寄居町桜沢3574-1", "url": "https://www.kaigokensaku.mhlw.go.jp/11/index.php?action_kouhyou_detail_004_kani=true&JigyosyoCd=1174500882-00&ServiceCd=320&Type=search", "url2": null }, "geometry": { "type": "Point", "coordinates": [ 139.199107700000013, 36.1324277 ] } },
{ "type": "Feature", "properties": { "内容": "おぶすまの里【認知症対応型共同生活介護】埼玉県大里郡寄居町牟礼１５１０", "url": "https://www.kaigokensaku.mhlw.go.jp/11/index.php?action_kouhyou_detail_004_kani=true&JigyosyoCd=1174500973-00&ServiceCd=320&Type=search", "url2": null }, "geometry": { "type": "Point", "coordinates": [ 139.256695900000068, 36.1057799 ] } },
{ "type": "Feature", "properties": { "内容": "グループホーム　ひふみ【認知症対応型共同生活介護】埼玉県大里郡寄居町寄居１１９１－３", "url": "https://www.kaigokensaku.mhlw.go.jp/11/index.php?action_kouhyou_detail_004_kani=true&JigyosyoCd=1174500965-00&ServiceCd=320&Type=search", "url2": "http://www.hifumi.org/" }, "geometry": { "type": "Point", "coordinates": [ 139.193618334021039, 36.120251435726473 ] } },
{ "type": "Feature", "properties": { "内容": "グループホームあかつき【認知症対応型共同生活介護】埼玉県大里郡寄居町鉢形３１７８－８", "url": "https://www.kaigokensaku.mhlw.go.jp/11/index.php?action_kouhyou_detail_004_kani=true&JigyosyoCd=1174500478-00&ServiceCd=320&Type=search", "url2": "http://www.gh-akatuki.net/" }, "geometry": { "type": "Point", "coordinates": [ 139.197793, 36.0982709 ] } },
{ "type": "Feature", "properties": { "内容": "グリーンライフ宮代【認知症対応型共同生活介護】埼玉県南埼玉郡宮代町大字須賀1295", "url": "https://www.kaigokensaku.mhlw.go.jp/11/index.php?action_kouhyou_detail_004_kani=true&JigyosyoCd=1190500114-00&ServiceCd=320&Type=search", "url2": "www：greenlife-inc.co.jo" }, "geometry": { "type": "Point", "coordinates": [ 139.7025054, 36.0353367 ] } },
{ "type": "Feature", "properties": { "内容": "グループホーム喜楽里【認知症対応型共同生活介護】南埼玉郡宮代町川端３－８－２５きらり姫宮", "url": "https://www.kaigokensaku.mhlw.go.jp/11/index.php?action_kouhyou_detail_004_kani=true&JigyosyoCd=1170500589-00&ServiceCd=320&Type=search", "url2": "http://www.kirari.or.jp" }, "geometry": { "type": "Point", "coordinates": [ 139.7420651, 36.0031978 ] } },
{ "type": "Feature", "properties": { "内容": "ヒューマンサポート杉戸本島【認知症対応型共同生活介護】埼玉県北葛飾郡杉戸町本島611-1", "url": "https://www.kaigokensaku.mhlw.go.jp/11/index.php?action_kouhyou_detail_004_kani=true&JigyosyoCd=1191100187-00&ServiceCd=320&Type=search", "url2": "https://n-h-s.jp/wp/" }, "geometry": { "type": "Point", "coordinates": [ 139.749016319915654, 36.047807847468825 ] } },
{ "type": "Feature", "properties": { "内容": "グループホームやすらぎ【認知症対応型共同生活介護】北葛飾郡杉戸町清地６－２－７", "url": "https://www.kaigokensaku.mhlw.go.jp/11/index.php?action_kouhyou_detail_004_kani=true&JigyosyoCd=1171100488-00&ServiceCd=320&Type=search", "url2": "https://yasuragi0480.com/" }, "geometry": { "type": "Point", "coordinates": [ 139.740747699999929, 36.0289451 ] } },
{ "type": "Feature", "properties": { "内容": "シニアレジデンスつばき【認知症対応型共同生活介護】埼玉県北葛飾郡杉戸町大字才羽２１２３", "url": "https://www.kaigokensaku.mhlw.go.jp/11/index.php?action_kouhyou_detail_004_kani=true&JigyosyoCd=1171100629-00&ServiceCd=320&Type=search", "url2": null }, "geometry": { "type": "Point", "coordinates": [ 139.7596188, 36.0249515 ] } },
{ "type": "Feature", "properties": { "内容": "グループホームフローラ杉戸【認知症対応型共同生活介護】埼玉県北葛飾郡杉戸町内田４－２－１５", "url": "https://www.kaigokensaku.mhlw.go.jp/11/index.php?action_kouhyou_detail_004_kani=true&JigyosyoCd=1191100104-00&ServiceCd=320&Type=search", "url2": "http://flora-gh.com/sugito/" }, "geometry": { "type": "Point", "coordinates": [ 139.7297704, 36.0359246 ] } },
{ "type": "Feature", "properties": { "内容": "グループホーム　みんなの家・松伏【認知症対応型共同生活介護】埼玉県北葛飾郡松伏町築比地1437-1", "url": "https://www.kaigokensaku.mhlw.go.jp/11/index.php?action_kouhyou_detail_004_kani=true&JigyosyoCd=1171100777-00&ServiceCd=320&Type=search", "url2": null }, "geometry": { "type": "Point", "coordinates": [ 139.8366122, 35.9488151 ] } }
]
}
