{
"type": "FeatureCollection",
"name": "geo_11_訪問介護",
"crs": { "type": "name", "properties": { "name": "urn:ogc:def:crs:OGC:1.3:CRS84" } },
"features": [
{ "type": "Feature", "properties": { "内容": "楽しいわが家ヘルパーステーション【訪問介護】さいたま市西区三橋６－２０－１", "url": "https://www.kaigokensaku.mhlw.go.jp/11/index.php?action_kouhyou_detail_004_kani=true&JigyosyoCd=1176503025-00&ServiceCd=110&Type=search", "url2": "https://www.t-wagaya.com" }, "geometry": { "type": "Point", "coordinates": [ 139.590007199999945, 35.9107102 ] } },
{ "type": "Feature", "properties": { "内容": "けあビジョン大宮西【訪問介護】埼玉県さいたま市西区三橋6丁目499ディアコートナカノ102", "url": "https://www.kaigokensaku.mhlw.go.jp/11/index.php?action_kouhyou_detail_004_kani=true&JigyosyoCd=1176519559-00&ServiceCd=110&Type=search", "url2": "https://www.carevision.jp" }, "geometry": { "type": "Point", "coordinates": [ 139.5864138, 35.9148749 ] } },
{ "type": "Feature", "properties": { "内容": "ドッポケアクラブ【訪問介護】埼玉県さいたま市西区西大宮3-19-12", "url": "https://www.kaigokensaku.mhlw.go.jp/11/index.php?action_kouhyou_detail_004_kani=true&JigyosyoCd=1176513644-00&ServiceCd=110&Type=search", "url2": "www.doppo.or.jp" }, "geometry": { "type": "Point", "coordinates": [ 139.5803196, 35.9266142 ] } },
{ "type": "Feature", "properties": { "内容": "ゆめの園中野林ヘルパーステーション【訪問介護】埼玉県さいたま市西区大字中野林字中郷６５０番１", "url": "https://www.kaigokensaku.mhlw.go.jp/11/index.php?action_kouhyou_detail_004_kani=true&JigyosyoCd=1176501391-00&ServiceCd=110&Type=search", "url2": "http://www.happynet.or.jp" }, "geometry": { "type": "Point", "coordinates": [ 139.584816600000067, 35.891365700000016 ] } },
{ "type": "Feature", "properties": { "内容": "ケアセンター三橋【訪問介護】三橋６丁目1327-1", "url": "https://www.kaigokensaku.mhlw.go.jp/11/index.php?action_kouhyou_detail_004_kani=true&JigyosyoCd=1176520714-00&ServiceCd=110&Type=search", "url2": null }, "geometry": { "type": "Point", "coordinates": [ 139.5841603, 35.9185271 ] } },
{ "type": "Feature", "properties": { "内容": "けやき訪問介護【訪問介護】さいたま市西区三橋5-2219-2リエス大宮三橋103号", "url": "https://www.kaigokensaku.mhlw.go.jp/11/index.php?action_kouhyou_detail_004_kani=true&JigyosyoCd=1176509048-00&ServiceCd=110&Type=search", "url2": null }, "geometry": { "type": "Point", "coordinates": [ 139.596297735131884, 35.900938202567438 ] } },
{ "type": "Feature", "properties": { "内容": "医療生協おおみやヘルパーステーション【訪問介護】埼玉県さいたま市西区指扇1070", "url": "https://www.kaigokensaku.mhlw.go.jp/11/index.php?action_kouhyou_detail_004_kani=true&JigyosyoCd=1176502993-00&ServiceCd=110&Type=search", "url2": "http://www.mcp-saitama.or.jp" }, "geometry": { "type": "Point", "coordinates": [ 139.578630299999986, 35.9122433 ] } },
{ "type": "Feature", "properties": { "内容": "ALSOK介護ヘルパーステーション大宮【訪問介護】埼玉県さいたま市西区土屋594-3鈴木ビル1階（南側）", "url": "https://www.kaigokensaku.mhlw.go.jp/11/index.php?action_kouhyou_detail_004_kani=true&JigyosyoCd=1176518403-00&ServiceCd=110&Type=search", "url2": null }, "geometry": { "type": "Point", "coordinates": [ 139.5658301, 35.9168116 ] } },
{ "type": "Feature", "properties": { "内容": "くるみ【訪問介護】さいたま市西区西遊馬367-5", "url": "https://www.kaigokensaku.mhlw.go.jp/11/index.php?action_kouhyou_detail_004_kani=true&JigyosyoCd=1170300386-00&ServiceCd=110&Type=search", "url2": "https://hakushinkai.jp/facilities/helper_station_kurumi/" }, "geometry": { "type": "Point", "coordinates": [ 139.5755057, 35.9045085 ] } },
{ "type": "Feature", "properties": { "内容": "ありがとう【訪問介護】指扇1711-1　1Fガレリア西大宮", "url": "https://www.kaigokensaku.mhlw.go.jp/11/index.php?action_kouhyou_detail_004_kani=true&JigyosyoCd=1176516126-00&ServiceCd=110&Type=search", "url2": "https://a-shien.com/" }, "geometry": { "type": "Point", "coordinates": [ 139.5804927, 35.919928 ] } },
{ "type": "Feature", "properties": { "内容": "ＳＯＭＰＯケア　宮原駅前　訪問介護【訪問介護】埼玉県さいたま市北区宮原町3-374そんぽの家S大宮２階", "url": "https://www.kaigokensaku.mhlw.go.jp/11/index.php?action_kouhyou_detail_004_kani=true&JigyosyoCd=1176516613-00&ServiceCd=110&Type=search", "url2": null }, "geometry": { "type": "Point", "coordinates": [ 139.618869109262022, 35.900797588665306 ] } },
{ "type": "Feature", "properties": { "内容": "ふくしのまち大宮【訪問介護】さいたま市北区櫛引町2-271-1川善ビル2-A", "url": "https://www.kaigokensaku.mhlw.go.jp/11/index.php?action_kouhyou_detail_004_kani=true&JigyosyoCd=1170300105-00&ServiceCd=110&Type=search", "url2": "http://www.youism.co.jp" }, "geometry": { "type": "Point", "coordinates": [ 139.609677599999941, 35.9187014 ] } },
{ "type": "Feature", "properties": { "内容": "コープみらい大宮介護センター【訪問介護】さいたま市北区櫛引町２－４３１－２2階", "url": "https://www.kaigokensaku.mhlw.go.jp/11/index.php?action_kouhyou_detail_004_kani=true&JigyosyoCd=1176514030-00&ServiceCd=110&Type=search", "url2": "http://mirai.coopnet.or.jp/" }, "geometry": { "type": "Point", "coordinates": [ 139.605472500000019, 35.9205009 ] } },
{ "type": "Feature", "properties": { "内容": "訪問介護事業所　たんとん【訪問介護】埼玉県さいたま市北区土呂町２－１２－１８中橋ビル202号室", "url": "https://www.kaigokensaku.mhlw.go.jp/11/index.php?action_kouhyou_detail_004_kani=true&JigyosyoCd=1176501201-00&ServiceCd=110&Type=search", "url2": null }, "geometry": { "type": "Point", "coordinates": [ 139.63281230000004, 35.9324804 ] } },
{ "type": "Feature", "properties": { "内容": "訪問介護ステーション来楽　大宮【訪問介護】埼玉県さいたま市北区植竹町1－539－植竹コーポ201号室", "url": "https://www.kaigokensaku.mhlw.go.jp/11/index.php?action_kouhyou_detail_004_kani=true&JigyosyoCd=1176502787-00&ServiceCd=110&Type=search", "url2": null }, "geometry": { "type": "Point", "coordinates": [ 139.625067100000024, 35.9264911 ] } },
{ "type": "Feature", "properties": { "内容": "ニチイケアセンター土呂【訪問介護】埼玉県さいたま市北区土呂町1-18-18NKビル1階", "url": "https://www.kaigokensaku.mhlw.go.jp/11/index.php?action_kouhyou_detail_004_kani=true&JigyosyoCd=1176517850-00&ServiceCd=110&Type=search", "url2": "https://www.nichiigakkan.co.jp/" }, "geometry": { "type": "Point", "coordinates": [ 139.630684699999961, 35.932797 ] } },
{ "type": "Feature", "properties": { "内容": "ニチイケアセンター宮原【訪問介護】さいたま市北区宮原町３－３５５　ＭＮビル１Ｆ", "url": "https://www.kaigokensaku.mhlw.go.jp/11/index.php?action_kouhyou_detail_004_kani=true&JigyosyoCd=1176503611-00&ServiceCd=110&Type=search", "url2": "http://www.nichiigakkan.co.jp" }, "geometry": { "type": "Point", "coordinates": [ 139.609890299999961, 35.9395013 ] } },
{ "type": "Feature", "properties": { "内容": "訪問介護ステーション　織【訪問介護】埼玉県さいたま市北区別所町30番地15", "url": "https://www.kaigokensaku.mhlw.go.jp/11/index.php?action_kouhyou_detail_004_kani=true&JigyosyoCd=1176521266-00&ServiceCd=110&Type=search", "url2": "https://shiki-hoshi-srisegroup.jp" }, "geometry": { "type": "Point", "coordinates": [ 139.598244527227195, 35.953837336339696 ] } },
{ "type": "Feature", "properties": { "内容": "株式会社　大宮介助センター【訪問介護】さいたま市北区吉野町1-393-21", "url": "https://www.kaigokensaku.mhlw.go.jp/11/index.php?action_kouhyou_detail_004_kani=true&JigyosyoCd=1170300550-00&ServiceCd=110&Type=search", "url2": null }, "geometry": { "type": "Point", "coordinates": [ 139.607482900000036, 35.95304 ] } },
{ "type": "Feature", "properties": { "内容": "あかねケアサービス【訪問介護】埼玉県さいたま市北区宮原町2-78-26ハイツページⅠ101", "url": "https://www.kaigokensaku.mhlw.go.jp/11/index.php?action_kouhyou_detail_004_kani=true&JigyosyoCd=1176510772-00&ServiceCd=110&Type=search", "url2": null }, "geometry": { "type": "Point", "coordinates": [ 139.616021400000022, 35.9406593 ] } },
{ "type": "Feature", "properties": { "内容": "エスケアステーションさいたま北　訪問介護【訪問介護】埼玉県さいたま市北区奈良町33-31ピュアレジデンス103号室", "url": "https://www.kaigokensaku.mhlw.go.jp/11/index.php?action_kouhyou_detail_004_kani=true&JigyosyoCd=1176512976-00&ServiceCd=110&Type=search", "url2": "http://www.s-caremate.co.jp" }, "geometry": { "type": "Point", "coordinates": [ 139.6043717, 35.9474689 ] } },
{ "type": "Feature", "properties": { "内容": "ひかる介護【訪問介護】さいたま市北区本郷町150番地1イタニティ弐番館104", "url": "https://www.kaigokensaku.mhlw.go.jp/11/index.php?action_kouhyou_detail_004_kani=true&JigyosyoCd=1176520508-00&ServiceCd=110&Type=search", "url2": "hp.kaipoke.biz/7yu/info.html" }, "geometry": { "type": "Point", "coordinates": [ 139.6270185, 35.9402098 ] } },
{ "type": "Feature", "properties": { "内容": "あけぼし訪問介護事業所【訪問介護】埼玉県さいたま市北区吉野町1-3-1茂木ビル２Ｆ", "url": "https://www.kaigokensaku.mhlw.go.jp/11/index.php?action_kouhyou_detail_004_kani=true&JigyosyoCd=1176508644-00&ServiceCd=110&Type=search", "url2": "https://grateful-kaigo.com/" }, "geometry": { "type": "Point", "coordinates": [ 139.621948425886558, 35.946966696135682 ] } },
{ "type": "Feature", "properties": { "内容": "訪問介護事業所・桜の宿【訪問介護】埼玉県さいたま市北区吉野町2-281-5　AYAビル２F", "url": "https://www.kaigokensaku.mhlw.go.jp/11/index.php?action_kouhyou_detail_004_kani=true&JigyosyoCd=1176518213-00&ServiceCd=110&Type=search", "url2": "https://sakurano-yado.jp/" }, "geometry": { "type": "Point", "coordinates": [ 139.612224644549599, 35.963828457313561 ] } },
{ "type": "Feature", "properties": { "内容": "さわやかケアみやはら・訪問介護【訪問介護】さいたま市北区宮原町3-176-2", "url": "https://www.kaigokensaku.mhlw.go.jp/11/index.php?action_kouhyou_detail_004_kani=true&JigyosyoCd=1176505111-00&ServiceCd=110&Type=search", "url2": "https://www.welcia-partners.co.jp/" }, "geometry": { "type": "Point", "coordinates": [ 139.612248089377317, 35.937069288487443 ] } },
{ "type": "Feature", "properties": { "内容": "ケアメディカル大宮土呂訪問介護事業所【訪問介護】埼玉県さいたま市北区土呂町１丁目79-4", "url": "https://www.kaigokensaku.mhlw.go.jp/11/index.php?action_kouhyou_detail_004_kani=true&JigyosyoCd=1176518932-00&ServiceCd=110&Type=search", "url2": "https://care-medical.co.jp/" }, "geometry": { "type": "Point", "coordinates": [ 139.631182700000011, 35.9352307 ] } },
{ "type": "Feature", "properties": { "内容": "ケアメディカル宮原別所町訪問介護事業所【訪問介護】埼玉県さいたま市北区別所町1128-10", "url": "https://www.kaigokensaku.mhlw.go.jp/11/index.php?action_kouhyou_detail_004_kani=true&JigyosyoCd=1176520698-00&ServiceCd=110&Type=search", "url2": "https://care-medical.co.jp/" }, "geometry": { "type": "Point", "coordinates": [ 139.598799, 35.960027 ] } },
{ "type": "Feature", "properties": { "内容": "ケアメディカル宮原訪問介護事業所【訪問介護】別所町55-3ケアガーデン宮原", "url": "https://www.kaigokensaku.mhlw.go.jp/11/index.php?action_kouhyou_detail_004_kani=true&JigyosyoCd=1176519328-00&ServiceCd=110&Type=search", "url2": "https://care-medical.co.jp/" }, "geometry": { "type": "Point", "coordinates": [ 139.596943399999986, 35.9562983 ] } },
{ "type": "Feature", "properties": { "内容": "合同会社TRAIL【訪問介護】日進町１－４１０－２若林倉庫３階", "url": "https://www.kaigokensaku.mhlw.go.jp/11/index.php?action_kouhyou_detail_004_kani=true&JigyosyoCd=1176519666-00&ServiceCd=110&Type=search", "url2": null }, "geometry": { "type": "Point", "coordinates": [ 139.60201090000001, 35.9232789 ] } },
{ "type": "Feature", "properties": { "内容": "ひばり訪問介護ステーション大宮公園【訪問介護】埼玉県さいたま市北区盆栽町434-1ガーデンテラス大宮公園1階", "url": "https://www.kaigokensaku.mhlw.go.jp/11/index.php?action_kouhyou_detail_004_kani=true&JigyosyoCd=1176511879-00&ServiceCd=110&Type=search", "url2": "www.hibari-kaigo.jp" }, "geometry": { "type": "Point", "coordinates": [ 139.627603799999946, 35.9265342 ] } },
{ "type": "Feature", "properties": { "内容": "やさしい手宮原訪問介護事業所【訪問介護】宮原町1-697-2グランドマストやさしえ宮原", "url": "https://www.kaigokensaku.mhlw.go.jp/11/index.php?action_kouhyou_detail_004_kani=true&JigyosyoCd=1176515177-00&ServiceCd=110&Type=search", "url2": "http://www.yasashiite.com/subdomains/section/424/" }, "geometry": { "type": "Point", "coordinates": [ 139.620781360021653, 35.939692256254631 ] } },
{ "type": "Feature", "properties": { "内容": "訪問介護　スマイル大宮【訪問介護】日進町２－１－１", "url": "https://www.kaigokensaku.mhlw.go.jp/11/index.php?action_kouhyou_detail_004_kani=true&JigyosyoCd=1176520839-00&ServiceCd=110&Type=search", "url2": "https://c-net.jp" }, "geometry": { "type": "Point", "coordinates": [ 139.612090100000017, 35.92447390000001 ] } },
{ "type": "Feature", "properties": { "内容": "ラウンド＆ケアヘルパーステーション宮原【訪問介護】宮原町1丁目669番地1第2東家ビル1階", "url": "https://www.kaigokensaku.mhlw.go.jp/11/index.php?action_kouhyou_detail_004_kani=true&JigyosyoCd=1176518296-00&ServiceCd=110&Type=search", "url2": "http://www.welloff.co.jp/" }, "geometry": { "type": "Point", "coordinates": [ 139.6210921, 35.9389409 ] } },
{ "type": "Feature", "properties": { "内容": "訪問介護ステーション高木【訪問介護】さいたま市北区日進町2丁目1277番地ハルツエルム105", "url": "https://www.kaigokensaku.mhlw.go.jp/11/index.php?action_kouhyou_detail_004_kani=true&JigyosyoCd=1176521076-00&ServiceCd=110&Type=search", "url2": "http://acs-kaigo.jp/" }, "geometry": { "type": "Point", "coordinates": [ 139.6020173, 35.9293617 ] } },
{ "type": "Feature", "properties": { "内容": "あすなろケアサービス大宮【訪問介護】埼玉県さいたま市北区本郷町４５０－３－１０２", "url": "https://www.kaigokensaku.mhlw.go.jp/11/index.php?action_kouhyou_detail_004_kani=true&JigyosyoCd=1176500187-00&ServiceCd=110&Type=search", "url2": null }, "geometry": { "type": "Point", "coordinates": [ 139.623165200000017, 35.9403069 ] } },
{ "type": "Feature", "properties": { "内容": "ぽぷらケア　訪問介護【訪問介護】埼玉県さいたま市北区別所町1122番地9クレインビル2階", "url": "https://www.kaigokensaku.mhlw.go.jp/11/index.php?action_kouhyou_detail_004_kani=true&JigyosyoCd=1176518395-00&ServiceCd=110&Type=search", "url2": "https://poplar-care.com" }, "geometry": { "type": "Point", "coordinates": [ 139.6017223, 35.9542549 ] } },
{ "type": "Feature", "properties": { "内容": "きずなねっと埼玉【訪問介護】埼玉県さいたま市北区土呂町1-11-16　アローマンション103号", "url": "https://www.kaigokensaku.mhlw.go.jp/11/index.php?action_kouhyou_detail_004_kani=true&JigyosyoCd=1176521761-00&ServiceCd=110&Type=search", "url2": null }, "geometry": { "type": "Point", "coordinates": [ 139.6303876, 35.9309153 ] } },
{ "type": "Feature", "properties": { "内容": "リルセーヌ大宮訪問介護事業所【訪問介護】埼玉県さいたま市北区大成町4-416-1デュオセーヌ大宮1階", "url": "https://www.kaigokensaku.mhlw.go.jp/11/index.php?action_kouhyou_detail_004_kani=true&JigyosyoCd=1176519336-00&ServiceCd=110&Type=search", "url2": "https://www.hcd-kaigo.com/access.html" }, "geometry": { "type": "Point", "coordinates": [ 139.6137154, 35.9237587 ] } },
{ "type": "Feature", "properties": { "内容": "ホームケア土屋大宮【訪問介護】埼⽟県さいたま市⼤宮区⾼⿐町1丁⽬49明和マンション701号室", "url": "https://www.kaigokensaku.mhlw.go.jp/11/index.php?action_kouhyou_detail_004_kani=true&JigyosyoCd=1176519153-00&ServiceCd=110&Type=search", "url2": "https://tcy.co.jp/" }, "geometry": { "type": "Point", "coordinates": [ 139.6248081, 35.908649 ] } },
{ "type": "Feature", "properties": { "内容": "介護サービスセンター　ハイム【訪問介護】さいたま市大宮区桜木町4-760", "url": "https://www.kaigokensaku.mhlw.go.jp/11/index.php?action_kouhyou_detail_004_kani=true&JigyosyoCd=1176500443-00&ServiceCd=110&Type=search", "url2": null }, "geometry": { "type": "Point", "coordinates": [ 139.6163272, 35.9003877 ] } },
{ "type": "Feature", "properties": { "内容": "介護事業所みっれ　さいたま【訪問介護】埼玉県さいたま市大宮区桜木町１丁目１−４TS-114BLDG.6F", "url": "https://www.kaigokensaku.mhlw.go.jp/11/index.php?action_kouhyou_detail_004_kani=true&JigyosyoCd=1176518270-00&ServiceCd=110&Type=search", "url2": "https://www.mille-care.co.jp/" }, "geometry": { "type": "Point", "coordinates": [ 139.622133, 35.9056763 ] } },
{ "type": "Feature", "properties": { "内容": "ケアリッツ大宮【訪問介護】埼玉県さいたま市大宮区宮町3-7-5中村ビル1階", "url": "https://www.kaigokensaku.mhlw.go.jp/11/index.php?action_kouhyou_detail_004_kani=true&JigyosyoCd=1176519112-00&ServiceCd=110&Type=search", "url2": "https://www.careritz.co.jp/station/branch/omiya/" }, "geometry": { "type": "Point", "coordinates": [ 139.62692811717929, 35.910257320578822 ] } },
{ "type": "Feature", "properties": { "内容": "愛ステップ大宮【訪問介護】さいたま市大宮区桜木町四丁目708渋谷ビル2階", "url": "https://www.kaigokensaku.mhlw.go.jp/11/index.php?action_kouhyou_detail_004_kani=true&JigyosyoCd=1176508503-00&ServiceCd=110&Type=search", "url2": "https://www.aistep.net/" }, "geometry": { "type": "Point", "coordinates": [ 139.617721500000016, 35.900507200000021 ] } },
{ "type": "Feature", "properties": { "内容": "ひなたぼっこ【訪問介護】さいたま市大宮区東町２－２５１", "url": "https://www.kaigokensaku.mhlw.go.jp/11/index.php?action_kouhyou_detail_004_kani=true&JigyosyoCd=1176500674-00&ServiceCd=110&Type=search", "url2": "https://saitamacare.com/" }, "geometry": { "type": "Point", "coordinates": [ 139.633612880772034, 35.909842168461857 ] } },
{ "type": "Feature", "properties": { "内容": "あまみケアステーション【訪問介護】埼玉県さいたま市大宮区三橋４－２８０－３フランチェスカ１階１０２号", "url": "https://www.kaigokensaku.mhlw.go.jp/11/index.php?action_kouhyou_detail_004_kani=true&JigyosyoCd=1176508412-00&ServiceCd=110&Type=search", "url2": null }, "geometry": { "type": "Point", "coordinates": [ 139.60246177603463, 35.896499672953368 ] } },
{ "type": "Feature", "properties": { "内容": "けあビジョン大宮【訪問介護】埼玉県さいたま市大宮区大成町３－４５５　２号室", "url": "https://www.kaigokensaku.mhlw.go.jp/11/index.php?action_kouhyou_detail_004_kani=true&JigyosyoCd=1176504627-00&ServiceCd=110&Type=search", "url2": "http://www.visualvision.co.jp" }, "geometry": { "type": "Point", "coordinates": [ 139.614650100000091, 35.9163701 ] } },
{ "type": "Feature", "properties": { "内容": "テルウェル東日本さいたま介護センタ【訪問介護】埼玉県さいたま市大宮区吉敷町１－１３３－１ワンライトビル２F", "url": "https://www.kaigokensaku.mhlw.go.jp/11/index.php?action_kouhyou_detail_004_kani=true&JigyosyoCd=1176502332-00&ServiceCd=110&Type=search", "url2": "https://www.telwel-kaigo.com" }, "geometry": { "type": "Point", "coordinates": [ 139.630485499999963, 35.901133700000017 ] } },
{ "type": "Feature", "properties": { "内容": "ケアサービスひばり【訪問介護】埼玉県さいたま市大宮区大成町3-362-1", "url": "https://www.kaigokensaku.mhlw.go.jp/11/index.php?action_kouhyou_detail_004_kani=true&JigyosyoCd=1170300360-00&ServiceCd=110&Type=search", "url2": "http://www.hibari-care.com/" }, "geometry": { "type": "Point", "coordinates": [ 139.615325654569006, 35.917090671496844 ] } },
{ "type": "Feature", "properties": { "内容": "社会福祉法人　育成会　白菊苑【訪問介護】埼玉県さいたま市大宮区天沼町1-324-2101", "url": "https://www.kaigokensaku.mhlw.go.jp/11/index.php?action_kouhyou_detail_004_kani=true&JigyosyoCd=1176513701-00&ServiceCd=110&Type=search", "url2": "http://www.siragiku.or.jp/" }, "geometry": { "type": "Point", "coordinates": [ 139.639986499999964, 35.9055761 ] } },
{ "type": "Feature", "properties": { "内容": "ＳＯＭＰＯケア　大宮　訪問介護【訪問介護】埼玉県さいたま市大宮区仲町3丁目13番地住友生命大宮第2ビル1階", "url": "https://www.kaigokensaku.mhlw.go.jp/11/index.php?action_kouhyou_detail_004_kani=true&JigyosyoCd=1176519955-00&ServiceCd=110&Type=search", "url2": "https://www.sompocare.com" }, "geometry": { "type": "Point", "coordinates": [ 139.628836503013559, 35.90559227815735 ] } },
{ "type": "Feature", "properties": { "内容": "サンライフ介護サービス【訪問介護】埼玉県さいたま市大宮区大成町２丁目２００番地２柴田ビル２階", "url": "https://www.kaigokensaku.mhlw.go.jp/11/index.php?action_kouhyou_detail_004_kani=true&JigyosyoCd=1176503496-00&ServiceCd=110&Type=search", "url2": "http://www.sunlife-care.com/" }, "geometry": { "type": "Point", "coordinates": [ 139.615241965992709, 35.911720221424446 ] } },
{ "type": "Feature", "properties": { "内容": "株式会社やさしい手上小町訪問介護事業所【訪問介護】上小町1481-1やさしえ上小町", "url": "https://www.kaigokensaku.mhlw.go.jp/11/index.php?action_kouhyou_detail_004_kani=true&JigyosyoCd=1176517561-00&ServiceCd=110&Type=search", "url2": "https://search.yasashiite.com/detail/homonkaigo_kamikocho/" }, "geometry": { "type": "Point", "coordinates": [ 139.6152041, 35.8950874 ] } },
{ "type": "Feature", "properties": { "内容": "ニチイケアセンター大宮【訪問介護】埼玉県さいたま市大宮区堀の内町2-256-1シグママンション102", "url": "https://www.kaigokensaku.mhlw.go.jp/11/index.php?action_kouhyou_detail_004_kani=true&JigyosyoCd=1170300493-00&ServiceCd=110&Type=search", "url2": "http://www.nichiigakkan.co.jp" }, "geometry": { "type": "Point", "coordinates": [ 139.631680800000026, 35.9109067 ] } },
{ "type": "Feature", "properties": { "内容": "訪問介護ステーション　つばさ大宮【訪問介護】埼玉県さいたま市大宮区天沼町1丁目３４３番地２２住宅型有料老人ホーム　つばさ大宮", "url": "https://www.kaigokensaku.mhlw.go.jp/11/index.php?action_kouhyou_detail_004_kani=true&JigyosyoCd=1176520979-00&ServiceCd=110&Type=search", "url2": null }, "geometry": { "type": "Point", "coordinates": [ 139.642957599999988, 35.9049184 ] } },
{ "type": "Feature", "properties": { "内容": "ユースタイルケア埼玉重度訪問介護【訪問介護】埼玉県さいたま市大宮区桜木町４丁目244-1都築ビル5F", "url": "https://www.kaigokensaku.mhlw.go.jp/11/index.php?action_kouhyou_detail_004_kani=true&JigyosyoCd=1176514840-00&ServiceCd=110&Type=search", "url2": "https://care.eustylelab.co.jp/" }, "geometry": { "type": "Point", "coordinates": [ 139.617770470201634, 35.905017311227994 ] } },
{ "type": "Feature", "properties": { "内容": "アールスタッフ大宮中央ケアサービス【訪問介護】埼玉県さいたま市大宮区桜木町1-12-5沢田ビル４階", "url": "https://www.kaigokensaku.mhlw.go.jp/11/index.php?action_kouhyou_detail_004_kani=true&JigyosyoCd=1176507836-00&ServiceCd=110&Type=search", "url2": "https://www.r-staff.jp/" }, "geometry": { "type": "Point", "coordinates": [ 139.61949340000001, 35.902720899999977 ] } },
{ "type": "Feature", "properties": { "内容": "訪問介護　春陽苑【訪問介護】埼玉県さいたま市大宮区大成町2-397-3静観ビル1F", "url": "https://www.kaigokensaku.mhlw.go.jp/11/index.php?action_kouhyou_detail_004_kani=true&JigyosyoCd=1176507190-00&ServiceCd=110&Type=search", "url2": "http://www.mutsumikai.net" }, "geometry": { "type": "Point", "coordinates": [ 139.615479899999968, 35.9123332 ] } },
{ "type": "Feature", "properties": { "内容": "やさしい手大宮訪問介護事業所【訪問介護】埼玉県さいたま市大宮区宮町2-56-2宮崎ビル３階", "url": "https://www.kaigokensaku.mhlw.go.jp/11/index.php?action_kouhyou_detail_004_kani=true&JigyosyoCd=1170301012-00&ServiceCd=110&Type=search", "url2": "http://www.yasashiite.com/" }, "geometry": { "type": "Point", "coordinates": [ 139.626333937820391, 35.909588285741009 ] } },
{ "type": "Feature", "properties": { "内容": "ライフサービス細井紹介所【訪問介護】仲町3－138", "url": "https://www.kaigokensaku.mhlw.go.jp/11/index.php?action_kouhyou_detail_004_kani=true&JigyosyoCd=1170300592-00&ServiceCd=110&Type=search", "url2": null }, "geometry": { "type": "Point", "coordinates": [ 139.630930199999966, 35.9056367 ] } },
{ "type": "Feature", "properties": { "内容": "訪問介護ステーション夢眠みはし【訪問介護】埼玉県さいたま市大宮区三橋2丁目765番", "url": "https://www.kaigokensaku.mhlw.go.jp/11/index.php?action_kouhyou_detail_004_kani=true&JigyosyoCd=1176521308-00&ServiceCd=110&Type=search", "url2": "https://muminhome.jp/mihashi/" }, "geometry": { "type": "Point", "coordinates": [ 139.6060618, 35.8979545 ] } },
{ "type": "Feature", "properties": { "内容": "ニチイケアセンター大宮桜木町【訪問介護】埼玉県さいたま市大宮区上小町47-2HKビル202号室", "url": "https://www.kaigokensaku.mhlw.go.jp/11/index.php?action_kouhyou_detail_004_kani=true&JigyosyoCd=1170300774-00&ServiceCd=110&Type=search", "url2": "http://www.nichiigakkan.co.jp" }, "geometry": { "type": "Point", "coordinates": [ 139.608736950314579, 35.906324978859466 ] } },
{ "type": "Feature", "properties": { "内容": "コンパス訪問介護【訪問介護】埼玉県さいたま市大宮区桜木町4-783-4", "url": "https://www.kaigokensaku.mhlw.go.jp/11/index.php?action_kouhyou_detail_004_kani=true&JigyosyoCd=1176515342-00&ServiceCd=110&Type=search", "url2": "http://www.kinoukaifuku.com/" }, "geometry": { "type": "Point", "coordinates": [ 139.618607500000053, 35.9012294 ] } },
{ "type": "Feature", "properties": { "内容": "ひかり訪問介護ステーション大宮【訪問介護】大成町3-515岡部ビル3階北号室", "url": "https://www.kaigokensaku.mhlw.go.jp/11/index.php?action_kouhyou_detail_004_kani=true&JigyosyoCd=1176520185-00&ServiceCd=110&Type=search", "url2": "https://www.hikari-ns.net/welcom" }, "geometry": { "type": "Point", "coordinates": [ 139.614577370361332, 35.918599080593509 ] } },
{ "type": "Feature", "properties": { "内容": "CLASWELL大宮訪問介護事業所【訪問介護】埼玉県さいたま市大宮区上小町４７５−２", "url": "https://www.kaigokensaku.mhlw.go.jp/11/index.php?action_kouhyou_detail_004_kani=true&JigyosyoCd=1176521811-00&ServiceCd=110&Type=search", "url2": "https://kc-welfare.co.jp/" }, "geometry": { "type": "Point", "coordinates": [ 139.610786499999989, 35.8995542 ] } },
{ "type": "Feature", "properties": { "内容": "リラス訪問介護センター埼玉【訪問介護】埼玉県さいたま市大宮区大門町1-63栗橋ビル7階A号室", "url": "https://www.kaigokensaku.mhlw.go.jp/11/index.php?action_kouhyou_detail_004_kani=true&JigyosyoCd=1176520128-00&ServiceCd=110&Type=search", "url2": "https://lilas-kaigo.com/" }, "geometry": { "type": "Point", "coordinates": [ 139.626013337434358, 35.9089521856327 ] } },
{ "type": "Feature", "properties": { "内容": "ネコロボマン訪問介護　大宮店【訪問介護】埼玉県さいたま市見沼区大和田町2丁目1656-1キャッスル島村207号室", "url": "https://www.kaigokensaku.mhlw.go.jp/11/index.php?action_kouhyou_detail_004_kani=true&JigyosyoCd=1176521340-00&ServiceCd=110&Type=search", "url2": null }, "geometry": { "type": "Point", "coordinates": [ 139.652691199999964, 35.9316716 ] } },
{ "type": "Feature", "properties": { "内容": "ライムケア見沼【訪問介護】埼玉県さいたま市見沼区大和田町2-401-6", "url": "https://www.kaigokensaku.mhlw.go.jp/11/index.php?action_kouhyou_detail_004_kani=true&JigyosyoCd=1176521530-00&ServiceCd=110&Type=search", "url2": "thhps://keepcalm.co.jp" }, "geometry": { "type": "Point", "coordinates": [ 139.6449792, 35.9284974 ] } },
{ "type": "Feature", "properties": { "内容": "サンウェルズ東大宮ヘルパーステーション【訪問介護】東大宮6丁目6-2PDハウス東大宮", "url": "https://www.kaigokensaku.mhlw.go.jp/11/index.php?action_kouhyou_detail_004_kani=true&JigyosyoCd=1176521472-00&ServiceCd=110&Type=search", "url2": null }, "geometry": { "type": "Point", "coordinates": [ 139.6426587, 35.945581 ] } },
{ "type": "Feature", "properties": { "内容": "ホームヘルプサービス　ソラスト七里【訪問介護】埼玉県さいたま市見沼区東門前351-4", "url": "https://www.kaigokensaku.mhlw.go.jp/11/index.php?action_kouhyou_detail_004_kani=true&JigyosyoCd=1176508966-00&ServiceCd=110&Type=search", "url2": null }, "geometry": { "type": "Point", "coordinates": [ 139.6726143, 35.9319655 ] } },
{ "type": "Feature", "properties": { "内容": "訪問介護サービス　アリエス【訪問介護】さいたま市見沼区堀崎町1592ザ・ウィングホーム弐番館", "url": "https://www.kaigokensaku.mhlw.go.jp/11/index.php?action_kouhyou_detail_004_kani=true&JigyosyoCd=1176516282-00&ServiceCd=110&Type=search", "url2": null }, "geometry": { "type": "Point", "coordinates": [ 139.64895218997421, 35.940843944329792 ] } },
{ "type": "Feature", "properties": { "内容": "けあビジョン東大宮【訪問介護】東大宮３－２－５６クラーク館１階", "url": "https://www.kaigokensaku.mhlw.go.jp/11/index.php?action_kouhyou_detail_004_kani=true&JigyosyoCd=1176520052-00&ServiceCd=110&Type=search", "url2": null }, "geometry": { "type": "Point", "coordinates": [ 139.633155, 35.9536535 ] } },
{ "type": "Feature", "properties": { "内容": "マスヤ介護サービス【訪問介護】さいたま市見沼区東門前65番地2-101", "url": "https://www.kaigokensaku.mhlw.go.jp/11/index.php?action_kouhyou_detail_004_kani=true&JigyosyoCd=1176502241-00&ServiceCd=110&Type=search", "url2": "https://masuyakaigo.wixsite.com/home" }, "geometry": { "type": "Point", "coordinates": [ 139.663889499999982, 35.9339702 ] } },
{ "type": "Feature", "properties": { "内容": "ともいきケア大宮南中丸【訪問介護】埼玉県さいたま市見沼区南中丸29-1", "url": "https://www.kaigokensaku.mhlw.go.jp/11/index.php?action_kouhyou_detail_004_kani=true&JigyosyoCd=1176521357-00&ServiceCd=110&Type=search", "url2": "https://tomoikicare.com/" }, "geometry": { "type": "Point", "coordinates": [ 139.652109, 35.9102738 ] } },
{ "type": "Feature", "properties": { "内容": "訪問介護本舗ともしび【訪問介護】大字風渡野421-15黒川ビル１０１", "url": "https://www.kaigokensaku.mhlw.go.jp/11/index.php?action_kouhyou_detail_004_kani=true&JigyosyoCd=1176520326-00&ServiceCd=110&Type=search", "url2": "https://dayservicehonpo.jp/houmontomoshibi/" }, "geometry": { "type": "Point", "coordinates": [ 139.6659961, 35.9353702 ] } },
{ "type": "Feature", "properties": { "内容": "訪問介護ステーションそるまの見沼【訪問介護】埼玉県さいたま市見沼区東門前62-3水村コーポプラザ２　202", "url": "https://www.kaigokensaku.mhlw.go.jp/11/index.php?action_kouhyou_detail_004_kani=true&JigyosyoCd=1176521423-00&ServiceCd=110&Type=search", "url2": "https://www.solmano24.com/service" }, "geometry": { "type": "Point", "coordinates": [ 139.664675499999987, 35.9339761 ] } },
{ "type": "Feature", "properties": { "内容": "やさしい手東大宮訪問介護事業所【訪問介護】埼玉県さいたま市見沼区東大宮2-6-2ディーフェスタ東大宮", "url": "https://www.kaigokensaku.mhlw.go.jp/11/index.php?action_kouhyou_detail_004_kani=true&JigyosyoCd=1176515102-00&ServiceCd=110&Type=search", "url2": "http://www.yasashiite.com/subdomains/section/393/" }, "geometry": { "type": "Point", "coordinates": [ 139.63735829999996, 35.9431931 ] } },
{ "type": "Feature", "properties": { "内容": "長寿サポーターひろか【訪問介護】埼玉県さいたま市見沼区東宮下366-5", "url": "https://www.kaigokensaku.mhlw.go.jp/11/index.php?action_kouhyou_detail_004_kani=true&JigyosyoCd=1176500849-00&ServiceCd=110&Type=search", "url2": null }, "geometry": { "type": "Point", "coordinates": [ 139.678018345857453, 35.929774952350819 ] } },
{ "type": "Feature", "properties": { "内容": "アールスタッフ　大宮ケアサービス【訪問介護】さいたま市見沼区東大宮7-44-1101", "url": "https://www.kaigokensaku.mhlw.go.jp/11/index.php?action_kouhyou_detail_004_kani=true&JigyosyoCd=1176505582-00&ServiceCd=110&Type=search", "url2": "http://www.r-staff.jp/" }, "geometry": { "type": "Point", "coordinates": [ 139.643776569692477, 35.943464874686775 ] } },
{ "type": "Feature", "properties": { "内容": "訪問介護ピースサイン【訪問介護】埼玉県さいたま市見沼区大和田町1-2101アルティア壱番館102", "url": "https://www.kaigokensaku.mhlw.go.jp/11/index.php?action_kouhyou_detail_004_kani=true&JigyosyoCd=1176517777-00&ServiceCd=110&Type=search", "url2": null }, "geometry": { "type": "Point", "coordinates": [ 139.656021, 35.92994419999998 ] } },
{ "type": "Feature", "properties": { "内容": "モトヤス深作【訪問介護】さいたま市見沼区春岡２－８－６", "url": "https://www.kaigokensaku.mhlw.go.jp/11/index.php?action_kouhyou_detail_004_kani=true&JigyosyoCd=1176505442-00&ServiceCd=110&Type=search", "url2": null }, "geometry": { "type": "Point", "coordinates": [ 139.659255900000062, 35.952654 ] } },
{ "type": "Feature", "properties": { "内容": "敬寿園七里ホームヘルパーステーション【訪問介護】埼玉県さいたま市見沼区大谷2022-1", "url": "https://www.kaigokensaku.mhlw.go.jp/11/index.php?action_kouhyou_detail_004_kani=true&JigyosyoCd=1176513347-00&ServiceCd=110&Type=search", "url2": "https://www.keijuen.info/nanasato" }, "geometry": { "type": "Point", "coordinates": [ 139.674792054414411, 35.925762049944645 ] } },
{ "type": "Feature", "properties": { "内容": "ほーむけあひばり【訪問介護】埼玉県さいたま市見沼区蓮沼1450見沼ひばり館", "url": "https://www.kaigokensaku.mhlw.go.jp/11/index.php?action_kouhyou_detail_004_kani=true&JigyosyoCd=1176515037-00&ServiceCd=110&Type=search", "url2": null }, "geometry": { "type": "Point", "coordinates": [ 139.665211799999952, 35.9272961 ] } },
{ "type": "Feature", "properties": { "内容": "諏訪の苑　訪問介護センター【訪問介護】さいたま市見沼区南中野２９番地特別養護老人ホーム諏訪の苑", "url": "https://www.kaigokensaku.mhlw.go.jp/11/index.php?action_kouhyou_detail_004_kani=true&JigyosyoCd=1170300295-00&ServiceCd=110&Type=search", "url2": "https://suwanoen.jp/" }, "geometry": { "type": "Point", "coordinates": [ 139.660893399999964, 35.904582 ] } },
{ "type": "Feature", "properties": { "内容": "ケアメディカルさいたま東訪問介護事業所【訪問介護】大字丸ケ崎1161番ケアガーデンさいたま東", "url": "https://www.kaigokensaku.mhlw.go.jp/11/index.php?action_kouhyou_detail_004_kani=true&JigyosyoCd=1176520557-00&ServiceCd=110&Type=search", "url2": "https://care-medical.co.jp/" }, "geometry": { "type": "Point", "coordinates": [ 139.65691916342314, 35.959090220580592 ] } },
{ "type": "Feature", "properties": { "内容": "ケアメディカル大宮丸ヶ崎訪問介護事業所【訪問介護】埼玉県さいたま市見沼区大字丸ヶ崎999番1ケアガーデン大宮丸ヶ崎", "url": "https://www.kaigokensaku.mhlw.go.jp/11/index.php?action_kouhyou_detail_004_kani=true&JigyosyoCd=1176520813-00&ServiceCd=110&Type=search", "url2": "https://care-medical.co.jp/" }, "geometry": { "type": "Point", "coordinates": [ 139.6561233, 35.9576217 ] } },
{ "type": "Feature", "properties": { "内容": "ケアメディカル東大宮訪問介護事業所【訪問介護】埼玉県さいたま市見沼区南中丸1539ケアガーデン東大宮", "url": "https://www.kaigokensaku.mhlw.go.jp/11/index.php?action_kouhyou_detail_004_kani=true&JigyosyoCd=1176518791-00&ServiceCd=110&Type=search", "url2": "https://care-medical.co.jp/" }, "geometry": { "type": "Point", "coordinates": [ 139.65887903862307, 35.917218826662555 ] } },
{ "type": "Feature", "properties": { "内容": "ケアメディカル大宮若葉訪問介護事業所【訪問介護】埼玉県さいたま市見沼区南中丸540", "url": "https://www.kaigokensaku.mhlw.go.jp/11/index.php?action_kouhyou_detail_004_kani=true&JigyosyoCd=1176518924-00&ServiceCd=110&Type=search", "url2": "https://care-medical.co.jp/" }, "geometry": { "type": "Point", "coordinates": [ 139.652861205583065, 35.914487094872065 ] } },
{ "type": "Feature", "properties": { "内容": "医心館訪問介護ステーション東大宮【訪問介護】埼玉県さいたま市見沼区東大宮5丁目27－3", "url": "https://www.kaigokensaku.mhlw.go.jp/11/index.php?action_kouhyou_detail_004_kani=true&JigyosyoCd=1176519484-00&ServiceCd=110&Type=search", "url2": null }, "geometry": { "type": "Point", "coordinates": [ 139.6420211, 35.948181 ] } },
{ "type": "Feature", "properties": { "内容": "敬寿園ホームヘルパーステーション【訪問介護】さいたま市見沼区大字片柳１２９８番地", "url": "https://www.kaigokensaku.mhlw.go.jp/11/index.php?action_kouhyou_detail_004_kani=true&JigyosyoCd=1170300436-00&ServiceCd=110&Type=search", "url2": "https://www.keijuen.info/" }, "geometry": { "type": "Point", "coordinates": [ 139.694096, 35.8978199 ] } },
{ "type": "Feature", "properties": { "内容": "ハピネスケア株式会社　大宮ヘルパーステーション【訪問介護】埼玉県さいたま市見沼区中川906-13", "url": "https://www.kaigokensaku.mhlw.go.jp/11/index.php?action_kouhyou_detail_004_kani=true&JigyosyoCd=1170300790-00&ServiceCd=110&Type=search", "url2": "http://www.happiness-care.co.jp" }, "geometry": { "type": "Point", "coordinates": [ 139.653839511639347, 35.904231181084803 ] } },
{ "type": "Feature", "properties": { "内容": "ケア２１東大宮【訪問介護】埼玉県さいたま市見沼区東大宮４丁目１６-７メゾン秦１号室", "url": "https://www.kaigokensaku.mhlw.go.jp/11/index.php?action_kouhyou_detail_004_kani=true&JigyosyoCd=1176520888-00&ServiceCd=110&Type=search", "url2": "https://www.care21.co.jp/" }, "geometry": { "type": "Point", "coordinates": [ 139.6382525, 35.9494672 ] } },
{ "type": "Feature", "properties": { "内容": "学研ＦＳ　ココファンはすぬまＨＣ【訪問介護】埼玉県さいたま市見沼区蓮沼２６９番地２", "url": "https://www.kaigokensaku.mhlw.go.jp/11/index.php?action_kouhyou_detail_004_kani=true&JigyosyoCd=1176504213-00&ServiceCd=110&Type=search", "url2": "http://www.edwam.co.jp/houmonkaigo.html" }, "geometry": { "type": "Point", "coordinates": [ 139.658215299999938, 35.9253516 ] } },
{ "type": "Feature", "properties": { "内容": "陽だまり【訪問介護】さいたま市見沼区春岡２－２７－３", "url": "https://www.kaigokensaku.mhlw.go.jp/11/index.php?action_kouhyou_detail_004_kani=true&JigyosyoCd=1176507844-00&ServiceCd=110&Type=search", "url2": "https://www.hidamarikaigo.com" }, "geometry": { "type": "Point", "coordinates": [ 139.660850399999958, 35.9485656 ] } },
{ "type": "Feature", "properties": { "内容": "チーミング福祉サービス【訪問介護】さいたま市見沼区堀崎町506-12", "url": "https://www.kaigokensaku.mhlw.go.jp/11/index.php?action_kouhyou_detail_004_kani=true&JigyosyoCd=1176511283-00&ServiceCd=110&Type=search", "url2": null }, "geometry": { "type": "Point", "coordinates": [ 139.654628010836888, 35.938405287754314 ] } },
{ "type": "Feature", "properties": { "内容": "訪問介護ステーションありがたい大宮【訪問介護】埼玉県さいたま市見沼区東新井311-3", "url": "https://www.kaigokensaku.mhlw.go.jp/11/index.php?action_kouhyou_detail_004_kani=true&JigyosyoCd=1176517355-00&ServiceCd=110&Type=search", "url2": "http://arigatai.org/" }, "geometry": { "type": "Point", "coordinates": [ 139.6689242, 35.9097625 ] } },
{ "type": "Feature", "properties": { "内容": "KEIO介護【訪問介護】埼玉県さいたま市見沼区東大宮4-20-82階", "url": "https://www.kaigokensaku.mhlw.go.jp/11/index.php?action_kouhyou_detail_004_kani=true&JigyosyoCd=1176520227-00&ServiceCd=110&Type=search", "url2": null }, "geometry": { "type": "Point", "coordinates": [ 139.6390897, 35.9499776 ] } },
{ "type": "Feature", "properties": { "内容": "特定非営利活動法人　みぬまで暮らす会【訪問介護】埼玉県さいたま市見沼区蓮沼782番地５", "url": "https://www.kaigokensaku.mhlw.go.jp/11/index.php?action_kouhyou_detail_004_kani=true&JigyosyoCd=1176512224-00&ServiceCd=110&Type=search", "url2": "http://www.ninuma-hausu.net/" }, "geometry": { "type": "Point", "coordinates": [ 139.6572003, 35.9305526 ] } },
{ "type": "Feature", "properties": { "内容": "ベストリハ訪問介護ステーション大宮東【訪問介護】東門前44－3", "url": "https://www.kaigokensaku.mhlw.go.jp/11/index.php?action_kouhyou_detail_004_kani=true&JigyosyoCd=1176521068-00&ServiceCd=110&Type=search", "url2": null }, "geometry": { "type": "Point", "coordinates": [ 139.7351855, 35.5351949 ] } },
{ "type": "Feature", "properties": { "内容": "ヘルパーステーションユニゾンみぬま【訪問介護】埼玉県さいたま市見沼区堀崎町551-1", "url": "https://www.kaigokensaku.mhlw.go.jp/11/index.php?action_kouhyou_detail_004_kani=true&JigyosyoCd=1176521241-00&ServiceCd=110&Type=search", "url2": null }, "geometry": { "type": "Point", "coordinates": [ 139.6541369, 35.9376408 ] } },
{ "type": "Feature", "properties": { "内容": "PandaCare訪問介護ステーション埼玉【訪問介護】埼玉県さいたま市見沼区大字南中野1155‐3", "url": "https://www.kaigokensaku.mhlw.go.jp/11/index.php?action_kouhyou_detail_004_kani=true&JigyosyoCd=1176521738-00&ServiceCd=110&Type=search", "url2": "https://pandacare.co.jp/" }, "geometry": { "type": "Point", "coordinates": [ 139.6627004, 35.9166719 ] } },
{ "type": "Feature", "properties": { "内容": "のびのび介護サービス【訪問介護】埼玉県さいたま市見沼区春岡２丁目３９－３サン・グリーン大地２０１", "url": "https://www.kaigokensaku.mhlw.go.jp/11/index.php?action_kouhyou_detail_004_kani=true&JigyosyoCd=1176510624-00&ServiceCd=110&Type=search", "url2": null }, "geometry": { "type": "Point", "coordinates": [ 139.663666799999987, 35.946316 ] } },
{ "type": "Feature", "properties": { "内容": "ホームヘルパーステーションハートランド東大宮【訪問介護】さいたま市見沼区春野２丁目９番２２号", "url": "https://www.kaigokensaku.mhlw.go.jp/11/index.php?action_kouhyou_detail_004_kani=true&JigyosyoCd=1176503975-00&ServiceCd=110&Type=search", "url2": "http://www.seisekikai.com/hertland-higasioomiya/" }, "geometry": { "type": "Point", "coordinates": [ 139.660516799999982, 35.9576117 ] } },
{ "type": "Feature", "properties": { "内容": "ＡＢＣウエルケア【訪問介護】さいたま市見沼区東大宮6－158－16　モナコーポ101号モナコーポ　101室", "url": "https://www.kaigokensaku.mhlw.go.jp/11/index.php?action_kouhyou_detail_004_kani=true&JigyosyoCd=1176500278-00&ServiceCd=110&Type=search", "url2": "sokomoto@atlas,plala,or,jp" }, "geometry": { "type": "Point", "coordinates": [ 139.646797786508159, 35.946802557169065 ] } },
{ "type": "Feature", "properties": { "内容": "訪問介護事業所ラビット【訪問介護】埼玉県さいたま市見沼区南中丸７６７－１", "url": "https://www.kaigokensaku.mhlw.go.jp/11/index.php?action_kouhyou_detail_004_kani=true&JigyosyoCd=1176519260-00&ServiceCd=110&Type=search", "url2": "https://loveit-kaigo.amebaownd.com/" }, "geometry": { "type": "Point", "coordinates": [ 139.655376351503719, 35.916167753886818 ] } },
{ "type": "Feature", "properties": { "内容": "リンクスケア【訪問介護】蓮沼1748-2", "url": "https://www.kaigokensaku.mhlw.go.jp/11/index.php?action_kouhyou_detail_004_kani=true&JigyosyoCd=1176519252-00&ServiceCd=110&Type=search", "url2": "https://linkscare.co.jp/dev03/" }, "geometry": { "type": "Point", "coordinates": [ 139.66214596404572, 35.921526384115346 ] } },
{ "type": "Feature", "properties": { "内容": "たから訪問介護所【訪問介護】埼玉県さいたま市見沼区大23-4", "url": "https://www.kaigokensaku.mhlw.go.jp/11/index.php?action_kouhyou_detail_004_kani=true&JigyosyoCd=1176513602-00&ServiceCd=110&Type=search", "url2": null }, "geometry": { "type": "Point", "coordinates": [ 139.678431925006095, 35.90568448388975 ] } },
{ "type": "Feature", "properties": { "内容": "あいりす介護支援センター【訪問介護】東大宮6-158-21", "url": "https://www.kaigokensaku.mhlw.go.jp/11/index.php?action_kouhyou_detail_004_kani=true&JigyosyoCd=1176510053-00&ServiceCd=110&Type=search", "url2": null }, "geometry": { "type": "Point", "coordinates": [ 139.645771271163937, 35.94792577018039 ] } },
{ "type": "Feature", "properties": { "内容": "ＡＬＳ・難病つかリーノ介護サービス【訪問介護】埼玉県さいたま市中央区上落合５－７－１", "url": "https://www.kaigokensaku.mhlw.go.jp/11/index.php?action_kouhyou_detail_004_kani=true&JigyosyoCd=1176507885-00&ServiceCd=110&Type=search", "url2": null }, "geometry": { "type": "Point", "coordinates": [ 139.628129400000034, 35.895033 ] } },
{ "type": "Feature", "properties": { "内容": "訪問介護事業所　りんか　さいたま【訪問介護】埼玉県さいたま市中央区下落合3丁目7番1飯塚ビル102", "url": "https://www.kaigokensaku.mhlw.go.jp/11/index.php?action_kouhyou_detail_004_kani=true&JigyosyoCd=1176518882-00&ServiceCd=110&Type=search", "url2": null }, "geometry": { "type": "Point", "coordinates": [ 139.633319130580134, 35.884314421309902 ] } },
{ "type": "Feature", "properties": { "内容": "ニチイケアセンター与野【訪問介護】さいたま市中央区上落合5-4-7　瀬山ビル1・2Ｆ", "url": "https://www.kaigokensaku.mhlw.go.jp/11/index.php?action_kouhyou_detail_004_kani=true&JigyosyoCd=1171500091-00&ServiceCd=110&Type=search", "url2": null }, "geometry": { "type": "Point", "coordinates": [ 139.627492500000017, 35.894338800000014 ] } },
{ "type": "Feature", "properties": { "内容": "介護の金太郎【訪問介護】さいたま市中央区下落合1031-9花ビル２階", "url": "https://www.kaigokensaku.mhlw.go.jp/11/index.php?action_kouhyou_detail_004_kani=true&JigyosyoCd=1176502456-00&ServiceCd=110&Type=search", "url2": null }, "geometry": { "type": "Point", "coordinates": [ 139.637034800000038, 35.8855066 ] } },
{ "type": "Feature", "properties": { "内容": "東京海上日動みずたま介護ＳＴ大宮【訪問介護】埼玉県さいたま市中央区上落合9-1-6Mビル3階", "url": "https://www.kaigokensaku.mhlw.go.jp/11/index.php?action_kouhyou_detail_004_kani=true&JigyosyoCd=1176515011-00&ServiceCd=110&Type=search", "url2": "https://www.mizutama-kaigo.jp/stations/omiya/" }, "geometry": { "type": "Point", "coordinates": [ 139.625833446557607, 35.899221081618819 ] } },
{ "type": "Feature", "properties": { "内容": "ニチイケアセンター鈴谷【訪問介護】埼玉県さいたま市中央鈴谷6-1-4クロシェット南与野1－Ｄ号", "url": "https://www.kaigokensaku.mhlw.go.jp/11/index.php?action_kouhyou_detail_004_kani=true&JigyosyoCd=1176517744-00&ServiceCd=110&Type=search", "url2": null }, "geometry": { "type": "Point", "coordinates": [ 139.632260485753164, 35.87421801721122 ] } },
{ "type": "Feature", "properties": { "内容": "けあビジョン与野【訪問介護】埼玉県さいたま市中央区鈴谷8-10-26　　3F", "url": "https://www.kaigokensaku.mhlw.go.jp/11/index.php?action_kouhyou_detail_004_kani=true&JigyosyoCd=1176508164-00&ServiceCd=110&Type=search", "url2": null }, "geometry": { "type": "Point", "coordinates": [ 139.622997749073789, 35.877999726272193 ] } },
{ "type": "Feature", "properties": { "内容": "アースサポート北浦和【訪問介護】埼玉県さいたま市中央区新中里1丁目3番3号", "url": "https://www.kaigokensaku.mhlw.go.jp/11/index.php?action_kouhyou_detail_004_kani=true&JigyosyoCd=1176500971-00&ServiceCd=110&Type=search", "url2": "https://www.earthsupport.co.jp" }, "geometry": { "type": "Point", "coordinates": [ 139.637068799999952, 35.8706502 ] } },
{ "type": "Feature", "properties": { "内容": "みつば訪問介護与野【訪問介護】埼玉県さいたま市中央区下落合6-9-6　4F丸幸ビル", "url": "https://www.kaigokensaku.mhlw.go.jp/11/index.php?action_kouhyou_detail_004_kani=true&JigyosyoCd=1176517157-00&ServiceCd=110&Type=search", "url2": "https://bestcare-partners.co.jp/" }, "geometry": { "type": "Point", "coordinates": [ 139.627345737330728, 35.88234219996491 ] } },
{ "type": "Feature", "properties": { "内容": "ヒューマンライフケア南与野の湯【訪問介護】さいたま市中央区鈴谷２丁目５４９番２４号", "url": "https://www.kaigokensaku.mhlw.go.jp/11/index.php?action_kouhyou_detail_004_kani=true&JigyosyoCd=1176508404-00&ServiceCd=110&Type=search", "url2": "http://hlc.athuman.com/caresearch/saitama/351411/index.php?sisetu=14" }, "geometry": { "type": "Point", "coordinates": [ 139.631274041792977, 35.867217017426384 ] } },
{ "type": "Feature", "properties": { "内容": "ネヲハル与野【訪問介護】埼玉県さいたま市中央区鈴谷５－２－２第二柏木マンション１階", "url": "https://www.kaigokensaku.mhlw.go.jp/11/index.php?action_kouhyou_detail_004_kani=true&JigyosyoCd=1176515938-00&ServiceCd=110&Type=search", "url2": "https://www.neoharu.jp" }, "geometry": { "type": "Point", "coordinates": [ 139.630452699999978, 35.8704112 ] } },
{ "type": "Feature", "properties": { "内容": "訪問介護事業所あさがお与野公園【訪問介護】埼玉県さいたま市中央区本町東５－６－５", "url": "https://www.kaigokensaku.mhlw.go.jp/11/index.php?action_kouhyou_detail_004_kani=true&JigyosyoCd=1171500042-00&ServiceCd=110&Type=search", "url2": null }, "geometry": { "type": "Point", "coordinates": [ 139.606050448657243, 35.897908262889537 ] } },
{ "type": "Feature", "properties": { "内容": "よし訪問介護ステーションさいたま【訪問介護】本町東3-6-10島源レジデンス２階", "url": "https://www.kaigokensaku.mhlw.go.jp/11/index.php?action_kouhyou_detail_004_kani=true&JigyosyoCd=1176520615-00&ServiceCd=110&Type=search", "url2": "https://yoshi-kaigo.com/" }, "geometry": { "type": "Point", "coordinates": [ 139.621593927894594, 35.882524049862077 ] } },
{ "type": "Feature", "properties": { "内容": "サンウェルズ南与野ヘルパーステーション【訪問介護】大戸6丁目10－11", "url": "https://www.kaigokensaku.mhlw.go.jp/11/index.php?action_kouhyou_detail_004_kani=true&JigyosyoCd=1176520102-00&ServiceCd=110&Type=search", "url2": "https://sunwels.jp/pdh/facility/pdhouse-minamiyono/" }, "geometry": { "type": "Point", "coordinates": [ 139.635167200000012, 35.8695164 ] } },
{ "type": "Feature", "properties": { "内容": "訪問介護ひだまり【訪問介護】埼玉県さいたま市中央区桜丘１－１３－１", "url": "https://www.kaigokensaku.mhlw.go.jp/11/index.php?action_kouhyou_detail_004_kani=true&JigyosyoCd=1176500633-00&ServiceCd=110&Type=search", "url2": null }, "geometry": { "type": "Point", "coordinates": [ 139.61655339999993, 35.8799124 ] } },
{ "type": "Feature", "properties": { "内容": "ほっと介護ひばり【訪問介護】埼玉県さいたま市中央区鈴谷8-11-9", "url": "https://www.kaigokensaku.mhlw.go.jp/11/index.php?action_kouhyou_detail_004_kani=true&JigyosyoCd=1176519591-00&ServiceCd=110&Type=search", "url2": null }, "geometry": { "type": "Point", "coordinates": [ 139.6253528, 35.877797 ] } },
{ "type": "Feature", "properties": { "内容": "指定訪問介護事業所　あかり【訪問介護】埼玉県さいたま市中央区鈴谷３－１１－２１ベルバレー１０１", "url": "https://www.kaigokensaku.mhlw.go.jp/11/index.php?action_kouhyou_detail_004_kani=true&JigyosyoCd=1176509436-00&ServiceCd=110&Type=search", "url2": "https://houmon-akari.jp/" }, "geometry": { "type": "Point", "coordinates": [ 139.624616622068032, 35.869787473814561 ] } },
{ "type": "Feature", "properties": { "内容": "リベルテ訪問介護事業所【訪問介護】埼玉県さいたま市中央区下落合７丁目２番８号", "url": "https://www.kaigokensaku.mhlw.go.jp/11/index.php?action_kouhyou_detail_004_kani=true&JigyosyoCd=1176516217-00&ServiceCd=110&Type=search", "url2": null }, "geometry": { "type": "Point", "coordinates": [ 139.6315712, 35.8806741 ] } },
{ "type": "Feature", "properties": { "内容": "ナラティブケア南与野【訪問介護】埼玉県さいたま市中央区鈴谷5-9-28", "url": "https://www.kaigokensaku.mhlw.go.jp/11/index.php?action_kouhyou_detail_004_kani=true&JigyosyoCd=1176520805-00&ServiceCd=110&Type=search", "url2": "https://caregiver.co.jp/facility/minamiyono_cares.php" }, "geometry": { "type": "Point", "coordinates": [ 139.6303062, 35.8734882 ] } },
{ "type": "Feature", "properties": { "内容": "有限会社　大和ハッピー・ケア・サービス【訪問介護】埼玉県さいたま市中央区下落合4-23-17埼京ビル2F", "url": "https://www.kaigokensaku.mhlw.go.jp/11/index.php?action_kouhyou_detail_004_kani=true&JigyosyoCd=1176502639-00&ServiceCd=110&Type=search", "url2": "http://www.happy777788.com" }, "geometry": { "type": "Point", "coordinates": [ 139.63011003254087, 35.887512876528824 ] } },
{ "type": "Feature", "properties": { "内容": "訪問介護ファミリー・ホスピス大宮【訪問介護】埼玉県さいたま市中央区上落合6丁目10番11号", "url": "https://www.kaigokensaku.mhlw.go.jp/11/index.php?action_kouhyou_detail_004_kani=true&JigyosyoCd=1176521860-00&ServiceCd=110&Type=search", "url2": "https://family-hospice.co.jp/facility/6700/" }, "geometry": { "type": "Point", "coordinates": [ 139.6224178, 35.8952491 ] } },
{ "type": "Feature", "properties": { "内容": "ウェルシアさわやかケアさくら・訪問介護【訪問介護】埼玉県さいたま市中央区鈴谷５－９－３２第8カイダビル２階", "url": "https://www.kaigokensaku.mhlw.go.jp/11/index.php?action_kouhyou_detail_004_kani=true&JigyosyoCd=1176505087-00&ServiceCd=110&Type=search", "url2": "http://www.welcia-partners.co.jp/" }, "geometry": { "type": "Point", "coordinates": [ 139.630521033807327, 35.873797993541714 ] } },
{ "type": "Feature", "properties": { "内容": "ＮＰＯ法人　ふぁみりぃＫ【訪問介護】埼玉県さいたま市桜区南元宿2-27-1-1001ライオンズガーデンシティ浦和1001", "url": "https://www.kaigokensaku.mhlw.go.jp/11/index.php?action_kouhyou_detail_004_kani=true&JigyosyoCd=1176511267-00&ServiceCd=110&Type=search", "url2": "http://family-k.org" }, "geometry": { "type": "Point", "coordinates": [ 139.623712, 35.858293 ] } },
{ "type": "Feature", "properties": { "内容": "訪問介護ステーション　さいたまロイヤルの園【訪問介護】埼玉県さいたま市桜区大字五関３９６番地２", "url": "https://www.kaigokensaku.mhlw.go.jp/11/index.php?action_kouhyou_detail_004_kani=true&JigyosyoCd=1176506598-00&ServiceCd=110&Type=search", "url2": "http://www.wam-town.jp/saitama/" }, "geometry": { "type": "Point", "coordinates": [ 139.595542099999989, 35.8663717 ] } },
{ "type": "Feature", "properties": { "内容": "ケアリッツ武蔵浦和【訪問介護】埼玉県さいたま市桜区田島3-19-16金杉ビル3階", "url": "https://www.kaigokensaku.mhlw.go.jp/11/index.php?action_kouhyou_detail_004_kani=true&JigyosyoCd=1176519104-00&ServiceCd=110&Type=search", "url2": "https://www.careritz.co.jp/station/branch/musashiurawa/" }, "geometry": { "type": "Point", "coordinates": [ 139.631662309821706, 35.844913256166478 ] } },
{ "type": "Feature", "properties": { "内容": "訪問介護事業所ひつじ【訪問介護】埼玉県さいたま市桜区栄和5-22-3　B101B101", "url": "https://www.kaigokensaku.mhlw.go.jp/11/index.php?action_kouhyou_detail_004_kani=true&JigyosyoCd=1176514550-00&ServiceCd=110&Type=search", "url2": null }, "geometry": { "type": "Point", "coordinates": [ 139.614330926406552, 35.867325432608709 ] } },
{ "type": "Feature", "properties": { "内容": "スターヘルパーステーション【訪問介護】さいたま市桜区田島４－４１－８", "url": "https://www.kaigokensaku.mhlw.go.jp/11/index.php?action_kouhyou_detail_004_kani=true&JigyosyoCd=1176503595-00&ServiceCd=110&Type=search", "url2": "https://starhoumon.com" }, "geometry": { "type": "Point", "coordinates": [ 139.626781599999958, 35.8467555 ] } },
{ "type": "Feature", "properties": { "内容": "ニチイケアセンター浦和さくら【訪問介護】埼玉県さいたま市桜区田島5-24-8小田切ビル1階", "url": "https://www.kaigokensaku.mhlw.go.jp/11/index.php?action_kouhyou_detail_004_kani=true&JigyosyoCd=1176517843-00&ServiceCd=110&Type=search", "url2": null }, "geometry": { "type": "Point", "coordinates": [ 139.62877180000001, 35.8435113 ] } },
{ "type": "Feature", "properties": { "内容": "ニチイケアセンター浦和【訪問介護】埼玉県さいたま市桜区下大久保１８６－７", "url": "https://www.kaigokensaku.mhlw.go.jp/11/index.php?action_kouhyou_detail_004_kani=true&JigyosyoCd=1170100885-00&ServiceCd=110&Type=search", "url2": "http://www.nichiigakkan.co.jp" }, "geometry": { "type": "Point", "coordinates": [ 139.609835299999986, 35.8639058 ] } },
{ "type": "Feature", "properties": { "内容": "医療法人聖仁会　訪問介護ステーションさくら聖仁会訪問介護ステーションさくら【訪問介護】埼玉県さいたま市桜区大字上大久保830番地1西部在宅ケアセンター3階", "url": "https://www.kaigokensaku.mhlw.go.jp/11/index.php?action_kouhyou_detail_004_kani=true&JigyosyoCd=1170101073-00&ServiceCd=110&Type=search", "url2": "https://www.skmg.jp/seibu-care/care-sakura/" }, "geometry": { "type": "Point", "coordinates": [ 139.614245699999969, 35.8724299 ] } },
{ "type": "Feature", "properties": { "内容": "ルナケア【訪問介護】さいたま市桜区白鍬６４０タリーハイム白鍬２０１", "url": "https://www.kaigokensaku.mhlw.go.jp/11/index.php?action_kouhyou_detail_004_kani=true&JigyosyoCd=1176515318-00&ServiceCd=110&Type=search", "url2": null }, "geometry": { "type": "Point", "coordinates": [ 139.605345599999964, 35.8881361 ] } },
{ "type": "Feature", "properties": { "内容": "やさしい手白鍬訪問介護事業所【訪問介護】白鍬７３６-８センチュリーテラス白鍬", "url": "https://www.kaigokensaku.mhlw.go.jp/11/index.php?action_kouhyou_detail_004_kani=true&JigyosyoCd=1176514881-00&ServiceCd=110&Type=search", "url2": "http://www.yasashiite.com/subdomains/section/380/" }, "geometry": { "type": "Point", "coordinates": [ 139.60685680000006, 35.8833006 ] } },
{ "type": "Feature", "properties": { "内容": "かえでケアセンター　桜区【訪問介護】埼玉県さいたま市桜区下大久保924", "url": "https://www.kaigokensaku.mhlw.go.jp/11/index.php?action_kouhyou_detail_004_kani=true&JigyosyoCd=1176514238-00&ServiceCd=110&Type=search", "url2": "http://hp.kaipoke.biz/kut/index.html" }, "geometry": { "type": "Point", "coordinates": [ 139.597764426089469, 35.863406761211152 ] } },
{ "type": "Feature", "properties": { "内容": "ツクイさいたま西浦和【訪問介護】さいたま市桜区田島2-5-23", "url": "https://www.kaigokensaku.mhlw.go.jp/11/index.php?action_kouhyou_detail_004_kani=true&JigyosyoCd=1170100448-00&ServiceCd=110&Type=search", "url2": "http://www.tsukui.net" }, "geometry": { "type": "Point", "coordinates": [ 139.633331, 35.8450557 ] } },
{ "type": "Feature", "properties": { "内容": "愛希【訪問介護】埼玉県さいたま市桜区田島4-38-3", "url": "https://www.kaigokensaku.mhlw.go.jp/11/index.php?action_kouhyou_detail_004_kani=true&JigyosyoCd=1176502076-00&ServiceCd=110&Type=search", "url2": "http://www.aiki-kaigo.jp/" }, "geometry": { "type": "Point", "coordinates": [ 139.627056499999981, 35.8486386 ] } },
{ "type": "Feature", "properties": { "内容": "ネヲハル　田島【訪問介護】埼玉県さいたま市桜区田島４－９－８", "url": "https://www.kaigokensaku.mhlw.go.jp/11/index.php?action_kouhyou_detail_004_kani=true&JigyosyoCd=1170100349-00&ServiceCd=110&Type=search", "url2": "http://www.neoharu.jp" }, "geometry": { "type": "Point", "coordinates": [ 139.632408700000042, 35.8496497 ] } },
{ "type": "Feature", "properties": { "内容": "コスモケアサービス【訪問介護】埼玉県さいたま市桜区五関606-1", "url": "https://www.kaigokensaku.mhlw.go.jp/11/index.php?action_kouhyou_detail_004_kani=true&JigyosyoCd=1176508768-00&ServiceCd=110&Type=search", "url2": null }, "geometry": { "type": "Point", "coordinates": [ 139.5963802, 35.8679885 ] } },
{ "type": "Feature", "properties": { "内容": "ケアセンター中浦和【訪問介護】埼玉県さいたま市桜区西堀1丁目15-4", "url": "https://www.kaigokensaku.mhlw.go.jp/11/index.php?action_kouhyou_detail_004_kani=true&JigyosyoCd=1176521621-00&ServiceCd=110&Type=search", "url2": "https://c-human.co.jp/" }, "geometry": { "type": "Point", "coordinates": [ 139.634131200000013, 35.8573005 ] } },
{ "type": "Feature", "properties": { "内容": "アールスタッフ浦和ケアサービス【訪問介護】埼玉県さいたま市浦和区北浦和１－１１－１９エソールビル２階", "url": "https://www.kaigokensaku.mhlw.go.jp/11/index.php?action_kouhyou_detail_004_kani=true&JigyosyoCd=1176501417-00&ServiceCd=110&Type=search", "url2": "http://www.r-staff.jp/" }, "geometry": { "type": "Point", "coordinates": [ 139.647231599999941, 35.8742556 ] } },
{ "type": "Feature", "properties": { "内容": "ケアリッツ北浦和【訪問介護】埼玉県さいたま市浦和区常盤3-18-6西脇ビル2階", "url": "https://www.kaigokensaku.mhlw.go.jp/11/index.php?action_kouhyou_detail_004_kani=true&JigyosyoCd=1176518684-00&ServiceCd=110&Type=search", "url2": "https://www.careritz.co.jp/station/branch/kitaurawa/" }, "geometry": { "type": "Point", "coordinates": [ 139.64814770000001, 35.8706084 ] } },
{ "type": "Feature", "properties": { "内容": "さわやかケアうらわ・訪問介護【訪問介護】さいたま市浦和区前地3-14-12第2スミダビル3階", "url": "https://www.kaigokensaku.mhlw.go.jp/11/index.php?action_kouhyou_detail_004_kani=true&JigyosyoCd=1176505129-00&ServiceCd=110&Type=search", "url2": "https://www.welcia-partners.co.jp/" }, "geometry": { "type": "Point", "coordinates": [ 139.666055899999947, 35.860486500000015 ] } },
{ "type": "Feature", "properties": { "内容": "ケアセンター上木崎【訪問介護】さいたま市浦和区上木崎8-11-20ケヤキ倶楽部上木崎", "url": "https://www.kaigokensaku.mhlw.go.jp/11/index.php?action_kouhyou_detail_004_kani=true&JigyosyoCd=1176519948-00&ServiceCd=110&Type=search", "url2": "https://www.c-human.co.jp/" }, "geometry": { "type": "Point", "coordinates": [ 139.6473613, 35.8915241 ] } },
{ "type": "Feature", "properties": { "内容": "癒しのヘルパーステーション浦和【訪問介護】さいたま市浦和区本太3-24-6", "url": "https://www.kaigokensaku.mhlw.go.jp/11/index.php?action_kouhyou_detail_004_kani=true&JigyosyoCd=1176507596-00&ServiceCd=110&Type=search", "url2": "http://www.riei.co.jp" }, "geometry": { "type": "Point", "coordinates": [ 139.654935102566213, 35.867447897063833 ] } },
{ "type": "Feature", "properties": { "内容": "アズミメディケアセンター浦和【訪問介護】埼玉県さいたま市浦和区岸町７－１－４", "url": "https://www.kaigokensaku.mhlw.go.jp/11/index.php?action_kouhyou_detail_004_kani=true&JigyosyoCd=1170101065-00&ServiceCd=110&Type=search", "url2": null }, "geometry": { "type": "Point", "coordinates": [ 139.654226, 35.8559743 ] } },
{ "type": "Feature", "properties": { "内容": "東京海上日動みずたま介護ＳＴ北浦和【訪問介護】埼玉県さいたま市浦和区北浦和3-8-15光邦ビル４階", "url": "https://www.kaigokensaku.mhlw.go.jp/11/index.php?action_kouhyou_detail_004_kani=true&JigyosyoCd=1176520656-00&ServiceCd=110&Type=search", "url2": "https://www.tnbls.co.jp/" }, "geometry": { "type": "Point", "coordinates": [ 139.645817099999988, 35.8726983 ] } },
{ "type": "Feature", "properties": { "内容": "ふくしのまち与野【訪問介護】埼玉県さいたま市浦和区木崎4-17-1バロンズ木崎202", "url": "https://www.kaigokensaku.mhlw.go.jp/11/index.php?action_kouhyou_detail_004_kani=true&JigyosyoCd=1176500351-00&ServiceCd=110&Type=search", "url2": "http://www.youism.co.jp" }, "geometry": { "type": "Point", "coordinates": [ 139.661147039370206, 35.886559654153018 ] } },
{ "type": "Feature", "properties": { "内容": "ホームヘルプサービス　ソラスト浦和【訪問介護】埼玉県さいたま市浦和区東仲町１５－８グリーンスクエア４０１", "url": "https://www.kaigokensaku.mhlw.go.jp/11/index.php?action_kouhyou_detail_004_kani=true&JigyosyoCd=1170101180-00&ServiceCd=110&Type=search", "url2": "http://www.solasto.co.jp/" }, "geometry": { "type": "Point", "coordinates": [ 139.658003300000018, 35.861035 ] } },
{ "type": "Feature", "properties": { "内容": "コープみらい浦和介護センター【訪問介護】さいたま市浦和区上木崎7-6-7　コープ上木崎店内", "url": "https://www.kaigokensaku.mhlw.go.jp/11/index.php?action_kouhyou_detail_004_kani=true&JigyosyoCd=1176504031-00&ServiceCd=110&Type=search", "url2": "http://mirai.coopnet.or.jp/" }, "geometry": { "type": "Point", "coordinates": [ 139.650417, 35.8882814 ] } },
{ "type": "Feature", "properties": { "内容": "ニチイケアセンター北浦和【訪問介護】埼玉県さいたま市浦和区北浦和1-4-1　グッドヒル北浦和IV102", "url": "https://www.kaigokensaku.mhlw.go.jp/11/index.php?action_kouhyou_detail_004_kani=true&JigyosyoCd=1176502910-00&ServiceCd=110&Type=search", "url2": "http://www.nichiigakkan.co.jp" }, "geometry": { "type": "Point", "coordinates": [ 139.646272381475796, 35.874593105829142 ] } },
{ "type": "Feature", "properties": { "内容": "あけぼし訪問介護事業所浦和【訪問介護】埼玉県さいたま市浦和区大東３－10－７", "url": "https://www.kaigokensaku.mhlw.go.jp/11/index.php?action_kouhyou_detail_004_kani=true&JigyosyoCd=1176511887-00&ServiceCd=110&Type=search", "url2": "https://grateful-kaigo.com" }, "geometry": { "type": "Point", "coordinates": [ 139.66455502892623, 35.882023165527713 ] } },
{ "type": "Feature", "properties": { "内容": "有限会社　オリーブケア【訪問介護】さいたま市浦和区東仲町５－３イーストサイドパレスT&T　４０６号室", "url": "https://www.kaigokensaku.mhlw.go.jp/11/index.php?action_kouhyou_detail_004_kani=true&JigyosyoCd=1176502415-00&ServiceCd=110&Type=search", "url2": null }, "geometry": { "type": "Point", "coordinates": [ 139.656009, 35.8616794 ] } },
{ "type": "Feature", "properties": { "内容": "ニチイケアセンター浦和中央【訪問介護】埼玉県さいたま市浦和区高砂２－１３－１９Ｋ２ビル１Ｆ", "url": "https://www.kaigokensaku.mhlw.go.jp/11/index.php?action_kouhyou_detail_004_kani=true&JigyosyoCd=1170100513-00&ServiceCd=110&Type=search", "url2": null }, "geometry": { "type": "Point", "coordinates": [ 139.65431209999997, 35.857527 ] } },
{ "type": "Feature", "properties": { "内容": "医心館訪問介護ステーション北浦和【訪問介護】埼玉県さいたま市浦和区元町二丁目20番８号", "url": "https://www.kaigokensaku.mhlw.go.jp/11/index.php?action_kouhyou_detail_004_kani=true&JigyosyoCd=1176517470-00&ServiceCd=110&Type=search", "url2": null }, "geometry": { "type": "Point", "coordinates": [ 139.652702, 35.8720152 ] } },
{ "type": "Feature", "properties": { "内容": "医療生協ケアステーションうらしん【訪問介護】埼玉県さいたま市浦和区北浦和3-10-4　2FCOOPハウス未来館2階", "url": "https://www.kaigokensaku.mhlw.go.jp/11/index.php?action_kouhyou_detail_004_kani=true&JigyosyoCd=1170100893-00&ServiceCd=110&Type=search", "url2": "http://www.mcp-saitama.or.jp/" }, "geometry": { "type": "Point", "coordinates": [ 139.645753375463073, 35.874129740468597 ] } },
{ "type": "Feature", "properties": { "内容": "ヘルパーステーションほほえみ【訪問介護】さいたま市浦和区高砂２－１－１明治安田生命浦和ビル４階", "url": "https://www.kaigokensaku.mhlw.go.jp/11/index.php?action_kouhyou_detail_004_kani=true&JigyosyoCd=1176500518-00&ServiceCd=110&Type=search", "url2": "http://therapy-hohoemi.co.jp/" }, "geometry": { "type": "Point", "coordinates": [ 139.654973899999959, 35.8574489 ] } },
{ "type": "Feature", "properties": { "内容": "ニチイケアセンター上木崎【訪問介護】埼玉県さいたま市浦和区上木崎3-1-10", "url": "https://www.kaigokensaku.mhlw.go.jp/11/index.php?action_kouhyou_detail_004_kani=true&JigyosyoCd=1176503454-00&ServiceCd=110&Type=search", "url2": "http://www.nichiigakkan.co.jp" }, "geometry": { "type": "Point", "coordinates": [ 139.643181499999969, 35.8874425 ] } },
{ "type": "Feature", "properties": { "内容": "ヘルパーステーション麦【訪問介護】埼玉県さいたま市浦和区上木崎7-13-26コーポ道美木102", "url": "https://www.kaigokensaku.mhlw.go.jp/11/index.php?action_kouhyou_detail_004_kani=true&JigyosyoCd=1176521225-00&ServiceCd=110&Type=search", "url2": "https://www.stationmugi.com/" }, "geometry": { "type": "Point", "coordinates": [ 139.6517653, 35.8886364 ] } },
{ "type": "Feature", "properties": { "内容": "ヘルパーステーション　しじょう【訪問介護】埼玉県さいたま市浦和区北浦和５-15-45", "url": "https://www.kaigokensaku.mhlw.go.jp/11/index.php?action_kouhyou_detail_004_kani=true&JigyosyoCd=1176516068-00&ServiceCd=110&Type=search", "url2": null }, "geometry": { "type": "Point", "coordinates": [ 139.638829500000043, 35.875769 ] } },
{ "type": "Feature", "properties": { "内容": "さいたま市浦和区瀬ヶ崎3-3-8【訪問介護】瀬ヶ崎3-3-8", "url": "https://www.kaigokensaku.mhlw.go.jp/11/index.php?action_kouhyou_detail_004_kani=true&JigyosyoCd=1176516415-00&ServiceCd=110&Type=search", "url2": "https://care-net.biz/11/sun-support/" }, "geometry": { "type": "Point", "coordinates": [ 139.6622188, 35.8792769 ] } },
{ "type": "Feature", "properties": { "内容": "有限会社ファーストケアまちや【訪問介護】埼玉県さいたま市浦和区本太3-1-14", "url": "https://www.kaigokensaku.mhlw.go.jp/11/index.php?action_kouhyou_detail_004_kani=true&JigyosyoCd=1170100273-00&ServiceCd=110&Type=search", "url2": "http://www.fc-machiya.jp" }, "geometry": { "type": "Point", "coordinates": [ 139.65415680000001, 35.8639671 ] } },
{ "type": "Feature", "properties": { "内容": "やさしい手浦和北訪問介護事業所【訪問介護】埼玉県さいたま市浦和区常盤9-10-2栗原ビル2階", "url": "https://www.kaigokensaku.mhlw.go.jp/11/index.php?action_kouhyou_detail_004_kani=true&JigyosyoCd=1176506978-00&ServiceCd=110&Type=search", "url2": "https://search.yasashiite.com/detail/homonkaigo_urawakita/" }, "geometry": { "type": "Point", "coordinates": [ 139.646650186508168, 35.868436675802279 ] } },
{ "type": "Feature", "properties": { "内容": "エールサービス【訪問介護】埼玉県さいたま市南区辻4-7-4秋本ビル2階", "url": "https://www.kaigokensaku.mhlw.go.jp/11/index.php?action_kouhyou_detail_004_kani=true&JigyosyoCd=1170100356-00&ServiceCd=110&Type=search", "url2": null }, "geometry": { "type": "Point", "coordinates": [ 139.6583875, 35.8364418 ] } },
{ "type": "Feature", "properties": { "内容": "ひかり訪問介護ステーション浦和【訪問介護】南浦和2-36-9白井ビル4階403号室", "url": "https://www.kaigokensaku.mhlw.go.jp/11/index.php?action_kouhyou_detail_004_kani=true&JigyosyoCd=1176521183-00&ServiceCd=110&Type=search", "url2": "https://hikari-lifes.net/" }, "geometry": { "type": "Point", "coordinates": [ 139.670633500000037, 35.8482872 ] } },
{ "type": "Feature", "properties": { "内容": "オアシス２４浦和【訪問介護】埼玉県さいたま市南区太田窪2026-1ヒルズ南浦和103号室", "url": "https://www.kaigokensaku.mhlw.go.jp/11/index.php?action_kouhyou_detail_004_kani=true&JigyosyoCd=1176521431-00&ServiceCd=110&Type=search", "url2": "https://oasis24-group.com/" }, "geometry": { "type": "Point", "coordinates": [ 139.68064480000001, 35.8528351 ] } },
{ "type": "Feature", "properties": { "内容": "訪問介護事業所　あおぞら西浦和【訪問介護】松本1-16-5西浦和ハイツ101", "url": "https://www.kaigokensaku.mhlw.go.jp/11/index.php?action_kouhyou_detail_004_kani=true&JigyosyoCd=1176516845-00&ServiceCd=110&Type=search", "url2": null }, "geometry": { "type": "Point", "coordinates": [ 139.62582759999998, 35.8364079 ] } },
{ "type": "Feature", "properties": { "内容": "おひさま介護サービスさいたま南【訪問介護】埼玉県さいたま市南区南本町1-11-8メゾンドリッチモンド102", "url": "https://www.kaigokensaku.mhlw.go.jp/11/index.php?action_kouhyou_detail_004_kani=true&JigyosyoCd=1176517413-00&ServiceCd=110&Type=search", "url2": "http://www.elderly.jp/" }, "geometry": { "type": "Point", "coordinates": [ 139.667232, 35.8445976 ] } },
{ "type": "Feature", "properties": { "内容": "厚生福祉自動車有限会社ハロー介護【訪問介護】埼玉県さいたま市南区文蔵3-27-5", "url": "https://www.kaigokensaku.mhlw.go.jp/11/index.php?action_kouhyou_detail_004_kani=true&JigyosyoCd=1176500385-00&ServiceCd=110&Type=search", "url2": "http://hellokaigo.jp/" }, "geometry": { "type": "Point", "coordinates": [ 139.6737915, 35.8371072 ] } },
{ "type": "Feature", "properties": { "内容": "ケアリッツ南浦和【訪問介護】埼玉県さいたま市南区南浦和3-20-18タイガースマンション１０３", "url": "https://www.kaigokensaku.mhlw.go.jp/11/index.php?action_kouhyou_detail_004_kani=true&JigyosyoCd=1176517231-00&ServiceCd=110&Type=search", "url2": "https://www.careritz.co.jp/station/branch/minamiurawa/" }, "geometry": { "type": "Point", "coordinates": [ 139.674801, 35.8493217 ] } },
{ "type": "Feature", "properties": { "内容": "訪問介護事業所　あおぞら中央【訪問介護】埼玉県さいたま市南区円正寺518-5", "url": "https://www.kaigokensaku.mhlw.go.jp/11/index.php?action_kouhyou_detail_004_kani=true&JigyosyoCd=1176517298-00&ServiceCd=110&Type=search", "url2": "http://www.aoki-chuoclinic.jp/" }, "geometry": { "type": "Point", "coordinates": [ 139.69570013135214, 35.853138679057047 ] } },
{ "type": "Feature", "properties": { "内容": "みのりケアステーション【訪問介護】さいたま市南区大谷口2029番地4", "url": "https://www.kaigokensaku.mhlw.go.jp/11/index.php?action_kouhyou_detail_004_kani=true&JigyosyoCd=1176508289-00&ServiceCd=110&Type=search", "url2": "http://www.minoricorp.co.jp" }, "geometry": { "type": "Point", "coordinates": [ 139.69331383135227, 35.8566565915078 ] } },
{ "type": "Feature", "properties": { "内容": "東京海上日動みずたま介護ＳＴ南浦和【訪問介護】埼玉県さいたま市南区南本町2-3-7グレイス南本町3階", "url": "https://www.kaigokensaku.mhlw.go.jp/11/index.php?action_kouhyou_detail_004_kani=true&JigyosyoCd=1176515045-00&ServiceCd=110&Type=search", "url2": "https//www.tnbls.co.jp/mizutama" }, "geometry": { "type": "Point", "coordinates": [ 139.667099333837911, 35.847004686180725 ] } },
{ "type": "Feature", "properties": { "内容": "はにぃびぃ【訪問介護】鹿手袋6-16-23ザスプリングビレッジ103", "url": "https://www.kaigokensaku.mhlw.go.jp/11/index.php?action_kouhyou_detail_004_kani=true&JigyosyoCd=1176520003-00&ServiceCd=110&Type=search", "url2": null }, "geometry": { "type": "Point", "coordinates": [ 139.638813199999987, 35.843689 ] } },
{ "type": "Feature", "properties": { "内容": "ホームヘルプサービスソラスト武蔵浦和【訪問介護】埼玉県さいたま市南区白幡４－１９－１第２春日ビル１階", "url": "https://www.kaigokensaku.mhlw.go.jp/11/index.php?action_kouhyou_detail_004_kani=true&JigyosyoCd=1170100315-00&ServiceCd=110&Type=search", "url2": "http://www.solasto.co.jp/" }, "geometry": { "type": "Point", "coordinates": [ 139.65296109999997, 35.8420638 ] } },
{ "type": "Feature", "properties": { "内容": "山手ケアサービス株式会社【訪問介護】さいたま市南区大谷口１４６０番地２号", "url": "https://www.kaigokensaku.mhlw.go.jp/11/index.php?action_kouhyou_detail_004_kani=true&JigyosyoCd=1170101099-00&ServiceCd=110&Type=search", "url2": "http://www.yamate-gp.co.jp" }, "geometry": { "type": "Point", "coordinates": [ 139.680279199999944, 35.85589130000001 ] } },
{ "type": "Feature", "properties": { "内容": "アースサポート南浦和【訪問介護】埼玉県さいたま市南区南浦和1丁目16番7号", "url": "https://www.kaigokensaku.mhlw.go.jp/11/index.php?action_kouhyou_detail_004_kani=true&JigyosyoCd=1176509832-00&ServiceCd=110&Type=search", "url2": "https://www.earthsupport.co.jp/" }, "geometry": { "type": "Point", "coordinates": [ 139.6712996, 35.8535526 ] } },
{ "type": "Feature", "properties": { "内容": "けあビジョン浦和【訪問介護】埼玉県さいたま市南区別所3-32-1別所コーポ101", "url": "https://www.kaigokensaku.mhlw.go.jp/11/index.php?action_kouhyou_detail_004_kani=true&JigyosyoCd=1176510962-00&ServiceCd=110&Type=search", "url2": "carev.urawa@care-v.com" }, "geometry": { "type": "Point", "coordinates": [ 139.643390899999986, 35.8545715 ] } },
{ "type": "Feature", "properties": { "内容": "有限会社ケアステーションさつき【訪問介護】埼玉県さいたま市南区曲本1-4-4", "url": "https://www.kaigokensaku.mhlw.go.jp/11/index.php?action_kouhyou_detail_004_kani=true&JigyosyoCd=1171900291-00&ServiceCd=110&Type=search", "url2": null }, "geometry": { "type": "Point", "coordinates": [ 139.630928700000027, 35.838587 ] } },
{ "type": "Feature", "properties": { "内容": "アスモ介護サービスさいたま【訪問介護】埼玉県さいたま市南区大谷場1-14-16", "url": "https://www.kaigokensaku.mhlw.go.jp/11/index.php?action_kouhyou_detail_004_kani=true&JigyosyoCd=1176511036-00&ServiceCd=110&Type=search", "url2": null }, "geometry": { "type": "Point", "coordinates": [ 139.668041948412792, 35.856401107823963 ] } },
{ "type": "Feature", "properties": { "内容": "ほっと・ケアライフ南浦和【訪問介護】埼玉県さいたま市南区南浦和1-25-1ハーウィル南浦和ウーデンハウス1Ｆ", "url": "https://www.kaigokensaku.mhlw.go.jp/11/index.php?action_kouhyou_detail_004_kani=true&JigyosyoCd=1176509139-00&ServiceCd=110&Type=search", "url2": "http://www.hot-carelife.com/" }, "geometry": { "type": "Point", "coordinates": [ 139.667663361376981, 35.850991128470042 ] } },
{ "type": "Feature", "properties": { "内容": "スマイルファクトリー【訪問介護】埼玉県さいたま市南区文蔵1-20-12", "url": "https://www.kaigokensaku.mhlw.go.jp/11/index.php?action_kouhyou_detail_004_kani=true&JigyosyoCd=1176517579-00&ServiceCd=110&Type=search", "url2": null }, "geometry": { "type": "Point", "coordinates": [ 139.67087, 35.8418338 ] } },
{ "type": "Feature", "properties": { "内容": "エム・ケア・ステーション【訪問介護】埼玉県さいたま市南区辻4-19-19", "url": "https://www.kaigokensaku.mhlw.go.jp/11/index.php?action_kouhyou_detail_004_kani=true&JigyosyoCd=1176504155-00&ServiceCd=110&Type=search", "url2": null }, "geometry": { "type": "Point", "coordinates": [ 139.65578210000001, 35.8349652 ] } },
{ "type": "Feature", "properties": { "内容": "ケアステーションふたば【訪問介護】埼玉県さいたま市南区鹿手袋　4-26-29ダイヤモンドハイツ　103号", "url": "https://www.kaigokensaku.mhlw.go.jp/11/index.php?action_kouhyou_detail_004_kani=true&JigyosyoCd=1176506168-00&ServiceCd=110&Type=search", "url2": "http://www.futaba-kaigo.co.jp" }, "geometry": { "type": "Point", "coordinates": [ 139.6386139, 35.8472561 ] } },
{ "type": "Feature", "properties": { "内容": "あさひケアサービス【訪問介護】埼玉県さいたま市南区鹿手袋4－31－17クラブハウス遊・友・悠１Ｆ", "url": "https://www.kaigokensaku.mhlw.go.jp/11/index.php?action_kouhyou_detail_004_kani=true&JigyosyoCd=1176504270-00&ServiceCd=110&Type=search", "url2": "http://www.asahifukushi.co.jp/" }, "geometry": { "type": "Point", "coordinates": [ 139.639941499999964, 35.8473916 ] } },
{ "type": "Feature", "properties": { "内容": "ケア21浦和【訪問介護】埼玉県さいたま市南区南浦和3-35-22ヴィラ明和103号室", "url": "https://www.kaigokensaku.mhlw.go.jp/11/index.php?action_kouhyou_detail_004_kani=true&JigyosyoCd=1176515904-00&ServiceCd=110&Type=search", "url2": null }, "geometry": { "type": "Point", "coordinates": [ 139.673416299999985, 35.8454979 ] } },
{ "type": "Feature", "properties": { "内容": "さわやかケアみなみ・訪問介護【訪問介護】埼玉県さいたま市南区沼影１－４－１４ラ・アミスタ武蔵浦和１０１号", "url": "https://www.kaigokensaku.mhlw.go.jp/11/index.php?action_kouhyou_detail_004_kani=true&JigyosyoCd=1176505103-00&ServiceCd=110&Type=search", "url2": "https://www.welcia-partners.co.jp/" }, "geometry": { "type": "Point", "coordinates": [ 139.642427080840207, 35.843634057501994 ] } },
{ "type": "Feature", "properties": { "内容": "ケアサービス　奏【訪問介護】埼玉県さいたま市南区別所1-11-2", "url": "https://www.kaigokensaku.mhlw.go.jp/11/index.php?action_kouhyou_detail_004_kani=true&JigyosyoCd=1176513545-00&ServiceCd=110&Type=search", "url2": "http://www.kanade-kaigoshien.com" }, "geometry": { "type": "Point", "coordinates": [ 139.648368299999987, 35.853094 ] } },
{ "type": "Feature", "properties": { "内容": "医心館訪問介護ステーション南浦和【訪問介護】埼玉県さいたま市南区南本町２丁目１１－１４", "url": "https://www.kaigokensaku.mhlw.go.jp/11/index.php?action_kouhyou_detail_004_kani=true&JigyosyoCd=1176515003-00&ServiceCd=110&Type=search", "url2": null }, "geometry": { "type": "Point", "coordinates": [ 139.666750200000024, 35.847292 ] } },
{ "type": "Feature", "properties": { "内容": "ヘルパーステーションえがお【訪問介護】埼玉県さいたま市南本町2-22-12メゾンヴェール105", "url": "https://www.kaigokensaku.mhlw.go.jp/11/index.php?action_kouhyou_detail_004_kani=true&JigyosyoCd=1176520722-00&ServiceCd=110&Type=search", "url2": null }, "geometry": { "type": "Point", "coordinates": [ 139.666585400000031, 35.848931300000025 ] } },
{ "type": "Feature", "properties": { "内容": "ニチイケアセンター　大谷口【訪問介護】埼玉県　さいたま市南区大谷口5322", "url": "https://www.kaigokensaku.mhlw.go.jp/11/index.php?action_kouhyou_detail_004_kani=true&JigyosyoCd=1176505079-00&ServiceCd=110&Type=search", "url2": "http://www.nichiigakkan.co.jp" }, "geometry": { "type": "Point", "coordinates": [ 139.69274740000003, 35.8617768 ] } },
{ "type": "Feature", "properties": { "内容": "ニチイケアセンター南浦和【訪問介護】埼玉県さいたま市南区南浦和２－２8－１6ハイグレード南浦和　203号室", "url": "https://www.kaigokensaku.mhlw.go.jp/11/index.php?action_kouhyou_detail_004_kani=true&JigyosyoCd=1170100265-00&ServiceCd=110&Type=search", "url2": "http://www.nichiigakkan.co.jp" }, "geometry": { "type": "Point", "coordinates": [ 139.67112961813811, 35.849378241439943 ] } },
{ "type": "Feature", "properties": { "内容": "医心館訪問介護ステーション武蔵浦和【訪問介護】埼玉県さいたま市南区別所2-24-3", "url": "https://www.kaigokensaku.mhlw.go.jp/11/index.php?action_kouhyou_detail_004_kani=true&JigyosyoCd=1176517686-00&ServiceCd=110&Type=search", "url2": null }, "geometry": { "type": "Point", "coordinates": [ 139.646208300000012, 35.8508781 ] } },
{ "type": "Feature", "properties": { "内容": "浦和成匠邸ケアステーション【訪問介護】別所6-4-40浦和成匠邸ケアステーション", "url": "https://www.kaigokensaku.mhlw.go.jp/11/index.php?action_kouhyou_detail_004_kani=true&JigyosyoCd=1176517702-00&ServiceCd=110&Type=search", "url2": "https://www.benesse-style-care.co.jp/" }, "geometry": { "type": "Point", "coordinates": [ 139.646982699999967, 35.8475208 ] } },
{ "type": "Feature", "properties": { "内容": "ファインケア浦和【訪問介護】埼玉県さいたま市南区文蔵2-2-12Ｆ", "url": "https://www.kaigokensaku.mhlw.go.jp/11/index.php?action_kouhyou_detail_004_kani=true&JigyosyoCd=1176510202-00&ServiceCd=110&Type=search", "url2": "https://www.finecare.co.jp" }, "geometry": { "type": "Point", "coordinates": [ 139.669630500000039, 35.844431299999989 ] } },
{ "type": "Feature", "properties": { "内容": "ＪＩＮ【訪問介護】埼玉県さいたま市南区辻２－２１－５－２０２", "url": "https://www.kaigokensaku.mhlw.go.jp/11/index.php?action_kouhyou_detail_004_kani=true&JigyosyoCd=1176521084-00&ServiceCd=110&Type=search", "url2": null }, "geometry": { "type": "Point", "coordinates": [ 139.6602193, 35.8367014 ] } },
{ "type": "Feature", "properties": { "内容": "訪問介護ステーション　夢眠みなみうらわ【訪問介護】埼玉県さいたま市南区辻7丁目5-25", "url": "https://www.kaigokensaku.mhlw.go.jp/11/index.php?action_kouhyou_detail_004_kani=true&JigyosyoCd=1176517611-00&ServiceCd=110&Type=search", "url2": "https://muminhome.jp/minamiurawa/" }, "geometry": { "type": "Point", "coordinates": [ 139.666194417196721, 35.835201858455846 ] } },
{ "type": "Feature", "properties": { "内容": "訪問介護事業所あおぞら【訪問介護】埼玉県さいたま市南区円正寺520-13", "url": "https://www.kaigokensaku.mhlw.go.jp/11/index.php?action_kouhyou_detail_004_kani=true&JigyosyoCd=1176516530-00&ServiceCd=110&Type=search", "url2": null }, "geometry": { "type": "Point", "coordinates": [ 139.6962057, 35.8531097 ] } },
{ "type": "Feature", "properties": { "内容": "コープみらい　さいたま介護センター【訪問介護】埼玉県さいたま市南区根岸3-1-15第３コーポミナミ２０３", "url": "https://www.kaigokensaku.mhlw.go.jp/11/index.php?action_kouhyou_detail_004_kani=true&JigyosyoCd=1176500765-00&ServiceCd=110&Type=search", "url2": "http://mirai.coopnet.or.jp/" }, "geometry": { "type": "Point", "coordinates": [ 139.664028053164685, 35.842846111947019 ] } },
{ "type": "Feature", "properties": { "内容": "アルセイドライフケア訪問介護【訪問介護】文蔵2-30-18第二石澤荘101号室", "url": "https://www.kaigokensaku.mhlw.go.jp/11/index.php?action_kouhyou_detail_004_kani=true&JigyosyoCd=1176521688-00&ServiceCd=110&Type=search", "url2": null }, "geometry": { "type": "Point", "coordinates": [ 139.671996299999989, 35.8395958 ] } },
{ "type": "Feature", "properties": { "内容": "訪問介護エニー武蔵浦和【訪問介護】埼玉県さいたま市南区白幡3‐8‐15ステラ伸光501", "url": "https://www.kaigokensaku.mhlw.go.jp/11/index.php?action_kouhyou_detail_004_kani=true&JigyosyoCd=1176520573-00&ServiceCd=110&Type=search", "url2": "https://careplatform.co.jp/any.html" }, "geometry": { "type": "Point", "coordinates": [ 139.652421163798209, 35.84587133799446 ] } },
{ "type": "Feature", "properties": { "内容": "ユースタイルケアさいたま南センター【訪問介護】白幡3-8-15ステラ伸光104", "url": "https://www.kaigokensaku.mhlw.go.jp/11/index.php?action_kouhyou_detail_004_kani=true&JigyosyoCd=1176521829-00&ServiceCd=110&Type=search", "url2": null }, "geometry": { "type": "Point", "coordinates": [ 139.6524363, 35.8458518 ] } },
{ "type": "Feature", "properties": { "内容": "Grow株式会社【訪問介護】沼影1-6-19　霜田ビル3階", "url": "https://www.kaigokensaku.mhlw.go.jp/11/index.php?action_kouhyou_detail_004_kani=true&JigyosyoCd=1176519732-00&ServiceCd=110&Type=search", "url2": null }, "geometry": { "type": "Point", "coordinates": [ 139.6449103, 35.8441816 ] } },
{ "type": "Feature", "properties": { "内容": "けあビジョン東浦和【訪問介護】埼玉県さいたま市緑区東浦和5-9-10　トヤマコーポ202トヤマコーポ202号室", "url": "https://www.kaigokensaku.mhlw.go.jp/11/index.php?action_kouhyou_detail_004_kani=true&JigyosyoCd=1176501540-00&ServiceCd=110&Type=search", "url2": "http://www.visualvision.co.jp" }, "geometry": { "type": "Point", "coordinates": [ 139.705589988885549, 35.865690512160384 ] } },
{ "type": "Feature", "properties": { "内容": "ケアリッツ浦和美園【訪問介護】埼玉県さいたま市緑区東浦和4-6-2エスプリット東浦和101", "url": "https://www.kaigokensaku.mhlw.go.jp/11/index.php?action_kouhyou_detail_004_kani=true&JigyosyoCd=1176520201-00&ServiceCd=110&Type=search", "url2": "https://www.careritz.co.jp/station/branch/urawamisono/" }, "geometry": { "type": "Point", "coordinates": [ 139.70262120000001, 35.8658225 ] } },
{ "type": "Feature", "properties": { "内容": "ケアセンターコルサ【訪問介護】大間木2-3-3ケヤキ倶楽部東浦和", "url": "https://www.kaigokensaku.mhlw.go.jp/11/index.php?action_kouhyou_detail_004_kani=true&JigyosyoCd=1176516662-00&ServiceCd=110&Type=search", "url2": null }, "geometry": { "type": "Point", "coordinates": [ 139.710284699999988, 35.8641736 ] } },
{ "type": "Feature", "properties": { "内容": "いいケア【訪問介護】埼玉県さいたま市緑区大間木1586-1カーサ小島203", "url": "https://www.kaigokensaku.mhlw.go.jp/11/index.php?action_kouhyou_detail_004_kani=true&JigyosyoCd=1176520532-00&ServiceCd=110&Type=search", "url2": "https://tutumi-iikaigo.jimdofree.com/" }, "geometry": { "type": "Point", "coordinates": [ 139.708683823459523, 35.860128164683985 ] } },
{ "type": "Feature", "properties": { "内容": "福祉と介護の「糸」【訪問介護】埼玉県さいたま市緑区東浦和3-2-7サンライトマンション303号室", "url": "https://www.kaigokensaku.mhlw.go.jp/11/index.php?action_kouhyou_detail_004_kani=true&JigyosyoCd=1176517827-00&ServiceCd=110&Type=search", "url2": null }, "geometry": { "type": "Point", "coordinates": [ 139.699478941664125, 35.864033294942331 ] } },
{ "type": "Feature", "properties": { "内容": "ヘルパーステーション　ケアサポートみどり【訪問介護】埼玉県さいたま市緑区芝原１－１３－５", "url": "https://www.kaigokensaku.mhlw.go.jp/11/index.php?action_kouhyou_detail_004_kani=true&JigyosyoCd=1176511101-00&ServiceCd=110&Type=search", "url2": "http://www.care-support.biz" }, "geometry": { "type": "Point", "coordinates": [ 139.6894876, 35.8796066 ] } },
{ "type": "Feature", "properties": { "内容": "Ｂｉｚケア【訪問介護】埼玉県さいたま市緑区東浦和３－２５－１６", "url": "https://www.kaigokensaku.mhlw.go.jp/11/index.php?action_kouhyou_detail_004_kani=true&JigyosyoCd=1176520516-00&ServiceCd=110&Type=search", "url2": "http://www.biz-corp.jp/" }, "geometry": { "type": "Point", "coordinates": [ 139.6960664, 35.8659402 ] } },
{ "type": "Feature", "properties": { "内容": "あんしん介護ステーション浦和【訪問介護】埼玉県さいたま市緑区原山1-28-22", "url": "https://www.kaigokensaku.mhlw.go.jp/11/index.php?action_kouhyou_detail_004_kani=true&JigyosyoCd=1176510434-00&ServiceCd=110&Type=search", "url2": "http://anshin-k.info" }, "geometry": { "type": "Point", "coordinates": [ 139.6748933, 35.8661846 ] } },
{ "type": "Feature", "properties": { "内容": "訪問介護レジデンス浦和美園【訪問介護】埼玉県さいたま市緑区美園五丁目43番地10住宅型有料老人ホーム　レジデンス浦和美園", "url": "https://www.kaigokensaku.mhlw.go.jp/11/index.php?action_kouhyou_detail_004_kani=true&JigyosyoCd=1176517199-00&ServiceCd=110&Type=search", "url2": "http://senior-life.jp/" }, "geometry": { "type": "Point", "coordinates": [ 139.73226180000006, 35.8938794 ] } },
{ "type": "Feature", "properties": { "内容": "リバティハウスホームヘルパーステーション【訪問介護】埼玉県さいたま市緑区松木３－２９－５", "url": "https://www.kaigokensaku.mhlw.go.jp/11/index.php?action_kouhyou_detail_004_kani=true&JigyosyoCd=1170100554-00&ServiceCd=110&Type=search", "url2": "www.liberty-swc.or.jp" }, "geometry": { "type": "Point", "coordinates": [ 139.690380299999987, 35.8836631 ] } },
{ "type": "Feature", "properties": { "内容": "医心館訪問介護ステーション浦和美園【訪問介護】埼玉県さいたま市緑区大門1711番地1", "url": "https://www.kaigokensaku.mhlw.go.jp/11/index.php?action_kouhyou_detail_004_kani=true&JigyosyoCd=1176515946-00&ServiceCd=110&Type=search", "url2": null }, "geometry": { "type": "Point", "coordinates": [ 139.727446, 35.884608 ] } },
{ "type": "Feature", "properties": { "内容": "ケアーステーションなでしこ【訪問介護】埼玉県さいたま市緑区三室１９７－６－２０３", "url": "https://www.kaigokensaku.mhlw.go.jp/11/index.php?action_kouhyou_detail_004_kani=true&JigyosyoCd=1176520565-00&ServiceCd=110&Type=search", "url2": "http://hp.kaipoke.biz/vez/" }, "geometry": { "type": "Point", "coordinates": [ 139.6661289, 35.8884996 ] } },
{ "type": "Feature", "properties": { "内容": "訪問介護事業所　あさがお東浦和【訪問介護】埼玉県さいたま市緑区大間木550-1", "url": "https://www.kaigokensaku.mhlw.go.jp/11/index.php?action_kouhyou_detail_004_kani=true&JigyosyoCd=1176503942-00&ServiceCd=110&Type=search", "url2": null }, "geometry": { "type": "Point", "coordinates": [ 139.698742317196661, 35.873416878261402 ] } },
{ "type": "Feature", "properties": { "内容": "訪問介護本舗　奏【訪問介護】埼玉県さいたま市緑区大間木１５８６－１カーサ小島３０１", "url": "https://www.kaigokensaku.mhlw.go.jp/11/index.php?action_kouhyou_detail_004_kani=true&JigyosyoCd=1176520862-00&ServiceCd=110&Type=search", "url2": "http://dayservicehonpo.jp/houmonkanade/" }, "geometry": { "type": "Point", "coordinates": [ 139.7087415, 35.860153 ] } },
{ "type": "Feature", "properties": { "内容": "訪問介護事業所　ハッピーステーション【訪問介護】大門2574", "url": "https://www.kaigokensaku.mhlw.go.jp/11/index.php?action_kouhyou_detail_004_kani=true&JigyosyoCd=1176521134-00&ServiceCd=110&Type=search", "url2": "https://www.sanga-kaigo.co.jp/" }, "geometry": { "type": "Point", "coordinates": [ 139.724352342186165, 35.888375002530417 ] } },
{ "type": "Feature", "properties": { "内容": "サンウェルズ東浦和ヘルパーステーション【訪問介護】埼玉県さいたま市緑区東浦和７丁目21番9", "url": "https://www.kaigokensaku.mhlw.go.jp/11/index.php?action_kouhyou_detail_004_kani=true&JigyosyoCd=1176521639-00&ServiceCd=110&Type=search", "url2": "https://sunwels.jp/pdh/facility/pdhouse-higashiurawa/" }, "geometry": { "type": "Point", "coordinates": [ 139.7047042, 35.8724052 ] } },
{ "type": "Feature", "properties": { "内容": "アイビー　訪問ステーション【訪問介護】埼玉県さいたま市緑区東浦和6丁目9番3号東浦和グルメ館　2階　205", "url": "https://www.kaigokensaku.mhlw.go.jp/11/index.php?action_kouhyou_detail_004_kani=true&JigyosyoCd=1176517017-00&ServiceCd=110&Type=search", "url2": null }, "geometry": { "type": "Point", "coordinates": [ 139.705717199999981, 35.8707197 ] } },
{ "type": "Feature", "properties": { "内容": "介護クラーク浦和美園【訪問介護】美園1-36-26", "url": "https://www.kaigokensaku.mhlw.go.jp/11/index.php?action_kouhyou_detail_004_kani=true&JigyosyoCd=1176520540-00&ServiceCd=110&Type=search", "url2": "https://cuc-hospice.com/rehope/" }, "geometry": { "type": "Point", "coordinates": [ 139.7196027, 35.9068524 ] } },
{ "type": "Feature", "properties": { "内容": "コープみらい浦和東介護センター【訪問介護】埼玉県さいたま市緑区三室1342-4斉藤マンション2階", "url": "https://www.kaigokensaku.mhlw.go.jp/11/index.php?action_kouhyou_detail_004_kani=true&JigyosyoCd=1176516043-00&ServiceCd=110&Type=search", "url2": null }, "geometry": { "type": "Point", "coordinates": [ 139.676606600000014, 35.8809966 ] } },
{ "type": "Feature", "properties": { "内容": "訪問介護事業所はなあかり【訪問介護】宮本2丁目5番5号秋山ハイツA棟201号室", "url": "https://www.kaigokensaku.mhlw.go.jp/11/index.php?action_kouhyou_detail_004_kani=true&JigyosyoCd=1176519203-00&ServiceCd=110&Type=search", "url2": null }, "geometry": { "type": "Point", "coordinates": [ 139.9912669, 35.6951308 ] } },
{ "type": "Feature", "properties": { "内容": "ｅＬ訪問介護【訪問介護】埼玉県さいたま市緑区三室1198-5201", "url": "https://www.kaigokensaku.mhlw.go.jp/11/index.php?action_kouhyou_detail_004_kani=true&JigyosyoCd=1176521852-00&ServiceCd=110&Type=search", "url2": null }, "geometry": { "type": "Point", "coordinates": [ 139.670458200000013, 35.8818995 ] } },
{ "type": "Feature", "properties": { "内容": "訪問介護事業所ケアーズ　さいたま東浦和【訪問介護】大牧1218-33", "url": "https://www.kaigokensaku.mhlw.go.jp/11/index.php?action_kouhyou_detail_004_kani=true&JigyosyoCd=1176521050-00&ServiceCd=110&Type=search", "url2": null }, "geometry": { "type": "Point", "coordinates": [ 139.7013265, 35.873975 ] } },
{ "type": "Feature", "properties": { "内容": "あった介護【訪問介護】埼玉県さいたま市緑区大間木435-1", "url": "https://www.kaigokensaku.mhlw.go.jp/11/index.php?action_kouhyou_detail_004_kani=true&JigyosyoCd=1176503108-00&ServiceCd=110&Type=search", "url2": "https://nadowado.com/" }, "geometry": { "type": "Point", "coordinates": [ 139.69708270000001, 35.8746003 ] } },
{ "type": "Feature", "properties": { "内容": "ファイブcare-凛-【訪問介護】埼玉県さいたま市緑区大門1615-1フローラルアイダE棟202", "url": "https://www.kaigokensaku.mhlw.go.jp/11/index.php?action_kouhyou_detail_004_kani=true&JigyosyoCd=1176520359-00&ServiceCd=110&Type=search", "url2": "埼玉県さいたま市緑区大門1615-1-202" }, "geometry": { "type": "Point", "coordinates": [ 139.7280997, 35.883883 ] } },
{ "type": "Feature", "properties": { "内容": "ふわり総合福祉サービス【訪問介護】埼玉県さいたま市緑区芝原1-6-7芝原パレス101号室", "url": "https://www.kaigokensaku.mhlw.go.jp/11/index.php?action_kouhyou_detail_004_kani=true&JigyosyoCd=1176519823-00&ServiceCd=110&Type=search", "url2": null }, "geometry": { "type": "Point", "coordinates": [ 139.689484979593431, 35.88089090054784 ] } },
{ "type": "Feature", "properties": { "内容": "いしんでんしんケアヘルパー【訪問介護】埼玉県さいたま市岩槻区府内四丁目1-58フェリスカーサ105号室", "url": "https://www.kaigokensaku.mhlw.go.jp/11/index.php?action_kouhyou_detail_004_kani=true&JigyosyoCd=1176521381-00&ServiceCd=110&Type=search", "url2": null }, "geometry": { "type": "Point", "coordinates": [ 139.715892599999989, 35.9412772 ] } },
{ "type": "Feature", "properties": { "内容": "ニチイケアセンター岩槻【訪問介護】さいたま市岩槻区本町1-15-12ｸﾞﾗﾝﾃﾞｾｵ1Ｆ", "url": "https://www.kaigokensaku.mhlw.go.jp/11/index.php?action_kouhyou_detail_004_kani=true&JigyosyoCd=1170700155-00&ServiceCd=110&Type=search", "url2": "http://www.nichiigakkan.co.jp" }, "geometry": { "type": "Point", "coordinates": [ 139.692521611118764, 35.944952360930351 ] } },
{ "type": "Feature", "properties": { "内容": "ドレミ介護【訪問介護】埼玉県さいたま市岩槻区西町４－５－２６", "url": "https://www.kaigokensaku.mhlw.go.jp/11/index.php?action_kouhyou_detail_004_kani=true&JigyosyoCd=1170700585-00&ServiceCd=110&Type=search", "url2": "http://www.daisan-taxi.co.jp/" }, "geometry": { "type": "Point", "coordinates": [ 139.6910967, 35.9582153 ] } },
{ "type": "Feature", "properties": { "内容": "ケアセンター浦和美園【訪問介護】美園東1-2-10ケヤキ倶楽部浦和美園", "url": "https://www.kaigokensaku.mhlw.go.jp/11/index.php?action_kouhyou_detail_004_kani=true&JigyosyoCd=1176519609-00&ServiceCd=110&Type=search", "url2": null }, "geometry": { "type": "Point", "coordinates": [ 139.7336037, 35.8974439 ] } },
{ "type": "Feature", "properties": { "内容": "きらきら介護【訪問介護】さいたま市岩槻区東岩槻2-2-9pureビル301", "url": "https://www.kaigokensaku.mhlw.go.jp/11/index.php?action_kouhyou_detail_004_kani=true&JigyosyoCd=1176504205-00&ServiceCd=110&Type=search", "url2": null }, "geometry": { "type": "Point", "coordinates": [ 139.708575643516525, 35.965111009126545 ] } },
{ "type": "Feature", "properties": { "内容": "ＳＯＭＰＯケア　さいたま岩槻　訪問介護【訪問介護】埼玉県さいたま市岩槻区本町2-12-11", "url": "https://www.kaigokensaku.mhlw.go.jp/11/index.php?action_kouhyou_detail_004_kani=true&JigyosyoCd=1176516621-00&ServiceCd=110&Type=search", "url2": "https://www.sompocare.com/service/zaitaku/kaigo/Z000277" }, "geometry": { "type": "Point", "coordinates": [ 139.698046965606636, 35.946722542437946 ] } },
{ "type": "Feature", "properties": { "内容": "ふれあいさいたま【訪問介護】埼玉県さいたま市岩槻区西町1-1-26-1406", "url": "https://www.kaigokensaku.mhlw.go.jp/11/index.php?action_kouhyou_detail_004_kani=true&JigyosyoCd=1170700395-00&ServiceCd=110&Type=search", "url2": null }, "geometry": { "type": "Point", "coordinates": [ 139.691616447566531, 35.950298301522984 ] } },
{ "type": "Feature", "properties": { "内容": "訪問介護ステーションそるまの【訪問介護】埼玉県さいたま市岩槻区諏訪2丁目2-3フォレストＢ101", "url": "https://www.kaigokensaku.mhlw.go.jp/11/index.php?action_kouhyou_detail_004_kani=true&JigyosyoCd=1176521043-00&ServiceCd=110&Type=search", "url2": null }, "geometry": { "type": "Point", "coordinates": [ 139.7091139, 35.9672919 ] } },
{ "type": "Feature", "properties": { "内容": "アリス訪問介護【訪問介護】さいたま市岩槻区城南１－６－５３－９", "url": "https://www.kaigokensaku.mhlw.go.jp/11/index.php?action_kouhyou_detail_004_kani=true&JigyosyoCd=1176504833-00&ServiceCd=110&Type=search", "url2": "http://arisutanaka.web.fc2.com/" }, "geometry": { "type": "Point", "coordinates": [ 139.7014438, 35.9401067 ] } },
{ "type": "Feature", "properties": { "内容": "けあビジョン東岩槻【訪問介護】埼玉県さいたま市岩槻区上野2-9-4103号", "url": "https://www.kaigokensaku.mhlw.go.jp/11/index.php?action_kouhyou_detail_004_kani=true&JigyosyoCd=1176511002-00&ServiceCd=110&Type=search", "url2": null }, "geometry": { "type": "Point", "coordinates": [ 139.6999650196434, 35.971641436596983 ] } },
{ "type": "Feature", "properties": { "内容": "ホームヘルプセンター白鶴ホーム【訪問介護】さいたま市岩槻区宮町１丁目５番１２号", "url": "https://www.kaigokensaku.mhlw.go.jp/11/index.php?action_kouhyou_detail_004_kani=true&JigyosyoCd=1170700148-00&ServiceCd=110&Type=search", "url2": "http://www.hakutsuru.or.jp/" }, "geometry": { "type": "Point", "coordinates": [ 139.698365400000057, 35.9586181 ] } },
{ "type": "Feature", "properties": { "内容": "ケアメディカル岩槻南平野訪問介護事業所【訪問介護】埼玉県さいたま市岩槻区南平野3-18-6", "url": "https://www.kaigokensaku.mhlw.go.jp/11/index.php?action_kouhyou_detail_004_kani=true&JigyosyoCd=1176519401-00&ServiceCd=110&Type=search", "url2": "https://care-medical.co.jp/" }, "geometry": { "type": "Point", "coordinates": [ 139.7153917, 35.9531938 ] } },
{ "type": "Feature", "properties": { "内容": "ケアメディカル岩槻訪問介護事業所【訪問介護】埼玉県さいたま市岩槻区南辻22-2", "url": "https://www.kaigokensaku.mhlw.go.jp/11/index.php?action_kouhyou_detail_004_kani=true&JigyosyoCd=1176514527-00&ServiceCd=110&Type=search", "url2": "https://care-medical.co.jp/" }, "geometry": { "type": "Point", "coordinates": [ 139.700573299999974, 35.962728699999985 ] } },
{ "type": "Feature", "properties": { "内容": "あゆむ【訪問介護】さいたま市岩槻区上野2-6-2ﾙﾐｴｰﾙ1-101", "url": "https://www.kaigokensaku.mhlw.go.jp/11/index.php?action_kouhyou_detail_004_kani=true&JigyosyoCd=1170700627-00&ServiceCd=110&Type=search", "url2": null }, "geometry": { "type": "Point", "coordinates": [ 139.7008257, 35.971222 ] } },
{ "type": "Feature", "properties": { "内容": "ケアセンターさいさい　浦和美園【訪問介護】埼玉県さいたま市岩槻区釣上新田165番地2", "url": "https://www.kaigokensaku.mhlw.go.jp/11/index.php?action_kouhyou_detail_004_kani=true&JigyosyoCd=1176519229-00&ServiceCd=110&Type=search", "url2": "https://www.saisaimisono.com" }, "geometry": { "type": "Point", "coordinates": [ 139.74877293865552, 35.88535080722945 ] } },
{ "type": "Feature", "properties": { "内容": "ケアサービス　わかくさ【訪問介護】埼玉県さいたま市岩槻区大字飯塚1198-2", "url": "https://www.kaigokensaku.mhlw.go.jp/11/index.php?action_kouhyou_detail_004_kani=true&JigyosyoCd=1176515599-00&ServiceCd=110&Type=search", "url2": "http://wakakusa.ciao.jp/" }, "geometry": { "type": "Point", "coordinates": [ 139.721761, 35.9374021 ] } },
{ "type": "Feature", "properties": { "内容": "訪問介護　しらさぎ【訪問介護】埼玉県さいたま市岩槻区真福寺１４６５", "url": "https://www.kaigokensaku.mhlw.go.jp/11/index.php?action_kouhyou_detail_004_kani=true&JigyosyoCd=1170700486-00&ServiceCd=110&Type=search", "url2": "http://www.shirasagi-care.com" }, "geometry": { "type": "Point", "coordinates": [ 139.71341480000001, 35.9340995 ] } },
{ "type": "Feature", "properties": { "内容": "訪問介護事業所ひびき【訪問介護】埼玉県さいたま市岩槻区本町４丁目２番７号長井医院　１階", "url": "https://www.kaigokensaku.mhlw.go.jp/11/index.php?action_kouhyou_detail_004_kani=true&JigyosyoCd=1170700510-00&ServiceCd=110&Type=search", "url2": null }, "geometry": { "type": "Point", "coordinates": [ 139.697024400000032, 35.9494165 ] } },
{ "type": "Feature", "properties": { "内容": "サンヘルパーステーション【訪問介護】埼玉県さいたま市岩槻区本宿486-8", "url": "https://www.kaigokensaku.mhlw.go.jp/11/index.php?action_kouhyou_detail_004_kani=true&JigyosyoCd=1176515458-00&ServiceCd=110&Type=search", "url2": "www.wlaf.jp" }, "geometry": { "type": "Point", "coordinates": [ 139.696928505360887, 35.965296994589075 ] } },
{ "type": "Feature", "properties": { "内容": "ヘルパーにじ【訪問介護】埼玉県さいたま市岩槻区本町４丁目３－２セントラルヒルズ304号室", "url": "https://www.kaigokensaku.mhlw.go.jp/11/index.php?action_kouhyou_detail_004_kani=true&JigyosyoCd=1176521126-00&ServiceCd=110&Type=search", "url2": null }, "geometry": { "type": "Point", "coordinates": [ 139.697557892576157, 35.950143856923702 ] } },
{ "type": "Feature", "properties": { "内容": "介護サービス　おあふ【訪問介護】埼玉県さいたま市岩槻区飯塚1572-4", "url": "https://www.kaigokensaku.mhlw.go.jp/11/index.php?action_kouhyou_detail_004_kani=true&JigyosyoCd=1176517132-00&ServiceCd=110&Type=search", "url2": null }, "geometry": { "type": "Point", "coordinates": [ 139.715603486508144, 35.938188452755966 ] } },
{ "type": "Feature", "properties": { "内容": "株式会社　さいたま福祉サービス　本社事業所【訪問介護】埼玉県さいたま市岩槻区南平野3-1-4", "url": "https://www.kaigokensaku.mhlw.go.jp/11/index.php?action_kouhyou_detail_004_kani=true&JigyosyoCd=1176504684-00&ServiceCd=110&Type=search", "url2": null }, "geometry": { "type": "Point", "coordinates": [ 139.715860560713168, 35.956618780633285 ] } },
{ "type": "Feature", "properties": { "内容": "訪問看護ステーションいわつき【訪問介護】埼玉県さいたま市岩槻区本町２－７－２", "url": "https://www.kaigokensaku.mhlw.go.jp/11/index.php?action_kouhyou_detail_004_kani=true&JigyosyoCd=1160790022-00&ServiceCd=110&Type=search", "url2": null }, "geometry": { "type": "Point", "coordinates": [ 139.695199799999955, 35.9447004 ] } },
{ "type": "Feature", "properties": { "内容": "社会福祉法人　春秋会　松鶴園【訪問介護】さいたま市岩槻区大字古ヶ場１１番地", "url": "https://www.kaigokensaku.mhlw.go.jp/11/index.php?action_kouhyou_detail_004_kani=true&JigyosyoCd=1170700130-00&ServiceCd=110&Type=search", "url2": "https://syoukakuen.jp/" }, "geometry": { "type": "Point", "coordinates": [ 139.690031800000042, 35.9781041 ] } },
{ "type": "Feature", "properties": { "内容": "ヘルパーステーションあい介護【訪問介護】埼玉県さいたま市岩槻区南平野二丁目４－１５", "url": "https://www.kaigokensaku.mhlw.go.jp/11/index.php?action_kouhyou_detail_004_kani=true&JigyosyoCd=1176504510-00&ServiceCd=110&Type=search", "url2": "http://www.aikaigo1.com" }, "geometry": { "type": "Point", "coordinates": [ 139.718825330580074, 35.958422761196069 ] } },
{ "type": "Feature", "properties": { "内容": "訪問介護ステーション彩羽【訪問介護】埼玉県さいたま市岩槻区美幸町1-6みゆきコーポ102", "url": "https://www.kaigokensaku.mhlw.go.jp/11/index.php?action_kouhyou_detail_004_kani=true&JigyosyoCd=1176520763-00&ServiceCd=110&Type=search", "url2": null }, "geometry": { "type": "Point", "coordinates": [ 139.6919244, 35.9579106 ] } },
{ "type": "Feature", "properties": { "内容": "有限会社岩槻市薬剤会事業部会「岩槻介護」【訪問介護】埼玉県さいたま市岩槻区東町2-6-35", "url": "https://www.kaigokensaku.mhlw.go.jp/11/index.php?action_kouhyou_detail_004_kani=true&JigyosyoCd=1170700031-00&ServiceCd=110&Type=search", "url2": null }, "geometry": { "type": "Point", "coordinates": [ 139.7022074, 35.9442117 ] } },
{ "type": "Feature", "properties": { "内容": "アールスタッフ岩槻ケアサービス【訪問介護】埼玉県さいたま市岩槻区西町1－7－33小久保ビル1F", "url": "https://www.kaigokensaku.mhlw.go.jp/11/index.php?action_kouhyou_detail_004_kani=true&JigyosyoCd=1176521779-00&ServiceCd=110&Type=search", "url2": "https://www.r-staff.jp/about/index.html" }, "geometry": { "type": "Point", "coordinates": [ 139.6934699, 35.9509422 ] } },
{ "type": "Feature", "properties": { "内容": "ヘルパーステーション愛の風【訪問介護】平林寺905-1", "url": "https://www.kaigokensaku.mhlw.go.jp/11/index.php?action_kouhyou_detail_004_kani=true&JigyosyoCd=1170700544-00&ServiceCd=110&Type=search", "url2": "http://www.npoaiai.org" }, "geometry": { "type": "Point", "coordinates": [ 139.678620393995629, 35.969568422397991 ] } },
{ "type": "Feature", "properties": { "内容": "ケアヘルパーズみつばち【訪問介護】表慈恩寺1333-8", "url": "https://www.kaigokensaku.mhlw.go.jp/11/index.php?action_kouhyou_detail_004_kani=true&JigyosyoCd=1176521845-00&ServiceCd=110&Type=search", "url2": null }, "geometry": { "type": "Point", "coordinates": [ 139.7035943, 35.9721742 ] } },
{ "type": "Feature", "properties": { "内容": "けあビジョン南大塚【訪問介護】埼玉県川越市南大塚2－19－3昌栄ビル101号室", "url": "https://www.kaigokensaku.mhlw.go.jp/11/index.php?action_kouhyou_detail_004_kani=true&JigyosyoCd=1170405839-00&ServiceCd=110&Type=search", "url2": null }, "geometry": { "type": "Point", "coordinates": [ 139.45603239999997, 35.8915855 ] } },
{ "type": "Feature", "properties": { "内容": "きらめき訪問介護ステーション【訪問介護】埼玉県川越市富士見町31-9川越SEビル103", "url": "https://www.kaigokensaku.mhlw.go.jp/11/index.php?action_kouhyou_detail_004_kani=true&JigyosyoCd=1170405284-00&ServiceCd=110&Type=search", "url2": "https://wellbe-holdings.com/" }, "geometry": { "type": "Point", "coordinates": [ 139.490555795216096, 35.904678658498305 ] } },
{ "type": "Feature", "properties": { "内容": "訪問介護事業所こころアーク【訪問介護】今成4-12-11", "url": "https://www.kaigokensaku.mhlw.go.jp/11/index.php?action_kouhyou_detail_004_kani=true&JigyosyoCd=1170405854-00&ServiceCd=110&Type=search", "url2": null }, "geometry": { "type": "Point", "coordinates": [ 139.467827644180318, 35.917673155212562 ] } },
{ "type": "Feature", "properties": { "内容": "やさしい手南古谷訪問介護事業所【訪問介護】大字南田島2129-1やさしえ南古谷", "url": "https://www.kaigokensaku.mhlw.go.jp/11/index.php?action_kouhyou_detail_004_kani=true&JigyosyoCd=1170405367-00&ServiceCd=110&Type=search", "url2": "https://www.yasashiite.com" }, "geometry": { "type": "Point", "coordinates": [ 139.511545718485138, 35.90073642892952 ] } },
{ "type": "Feature", "properties": { "内容": "ＮＰＯ法人暖手【訪問介護】埼玉県川越市山田1897-2", "url": "https://www.kaigokensaku.mhlw.go.jp/11/index.php?action_kouhyou_detail_004_kani=true&JigyosyoCd=1170401499-00&ServiceCd=110&Type=search", "url2": null }, "geometry": { "type": "Point", "coordinates": [ 139.4793932, 35.9373125 ] } },
{ "type": "Feature", "properties": { "内容": "たまゆらり訪問介護ステーション【訪問介護】埼玉県川越市西小仙波町1-3-9プリムラサカイB105", "url": "https://www.kaigokensaku.mhlw.go.jp/11/index.php?action_kouhyou_detail_004_kani=true&JigyosyoCd=1170405375-00&ServiceCd=110&Type=search", "url2": "tamayurari.net" }, "geometry": { "type": "Point", "coordinates": [ 139.4865505, 35.9163415 ] } },
{ "type": "Feature", "properties": { "内容": "学研ココファン川越南大塚ヘルパーセンター【訪問介護】埼玉県川越市南大塚3-10-12学研ココファン川越南大塚", "url": "https://www.kaigokensaku.mhlw.go.jp/11/index.php?action_kouhyou_detail_004_kani=true&JigyosyoCd=1170405623-00&ServiceCd=110&Type=search", "url2": "https://www.cocofump.co.jp/" }, "geometry": { "type": "Point", "coordinates": [ 139.4603737, 35.8911655 ] } },
{ "type": "Feature", "properties": { "内容": "ホームケア　みなみかぜ【訪問介護】埼玉県川越市大字吉田２０４番地２", "url": "https://www.kaigokensaku.mhlw.go.jp/11/index.php?action_kouhyou_detail_004_kani=true&JigyosyoCd=1170400392-00&ServiceCd=110&Type=search", "url2": "http://minamikaze.or.jp" }, "geometry": { "type": "Point", "coordinates": [ 139.426018800000065, 35.9286754 ] } },
{ "type": "Feature", "properties": { "内容": "けあビジョン川越【訪問介護】埼玉県川越市月吉町20-6月吉事務所Ｂ", "url": "https://www.kaigokensaku.mhlw.go.jp/11/index.php?action_kouhyou_detail_004_kani=true&JigyosyoCd=1170402307-00&ServiceCd=110&Type=search", "url2": "http://www.visualvision.co.jp" }, "geometry": { "type": "Point", "coordinates": [ 139.475419200000033, 35.9208565 ] } },
{ "type": "Feature", "properties": { "内容": "訪問介護レジデンス川越【訪問介護】埼玉県川越市大塚新町67-1レジデンス川越", "url": "https://www.kaigokensaku.mhlw.go.jp/11/index.php?action_kouhyou_detail_004_kani=true&JigyosyoCd=1170405193-00&ServiceCd=110&Type=search", "url2": "http://senior-life.jp/" }, "geometry": { "type": "Point", "coordinates": [ 139.460145899999986, 35.8931133 ] } },
{ "type": "Feature", "properties": { "内容": "ヘルパーステーション紬【訪問介護】埼玉県川越市小ケ谷605-1アシッドハウスA101", "url": "https://www.kaigokensaku.mhlw.go.jp/11/index.php?action_kouhyou_detail_004_kani=true&JigyosyoCd=1170405045-00&ServiceCd=110&Type=search", "url2": "http://kaiasukaigo.com/" }, "geometry": { "type": "Point", "coordinates": [ 139.459609499999942, 35.9195621 ] } },
{ "type": "Feature", "properties": { "内容": "つばめのいえ【訪問介護】埼玉県川越市田町２０番地１４", "url": "https://www.kaigokensaku.mhlw.go.jp/11/index.php?action_kouhyou_detail_004_kani=true&JigyosyoCd=1170405714-00&ServiceCd=110&Type=search", "url2": "https://www.lifecradle.net/" }, "geometry": { "type": "Point", "coordinates": [ 139.4733488, 35.9153774 ] } },
{ "type": "Feature", "properties": { "内容": "ニチイケアセンター霞ヶ関【訪問介護】埼玉県川越市的場2218-4ベルアート202", "url": "https://www.kaigokensaku.mhlw.go.jp/11/index.php?action_kouhyou_detail_004_kani=true&JigyosyoCd=1170401424-00&ServiceCd=110&Type=search", "url2": "http://www.nichiigakkan.co.jp" }, "geometry": { "type": "Point", "coordinates": [ 139.442850200000066, 35.9267044 ] } },
{ "type": "Feature", "properties": { "内容": "オアシス２４川越【訪問介護】川越市的場１３５４－５", "url": "https://www.kaigokensaku.mhlw.go.jp/11/index.php?action_kouhyou_detail_004_kani=true&JigyosyoCd=1170403982-00&ServiceCd=110&Type=search", "url2": "https://oasis-group-knc55.com/" }, "geometry": { "type": "Point", "coordinates": [ 139.438399299999986, 35.9161476 ] } },
{ "type": "Feature", "properties": { "内容": "ちゃお【訪問介護】埼玉県川越市今成１－５－１６パールハイツ１F", "url": "https://www.kaigokensaku.mhlw.go.jp/11/index.php?action_kouhyou_detail_004_kani=true&JigyosyoCd=1170405243-00&ServiceCd=110&Type=search", "url2": null }, "geometry": { "type": "Point", "coordinates": [ 139.4750618, 35.9236664 ] } },
{ "type": "Feature", "properties": { "内容": "ニチイケアセンター　川越中央【訪問介護】埼玉県川越市大手町8-6カーサ・ボスコ2F南号室", "url": "https://www.kaigokensaku.mhlw.go.jp/11/index.php?action_kouhyou_detail_004_kani=true&JigyosyoCd=1170401028-00&ServiceCd=110&Type=search", "url2": "http://www.nichiigakkan.co.jp" }, "geometry": { "type": "Point", "coordinates": [ 139.4866695, 35.9232417 ] } },
{ "type": "Feature", "properties": { "内容": "ファミリア・リリーフ訪問介護事業所【訪問介護】埼玉県川越市石原町２丁目１１番地２アネックスフジ３１１号室", "url": "https://www.kaigokensaku.mhlw.go.jp/11/index.php?action_kouhyou_detail_004_kani=true&JigyosyoCd=1170405573-00&ServiceCd=110&Type=search", "url2": null }, "geometry": { "type": "Point", "coordinates": [ 139.474279599999988, 35.9308283 ] } },
{ "type": "Feature", "properties": { "内容": "プラチナ・訪問介護ステーション川越的場【訪問介護】川越市的場２－１８－１", "url": "https://www.kaigokensaku.mhlw.go.jp/11/index.php?action_kouhyou_detail_004_kani=true&JigyosyoCd=1170402976-00&ServiceCd=110&Type=search", "url2": "http://www.lakes21.co.jp" }, "geometry": { "type": "Point", "coordinates": [ 139.427835, 35.9163193 ] } },
{ "type": "Feature", "properties": { "内容": "ニチイケアセンター川越【訪問介護】埼玉県川越市脇田町３３－１２アーバンビルCore脇田１Ｆ", "url": "https://www.kaigokensaku.mhlw.go.jp/11/index.php?action_kouhyou_detail_004_kani=true&JigyosyoCd=1170400293-00&ServiceCd=110&Type=search", "url2": "http://www.nichiigakkan.co.jp" }, "geometry": { "type": "Point", "coordinates": [ 139.480271099999982, 35.910710765559422 ] } },
{ "type": "Feature", "properties": { "内容": "訪問介護レジデンス川越今福【訪問介護】埼玉県川越市今福858-1", "url": "https://www.kaigokensaku.mhlw.go.jp/11/index.php?action_kouhyou_detail_004_kani=true&JigyosyoCd=1170405581-00&ServiceCd=110&Type=search", "url2": "http://senior-life.jp/" }, "geometry": { "type": "Point", "coordinates": [ 139.4731597, 35.884961 ] } },
{ "type": "Feature", "properties": { "内容": "サポートセンターチェイズ【訪問介護】埼玉県川越市上野田町３１番地２５", "url": "https://www.kaigokensaku.mhlw.go.jp/11/index.php?action_kouhyou_detail_004_kani=true&JigyosyoCd=1170404568-00&ServiceCd=110&Type=search", "url2": null }, "geometry": { "type": "Point", "coordinates": [ 139.470416200000017, 35.915641 ] } },
{ "type": "Feature", "properties": { "内容": "訪問介護事業所　まごころ【訪問介護】埼玉県川越市砂新田5-13-3", "url": "https://www.kaigokensaku.mhlw.go.jp/11/index.php?action_kouhyou_detail_004_kani=true&JigyosyoCd=1170405458-00&ServiceCd=110&Type=search", "url2": null }, "geometry": { "type": "Point", "coordinates": [ 139.4878622, 35.8856486 ] } },
{ "type": "Feature", "properties": { "内容": "ニチイケアセンター岸町【訪問介護】埼玉県川越市岸町3-11-2", "url": "https://www.kaigokensaku.mhlw.go.jp/11/index.php?action_kouhyou_detail_004_kani=true&JigyosyoCd=1170402554-00&ServiceCd=110&Type=search", "url2": "http://www.nichiigakkan.co.jp" }, "geometry": { "type": "Point", "coordinates": [ 139.484228486928856, 35.896115093861724 ] } },
{ "type": "Feature", "properties": { "内容": "ケアステーションみずほ【訪問介護】埼玉県川越市中台元町1丁目16番地42", "url": "https://www.kaigokensaku.mhlw.go.jp/11/index.php?action_kouhyou_detail_004_kani=true&JigyosyoCd=1170401838-00&ServiceCd=110&Type=search", "url2": "http://www.mizuhokai.or.jp" }, "geometry": { "type": "Point", "coordinates": [ 139.481257344705227, 35.890965493172359 ] } },
{ "type": "Feature", "properties": { "内容": "NPOあい介護センター【訪問介護】川越市上野田町49-13", "url": "https://www.kaigokensaku.mhlw.go.jp/11/index.php?action_kouhyou_detail_004_kani=true&JigyosyoCd=1170401416-00&ServiceCd=110&Type=search", "url2": "http://r.goope.jp/aikaigo" }, "geometry": { "type": "Point", "coordinates": [ 139.4691338, 35.915796 ] } },
{ "type": "Feature", "properties": { "内容": "ＳＯＭＰＯケア　川越　訪問介護【訪問介護】埼玉県川越市脇田新町16番地9号神山ビル1Ｆ", "url": "https://www.kaigokensaku.mhlw.go.jp/11/index.php?action_kouhyou_detail_004_kani=true&JigyosyoCd=1170404873-00&ServiceCd=110&Type=search", "url2": "https://www.sompocare.com/service/zaitaku/kaigo/Z000297" }, "geometry": { "type": "Point", "coordinates": [ 139.472483799999964, 35.9062586 ] } },
{ "type": "Feature", "properties": { "内容": "ヘルパーステーション　スタートライン【訪問介護】新宿町６丁目２３番地１８", "url": "https://www.kaigokensaku.mhlw.go.jp/11/index.php?action_kouhyou_detail_004_kani=true&JigyosyoCd=1170404931-00&ServiceCd=110&Type=search", "url2": "https://startline-kawagoe.jp/" }, "geometry": { "type": "Point", "coordinates": [ 139.471926200000013, 35.8983795 ] } },
{ "type": "Feature", "properties": { "内容": "ロワール川越【訪問介護】埼玉県川越市砂新田８４－１２", "url": "https://www.kaigokensaku.mhlw.go.jp/11/index.php?action_kouhyou_detail_004_kani=true&JigyosyoCd=1170402869-00&ServiceCd=110&Type=search", "url2": null }, "geometry": { "type": "Point", "coordinates": [ 139.494763199999966, 35.8901307 ] } },
{ "type": "Feature", "properties": { "内容": "ミモザヘルパーステーション川越【訪問介護】埼玉県川越市大字的場2466-16", "url": "https://www.kaigokensaku.mhlw.go.jp/11/index.php?action_kouhyou_detail_004_kani=true&JigyosyoCd=1170404436-00&ServiceCd=110&Type=search", "url2": null }, "geometry": { "type": "Point", "coordinates": [ 139.4424113, 35.9207775 ] } },
{ "type": "Feature", "properties": { "内容": "訪問介護事業所　はなまるぽんたった【訪問介護】埼玉県川越市豊田町２-３４-２８", "url": "https://www.kaigokensaku.mhlw.go.jp/11/index.php?action_kouhyou_detail_004_kani=true&JigyosyoCd=1170405433-00&ServiceCd=110&Type=search", "url2": null }, "geometry": { "type": "Point", "coordinates": [ 139.4577821, 35.8994493 ] } },
{ "type": "Feature", "properties": { "内容": "医心館訪問介護ステーション川越【訪問介護】埼玉県川越市新宿町1丁目2-1", "url": "https://www.kaigokensaku.mhlw.go.jp/11/index.php?action_kouhyou_detail_004_kani=true&JigyosyoCd=1170405151-00&ServiceCd=110&Type=search", "url2": null }, "geometry": { "type": "Point", "coordinates": [ 139.4839500591128, 35.903040002050048 ] } },
{ "type": "Feature", "properties": { "内容": "あおぞらサポート【訪問介護】埼玉県川越市並木新町16番地3S-imageﾋﾞﾙﾄﾞ弐番館101号室", "url": "https://www.kaigokensaku.mhlw.go.jp/11/index.php?action_kouhyou_detail_004_kani=true&JigyosyoCd=1170401085-00&ServiceCd=110&Type=search", "url2": "https://aozora-s.co.jp" }, "geometry": { "type": "Point", "coordinates": [ 139.516406834683153, 35.901721134246777 ] } },
{ "type": "Feature", "properties": { "内容": "医療法人　西部診療所　ホームヘルプサービス【訪問介護】埼玉県川越市天沼新田310番地1", "url": "https://www.kaigokensaku.mhlw.go.jp/11/index.php?action_kouhyou_detail_004_kani=true&JigyosyoCd=1170400111-00&ServiceCd=110&Type=search", "url2": "http://www.seibu-hp.jp" }, "geometry": { "type": "Point", "coordinates": [ 139.433234800000037, 35.9376826 ] } },
{ "type": "Feature", "properties": { "内容": "訪問介護事業所　元気アップ【訪問介護】今成4-10-152F", "url": "https://www.kaigokensaku.mhlw.go.jp/11/index.php?action_kouhyou_detail_004_kani=true&JigyosyoCd=1170405508-00&ServiceCd=110&Type=search", "url2": "https://www.alife.co.jp/" }, "geometry": { "type": "Point", "coordinates": [ 139.4663238, 35.918152300000024 ] } },
{ "type": "Feature", "properties": { "内容": "東京海上日動みずたま介護ＳＴ川越【訪問介護】川越市脇田本町２６－４LEREVE川越５階", "url": "https://www.kaigokensaku.mhlw.go.jp/11/index.php?action_kouhyou_detail_004_kani=true&JigyosyoCd=1170401374-00&ServiceCd=110&Type=search", "url2": "http://www.mizutama-kaigo.jp/stations/kawagoe/" }, "geometry": { "type": "Point", "coordinates": [ 139.480060013352926, 35.90996991414476 ] } },
{ "type": "Feature", "properties": { "内容": "訪問介護事業所　こころ【訪問介護】埼玉県川越市的場北２丁目４番地１", "url": "https://www.kaigokensaku.mhlw.go.jp/11/index.php?action_kouhyou_detail_004_kani=true&JigyosyoCd=1170402281-00&ServiceCd=110&Type=search", "url2": null }, "geometry": { "type": "Point", "coordinates": [ 139.440092199999981, 35.9248073 ] } },
{ "type": "Feature", "properties": { "内容": "訪問介護ステーションりこ【訪問介護】埼玉県川越市新宿町6丁目22番地23", "url": "https://www.kaigokensaku.mhlw.go.jp/11/index.php?action_kouhyou_detail_004_kani=true&JigyosyoCd=1170402836-00&ServiceCd=110&Type=search", "url2": "https://komachi7.wixsite.com/komachi" }, "geometry": { "type": "Point", "coordinates": [ 139.474655899999988, 35.8956212 ] } },
{ "type": "Feature", "properties": { "内容": "ヘルパーステーションたかしな【訪問介護】埼玉県川越市砂新田４－１－４ブランドールビル２Ｆ", "url": "https://www.kaigokensaku.mhlw.go.jp/11/index.php?action_kouhyou_detail_004_kani=true&JigyosyoCd=1170400954-00&ServiceCd=110&Type=search", "url2": "https://www.mcp-saitama.or.jp/" }, "geometry": { "type": "Point", "coordinates": [ 139.492537201935193, 35.887570484691921 ] } },
{ "type": "Feature", "properties": { "内容": "訪問介護事業所　あさがお川越【訪問介護】埼玉県川越市むさし野３８－１９", "url": "https://www.kaigokensaku.mhlw.go.jp/11/index.php?action_kouhyou_detail_004_kani=true&JigyosyoCd=1170401408-00&ServiceCd=110&Type=search", "url2": null }, "geometry": { "type": "Point", "coordinates": [ 139.4622713, 35.8907853 ] } },
{ "type": "Feature", "properties": { "内容": "訪問介護ハートランド川越【訪問介護】埼玉県川越市藤木町37-1ハートランド川越", "url": "https://www.kaigokensaku.mhlw.go.jp/11/index.php?action_kouhyou_detail_004_kani=true&JigyosyoCd=1170405649-00&ServiceCd=110&Type=search", "url2": "https://ygood.jp/" }, "geometry": { "type": "Point", "coordinates": [ 139.512833699999987, 35.8954304 ] } },
{ "type": "Feature", "properties": { "内容": "川越キングス・ガーデン【訪問介護】川越市大字天沼新田247番地2", "url": "https://www.kaigokensaku.mhlw.go.jp/11/index.php?action_kouhyou_detail_004_kani=true&JigyosyoCd=1170400228-00&ServiceCd=110&Type=search", "url2": "http://www.kawagoekg.or.jp/" }, "geometry": { "type": "Point", "coordinates": [ 139.456759799999986, 35.9520869 ] } },
{ "type": "Feature", "properties": { "内容": "ベストライフ川越訪問介護事業所【訪問介護】埼玉県川越市的場北1-11-1", "url": "https://www.kaigokensaku.mhlw.go.jp/11/index.php?action_kouhyou_detail_004_kani=true&JigyosyoCd=1170405755-00&ServiceCd=110&Type=search", "url2": null }, "geometry": { "type": "Point", "coordinates": [ 139.439828299999988, 35.925976 ] } },
{ "type": "Feature", "properties": { "内容": "医療法人真正会ホームヘルパーステーションコール【訪問介護】埼玉県川越市安比奈新田259-2霞ヶ関在宅リハビリテーションセンター", "url": "https://www.kaigokensaku.mhlw.go.jp/11/index.php?action_kouhyou_detail_004_kani=true&JigyosyoCd=1170400145-00&ServiceCd=110&Type=search", "url2": "http://www.kasumi-gr.com/" }, "geometry": { "type": "Point", "coordinates": [ 139.419009221565261, 35.904837655758087 ] } },
{ "type": "Feature", "properties": { "内容": "けあビジョン南古谷【訪問介護】埼玉県川越市並木241-19若海貸事務所１階", "url": "https://www.kaigokensaku.mhlw.go.jp/11/index.php?action_kouhyou_detail_004_kani=true&JigyosyoCd=1170403669-00&ServiceCd=110&Type=search", "url2": "https://www.visualvision.co.jp" }, "geometry": { "type": "Point", "coordinates": [ 139.519768200000044, 35.9023689 ] } },
{ "type": "Feature", "properties": { "内容": "介護の森ホームヘルプサービス【訪問介護】埼玉県川越市霞ヶ関北２－２－１3", "url": "https://www.kaigokensaku.mhlw.go.jp/11/index.php?action_kouhyou_detail_004_kani=true&JigyosyoCd=1170400780-00&ServiceCd=110&Type=search", "url2": "http://www.ekaigo.info/kaigonomori" }, "geometry": { "type": "Point", "coordinates": [ 139.435798200000022, 35.9258681 ] } },
{ "type": "Feature", "properties": { "内容": "訪問介護リベルテ【訪問介護】むさし野4-2ＢＬオフィスe", "url": "https://www.kaigokensaku.mhlw.go.jp/11/index.php?action_kouhyou_detail_004_kani=true&JigyosyoCd=1170403768-00&ServiceCd=110&Type=search", "url2": "https://enoki-group-e-cubecare.jp/" }, "geometry": { "type": "Point", "coordinates": [ 139.481799318763024, 35.903072046326294 ] } },
{ "type": "Feature", "properties": { "内容": "ケアステーション虹【訪問介護】川越市清水町13－21201", "url": "https://www.kaigokensaku.mhlw.go.jp/11/index.php?action_kouhyou_detail_004_kani=true&JigyosyoCd=1170403933-00&ServiceCd=110&Type=search", "url2": "https://grateful-kaigo.com/" }, "geometry": { "type": "Point", "coordinates": [ 139.5055916, 35.8776691 ] } },
{ "type": "Feature", "properties": { "内容": "学研ココファン川越中台元町ヘルパーセンター【訪問介護】埼玉県川越市中台元町1-9-4ココファン川越中台元町", "url": "https://www.kaigokensaku.mhlw.go.jp/11/index.php?action_kouhyou_detail_004_kani=true&JigyosyoCd=1170405292-00&ServiceCd=110&Type=search", "url2": "https://www.cocofump.co.jp/" }, "geometry": { "type": "Point", "coordinates": [ 139.4812576, 35.893361 ] } },
{ "type": "Feature", "properties": { "内容": "医療法人　瑞友会　まごころ介護サービス【訪問介護】埼玉県川越市砂７０６番地２パークハイツサイキC１０１", "url": "https://www.kaigokensaku.mhlw.go.jp/11/index.php?action_kouhyou_detail_004_kani=true&JigyosyoCd=1170402315-00&ServiceCd=110&Type=search", "url2": "http://www.zuiyukai.jp" }, "geometry": { "type": "Point", "coordinates": [ 139.5011786, 35.8946205 ] } },
{ "type": "Feature", "properties": { "内容": "鯨井ナーシングホーム訪問介護事業所【訪問介護】埼玉県川越市鯨井新田9-1", "url": "https://www.kaigokensaku.mhlw.go.jp/11/index.php?action_kouhyou_detail_004_kani=true&JigyosyoCd=1170404063-00&ServiceCd=110&Type=search", "url2": "http://www.kawatsuru-g.jp/kujirai/index.html" }, "geometry": { "type": "Point", "coordinates": [ 139.4227972, 35.935146300000014 ] } },
{ "type": "Feature", "properties": { "内容": "訪問介護事業所アイシャイン【訪問介護】埼玉県川越市霞ヶ関東5-2-16若葉荘102号室", "url": "https://www.kaigokensaku.mhlw.go.jp/11/index.php?action_kouhyou_detail_004_kani=true&JigyosyoCd=1170404642-00&ServiceCd=110&Type=search", "url2": "https://eyeshine0511.wixsite.com/mysite/blank" }, "geometry": { "type": "Point", "coordinates": [ 139.450239335581955, 35.923863749589657 ] } },
{ "type": "Feature", "properties": { "内容": "訪問介護事業所昭和の里　川越中台【訪問介護】埼玉県川越市中台3丁目18番地11", "url": "https://www.kaigokensaku.mhlw.go.jp/11/index.php?action_kouhyou_detail_004_kani=true&JigyosyoCd=1170405359-00&ServiceCd=110&Type=search", "url2": null }, "geometry": { "type": "Point", "coordinates": [ 139.4701182, 35.8888494 ] } },
{ "type": "Feature", "properties": { "内容": "ヘルパーステーション　シェーナ【訪問介護】埼玉県川越市今福1119-1メゾンひらの台2-113メゾンひらの台２号棟１１３号室", "url": "https://www.kaigokensaku.mhlw.go.jp/11/index.php?action_kouhyou_detail_004_kani=true&JigyosyoCd=1170402034-00&ServiceCd=110&Type=search", "url2": null }, "geometry": { "type": "Point", "coordinates": [ 139.478683716424598, 35.882872060414449 ] } },
{ "type": "Feature", "properties": { "内容": "やさしい手川越訪問介護事業所【訪問介護】埼玉県川越市菅原町23-11菅原町ビル2階", "url": "https://www.kaigokensaku.mhlw.go.jp/11/index.php?action_kouhyou_detail_004_kani=true&JigyosyoCd=1170402646-00&ServiceCd=110&Type=search", "url2": "http://www.yasashiite.com/" }, "geometry": { "type": "Point", "coordinates": [ 139.485030100000017, 35.9089752 ] } },
{ "type": "Feature", "properties": { "内容": "ＮＰＯ法人ライフサポートハートラン【訪問介護】埼玉県川越市木野目297-4", "url": "https://www.kaigokensaku.mhlw.go.jp/11/index.php?action_kouhyou_detail_004_kani=true&JigyosyoCd=1170404659-00&ServiceCd=110&Type=search", "url2": null }, "geometry": { "type": "Point", "coordinates": [ 139.517391, 35.8948322 ] } },
{ "type": "Feature", "properties": { "内容": "よろずや介護サービス【訪問介護】埼玉県川越市砂922-18-101", "url": "https://www.kaigokensaku.mhlw.go.jp/11/index.php?action_kouhyou_detail_004_kani=true&JigyosyoCd=1170405615-00&ServiceCd=110&Type=search", "url2": "https://yorozuya46-28.com" }, "geometry": { "type": "Point", "coordinates": [ 139.4969466, 35.8898708 ] } },
{ "type": "Feature", "properties": { "内容": "訪問介護オルゴール【訪問介護】埼玉県川越市大字笠幡2503-6", "url": "https://www.kaigokensaku.mhlw.go.jp/11/index.php?action_kouhyou_detail_004_kani=true&JigyosyoCd=1170402372-00&ServiceCd=110&Type=search", "url2": null }, "geometry": { "type": "Point", "coordinates": [ 139.3944066, 35.9101882 ] } },
{ "type": "Feature", "properties": { "内容": "あんねお【訪問介護】埼玉県川越市大字的場１９１４番地５", "url": "https://www.kaigokensaku.mhlw.go.jp/11/index.php?action_kouhyou_detail_004_kani=true&JigyosyoCd=1170406043-00&ServiceCd=110&Type=search", "url2": null }, "geometry": { "type": "Point", "coordinates": [ 139.4367514, 35.9216049 ] } },
{ "type": "Feature", "properties": { "内容": "コープみらい川越介護センター【訪問介護】埼玉県川越市砂新田３８３－２　コープ高階店2階", "url": "https://www.kaigokensaku.mhlw.go.jp/11/index.php?action_kouhyou_detail_004_kani=true&JigyosyoCd=1170403214-00&ServiceCd=110&Type=search", "url2": "http://mirai.coopnet.or.jp" }, "geometry": { "type": "Point", "coordinates": [ 139.49452, 35.8825496 ] } },
{ "type": "Feature", "properties": { "内容": "学研ココファン川越大手町ヘルパーセンター【訪問介護】埼玉県川越市大手町4-8", "url": "https://www.kaigokensaku.mhlw.go.jp/11/index.php?action_kouhyou_detail_004_kani=true&JigyosyoCd=1170405169-00&ServiceCd=110&Type=search", "url2": "https://www.cocofump.co.jp/" }, "geometry": { "type": "Point", "coordinates": [ 139.4858308, 35.9232442 ] } },
{ "type": "Feature", "properties": { "内容": "ほほえみケア【訪問介護】埼玉県川越市川鶴１丁目２０番地６グリーンハイツA棟１０２号室", "url": "https://www.kaigokensaku.mhlw.go.jp/11/index.php?action_kouhyou_detail_004_kani=true&JigyosyoCd=1170405490-00&ServiceCd=110&Type=search", "url2": "https://hohoemicare.jp/" }, "geometry": { "type": "Point", "coordinates": [ 139.4858042, 35.9251335 ] } },
{ "type": "Feature", "properties": { "内容": "ベストリハ訪問介護ステーション川越南【訪問介護】埼玉県川越市藤間745", "url": "https://www.kaigokensaku.mhlw.go.jp/11/index.php?action_kouhyou_detail_004_kani=true&JigyosyoCd=1170405896-00&ServiceCd=110&Type=search", "url2": "https://bestreha.com/" }, "geometry": { "type": "Point", "coordinates": [ 139.5024685, 35.8734731 ] } },
{ "type": "Feature", "properties": { "内容": "ヘルパーステーションステーション　ケアサポートかわごえソレイユ【訪問介護】埼玉県川越市今福476-2", "url": "https://www.kaigokensaku.mhlw.go.jp/11/index.php?action_kouhyou_detail_004_kani=true&JigyosyoCd=1170406068-00&ServiceCd=110&Type=search", "url2": "https://www.care-support.biz/about/" }, "geometry": { "type": "Point", "coordinates": [ 139.473261, 35.8755292 ] } },
{ "type": "Feature", "properties": { "内容": "株式会社アスタス【訪問介護】埼玉県川越市上野田町34番地22", "url": "https://www.kaigokensaku.mhlw.go.jp/11/index.php?action_kouhyou_detail_004_kani=true&JigyosyoCd=1170405318-00&ServiceCd=110&Type=search", "url2": "kaminoda.com" }, "geometry": { "type": "Point", "coordinates": [ 139.469224700000012, 35.9128514 ] } },
{ "type": "Feature", "properties": { "内容": "訪問ケアぷーどる【訪問介護】霞ヶ関東１丁目８番地１１七光第３ビル１階B号室", "url": "https://www.kaigokensaku.mhlw.go.jp/11/index.php?action_kouhyou_detail_004_kani=true&JigyosyoCd=1170406076-00&ServiceCd=110&Type=search", "url2": "https://samuwan.yakiin.net/index.html" }, "geometry": { "type": "Point", "coordinates": [ 139.442168400000014, 35.9240555 ] } },
{ "type": "Feature", "properties": { "内容": "桃花ヘルプサービス【訪問介護】埼玉県川越市南通町13-2西澤ビル103号", "url": "https://www.kaigokensaku.mhlw.go.jp/11/index.php?action_kouhyou_detail_004_kani=true&JigyosyoCd=1170403495-00&ServiceCd=110&Type=search", "url2": null }, "geometry": { "type": "Point", "coordinates": [ 139.487310546032717, 35.909589234627497 ] } },
{ "type": "Feature", "properties": { "内容": "ケアステーションぱれっと【訪問介護】埼玉県川越市笠幡３２－３", "url": "https://www.kaigokensaku.mhlw.go.jp/11/index.php?action_kouhyou_detail_004_kani=true&JigyosyoCd=1170402778-00&ServiceCd=110&Type=search", "url2": "sai.palette@vivid.ocn.ne.jp" }, "geometry": { "type": "Point", "coordinates": [ 139.425207300000011, 35.911359 ] } },
{ "type": "Feature", "properties": { "内容": "寿介護エス・オー・エス　霞ヶ関【訪問介護】埼玉県川越市霞ヶ関東1-7-14レインボーマンション102", "url": "https://www.kaigokensaku.mhlw.go.jp/11/index.php?action_kouhyou_detail_004_kani=true&JigyosyoCd=1170405748-00&ServiceCd=110&Type=search", "url2": "https://www.koai.co.jp/" }, "geometry": { "type": "Point", "coordinates": [ 139.441536899999988, 35.9241661 ] } },
{ "type": "Feature", "properties": { "内容": "こころ熊谷【訪問介護】埼玉県熊谷市拾六間753-27メイプルタウン205号室", "url": "https://www.kaigokensaku.mhlw.go.jp/11/index.php?action_kouhyou_detail_004_kani=true&JigyosyoCd=1173138726-00&ServiceCd=110&Type=search", "url2": null }, "geometry": { "type": "Point", "coordinates": [ 139.3154745, 36.171863 ] } },
{ "type": "Feature", "properties": { "内容": "ヘルパーステーション希望【訪問介護】埼玉県熊谷市中西2丁目8番地5", "url": "https://www.kaigokensaku.mhlw.go.jp/11/index.php?action_kouhyou_detail_004_kani=true&JigyosyoCd=1173103266-00&ServiceCd=110&Type=search", "url2": "esperanza2011.com" }, "geometry": { "type": "Point", "coordinates": [ 139.395470930034264, 36.147681077388448 ] } },
{ "type": "Feature", "properties": { "内容": "有限会社　エコステーションくまがや【訪問介護】埼玉県熊谷市善ヶ島632-3", "url": "https://www.kaigokensaku.mhlw.go.jp/11/index.php?action_kouhyou_detail_004_kani=true&JigyosyoCd=1173101666-00&ServiceCd=110&Type=search", "url2": "http://www.honoka0701.jp" }, "geometry": { "type": "Point", "coordinates": [ 139.403146900000024, 36.219963200000016 ] } },
{ "type": "Feature", "properties": { "内容": "ケアネット熊谷サービスセンター【訪問介護】熊谷市中奈良1224-19", "url": "https://www.kaigokensaku.mhlw.go.jp/11/index.php?action_kouhyou_detail_004_kani=true&JigyosyoCd=1173100668-00&ServiceCd=110&Type=search", "url2": "http://www.carenet.fujitsu.com" }, "geometry": { "type": "Point", "coordinates": [ 139.3706575, 36.1878661 ] } },
{ "type": "Feature", "properties": { "内容": "ＳＯＭＰＯケア　熊谷　訪問介護【訪問介護】埼玉県熊谷市拾六間757-5栗原貸店舗2Ｆ", "url": "https://www.kaigokensaku.mhlw.go.jp/11/index.php?action_kouhyou_detail_004_kani=true&JigyosyoCd=1173103571-00&ServiceCd=110&Type=search", "url2": null }, "geometry": { "type": "Point", "coordinates": [ 139.313634099999945, 36.1705387 ] } },
{ "type": "Feature", "properties": { "内容": "クイーンズビラヘルパーステーション【訪問介護】埼玉県熊谷市太井1777-1ケアハウスクイーンズビラ", "url": "https://www.kaigokensaku.mhlw.go.jp/11/index.php?action_kouhyou_detail_004_kani=true&JigyosyoCd=1173100734-00&ServiceCd=110&Type=search", "url2": "http://www.queensvilla.com" }, "geometry": { "type": "Point", "coordinates": [ 139.421531400000049, 36.1177339 ] } },
{ "type": "Feature", "properties": { "内容": "訪問介護ステーション香りん【訪問介護】埼玉県熊谷市妻沼1863－1", "url": "https://www.kaigokensaku.mhlw.go.jp/11/index.php?action_kouhyou_detail_004_kani=true&JigyosyoCd=1173103761-00&ServiceCd=110&Type=search", "url2": "https://hp.kaipoke.biz/7c9/" }, "geometry": { "type": "Point", "coordinates": [ 139.371684499999986, 36.2276654 ] } },
{ "type": "Feature", "properties": { "内容": "オアシス２４熊谷【訪問介護】埼玉県熊谷市新堀３４６－３", "url": "https://www.kaigokensaku.mhlw.go.jp/11/index.php?action_kouhyou_detail_004_kani=true&JigyosyoCd=1173102276-00&ServiceCd=110&Type=search", "url2": "https://oasis24-group.com/" }, "geometry": { "type": "Point", "coordinates": [ 139.3343304, 36.1770281 ] } },
{ "type": "Feature", "properties": { "内容": "医療法人　善心会　訪問介護ステーション【訪問介護】熊谷市柿沼３３４番地１", "url": "https://www.kaigokensaku.mhlw.go.jp/11/index.php?action_kouhyou_detail_004_kani=true&JigyosyoCd=1113103835-00&ServiceCd=110&Type=search", "url2": "http://zenshinkai.jp" }, "geometry": { "type": "Point", "coordinates": [ 139.3836073, 36.1727016 ] } },
{ "type": "Feature", "properties": { "内容": "あかり訪問介護ステーション【訪問介護】埼玉県熊谷市妻沼2191プラチナホームあかり", "url": "https://www.kaigokensaku.mhlw.go.jp/11/index.php?action_kouhyou_detail_004_kani=true&JigyosyoCd=1173138668-00&ServiceCd=110&Type=search", "url2": "https://medicare-c.co.jp/" }, "geometry": { "type": "Point", "coordinates": [ 139.370996, 36.2303635 ] } },
{ "type": "Feature", "properties": { "内容": "グリーンフォレストホームケアステーション【訪問介護】埼玉県熊谷市広瀬８００番地２", "url": "https://www.kaigokensaku.mhlw.go.jp/11/index.php?action_kouhyou_detail_004_kani=true&JigyosyoCd=1173101369-00&ServiceCd=110&Type=search", "url2": "http://www.gfv.jp/" }, "geometry": { "type": "Point", "coordinates": [ 139.353179399999988, 36.1473859 ] } },
{ "type": "Feature", "properties": { "内容": "みどりの里ケアセンター【訪問介護】熊谷市戸出１０４７番５", "url": "https://www.kaigokensaku.mhlw.go.jp/11/index.php?action_kouhyou_detail_004_kani=true&JigyosyoCd=1173100817-00&ServiceCd=110&Type=search", "url2": "http://midorinosato.net/" }, "geometry": { "type": "Point", "coordinates": [ 139.412783799999943, 36.1395 ] } },
{ "type": "Feature", "properties": { "内容": "社会福祉法人熊谷市社会福祉協議会熊谷介護事業所【訪問介護】埼玉県熊谷市本町1丁目９番地1熊谷市立コミュニティセンター", "url": "https://www.kaigokensaku.mhlw.go.jp/11/index.php?action_kouhyou_detail_004_kani=true&JigyosyoCd=1173101302-00&ServiceCd=110&Type=search", "url2": "https://www.kumagaya-shakyo.jp" }, "geometry": { "type": "Point", "coordinates": [ 139.384036700000024, 36.146018 ] } },
{ "type": "Feature", "properties": { "内容": "訪問介護ハートピア【訪問介護】埼玉県熊谷市村岡２０７番地", "url": "https://www.kaigokensaku.mhlw.go.jp/11/index.php?action_kouhyou_detail_004_kani=true&JigyosyoCd=1173138510-00&ServiceCd=110&Type=search", "url2": "https://www.heart-pia.info/" }, "geometry": { "type": "Point", "coordinates": [ 139.375354765876835, 36.120511744740242 ] } },
{ "type": "Feature", "properties": { "内容": "日本シニアライフ株式会社レジデンス熊谷下奈良【訪問介護】埼玉県熊谷市下奈良634-1日本シニアライフ株式会社レジデンス熊谷下奈良", "url": "https://www.kaigokensaku.mhlw.go.jp/11/index.php?action_kouhyou_detail_004_kani=true&JigyosyoCd=1173138767-00&ServiceCd=110&Type=search", "url2": "http://senior-life.jp/" }, "geometry": { "type": "Point", "coordinates": [ 139.3839805, 36.1885059 ] } },
{ "type": "Feature", "properties": { "内容": "はるな【訪問介護】熊谷市大原2-2-35", "url": "https://www.kaigokensaku.mhlw.go.jp/11/index.php?action_kouhyou_detail_004_kani=true&JigyosyoCd=1173102698-00&ServiceCd=110&Type=search", "url2": null }, "geometry": { "type": "Point", "coordinates": [ 139.381154058895476, 36.160974196637895 ] } },
{ "type": "Feature", "properties": { "内容": "熊谷生協ヘルパーステーション【訪問介護】熊谷市上之3851-1介護複合施設くまここ", "url": "https://www.kaigokensaku.mhlw.go.jp/11/index.php?action_kouhyou_detail_004_kani=true&JigyosyoCd=1173100460-00&ServiceCd=110&Type=search", "url2": "www.kumagaya-carecenter.coop/" }, "geometry": { "type": "Point", "coordinates": [ 139.414430763920592, 36.15087745852319 ] } },
{ "type": "Feature", "properties": { "内容": "ふくしのまち熊谷【訪問介護】熊谷市肥塚６４１－１", "url": "https://www.kaigokensaku.mhlw.go.jp/11/index.php?action_kouhyou_detail_004_kani=true&JigyosyoCd=1173100742-00&ServiceCd=110&Type=search", "url2": "http://www.youism.co.jp" }, "geometry": { "type": "Point", "coordinates": [ 139.393365200000062, 36.1637639 ] } },
{ "type": "Feature", "properties": { "内容": "訪問介護　こころ粋　熊谷【訪問介護】埼玉県熊谷市押切2554-8ケアモール熊谷202", "url": "https://www.kaigokensaku.mhlw.go.jp/11/index.php?action_kouhyou_detail_004_kani=true&JigyosyoCd=1173102995-00&ServiceCd=110&Type=search", "url2": "https://grow-forcekaigo.com/visiting/kokoro/" }, "geometry": { "type": "Point", "coordinates": [ 139.347081800000069, 36.1125662 ] } },
{ "type": "Feature", "properties": { "内容": "熊谷・妻沼地域福祉事業所・ほほえみ【訪問介護】熊谷市弥藤吾50", "url": "https://www.kaigokensaku.mhlw.go.jp/11/index.php?action_kouhyou_detail_004_kani=true&JigyosyoCd=1173100692-00&ServiceCd=110&Type=search", "url2": null }, "geometry": { "type": "Point", "coordinates": [ 139.374966399999948, 36.2218623 ] } },
{ "type": "Feature", "properties": { "内容": "合同会社ブライトンアップ【訪問介護】埼玉県熊谷市拾六間844-3コーポサトウA103", "url": "https://www.kaigokensaku.mhlw.go.jp/11/index.php?action_kouhyou_detail_004_kani=true&JigyosyoCd=1173138882-00&ServiceCd=110&Type=search", "url2": null }, "geometry": { "type": "Point", "coordinates": [ 139.3110831, 36.1705885 ] } },
{ "type": "Feature", "properties": { "内容": "はなぶさ苑訪問介護事業所【訪問介護】埼玉県熊谷市玉井３３６番地１", "url": "https://www.kaigokensaku.mhlw.go.jp/11/index.php?action_kouhyou_detail_004_kani=true&JigyosyoCd=1173100064-00&ServiceCd=110&Type=search", "url2": "http://hanabusaen.com" }, "geometry": { "type": "Point", "coordinates": [ 139.35114550000003, 36.1707314 ] } },
{ "type": "Feature", "properties": { "内容": "ケアプロ訪問介護ステーション埼玉　熊谷ステーション【訪問介護】肥塚２丁目３番28号", "url": "https://www.kaigokensaku.mhlw.go.jp/11/index.php?action_kouhyou_detail_004_kani=true&JigyosyoCd=1173138759-00&ServiceCd=110&Type=search", "url2": "https://carepro-hmc.co.jp/" }, "geometry": { "type": "Point", "coordinates": [ 139.385149500000011, 36.1575384 ] } },
{ "type": "Feature", "properties": { "内容": "ユースタイルケア熊谷【訪問介護】埼玉県熊谷市曙町1-36曙ハイツ202", "url": "https://www.kaigokensaku.mhlw.go.jp/11/index.php?action_kouhyou_detail_004_kani=true&JigyosyoCd=1173138866-00&ServiceCd=110&Type=search", "url2": "https://ripplecareinc.wixsite.com/my-site" }, "geometry": { "type": "Point", "coordinates": [ 139.3921527, 36.1369181 ] } },
{ "type": "Feature", "properties": { "内容": "ヘルパーステーションえがお【訪問介護】埼玉県熊谷市新島200番地61", "url": "https://www.kaigokensaku.mhlw.go.jp/11/index.php?action_kouhyou_detail_004_kani=true&JigyosyoCd=1173103126-00&ServiceCd=110&Type=search", "url2": null }, "geometry": { "type": "Point", "coordinates": [ 139.364216699405659, 36.163155478464553 ] } },
{ "type": "Feature", "properties": { "内容": "ニチイケアセンター熊谷【訪問介護】熊谷市玉井1-53", "url": "https://www.kaigokensaku.mhlw.go.jp/11/index.php?action_kouhyou_detail_004_kani=true&JigyosyoCd=1173100296-00&ServiceCd=110&Type=search", "url2": "http://www.nichiigakkan.co.jp" }, "geometry": { "type": "Point", "coordinates": [ 139.336460377929711, 36.181341549216448 ] } },
{ "type": "Feature", "properties": { "内容": "株式会社　ソワニエ【訪問介護】埼玉県熊谷市末広１丁目３４番地１", "url": "https://www.kaigokensaku.mhlw.go.jp/11/index.php?action_kouhyou_detail_004_kani=true&JigyosyoCd=1173100288-00&ServiceCd=110&Type=search", "url2": "http://www.e-soigner.co.jp/" }, "geometry": { "type": "Point", "coordinates": [ 139.391516599999932, 36.1458877 ] } },
{ "type": "Feature", "properties": { "内容": "ヘルパーステーション　サンヴィレッジ【訪問介護】埼玉県熊谷市津田１５６０－１", "url": "https://www.kaigokensaku.mhlw.go.jp/11/index.php?action_kouhyou_detail_004_kani=true&JigyosyoCd=1174500494-00&ServiceCd=110&Type=search", "url2": "http://www.seifu-kai.or.jp" }, "geometry": { "type": "Point", "coordinates": [ 139.425654200000054, 36.0952205 ] } },
{ "type": "Feature", "properties": { "内容": "訪問介護レジデンス熊谷西野【訪問介護】西野15", "url": "https://www.kaigokensaku.mhlw.go.jp/11/index.php?action_kouhyou_detail_004_kani=true&JigyosyoCd=1173138940-00&ServiceCd=110&Type=search", "url2": "http://senior-life.jp/" }, "geometry": { "type": "Point", "coordinates": [ 139.374014, 36.201497 ] } },
{ "type": "Feature", "properties": { "内容": "訪問介護事業所　いつくしの杜熊谷【訪問介護】埼玉県熊谷市柿沼660-2いつくしの杜熊谷柿沼", "url": "https://www.kaigokensaku.mhlw.go.jp/11/index.php?action_kouhyou_detail_004_kani=true&JigyosyoCd=1173138742-00&ServiceCd=110&Type=search", "url2": "http://www.kotobuki-i.jp/" }, "geometry": { "type": "Point", "coordinates": [ 139.3828069, 36.1644272 ] } },
{ "type": "Feature", "properties": { "内容": "けあビジョン熊谷【訪問介護】埼玉県熊谷市銀座６－８－７高橋マンション１０１", "url": "https://www.kaigokensaku.mhlw.go.jp/11/index.php?action_kouhyou_detail_004_kani=true&JigyosyoCd=1173100841-00&ServiceCd=110&Type=search", "url2": "http://www.visualvision.co.jp" }, "geometry": { "type": "Point", "coordinates": [ 139.40211979522411, 36.140282457534077 ] } },
{ "type": "Feature", "properties": { "内容": "埼玉県熊谷市新堀1278-2　エトアールNAO101【訪問介護】埼玉県熊谷市新堀1278-2エトアールNAO101", "url": "https://www.kaigokensaku.mhlw.go.jp/11/index.php?action_kouhyou_detail_004_kani=true&JigyosyoCd=1173103837-00&ServiceCd=110&Type=search", "url2": null }, "geometry": { "type": "Point", "coordinates": [ 139.312888500000014, 36.1775857 ] } },
{ "type": "Feature", "properties": { "内容": "訪問介護ステーション　ソレイユ空【訪問介護】男沼65-1", "url": "https://www.kaigokensaku.mhlw.go.jp/11/index.php?action_kouhyou_detail_004_kani=true&JigyosyoCd=1173103381-00&ServiceCd=110&Type=search", "url2": "http://www.shomezon.jp/kirakira/layount" }, "geometry": { "type": "Point", "coordinates": [ 139.354586899999958, 36.2341693 ] } },
{ "type": "Feature", "properties": { "内容": "うぶすな介護サービス【訪問介護】埼玉県熊谷市戸出４６２－２", "url": "https://www.kaigokensaku.mhlw.go.jp/11/index.php?action_kouhyou_detail_004_kani=true&JigyosyoCd=1173103688-00&ServiceCd=110&Type=search", "url2": null }, "geometry": { "type": "Point", "coordinates": [ 139.4049314, 36.1383656 ] } },
{ "type": "Feature", "properties": { "内容": "訪問介護事業所　ハッピーハート熊谷【訪問介護】埼玉県熊谷市新堀1038-2　高砂ハイツⅡ　105号室", "url": "https://www.kaigokensaku.mhlw.go.jp/11/index.php?action_kouhyou_detail_004_kani=true&JigyosyoCd=1173103506-00&ServiceCd=110&Type=search", "url2": "http://www.samuesu.jp/" }, "geometry": { "type": "Point", "coordinates": [ 139.329172684937674, 36.178720025092403 ] } },
{ "type": "Feature", "properties": { "内容": "ホームヘルプサービス　ソラスト熊谷【訪問介護】埼玉県熊谷市中央4-1-1大央ビル1F-A", "url": "https://www.kaigokensaku.mhlw.go.jp/11/index.php?action_kouhyou_detail_004_kani=true&JigyosyoCd=1173103449-00&ServiceCd=110&Type=search", "url2": "http://www.solasto.co.jp/" }, "geometry": { "type": "Point", "coordinates": [ 139.390796599999931, 36.156159 ] } },
{ "type": "Feature", "properties": { "内容": "エルフ【訪問介護】埼玉県熊谷市村岡318-1", "url": "https://www.kaigokensaku.mhlw.go.jp/11/index.php?action_kouhyou_detail_004_kani=true&JigyosyoCd=1173102367-00&ServiceCd=110&Type=search", "url2": null }, "geometry": { "type": "Point", "coordinates": [ 139.376098633123462, 36.12372520110236 ] } },
{ "type": "Feature", "properties": { "内容": "訪問介護シャングリラ【訪問介護】埼玉県熊谷市箱田７丁目２番７３号", "url": "https://www.kaigokensaku.mhlw.go.jp/11/index.php?action_kouhyou_detail_004_kani=true&JigyosyoCd=1173138783-00&ServiceCd=110&Type=search", "url2": "htt:/shangrila-jp.com" }, "geometry": { "type": "Point", "coordinates": [ 139.388319, 36.1529805 ] } },
{ "type": "Feature", "properties": { "内容": "訪問介護　まごの手【訪問介護】埼玉県熊谷市石原185番地3", "url": "https://www.kaigokensaku.mhlw.go.jp/11/index.php?action_kouhyou_detail_004_kani=true&JigyosyoCd=1173102664-00&ServiceCd=110&Type=search", "url2": "https://enisube.org" }, "geometry": { "type": "Point", "coordinates": [ 139.3640259, 36.1596922 ] } },
{ "type": "Feature", "properties": { "内容": "ケアセンターとみよ・熊谷【訪問介護】埼玉県熊谷市久下2071-1住宅型有料老人ホーム　シルバーリゾート　とみよ・熊谷", "url": "https://www.kaigokensaku.mhlw.go.jp/11/index.php?action_kouhyou_detail_004_kani=true&JigyosyoCd=1173138817-00&ServiceCd=110&Type=search", "url2": "oneresort.co.jp" }, "geometry": { "type": "Point", "coordinates": [ 139.3994132105164, 36.131463611087277 ] } },
{ "type": "Feature", "properties": { "内容": "訪問介護ハートランド・アイリ熊谷【訪問介護】埼玉県熊谷市間々田101番地", "url": "https://www.kaigokensaku.mhlw.go.jp/11/index.php?action_kouhyou_detail_004_kani=true&JigyosyoCd=1173138957-00&ServiceCd=110&Type=search", "url2": "https://ygood.jp/" }, "geometry": { "type": "Point", "coordinates": [ 139.342583081614691, 36.234426812434947 ] } },
{ "type": "Feature", "properties": { "内容": "訪問介護　ほほえみ【訪問介護】埼玉県熊谷市押切2546番地15", "url": "https://www.kaigokensaku.mhlw.go.jp/11/index.php?action_kouhyou_detail_004_kani=true&JigyosyoCd=1173138635-00&ServiceCd=110&Type=search", "url2": "https://hohoemi.sakura.ne.jp" }, "geometry": { "type": "Point", "coordinates": [ 139.3498684, 36.1121759 ] } },
{ "type": "Feature", "properties": { "内容": "あやめケアサービス【訪問介護】埼玉県川口市上青木1-22-2パールハイム　103号", "url": "https://www.kaigokensaku.mhlw.go.jp/11/index.php?action_kouhyou_detail_004_kani=true&JigyosyoCd=1170209413-00&ServiceCd=110&Type=search", "url2": "https://sites.google.com/view/ayamecare/home" }, "geometry": { "type": "Point", "coordinates": [ 139.7232247, 35.821841 ] } },
{ "type": "Feature", "properties": { "内容": "にじいろ訪問介護【訪問介護】埼玉県川口市在家町3-10ひまわりコーポ102", "url": "https://www.kaigokensaku.mhlw.go.jp/11/index.php?action_kouhyou_detail_004_kani=true&JigyosyoCd=1170209595-00&ServiceCd=110&Type=search", "url2": "https://kokoro.bsj.jp/" }, "geometry": { "type": "Point", "coordinates": [ 139.7096977, 35.8540116 ] } },
{ "type": "Feature", "properties": { "内容": "川口介護サービスやわら【訪問介護】埼玉県川口市芝３８９１オークハイツ１０２", "url": "https://www.kaigokensaku.mhlw.go.jp/11/index.php?action_kouhyou_detail_004_kani=true&JigyosyoCd=1170202871-00&ServiceCd=110&Type=search", "url2": null }, "geometry": { "type": "Point", "coordinates": [ 139.696541900000057, 35.8350092 ] } },
{ "type": "Feature", "properties": { "内容": "SOMPOケア川口東領家訪問介護【訪問介護】埼玉県川口市東領家2-8-6そんぽの家S川口東領家", "url": "https://www.kaigokensaku.mhlw.go.jp/11/index.php?action_kouhyou_detail_004_kani=true&JigyosyoCd=1170208076-00&ServiceCd=110&Type=search", "url2": "https://www.sompocare.com/service/home/satsuki/H000361" }, "geometry": { "type": "Point", "coordinates": [ 139.748672100000022, 35.7951185 ] } },
{ "type": "Feature", "properties": { "内容": "株式会社コモライフ【訪問介護】埼玉県川口市芝下3-45-19", "url": "https://www.kaigokensaku.mhlw.go.jp/11/index.php?action_kouhyou_detail_004_kani=true&JigyosyoCd=1170201436-00&ServiceCd=110&Type=search", "url2": null }, "geometry": { "type": "Point", "coordinates": [ 139.702586, 35.8417681 ] } },
{ "type": "Feature", "properties": { "内容": "埼玉県済生会ケアステーションなでしこ【訪問介護】埼玉県川口市前川1-12-15101号", "url": "https://www.kaigokensaku.mhlw.go.jp/11/index.php?action_kouhyou_detail_004_kani=true&JigyosyoCd=1170204422-00&ServiceCd=110&Type=search", "url2": "http://www.saiseikai.or.jp/facilities/f04/1165-0015/" }, "geometry": { "type": "Point", "coordinates": [ 139.709854871377928, 35.832776156538365 ] } },
{ "type": "Feature", "properties": { "内容": "ケアセンターかがやき（訪問介護）【訪問介護】埼玉県川口市西青木5-1-40", "url": "https://www.kaigokensaku.mhlw.go.jp/11/index.php?action_kouhyou_detail_004_kani=true&JigyosyoCd=1170201337-00&ServiceCd=110&Type=search", "url2": null }, "geometry": { "type": "Point", "coordinates": [ 139.716091788473534, 35.820972659430929 ] } },
{ "type": "Feature", "properties": { "内容": "ラック戸塚【訪問介護】埼玉県川口市戸塚鋏町1-30アウローラ弐番館101", "url": "https://www.kaigokensaku.mhlw.go.jp/11/index.php?action_kouhyou_detail_004_kani=true&JigyosyoCd=1170202673-00&ServiceCd=110&Type=search", "url2": "http://www.lac1.com/index.htm" }, "geometry": { "type": "Point", "coordinates": [ 139.7548028, 35.8646497 ] } },
{ "type": "Feature", "properties": { "内容": "訪問介護ステーションせんば【訪問介護】埼玉県川口市南鳩ヶ谷４丁目２７番４号マンション　ザ　佳苑", "url": "https://www.kaigokensaku.mhlw.go.jp/11/index.php?action_kouhyou_detail_004_kani=true&JigyosyoCd=1172000216-00&ServiceCd=110&Type=search", "url2": null }, "geometry": { "type": "Point", "coordinates": [ 139.741031317196644, 35.813311199066895 ] } },
{ "type": "Feature", "properties": { "内容": "有限会社　ハートケア【訪問介護】埼玉県川口市上青木１－１１－１７", "url": "https://www.kaigokensaku.mhlw.go.jp/11/index.php?action_kouhyou_detail_004_kani=true&JigyosyoCd=1170201410-00&ServiceCd=110&Type=search", "url2": "http://hp.kaipoke.biz/ys2/" }, "geometry": { "type": "Point", "coordinates": [ 139.719148899999936, 35.8249736 ] } },
{ "type": "Feature", "properties": { "内容": "有限会社　介護センターあかい【訪問介護】埼玉県川口市安行原2364", "url": "https://www.kaigokensaku.mhlw.go.jp/11/index.php?action_kouhyou_detail_004_kani=true&JigyosyoCd=1170201287-00&ServiceCd=110&Type=search", "url2": null }, "geometry": { "type": "Point", "coordinates": [ 139.762738406803919, 35.841241948629346 ] } },
{ "type": "Feature", "properties": { "内容": "コープみらい川口介護センター【訪問介護】埼玉県川口市上青木2-4-12ミニコープ天神橋店内", "url": "https://www.kaigokensaku.mhlw.go.jp/11/index.php?action_kouhyou_detail_004_kani=true&JigyosyoCd=1170202947-00&ServiceCd=110&Type=search", "url2": "http://mirai.coopnet.or.jp/" }, "geometry": { "type": "Point", "coordinates": [ 139.723901299999966, 35.8248376 ] } },
{ "type": "Feature", "properties": { "内容": "オアシス２４川口【訪問介護】埼玉県川口市朝日3-16-4五湯マンション310号室", "url": "https://www.kaigokensaku.mhlw.go.jp/11/index.php?action_kouhyou_detail_004_kani=true&JigyosyoCd=1170209751-00&ServiceCd=110&Type=search", "url2": "https://oasis24-group.com/" }, "geometry": { "type": "Point", "coordinates": [ 139.7389144, 35.810524 ] } },
{ "type": "Feature", "properties": { "内容": "株式会社あくび【訪問介護】埼玉県川口市本町1-7-8ラ・メゾン・リヴランA103", "url": "https://www.kaigokensaku.mhlw.go.jp/11/index.php?action_kouhyou_detail_004_kani=true&JigyosyoCd=1170206484-00&ServiceCd=110&Type=search", "url2": null }, "geometry": { "type": "Point", "coordinates": [ 139.724723165619366, 35.795251960100977 ] } },
{ "type": "Feature", "properties": { "内容": "原町ケアクラブ【訪問介護】埼玉県川口市原町3-34", "url": "https://www.kaigokensaku.mhlw.go.jp/11/index.php?action_kouhyou_detail_004_kani=true&JigyosyoCd=1170209264-00&ServiceCd=110&Type=search", "url2": null }, "geometry": { "type": "Point", "coordinates": [ 139.7083298, 35.802153 ] } },
{ "type": "Feature", "properties": { "内容": "愛花ケアサービス【訪問介護】川口市戸塚東4-31-20", "url": "https://www.kaigokensaku.mhlw.go.jp/11/index.php?action_kouhyou_detail_004_kani=true&JigyosyoCd=1170203713-00&ServiceCd=110&Type=search", "url2": null }, "geometry": { "type": "Point", "coordinates": [ 139.760502200000019, 35.8692078 ] } },
{ "type": "Feature", "properties": { "内容": "たんぽぽ介護サービス【訪問介護】埼玉県川口市差間83-1", "url": "https://www.kaigokensaku.mhlw.go.jp/11/index.php?action_kouhyou_detail_004_kani=true&JigyosyoCd=1170200602-00&ServiceCd=110&Type=search", "url2": "http://www.tanpopo-kaigo.jp/" }, "geometry": { "type": "Point", "coordinates": [ 139.728191299999907, 35.866637600000033 ] } },
{ "type": "Feature", "properties": { "内容": "介護センター　ひかり【訪問介護】埼玉県川口市東本郷1150番地6", "url": "https://www.kaigokensaku.mhlw.go.jp/11/index.php?action_kouhyou_detail_004_kani=true&JigyosyoCd=1170208290-00&ServiceCd=110&Type=search", "url2": null }, "geometry": { "type": "Point", "coordinates": [ 139.762272899999971, 35.8259998 ] } },
{ "type": "Feature", "properties": { "内容": "訪問介護ステーションすく【訪問介護】埼玉県川口市西川口3-30-12荻島ユニティビル201", "url": "https://www.kaigokensaku.mhlw.go.jp/11/index.php?action_kouhyou_detail_004_kani=true&JigyosyoCd=1170209488-00&ServiceCd=110&Type=search", "url2": null }, "geometry": { "type": "Point", "coordinates": [ 139.702675199999987, 35.8129281 ] } },
{ "type": "Feature", "properties": { "内容": "燦々ケア【訪問介護】埼玉県川口市桜町4-2-14第2桜マンション103号", "url": "https://www.kaigokensaku.mhlw.go.jp/11/index.php?action_kouhyou_detail_004_kani=true&JigyosyoCd=1170207748-00&ServiceCd=110&Type=search", "url2": null }, "geometry": { "type": "Point", "coordinates": [ 139.743004599999949, 35.8400079 ] } },
{ "type": "Feature", "properties": { "内容": "リーシェ安行訪問介護ステーション【訪問介護】埼玉県川口市安行藤八４２１-１", "url": "https://www.kaigokensaku.mhlw.go.jp/11/index.php?action_kouhyou_detail_004_kani=true&JigyosyoCd=1170204380-00&ServiceCd=110&Type=search", "url2": "http://www.ej-welfare.jp" }, "geometry": { "type": "Point", "coordinates": [ 139.761880199999922, 35.8571871 ] } },
{ "type": "Feature", "properties": { "内容": "わたぼうし介護ケアセンター【訪問介護】埼玉県川口市大字安行領家１８４３番地の１", "url": "https://www.kaigokensaku.mhlw.go.jp/11/index.php?action_kouhyou_detail_004_kani=true&JigyosyoCd=1170203598-00&ServiceCd=110&Type=search", "url2": null }, "geometry": { "type": "Point", "coordinates": [ 139.76298436463469, 35.844666692054872 ] } },
{ "type": "Feature", "properties": { "内容": "ヘルパーステーションアトム【訪問介護】埼玉県川口市江戸3-29-20", "url": "https://www.kaigokensaku.mhlw.go.jp/11/index.php?action_kouhyou_detail_004_kani=true&JigyosyoCd=1170209652-00&ServiceCd=110&Type=search", "url2": null }, "geometry": { "type": "Point", "coordinates": [ 139.754187300000012, 35.8178287 ] } },
{ "type": "Feature", "properties": { "内容": "シルバーラビット【訪問介護】埼玉県川口市西川口1-27-12ライオンズマンション西川口第５２０５号室", "url": "https://www.kaigokensaku.mhlw.go.jp/11/index.php?action_kouhyou_detail_004_kani=true&JigyosyoCd=1170201212-00&ServiceCd=110&Type=search", "url2": null }, "geometry": { "type": "Point", "coordinates": [ 139.707831100000021, 35.8060873 ] } },
{ "type": "Feature", "properties": { "内容": "水縁ヘルパーステーション【訪問介護】川口市桜町4-2-14桜ハウス　106・107号", "url": "https://www.kaigokensaku.mhlw.go.jp/11/index.php?action_kouhyou_detail_004_kani=true&JigyosyoCd=1170202855-00&ServiceCd=110&Type=search", "url2": null }, "geometry": { "type": "Point", "coordinates": [ 139.742969099999982, 35.8397799 ] } },
{ "type": "Feature", "properties": { "内容": "花花訪問介護【訪問介護】埼玉県川口市南鳩ヶ谷4-17-16ラシーヌ・ド・ラブーレ101", "url": "https://www.kaigokensaku.mhlw.go.jp/11/index.php?action_kouhyou_detail_004_kani=true&JigyosyoCd=1170204513-00&ServiceCd=110&Type=search", "url2": null }, "geometry": { "type": "Point", "coordinates": [ 139.738190714155593, 35.813956753728746 ] } },
{ "type": "Feature", "properties": { "内容": "訪問介護事業所　あおぞら元郷【訪問介護】埼玉県川口市元郷5-24-8", "url": "https://www.kaigokensaku.mhlw.go.jp/11/index.php?action_kouhyou_detail_004_kani=true&JigyosyoCd=1170206237-00&ServiceCd=110&Type=search", "url2": null }, "geometry": { "type": "Point", "coordinates": [ 139.739747800000032, 35.7981844 ] } },
{ "type": "Feature", "properties": { "内容": "ホームヘルプサービスJUN【訪問介護】埼玉県川口市中青木1-7-24-104トーカンマンション川口第３", "url": "https://www.kaigokensaku.mhlw.go.jp/11/index.php?action_kouhyou_detail_004_kani=true&JigyosyoCd=1170200321-00&ServiceCd=110&Type=search", "url2": "http://jun-jun-jun.com" }, "geometry": { "type": "Point", "coordinates": [ 139.721857499999942, 35.8074796 ] } },
{ "type": "Feature", "properties": { "内容": "ニチイケアセンター川口中青木【訪問介護】川口市中青木2丁目9-32", "url": "https://www.kaigokensaku.mhlw.go.jp/11/index.php?action_kouhyou_detail_004_kani=true&JigyosyoCd=1170205353-00&ServiceCd=110&Type=search", "url2": "http://www.nichiigakkan.co.jp/" }, "geometry": { "type": "Point", "coordinates": [ 139.719110399999977, 35.8120065 ] } },
{ "type": "Feature", "properties": { "内容": "ライフデザインきらり【訪問介護】埼玉県川口市西青木4-1-3", "url": "https://www.kaigokensaku.mhlw.go.jp/11/index.php?action_kouhyou_detail_004_kani=true&JigyosyoCd=1170205429-00&ServiceCd=110&Type=search", "url2": "https://www.life-d.co.jp" }, "geometry": { "type": "Point", "coordinates": [ 139.709677699999929, 35.8193939 ] } },
{ "type": "Feature", "properties": { "内容": "ケアリッツ東川口【訪問介護】埼玉県川口市戸塚2-25-16りとる欅２階", "url": "https://www.kaigokensaku.mhlw.go.jp/11/index.php?action_kouhyou_detail_004_kani=true&JigyosyoCd=1170208118-00&ServiceCd=110&Type=search", "url2": "https://www.careritz.co.jp/station/branch/higashikawaguchi/" }, "geometry": { "type": "Point", "coordinates": [ 139.747759843568588, 35.874751876379953 ] } },
{ "type": "Feature", "properties": { "内容": "星風会　訪問介護ステーション川口【訪問介護】埼玉県川口市上青木1-23-11カーサ・ラ・ヴィーダ川口", "url": "https://www.kaigokensaku.mhlw.go.jp/11/index.php?action_kouhyou_detail_004_kani=true&JigyosyoCd=1170208308-00&ServiceCd=110&Type=search", "url2": null }, "geometry": { "type": "Point", "coordinates": [ 139.7225947, 35.8231223 ] } },
{ "type": "Feature", "properties": { "内容": "ＳＯＭＰＯケア　川口上青木　訪問介護【訪問介護】埼玉県川口市上青木4丁目4-5", "url": "https://www.kaigokensaku.mhlw.go.jp/11/index.php?action_kouhyou_detail_004_kani=true&JigyosyoCd=1170205288-00&ServiceCd=110&Type=search", "url2": "https://www.amille.jp/home/rent/223" }, "geometry": { "type": "Point", "coordinates": [ 139.717748799999981, 35.8328055 ] } },
{ "type": "Feature", "properties": { "内容": "ひいらぎ【訪問介護】埼玉県川口市芝塚原2-2-23パークサイドマンション103号", "url": "https://www.kaigokensaku.mhlw.go.jp/11/index.php?action_kouhyou_detail_004_kani=true&JigyosyoCd=1170208795-00&ServiceCd=110&Type=search", "url2": null }, "geometry": { "type": "Point", "coordinates": [ 139.684592944247839, 35.837809734409106 ] } },
{ "type": "Feature", "properties": { "内容": "学研ココファン西川口ヘルパーセンター【訪問介護】川口市西川口2-7-21ココファン西川口", "url": "https://www.kaigokensaku.mhlw.go.jp/11/index.php?action_kouhyou_detail_004_kani=true&JigyosyoCd=1170205551-00&ServiceCd=110&Type=search", "url2": "http://www.cocofump.co.jp/" }, "geometry": { "type": "Point", "coordinates": [ 139.701084300000048, 35.8116283 ] } },
{ "type": "Feature", "properties": { "内容": "ウェルホーム+ヘルパーステーション川口【訪問介護】埼玉県川口市芝4丁目29番12号", "url": "https://www.kaigokensaku.mhlw.go.jp/11/index.php?action_kouhyou_detail_004_kani=true&JigyosyoCd=1170210189-00&ServiceCd=110&Type=search", "url2": null }, "geometry": { "type": "Point", "coordinates": [ 139.695550562939701, 35.833049772839097 ] } },
{ "type": "Feature", "properties": { "内容": "ケアリッツ川口【訪問介護】埼玉県川口市川口2-2-17岡嶋ビル１階", "url": "https://www.kaigokensaku.mhlw.go.jp/11/index.php?action_kouhyou_detail_004_kani=true&JigyosyoCd=1170208639-00&ServiceCd=110&Type=search", "url2": "https://www.careritz.co.jp/station/branch/kawaguchi/" }, "geometry": { "type": "Point", "coordinates": [ 139.717219300000011, 35.8004001 ] } },
{ "type": "Feature", "properties": { "内容": "ケアリッツ鳩ヶ谷【訪問介護】埼玉県川口市辻66-1メゾン辻101", "url": "https://www.kaigokensaku.mhlw.go.jp/11/index.php?action_kouhyou_detail_004_kani=true&JigyosyoCd=1170208621-00&ServiceCd=110&Type=search", "url2": "https://www.careritz.co.jp/station/branch/hatogaya/" }, "geometry": { "type": "Point", "coordinates": [ 139.737366400611705, 35.826582444871086 ] } },
{ "type": "Feature", "properties": { "内容": "ヘルパーステーション　シルバーホクソン【訪問介護】埼玉県川口市末広2-15-19グレイス小嶋１Ｆ", "url": "https://www.kaigokensaku.mhlw.go.jp/11/index.php?action_kouhyou_detail_004_kani=true&JigyosyoCd=1170200230-00&ServiceCd=110&Type=search", "url2": "http://www.hoxon.net/" }, "geometry": { "type": "Point", "coordinates": [ 139.737748, 35.803245 ] } },
{ "type": "Feature", "properties": { "内容": "愛・ほーむ【訪問介護】埼玉県川口市西青木4-6-30", "url": "https://www.kaigokensaku.mhlw.go.jp/11/index.php?action_kouhyou_detail_004_kani=true&JigyosyoCd=1170203515-00&ServiceCd=110&Type=search", "url2": null }, "geometry": { "type": "Point", "coordinates": [ 139.712987360022908, 35.819839389241558 ] } },
{ "type": "Feature", "properties": { "内容": "指定訪問介護アットプレオ石神【訪問介護】埼玉県川口市石神1573-10", "url": "https://www.kaigokensaku.mhlw.go.jp/11/index.php?action_kouhyou_detail_004_kani=true&JigyosyoCd=1170209587-00&ServiceCd=110&Type=search", "url2": null }, "geometry": { "type": "Point", "coordinates": [ 139.7423422, 35.8560633 ] } },
{ "type": "Feature", "properties": { "内容": "川口三ツ和訪問介護事業所【訪問介護】埼玉県川口市三ツ和1-4-21グランドマストやさしえ川口三ツ和", "url": "https://www.kaigokensaku.mhlw.go.jp/11/index.php?action_kouhyou_detail_004_kani=true&JigyosyoCd=1170207227-00&ServiceCd=110&Type=search", "url2": "http://www.yasashiite.com/subdomains/section/452/" }, "geometry": { "type": "Point", "coordinates": [ 139.739980400000036, 35.8236355 ] } },
{ "type": "Feature", "properties": { "内容": "有限会社　さくらあんしんサービス【訪問介護】埼玉県川口市南鳩ヶ谷２丁目６番５４号", "url": "https://www.kaigokensaku.mhlw.go.jp/11/index.php?action_kouhyou_detail_004_kani=true&JigyosyoCd=1172000372-00&ServiceCd=110&Type=search", "url2": "http://sakura-anshin.sakura.ne.jp" }, "geometry": { "type": "Point", "coordinates": [ 139.744477726003225, 35.819410313680038 ] } },
{ "type": "Feature", "properties": { "内容": "ホームヘルプサービス　ソラスト川口【訪問介護】埼玉県川口市弥平2-22-10", "url": "https://www.kaigokensaku.mhlw.go.jp/11/index.php?action_kouhyou_detail_004_kani=true&JigyosyoCd=1170206203-00&ServiceCd=110&Type=search", "url2": null }, "geometry": { "type": "Point", "coordinates": [ 139.7520022, 35.8007149 ] } },
{ "type": "Feature", "properties": { "内容": "まごころケアサービス【訪問介護】埼玉県川口市元郷5-6-1第三石峰ビル1F", "url": "https://www.kaigokensaku.mhlw.go.jp/11/index.php?action_kouhyou_detail_004_kani=true&JigyosyoCd=1170210106-00&ServiceCd=110&Type=search", "url2": null }, "geometry": { "type": "Point", "coordinates": [ 139.7382599, 35.8014184 ] } },
{ "type": "Feature", "properties": { "内容": "アイリング・サポート株式会社【訪問介護】川口市栄町2-7-16", "url": "https://www.kaigokensaku.mhlw.go.jp/11/index.php?action_kouhyou_detail_004_kani=true&JigyosyoCd=1170200735-00&ServiceCd=110&Type=search", "url2": null }, "geometry": { "type": "Point", "coordinates": [ 139.722806686105798, 35.802657807857791 ] } },
{ "type": "Feature", "properties": { "内容": "さくらケア【訪問介護】埼玉県川口市西川口4-7-17", "url": "https://www.kaigokensaku.mhlw.go.jp/11/index.php?action_kouhyou_detail_004_kani=true&JigyosyoCd=1170203879-00&ServiceCd=110&Type=search", "url2": null }, "geometry": { "type": "Point", "coordinates": [ 139.707644800000025, 35.810787 ] } },
{ "type": "Feature", "properties": { "内容": "医療生協さいたまヘルパーステーションすこやか【訪問介護】埼玉県川口市仲町１－３６", "url": "https://www.kaigokensaku.mhlw.go.jp/11/index.php?action_kouhyou_detail_004_kani=true&JigyosyoCd=1160290189-00&ServiceCd=110&Type=search", "url2": "http://www.mcp-saitama.or.jp/" }, "geometry": { "type": "Point", "coordinates": [ 139.708343895523086, 35.805597798842925 ] } },
{ "type": "Feature", "properties": { "内容": "ウェルハウス訪問介護事業所【訪問介護】埼玉県川口市木曽呂497番地12", "url": "https://www.kaigokensaku.mhlw.go.jp/11/index.php?action_kouhyou_detail_004_kani=true&JigyosyoCd=1170208126-00&ServiceCd=110&Type=search", "url2": "https://wellhouse1600.jp" }, "geometry": { "type": "Point", "coordinates": [ 139.728258808598298, 35.860874011349928 ] } },
{ "type": "Feature", "properties": { "内容": "愛サービス【訪問介護】埼玉県川口市芝富士1-20-9", "url": "https://www.kaigokensaku.mhlw.go.jp/11/index.php?action_kouhyou_detail_004_kani=true&JigyosyoCd=1170209975-00&ServiceCd=110&Type=search", "url2": null }, "geometry": { "type": "Point", "coordinates": [ 139.678144655173298, 35.832965199996949 ] } },
{ "type": "Feature", "properties": { "内容": "ヘルパーステーション　ボブ【訪問介護】川口市在家町26番地8コーポ北園101", "url": "https://www.kaigokensaku.mhlw.go.jp/11/index.php?action_kouhyou_detail_004_kani=true&JigyosyoCd=1170204844-00&ServiceCd=110&Type=search", "url2": null }, "geometry": { "type": "Point", "coordinates": [ 139.707826699999941, 35.8567302 ] } },
{ "type": "Feature", "properties": { "内容": "さわやかケア芝・訪問介護【訪問介護】川口市芝1-23-5ルミエール3番館　1階", "url": "https://www.kaigokensaku.mhlw.go.jp/11/index.php?action_kouhyou_detail_004_kani=true&JigyosyoCd=1170203176-00&ServiceCd=110&Type=search", "url2": "http://www.weicia-partners.co.jp" }, "geometry": { "type": "Point", "coordinates": [ 139.703163600000039, 35.8324499 ] } },
{ "type": "Feature", "properties": { "内容": "ヘルパーステーションケアハーモニー【訪問介護】埼玉県川口市桜町5-6-21レジデンスラクダザカ101", "url": "https://www.kaigokensaku.mhlw.go.jp/11/index.php?action_kouhyou_detail_004_kani=true&JigyosyoCd=1170205809-00&ServiceCd=110&Type=search", "url2": "https://sakamoto-fukushi.jp/" }, "geometry": { "type": "Point", "coordinates": [ 139.743082400000048, 35.8391191 ] } },
{ "type": "Feature", "properties": { "内容": "TFC鳩ケ谷ケアサービス【訪問介護】埼玉県川口市大字里１８２７－５メゾンパラビア１０１号室", "url": "https://www.kaigokensaku.mhlw.go.jp/11/index.php?action_kouhyou_detail_004_kani=true&JigyosyoCd=1170208852-00&ServiceCd=110&Type=search", "url2": "http://24care.co.jp/" }, "geometry": { "type": "Point", "coordinates": [ 139.734755735689191, 35.831668802450324 ] } },
{ "type": "Feature", "properties": { "内容": "ＮＰＯ法人ケアたつ【訪問介護】埼玉県川口市新堀５０－２", "url": "https://www.kaigokensaku.mhlw.go.jp/11/index.php?action_kouhyou_detail_004_kani=true&JigyosyoCd=1170203796-00&ServiceCd=110&Type=search", "url2": "http://www.care-tatsu.com" }, "geometry": { "type": "Point", "coordinates": [ 139.770960300000013, 35.8292917 ] } },
{ "type": "Feature", "properties": { "内容": "やさしい手川口幸町訪問介護事業所【訪問介護】川口市幸町2-2-16クレールマルシェ川口3階", "url": "https://www.kaigokensaku.mhlw.go.jp/11/index.php?action_kouhyou_detail_004_kani=true&JigyosyoCd=1170205031-00&ServiceCd=110&Type=search", "url2": "http://www.yasashiite.com/subdomains/section/174/" }, "geometry": { "type": "Point", "coordinates": [ 139.719507799999974, 35.805241 ] } },
{ "type": "Feature", "properties": { "内容": "ヘルパーステーションいぶき【訪問介護】埼玉県川口市木曽呂1347", "url": "https://www.kaigokensaku.mhlw.go.jp/11/index.php?action_kouhyou_detail_004_kani=true&JigyosyoCd=1170200883-00&ServiceCd=110&Type=search", "url2": null }, "geometry": { "type": "Point", "coordinates": [ 139.716917366270422, 35.85987081477888 ] } },
{ "type": "Feature", "properties": { "内容": "ハピネスケア株式会社　川口営業所【訪問介護】埼玉県川口市芝樋ノ爪2-14-2　2F", "url": "https://www.kaigokensaku.mhlw.go.jp/11/index.php?action_kouhyou_detail_004_kani=true&JigyosyoCd=1170200040-00&ServiceCd=110&Type=search", "url2": "http://www.hapiness-care.co.jp" }, "geometry": { "type": "Point", "coordinates": [ 139.688643021413327, 35.83502405526189 ] } },
{ "type": "Feature", "properties": { "内容": "ヘルパーステーション　ぴゅあ【訪問介護】埼玉県川口市芝3-15-10", "url": "https://www.kaigokensaku.mhlw.go.jp/11/index.php?action_kouhyou_detail_004_kani=true&JigyosyoCd=1170202103-00&ServiceCd=110&Type=search", "url2": "http://www.pure-homes.com" }, "geometry": { "type": "Point", "coordinates": [ 139.697654901520963, 35.834520625727997 ] } },
{ "type": "Feature", "properties": { "内容": "ハッピークローバー【訪問介護】埼玉県川口市東本郷２丁目１７番地３１号", "url": "https://www.kaigokensaku.mhlw.go.jp/11/index.php?action_kouhyou_detail_004_kani=true&JigyosyoCd=1170200420-00&ServiceCd=110&Type=search", "url2": null }, "geometry": { "type": "Point", "coordinates": [ 139.7587148, 35.8259441 ] } },
{ "type": "Feature", "properties": { "内容": "さわやかケア川口・訪問介護【訪問介護】埼玉県川口市幸町2-7-18フォレストビル1階-B", "url": "https://www.kaigokensaku.mhlw.go.jp/11/index.php?action_kouhyou_detail_004_kani=true&JigyosyoCd=1170203184-00&ServiceCd=110&Type=search", "url2": "http://www.welcia-partners.co.jp" }, "geometry": { "type": "Point", "coordinates": [ 139.719361899999967, 35.8071806 ] } },
{ "type": "Feature", "properties": { "内容": "ホームヘルプサービスひだまりの郷【訪問介護】埼玉県川口市上青木1－10－21", "url": "https://www.kaigokensaku.mhlw.go.jp/11/index.php?action_kouhyou_detail_004_kani=true&JigyosyoCd=1170209678-00&ServiceCd=110&Type=search", "url2": "http://www.kamiaoki-hidamari.com" }, "geometry": { "type": "Point", "coordinates": [ 139.7176869, 35.8250296 ] } },
{ "type": "Feature", "properties": { "内容": "サカモトケアサービス【訪問介護】川口市芝下3-1-44", "url": "https://www.kaigokensaku.mhlw.go.jp/11/index.php?action_kouhyou_detail_004_kani=true&JigyosyoCd=1170200941-00&ServiceCd=110&Type=search", "url2": "https://sakamoto-fukushi.jp/" }, "geometry": { "type": "Point", "coordinates": [ 139.699192, 35.8383019 ] } },
{ "type": "Feature", "properties": { "内容": "やさしい手川口芝新町訪問介護事業所【訪問介護】埼玉県川口市芝新町7ー6増田ビル3階", "url": "https://www.kaigokensaku.mhlw.go.jp/11/index.php?action_kouhyou_detail_004_kani=true&JigyosyoCd=1170201048-00&ServiceCd=110&Type=search", "url2": "https://search.yasashiite.com/detail/homonkaigo_kawaguchishibashinmachi/" }, "geometry": { "type": "Point", "coordinates": [ 139.692914044180299, 35.829201592867001 ] } },
{ "type": "Feature", "properties": { "内容": "ニチイケアセンター柳崎【訪問介護】埼玉県川口市柳崎5-1-1　ツカサビル1F", "url": "https://www.kaigokensaku.mhlw.go.jp/11/index.php?action_kouhyou_detail_004_kani=true&JigyosyoCd=1170200636-00&ServiceCd=110&Type=search", "url2": "http://www.nichiigakkan.co.jp" }, "geometry": { "type": "Point", "coordinates": [ 139.702605100000056, 35.8564492 ] } },
{ "type": "Feature", "properties": { "内容": "川口市社会福祉協議会【訪問介護】埼玉県川口市南鳩ヶ谷6-8-16やすらぎ会館", "url": "https://www.kaigokensaku.mhlw.go.jp/11/index.php?action_kouhyou_detail_004_kani=true&JigyosyoCd=1170200123-00&ServiceCd=110&Type=search", "url2": "http://www.kawaguchisyakyo.jp/" }, "geometry": { "type": "Point", "coordinates": [ 139.7355991, 35.819761199999981 ] } },
{ "type": "Feature", "properties": { "内容": "ヘルパーステーションきずな【訪問介護】埼玉県川口市弥平2-7-15マンションシラヌイ101", "url": "https://www.kaigokensaku.mhlw.go.jp/11/index.php?action_kouhyou_detail_004_kani=true&JigyosyoCd=1170208704-00&ServiceCd=110&Type=search", "url2": null }, "geometry": { "type": "Point", "coordinates": [ 139.748605330165276, 35.802997145072034 ] } },
{ "type": "Feature", "properties": { "内容": "ニチイケアセンター川口領家【訪問介護】埼玉県川口市領家２－１３－１３", "url": "https://www.kaigokensaku.mhlw.go.jp/11/index.php?action_kouhyou_detail_004_kani=true&JigyosyoCd=1170200628-00&ServiceCd=110&Type=search", "url2": "http://www.nichiigakkan.co.jp" }, "geometry": { "type": "Point", "coordinates": [ 139.741906100000051, 35.7941101 ] } },
{ "type": "Feature", "properties": { "内容": "ヘルパーステーション　しんせつ【訪問介護】川口市戸塚６丁目１１番２３号梅の木ハウス101", "url": "https://www.kaigokensaku.mhlw.go.jp/11/index.php?action_kouhyou_detail_004_kani=true&JigyosyoCd=1170202962-00&ServiceCd=110&Type=search", "url2": null }, "geometry": { "type": "Point", "coordinates": [ 139.7536284, 35.8624977 ] } },
{ "type": "Feature", "properties": { "内容": "JINエルダ【訪問介護】川口市石神2059番地サンマルコⅡ201号室", "url": "https://www.kaigokensaku.mhlw.go.jp/11/index.php?action_kouhyou_detail_004_kani=true&JigyosyoCd=1170205833-00&ServiceCd=110&Type=search", "url2": null }, "geometry": { "type": "Point", "coordinates": [ 139.747707173416075, 35.857563327911485 ] } },
{ "type": "Feature", "properties": { "内容": "大起エンゼルヘルプ　川口ケアセンター【訪問介護】埼玉県川口市芝園町3番12号棟101", "url": "https://www.kaigokensaku.mhlw.go.jp/11/index.php?action_kouhyou_detail_004_kani=true&JigyosyoCd=1170200842-00&ServiceCd=110&Type=search", "url2": "http://www.enzeru.co.jp/" }, "geometry": { "type": "Point", "coordinates": [ 139.684093931243893, 35.830958918501473 ] } },
{ "type": "Feature", "properties": { "内容": "介護老人福祉施設ベルホーム【訪問介護】埼玉県川口市辻９５８番地", "url": "https://www.kaigokensaku.mhlw.go.jp/11/index.php?action_kouhyou_detail_004_kani=true&JigyosyoCd=1172000174-00&ServiceCd=110&Type=search", "url2": "https://www.bellhome.jp/" }, "geometry": { "type": "Point", "coordinates": [ 139.73298090000003, 35.8282956 ] } },
{ "type": "Feature", "properties": { "内容": "学研ココファン川口榛松HC【訪問介護】川口市榛松1-3-32", "url": "https://www.kaigokensaku.mhlw.go.jp/11/index.php?action_kouhyou_detail_004_kani=true&JigyosyoCd=1170204984-00&ServiceCd=110&Type=search", "url2": "http://www.cocofump.co.jp" }, "geometry": { "type": "Point", "coordinates": [ 139.7712527, 35.8196543 ] } },
{ "type": "Feature", "properties": { "内容": "ヘルパーステーションＦＵＮＺ【訪問介護】埼玉県川口市南町２－６－４５", "url": "https://www.kaigokensaku.mhlw.go.jp/11/index.php?action_kouhyou_detail_004_kani=true&JigyosyoCd=1170201873-00&ServiceCd=110&Type=search", "url2": null }, "geometry": { "type": "Point", "coordinates": [ 139.7045425, 35.8052461 ] } },
{ "type": "Feature", "properties": { "内容": "ケアステーションおりーぶ【訪問介護】南前川２－２７－２６南前川タウンハイツ１０６号室", "url": "https://www.kaigokensaku.mhlw.go.jp/11/index.php?action_kouhyou_detail_004_kani=true&JigyosyoCd=1170209306-00&ServiceCd=110&Type=search", "url2": "http：//hp.kaipoke.biz/m2h/" }, "geometry": { "type": "Point", "coordinates": [ 139.7172272, 35.8361224 ] } },
{ "type": "Feature", "properties": { "内容": "アスモ介護サービス芝富士【訪問介護】埼玉県川口市芝富士2-10-40", "url": "https://www.kaigokensaku.mhlw.go.jp/11/index.php?action_kouhyou_detail_004_kani=true&JigyosyoCd=1170205528-00&ServiceCd=110&Type=search", "url2": null }, "geometry": { "type": "Point", "coordinates": [ 139.67857453876195, 35.835762182955143 ] } },
{ "type": "Feature", "properties": { "内容": "芝ケアステーション【訪問介護】埼玉県川口市芝2-13-23ファミーユ伸和1階－Ｃ", "url": "https://www.kaigokensaku.mhlw.go.jp/11/index.php?action_kouhyou_detail_004_kani=true&JigyosyoCd=1170207631-00&ServiceCd=110&Type=search", "url2": "http://24care.co.jp" }, "geometry": { "type": "Point", "coordinates": [ 139.6982312, 35.831128 ] } },
{ "type": "Feature", "properties": { "内容": "ミツワケアサービス【訪問介護】川口市西青木2-14-4", "url": "https://www.kaigokensaku.mhlw.go.jp/11/index.php?action_kouhyou_detail_004_kani=true&JigyosyoCd=1170201220-00&ServiceCd=110&Type=search", "url2": null }, "geometry": { "type": "Point", "coordinates": [ 139.714224599999966, 35.8157474 ] } },
{ "type": "Feature", "properties": { "内容": "なかよしヘルパーステーション【訪問介護】埼玉県川口市芝塚原2丁目8番22号", "url": "https://www.kaigokensaku.mhlw.go.jp/11/index.php?action_kouhyou_detail_004_kani=true&JigyosyoCd=1170204372-00&ServiceCd=110&Type=search", "url2": "https://www.nakayoshi-group.com/" }, "geometry": { "type": "Point", "coordinates": [ 139.681555259215997, 35.839796133755634 ] } },
{ "type": "Feature", "properties": { "内容": "さんしゃいん介護サービス【訪問介護】埼玉県川口市柳崎5丁目9番地9号コーポフラワーA棟103号室", "url": "https://www.kaigokensaku.mhlw.go.jp/11/index.php?action_kouhyou_detail_004_kani=true&JigyosyoCd=1170208324-00&ServiceCd=110&Type=search", "url2": null }, "geometry": { "type": "Point", "coordinates": [ 139.706201800000031, 35.8581439 ] } },
{ "type": "Feature", "properties": { "内容": "あったか介護【訪問介護】埼玉県川口市朝日3-13-9", "url": "https://www.kaigokensaku.mhlw.go.jp/11/index.php?action_kouhyou_detail_004_kani=true&JigyosyoCd=1170201840-00&ServiceCd=110&Type=search", "url2": null }, "geometry": { "type": "Point", "coordinates": [ 139.736091665620393, 35.810691448948674 ] } },
{ "type": "Feature", "properties": { "内容": "訪問介護事業所ケアーズ【訪問介護】埼玉県川口市長蔵２－１－１８コモ・スクエアA号室", "url": "https://www.kaigokensaku.mhlw.go.jp/11/index.php?action_kouhyou_detail_004_kani=true&JigyosyoCd=1170207110-00&ServiceCd=110&Type=search", "url2": "https://kkcares.co.jp/" }, "geometry": { "type": "Point", "coordinates": [ 139.7571753, 35.861 ] } },
{ "type": "Feature", "properties": { "内容": "訪問介護　三福【訪問介護】埼玉県川口市前川３－３－６熊木ハイツ１０３", "url": "https://www.kaigokensaku.mhlw.go.jp/11/index.php?action_kouhyou_detail_004_kani=true&JigyosyoCd=1170205759-00&ServiceCd=110&Type=search", "url2": null }, "geometry": { "type": "Point", "coordinates": [ 139.710793800000033, 35.83603 ] } },
{ "type": "Feature", "properties": { "内容": "ヘルパーステーションすまいる川口【訪問介護】川口市大字峯1371-13F", "url": "https://www.kaigokensaku.mhlw.go.jp/11/index.php?action_kouhyou_detail_004_kani=true&JigyosyoCd=1170205734-00&ServiceCd=110&Type=search", "url2": null }, "geometry": { "type": "Point", "coordinates": [ 139.772808173016301, 35.835008293807775 ] } },
{ "type": "Feature", "properties": { "内容": "ラック川口【訪問介護】川口市本町3-3-8", "url": "https://www.kaigokensaku.mhlw.go.jp/11/index.php?action_kouhyou_detail_004_kani=true&JigyosyoCd=1170201311-00&ServiceCd=110&Type=search", "url2": "http://www.lac1.com" }, "geometry": { "type": "Point", "coordinates": [ 139.722634143067921, 35.80019532999524 ] } },
{ "type": "Feature", "properties": { "内容": "訪問介護リハステップ【訪問介護】埼玉県川口市大字安行領根岸3026", "url": "https://www.kaigokensaku.mhlw.go.jp/11/index.php?action_kouhyou_detail_004_kani=true&JigyosyoCd=1170209249-00&ServiceCd=110&Type=search", "url2": "https://www.rehastep.jp/" }, "geometry": { "type": "Point", "coordinates": [ 139.7209717, 35.8390595 ] } },
{ "type": "Feature", "properties": { "内容": "ヘルパーステーションかるがも川口【訪問介護】埼玉県川口市榛松3-46-29", "url": "https://www.kaigokensaku.mhlw.go.jp/11/index.php?action_kouhyou_detail_004_kani=true&JigyosyoCd=1170206948-00&ServiceCd=110&Type=search", "url2": "https://www.carefriend.co.jp/company" }, "geometry": { "type": "Point", "coordinates": [ 139.780157300000042, 35.8251844 ] } },
{ "type": "Feature", "properties": { "内容": "ヘルパーステーション美海【訪問介護】埼玉県川口市石神731", "url": "https://www.kaigokensaku.mhlw.go.jp/11/index.php?action_kouhyou_detail_004_kani=true&JigyosyoCd=1170209355-00&ServiceCd=110&Type=search", "url2": null }, "geometry": { "type": "Point", "coordinates": [ 139.7361004, 35.8612558 ] } },
{ "type": "Feature", "properties": { "内容": "ルーエンハイム川口訪問介護センター【訪問介護】埼玉県川口市上青木6-15-18", "url": "https://www.kaigokensaku.mhlw.go.jp/11/index.php?action_kouhyou_detail_004_kani=true&JigyosyoCd=1170208233-00&ServiceCd=110&Type=search", "url2": "http://www.enzel.jp/" }, "geometry": { "type": "Point", "coordinates": [ 139.719659699999966, 35.8346858 ] } },
{ "type": "Feature", "properties": { "内容": "ヘルパーステーションかずき【訪問介護】川口市本町4-5-262903", "url": "https://www.kaigokensaku.mhlw.go.jp/11/index.php?action_kouhyou_detail_004_kani=true&JigyosyoCd=1170205536-00&ServiceCd=110&Type=search", "url2": null }, "geometry": { "type": "Point", "coordinates": [ 139.721553300000011, 35.8007017 ] } },
{ "type": "Feature", "properties": { "内容": "株式会社モアニコミュニケーションズ【訪問介護】埼玉県川口市石神609まちの保険室・石神", "url": "https://www.kaigokensaku.mhlw.go.jp/11/index.php?action_kouhyou_detail_004_kani=true&JigyosyoCd=1170210171-00&ServiceCd=110&Type=search", "url2": null }, "geometry": { "type": "Point", "coordinates": [ 139.732828186508186, 35.860094640105281 ] } },
{ "type": "Feature", "properties": { "内容": "ヘルパーステーションみどり【訪問介護】埼玉県川口市芝樋の爪１－９－１３", "url": "https://www.kaigokensaku.mhlw.go.jp/11/index.php?action_kouhyou_detail_004_kani=true&JigyosyoCd=1171400300-00&ServiceCd=110&Type=search", "url2": null }, "geometry": { "type": "Point", "coordinates": [ 139.6896517258117, 35.832555953148443 ] } },
{ "type": "Feature", "properties": { "内容": "訪問介護事業所くおら【訪問介護】埼玉県川口市上青木6-12-2光ハイツ102", "url": "https://www.kaigokensaku.mhlw.go.jp/11/index.php?action_kouhyou_detail_004_kani=true&JigyosyoCd=1170208332-00&ServiceCd=110&Type=search", "url2": "https://h-qol.jp" }, "geometry": { "type": "Point", "coordinates": [ 139.7197625, 35.8336526 ] } },
{ "type": "Feature", "properties": { "内容": "愛　訪問介護事業所【訪問介護】青木5丁目5番31ー308", "url": "https://www.kaigokensaku.mhlw.go.jp/11/index.php?action_kouhyou_detail_004_kani=true&JigyosyoCd=1170210346-00&ServiceCd=110&Type=search", "url2": null }, "geometry": { "type": "Point", "coordinates": [ 139.7211002, 35.8183035 ] } },
{ "type": "Feature", "properties": { "内容": "ラック【訪問介護】埼玉県川口市南前川2-17-7田村ビル1F", "url": "https://www.kaigokensaku.mhlw.go.jp/11/index.php?action_kouhyou_detail_004_kani=true&JigyosyoCd=1170207243-00&ServiceCd=110&Type=search", "url2": "http://www.lac-co.jp/" }, "geometry": { "type": "Point", "coordinates": [ 139.71082720000004, 35.8326305 ] } },
{ "type": "Feature", "properties": { "内容": "日介センター川口【訪問介護】埼玉県川口市飯塚３－８－１７", "url": "https://www.kaigokensaku.mhlw.go.jp/11/index.php?action_kouhyou_detail_004_kani=true&JigyosyoCd=1170210445-00&ServiceCd=110&Type=search", "url2": "https://nkc.securesite.jp/nkchp/top/" }, "geometry": { "type": "Point", "coordinates": [ 139.7109361, 35.8009382 ] } },
{ "type": "Feature", "properties": { "内容": "訪問介護事業所すみれ【訪問介護】埼玉県川口市赤井1-16-7メゾンKI　101", "url": "https://www.kaigokensaku.mhlw.go.jp/11/index.php?action_kouhyou_detail_004_kani=true&JigyosyoCd=1170207565-00&ServiceCd=110&Type=search", "url2": null }, "geometry": { "type": "Point", "coordinates": [ 139.707427100000018, 35.846625899999978 ] } },
{ "type": "Feature", "properties": { "内容": "ヘルパーステーション　リズム【訪問介護】埼玉県川口市上青木5-20-15", "url": "https://www.kaigokensaku.mhlw.go.jp/11/index.php?action_kouhyou_detail_004_kani=true&JigyosyoCd=1170204760-00&ServiceCd=110&Type=search", "url2": null }, "geometry": { "type": "Point", "coordinates": [ 139.725837798735853, 35.832361169234623 ] } },
{ "type": "Feature", "properties": { "内容": "ナーシングステーションmomo訪問介護【訪問介護】埼玉県川口市戸塚5丁目15番13号", "url": "https://www.kaigokensaku.mhlw.go.jp/11/index.php?action_kouhyou_detail_004_kani=true&JigyosyoCd=1170210411-00&ServiceCd=110&Type=search", "url2": null }, "geometry": { "type": "Point", "coordinates": [ 139.7496518, 35.866241 ] } },
{ "type": "Feature", "properties": { "内容": "えむ介護サービス【訪問介護】埼玉県川口市芝4415-2", "url": "https://www.kaigokensaku.mhlw.go.jp/11/index.php?action_kouhyou_detail_004_kani=true&JigyosyoCd=1170209322-00&ServiceCd=110&Type=search", "url2": null }, "geometry": { "type": "Point", "coordinates": [ 139.692934793246366, 35.841675086051119 ] } },
{ "type": "Feature", "properties": { "内容": "山桜＠訪問介護ステーション【訪問介護】東本郷2033-1江端ビル2階", "url": "https://www.kaigokensaku.mhlw.go.jp/11/index.php?action_kouhyou_detail_004_kani=true&JigyosyoCd=1170208225-00&ServiceCd=110&Type=search", "url2": null }, "geometry": { "type": "Point", "coordinates": [ 139.760288690212974, 35.824392863185111 ] } },
{ "type": "Feature", "properties": { "内容": "なないろ光【訪問介護】埼玉県川口市芝3-22-15メゾンドナガセ１階", "url": "https://www.kaigokensaku.mhlw.go.jp/11/index.php?action_kouhyou_detail_004_kani=true&JigyosyoCd=1170210403-00&ServiceCd=110&Type=search", "url2": "http://nanairohikari.com" }, "geometry": { "type": "Point", "coordinates": [ 139.6986542, 35.8354015 ] } },
{ "type": "Feature", "properties": { "内容": "埼玉県川口市戸塚東1－8－18宮本店舗101【訪問介護】戸塚東1-8-18宮本店舗101", "url": "https://www.kaigokensaku.mhlw.go.jp/11/index.php?action_kouhyou_detail_004_kani=true&JigyosyoCd=1170205825-00&ServiceCd=110&Type=search", "url2": null }, "geometry": { "type": "Point", "coordinates": [ 139.750723071163918, 35.874435608485619 ] } },
{ "type": "Feature", "properties": { "内容": "訪問介護りあん【訪問介護】芝樋ノ爪1-11-33", "url": "https://www.kaigokensaku.mhlw.go.jp/11/index.php?action_kouhyou_detail_004_kani=true&JigyosyoCd=1170208449-00&ServiceCd=110&Type=search", "url2": null }, "geometry": { "type": "Point", "coordinates": [ 139.689561508598359, 35.832835450913777 ] } },
{ "type": "Feature", "properties": { "内容": "まざーずはうすかわぐち【訪問介護】大字伊刈1510-1マザーズハウス川口", "url": "https://www.kaigokensaku.mhlw.go.jp/11/index.php?action_kouhyou_detail_004_kani=true&JigyosyoCd=1170207219-00&ServiceCd=110&Type=search", "url2": null }, "geometry": { "type": "Point", "coordinates": [ 139.6814947, 35.8460212 ] } },
{ "type": "Feature", "properties": { "内容": "ブレーメン訪問介護【訪問介護】埼玉県川口市石神1950-18", "url": "https://www.kaigokensaku.mhlw.go.jp/11/index.php?action_kouhyou_detail_004_kani=true&JigyosyoCd=1170209876-00&ServiceCd=110&Type=search", "url2": null }, "geometry": { "type": "Point", "coordinates": [ 139.7468572, 35.8562231 ] } },
{ "type": "Feature", "properties": { "内容": "じぇいここ　ごうどうかいしゃ【訪問介護】埼玉県川口市大字道合７６番地の９戸建て", "url": "https://www.kaigokensaku.mhlw.go.jp/11/index.php?action_kouhyou_detail_004_kani=true&JigyosyoCd=1170210429-00&ServiceCd=110&Type=search", "url2": null }, "geometry": { "type": "Point", "coordinates": [ 139.711713300000014, 35.8504243 ] } },
{ "type": "Feature", "properties": { "内容": "ヒカリかがやく川口【訪問介護】埼玉県川口市幸町2-13-5コア幸町402", "url": "https://www.kaigokensaku.mhlw.go.jp/11/index.php?action_kouhyou_detail_004_kani=true&JigyosyoCd=1170210015-00&ServiceCd=110&Type=search", "url2": "https://care-wing.co.jp/" }, "geometry": { "type": "Point", "coordinates": [ 139.7196829, 35.8076615 ] } },
{ "type": "Feature", "properties": { "内容": "ライブラリ鳩ケ谷【訪問介護】埼玉県川口市大字里310-1ライブラリ鳩ケ谷", "url": "https://www.kaigokensaku.mhlw.go.jp/11/index.php?action_kouhyou_detail_004_kani=true&JigyosyoCd=1170208977-00&ServiceCd=110&Type=search", "url2": "http://www.living-platform.com/" }, "geometry": { "type": "Point", "coordinates": [ 139.7286846, 35.8376192 ] } },
{ "type": "Feature", "properties": { "内容": "ハート&ハート【訪問介護】埼玉県川口市東領家5-11-4サンハイツイワミ101", "url": "https://www.kaigokensaku.mhlw.go.jp/11/index.php?action_kouhyou_detail_004_kani=true&JigyosyoCd=1170210072-00&ServiceCd=110&Type=search", "url2": null }, "geometry": { "type": "Point", "coordinates": [ 139.753927800000014, 35.7877644 ] } },
{ "type": "Feature", "properties": { "内容": "チイキ　ケアセンター川口元郷【訪問介護】川口市元郷6-12-15サンシティー201", "url": "https://www.kaigokensaku.mhlw.go.jp/11/index.php?action_kouhyou_detail_004_kani=true&JigyosyoCd=1170209686-00&ServiceCd=110&Type=search", "url2": "https://www.chiiki1.jｐ" }, "geometry": { "type": "Point", "coordinates": [ 139.7446639, 35.7992383 ] } },
{ "type": "Feature", "properties": { "内容": "在宅介護センターゆうゆう【訪問介護】埼玉県川口市大字安行原930-48", "url": "https://www.kaigokensaku.mhlw.go.jp/11/index.php?action_kouhyou_detail_004_kani=true&JigyosyoCd=1171800442-00&ServiceCd=110&Type=search", "url2": "https://yuyu-ee.com/" }, "geometry": { "type": "Point", "coordinates": [ 139.7728008, 35.841646 ] } },
{ "type": "Feature", "properties": { "内容": "パーソナルアシスタントぎょうだ【訪問介護】埼玉県行田市向町21-37", "url": "https://www.kaigokensaku.mhlw.go.jp/11/index.php?action_kouhyou_detail_004_kani=true&JigyosyoCd=1173700640-00&ServiceCd=110&Type=search", "url2": "http://cil-hikousen.jp/" }, "geometry": { "type": "Point", "coordinates": [ 139.466400884670264, 36.137472741029242 ] } },
{ "type": "Feature", "properties": { "内容": "けあビジョン行田駅前【訪問介護】棚田町１丁目11-13キャッスル行田　２０２号", "url": "https://www.kaigokensaku.mhlw.go.jp/11/index.php?action_kouhyou_detail_004_kani=true&JigyosyoCd=1173701242-00&ServiceCd=110&Type=search", "url2": null }, "geometry": { "type": "Point", "coordinates": [ 139.4331575, 36.1238089 ] } },
{ "type": "Feature", "properties": { "内容": "ケアサポート恵愛【訪問介護】埼玉県行田市桜町3-10-20", "url": "https://www.kaigokensaku.mhlw.go.jp/11/index.php?action_kouhyou_detail_004_kani=true&JigyosyoCd=1173701119-00&ServiceCd=110&Type=search", "url2": "https://npo-keiai.com" }, "geometry": { "type": "Point", "coordinates": [ 139.471608300000014, 36.14563 ] } },
{ "type": "Feature", "properties": { "内容": "緑風苑ホームヘルプサービス【訪問介護】埼玉県行田市佐間2-2-18", "url": "https://www.kaigokensaku.mhlw.go.jp/11/index.php?action_kouhyou_detail_004_kani=true&JigyosyoCd=1173700079-00&ServiceCd=110&Type=search", "url2": "http://www.seikoukai.com" }, "geometry": { "type": "Point", "coordinates": [ 139.466606670038772, 36.131612292850207 ] } },
{ "type": "Feature", "properties": { "内容": "訪問介護四ツ葉【訪問介護】埼玉県行田市向町25－20－1Fレオドリーム行田", "url": "https://www.kaigokensaku.mhlw.go.jp/11/index.php?action_kouhyou_detail_004_kani=true&JigyosyoCd=1173701028-00&ServiceCd=110&Type=search", "url2": "http://orange-llc.net" }, "geometry": { "type": "Point", "coordinates": [ 139.467853399999967, 36.1360422 ] } },
{ "type": "Feature", "properties": { "内容": "ヘルパーステーションさきたま【訪問介護】埼玉県行田市本丸18-3", "url": "https://www.kaigokensaku.mhlw.go.jp/11/index.php?action_kouhyou_detail_004_kani=true&JigyosyoCd=1173700251-00&ServiceCd=110&Type=search", "url2": null }, "geometry": { "type": "Point", "coordinates": [ 139.454215200000021, 36.137057 ] } },
{ "type": "Feature", "properties": { "内容": "フルークホームケアサービス【訪問介護】埼玉県行田市野1087番地1", "url": "https://www.kaigokensaku.mhlw.go.jp/11/index.php?action_kouhyou_detail_004_kani=true&JigyosyoCd=1173701168-00&ServiceCd=110&Type=search", "url2": null }, "geometry": { "type": "Point", "coordinates": [ 139.4926716, 36.106227 ] } },
{ "type": "Feature", "properties": { "内容": "訪問介護ステーション　壮幸会【訪問介護】埼玉県行田市下忍1162-14", "url": "https://www.kaigokensaku.mhlw.go.jp/11/index.php?action_kouhyou_detail_004_kani=true&JigyosyoCd=1173700137-00&ServiceCd=110&Type=search", "url2": null }, "geometry": { "type": "Point", "coordinates": [ 139.46176, 36.1189434 ] } },
{ "type": "Feature", "properties": { "内容": "ふぁみぃゆほうもんかいご【訪問介護】埼玉県行田市下須戸65-1", "url": "https://www.kaigokensaku.mhlw.go.jp/11/index.php?action_kouhyou_detail_004_kani=true&JigyosyoCd=1173700814-00&ServiceCd=110&Type=search", "url2": "http://famille-gyoda.com" }, "geometry": { "type": "Point", "coordinates": [ 139.510725603843611, 36.138020827330919 ] } },
{ "type": "Feature", "properties": { "内容": "ニチイケアセンター忍【訪問介護】埼玉県行田市忍1-5-10ｶﾙﾀｯｸﾏﾝｼｮﾝ105", "url": "https://www.kaigokensaku.mhlw.go.jp/11/index.php?action_kouhyou_detail_004_kani=true&JigyosyoCd=1173701051-00&ServiceCd=110&Type=search", "url2": "http://www.nichigakkann.co.jp" }, "geometry": { "type": "Point", "coordinates": [ 139.457513, 36.1407217 ] } },
{ "type": "Feature", "properties": { "内容": "株式会社　あさひケアサービス【訪問介護】埼玉県行田市持田２４２０ヴィラージュ・ショウエイ内", "url": "https://www.kaigokensaku.mhlw.go.jp/11/index.php?action_kouhyou_detail_004_kani=true&JigyosyoCd=1173102094-00&ServiceCd=110&Type=search", "url2": null }, "geometry": { "type": "Point", "coordinates": [ 139.434579, 36.1307796 ] } },
{ "type": "Feature", "properties": { "内容": "介護サービスひまわり【訪問介護】埼玉県行田市長野４丁目１９番地１０パークハイムＡ－103号室", "url": "https://www.kaigokensaku.mhlw.go.jp/11/index.php?action_kouhyou_detail_004_kani=true&JigyosyoCd=1173700533-00&ServiceCd=110&Type=search", "url2": null }, "geometry": { "type": "Point", "coordinates": [ 139.4770658, 36.1386721 ] } },
{ "type": "Feature", "properties": { "内容": "まきば園ホームヘルパーステーション【訪問介護】埼玉県行田市白川戸２７５", "url": "https://www.kaigokensaku.mhlw.go.jp/11/index.php?action_kouhyou_detail_004_kani=true&JigyosyoCd=1173700186-00&ServiceCd=110&Type=search", "url2": "https://makibaen.com/" }, "geometry": { "type": "Point", "coordinates": [ 139.468198900000061, 36.1624025 ] } },
{ "type": "Feature", "properties": { "内容": "訪問介護ほっと【訪問介護】埼玉県行田市城西3-12-31ピュア城西203", "url": "https://www.kaigokensaku.mhlw.go.jp/11/index.php?action_kouhyou_detail_004_kani=true&JigyosyoCd=1173701374-00&ServiceCd=110&Type=search", "url2": null }, "geometry": { "type": "Point", "coordinates": [ 139.446796850926233, 36.138749025936363 ] } },
{ "type": "Feature", "properties": { "内容": "ヘルパーステーションひとはな【訪問介護】棚田町一丁目１１番１２号パーシモンヴィラ101号室", "url": "https://www.kaigokensaku.mhlw.go.jp/11/index.php?action_kouhyou_detail_004_kani=true&JigyosyoCd=1173701309-00&ServiceCd=110&Type=search", "url2": "https://helper-hitohana.com" }, "geometry": { "type": "Point", "coordinates": [ 139.4345274, 36.124065 ] } },
{ "type": "Feature", "properties": { "内容": "けあビジョン行田【訪問介護】埼玉県行田市行田7-2　３階", "url": "https://www.kaigokensaku.mhlw.go.jp/11/index.php?action_kouhyou_detail_004_kani=true&JigyosyoCd=1173700665-00&ServiceCd=110&Type=search", "url2": "http://www.visualvision.co.jp" }, "geometry": { "type": "Point", "coordinates": [ 139.459515177384901, 36.139302109028144 ] } },
{ "type": "Feature", "properties": { "内容": "ケアセンターこころ・行田【訪問介護】埼玉県行田市長野２－６－２７シルバーリゾートこころ・行田", "url": "https://www.kaigokensaku.mhlw.go.jp/11/index.php?action_kouhyou_detail_004_kani=true&JigyosyoCd=1173701150-00&ServiceCd=110&Type=search", "url2": "https://www.oneresort.co.jp/kokorogyoda" }, "geometry": { "type": "Point", "coordinates": [ 139.4699593, 36.1409203 ] } },
{ "type": "Feature", "properties": { "内容": "生協ちちぶケアステーション訪問介護【訪問介護】秩父市阿保町1-11", "url": "https://www.kaigokensaku.mhlw.go.jp/11/index.php?action_kouhyou_detail_004_kani=true&JigyosyoCd=1174900058-00&ServiceCd=110&Type=search", "url2": "https://www.mcp-saitama-kaigo.com/office/chichibu-care/" }, "geometry": { "type": "Point", "coordinates": [ 139.087372286690737, 36.013802999872752 ] } },
{ "type": "Feature", "properties": { "内容": "けあビジョン秩父【訪問介護】埼玉県秩父市番場町15-10サンクレイン番場102号室", "url": "https://www.kaigokensaku.mhlw.go.jp/11/index.php?action_kouhyou_detail_004_kani=true&JigyosyoCd=1174900835-00&ServiceCd=110&Type=search", "url2": null }, "geometry": { "type": "Point", "coordinates": [ 139.083231899999987, 35.9945564 ] } },
{ "type": "Feature", "properties": { "内容": "ヘルパーステーション楓【訪問介護】埼玉県秩父市荒川上田野772-1", "url": "https://www.kaigokensaku.mhlw.go.jp/11/index.php?action_kouhyou_detail_004_kani=true&JigyosyoCd=1174901130-00&ServiceCd=110&Type=search", "url2": "http:/www.chichibu-seihoukai.net/" }, "geometry": { "type": "Point", "coordinates": [ 139.042669, 35.9596112 ] } },
{ "type": "Feature", "properties": { "内容": "秩父市ヘルパーステーション【訪問介護】埼玉県秩父市蒔田１９７７番地", "url": "https://www.kaigokensaku.mhlw.go.jp/11/index.php?action_kouhyou_detail_004_kani=true&JigyosyoCd=1174900710-00&ServiceCd=110&Type=search", "url2": "http://www.chichibu.ne.jp/~honobono/" }, "geometry": { "type": "Point", "coordinates": [ 139.0826604, 36.0323728 ] } },
{ "type": "Feature", "properties": { "内容": "社会福祉法人　秩父市社会福祉協議会訪問介護事業所【訪問介護】埼玉県秩父市野坂町１丁目１３番１４号", "url": "https://www.kaigokensaku.mhlw.go.jp/11/index.php?action_kouhyou_detail_004_kani=true&JigyosyoCd=1174900496-00&ServiceCd=110&Type=search", "url2": "http://www.chichibu-syakyou.jp/" }, "geometry": { "type": "Point", "coordinates": [ 139.082378299999959, 35.9870806 ] } },
{ "type": "Feature", "properties": { "内容": "介護老人保健施設うらら【訪問介護】秩父市中村町３－６－２４", "url": "https://www.kaigokensaku.mhlw.go.jp/11/index.php?action_kouhyou_detail_004_kani=true&JigyosyoCd=1154980025-00&ServiceCd=110&Type=search", "url2": "http://www.shunjinkai.or.jp/" }, "geometry": { "type": "Point", "coordinates": [ 139.073867599999971, 36.0002957 ] } },
{ "type": "Feature", "properties": { "内容": "さくら・介護ステーション秩父東【訪問介護】埼玉県秩父市中村町3-7-18", "url": "https://www.kaigokensaku.mhlw.go.jp/11/index.php?action_kouhyou_detail_004_kani=true&JigyosyoCd=1174901197-00&ServiceCd=110&Type=search", "url2": null }, "geometry": { "type": "Point", "coordinates": [ 139.074397294911165, 36.000961525281561 ] } },
{ "type": "Feature", "properties": { "内容": "訪問介護　うるおい【訪問介護】埼玉県秩父市中村町3丁目20番12号ｳﾞｨﾗｴﾄﾜｰﾙ101号", "url": "https://www.kaigokensaku.mhlw.go.jp/11/index.php?action_kouhyou_detail_004_kani=true&JigyosyoCd=1174901221-00&ServiceCd=110&Type=search", "url2": null }, "geometry": { "type": "Point", "coordinates": [ 139.07125, 35.9974858 ] } },
{ "type": "Feature", "properties": { "内容": "ヘルパーセンターあおば【訪問介護】秩父市小柱１９６", "url": "https://www.kaigokensaku.mhlw.go.jp/11/index.php?action_kouhyou_detail_004_kani=true&JigyosyoCd=1174900538-00&ServiceCd=110&Type=search", "url2": "https://aoba-home.com/" }, "geometry": { "type": "Point", "coordinates": [ 139.084267700000026, 36.0633712 ] } },
{ "type": "Feature", "properties": { "内容": "和らぎサポートセンター【訪問介護】埼玉県秩父市上影森５０３番地１０", "url": "https://www.kaigokensaku.mhlw.go.jp/11/index.php?action_kouhyou_detail_004_kani=true&JigyosyoCd=1174900405-00&ServiceCd=110&Type=search", "url2": null }, "geometry": { "type": "Point", "coordinates": [ 139.061983202411938, 35.967585941246121 ] } },
{ "type": "Feature", "properties": { "内容": "有限会社大島介護大島介護サービスセンター【訪問介護】秩父市寺尾44-4番地", "url": "https://www.kaigokensaku.mhlw.go.jp/11/index.php?action_kouhyou_detail_004_kani=true&JigyosyoCd=1174800357-00&ServiceCd=110&Type=search", "url2": null }, "geometry": { "type": "Point", "coordinates": [ 139.094653048088844, 36.050971314605832 ] } },
{ "type": "Feature", "properties": { "内容": "藤の花【訪問介護】埼玉県秩父市日野田町2-14-5", "url": "https://www.kaigokensaku.mhlw.go.jp/11/index.php?action_kouhyou_detail_004_kani=true&JigyosyoCd=1174900611-00&ServiceCd=110&Type=search", "url2": "http://www.kazahara.com" }, "geometry": { "type": "Point", "coordinates": [ 139.0802787, 35.9828337 ] } },
{ "type": "Feature", "properties": { "内容": "あしたばサービス【訪問介護】埼玉県秩父市桜木町21-3", "url": "https://www.kaigokensaku.mhlw.go.jp/11/index.php?action_kouhyou_detail_004_kani=true&JigyosyoCd=1174900892-00&ServiceCd=110&Type=search", "url2": null }, "geometry": { "type": "Point", "coordinates": [ 139.084027830807059, 36.004874769590884 ] } },
{ "type": "Feature", "properties": { "内容": "訪問介護　久保田屋【訪問介護】埼玉県秩父市日野田町1丁目6番5号", "url": "https://www.kaigokensaku.mhlw.go.jp/11/index.php?action_kouhyou_detail_004_kani=true&JigyosyoCd=1174901015-00&ServiceCd=110&Type=search", "url2": null }, "geometry": { "type": "Point", "coordinates": [ 139.079982446032773, 35.983769532824425 ] } },
{ "type": "Feature", "properties": { "内容": "所沢ケアセンターそよ風【訪問介護】埼玉県所沢市上新井5-7-12", "url": "https://www.kaigokensaku.mhlw.go.jp/11/index.php?action_kouhyou_detail_004_kani=true&JigyosyoCd=1172501767-00&ServiceCd=110&Type=search", "url2": "http://www.unimat-rc.co.jp/" }, "geometry": { "type": "Point", "coordinates": [ 139.455692, 35.7940608 ] } },
{ "type": "Feature", "properties": { "内容": "ヘルパーステーションねこの手【訪問介護】所沢市小手指元町2-29-120", "url": "https://www.kaigokensaku.mhlw.go.jp/11/index.php?action_kouhyou_detail_004_kani=true&JigyosyoCd=1172503516-00&ServiceCd=110&Type=search", "url2": "https://www.yumeclub.jp" }, "geometry": { "type": "Point", "coordinates": [ 139.456799845121736, 35.797194470183285 ] } },
{ "type": "Feature", "properties": { "内容": "けあビジョン東所沢【訪問介護】埼玉県所沢市東所沢１－８－３第２４北斗ビル　１０１", "url": "https://www.kaigokensaku.mhlw.go.jp/11/index.php?action_kouhyou_detail_004_kani=true&JigyosyoCd=1172503904-00&ServiceCd=110&Type=search", "url2": "carev.higashitokorozawa@kvisualvision.com" }, "geometry": { "type": "Point", "coordinates": [ 139.514467200000013, 35.7968676 ] } },
{ "type": "Feature", "properties": { "内容": "さわやかケア所沢・訪問介護【訪問介護】埼玉県所沢市御幸町13-4シンセカンドビル203号室", "url": "https://www.kaigokensaku.mhlw.go.jp/11/index.php?action_kouhyou_detail_004_kani=true&JigyosyoCd=1172502344-00&ServiceCd=110&Type=search", "url2": "http://www.tepco-partners.co.jp/" }, "geometry": { "type": "Point", "coordinates": [ 139.470028071163938, 35.792685352333137 ] } },
{ "type": "Feature", "properties": { "内容": "ヘルパーステーション　みんなの介護【訪問介護】埼玉県所沢市大字山口２７８３番地９", "url": "https://www.kaigokensaku.mhlw.go.jp/11/index.php?action_kouhyou_detail_004_kani=true&JigyosyoCd=1172501544-00&ServiceCd=110&Type=search", "url2": null }, "geometry": { "type": "Point", "coordinates": [ 139.437110800000028, 35.7766463 ] } },
{ "type": "Feature", "properties": { "内容": "訪問介護事業所虹【訪問介護】埼玉県所沢市下安松1482番地21", "url": "https://www.kaigokensaku.mhlw.go.jp/11/index.php?action_kouhyou_detail_004_kani=true&JigyosyoCd=1172505990-00&ServiceCd=110&Type=search", "url2": null }, "geometry": { "type": "Point", "coordinates": [ 139.5028196, 35.793801900000034 ] } },
{ "type": "Feature", "properties": { "内容": "おひさま介護サービス所沢【訪問介護】埼玉県所沢市くすのき台3-4-6エシール所沢103", "url": "https://www.kaigokensaku.mhlw.go.jp/11/index.php?action_kouhyou_detail_004_kani=true&JigyosyoCd=1172505552-00&ServiceCd=110&Type=search", "url2": "http://www.elderly.jp/" }, "geometry": { "type": "Point", "coordinates": [ 139.736874199999988, 35.9843936 ] } },
{ "type": "Feature", "properties": { "内容": "医心館訪問介護ステーション小手指【訪問介護】埼玉県所沢市小手指町３丁目26番地の５", "url": "https://www.kaigokensaku.mhlw.go.jp/11/index.php?action_kouhyou_detail_004_kani=true&JigyosyoCd=1172506246-00&ServiceCd=110&Type=search", "url2": null }, "geometry": { "type": "Point", "coordinates": [ 139.438981796295195, 35.799094644331475 ] } },
{ "type": "Feature", "properties": { "内容": "よりそい福祉サービス【訪問介護】所沢市寿町27番7－1605", "url": "https://www.kaigokensaku.mhlw.go.jp/11/index.php?action_kouhyou_detail_004_kani=true&JigyosyoCd=1172503029-00&ServiceCd=110&Type=search", "url2": null }, "geometry": { "type": "Point", "coordinates": [ 139.467507699999942, 35.7917421 ] } },
{ "type": "Feature", "properties": { "内容": "ニチイケアセンタ－新所沢【訪問介護】埼玉県所沢市松葉町24-12BeiAirGardenIX地下1階", "url": "https://www.kaigokensaku.mhlw.go.jp/11/index.php?action_kouhyou_detail_004_kani=true&JigyosyoCd=1172505628-00&ServiceCd=110&Type=search", "url2": "www.nichiigakkan.co.jp" }, "geometry": { "type": "Point", "coordinates": [ 139.4574467, 35.8092229 ] } },
{ "type": "Feature", "properties": { "内容": "訪問介護事業所　桑の実ヘルパーステーション【訪問介護】所沢市東狭山ヶ丘６－２８３５－２", "url": "https://www.kaigokensaku.mhlw.go.jp/11/index.php?action_kouhyou_detail_004_kani=true&JigyosyoCd=1172500512-00&ServiceCd=110&Type=search", "url2": "http://www.kuwanomi.or.jp" }, "geometry": { "type": "Point", "coordinates": [ 139.424324279692911, 35.815113169065818 ] } },
{ "type": "Feature", "properties": { "内容": "訪問介護ステーション蓮華草【訪問介護】小手指町3丁目28-15パークヒルズ小手指102号", "url": "https://www.kaigokensaku.mhlw.go.jp/11/index.php?action_kouhyou_detail_004_kani=true&JigyosyoCd=1172505800-00&ServiceCd=110&Type=search", "url2": "https://bellvie.co.jp" }, "geometry": { "type": "Point", "coordinates": [ 139.439273, 35.7986259 ] } },
{ "type": "Feature", "properties": { "内容": "ヘルパーステーション　フラワー【訪問介護】埼玉県所沢市下安松1521番地1", "url": "https://www.kaigokensaku.mhlw.go.jp/11/index.php?action_kouhyou_detail_004_kani=true&JigyosyoCd=1172504324-00&ServiceCd=110&Type=search", "url2": "toko-hana@dion.ne.jp" }, "geometry": { "type": "Point", "coordinates": [ 139.500001900000029, 35.792354 ] } },
{ "type": "Feature", "properties": { "内容": "アスモ介護サービスくすのき【訪問介護】埼玉県所沢市旭町7-14", "url": "https://www.kaigokensaku.mhlw.go.jp/11/index.php?action_kouhyou_detail_004_kani=true&JigyosyoCd=1172503979-00&ServiceCd=110&Type=search", "url2": null }, "geometry": { "type": "Point", "coordinates": [ 139.47582639999996, 35.7906147 ] } },
{ "type": "Feature", "properties": { "内容": "スマイル介護サービス【訪問介護】所沢市下安松205-50サンアレイ101", "url": "https://www.kaigokensaku.mhlw.go.jp/11/index.php?action_kouhyou_detail_004_kani=true&JigyosyoCd=1172500983-00&ServiceCd=110&Type=search", "url2": null }, "geometry": { "type": "Point", "coordinates": [ 139.508729200000062, 35.7847357 ] } },
{ "type": "Feature", "properties": { "内容": "ヘルパーステーション　まあち【訪問介護】埼玉県所沢市向陽町2001-3", "url": "https://www.kaigokensaku.mhlw.go.jp/11/index.php?action_kouhyou_detail_004_kani=true&JigyosyoCd=1172500637-00&ServiceCd=110&Type=search", "url2": "http://saitamakoureikyo.com/" }, "geometry": { "type": "Point", "coordinates": [ 139.451021800000035, 35.8099309 ] } },
{ "type": "Feature", "properties": { "内容": "株式会社ニチイ学館　ニチイケアセンター三ケ島【訪問介護】所沢市三ケ島4丁目2241-3三ケ島山本オフィス1階6号室", "url": "https://www.kaigokensaku.mhlw.go.jp/11/index.php?action_kouhyou_detail_004_kani=true&JigyosyoCd=1172505610-00&ServiceCd=110&Type=search", "url2": null }, "geometry": { "type": "Point", "coordinates": [ 139.414759, 35.800112 ] } },
{ "type": "Feature", "properties": { "内容": "エイジング介護サービス【訪問介護】埼玉県所沢市所沢新町２４６０－３", "url": "https://www.kaigokensaku.mhlw.go.jp/11/index.php?action_kouhyou_detail_004_kani=true&JigyosyoCd=1172503169-00&ServiceCd=110&Type=search", "url2": "https://agingsupport.jp/" }, "geometry": { "type": "Point", "coordinates": [ 139.458706799999987, 35.8176418 ] } },
{ "type": "Feature", "properties": { "内容": "あさがおホットステーション【訪問介護】埼玉県所沢市北岩岡455-14", "url": "https://www.kaigokensaku.mhlw.go.jp/11/index.php?action_kouhyou_detail_004_kani=true&JigyosyoCd=1172501445-00&ServiceCd=110&Type=search", "url2": null }, "geometry": { "type": "Point", "coordinates": [ 139.448410812489357, 35.822887383459431 ] } },
{ "type": "Feature", "properties": { "内容": "ヘルパーステーションゆうらく東所沢【訪問介護】埼玉県所沢市東所沢２－３３－８パレスサンヴェールⅠ　102", "url": "https://www.kaigokensaku.mhlw.go.jp/11/index.php?action_kouhyou_detail_004_kani=true&JigyosyoCd=1172505446-00&ServiceCd=110&Type=search", "url2": "https://eastmanrights.co.jp/" }, "geometry": { "type": "Point", "coordinates": [ 139.516326299999946, 35.8000742 ] } },
{ "type": "Feature", "properties": { "内容": "あどらいふ訪問介護ステーション【訪問介護】埼玉県所沢市中新井３丁目２番１５号ヴィラ中新井１号室", "url": "https://www.kaigokensaku.mhlw.go.jp/11/index.php?action_kouhyou_detail_004_kani=true&JigyosyoCd=1172506022-00&ServiceCd=110&Type=search", "url2": null }, "geometry": { "type": "Point", "coordinates": [ 139.468811599223386, 35.816520133948721 ] } },
{ "type": "Feature", "properties": { "内容": "訪問介護事業所　桑の実中央ヘルパーステーション【訪問介護】埼玉県所沢市小手指町４－１８－１レジデンシャル小手指Ｓａｋｕｒａ", "url": "https://www.kaigokensaku.mhlw.go.jp/11/index.php?action_kouhyou_detail_004_kani=true&JigyosyoCd=1172501809-00&ServiceCd=110&Type=search", "url2": "http://www.kuwanomi.or.jp" }, "geometry": { "type": "Point", "coordinates": [ 139.43574134281269, 35.797012251367079 ] } },
{ "type": "Feature", "properties": { "内容": "ＳＯＭＰＯケア　所沢　訪問介護【訪問介護】くすのき台3-1-2中村ビル４階　４F-A号室", "url": "https://www.kaigokensaku.mhlw.go.jp/11/index.php?action_kouhyou_detail_004_kani=true&JigyosyoCd=1172505461-00&ServiceCd=110&Type=search", "url2": "https://www.sompocare.com" }, "geometry": { "type": "Point", "coordinates": [ 139.476545118192121, 35.787112655477351 ] } },
{ "type": "Feature", "properties": { "内容": "医心館訪問介護ステーション所沢【訪問介護】埼玉県所沢市北秋津822番", "url": "https://www.kaigokensaku.mhlw.go.jp/11/index.php?action_kouhyou_detail_004_kani=true&JigyosyoCd=1172506295-00&ServiceCd=110&Type=search", "url2": null }, "geometry": { "type": "Point", "coordinates": [ 139.480109757750341, 35.785025189507202 ] } },
{ "type": "Feature", "properties": { "内容": "ケア２1所沢【訪問介護】埼玉県所沢市並木3-1所沢パークタウン駅前通り第4号棟109号", "url": "https://www.kaigokensaku.mhlw.go.jp/11/index.php?action_kouhyou_detail_004_kani=true&JigyosyoCd=1172506113-00&ServiceCd=110&Type=search", "url2": "https://www.care21.co.jp" }, "geometry": { "type": "Point", "coordinates": [ 139.468828300000013, 35.8009777 ] } },
{ "type": "Feature", "properties": { "内容": "アスモ介護サービス上山口【訪問介護】埼玉県所沢市上山口1665-6エクセレンス関谷Ｂ102", "url": "https://www.kaigokensaku.mhlw.go.jp/11/index.php?action_kouhyou_detail_004_kani=true&JigyosyoCd=1172503961-00&ServiceCd=110&Type=search", "url2": null }, "geometry": { "type": "Point", "coordinates": [ 139.42225110000004, 35.7750573 ] } },
{ "type": "Feature", "properties": { "内容": "ファインケア所沢【訪問介護】埼玉県所沢市東所沢1-3-14増田ビル201号室", "url": "https://www.kaigokensaku.mhlw.go.jp/11/index.php?action_kouhyou_detail_004_kani=true&JigyosyoCd=1172503649-00&ServiceCd=110&Type=search", "url2": "http:///www.finecare.co.jp" }, "geometry": { "type": "Point", "coordinates": [ 139.512797428625021, 35.795999089700288 ] } },
{ "type": "Feature", "properties": { "内容": "ニチイケアセンター北秋津【訪問介護】所沢市北秋津７７８－４９　粕谷ビル1F", "url": "https://www.kaigokensaku.mhlw.go.jp/11/index.php?action_kouhyou_detail_004_kani=true&JigyosyoCd=1172503078-00&ServiceCd=110&Type=search", "url2": "http://www.nichiigakkan.co.jp" }, "geometry": { "type": "Point", "coordinates": [ 139.477996, 35.7839657 ] } },
{ "type": "Feature", "properties": { "内容": "あしたかケアステーション【訪問介護】所沢市山口1254-4細谷ビル203", "url": "https://www.kaigokensaku.mhlw.go.jp/11/index.php?action_kouhyou_detail_004_kani=true&JigyosyoCd=1172503177-00&ServiceCd=110&Type=search", "url2": null }, "geometry": { "type": "Point", "coordinates": [ 139.440771665953889, 35.779107257890438 ] } },
{ "type": "Feature", "properties": { "内容": "訪問介護ステーション　アリスの夢【訪問介護】埼玉県所沢市小手指南4-13-6大館ビル", "url": "https://www.kaigokensaku.mhlw.go.jp/11/index.php?action_kouhyou_detail_004_kani=true&JigyosyoCd=1172500991-00&ServiceCd=110&Type=search", "url2": "http://www.alice-no-yume.co.jp/" }, "geometry": { "type": "Point", "coordinates": [ 139.43229980000001, 35.787292 ] } },
{ "type": "Feature", "properties": { "内容": "ホームヘルパーステーションロイヤルの園【訪問介護】埼玉県所沢市北野三丁目1番地22", "url": "https://www.kaigokensaku.mhlw.go.jp/11/index.php?action_kouhyou_detail_004_kani=true&JigyosyoCd=1172500348-00&ServiceCd=110&Type=search", "url2": "http://www.wam-town.jp/tokorozawa-sono/" }, "geometry": { "type": "Point", "coordinates": [ 139.4191174, 35.7969323 ] } },
{ "type": "Feature", "properties": { "内容": "ニチイケアセンター狭山ヶ丘【訪問介護】埼玉県所沢市狭山ヶ丘1-2980-47レアル101", "url": "https://www.kaigokensaku.mhlw.go.jp/11/index.php?action_kouhyou_detail_004_kani=true&JigyosyoCd=1172501395-00&ServiceCd=110&Type=search", "url2": "http://www.nichiigakkan.co.jp" }, "geometry": { "type": "Point", "coordinates": [ 139.417558699999972, 35.8093558 ] } },
{ "type": "Feature", "properties": { "内容": "つばき訪問介護【訪問介護】埼玉県所沢市和ケ原2-136-4パールハイツB棟101号", "url": "https://www.kaigokensaku.mhlw.go.jp/11/index.php?action_kouhyou_detail_004_kani=true&JigyosyoCd=1172505719-00&ServiceCd=110&Type=search", "url2": null }, "geometry": { "type": "Point", "coordinates": [ 139.4094872, 35.8085478 ] } },
{ "type": "Feature", "properties": { "内容": "介護センターけやき【訪問介護】埼玉県所沢市三ケ島5-1256-2", "url": "https://www.kaigokensaku.mhlw.go.jp/11/index.php?action_kouhyou_detail_004_kani=true&JigyosyoCd=1172501106-00&ServiceCd=110&Type=search", "url2": "http://www.marunaka-gdn.jp" }, "geometry": { "type": "Point", "coordinates": [ 139.40253867249146, 35.79026956112466 ] } },
{ "type": "Feature", "properties": { "内容": "ヘルパーステーション所沢けやき【訪問介護】埼玉県所沢市三ヶ島５－551ケアハウス所沢けやき内", "url": "https://www.kaigokensaku.mhlw.go.jp/11/index.php?action_kouhyou_detail_004_kani=true&JigyosyoCd=1172502690-00&ServiceCd=110&Type=search", "url2": "http://www.keyaki.or.jp" }, "geometry": { "type": "Point", "coordinates": [ 139.402422, 35.7883106 ] } },
{ "type": "Feature", "properties": { "内容": "所沢市社会福祉協議会訪問介護事業所【訪問介護】埼玉県所沢市上安松1224-1所沢市保健センター内1階", "url": "https://www.kaigokensaku.mhlw.go.jp/11/index.php?action_kouhyou_detail_004_kani=true&JigyosyoCd=1172500033-00&ServiceCd=110&Type=search", "url2": "https://www.toko-shakyo.or.jp/" }, "geometry": { "type": "Point", "coordinates": [ 139.480696534515346, 35.791820818313752 ] } },
{ "type": "Feature", "properties": { "内容": "悠生苑訪問介護サービス【訪問介護】埼玉県所沢市小手指町３丁目２３ー６", "url": "https://www.kaigokensaku.mhlw.go.jp/11/index.php?action_kouhyou_detail_004_kani=true&JigyosyoCd=1172502948-00&ServiceCd=110&Type=search", "url2": "http://www.medicar-h.co.jp/" }, "geometry": { "type": "Point", "coordinates": [ 139.437770038640338, 35.797945930632416 ] } },
{ "type": "Feature", "properties": { "内容": "有限会社　ケアプラザ【訪問介護】所沢市北秋津７９１－２増田ビル２０１号", "url": "https://www.kaigokensaku.mhlw.go.jp/11/index.php?action_kouhyou_detail_004_kani=true&JigyosyoCd=1172500132-00&ServiceCd=110&Type=search", "url2": "http://careplaza.net/" }, "geometry": { "type": "Point", "coordinates": [ 139.4778073, 35.7851844 ] } },
{ "type": "Feature", "properties": { "内容": "ＮＰＯ法人所沢オハナ【訪問介護】東狭山ヶ丘1丁目21-21プチキャロット１０１", "url": "https://www.kaigokensaku.mhlw.go.jp/11/index.php?action_kouhyou_detail_004_kani=true&JigyosyoCd=1172504480-00&ServiceCd=110&Type=search", "url2": "http://www.facebook.com/tokorozawaohana" }, "geometry": { "type": "Point", "coordinates": [ 139.416180899999972, 35.8126804 ] } },
{ "type": "Feature", "properties": { "内容": "ヘルパーステーションとこしん【訪問介護】所沢市宮本町2-23-34", "url": "https://www.kaigokensaku.mhlw.go.jp/11/index.php?action_kouhyou_detail_004_kani=true&JigyosyoCd=1172501114-00&ServiceCd=110&Type=search", "url2": "http://www.mcp-saitama.or.jp" }, "geometry": { "type": "Point", "coordinates": [ 139.460730399999989, 35.7957718 ] } },
{ "type": "Feature", "properties": { "内容": "ケアステーションイーライフ【訪問介護】西狭山ヶ丘1-256-1第2新井コーポ103号室", "url": "https://www.kaigokensaku.mhlw.go.jp/11/index.php?action_kouhyou_detail_004_kani=true&JigyosyoCd=1172506030-00&ServiceCd=110&Type=search", "url2": null }, "geometry": { "type": "Point", "coordinates": [ 139.608137900000031, 35.86869990000001 ] } },
{ "type": "Feature", "properties": { "内容": "所沢介護支援サービス【訪問介護】埼玉県所沢市小手指町2-13-8", "url": "https://www.kaigokensaku.mhlw.go.jp/11/index.php?action_kouhyou_detail_004_kani=true&JigyosyoCd=1172500827-00&ServiceCd=110&Type=search", "url2": "http://kaigo21.com/" }, "geometry": { "type": "Point", "coordinates": [ 139.436293400000068, 35.8050759 ] } },
{ "type": "Feature", "properties": { "内容": "ニチイケアセンター所沢【訪問介護】所沢市荒幡１９５－１", "url": "https://www.kaigokensaku.mhlw.go.jp/11/index.php?action_kouhyou_detail_004_kani=true&JigyosyoCd=1172500322-00&ServiceCd=110&Type=search", "url2": "http://www.nichiigakkan.co.jp" }, "geometry": { "type": "Point", "coordinates": [ 139.451337200000012, 35.7799017 ] } },
{ "type": "Feature", "properties": { "内容": "東京海上日動みずたま介護ＳＴ小手指【訪問介護】埼玉県所沢市小手指町4-19-1アーバンガーデン１階", "url": "https://www.kaigokensaku.mhlw.go.jp/11/index.php?action_kouhyou_detail_004_kani=true&JigyosyoCd=1172506048-00&ServiceCd=110&Type=search", "url2": "https://www.tnbls.co.jp/mizutama/stations/kotesashi/" }, "geometry": { "type": "Point", "coordinates": [ 139.4361357, 35.7984232 ] } },
{ "type": "Feature", "properties": { "内容": "もみの木指定訪問介護事業所【訪問介護】埼玉県所沢市中新井2-296-4", "url": "https://www.kaigokensaku.mhlw.go.jp/11/index.php?action_kouhyou_detail_004_kani=true&JigyosyoCd=1172504399-00&ServiceCd=110&Type=search", "url2": "http://www.g-mominoki.net/" }, "geometry": { "type": "Point", "coordinates": [ 139.468656799999962, 35.8172304 ] } },
{ "type": "Feature", "properties": { "内容": "東京海上日動みずたま介護ST所沢【訪問介護】埼玉県所沢市北秋津720-1カデール細淵ﾋﾞﾙ101", "url": "https://www.kaigokensaku.mhlw.go.jp/11/index.php?action_kouhyou_detail_004_kani=true&JigyosyoCd=1172505115-00&ServiceCd=110&Type=search", "url2": "https://www.mizutama-kaigo.jp/stations/tokorozawa/" }, "geometry": { "type": "Point", "coordinates": [ 139.476460805662612, 35.784054177073926 ] } },
{ "type": "Feature", "properties": { "内容": "東京海上日動みずたま介護ＳＴ新所沢【訪問介護】埼玉県所沢市泉町1850-4ユーワビル2階", "url": "https://www.kaigokensaku.mhlw.go.jp/11/index.php?action_kouhyou_detail_004_kani=true&JigyosyoCd=1172505123-00&ServiceCd=110&Type=search", "url2": "http://www.mizutama-kaigo.jp/stations/shintokorozawa/" }, "geometry": { "type": "Point", "coordinates": [ 139.457663799999978, 35.8011848 ] } },
{ "type": "Feature", "properties": { "内容": "ケアリッツ新所沢【訪問介護】埼玉県所沢市松葉町19-13アーガスヒルズ51-B1階", "url": "https://www.kaigokensaku.mhlw.go.jp/11/index.php?action_kouhyou_detail_004_kani=true&JigyosyoCd=1172506147-00&ServiceCd=110&Type=search", "url2": "https://www.careritz.co.jp/station/branch/shintokorozawa/" }, "geometry": { "type": "Point", "coordinates": [ 139.457854420237737, 35.807134029458553 ] } },
{ "type": "Feature", "properties": { "内容": "ケアリッツ所沢【訪問介護】埼玉県所沢市東町16-6東美荘202", "url": "https://www.kaigokensaku.mhlw.go.jp/11/index.php?action_kouhyou_detail_004_kani=true&JigyosyoCd=1172506105-00&ServiceCd=110&Type=search", "url2": "https://www.careritz.co.jp/station/branch/tokorozawa/" }, "geometry": { "type": "Point", "coordinates": [ 139.473261544162938, 35.790241637463723 ] } },
{ "type": "Feature", "properties": { "内容": "セレニティケアステーション狭山ヶ丘【訪問介護】埼玉県所沢市東狭山ヶ丘二丁目878-4", "url": "https://www.kaigokensaku.mhlw.go.jp/11/index.php?action_kouhyou_detail_004_kani=true&JigyosyoCd=1172506428-00&ServiceCd=110&Type=search", "url2": "https://www.ns-care-saitama.jp/" }, "geometry": { "type": "Point", "coordinates": [ 139.419807938195277, 35.811494222855003 ] } },
{ "type": "Feature", "properties": { "内容": "アイ福祉ケアサポート【訪問介護】埼玉県所沢市東狭山ヶ丘2丁目704-28", "url": "https://www.kaigokensaku.mhlw.go.jp/11/index.php?action_kouhyou_detail_004_kani=true&JigyosyoCd=1172505743-00&ServiceCd=110&Type=search", "url2": "i-fukushi.co,jp" }, "geometry": { "type": "Point", "coordinates": [ 139.4116591, 35.8114179 ] } },
{ "type": "Feature", "properties": { "内容": "よしかわ訪問介護ステーション歩【訪問介護】埼玉県所沢市東狭山ケ丘4-2660-3", "url": "https://www.kaigokensaku.mhlw.go.jp/11/index.php?action_kouhyou_detail_004_kani=true&JigyosyoCd=1172506071-00&ServiceCd=110&Type=search", "url2": null }, "geometry": { "type": "Point", "coordinates": [ 139.427823459805921, 35.808750372371875 ] } },
{ "type": "Feature", "properties": { "内容": "ケア・ブリッジ【訪問介護】埼玉県所沢市本郷600-5", "url": "https://www.kaigokensaku.mhlw.go.jp/11/index.php?action_kouhyou_detail_004_kani=true&JigyosyoCd=1172506451-00&ServiceCd=110&Type=search", "url2": null }, "geometry": { "type": "Point", "coordinates": [ 139.5236075, 35.7929352 ] } },
{ "type": "Feature", "properties": { "内容": "えがお介護サポート【訪問介護】埼玉県所沢市和ヶ原1-3031-66", "url": "https://www.kaigokensaku.mhlw.go.jp/11/index.php?action_kouhyou_detail_004_kani=true&JigyosyoCd=1172504340-00&ServiceCd=110&Type=search", "url2": null }, "geometry": { "type": "Point", "coordinates": [ 139.410731341911287, 35.806036842871805 ] } },
{ "type": "Feature", "properties": { "内容": "介護支援センター　ゴウパパ【訪問介護】埼玉県所沢市西所沢1丁目26-1SAI西所沢806", "url": "https://www.kaigokensaku.mhlw.go.jp/11/index.php?action_kouhyou_detail_004_kani=true&JigyosyoCd=1172501213-00&ServiceCd=110&Type=search", "url2": null }, "geometry": { "type": "Point", "coordinates": [ 139.459335291251676, 35.79105554378927 ] } },
{ "type": "Feature", "properties": { "内容": "医療法人社団白報会　訪問介護ステーションしらこばと所沢【訪問介護】埼玉県所沢市松葉町17-15ニューアーバン第一ビル3階", "url": "https://www.kaigokensaku.mhlw.go.jp/11/index.php?action_kouhyou_detail_004_kani=true&JigyosyoCd=1172503557-00&ServiceCd=110&Type=search", "url2": null }, "geometry": { "type": "Point", "coordinates": [ 139.457608100000016, 35.8075118 ] } },
{ "type": "Feature", "properties": { "内容": "株式会社フルヤ　所沢ケアサービス【訪問介護】埼玉県所沢市御幸町６番２号ＫＦビル６階", "url": "https://www.kaigokensaku.mhlw.go.jp/11/index.php?action_kouhyou_detail_004_kani=true&JigyosyoCd=1172500330-00&ServiceCd=110&Type=search", "url2": null }, "geometry": { "type": "Point", "coordinates": [ 139.469585300000062, 35.791108900000019 ] } },
{ "type": "Feature", "properties": { "内容": "さくら・介護ステーション所沢駅前【訪問介護】埼玉県所沢市くすのき台三丁目7-8T・Iビル201号室", "url": "https://www.kaigokensaku.mhlw.go.jp/11/index.php?action_kouhyou_detail_004_kani=true&JigyosyoCd=1172505420-00&ServiceCd=110&Type=search", "url2": "https://sakura-mondex.co.jp/" }, "geometry": { "type": "Point", "coordinates": [ 139.4770631, 35.7879128 ] } },
{ "type": "Feature", "properties": { "内容": "ホームヘルパーステーション敦徳園【訪問介護】埼玉県飯能市永田５２７－２", "url": "https://www.kaigokensaku.mhlw.go.jp/11/index.php?action_kouhyou_detail_004_kani=true&JigyosyoCd=1172600254-00&ServiceCd=110&Type=search", "url2": "http://www.genseikai.or.jp/" }, "geometry": { "type": "Point", "coordinates": [ 139.2958539, 35.8616292 ] } },
{ "type": "Feature", "properties": { "内容": "医療生協さいたま　ヘルパーステーションはんのう【訪問介護】埼玉県飯能市双柳１５０－２３　２階", "url": "https://www.kaigokensaku.mhlw.go.jp/11/index.php?action_kouhyou_detail_004_kani=true&JigyosyoCd=1172600395-00&ServiceCd=110&Type=search", "url2": "https://www.mcp-saitama-kaigo.com/office/hannou/" }, "geometry": { "type": "Point", "coordinates": [ 139.328706199999942, 35.8539228 ] } },
{ "type": "Feature", "properties": { "内容": "たんぽぽ訪問介護事業所【訪問介護】飯能市落合291-1", "url": "https://www.kaigokensaku.mhlw.go.jp/11/index.php?action_kouhyou_detail_004_kani=true&JigyosyoCd=1172600072-00&ServiceCd=110&Type=search", "url2": "http://care-net.biz/11/tanpopo/" }, "geometry": { "type": "Point", "coordinates": [ 139.321275075393714, 35.833686512057582 ] } },
{ "type": "Feature", "properties": { "内容": "訪問介護名栗園【訪問介護】埼玉県飯能市下名栗460", "url": "https://www.kaigokensaku.mhlw.go.jp/11/index.php?action_kouhyou_detail_004_kani=true&JigyosyoCd=1172600247-00&ServiceCd=110&Type=search", "url2": "http://www.nagurien.or.jp" }, "geometry": { "type": "Point", "coordinates": [ 139.187196399999948, 35.8699511 ] } },
{ "type": "Feature", "properties": { "内容": "訪問介護ゆーもあ【訪問介護】埼玉県飯能市双柳８７－１３アウトレット１０３", "url": "https://www.kaigokensaku.mhlw.go.jp/11/index.php?action_kouhyou_detail_004_kani=true&JigyosyoCd=1172600916-00&ServiceCd=110&Type=search", "url2": "https://www.scptr.co.jp" }, "geometry": { "type": "Point", "coordinates": [ 139.327555086508141, 35.854549083174646 ] } },
{ "type": "Feature", "properties": { "内容": "ましばヘルパーステーション【訪問介護】埼玉県飯能市緑町7番地6", "url": "https://www.kaigokensaku.mhlw.go.jp/11/index.php?action_kouhyou_detail_004_kani=true&JigyosyoCd=1172600551-00&ServiceCd=110&Type=search", "url2": null }, "geometry": { "type": "Point", "coordinates": [ 139.330501169759088, 35.852736106026725 ] } },
{ "type": "Feature", "properties": { "内容": "訪問介護らぽーる【訪問介護】埼玉県飯能市笠縫102-1", "url": "https://www.kaigokensaku.mhlw.go.jp/11/index.php?action_kouhyou_detail_004_kani=true&JigyosyoCd=1172601104-00&ServiceCd=110&Type=search", "url2": null }, "geometry": { "type": "Point", "coordinates": [ 139.328262099999961, 35.8422664 ] } },
{ "type": "Feature", "properties": { "内容": "訪問介護の寛ぎケアサービスほっと【訪問介護】埼玉県飯能市双柳893-14A102", "url": "https://www.kaigokensaku.mhlw.go.jp/11/index.php?action_kouhyou_detail_004_kani=true&JigyosyoCd=1172600999-00&ServiceCd=110&Type=search", "url2": null }, "geometry": { "type": "Point", "coordinates": [ 139.342560700000035, 35.848254400000016 ] } },
{ "type": "Feature", "properties": { "内容": "訪問ヘルパーステーション小室【訪問介護】埼玉県飯能市八幡町２番３号小室クリニック２Ｆ", "url": "https://www.kaigokensaku.mhlw.go.jp/11/index.php?action_kouhyou_detail_004_kani=true&JigyosyoCd=1172600411-00&ServiceCd=110&Type=search", "url2": "http://www.komuro-med.or.jp" }, "geometry": { "type": "Point", "coordinates": [ 139.320062499999949, 35.853847500000015 ] } },
{ "type": "Feature", "properties": { "内容": "さくら・介護ステーション飯能【訪問介護】埼玉県飯能市緑町11番8号", "url": "https://www.kaigokensaku.mhlw.go.jp/11/index.php?action_kouhyou_detail_004_kani=true&JigyosyoCd=1172600759-00&ServiceCd=110&Type=search", "url2": "http://www.sakurakaigo.co.jp/" }, "geometry": { "type": "Point", "coordinates": [ 139.332274351061301, 35.852626554433158 ] } },
{ "type": "Feature", "properties": { "内容": "訪問介護ゆうしん【訪問介護】埼玉県飯能市緑町5-12オークパレス東飯能102", "url": "https://www.kaigokensaku.mhlw.go.jp/11/index.php?action_kouhyou_detail_004_kani=true&JigyosyoCd=1172601260-00&ServiceCd=110&Type=search", "url2": "http://kaigo-yushin.jimdosite.com" }, "geometry": { "type": "Point", "coordinates": [ 139.330839200000014, 35.8536934 ] } },
{ "type": "Feature", "properties": { "内容": "訪問介護事業所和み加須【訪問介護】埼玉県加須市富士見町12-32", "url": "https://www.kaigokensaku.mhlw.go.jp/11/index.php?action_kouhyou_detail_004_kani=true&JigyosyoCd=1173801083-00&ServiceCd=110&Type=search", "url2": "https://nagomi753.co.jp/" }, "geometry": { "type": "Point", "coordinates": [ 139.592711132788082, 36.121838164937394 ] } },
{ "type": "Feature", "properties": { "内容": "SOMPOケア　加須　訪問介護【訪問介護】埼玉県加須市三俣1丁目2番地７国分貸店舗", "url": "https://www.kaigokensaku.mhlw.go.jp/11/index.php?action_kouhyou_detail_004_kani=true&JigyosyoCd=1173801364-00&ServiceCd=110&Type=search", "url2": "https://www.sompocare.com" }, "geometry": { "type": "Point", "coordinates": [ 139.6010973, 36.1322908 ] } },
{ "type": "Feature", "properties": { "内容": "アースサポート加須【訪問介護】埼玉県加須市中央2丁目7番7号", "url": "https://www.kaigokensaku.mhlw.go.jp/11/index.php?action_kouhyou_detail_004_kani=true&JigyosyoCd=1173801240-00&ServiceCd=110&Type=search", "url2": "https://www.earthsupport.co.jp" }, "geometry": { "type": "Point", "coordinates": [ 139.597861599999987, 36.1253943 ] } },
{ "type": "Feature", "properties": { "内容": "訪問介護レジデンス加須【訪問介護】埼玉県加須市諏訪1丁目6番28号", "url": "https://www.kaigokensaku.mhlw.go.jp/11/index.php?action_kouhyou_detail_004_kani=true&JigyosyoCd=1173801398-00&ServiceCd=110&Type=search", "url2": "senior-life.jp/service" }, "geometry": { "type": "Point", "coordinates": [ 139.598922499999958, 36.130821399999967 ] } },
{ "type": "Feature", "properties": { "内容": "有限会社　寿宝会【訪問介護】埼玉県加須市志多見１９７５－２", "url": "https://www.kaigokensaku.mhlw.go.jp/11/index.php?action_kouhyou_detail_004_kani=true&JigyosyoCd=1173800333-00&ServiceCd=110&Type=search", "url2": null }, "geometry": { "type": "Point", "coordinates": [ 139.569281199999978, 36.1366726 ] } },
{ "type": "Feature", "properties": { "内容": "加須市社協騎西ヘルパーステーション【訪問介護】埼玉県加須市騎西36-1", "url": "https://www.kaigokensaku.mhlw.go.jp/11/index.php?action_kouhyou_detail_004_kani=true&JigyosyoCd=1173800614-00&ServiceCd=110&Type=search", "url2": null }, "geometry": { "type": "Point", "coordinates": [ 139.574314733065791, 36.102001846998832 ] } },
{ "type": "Feature", "properties": { "内容": "加須市社協北川辺ヘルパーステーション【訪問介護】加須市柳生66番地１", "url": "https://www.kaigokensaku.mhlw.go.jp/11/index.php?action_kouhyou_detail_004_kani=true&JigyosyoCd=1173800622-00&ServiceCd=110&Type=search", "url2": null }, "geometry": { "type": "Point", "coordinates": [ 139.667918150401306, 36.190570169997201 ] } },
{ "type": "Feature", "properties": { "内容": "けあビジョン加須【訪問介護】埼玉県加須市久下3-3-8コーポチャオ　　1-B", "url": "https://www.kaigokensaku.mhlw.go.jp/11/index.php?action_kouhyou_detail_004_kani=true&JigyosyoCd=1173800424-00&ServiceCd=110&Type=search", "url2": null }, "geometry": { "type": "Point", "coordinates": [ 139.612343499999952, 36.1222729 ] } },
{ "type": "Feature", "properties": { "内容": "医心館訪問介護ステーション加須【訪問介護】埼玉県加須市不動岡1丁目2番40号", "url": "https://www.kaigokensaku.mhlw.go.jp/11/index.php?action_kouhyou_detail_004_kani=true&JigyosyoCd=1173801737-00&ServiceCd=110&Type=search", "url2": null }, "geometry": { "type": "Point", "coordinates": [ 139.591509546696443, 36.13150016981411 ] } },
{ "type": "Feature", "properties": { "内容": "ヘルパーステーションつばさ【訪問介護】三俣1-33-1ニューマリッチ加須101号室", "url": "https://www.kaigokensaku.mhlw.go.jp/11/index.php?action_kouhyou_detail_004_kani=true&JigyosyoCd=1173801588-00&ServiceCd=110&Type=search", "url2": null }, "geometry": { "type": "Point", "coordinates": [ 139.600044602297118, 36.135209872091536 ] } },
{ "type": "Feature", "properties": { "内容": "あずみ苑ラ・テラス新古河【訪問介護】埼玉県加須市向古河2439-1", "url": "https://www.kaigokensaku.mhlw.go.jp/11/index.php?action_kouhyou_detail_004_kani=true&JigyosyoCd=1173600477-00&ServiceCd=110&Type=search", "url2": "https://www.azumien.jp/" }, "geometry": { "type": "Point", "coordinates": [ 139.688752879762262, 36.184474986520193 ] } },
{ "type": "Feature", "properties": { "内容": "訪問介護ステーションひばりの里【訪問介護】埼玉県加須市久下字高畑１６２５番地１", "url": "https://www.kaigokensaku.mhlw.go.jp/11/index.php?action_kouhyou_detail_004_kani=true&JigyosyoCd=1173800481-00&ServiceCd=110&Type=search", "url2": "http://www.hibarinosato.com/" }, "geometry": { "type": "Point", "coordinates": [ 139.60849630000007, 36.1163061 ] } },
{ "type": "Feature", "properties": { "内容": "真心館【訪問介護】埼玉県加須市志多見1382番地10", "url": "https://www.kaigokensaku.mhlw.go.jp/11/index.php?action_kouhyou_detail_004_kani=true&JigyosyoCd=1173801497-00&ServiceCd=110&Type=search", "url2": "jpsf-shinshinkan.jimdosite.com/" }, "geometry": { "type": "Point", "coordinates": [ 139.553736300000054, 36.135244100000016 ] } },
{ "type": "Feature", "properties": { "内容": "藤の里北川辺ヘルパーステーション【訪問介護】埼玉県加須市柳生50-1藤の里北川辺介護サービスセンター", "url": "https://www.kaigokensaku.mhlw.go.jp/11/index.php?action_kouhyou_detail_004_kani=true&JigyosyoCd=1173801539-00&ServiceCd=110&Type=search", "url2": "http://hp.kaipoke.biz/3hm/" }, "geometry": { "type": "Point", "coordinates": [ 139.667251900000025, 36.1901365 ] } },
{ "type": "Feature", "properties": { "内容": "シンワケアサービス【訪問介護】埼玉県加須市騎西40-5パテリアC　１階", "url": "https://www.kaigokensaku.mhlw.go.jp/11/index.php?action_kouhyou_detail_004_kani=true&JigyosyoCd=1173800903-00&ServiceCd=110&Type=search", "url2": null }, "geometry": { "type": "Point", "coordinates": [ 139.574505117196622, 36.102539850895525 ] } },
{ "type": "Feature", "properties": { "内容": "シンワすまいる【訪問介護】加須市鴻茎20-4メゾンミレーユⅡ　101号", "url": "https://www.kaigokensaku.mhlw.go.jp/11/index.php?action_kouhyou_detail_004_kani=true&JigyosyoCd=1173801067-00&ServiceCd=110&Type=search", "url2": null }, "geometry": { "type": "Point", "coordinates": [ 139.583492977909827, 36.094835625023372 ] } },
{ "type": "Feature", "properties": { "内容": "加須市社協加須ヘルパーステーション【訪問介護】加須市下高柳1932番地1", "url": "https://www.kaigokensaku.mhlw.go.jp/11/index.php?action_kouhyou_detail_004_kani=true&JigyosyoCd=1173800606-00&ServiceCd=110&Type=search", "url2": "http//www.kazosyakyo.jp/" }, "geometry": { "type": "Point", "coordinates": [ 139.604132048156032, 36.113814350739823 ] } },
{ "type": "Feature", "properties": { "内容": "訪問介護つむぎ【訪問介護】埼玉県本庄市児玉町児玉1568番地1シニアテラスつむぎ", "url": "https://www.kaigokensaku.mhlw.go.jp/11/index.php?action_kouhyou_detail_004_kani=true&JigyosyoCd=1174302032-00&ServiceCd=110&Type=search", "url2": "https://wisteria-f-co-jp.secure-web.jp/" }, "geometry": { "type": "Point", "coordinates": [ 139.1512482, 36.1883041 ] } },
{ "type": "Feature", "properties": { "内容": "訪問介護シナモン【訪問介護】埼玉県本庄市北堀705番地1　2階シナモンセンター", "url": "https://www.kaigokensaku.mhlw.go.jp/11/index.php?action_kouhyou_detail_004_kani=true&JigyosyoCd=1174301927-00&ServiceCd=110&Type=search", "url2": "http://www.cinnamon.co.jp/" }, "geometry": { "type": "Point", "coordinates": [ 139.1895524, 36.2247712 ] } },
{ "type": "Feature", "properties": { "内容": "訪問介護コットン【訪問介護】埼玉県本庄市児玉町金屋1222-8", "url": "https://www.kaigokensaku.mhlw.go.jp/11/index.php?action_kouhyou_detail_004_kani=true&JigyosyoCd=1174301703-00&ServiceCd=110&Type=search", "url2": null }, "geometry": { "type": "Point", "coordinates": [ 139.124701499999986, 36.1904047 ] } },
{ "type": "Feature", "properties": { "内容": "児玉訪問介護ステーション【訪問介護】埼玉県本庄市児玉町金屋1302-1", "url": "https://www.kaigokensaku.mhlw.go.jp/11/index.php?action_kouhyou_detail_004_kani=true&JigyosyoCd=1174200293-00&ServiceCd=110&Type=search", "url2": "https://www.orthobiose.org/" }, "geometry": { "type": "Point", "coordinates": [ 139.122279400000025, 36.1959902 ] } },
{ "type": "Feature", "properties": { "内容": "訪問介護事業所むさし【訪問介護】埼玉県本庄市朝日町3-1-40", "url": "https://www.kaigokensaku.mhlw.go.jp/11/index.php?action_kouhyou_detail_004_kani=true&JigyosyoCd=1174301224-00&ServiceCd=110&Type=search", "url2": "http://www.musashi-service.co.jp" }, "geometry": { "type": "Point", "coordinates": [ 139.191207100000042, 36.2309574 ] } },
{ "type": "Feature", "properties": { "内容": "ホームヘルプことぶき【訪問介護】埼玉県本庄市１２１8ナーシングハウスことぶき内", "url": "https://www.kaigokensaku.mhlw.go.jp/11/index.php?action_kouhyou_detail_004_kani=true&JigyosyoCd=1174301323-00&ServiceCd=110&Type=search", "url2": "http://www.yoshizawa-hospital.jp/" }, "geometry": { "type": "Point", "coordinates": [ 139.204247397189306, 36.239991177703466 ] } },
{ "type": "Feature", "properties": { "内容": "訪問介護ハートランド・アイリ本庄Ⅱ【訪問介護】埼玉県本庄市児玉町児玉1216番住宅型有料老人ホームハートランド・アイリ本庄Ⅱ", "url": "https://www.kaigokensaku.mhlw.go.jp/11/index.php?action_kouhyou_detail_004_kani=true&JigyosyoCd=1174301661-00&ServiceCd=110&Type=search", "url2": "https://ygood.jp/" }, "geometry": { "type": "Point", "coordinates": [ 139.130167699999987, 36.1895826 ] } },
{ "type": "Feature", "properties": { "内容": "けあビジョン本庄【訪問介護】埼玉県本庄市駅南2-10-4山岡ビル101", "url": "https://www.kaigokensaku.mhlw.go.jp/11/index.php?action_kouhyou_detail_004_kani=true&JigyosyoCd=1174301273-00&ServiceCd=110&Type=search", "url2": "https://www.visualvision.co.jp" }, "geometry": { "type": "Point", "coordinates": [ 139.189649199999963, 36.2344379 ] } },
{ "type": "Feature", "properties": { "内容": "ポプリヘルパーステーション【訪問介護】本庄市栗崎26-1", "url": "https://www.kaigokensaku.mhlw.go.jp/11/index.php?action_kouhyou_detail_004_kani=true&JigyosyoCd=1174300671-00&ServiceCd=110&Type=search", "url2": null }, "geometry": { "type": "Point", "coordinates": [ 139.19117140000003, 36.2166976 ] } },
{ "type": "Feature", "properties": { "内容": "訪問介護ハートランド・アイリ本庄Ⅰ【訪問介護】埼玉県本庄市北堀1796ハートランド・アイリ本庄Ⅰ", "url": "https://www.kaigokensaku.mhlw.go.jp/11/index.php?action_kouhyou_detail_004_kani=true&JigyosyoCd=1174301679-00&ServiceCd=110&Type=search", "url2": "https://ygood.jp/" }, "geometry": { "type": "Point", "coordinates": [ 139.187007799999947, 36.2247578 ] } },
{ "type": "Feature", "properties": { "内容": "ケアセンター　リトミィ【訪問介護】埼玉県本庄市児玉町児玉645番地1本町レジデンス103号室", "url": "https://www.kaigokensaku.mhlw.go.jp/11/index.php?action_kouhyou_detail_004_kani=true&JigyosyoCd=1174301844-00&ServiceCd=110&Type=search", "url2": null }, "geometry": { "type": "Point", "coordinates": [ 139.1397912, 36.1843293 ] } },
{ "type": "Feature", "properties": { "内容": "ケアセンターベル【訪問介護】埼玉県本庄市万年寺2-8-43", "url": "https://www.kaigokensaku.mhlw.go.jp/11/index.php?action_kouhyou_detail_004_kani=true&JigyosyoCd=1174301042-00&ServiceCd=110&Type=search", "url2": "http://carecenter-bell.com" }, "geometry": { "type": "Point", "coordinates": [ 139.164647398228965, 36.253505046176237 ] } },
{ "type": "Feature", "properties": { "内容": "在宅介護本庄【訪問介護】埼玉県本庄市早稲田の杜4-16-12", "url": "https://www.kaigokensaku.mhlw.go.jp/11/index.php?action_kouhyou_detail_004_kani=true&JigyosyoCd=1174300606-00&ServiceCd=110&Type=search", "url2": "http://www.lifeplan-kaigo.jp" }, "geometry": { "type": "Point", "coordinates": [ 139.185671909895319, 36.22574715207989 ] } },
{ "type": "Feature", "properties": { "内容": "有限会社　テイクケア本庄紹介所【訪問介護】本庄市駅南1-18-16", "url": "https://www.kaigokensaku.mhlw.go.jp/11/index.php?action_kouhyou_detail_004_kani=true&JigyosyoCd=1174300382-00&ServiceCd=110&Type=search", "url2": null }, "geometry": { "type": "Point", "coordinates": [ 139.182758, 36.2353067 ] } },
{ "type": "Feature", "properties": { "内容": "訪問介護　心和【訪問介護】埼玉県本庄市西富田671-2", "url": "https://www.kaigokensaku.mhlw.go.jp/11/index.php?action_kouhyou_detail_004_kani=true&JigyosyoCd=1174301893-00&ServiceCd=110&Type=search", "url2": null }, "geometry": { "type": "Point", "coordinates": [ 139.167000898779037, 36.228403413866495 ] } },
{ "type": "Feature", "properties": { "内容": "ヘルパーステーションえがお【訪問介護】六反町14-17メゾンA101", "url": "https://www.kaigokensaku.mhlw.go.jp/11/index.php?action_kouhyou_detail_004_kani=true&JigyosyoCd=1173301597-00&ServiceCd=110&Type=search", "url2": "https://helper-egao.com/" }, "geometry": { "type": "Point", "coordinates": [ 139.416357299999987, 36.0347714 ] } },
{ "type": "Feature", "properties": { "内容": "ふじ介護サービス　東松山センター【訪問介護】埼玉県東松山市沢口町2-1", "url": "https://www.kaigokensaku.mhlw.go.jp/11/index.php?action_kouhyou_detail_004_kani=true&JigyosyoCd=1173300284-00&ServiceCd=110&Type=search", "url2": null }, "geometry": { "type": "Point", "coordinates": [ 139.411001299999953, 36.0569637 ] } },
{ "type": "Feature", "properties": { "内容": "おひさま介護サービス東松山【訪問介護】埼玉県東松山市松山町1-8-3", "url": "https://www.kaigokensaku.mhlw.go.jp/11/index.php?action_kouhyou_detail_004_kani=true&JigyosyoCd=1173301399-00&ServiceCd=110&Type=search", "url2": "http://www.elderly.jp/" }, "geometry": { "type": "Point", "coordinates": [ 139.395089200000029, 36.044269 ] } },
{ "type": "Feature", "properties": { "内容": "指定訪問介護事業所　ユーカリ東松山【訪問介護】埼玉県東松山市美原町2丁目11-5アルグラン市ノ川", "url": "https://www.kaigokensaku.mhlw.go.jp/11/index.php?action_kouhyou_detail_004_kani=true&JigyosyoCd=1173301159-00&ServiceCd=110&Type=search", "url2": "メールアドレス　yuukari.matsuyama@twatwa.ne.jp" }, "geometry": { "type": "Point", "coordinates": [ 139.398450842991679, 36.050476434809298 ] } },
{ "type": "Feature", "properties": { "内容": "総合福祉エリアヘルパーステーション【訪問介護】埼玉県東松山市大字松山2183", "url": "https://www.kaigokensaku.mhlw.go.jp/11/index.php?action_kouhyou_detail_004_kani=true&JigyosyoCd=1173300409-00&ServiceCd=110&Type=search", "url2": "http://www.smile-syakyo.jp/" }, "geometry": { "type": "Point", "coordinates": [ 139.40182470000002, 36.0528113 ] } },
{ "type": "Feature", "properties": { "内容": "ベストライフ東松山Ⅱ訪問介護事業所【訪問介護】東松山市箭弓町1‐3‐3", "url": "https://www.kaigokensaku.mhlw.go.jp/11/index.php?action_kouhyou_detail_004_kani=true&JigyosyoCd=1173301522-00&ServiceCd=110&Type=search", "url2": null }, "geometry": { "type": "Point", "coordinates": [ 139.4029271, 36.0375868 ] } },
{ "type": "Feature", "properties": { "内容": "ふくしのまち東松山【訪問介護】東松山市元宿1-31-1", "url": "https://www.kaigokensaku.mhlw.go.jp/11/index.php?action_kouhyou_detail_004_kani=true&JigyosyoCd=1173300029-00&ServiceCd=110&Type=search", "url2": "http://www.youism.co.jp" }, "geometry": { "type": "Point", "coordinates": [ 139.3977112, 35.998556 ] } },
{ "type": "Feature", "properties": { "内容": "ニチイケアセンター東松山【訪問介護】埼玉県東松山市松本町1-8-18　1階101号室", "url": "https://www.kaigokensaku.mhlw.go.jp/11/index.php?action_kouhyou_detail_004_kani=true&JigyosyoCd=1173300102-00&ServiceCd=110&Type=search", "url2": "http://www.nichiigakkan.co.jp" }, "geometry": { "type": "Point", "coordinates": [ 139.409754473042653, 36.038262540789361 ] } },
{ "type": "Feature", "properties": { "内容": "ルースケアサービス【訪問介護】埼玉県東松山市元宿2-22-6高坂中央ビル№1", "url": "https://www.kaigokensaku.mhlw.go.jp/11/index.php?action_kouhyou_detail_004_kani=true&JigyosyoCd=1173301126-00&ServiceCd=110&Type=search", "url2": null }, "geometry": { "type": "Point", "coordinates": [ 139.393992199999957, 36.0026333 ] } },
{ "type": "Feature", "properties": { "内容": "ライフ居宅介護支援センター【訪問介護】東松山市新郷180-5", "url": "https://www.kaigokensaku.mhlw.go.jp/11/index.php?action_kouhyou_detail_004_kani=true&JigyosyoCd=1173300128-00&ServiceCd=110&Type=search", "url2": "http://www.lifeairi.com/" }, "geometry": { "type": "Point", "coordinates": [ 139.365187699999979, 36.0334823 ] } },
{ "type": "Feature", "properties": { "内容": "ヘルパーステーション　シャローム【訪問介護】埼玉県東松山市大字松山1496", "url": "https://www.kaigokensaku.mhlw.go.jp/11/index.php?action_kouhyou_detail_004_kani=true&JigyosyoCd=1173300201-00&ServiceCd=110&Type=search", "url2": "http://shalorm.or.jp/" }, "geometry": { "type": "Point", "coordinates": [ 139.414381700000035, 36.0520643 ] } },
{ "type": "Feature", "properties": { "内容": "ヘルパーステーションさいわい【訪問介護】埼玉県東松山市幸町11-16", "url": "https://www.kaigokensaku.mhlw.go.jp/11/index.php?action_kouhyou_detail_004_kani=true&JigyosyoCd=1173301548-00&ServiceCd=110&Type=search", "url2": null }, "geometry": { "type": "Point", "coordinates": [ 139.400129099999987, 36.0307319 ] } },
{ "type": "Feature", "properties": { "内容": "オムライフ【訪問介護】埼玉県東松山市美原町２丁目１４番８号", "url": "https://www.kaigokensaku.mhlw.go.jp/11/index.php?action_kouhyou_detail_004_kani=true&JigyosyoCd=1173301613-00&ServiceCd=110&Type=search", "url2": null }, "geometry": { "type": "Point", "coordinates": [ 139.3996184, 36.0485206 ] } },
{ "type": "Feature", "properties": { "内容": "ホームケア箒星【訪問介護】埼玉県東松山市上唐子1496-121", "url": "https://www.kaigokensaku.mhlw.go.jp/11/index.php?action_kouhyou_detail_004_kani=true&JigyosyoCd=1173301621-00&ServiceCd=110&Type=search", "url2": "https://lifeis-funny.com/" }, "geometry": { "type": "Point", "coordinates": [ 139.3331872, 36.038292 ] } },
{ "type": "Feature", "properties": { "内容": "けあビジョン東松山【訪問介護】埼玉県東松山神明町1-2-1こうゆうかんビル　２階", "url": "https://www.kaigokensaku.mhlw.go.jp/11/index.php?action_kouhyou_detail_004_kani=true&JigyosyoCd=1173300722-00&ServiceCd=110&Type=search", "url2": null }, "geometry": { "type": "Point", "coordinates": [ 139.40511, 36.0360914 ] } },
{ "type": "Feature", "properties": { "内容": "株式会社ヘルシーサービス東松山営業所【訪問介護】神明町2-1-5ガーデンコート東松山", "url": "https://www.kaigokensaku.mhlw.go.jp/11/index.php?action_kouhyou_detail_004_kani=true&JigyosyoCd=1173300524-00&ServiceCd=110&Type=search", "url2": "https://healthy-service.co.jp/" }, "geometry": { "type": "Point", "coordinates": [ 139.7725087, 35.8976585 ] } },
{ "type": "Feature", "properties": { "内容": "セレニティケアステーション春日部【訪問介護】埼玉県春日部市中央1丁目59番3", "url": "https://www.kaigokensaku.mhlw.go.jp/11/index.php?action_kouhyou_detail_004_kani=true&JigyosyoCd=1170604241-00&ServiceCd=110&Type=search", "url2": null }, "geometry": { "type": "Point", "coordinates": [ 139.7549803, 35.9756164 ] } },
{ "type": "Feature", "properties": { "内容": "おひさま介護サービス春日部【訪問介護】埼玉県春日部市栄町1－40", "url": "https://www.kaigokensaku.mhlw.go.jp/11/index.php?action_kouhyou_detail_004_kani=true&JigyosyoCd=1170603656-00&ServiceCd=110&Type=search", "url2": "http://www.elderly.jp/" }, "geometry": { "type": "Point", "coordinates": [ 139.736796154241574, 35.984466809753144 ] } },
{ "type": "Feature", "properties": { "内容": "さくらケアセンター【訪問介護】埼玉県春日部市大場748番1", "url": "https://www.kaigokensaku.mhlw.go.jp/11/index.php?action_kouhyou_detail_004_kani=true&JigyosyoCd=1170601999-00&ServiceCd=110&Type=search", "url2": "http://www.saitama-sakura.com/" }, "geometry": { "type": "Point", "coordinates": [ 139.762506108112348, 35.946502350822982 ] } },
{ "type": "Feature", "properties": { "内容": "ＳＯＭＰＯケア　春日部中央　訪問介護【訪問介護】中央6-8-12", "url": "https://www.kaigokensaku.mhlw.go.jp/11/index.php?action_kouhyou_detail_004_kani=true&JigyosyoCd=1170603516-00&ServiceCd=110&Type=search", "url2": null }, "geometry": { "type": "Point", "coordinates": [ 139.750675900000033, 35.9744152 ] } },
{ "type": "Feature", "properties": { "内容": "さくらそう介護サービス【訪問介護】埼玉県春日部市粕壁2丁目8番12号シカマビル207号室", "url": "https://www.kaigokensaku.mhlw.go.jp/11/index.php?action_kouhyou_detail_004_kani=true&JigyosyoCd=1170800203-00&ServiceCd=110&Type=search", "url2": "http://care-net.biz/11/sakurasoukaigo/" }, "geometry": { "type": "Point", "coordinates": [ 139.753077779762265, 35.983364614261312 ] } },
{ "type": "Feature", "properties": { "内容": "和の輪【訪問介護】埼玉県春日部市谷原1丁目18番地１ドルミ春日部111号", "url": "https://www.kaigokensaku.mhlw.go.jp/11/index.php?action_kouhyou_detail_004_kani=true&JigyosyoCd=1170601023-00&ServiceCd=110&Type=search", "url2": "http://wanowa.xyz" }, "geometry": { "type": "Point", "coordinates": [ 139.744637799999964, 35.9692105 ] } },
{ "type": "Feature", "properties": { "内容": "株式会社さいたま福祉サービス春日部営業所【訪問介護】埼玉県春日部市谷原2-2-13清水マンション5号", "url": "https://www.kaigokensaku.mhlw.go.jp/11/index.php?action_kouhyou_detail_004_kani=true&JigyosyoCd=1170601882-00&ServiceCd=110&Type=search", "url2": "http://www.saitama-hukushi.jp/" }, "geometry": { "type": "Point", "coordinates": [ 139.74810679999996, 35.9711574 ] } },
{ "type": "Feature", "properties": { "内容": "けあビジョン春日部【訪問介護】埼玉県春日部市備後西四丁目５－２３グレース山陽１０３号室", "url": "https://www.kaigokensaku.mhlw.go.jp/11/index.php?action_kouhyou_detail_004_kani=true&JigyosyoCd=1170601858-00&ServiceCd=110&Type=search", "url2": "http://www.carevision.jp/" }, "geometry": { "type": "Point", "coordinates": [ 139.765594800000031, 35.9520349 ] } },
{ "type": "Feature", "properties": { "内容": "有限会社華ライフケア【訪問介護】埼玉県春日部市増富358番地6", "url": "https://www.kaigokensaku.mhlw.go.jp/11/index.php?action_kouhyou_detail_004_kani=true&JigyosyoCd=1170600488-00&ServiceCd=110&Type=search", "url2": null }, "geometry": { "type": "Point", "coordinates": [ 139.73396809999997, 35.9612648 ] } },
{ "type": "Feature", "properties": { "内容": "学研ココファン春日部ヘルパーセンター【訪問介護】埼玉県春日部市八丁目２０７－１", "url": "https://www.kaigokensaku.mhlw.go.jp/11/index.php?action_kouhyou_detail_004_kani=true&JigyosyoCd=1170602328-00&ServiceCd=110&Type=search", "url2": "http://www.cocofump.co.jp/facilities/detail/kasukabe/" }, "geometry": { "type": "Point", "coordinates": [ 139.76198880000004, 35.9850613 ] } },
{ "type": "Feature", "properties": { "内容": "ケアメディカル春日部訪問介護事業所【訪問介護】埼玉県春日部市小渕45ケアガーデン春日部中央", "url": "https://www.kaigokensaku.mhlw.go.jp/11/index.php?action_kouhyou_detail_004_kani=true&JigyosyoCd=1170602526-00&ServiceCd=110&Type=search", "url2": "https://care-medical.co.jp/" }, "geometry": { "type": "Point", "coordinates": [ 139.7538468425399, 35.989489487192877 ] } },
{ "type": "Feature", "properties": { "内容": "つながり訪問介護【訪問介護】埼玉県春日部市備後東5丁目12番地66", "url": "https://www.kaigokensaku.mhlw.go.jp/11/index.php?action_kouhyou_detail_004_kani=true&JigyosyoCd=1170603797-00&ServiceCd=110&Type=search", "url2": null }, "geometry": { "type": "Point", "coordinates": [ 139.77673, 35.9519392 ] } },
{ "type": "Feature", "properties": { "内容": "訪問介護事業所　絆【訪問介護】埼玉県春日部市備後西３丁目３番８号メゾンミナミ１０１号", "url": "https://www.kaigokensaku.mhlw.go.jp/11/index.php?action_kouhyou_detail_004_kani=true&JigyosyoCd=1170602054-00&ServiceCd=110&Type=search", "url2": null }, "geometry": { "type": "Point", "coordinates": [ 139.769301300000052, 35.952421500000021 ] } },
{ "type": "Feature", "properties": { "内容": "ヘルパーステーションアンビシャス【訪問介護】埼玉県春日部市粕壁二丁目8番12号シカマビル303", "url": "https://www.kaigokensaku.mhlw.go.jp/11/index.php?action_kouhyou_detail_004_kani=true&JigyosyoCd=1170603425-00&ServiceCd=110&Type=search", "url2": null }, "geometry": { "type": "Point", "coordinates": [ 139.75303729338944, 35.983426951549909 ] } },
{ "type": "Feature", "properties": { "内容": "ニチイケアセンター南桜井【訪問介護】埼玉県春日部市新宿新田332番地の2サンハイツ101", "url": "https://www.kaigokensaku.mhlw.go.jp/11/index.php?action_kouhyou_detail_004_kani=true&JigyosyoCd=1170603698-00&ServiceCd=110&Type=search", "url2": "http://www.nichiigakkan.co.jp" }, "geometry": { "type": "Point", "coordinates": [ 139.8143136, 35.9812942 ] } },
{ "type": "Feature", "properties": { "内容": "ニチイケアセンター武里【訪問介護】春日部市大場1360-1グランデージ武里1階", "url": "https://www.kaigokensaku.mhlw.go.jp/11/index.php?action_kouhyou_detail_004_kani=true&JigyosyoCd=1170600983-00&ServiceCd=110&Type=search", "url2": "http://www.nichiigakkan.co.jp" }, "geometry": { "type": "Point", "coordinates": [ 139.765986699999985, 35.9477274 ] } },
{ "type": "Feature", "properties": { "内容": "ニチイケアセンター友輪【訪問介護】春日部市八丁目468-1", "url": "https://www.kaigokensaku.mhlw.go.jp/11/index.php?action_kouhyou_detail_004_kani=true&JigyosyoCd=1170600231-00&ServiceCd=110&Type=search", "url2": "http://www.nichiigakkan.co.jp" }, "geometry": { "type": "Point", "coordinates": [ 139.759025100000031, 35.9875803 ] } },
{ "type": "Feature", "properties": { "内容": "ニチイケアセンター豊春【訪問介護】埼玉県春日部市上蛭田132-4昭和ビル第2　201号室", "url": "https://www.kaigokensaku.mhlw.go.jp/11/index.php?action_kouhyou_detail_004_kani=true&JigyosyoCd=1170603706-00&ServiceCd=110&Type=search", "url2": "http://www.nichiigakkan.co.jp" }, "geometry": { "type": "Point", "coordinates": [ 139.725297, 35.9673859 ] } },
{ "type": "Feature", "properties": { "内容": "ニチイケアセンター春日部中央【訪問介護】埼玉県春日部市中央1-4-6オガワ第3ビル1階", "url": "https://www.kaigokensaku.mhlw.go.jp/11/index.php?action_kouhyou_detail_004_kani=true&JigyosyoCd=1170600165-00&ServiceCd=110&Type=search", "url2": "http://www.nichiigakkan.co.jp" }, "geometry": { "type": "Point", "coordinates": [ 139.7495361, 35.9775394 ] } },
{ "type": "Feature", "properties": { "内容": "医心館訪問介護ステーション春日部【訪問介護】埼玉県春日部市大沼七丁目１８番", "url": "https://www.kaigokensaku.mhlw.go.jp/11/index.php?action_kouhyou_detail_004_kani=true&JigyosyoCd=1170603979-00&ServiceCd=110&Type=search", "url2": null }, "geometry": { "type": "Point", "coordinates": [ 139.746001187419125, 35.964556165166968 ] } },
{ "type": "Feature", "properties": { "内容": "ホームヘルパーステーション豊潤館【訪問介護】埼玉県春日部市花積２６７－７", "url": "https://www.kaigokensaku.mhlw.go.jp/11/index.php?action_kouhyou_detail_004_kani=true&JigyosyoCd=1170600991-00&ServiceCd=110&Type=search", "url2": "http://houjunkan.imwg.jp" }, "geometry": { "type": "Point", "coordinates": [ 139.719446400000038, 35.9671171 ] } },
{ "type": "Feature", "properties": { "内容": "スマイルライフ【訪問介護】埼玉県春日部市豊町２丁目１０番12号小島ハイツ103", "url": "https://www.kaigokensaku.mhlw.go.jp/11/index.php?action_kouhyou_detail_004_kani=true&JigyosyoCd=1170603375-00&ServiceCd=110&Type=search", "url2": "https://symphony-universe.com/blog/" }, "geometry": { "type": "Point", "coordinates": [ 139.7416711, 35.9682655 ] } },
{ "type": "Feature", "properties": { "内容": "社会福祉法人春日部市社会福祉協議会【訪問介護】春日部市中央二丁目２４番地１", "url": "https://www.kaigokensaku.mhlw.go.jp/11/index.php?action_kouhyou_detail_004_kani=true&JigyosyoCd=1170601668-00&ServiceCd=110&Type=search", "url2": "http://www.kasukabeshishakyo.or.jp" }, "geometry": { "type": "Point", "coordinates": [ 139.74559869999996, 35.9771011 ] } },
{ "type": "Feature", "properties": { "内容": "医療生協ケアセンターひだまり【訪問介護】春日部市谷原2-4-12", "url": "https://www.kaigokensaku.mhlw.go.jp/11/index.php?action_kouhyou_detail_004_kani=true&JigyosyoCd=1170600371-00&ServiceCd=110&Type=search", "url2": "https://www.mcp-saitama-kaigo.com/office/hidamari/" }, "geometry": { "type": "Point", "coordinates": [ 139.747158572079144, 35.97146148224914 ] } },
{ "type": "Feature", "properties": { "内容": "あおぞらネット春日部【訪問介護】埼玉県春日部市大場1386", "url": "https://www.kaigokensaku.mhlw.go.jp/11/index.php?action_kouhyou_detail_004_kani=true&JigyosyoCd=1170601379-00&ServiceCd=110&Type=search", "url2": null }, "geometry": { "type": "Point", "coordinates": [ 139.76600039748385, 35.950114110483405 ] } },
{ "type": "Feature", "properties": { "内容": "青い鳥【訪問介護】埼玉県春日部市中央８－８－３６", "url": "https://www.kaigokensaku.mhlw.go.jp/11/index.php?action_kouhyou_detail_004_kani=true&JigyosyoCd=1170601312-00&ServiceCd=110&Type=search", "url2": "http://www.sani-tec.jp/" }, "geometry": { "type": "Point", "coordinates": [ 139.756246723448129, 35.969826889505121 ] } },
{ "type": "Feature", "properties": { "内容": "グラース春日部訪問介護事業所【訪問介護】埼玉県春日部市豊町3-5-7グラース春日部", "url": "https://www.kaigokensaku.mhlw.go.jp/11/index.php?action_kouhyou_detail_004_kani=true&JigyosyoCd=1170603334-00&ServiceCd=110&Type=search", "url2": "http://www.gracekasukabe.com" }, "geometry": { "type": "Point", "coordinates": [ 139.744479791000458, 35.966694433913872 ] } },
{ "type": "Feature", "properties": { "内容": "アースサポート春日部【訪問介護】埼玉県春日部市中央1丁目7番7号", "url": "https://www.kaigokensaku.mhlw.go.jp/11/index.php?action_kouhyou_detail_004_kani=true&JigyosyoCd=1170801284-00&ServiceCd=110&Type=search", "url2": "https://www.earthsupport.co.jp/" }, "geometry": { "type": "Point", "coordinates": [ 139.7501009, 35.9785481 ] } },
{ "type": "Feature", "properties": { "内容": "訪問介護ステーションありがとう【訪問介護】埼玉県春日部市西金野井1822番地2", "url": "https://www.kaigokensaku.mhlw.go.jp/11/index.php?action_kouhyou_detail_004_kani=true&JigyosyoCd=1170602922-00&ServiceCd=110&Type=search", "url2": "kaigo-arigatou.com" }, "geometry": { "type": "Point", "coordinates": [ 139.813431799999989, 35.9869872 ] } },
{ "type": "Feature", "properties": { "内容": "にこっと介護サービス【訪問介護】埼玉県春日部市新宿新田333-140タンケンビル201", "url": "https://www.kaigokensaku.mhlw.go.jp/11/index.php?action_kouhyou_detail_004_kani=true&JigyosyoCd=1170601627-00&ServiceCd=110&Type=search", "url2": null }, "geometry": { "type": "Point", "coordinates": [ 139.8146074, 35.9814379 ] } },
{ "type": "Feature", "properties": { "内容": "訪問介護事業所エール春日部【訪問介護】埼玉県春日部市牛島１４２６－５メゾン・ド・華１０１", "url": "https://www.kaigokensaku.mhlw.go.jp/11/index.php?action_kouhyou_detail_004_kani=true&JigyosyoCd=1170604050-00&ServiceCd=110&Type=search", "url2": null }, "geometry": { "type": "Point", "coordinates": [ 139.77629060000001, 35.9825117 ] } },
{ "type": "Feature", "properties": { "内容": "アールスタッフ武里ケアサービス【訪問介護】春日部市大場９９１－１武蔵ビル2階　204", "url": "https://www.kaigokensaku.mhlw.go.jp/11/index.php?action_kouhyou_detail_004_kani=true&JigyosyoCd=1170602237-00&ServiceCd=110&Type=search", "url2": "www.r-staff.jp" }, "geometry": { "type": "Point", "coordinates": [ 139.767904611499517, 35.947143410134792 ] } },
{ "type": "Feature", "properties": { "内容": "訪問介護それいゆ【訪問介護】埼玉県春日部市下蛭田２６３番地", "url": "https://www.kaigokensaku.mhlw.go.jp/11/index.php?action_kouhyou_detail_004_kani=true&JigyosyoCd=1170601361-00&ServiceCd=110&Type=search", "url2": "https//yuriha.jp/" }, "geometry": { "type": "Point", "coordinates": [ 139.722132399999964, 35.9618484 ] } },
{ "type": "Feature", "properties": { "内容": "アールスタッフ春日部ケアサービス【訪問介護】春日部市中央1-58-4最高研ビル1階", "url": "https://www.kaigokensaku.mhlw.go.jp/11/index.php?action_kouhyou_detail_004_kani=true&JigyosyoCd=1170600587-00&ServiceCd=110&Type=search", "url2": "http://www.r-staff.jp" }, "geometry": { "type": "Point", "coordinates": [ 139.751531399999976, 35.9767427 ] } },
{ "type": "Feature", "properties": { "内容": "医療法人光仁会訪問介護ステーションひまわり【訪問介護】春日部市下蛭田125-1春日部厚生クリニック内", "url": "https://www.kaigokensaku.mhlw.go.jp/11/index.php?action_kouhyou_detail_004_kani=true&JigyosyoCd=1170600611-00&ServiceCd=110&Type=search", "url2": "http://www.himawari-zaitaku.jp/houmon_kaigo/" }, "geometry": { "type": "Point", "coordinates": [ 139.724323799999979, 35.9622288 ] } },
{ "type": "Feature", "properties": { "内容": "ななほし訪問介護ステーション【訪問介護】埼玉県春日部市緑町6ー11ー18", "url": "https://www.kaigokensaku.mhlw.go.jp/11/index.php?action_kouhyou_detail_004_kani=true&JigyosyoCd=1170603482-00&ServiceCd=110&Type=search", "url2": "http://hp.kaipoke.biz/31b/" }, "geometry": { "type": "Point", "coordinates": [ 139.767238927630416, 35.967482892771393 ] } },
{ "type": "Feature", "properties": { "内容": "訪問介護ステーション　花ごころ【訪問介護】春日部市粕壁東5-15-37", "url": "https://www.kaigokensaku.mhlw.go.jp/11/index.php?action_kouhyou_detail_004_kani=true&JigyosyoCd=1170601130-00&ServiceCd=110&Type=search", "url2": "http://www.nagomi-rise.co.jp" }, "geometry": { "type": "Point", "coordinates": [ 139.764866500000039, 35.9760374 ] } },
{ "type": "Feature", "properties": { "内容": "訪問介護　ふれあい【訪問介護】埼玉県春日部市中央1丁目16番地8　CORE・Mビル　4DCORE・Mビル　4D", "url": "https://www.kaigokensaku.mhlw.go.jp/11/index.php?action_kouhyou_detail_004_kani=true&JigyosyoCd=1170603599-00&ServiceCd=110&Type=search", "url2": null }, "geometry": { "type": "Point", "coordinates": [ 139.748973563607024, 35.978800836578309 ] } },
{ "type": "Feature", "properties": { "内容": "ご長寿くらぶ春日部一ノ割訪問介護事業所【訪問介護】南４丁目２２－１４", "url": "https://www.kaigokensaku.mhlw.go.jp/11/index.php?action_kouhyou_detail_004_kani=true&JigyosyoCd=1170602765-00&ServiceCd=110&Type=search", "url2": null }, "geometry": { "type": "Point", "coordinates": [ 141.334969900000033, 43.053538 ] } },
{ "type": "Feature", "properties": { "内容": "有限会社ナーシングケアーセンター【訪問介護】春日部市中央5丁目3-4", "url": "https://www.kaigokensaku.mhlw.go.jp/11/index.php?action_kouhyou_detail_004_kani=true&JigyosyoCd=1170600124-00&ServiceCd=110&Type=search", "url2": "http://www.nursingcarecenter.co.jp/" }, "geometry": { "type": "Point", "coordinates": [ 139.752720100000033, 35.9733986 ] } },
{ "type": "Feature", "properties": { "内容": "訪問介護ステーションこんぱす【訪問介護】埼玉県春日部市薄谷78", "url": "https://www.kaigokensaku.mhlw.go.jp/11/index.php?action_kouhyou_detail_004_kani=true&JigyosyoCd=1170603151-00&ServiceCd=110&Type=search", "url2": "http://compass100.jp/" }, "geometry": { "type": "Point", "coordinates": [ 139.757023051775036, 35.956086463675355 ] } },
{ "type": "Feature", "properties": { "内容": "エール【訪問介護】春日部市米島186番地", "url": "https://www.kaigokensaku.mhlw.go.jp/11/index.php?action_kouhyou_detail_004_kani=true&JigyosyoCd=1176100145-00&ServiceCd=110&Type=search", "url2": null }, "geometry": { "type": "Point", "coordinates": [ 139.805943899999988, 35.9748939 ] } },
{ "type": "Feature", "properties": { "内容": "プラチナ・訪問介護ステーション春日部【訪問介護】埼玉県春日部市栄町3丁目１０７番", "url": "https://www.kaigokensaku.mhlw.go.jp/11/index.php?action_kouhyou_detail_004_kani=true&JigyosyoCd=1170602211-00&ServiceCd=110&Type=search", "url2": "http://www.lakes21.co.jp/" }, "geometry": { "type": "Point", "coordinates": [ 139.732607799999982, 35.9906162 ] } },
{ "type": "Feature", "properties": { "内容": "訪問介護　ミント【訪問介護】春日部市一ノ割一丁目5番13号", "url": "https://www.kaigokensaku.mhlw.go.jp/11/index.php?action_kouhyou_detail_004_kani=true&JigyosyoCd=1170602609-00&ServiceCd=110&Type=search", "url2": null }, "geometry": { "type": "Point", "coordinates": [ 139.767647099999976, 35.9640751 ] } },
{ "type": "Feature", "properties": { "内容": "合同会社ほっとサービス茉【訪問介護】埼玉県春日部市一ノ割四丁目６番11", "url": "https://www.kaigokensaku.mhlw.go.jp/11/index.php?action_kouhyou_detail_004_kani=true&JigyosyoCd=1170602666-00&ServiceCd=110&Type=search", "url2": null }, "geometry": { "type": "Point", "coordinates": [ 139.761905800000022, 35.9620724 ] } },
{ "type": "Feature", "properties": { "内容": "水辺の園しおり【訪問介護】埼玉県春日部市本田町二丁目319番地", "url": "https://www.kaigokensaku.mhlw.go.jp/11/index.php?action_kouhyou_detail_004_kani=true&JigyosyoCd=1170601155-00&ServiceCd=110&Type=search", "url2": "https://www.shiori-kasukabe.com/" }, "geometry": { "type": "Point", "coordinates": [ 139.7740915, 35.9699505 ] } },
{ "type": "Feature", "properties": { "内容": "ふくしのまち春日部【訪問介護】埼玉県春日部市金崎982-1", "url": "https://www.kaigokensaku.mhlw.go.jp/11/index.php?action_kouhyou_detail_004_kani=true&JigyosyoCd=1171100207-00&ServiceCd=110&Type=search", "url2": "http://www.youism.jp/" }, "geometry": { "type": "Point", "coordinates": [ 139.7988494, 35.9880005 ] } },
{ "type": "Feature", "properties": { "内容": "プラチナ・訪問介護ステーション春日部六軒町【訪問介護】埼玉県春日部市六軒町6番", "url": "https://www.kaigokensaku.mhlw.go.jp/11/index.php?action_kouhyou_detail_004_kani=true&JigyosyoCd=1170602930-00&ServiceCd=110&Type=search", "url2": "http://www.lakes21.co.jp/" }, "geometry": { "type": "Point", "coordinates": [ 139.780606479805328, 35.966922671749856 ] } },
{ "type": "Feature", "properties": { "内容": "エール訪問介護【訪問介護】下蛭田223-10", "url": "https://www.kaigokensaku.mhlw.go.jp/11/index.php?action_kouhyou_detail_004_kani=true&JigyosyoCd=1170604084-00&ServiceCd=110&Type=search", "url2": null }, "geometry": { "type": "Point", "coordinates": [ 139.721647507409671, 35.96121308977547 ] } },
{ "type": "Feature", "properties": { "内容": "ヘルパーステーション咲くら【訪問介護】埼玉県春日部市金崎987-8", "url": "https://www.kaigokensaku.mhlw.go.jp/11/index.php?action_kouhyou_detail_004_kani=true&JigyosyoCd=1170604118-00&ServiceCd=110&Type=search", "url2": "https://sowaka2015.com/" }, "geometry": { "type": "Point", "coordinates": [ 139.798023229131559, 35.987769050558995 ] } },
{ "type": "Feature", "properties": { "内容": "ケアサポートあすなろ　狭山店【訪問介護】埼玉県狭山市入間川2-6-22第2甲田ビル2A", "url": "https://www.kaigokensaku.mhlw.go.jp/11/index.php?action_kouhyou_detail_004_kani=true&JigyosyoCd=1172701888-00&ServiceCd=110&Type=search", "url2": "https://www.care-asunaro.com/" }, "geometry": { "type": "Point", "coordinates": [ 139.413857400000012, 35.858993 ] } },
{ "type": "Feature", "properties": { "内容": "訪問介護ハートフル狭山【訪問介護】埼玉県狭山市入間川3丁目10-2SayamaFlat302", "url": "https://www.kaigokensaku.mhlw.go.jp/11/index.php?action_kouhyou_detail_004_kani=true&JigyosyoCd=1172701896-00&ServiceCd=110&Type=search", "url2": null }, "geometry": { "type": "Point", "coordinates": [ 139.4070548, 35.8565104 ] } },
{ "type": "Feature", "properties": { "内容": "ヘルパーステーション　スマイル　狭山【訪問介護】埼玉県狭山市北入曽695‐3田口ビル事務所１階", "url": "https://www.kaigokensaku.mhlw.go.jp/11/index.php?action_kouhyou_detail_004_kani=true&JigyosyoCd=1172700237-00&ServiceCd=110&Type=search", "url2": "http://www.fureai-hiroba.co.jp/" }, "geometry": { "type": "Point", "coordinates": [ 139.431112057997893, 35.846855370975511 ] } },
{ "type": "Feature", "properties": { "内容": "介護ハートさやま【訪問介護】埼玉県狭山市広瀬東1-11-3古谷ビル1階", "url": "https://www.kaigokensaku.mhlw.go.jp/11/index.php?action_kouhyou_detail_004_kani=true&JigyosyoCd=1172701953-00&ServiceCd=110&Type=search", "url2": null }, "geometry": { "type": "Point", "coordinates": [ 139.400214, 35.86236 ] } },
{ "type": "Feature", "properties": { "内容": "優愛介護狭山【訪問介護】埼玉県狭山市富士見2-22-32サンヴェール富士見202", "url": "https://www.kaigokensaku.mhlw.go.jp/11/index.php?action_kouhyou_detail_004_kani=true&JigyosyoCd=1172701128-00&ServiceCd=110&Type=search", "url2": "http://melphis.co.jp/" }, "geometry": { "type": "Point", "coordinates": [ 139.422355900000014, 35.844164 ] } },
{ "type": "Feature", "properties": { "内容": "ライフサポート優起画【訪問介護】埼玉県狭山市入間川3-19-18居山ビル201", "url": "https://www.kaigokensaku.mhlw.go.jp/11/index.php?action_kouhyou_detail_004_kani=true&JigyosyoCd=1172700633-00&ServiceCd=110&Type=search", "url2": null }, "geometry": { "type": "Point", "coordinates": [ 139.4064356, 35.8574497 ] } },
{ "type": "Feature", "properties": { "内容": "ニチイケアセンター狭山西【訪問介護】埼玉県狭山市入間川1-7-2シティパル狭山201", "url": "https://www.kaigokensaku.mhlw.go.jp/11/index.php?action_kouhyou_detail_004_kani=true&JigyosyoCd=1172701227-00&ServiceCd=110&Type=search", "url2": "http://www.nichiigakkan.co.jp" }, "geometry": { "type": "Point", "coordinates": [ 139.410865699999931, 35.8557994 ] } },
{ "type": "Feature", "properties": { "内容": "いろどり訪問介護【訪問介護】埼玉県狭山市南入曽652-3サイレントコーポ201", "url": "https://www.kaigokensaku.mhlw.go.jp/11/index.php?action_kouhyou_detail_004_kani=true&JigyosyoCd=1172702183-00&ServiceCd=110&Type=search", "url2": "https://irodori-kaigo.net/" }, "geometry": { "type": "Point", "coordinates": [ 139.4269492, 35.8358752 ] } },
{ "type": "Feature", "properties": { "内容": "ケアステーションあすなろ【訪問介護】埼玉県狭山市青柳23-2", "url": "https://www.kaigokensaku.mhlw.go.jp/11/index.php?action_kouhyou_detail_004_kani=true&JigyosyoCd=1172701664-00&ServiceCd=110&Type=search", "url2": "http://3810.co.jp/smile" }, "geometry": { "type": "Point", "coordinates": [ 139.444302019726592, 35.864133828760025 ] } },
{ "type": "Feature", "properties": { "内容": "石心会ヘルパーステーション【訪問介護】狭山市入間川４－１０－１５", "url": "https://www.kaigokensaku.mhlw.go.jp/11/index.php?action_kouhyou_detail_004_kani=true&JigyosyoCd=1172700112-00&ServiceCd=110&Type=search", "url2": "https://www.saitama-sekishinkai.jp" }, "geometry": { "type": "Point", "coordinates": [ 139.401064200000064, 35.8542082 ] } },
{ "type": "Feature", "properties": { "内容": "ニチイケアセンター狭山【訪問介護】埼玉県狭山市富士見1-15-38小沢ビル1F", "url": "https://www.kaigokensaku.mhlw.go.jp/11/index.php?action_kouhyou_detail_004_kani=true&JigyosyoCd=1172700328-00&ServiceCd=110&Type=search", "url2": "http://www.nichiigakkan.co.jp" }, "geometry": { "type": "Point", "coordinates": [ 139.416259599999989, 35.85292 ] } },
{ "type": "Feature", "properties": { "内容": "ファインケア狭山【訪問介護】埼玉県狭山市富士見１－２３－１４ファインケアあおぞら", "url": "https://www.kaigokensaku.mhlw.go.jp/11/index.php?action_kouhyou_detail_004_kani=true&JigyosyoCd=1172701383-00&ServiceCd=110&Type=search", "url2": "fr-h-sayama@matsukiyococokara.com" }, "geometry": { "type": "Point", "coordinates": [ 139.4211285, 35.8514842 ] } },
{ "type": "Feature", "properties": { "内容": "在宅サポート２１狭山訪問看護ステーション【訪問介護】狭山市水野５９4", "url": "https://www.kaigokensaku.mhlw.go.jp/11/index.php?action_kouhyou_detail_004_kani=true&JigyosyoCd=1162790012-00&ServiceCd=110&Type=search", "url2": "http://www.syojukai.or.jp" }, "geometry": { "type": "Point", "coordinates": [ 139.446545723417671, 35.832029597057179 ] } },
{ "type": "Feature", "properties": { "内容": "訪問介護ステーション　Style【訪問介護】埼玉県狭山市新狭山2丁目8-4寿ビル302", "url": "https://www.kaigokensaku.mhlw.go.jp/11/index.php?action_kouhyou_detail_004_kani=true&JigyosyoCd=1172702167-00&ServiceCd=110&Type=search", "url2": "style-sayama.com" }, "geometry": { "type": "Point", "coordinates": [ 139.432392919702238, 35.875158193531256 ] } },
{ "type": "Feature", "properties": { "内容": "アースサポート狭山【訪問介護】埼玉県狭山市富士見1丁目10番1号", "url": "https://www.kaigokensaku.mhlw.go.jp/11/index.php?action_kouhyou_detail_004_kani=true&JigyosyoCd=1172701292-00&ServiceCd=110&Type=search", "url2": "https://www.earthsupport.co.jp/" }, "geometry": { "type": "Point", "coordinates": [ 139.41530130000001, 35.8539615 ] } },
{ "type": "Feature", "properties": { "内容": "社会福祉法人　狭山市社会福祉協議会　訪問介護事業所【訪問介護】埼玉県狭山市中央３－７西武狭山台ハイツN棟１０２号", "url": "https://www.kaigokensaku.mhlw.go.jp/11/index.php?action_kouhyou_detail_004_kani=true&JigyosyoCd=1172701045-00&ServiceCd=110&Type=search", "url2": "http://www.sayama-syakyou.or.jp/" }, "geometry": { "type": "Point", "coordinates": [ 139.427986486093573, 35.854065706528033 ] } },
{ "type": "Feature", "properties": { "内容": "トータルケアサービスいずな訪問介護【訪問介護】埼玉県狭山市下奥富649-9", "url": "https://www.kaigokensaku.mhlw.go.jp/11/index.php?action_kouhyou_detail_004_kani=true&JigyosyoCd=1172701813-00&ServiceCd=110&Type=search", "url2": "http://saitama-izuna.com/careinsurance-service/homecareservice/index.html" }, "geometry": { "type": "Point", "coordinates": [ 139.435829672876679, 35.882097909897205 ] } },
{ "type": "Feature", "properties": { "内容": "訪問介護ベリーズ【訪問介護】埼玉県狭山市柏原３４８４番地の１３０狭山ニュータウン１０６－６", "url": "https://www.kaigokensaku.mhlw.go.jp/11/index.php?action_kouhyou_detail_004_kani=true&JigyosyoCd=1172702308-00&ServiceCd=110&Type=search", "url2": null }, "geometry": { "type": "Point", "coordinates": [ 139.415028426983639, 35.889415724106385 ] } },
{ "type": "Feature", "properties": { "内容": "訪問介護　おだや家【訪問介護】埼玉県狭山市東三ツ木２９３−２ニューコーポ岩田A棟１０２号室", "url": "https://www.kaigokensaku.mhlw.go.jp/11/index.php?action_kouhyou_detail_004_kani=true&JigyosyoCd=1172702316-00&ServiceCd=110&Type=search", "url2": "https://www.jmhpi.com/" }, "geometry": { "type": "Point", "coordinates": [ 139.4273585, 35.8704241 ] } },
{ "type": "Feature", "properties": { "内容": "寿介護エス・オー・エス【訪問介護】埼玉県狭山市中央1丁目46番地8号寿ビル2F", "url": "https://www.kaigokensaku.mhlw.go.jp/11/index.php?action_kouhyou_detail_004_kani=true&JigyosyoCd=1172700542-00&ServiceCd=110&Type=search", "url2": "https://www.koai.co.jp/" }, "geometry": { "type": "Point", "coordinates": [ 139.4253281, 35.855872599999984 ] } },
{ "type": "Feature", "properties": { "内容": "訪問介護事業所ふくしあ狭山【訪問介護】埼玉県狭山市入間川1-24-3ヴィレッタSAYAMA102号室", "url": "https://www.kaigokensaku.mhlw.go.jp/11/index.php?action_kouhyou_detail_004_kani=true&JigyosyoCd=1172702373-00&ServiceCd=110&Type=search", "url2": "https://peraichi.com/landing_pages/view/p9chj" }, "geometry": { "type": "Point", "coordinates": [ 139.4127417, 35.8516535 ] } },
{ "type": "Feature", "properties": { "内容": "特定非営利活動法人コアラさやま【訪問介護】埼玉県狭山市富士見二丁目19－31", "url": "https://www.kaigokensaku.mhlw.go.jp/11/index.php?action_kouhyou_detail_004_kani=true&JigyosyoCd=1172901306-00&ServiceCd=110&Type=search", "url2": "https://www.npo-koala-sayama.com/" }, "geometry": { "type": "Point", "coordinates": [ 139.421087300000011, 35.8463565 ] } },
{ "type": "Feature", "properties": { "内容": "訪問介護あいな羽生【訪問介護】埼玉県羽生市西5-13-7", "url": "https://www.kaigokensaku.mhlw.go.jp/11/index.php?action_kouhyou_detail_004_kani=true&JigyosyoCd=1173900836-00&ServiceCd=110&Type=search", "url2": "http://www.laulea.life" }, "geometry": { "type": "Point", "coordinates": [ 139.528474825131212, 36.17546208245291 ] } },
{ "type": "Feature", "properties": { "内容": "ぽぷり【訪問介護】喜右エ門新田799-3", "url": "https://www.kaigokensaku.mhlw.go.jp/11/index.php?action_kouhyou_detail_004_kani=true&JigyosyoCd=1173900794-00&ServiceCd=110&Type=search", "url2": null }, "geometry": { "type": "Point", "coordinates": [ 139.596337565422715, 36.163467410378964 ] } },
{ "type": "Feature", "properties": { "内容": "ヘルパーステーション　たまご【訪問介護】埼玉県羽生市東5丁目１６－３４コーポ　エトワール　101号室", "url": "https://www.kaigokensaku.mhlw.go.jp/11/index.php?action_kouhyou_detail_004_kani=true&JigyosyoCd=1173900646-00&ServiceCd=110&Type=search", "url2": "https://tamago0307.jp/" }, "geometry": { "type": "Point", "coordinates": [ 139.5508936, 36.1744242 ] } },
{ "type": "Feature", "properties": { "内容": "訪問介護事業所　くわの実【訪問介護】羽生市大字下新郷660", "url": "https://www.kaigokensaku.mhlw.go.jp/11/index.php?action_kouhyou_detail_004_kani=true&JigyosyoCd=1173900265-00&ServiceCd=110&Type=search", "url2": "https://hanyu-fukushikai.jp/" }, "geometry": { "type": "Point", "coordinates": [ 139.5242518, 36.1442648 ] } },
{ "type": "Feature", "properties": { "内容": "ヘルパーステーションはくちょう【訪問介護】埼玉県羽生市上川俣1479-4", "url": "https://www.kaigokensaku.mhlw.go.jp/11/index.php?action_kouhyou_detail_004_kani=true&JigyosyoCd=1173900315-00&ServiceCd=110&Type=search", "url2": "https://www.kouseikai.net/" }, "geometry": { "type": "Point", "coordinates": [ 139.517436, 36.187432 ] } },
{ "type": "Feature", "properties": { "内容": "ヘルパーステーションつくし【訪問介護】埼玉県羽生市下新田41番地2", "url": "https://www.kaigokensaku.mhlw.go.jp/11/index.php?action_kouhyou_detail_004_kani=true&JigyosyoCd=1173900828-00&ServiceCd=110&Type=search", "url2": "https://www.npoho-jin.com/" }, "geometry": { "type": "Point", "coordinates": [ 139.5125198, 36.1581958 ] } },
{ "type": "Feature", "properties": { "内容": "社会福祉法人羽生市社会福祉協議会居宅訪問介護サービスセンター【訪問介護】羽生市東６丁目１５番地", "url": "https://www.kaigokensaku.mhlw.go.jp/11/index.php?action_kouhyou_detail_004_kani=true&JigyosyoCd=1173900067-00&ServiceCd=110&Type=search", "url2": "http://www.hanyushakyo.jp/" }, "geometry": { "type": "Point", "coordinates": [ 139.548731299999986, 36.1724595 ] } },
{ "type": "Feature", "properties": { "内容": "ヘルパーステーション　あいの郷【訪問介護】埼玉県羽生市桑崎196-1", "url": "https://www.kaigokensaku.mhlw.go.jp/11/index.php?action_kouhyou_detail_004_kani=true&JigyosyoCd=1153980030-00&ServiceCd=110&Type=search", "url2": "http://aino-sato.com" }, "geometry": { "type": "Point", "coordinates": [ 139.5183752, 36.1776303 ] } },
{ "type": "Feature", "properties": { "内容": "ヘルパーステーション　ルミエール【訪問介護】羽生市上岩瀬１８０６", "url": "https://www.kaigokensaku.mhlw.go.jp/11/index.php?action_kouhyou_detail_004_kani=true&JigyosyoCd=1173900372-00&ServiceCd=110&Type=search", "url2": "http://www.lumie-re.jp" }, "geometry": { "type": "Point", "coordinates": [ 139.52305350000006, 36.1639402 ] } },
{ "type": "Feature", "properties": { "内容": "オアシス２４鴻巣【訪問介護】埼玉県鴻巣市松原1-17-20", "url": "https://www.kaigokensaku.mhlw.go.jp/11/index.php?action_kouhyou_detail_004_kani=true&JigyosyoCd=1171701798-00&ServiceCd=110&Type=search", "url2": "https://oasis24-group.com/" }, "geometry": { "type": "Point", "coordinates": [ 139.5186337, 36.0426895 ] } },
{ "type": "Feature", "properties": { "内容": "株式会社福祉の街　ふくしのまち鴻巣【訪問介護】埼玉県鴻巣市滝馬室９２３－２", "url": "https://www.kaigokensaku.mhlw.go.jp/11/index.php?action_kouhyou_detail_004_kani=true&JigyosyoCd=1171700055-00&ServiceCd=110&Type=search", "url2": "http://www.youism.co.jp" }, "geometry": { "type": "Point", "coordinates": [ 139.506613099999981, 36.0538062 ] } },
{ "type": "Feature", "properties": { "内容": "株式会社　彩香らんど【訪問介護】埼玉県鴻巣市箕田２７０番１", "url": "https://www.kaigokensaku.mhlw.go.jp/11/index.php?action_kouhyou_detail_004_kani=true&JigyosyoCd=1171700030-00&ServiceCd=110&Type=search", "url2": "https://www.care-net.biz/11/saikouland/" }, "geometry": { "type": "Point", "coordinates": [ 139.478310500000021, 36.0763832 ] } },
{ "type": "Feature", "properties": { "内容": "ケアメディカル鴻巣訪問介護事業所【訪問介護】埼玉県鴻巣市天神3－11－44ケアガーデン鴻巣", "url": "https://www.kaigokensaku.mhlw.go.jp/11/index.php?action_kouhyou_detail_004_kani=true&JigyosyoCd=1171701806-00&ServiceCd=110&Type=search", "url2": "https://care-medical.co.jp/" }, "geometry": { "type": "Point", "coordinates": [ 139.526567699999987, 36.0588288 ] } },
{ "type": "Feature", "properties": { "内容": "けあビジョン鴻巣【訪問介護】埼玉県鴻巣市吹上富士見1-13-14森田ハイツⅡ102", "url": "https://www.kaigokensaku.mhlw.go.jp/11/index.php?action_kouhyou_detail_004_kani=true&JigyosyoCd=1171700691-00&ServiceCd=110&Type=search", "url2": "http://www.visualvision.co.jp" }, "geometry": { "type": "Point", "coordinates": [ 139.454034099999944, 36.098634800000013 ] } },
{ "type": "Feature", "properties": { "内容": "SOMPOケア　鴻巣　訪問介護【訪問介護】埼玉県鴻巣市東2-1-18相原ビル２F", "url": "https://www.kaigokensaku.mhlw.go.jp/11/index.php?action_kouhyou_detail_004_kani=true&JigyosyoCd=1171701525-00&ServiceCd=110&Type=search", "url2": "https://www.sompocare.com" }, "geometry": { "type": "Point", "coordinates": [ 139.515931300000034, 36.0619308 ] } },
{ "type": "Feature", "properties": { "内容": "ふきあげ翔裕園訪問介護事業所【訪問介護】埼玉県鴻巣市北新宿891", "url": "https://www.kaigokensaku.mhlw.go.jp/11/index.php?action_kouhyou_detail_004_kani=true&JigyosyoCd=1171701871-00&ServiceCd=110&Type=search", "url2": "https://www.genkimuragroup.jp/facilitylist/fukiage/" }, "geometry": { "type": "Point", "coordinates": [ 139.438776499999989, 36.1108184 ] } },
{ "type": "Feature", "properties": { "内容": "けあビジョン北鴻巣【訪問介護】箕田208-2メルベーユB棟201", "url": "https://www.kaigokensaku.mhlw.go.jp/11/index.php?action_kouhyou_detail_004_kani=true&JigyosyoCd=1171701855-00&ServiceCd=110&Type=search", "url2": "https://www.saiyo-carevision.com" }, "geometry": { "type": "Point", "coordinates": [ 139.4779265, 36.0792933 ] } },
{ "type": "Feature", "properties": { "内容": "ニチイケアセンターふきあげ【訪問介護】埼玉県鴻巣市南1-12-16角田ビル2Ｆ", "url": "https://www.kaigokensaku.mhlw.go.jp/11/index.php?action_kouhyou_detail_004_kani=true&JigyosyoCd=1171300229-00&ServiceCd=110&Type=search", "url2": "http://www.nichiigakkann.co.jp" }, "geometry": { "type": "Point", "coordinates": [ 139.453147899999976, 36.10196220000001 ] } },
{ "type": "Feature", "properties": { "内容": "ヘルパーステーションこころケア【訪問介護】埼玉県鴻巣市袋899-1アーク鴻巣", "url": "https://www.kaigokensaku.mhlw.go.jp/11/index.php?action_kouhyou_detail_004_kani=true&JigyosyoCd=1171701657-00&ServiceCd=110&Type=search", "url2": null }, "geometry": { "type": "Point", "coordinates": [ 139.469878200000011, 36.0956956 ] } },
{ "type": "Feature", "properties": { "内容": "さくらの里【訪問介護】大芦１８００－１番地", "url": "https://www.kaigokensaku.mhlw.go.jp/11/index.php?action_kouhyou_detail_004_kani=true&JigyosyoCd=1171701731-00&ServiceCd=110&Type=search", "url2": null }, "geometry": { "type": "Point", "coordinates": [ 139.4426403, 36.0913624 ] } },
{ "type": "Feature", "properties": { "内容": "こころ鴻巣【訪問介護】埼玉県鴻巣市生出塚2-18-28", "url": "https://www.kaigokensaku.mhlw.go.jp/11/index.php?action_kouhyou_detail_004_kani=true&JigyosyoCd=1171700709-00&ServiceCd=110&Type=search", "url2": "https://www.kouki-kokoro.com" }, "geometry": { "type": "Point", "coordinates": [ 139.530022699999989, 36.0610185 ] } },
{ "type": "Feature", "properties": { "内容": "医心館訪問介護ステーション鴻巣【訪問介護】埼玉県鴻巣市ひばり野２丁目２番", "url": "https://www.kaigokensaku.mhlw.go.jp/11/index.php?action_kouhyou_detail_004_kani=true&JigyosyoCd=1171701913-00&ServiceCd=110&Type=search", "url2": null }, "geometry": { "type": "Point", "coordinates": [ 139.527155320623791, 36.066418480898712 ] } },
{ "type": "Feature", "properties": { "内容": "訪問介護　爽やかな風【訪問介護】埼玉県鴻巣市東1-1-25　フラワービル４階", "url": "https://www.kaigokensaku.mhlw.go.jp/11/index.php?action_kouhyou_detail_004_kani=true&JigyosyoCd=1171701640-00&ServiceCd=110&Type=search", "url2": "https://www.genkimuragroup.jp/facilitylist/konosu-tanpopo/" }, "geometry": { "type": "Point", "coordinates": [ 139.515940615262025, 36.062291340365356 ] } },
{ "type": "Feature", "properties": { "内容": "ホームヘルプサービス　ソラスト鴻巣【訪問介護】埼玉県鴻巣市大間4-7-1セントル長島102", "url": "https://www.kaigokensaku.mhlw.go.jp/11/index.php?action_kouhyou_detail_004_kani=true&JigyosyoCd=1171701459-00&ServiceCd=110&Type=search", "url2": null }, "geometry": { "type": "Point", "coordinates": [ 139.507281299999931, 36.058442 ] } },
{ "type": "Feature", "properties": { "内容": "訪問介護事業所なでしこ【訪問介護】埼玉県鴻巣市生出塚１丁目１番３号", "url": "https://www.kaigokensaku.mhlw.go.jp/11/index.php?action_kouhyou_detail_004_kani=true&JigyosyoCd=1171701426-00&ServiceCd=110&Type=search", "url2": "https://nadeshiko365.jp/" }, "geometry": { "type": "Point", "coordinates": [ 139.524718400000012, 36.0625853 ] } },
{ "type": "Feature", "properties": { "内容": "けあビジョン鴻巣駅前【訪問介護】本町4-2-11大真ビルこうゆうかん４階", "url": "https://www.kaigokensaku.mhlw.go.jp/11/index.php?action_kouhyou_detail_004_kani=true&JigyosyoCd=1171701814-00&ServiceCd=110&Type=search", "url2": "https://www.saiyo-carevision.com" }, "geometry": { "type": "Point", "coordinates": [ 139.511270304244391, 36.059136489404175 ] } },
{ "type": "Feature", "properties": { "内容": "ヘルパーステーションスリール【訪問介護】埼玉県深谷市榛沢新田2-2", "url": "https://www.kaigokensaku.mhlw.go.jp/11/index.php?action_kouhyou_detail_004_kani=true&JigyosyoCd=1174603157-00&ServiceCd=110&Type=search", "url2": null }, "geometry": { "type": "Point", "coordinates": [ 139.2155928, 36.2104382 ] } },
{ "type": "Feature", "properties": { "内容": "訪問介護はなえみ【訪問介護】埼玉県深谷市小前田1344-1", "url": "https://www.kaigokensaku.mhlw.go.jp/11/index.php?action_kouhyou_detail_004_kani=true&JigyosyoCd=1174602712-00&ServiceCd=110&Type=search", "url2": "https://www.innocent-world.com" }, "geometry": { "type": "Point", "coordinates": [ 139.2251923, 36.1275973 ] } },
{ "type": "Feature", "properties": { "内容": "いきいき訪問介護【訪問介護】上柴町東5-4-23", "url": "https://www.kaigokensaku.mhlw.go.jp/11/index.php?action_kouhyou_detail_004_kani=true&JigyosyoCd=1174602381-00&ServiceCd=110&Type=search", "url2": null }, "geometry": { "type": "Point", "coordinates": [ 139.301378791291853, 36.179728686403706 ] } },
{ "type": "Feature", "properties": { "内容": "深谷地域福祉事業所だんらん【訪問介護】埼玉県深谷市原郷691-1", "url": "https://www.kaigokensaku.mhlw.go.jp/11/index.php?action_kouhyou_detail_004_kani=true&JigyosyoCd=1174600054-00&ServiceCd=110&Type=search", "url2": null }, "geometry": { "type": "Point", "coordinates": [ 139.300186523330922, 36.204347529468414 ] } },
{ "type": "Feature", "properties": { "内容": "訪問介護センター　あたたかい手【訪問介護】埼玉県深谷市今泉593番地3", "url": "https://www.kaigokensaku.mhlw.go.jp/11/index.php?action_kouhyou_detail_004_kani=true&JigyosyoCd=1173101336-00&ServiceCd=110&Type=search", "url2": "http://www.atatakaite.net/gaiyo.html" }, "geometry": { "type": "Point", "coordinates": [ 139.210285124009715, 36.18370705739796 ] } },
{ "type": "Feature", "properties": { "内容": "訪問介護プランツ【訪問介護】埼玉県深谷市後榛沢140-1", "url": "https://www.kaigokensaku.mhlw.go.jp/11/index.php?action_kouhyou_detail_004_kani=true&JigyosyoCd=1174603082-00&ServiceCd=110&Type=search", "url2": null }, "geometry": { "type": "Point", "coordinates": [ 139.21022450000001, 36.2133803 ] } },
{ "type": "Feature", "properties": { "内容": "訪問介護いっしん深谷【訪問介護】埼玉県深谷市田中743-1", "url": "https://www.kaigokensaku.mhlw.go.jp/11/index.php?action_kouhyou_detail_004_kani=true&JigyosyoCd=1174602027-00&ServiceCd=110&Type=search", "url2": "https://isshin.gr.jp/index.php" }, "geometry": { "type": "Point", "coordinates": [ 139.279367460185284, 36.142345893086855 ] } },
{ "type": "Feature", "properties": { "内容": "インテルエッセ深谷訪問介護【訪問介護】埼玉県深谷市上野台249-3オリジン102", "url": "https://www.kaigokensaku.mhlw.go.jp/11/index.php?action_kouhyou_detail_004_kani=true&JigyosyoCd=1164690079-00&ServiceCd=110&Type=search", "url2": "https://as-fukaya.com/" }, "geometry": { "type": "Point", "coordinates": [ 139.274060700000064, 36.1881494 ] } },
{ "type": "Feature", "properties": { "内容": "みのり介護サービスステーション【訪問介護】埼玉県深谷市櫛引１４１－１", "url": "https://www.kaigokensaku.mhlw.go.jp/11/index.php?action_kouhyou_detail_004_kani=true&JigyosyoCd=1174600583-00&ServiceCd=110&Type=search", "url2": null }, "geometry": { "type": "Point", "coordinates": [ 139.2411697, 36.1753259 ] } },
{ "type": "Feature", "properties": { "内容": "エンゼル訪問介護センター【訪問介護】埼玉県深谷市今泉625", "url": "https://www.kaigokensaku.mhlw.go.jp/11/index.php?action_kouhyou_detail_004_kani=true&JigyosyoCd=1174500460-00&ServiceCd=110&Type=search", "url2": "http://www.enzel.jp" }, "geometry": { "type": "Point", "coordinates": [ 139.209497400000032, 36.1846462 ] } },
{ "type": "Feature", "properties": { "内容": "訪問介護センターえがおの里【訪問介護】埼玉県深谷市小前田２７９９－５", "url": "https://www.kaigokensaku.mhlw.go.jp/11/index.php?action_kouhyou_detail_004_kani=true&JigyosyoCd=1174501013-00&ServiceCd=110&Type=search", "url2": "https://zaitakufukushi.com" }, "geometry": { "type": "Point", "coordinates": [ 139.229923500000041, 36.1363163 ] } },
{ "type": "Feature", "properties": { "内容": "パプリカ訪問介護【訪問介護】埼玉県深谷市東方町5丁目16番地1コンフォート籠原602", "url": "https://www.kaigokensaku.mhlw.go.jp/11/index.php?action_kouhyou_detail_004_kani=true&JigyosyoCd=1174603033-00&ServiceCd=110&Type=search", "url2": null }, "geometry": { "type": "Point", "coordinates": [ 139.32192040000001, 36.1830068 ] } },
{ "type": "Feature", "properties": { "内容": "けあビジョン深谷東【訪問介護】埼玉県深谷市寿町3寿ハイツ103", "url": "https://www.kaigokensaku.mhlw.go.jp/11/index.php?action_kouhyou_detail_004_kani=true&JigyosyoCd=1174603009-00&ServiceCd=110&Type=search", "url2": null }, "geometry": { "type": "Point", "coordinates": [ 139.2867373, 36.1903068 ] } },
{ "type": "Feature", "properties": { "内容": "あねとす訪問介護【訪問介護】埼玉県深谷市人見1975番地", "url": "https://www.kaigokensaku.mhlw.go.jp/11/index.php?action_kouhyou_detail_004_kani=true&JigyosyoCd=1174601177-00&ServiceCd=110&Type=search", "url2": "https://homecare.koubunkai.jp/care/" }, "geometry": { "type": "Point", "coordinates": [ 139.26452740000002, 36.1622361 ] } },
{ "type": "Feature", "properties": { "内容": "けあビジョン深谷【訪問介護】埼玉県深谷市萱場225-11　根岸ビル1Ｆ", "url": "https://www.kaigokensaku.mhlw.go.jp/11/index.php?action_kouhyou_detail_004_kani=true&JigyosyoCd=1174601011-00&ServiceCd=110&Type=search", "url2": "http://www.visualvision.co.jp" }, "geometry": { "type": "Point", "coordinates": [ 139.265020161116013, 36.193808521607885 ] } },
{ "type": "Feature", "properties": { "内容": "株式会社　福祉の街　ふくしのまち深谷【訪問介護】深谷市岡部2016-1", "url": "https://www.kaigokensaku.mhlw.go.jp/11/index.php?action_kouhyou_detail_004_kani=true&JigyosyoCd=1174500742-00&ServiceCd=110&Type=search", "url2": "http://www.youism.co.jp" }, "geometry": { "type": "Point", "coordinates": [ 139.244666300000063, 36.1883051 ] } },
{ "type": "Feature", "properties": { "内容": "訪問介護さくら苑【訪問介護】深谷市東方４２９４－８", "url": "https://www.kaigokensaku.mhlw.go.jp/11/index.php?action_kouhyou_detail_004_kani=true&JigyosyoCd=1174600419-00&ServiceCd=110&Type=search", "url2": "http://www.sakuraen-fukaya.com/" }, "geometry": { "type": "Point", "coordinates": [ 139.315647600000034, 36.1786797 ] } },
{ "type": "Feature", "properties": { "内容": "訪問介護ステーションウェルネステラス深谷【訪問介護】埼玉県深谷市人見398", "url": "https://www.kaigokensaku.mhlw.go.jp/11/index.php?action_kouhyou_detail_004_kani=true&JigyosyoCd=1174602175-00&ServiceCd=110&Type=search", "url2": "https://www.wellness-terrace.co.jp/" }, "geometry": { "type": "Point", "coordinates": [ 139.277432207934567, 36.175789473822014 ] } },
{ "type": "Feature", "properties": { "内容": "ハローステーション【訪問介護】埼玉県深谷市人見479―1", "url": "https://www.kaigokensaku.mhlw.go.jp/11/index.php?action_kouhyou_detail_004_kani=true&JigyosyoCd=1174602688-00&ServiceCd=110&Type=search", "url2": "http://haro-men/com" }, "geometry": { "type": "Point", "coordinates": [ 139.2750638, 36.1742749 ] } },
{ "type": "Feature", "properties": { "内容": "ヘルパーステーションcasafirst【訪問介護】埼玉県深谷市東大沼303-3casafirst南館", "url": "https://www.kaigokensaku.mhlw.go.jp/11/index.php?action_kouhyou_detail_004_kani=true&JigyosyoCd=1174602753-00&ServiceCd=110&Type=search", "url2": null }, "geometry": { "type": "Point", "coordinates": [ 139.2816676, 36.2008634 ] } },
{ "type": "Feature", "properties": { "内容": "訪問介護　あいりす【訪問介護】埼玉県深谷市矢島７７９番地", "url": "https://www.kaigokensaku.mhlw.go.jp/11/index.php?action_kouhyou_detail_004_kani=true&JigyosyoCd=1174602324-00&ServiceCd=110&Type=search", "url2": null }, "geometry": { "type": "Point", "coordinates": [ 139.261667100000068, 36.2189272 ] } },
{ "type": "Feature", "properties": { "内容": "深谷南地域福祉事業所だんらん上柴訪問介護【訪問介護】深谷市上柴町西4丁目23番地8", "url": "https://www.kaigokensaku.mhlw.go.jp/11/index.php?action_kouhyou_detail_004_kani=true&JigyosyoCd=1174600567-00&ServiceCd=110&Type=search", "url2": "http://center.roukyou.gr.jp" }, "geometry": { "type": "Point", "coordinates": [ 139.293233500000042, 36.1796575 ] } },
{ "type": "Feature", "properties": { "内容": "社会福祉法人深谷市社会福祉協議会深谷事業所【訪問介護】埼玉県深谷市本住町12番8号", "url": "https://www.kaigokensaku.mhlw.go.jp/11/index.php?action_kouhyou_detail_004_kani=true&JigyosyoCd=1174600773-00&ServiceCd=110&Type=search", "url2": "http://fukaya-shakyo.jimdoweb.com/" }, "geometry": { "type": "Point", "coordinates": [ 139.285833, 36.197066 ] } },
{ "type": "Feature", "properties": { "内容": "社会福祉法人深谷市社会福祉協議会花園事業所【訪問介護】深谷市小前田1183番地1", "url": "https://www.kaigokensaku.mhlw.go.jp/11/index.php?action_kouhyou_detail_004_kani=true&JigyosyoCd=1174600781-00&ServiceCd=110&Type=search", "url2": "http://www.city.fukaya.saitama.jp/shakyo" }, "geometry": { "type": "Point", "coordinates": [ 139.222704515361556, 36.127539621970655 ] } },
{ "type": "Feature", "properties": { "内容": "在宅介護深谷【訪問介護】埼玉県深谷市上野台306-1", "url": "https://www.kaigokensaku.mhlw.go.jp/11/index.php?action_kouhyou_detail_004_kani=true&JigyosyoCd=1174600716-00&ServiceCd=110&Type=search", "url2": "http://lifeplan-kaigo.jp/" }, "geometry": { "type": "Point", "coordinates": [ 139.277976715344238, 36.187174823954578 ] } },
{ "type": "Feature", "properties": { "内容": "訪問介護いろは【訪問介護】武蔵野６２４", "url": "https://www.kaigokensaku.mhlw.go.jp/11/index.php?action_kouhyou_detail_004_kani=true&JigyosyoCd=1174602993-00&ServiceCd=110&Type=search", "url2": null }, "geometry": { "type": "Point", "coordinates": [ 139.5660882, 35.7176916 ] } },
{ "type": "Feature", "properties": { "内容": "訪問介護事業所昭和の里　深谷永田【訪問介護】埼玉県深谷市永田53-1", "url": "https://www.kaigokensaku.mhlw.go.jp/11/index.php?action_kouhyou_detail_004_kani=true&JigyosyoCd=1174603066-00&ServiceCd=110&Type=search", "url2": null }, "geometry": { "type": "Point", "coordinates": [ 139.2621459, 36.1340388 ] } },
{ "type": "Feature", "properties": { "内容": "Lifeis訪問介護【訪問介護】埼玉県深谷市針ヶ谷６９０番地２", "url": "https://www.kaigokensaku.mhlw.go.jp/11/index.php?action_kouhyou_detail_004_kani=true&JigyosyoCd=1174602886-00&ServiceCd=110&Type=search", "url2": "https://life-is2525.com" }, "geometry": { "type": "Point", "coordinates": [ 139.2237543, 36.1876588 ] } },
{ "type": "Feature", "properties": { "内容": "ヘルパーステーションのぞみ【訪問介護】埼玉県深谷市上原５４７番地", "url": "https://www.kaigokensaku.mhlw.go.jp/11/index.php?action_kouhyou_detail_004_kani=true&JigyosyoCd=1174601276-00&ServiceCd=110&Type=search", "url2": "https://www.nozomikai.jp" }, "geometry": { "type": "Point", "coordinates": [ 139.286610500000052, 36.2055264 ] } },
{ "type": "Feature", "properties": { "内容": "ライフサポート　城南【訪問介護】埼玉県深谷市人見758-2", "url": "https://www.kaigokensaku.mhlw.go.jp/11/index.php?action_kouhyou_detail_004_kani=true&JigyosyoCd=1174600435-00&ServiceCd=110&Type=search", "url2": "http://www.jonan-g.co.jp/contents/kaigo/top.html" }, "geometry": { "type": "Point", "coordinates": [ 139.275613739948398, 36.166347789738083 ] } },
{ "type": "Feature", "properties": { "内容": "訪問介護事業所どんぐり花園【訪問介護】小前田1537フラワーマンション106", "url": "https://www.kaigokensaku.mhlw.go.jp/11/index.php?action_kouhyou_detail_004_kani=true&JigyosyoCd=1174501617-00&ServiceCd=110&Type=search", "url2": null }, "geometry": { "type": "Point", "coordinates": [ 139.226761399999987, 36.1280281 ] } },
{ "type": "Feature", "properties": { "内容": "どんぐり小前田【訪問介護】小前田1537フラワーマンション103", "url": "https://www.kaigokensaku.mhlw.go.jp/11/index.php?action_kouhyou_detail_004_kani=true&JigyosyoCd=1174602969-00&ServiceCd=110&Type=search", "url2": null }, "geometry": { "type": "Point", "coordinates": [ 139.226761399999987, 36.1280281 ] } },
{ "type": "Feature", "properties": { "内容": "どんぐり寄居【訪問介護】2340-5フラワーコーポB101", "url": "https://www.kaigokensaku.mhlw.go.jp/11/index.php?action_kouhyou_detail_004_kani=true&JigyosyoCd=1174602670-00&ServiceCd=110&Type=search", "url2": null }, "geometry": { "type": "Point", "coordinates": [ 139.2822, 36.192604 ] } },
{ "type": "Feature", "properties": { "内容": "訪問介護　ぼだい樹【訪問介護】埼玉県深谷市上柴町東５－１１－４", "url": "https://www.kaigokensaku.mhlw.go.jp/11/index.php?action_kouhyou_detail_004_kani=true&JigyosyoCd=1173100882-00&ServiceCd=110&Type=search", "url2": null }, "geometry": { "type": "Point", "coordinates": [ 139.300529500000039, 36.1784265 ] } },
{ "type": "Feature", "properties": { "内容": "ヘルパーステーションアンテナ【訪問介護】深谷市上野台3050-4ハイムウィステリアB102", "url": "https://www.kaigokensaku.mhlw.go.jp/11/index.php?action_kouhyou_detail_004_kani=true&JigyosyoCd=1174602571-00&ServiceCd=110&Type=search", "url2": "http://hp.kaipoke.biz/98c/" }, "geometry": { "type": "Point", "coordinates": [ 139.2737075, 36.1846784 ] } },
{ "type": "Feature", "properties": { "内容": "訪問介護こむぎ【訪問介護】埼玉県深谷市桜ケ丘39ワイズビルディング２F", "url": "https://www.kaigokensaku.mhlw.go.jp/11/index.php?action_kouhyou_detail_004_kani=true&JigyosyoCd=1174603173-00&ServiceCd=110&Type=search", "url2": "https://vision-lsg.co.jp/" }, "geometry": { "type": "Point", "coordinates": [ 139.285403, 36.1853972 ] } },
{ "type": "Feature", "properties": { "内容": "訪問介護ゆたかけあ【訪問介護】埼玉県上尾市富士見1丁目17-4富士見団地", "url": "https://www.kaigokensaku.mhlw.go.jp/11/index.php?action_kouhyou_detail_004_kani=true&JigyosyoCd=1171603184-00&ServiceCd=110&Type=search", "url2": "https://home.yutaka-care.com/" }, "geometry": { "type": "Point", "coordinates": [ 139.58553710000001, 35.9657226 ] } },
{ "type": "Feature", "properties": { "内容": "愛サポートセンター【訪問介護】埼玉県上尾市大字上野239番地7", "url": "https://www.kaigokensaku.mhlw.go.jp/11/index.php?action_kouhyou_detail_004_kani=true&JigyosyoCd=1171602426-00&ServiceCd=110&Type=search", "url2": "houmon-kaigo.wixsite.com" }, "geometry": { "type": "Point", "coordinates": [ 139.562411600000019, 35.9498734 ] } },
{ "type": "Feature", "properties": { "内容": "学研ココファン東大宮ヘルパーセンター【訪問介護】埼玉県上尾市瓦葺1902-1ココファン東大宮", "url": "https://www.kaigokensaku.mhlw.go.jp/11/index.php?action_kouhyou_detail_004_kani=true&JigyosyoCd=1171601774-00&ServiceCd=110&Type=search", "url2": null }, "geometry": { "type": "Point", "coordinates": [ 139.6363245, 35.9597766 ] } },
{ "type": "Feature", "properties": { "内容": "ケアセンター北上尾【訪問介護】埼玉県上尾市中分2丁目191番地", "url": "https://www.kaigokensaku.mhlw.go.jp/11/index.php?action_kouhyou_detail_004_kani=true&JigyosyoCd=1171603010-00&ServiceCd=110&Type=search", "url2": "http://www.c-human.co.jp" }, "geometry": { "type": "Point", "coordinates": [ 139.55747070000001, 35.9729151 ] } },
{ "type": "Feature", "properties": { "内容": "やさしい手上尾訪問介護事業所【訪問介護】埼玉県上尾市柏座1-12-20天沼ビル2階", "url": "https://www.kaigokensaku.mhlw.go.jp/11/index.php?action_kouhyou_detail_004_kani=true&JigyosyoCd=1171601451-00&ServiceCd=110&Type=search", "url2": "http://www.yasashiite.com/" }, "geometry": { "type": "Point", "coordinates": [ 139.586660947850447, 35.973395019868128 ] } },
{ "type": "Feature", "properties": { "内容": "訪問介護事業所　葺きの里【訪問介護】上尾市大字瓦葺2143番2", "url": "https://www.kaigokensaku.mhlw.go.jp/11/index.php?action_kouhyou_detail_004_kani=true&JigyosyoCd=1171600420-00&ServiceCd=110&Type=search", "url2": "http://www.fukinosato.org/" }, "geometry": { "type": "Point", "coordinates": [ 139.648173499999984, 35.9571917 ] } },
{ "type": "Feature", "properties": { "内容": "ケアメディカル上尾訪問介護事業所【訪問介護】埼玉県上尾市小泉9-24-1ケアガーデン上尾", "url": "https://www.kaigokensaku.mhlw.go.jp/11/index.php?action_kouhyou_detail_004_kani=true&JigyosyoCd=1171602806-00&ServiceCd=110&Type=search", "url2": "https://care-medical.co.jp/" }, "geometry": { "type": "Point", "coordinates": [ 139.561029600000012, 35.9753609 ] } },
{ "type": "Feature", "properties": { "内容": "フルール上尾訪問介護【訪問介護】埼玉県上尾市今泉三丁目5番地7フルール上尾", "url": "https://www.kaigokensaku.mhlw.go.jp/11/index.php?action_kouhyou_detail_004_kani=true&JigyosyoCd=1171602509-00&ServiceCd=110&Type=search", "url2": "http://fleur-ageo.jp/" }, "geometry": { "type": "Point", "coordinates": [ 139.575738099999967, 35.9634016 ] } },
{ "type": "Feature", "properties": { "内容": "いこい訪問ケアステーション【訪問介護】埼玉県上尾市平塚852-2", "url": "https://www.kaigokensaku.mhlw.go.jp/11/index.php?action_kouhyou_detail_004_kani=true&JigyosyoCd=1171602848-00&ServiceCd=110&Type=search", "url2": null }, "geometry": { "type": "Point", "coordinates": [ 139.6091535, 35.9820634 ] } },
{ "type": "Feature", "properties": { "内容": "訪問介護　彩のあげお【訪問介護】埼玉県上尾市原市中3-6-28（1F左）", "url": "https://www.kaigokensaku.mhlw.go.jp/11/index.php?action_kouhyou_detail_004_kani=true&JigyosyoCd=1171603168-00&ServiceCd=110&Type=search", "url2": "https://sai-jp.com" }, "geometry": { "type": "Point", "coordinates": [ 139.6227945, 35.9626281 ] } },
{ "type": "Feature", "properties": { "内容": "東京海上日動みずたま介護ＳＴ上尾【訪問介護】埼玉県上尾市宮本町13-9モアニビル1階", "url": "https://www.kaigokensaku.mhlw.go.jp/11/index.php?action_kouhyou_detail_004_kani=true&JigyosyoCd=1171602467-00&ServiceCd=110&Type=search", "url2": "https://www.mizutama-kaigo.jp/stations/ageo/" }, "geometry": { "type": "Point", "coordinates": [ 139.591940882486426, 35.976851931470215 ] } },
{ "type": "Feature", "properties": { "内容": "上尾ハートヘルパーステーション【訪問介護】埼玉県上尾市浅間台４－１０－３９ハートヴィレッジ上尾浅間台内", "url": "https://www.kaigokensaku.mhlw.go.jp/11/index.php?action_kouhyou_detail_004_kani=true&JigyosyoCd=1171602368-00&ServiceCd=110&Type=search", "url2": null }, "geometry": { "type": "Point", "coordinates": [ 139.569574861224424, 35.979224560666054 ] } },
{ "type": "Feature", "properties": { "内容": "訪問介護いっしん上尾【訪問介護】埼玉県上尾市本町4-8-19", "url": "https://www.kaigokensaku.mhlw.go.jp/11/index.php?action_kouhyou_detail_004_kani=true&JigyosyoCd=1171601832-00&ServiceCd=110&Type=search", "url2": "https://isshin.gr.jp/index.php" }, "geometry": { "type": "Point", "coordinates": [ 139.595895204814155, 35.980886835772644 ] } },
{ "type": "Feature", "properties": { "内容": "医心館訪問介護ステーション上尾【訪問介護】埼玉県上尾市緑丘三丁目2番25号", "url": "https://www.kaigokensaku.mhlw.go.jp/11/index.php?action_kouhyou_detail_004_kani=true&JigyosyoCd=1171602871-00&ServiceCd=110&Type=search", "url2": null }, "geometry": { "type": "Point", "coordinates": [ 139.5800462, 35.9860928 ] } },
{ "type": "Feature", "properties": { "内容": "ニチイケアセンター上尾【訪問介護】埼玉県上尾市仲町1-5-10　京屋ビル　2F", "url": "https://www.kaigokensaku.mhlw.go.jp/11/index.php?action_kouhyou_detail_004_kani=true&JigyosyoCd=1171600131-00&ServiceCd=110&Type=search", "url2": "http://www.nichiigakkan.co.jp" }, "geometry": { "type": "Point", "coordinates": [ 139.591571899999963, 35.9720768 ] } },
{ "type": "Feature", "properties": { "内容": "訪問介護ステーション花笑【訪問介護】泉台3-22-7PARKHILLSⅡ-101号", "url": "https://www.kaigokensaku.mhlw.go.jp/11/index.php?action_kouhyou_detail_004_kani=true&JigyosyoCd=1171602285-00&ServiceCd=110&Type=search", "url2": "https://joinus-i.com/" }, "geometry": { "type": "Point", "coordinates": [ 139.551761599999963, 35.9915145 ] } },
{ "type": "Feature", "properties": { "内容": "株式会社　ひまわりケアサポート【訪問介護】埼玉県上尾市小泉四丁目19番地1", "url": "https://www.kaigokensaku.mhlw.go.jp/11/index.php?action_kouhyou_detail_004_kani=true&JigyosyoCd=1171601055-00&ServiceCd=110&Type=search", "url2": "http://ひまわりケアサポート.com/" }, "geometry": { "type": "Point", "coordinates": [ 139.565841500000033, 35.9745861 ] } },
{ "type": "Feature", "properties": { "内容": "みやぎ訪問介護ステーション【訪問介護】埼玉県上尾市大字上1127－36", "url": "https://www.kaigokensaku.mhlw.go.jp/11/index.php?action_kouhyou_detail_004_kani=true&JigyosyoCd=1171602822-00&ServiceCd=110&Type=search", "url2": "https://aqua112.com/" }, "geometry": { "type": "Point", "coordinates": [ 139.573604402774038, 36.009325946116121 ] } },
{ "type": "Feature", "properties": { "内容": "けあビジョン上尾【訪問介護】埼玉県上尾市上町１－１－１４", "url": "https://www.kaigokensaku.mhlw.go.jp/11/index.php?action_kouhyou_detail_004_kani=true&JigyosyoCd=1171600339-00&ServiceCd=110&Type=search", "url2": "http://www.visualvision.co.jp" }, "geometry": { "type": "Point", "coordinates": [ 139.588544899999988, 35.9747779 ] } },
{ "type": "Feature", "properties": { "内容": "アールスタッフ上尾ケアサービス【訪問介護】上尾市向山2-40-1上尾アクアヒルズ　101号室", "url": "https://www.kaigokensaku.mhlw.go.jp/11/index.php?action_kouhyou_detail_004_kani=true&JigyosyoCd=1171600404-00&ServiceCd=110&Type=search", "url2": "http://www.r-staff.jp/" }, "geometry": { "type": "Point", "coordinates": [ 139.578500100000014, 35.9571172 ] } },
{ "type": "Feature", "properties": { "内容": "訪問介護事業所　パストーン浅間台【訪問介護】埼玉県上尾市浅間台２－１７－１", "url": "https://www.kaigokensaku.mhlw.go.jp/11/index.php?action_kouhyou_detail_004_kani=true&JigyosyoCd=1171600602-00&ServiceCd=110&Type=search", "url2": "https://www.pastone.or.jp/" }, "geometry": { "type": "Point", "coordinates": [ 139.574354299999982, 35.9797384 ] } },
{ "type": "Feature", "properties": { "内容": "けあビジョン上尾西【訪問介護】埼玉県上尾市柏座3-10-10富士見荘C棟103", "url": "https://www.kaigokensaku.mhlw.go.jp/11/index.php?action_kouhyou_detail_004_kani=true&JigyosyoCd=1171602921-00&ServiceCd=110&Type=search", "url2": null }, "geometry": { "type": "Point", "coordinates": [ 139.579821, 35.9722526 ] } },
{ "type": "Feature", "properties": { "内容": "医療生協さいたまヘルパーステーションかもがわ【訪問介護】上尾市弁財1－6－1　第2ふじみハイツ1－Ｆ", "url": "https://www.kaigokensaku.mhlw.go.jp/11/index.php?action_kouhyou_detail_004_kani=true&JigyosyoCd=1161690072-00&ServiceCd=110&Type=search", "url2": null }, "geometry": { "type": "Point", "coordinates": [ 139.5766625, 35.9694855 ] } },
{ "type": "Feature", "properties": { "内容": "レジデンス上尾【訪問介護】上平中央3-25-1サービス付き高齢者向け住宅レジデンス上尾", "url": "https://www.kaigokensaku.mhlw.go.jp/11/index.php?action_kouhyou_detail_004_kani=true&JigyosyoCd=1171603119-00&ServiceCd=110&Type=search", "url2": "http://senior-life．jp/" }, "geometry": { "type": "Point", "coordinates": [ 139.5872396, 35.9926355 ] } },
{ "type": "Feature", "properties": { "内容": "ザイツー【訪問介護】埼玉県上尾市浅間台一丁目7番地2サンシャイン浅間台101号室", "url": "https://www.kaigokensaku.mhlw.go.jp/11/index.php?action_kouhyou_detail_004_kani=true&JigyosyoCd=1171600511-00&ServiceCd=110&Type=search", "url2": "https://www.zaitsu-kaigo.com" }, "geometry": { "type": "Point", "coordinates": [ 139.5780757, 35.9833859 ] } },
{ "type": "Feature", "properties": { "内容": "訪問介護上尾ひまわり【訪問介護】埼玉県上尾市小泉六丁目33番地1メディカルケア上尾ひまわり", "url": "https://www.kaigokensaku.mhlw.go.jp/11/index.php?action_kouhyou_detail_004_kani=true&JigyosyoCd=1171602962-00&ServiceCd=110&Type=search", "url2": "http://ひまわりケアサポート.com/" }, "geometry": { "type": "Point", "coordinates": [ 139.564315498147607, 35.97260081413895 ] } },
{ "type": "Feature", "properties": { "内容": "有限会社ハートフル・ガーデン【訪問介護】埼玉県上尾市原市3669番地の1", "url": "https://www.kaigokensaku.mhlw.go.jp/11/index.php?action_kouhyou_detail_004_kani=true&JigyosyoCd=1171600529-00&ServiceCd=110&Type=search", "url2": "http://hfg-t.net" }, "geometry": { "type": "Point", "coordinates": [ 139.6221617, 35.9675353 ] } },
{ "type": "Feature", "properties": { "内容": "ほっと・ケアライフ東大宮【訪問介護】瓦葺2423-1ハーウィル東大宮", "url": "https://www.kaigokensaku.mhlw.go.jp/11/index.php?action_kouhyou_detail_004_kani=true&JigyosyoCd=1171602160-00&ServiceCd=110&Type=search", "url2": "http:/www.hot-carelife.com" }, "geometry": { "type": "Point", "coordinates": [ 139.645793034393364, 35.960363720303846 ] } },
{ "type": "Feature", "properties": { "内容": "コープみらい上尾介護センター【訪問介護】上尾市二ツ宮920-1", "url": "https://www.kaigokensaku.mhlw.go.jp/11/index.php?action_kouhyou_detail_004_kani=true&JigyosyoCd=1171600792-00&ServiceCd=110&Type=search", "url2": "http://mirai.coopnet.or.jp/" }, "geometry": { "type": "Point", "coordinates": [ 139.604829399999971, 35.980461 ] } },
{ "type": "Feature", "properties": { "内容": "寿ケアセンター【訪問介護】埼玉県上尾市小敷谷66-2", "url": "https://www.kaigokensaku.mhlw.go.jp/11/index.php?action_kouhyou_detail_004_kani=true&JigyosyoCd=1171600453-00&ServiceCd=110&Type=search", "url2": "https://www.kotobuki-care.jp/" }, "geometry": { "type": "Point", "coordinates": [ 139.564759641000336, 35.956192419762239 ] } },
{ "type": "Feature", "properties": { "内容": "ケアサービスまどか【訪問介護】埼玉県上尾市日の出１丁目4-28", "url": "https://www.kaigokensaku.mhlw.go.jp/11/index.php?action_kouhyou_detail_004_kani=true&JigyosyoCd=1171602954-00&ServiceCd=110&Type=search", "url2": null }, "geometry": { "type": "Point", "coordinates": [ 139.6035747, 35.9637125 ] } },
{ "type": "Feature", "properties": { "内容": "株式会社　ビジュアルビジョン【訪問介護】埼玉県上尾市上町一丁目1番14号", "url": "https://www.kaigokensaku.mhlw.go.jp/11/index.php?action_kouhyou_detail_004_kani=true&JigyosyoCd=1171603267-00&ServiceCd=110&Type=search", "url2": "visualvision.co.jp" }, "geometry": { "type": "Point", "coordinates": [ 139.5885594, 35.9747402 ] } },
{ "type": "Feature", "properties": { "内容": "はると訪問介護ステーション【訪問介護】埼玉県上尾市小敷谷961-2メゾン・ドゥ・アンソレイ106", "url": "https://www.kaigokensaku.mhlw.go.jp/11/index.php?action_kouhyou_detail_004_kani=true&JigyosyoCd=1171602566-00&ServiceCd=110&Type=search", "url2": "www.arrow-net.com" }, "geometry": { "type": "Point", "coordinates": [ 139.5582091, 35.9640599 ] } },
{ "type": "Feature", "properties": { "内容": "社会福祉法人上尾市社会福祉協議会【訪問介護】埼玉県上尾市大字平塚７２４番地上尾市総合福祉センター", "url": "https://www.kaigokensaku.mhlw.go.jp/11/index.php?action_kouhyou_detail_004_kani=true&JigyosyoCd=1171600016-00&ServiceCd=110&Type=search", "url2": "http://www.ageo-shakyo.or.jp" }, "geometry": { "type": "Point", "coordinates": [ 139.613622, 35.9836691 ] } },
{ "type": "Feature", "properties": { "内容": "ホームヘルパーステーション　福寿草【訪問介護】埼玉県草加市谷塚1-9-14グリーンライフビル3F", "url": "https://www.kaigokensaku.mhlw.go.jp/11/index.php?action_kouhyou_detail_004_kani=true&JigyosyoCd=1171803487-00&ServiceCd=110&Type=search", "url2": null }, "geometry": { "type": "Point", "coordinates": [ 139.800579699999986, 35.8122873 ] } },
{ "type": "Feature", "properties": { "内容": "介護クラーク草加松原【訪問介護】埼玉県草加市中根2丁目10番12号", "url": "https://www.kaigokensaku.mhlw.go.jp/11/index.php?action_kouhyou_detail_004_kani=true&JigyosyoCd=1171803495-00&ServiceCd=110&Type=search", "url2": "https://cuc-hospice.com/rehope/" }, "geometry": { "type": "Point", "coordinates": [ 139.6764629, 35.6142988 ] } },
{ "type": "Feature", "properties": { "内容": "訪問介護ステーション地域ケアそうか【訪問介護】埼玉県草加市高砂1₋12-48ドーム・ヨシタケⅠ　ⅠC", "url": "https://www.kaigokensaku.mhlw.go.jp/11/index.php?action_kouhyou_detail_004_kani=true&JigyosyoCd=1171803305-00&ServiceCd=110&Type=search", "url2": "https://www.gakudan.org/" }, "geometry": { "type": "Point", "coordinates": [ 139.8054747, 35.8250873 ] } },
{ "type": "Feature", "properties": { "内容": "和楽ヘルパーセンター【訪問介護】草加市氷川町８３０－１－２０５", "url": "https://www.kaigokensaku.mhlw.go.jp/11/index.php?action_kouhyou_detail_004_kani=true&JigyosyoCd=1171801721-00&ServiceCd=110&Type=search", "url2": null }, "geometry": { "type": "Point", "coordinates": [ 139.798875088009481, 35.826322956386655 ] } },
{ "type": "Feature", "properties": { "内容": "ひまわりケア【訪問介護】埼玉県草加市谷塚町６４７－８", "url": "https://www.kaigokensaku.mhlw.go.jp/11/index.php?action_kouhyou_detail_004_kani=true&JigyosyoCd=1171803065-00&ServiceCd=110&Type=search", "url2": null }, "geometry": { "type": "Point", "coordinates": [ 139.8011195, 35.8148541 ] } },
{ "type": "Feature", "properties": { "内容": "訪問介護リベル　草加【訪問介護】埼玉県草加市草加２丁目14番25号ドミールイソダA棟202号室", "url": "https://www.kaigokensaku.mhlw.go.jp/11/index.php?action_kouhyou_detail_004_kani=true&JigyosyoCd=1171803511-00&ServiceCd=110&Type=search", "url2": null }, "geometry": { "type": "Point", "coordinates": [ 139.7993389, 35.8345948 ] } },
{ "type": "Feature", "properties": { "内容": "訪問介護事業所　草加キングス・ガーデン【訪問介護】埼玉県草加市新里町989-1", "url": "https://www.kaigokensaku.mhlw.go.jp/11/index.php?action_kouhyou_detail_004_kani=true&JigyosyoCd=1171800574-00&ServiceCd=110&Type=search", "url2": "http://www1.jcn-knt.jp/sokakg/" }, "geometry": { "type": "Point", "coordinates": [ 139.777008628954263, 35.816366211705905 ] } },
{ "type": "Feature", "properties": { "内容": "ニチイケアセンター草加高砂【訪問介護】埼玉県草加市高砂1－10－45", "url": "https://www.kaigokensaku.mhlw.go.jp/11/index.php?action_kouhyou_detail_004_kani=true&JigyosyoCd=1171800152-00&ServiceCd=110&Type=search", "url2": "http://www.nichiigakkan.co.jp" }, "geometry": { "type": "Point", "coordinates": [ 139.80518840000002, 35.8248547 ] } },
{ "type": "Feature", "properties": { "内容": "プラチナ・訪問介護ステーション草加【訪問介護】埼玉県草加市新栄三丁目3番地16", "url": "https://www.kaigokensaku.mhlw.go.jp/11/index.php?action_kouhyou_detail_004_kani=true&JigyosyoCd=1171801929-00&ServiceCd=110&Type=search", "url2": "http://www.lakes21.co.jp" }, "geometry": { "type": "Point", "coordinates": [ 139.767807494230283, 35.860605789714207 ] } },
{ "type": "Feature", "properties": { "内容": "ＳＯＭＰＯケア　草加谷塚　訪問介護【訪問介護】埼玉県草加市谷塚町1363-1リレント谷塚Ⅱ　1-Ｃ号室", "url": "https://www.kaigokensaku.mhlw.go.jp/11/index.php?action_kouhyou_detail_004_kani=true&JigyosyoCd=1171802752-00&ServiceCd=110&Type=search", "url2": "https://www.sompocare.com" }, "geometry": { "type": "Point", "coordinates": [ 139.802175, 35.8181836 ] } },
{ "type": "Feature", "properties": { "内容": "社会福祉法人　草加市社会福祉協議会【訪問介護】埼玉県草加市松江1-1-32", "url": "https://www.kaigokensaku.mhlw.go.jp/11/index.php?action_kouhyou_detail_004_kani=true&JigyosyoCd=1171800269-00&ServiceCd=110&Type=search", "url2": "https://www.soka-shakyo.jp" }, "geometry": { "type": "Point", "coordinates": [ 139.806071100000054, 35.8436602 ] } },
{ "type": "Feature", "properties": { "内容": "めいと草加訪問介護事業所【訪問介護】松原5-12-15", "url": "https://www.kaigokensaku.mhlw.go.jp/11/index.php?action_kouhyou_detail_004_kani=true&JigyosyoCd=1171802729-00&ServiceCd=110&Type=search", "url2": null }, "geometry": { "type": "Point", "coordinates": [ 139.65079962883604, 35.660810941584934 ] } },
{ "type": "Feature", "properties": { "内容": "ケアリッツ草加【訪問介護】埼玉県草加市栄町3-2-13栄ビル303", "url": "https://www.kaigokensaku.mhlw.go.jp/11/index.php?action_kouhyou_detail_004_kani=true&JigyosyoCd=1171803040-00&ServiceCd=110&Type=search", "url2": "https://www.careritz.co.jp/station/branch/soka/" }, "geometry": { "type": "Point", "coordinates": [ 139.802140797406736, 35.844868855908381 ] } },
{ "type": "Feature", "properties": { "内容": "ケアリッツ谷塚【訪問介護】埼玉県草加市瀬崎3-34-1髙林ビル3階", "url": "https://www.kaigokensaku.mhlw.go.jp/11/index.php?action_kouhyou_detail_004_kani=true&JigyosyoCd=1171803057-00&ServiceCd=110&Type=search", "url2": "https://www.careritz.co.jp/station/branch/yatsuka/" }, "geometry": { "type": "Point", "coordinates": [ 139.803094050297204, 35.812763766219796 ] } },
{ "type": "Feature", "properties": { "内容": "ニチイケアセンター草加住吉【訪問介護】埼玉県草加市住吉1-11-38", "url": "https://www.kaigokensaku.mhlw.go.jp/11/index.php?action_kouhyou_detail_004_kani=true&JigyosyoCd=1171800848-00&ServiceCd=110&Type=search", "url2": "http://www.nichiigakkan.co.jp" }, "geometry": { "type": "Point", "coordinates": [ 139.8044049, 35.8327895 ] } },
{ "type": "Feature", "properties": { "内容": "訪問介護本舗　のぞみ【訪問介護】埼玉県草加市青柳5丁目28－10首都圏NSプラザいin草加青柳　202号室", "url": "https://www.kaigokensaku.mhlw.go.jp/11/index.php?action_kouhyou_detail_004_kani=true&JigyosyoCd=1171803123-00&ServiceCd=110&Type=search", "url2": "https://dayservicehonpo.jp/houmonnozomi/" }, "geometry": { "type": "Point", "coordinates": [ 139.81335677116391, 35.855439208613674 ] } },
{ "type": "Feature", "properties": { "内容": "ケア・アシスト柚【訪問介護】埼玉県草加市谷塚町1859番地3", "url": "https://www.kaigokensaku.mhlw.go.jp/11/index.php?action_kouhyou_detail_004_kani=true&JigyosyoCd=1171802018-00&ServiceCd=110&Type=search", "url2": null }, "geometry": { "type": "Point", "coordinates": [ 139.791834200000039, 35.8184889 ] } },
{ "type": "Feature", "properties": { "内容": "ヘルパーステーションかしの木【訪問介護】埼玉県草加市草加１－８－１３", "url": "https://www.kaigokensaku.mhlw.go.jp/11/index.php?action_kouhyou_detail_004_kani=true&JigyosyoCd=1171800319-00&ServiceCd=110&Type=search", "url2": "http://www.mcp-saitama.or.jp" }, "geometry": { "type": "Point", "coordinates": [ 139.803217, 35.8354836 ] } },
{ "type": "Feature", "properties": { "内容": "マーヤケアセンター有限会社【訪問介護】草加市柳島町１９９番地１１", "url": "https://www.kaigokensaku.mhlw.go.jp/11/index.php?action_kouhyou_detail_004_kani=true&JigyosyoCd=1171800970-00&ServiceCd=110&Type=search", "url2": "http://www.ma-yacare:jp" }, "geometry": { "type": "Point", "coordinates": [ 139.788276099999962, 35.8206857 ] } },
{ "type": "Feature", "properties": { "内容": "ホームヘルプサービス事業草加園【訪問介護】埼玉県草加市苗塚町200番地2", "url": "https://www.kaigokensaku.mhlw.go.jp/11/index.php?action_kouhyou_detail_004_kani=true&JigyosyoCd=1171800210-00&ServiceCd=110&Type=search", "url2": "http://www.sokaen.or.jp/" }, "geometry": { "type": "Point", "coordinates": [ 139.7858288, 35.8327945 ] } },
{ "type": "Feature", "properties": { "内容": "株式会社メディトピア　さいゆう介護ステーション【訪問介護】松原4丁目1番6-1号さいゆう4thヴィレッジ2階", "url": "https://www.kaigokensaku.mhlw.go.jp/11/index.php?action_kouhyou_detail_004_kani=true&JigyosyoCd=1161890078-00&ServiceCd=110&Type=search", "url2": "http://www.meditopia-saitama.com/" }, "geometry": { "type": "Point", "coordinates": [ 139.792228396231309, 35.840993395777303 ] } },
{ "type": "Feature", "properties": { "内容": "ツクイ草加駅前【訪問介護】高砂２－１８－１６藤本ビル２階", "url": "https://www.kaigokensaku.mhlw.go.jp/11/index.php?action_kouhyou_detail_004_kani=true&JigyosyoCd=1171803222-00&ServiceCd=110&Type=search", "url2": "https://www.tsukui.net/home-care/2788/" }, "geometry": { "type": "Point", "coordinates": [ 139.8053783, 35.8286402 ] } },
{ "type": "Feature", "properties": { "内容": "ヘルパーステーションさんわ【訪問介護】埼玉県草加市両新田西町438－8", "url": "https://www.kaigokensaku.mhlw.go.jp/11/index.php?action_kouhyou_detail_004_kani=true&JigyosyoCd=1171800756-00&ServiceCd=110&Type=search", "url2": "www.sanwa-group2004.com" }, "geometry": { "type": "Point", "coordinates": [ 139.786895417721553, 35.815886191366651 ] } },
{ "type": "Feature", "properties": { "内容": "訪問介護　さわやかたすけあい草加【訪問介護】埼玉県草加市谷塚町828-12", "url": "https://www.kaigokensaku.mhlw.go.jp/11/index.php?action_kouhyou_detail_004_kani=true&JigyosyoCd=1171803420-00&ServiceCd=110&Type=search", "url2": null }, "geometry": { "type": "Point", "coordinates": [ 139.8003366, 35.8168649 ] } },
{ "type": "Feature", "properties": { "内容": "エルケア株式会社　エルケア草加新田ケアセンター【訪問介護】埼玉県草加市旭町4-8-13　坂上店舗１階", "url": "https://www.kaigokensaku.mhlw.go.jp/11/index.php?action_kouhyou_detail_004_kani=true&JigyosyoCd=1171802646-00&ServiceCd=110&Type=search", "url2": "http://l-care.jp" }, "geometry": { "type": "Point", "coordinates": [ 139.795446199999986, 35.8508453 ] } },
{ "type": "Feature", "properties": { "内容": "ヘルパーステーションさんぽ【訪問介護】埼玉県草加市苗塚町124サニークレスト105", "url": "https://www.kaigokensaku.mhlw.go.jp/11/index.php?action_kouhyou_detail_004_kani=true&JigyosyoCd=1171801085-00&ServiceCd=110&Type=search", "url2": "http://www.hs-sanpo.jp/visit.html" }, "geometry": { "type": "Point", "coordinates": [ 139.783300700000012, 35.8311289 ] } },
{ "type": "Feature", "properties": { "内容": "ケアステーション　ゆずり葉【訪問介護】埼玉県草加市北谷1-22-1", "url": "https://www.kaigokensaku.mhlw.go.jp/11/index.php?action_kouhyou_detail_004_kani=true&JigyosyoCd=1171801986-00&ServiceCd=110&Type=search", "url2": null }, "geometry": { "type": "Point", "coordinates": [ 139.785691101081284, 35.842007266913406 ] } },
{ "type": "Feature", "properties": { "内容": "ヘルパーステーションミア草加長栄【訪問介護】長栄3丁目44番地7グッディワン101号室", "url": "https://www.kaigokensaku.mhlw.go.jp/11/index.php?action_kouhyou_detail_004_kani=true&JigyosyoCd=1171802802-00&ServiceCd=110&Type=search", "url2": "https://mer-g.co.jp/" }, "geometry": { "type": "Point", "coordinates": [ 139.771801399999958, 35.86005680000001 ] } },
{ "type": "Feature", "properties": { "内容": "ケアサポート　LUANA【訪問介護】埼玉県草加市北谷2丁目24番地4号", "url": "https://www.kaigokensaku.mhlw.go.jp/11/index.php?action_kouhyou_detail_004_kani=true&JigyosyoCd=1171802927-00&ServiceCd=110&Type=search", "url2": null }, "geometry": { "type": "Point", "coordinates": [ 139.7822472, 35.8414444 ] } },
{ "type": "Feature", "properties": { "内容": "訪問介護事業所　ケアハンズ【訪問介護】中根1-23-34グランステージ101号室", "url": "https://www.kaigokensaku.mhlw.go.jp/11/index.php?action_kouhyou_detail_004_kani=true&JigyosyoCd=1171802406-00&ServiceCd=110&Type=search", "url2": null }, "geometry": { "type": "Point", "coordinates": [ 139.8048516, 35.8489678 ] } },
{ "type": "Feature", "properties": { "内容": "おひさま介護サービス草加【訪問介護】埼玉県草加市高砂2-18-42川井ビル2階", "url": "https://www.kaigokensaku.mhlw.go.jp/11/index.php?action_kouhyou_detail_004_kani=true&JigyosyoCd=1171802851-00&ServiceCd=110&Type=search", "url2": "http://www.elderly.jp/" }, "geometry": { "type": "Point", "coordinates": [ 139.806014199999936, 35.8292621 ] } },
{ "type": "Feature", "properties": { "内容": "愛　ケアサービス【訪問介護】埼玉県草加市谷塚町628-6", "url": "https://www.kaigokensaku.mhlw.go.jp/11/index.php?action_kouhyou_detail_004_kani=true&JigyosyoCd=1171801457-00&ServiceCd=110&Type=search", "url2": "https://aicare-service.life" }, "geometry": { "type": "Point", "coordinates": [ 139.79997515686955, 35.814464933777117 ] } },
{ "type": "Feature", "properties": { "内容": "ケアセンター　ひだまり【訪問介護】埼玉県草加市長栄3丁目46番地１ルミエール長栄207", "url": "https://www.kaigokensaku.mhlw.go.jp/11/index.php?action_kouhyou_detail_004_kani=true&JigyosyoCd=1171801291-00&ServiceCd=110&Type=search", "url2": "http://care-net.biz/11/hidamari/" }, "geometry": { "type": "Point", "coordinates": [ 139.7735084527786, 35.85824421431645 ] } },
{ "type": "Feature", "properties": { "内容": "訪問介護ステーションらしく【訪問介護】埼玉県北谷1-21-37　北谷メディカルビレッジ201", "url": "https://www.kaigokensaku.mhlw.go.jp/11/index.php?action_kouhyou_detail_004_kani=true&JigyosyoCd=1171802612-00&ServiceCd=110&Type=search", "url2": null }, "geometry": { "type": "Point", "coordinates": [ 139.785300948231622, 35.842575158203729 ] } },
{ "type": "Feature", "properties": { "内容": "けあビジョン草加東【訪問介護】埼玉県草加市青柳8-5-372F", "url": "https://www.kaigokensaku.mhlw.go.jp/11/index.php?action_kouhyou_detail_004_kani=true&JigyosyoCd=1171803461-00&ServiceCd=110&Type=search", "url2": null }, "geometry": { "type": "Point", "coordinates": [ 139.817711763206859, 35.85702020298919 ] } },
{ "type": "Feature", "properties": { "内容": "ホームヘルプサービス　ソラスト草加【訪問介護】埼玉県草加市草加１丁目10番1号グリーンヒルズ1階", "url": "https://www.kaigokensaku.mhlw.go.jp/11/index.php?action_kouhyou_detail_004_kani=true&JigyosyoCd=1171802315-00&ServiceCd=110&Type=search", "url2": "http://www.solasto.co.jp" }, "geometry": { "type": "Point", "coordinates": [ 139.801041199999986, 35.834589100000038 ] } },
{ "type": "Feature", "properties": { "内容": "けあビジョン草加【訪問介護】埼玉県草加市旭町６－１３－１２", "url": "https://www.kaigokensaku.mhlw.go.jp/11/index.php?action_kouhyou_detail_004_kani=true&JigyosyoCd=1171801572-00&ServiceCd=110&Type=search", "url2": "http://www.visualvision.co.jp" }, "geometry": { "type": "Point", "coordinates": [ 139.791169399999944, 35.8517533 ] } },
{ "type": "Feature", "properties": { "内容": "ヘルパーステーションばなな【訪問介護】埼玉県草加市谷塚町1084-5", "url": "https://www.kaigokensaku.mhlw.go.jp/11/index.php?action_kouhyou_detail_004_kani=true&JigyosyoCd=1171801168-00&ServiceCd=110&Type=search", "url2": "http://www.banana-minori.jp" }, "geometry": { "type": "Point", "coordinates": [ 139.7942169, 35.812754 ] } },
{ "type": "Feature", "properties": { "内容": "ほっとケア　ここえ【訪問介護】埼玉県草加市谷塚上町659-7", "url": "https://www.kaigokensaku.mhlw.go.jp/11/index.php?action_kouhyou_detail_004_kani=true&JigyosyoCd=1171803180-00&ServiceCd=110&Type=search", "url2": null }, "geometry": { "type": "Point", "coordinates": [ 139.790009199999986, 35.8183147 ] } },
{ "type": "Feature", "properties": { "内容": "山桜＠草加訪問介護ステーション【訪問介護】埼玉県草加市中根1丁目14-12コーポハウスカモン303", "url": "https://www.kaigokensaku.mhlw.go.jp/11/index.php?action_kouhyou_detail_004_kani=true&JigyosyoCd=1171803107-00&ServiceCd=110&Type=search", "url2": "http://yamazakuragroup.com/" }, "geometry": { "type": "Point", "coordinates": [ 139.803816399999988, 35.8472569 ] } },
{ "type": "Feature", "properties": { "内容": "訪問介護事業所クォーターヴィレッジ【訪問介護】埼玉県草加市柿木町1084番", "url": "https://www.kaigokensaku.mhlw.go.jp/11/index.php?action_kouhyou_detail_004_kani=true&JigyosyoCd=1171801242-00&ServiceCd=110&Type=search", "url2": "http://care-net.biz/11/q-village/" }, "geometry": { "type": "Point", "coordinates": [ 139.825325825123826, 35.864535441955098 ] } },
{ "type": "Feature", "properties": { "内容": "訪問介護ケア　よつば【訪問介護】中根1-8-20", "url": "https://www.kaigokensaku.mhlw.go.jp/11/index.php?action_kouhyou_detail_004_kani=true&JigyosyoCd=1171803537-00&ServiceCd=110&Type=search", "url2": "https://428care.web-yahata.com/" }, "geometry": { "type": "Point", "coordinates": [ 139.674212, 35.6165818 ] } },
{ "type": "Feature", "properties": { "内容": "ベストケア草加【訪問介護】埼玉県草加市谷塚２－２７－３住宅型有料老人ホーム　ラヴィスタ草加", "url": "https://www.kaigokensaku.mhlw.go.jp/11/index.php?action_kouhyou_detail_004_kani=true&JigyosyoCd=1171802216-00&ServiceCd=110&Type=search", "url2": null }, "geometry": { "type": "Point", "coordinates": [ 139.795453700000053, 35.805694 ] } },
{ "type": "Feature", "properties": { "内容": "和美【訪問介護】埼玉県草加市草加5-8-20", "url": "https://www.kaigokensaku.mhlw.go.jp/11/index.php?action_kouhyou_detail_004_kani=true&JigyosyoCd=1171802836-00&ServiceCd=110&Type=search", "url2": "https://kazumi-service.localinfo.jp" }, "geometry": { "type": "Point", "coordinates": [ 139.802102310991188, 35.838790674224754 ] } },
{ "type": "Feature", "properties": { "内容": "ニチイケアセンター草加稲荷【訪問介護】埼玉県草加市稲荷４丁目４－３６", "url": "https://www.kaigokensaku.mhlw.go.jp/11/index.php?action_kouhyou_detail_004_kani=true&JigyosyoCd=1171800244-00&ServiceCd=110&Type=search", "url2": "http://www.nichiigakkan.co.jp" }, "geometry": { "type": "Point", "coordinates": [ 139.823683699999947, 35.8332538 ] } },
{ "type": "Feature", "properties": { "内容": "パーソナルサポート　風天座【訪問介護】埼玉県越谷市大沢1642番地１豊アパート１０８号室", "url": "https://www.kaigokensaku.mhlw.go.jp/11/index.php?action_kouhyou_detail_004_kani=true&JigyosyoCd=1170804999-00&ServiceCd=110&Type=search", "url2": null }, "geometry": { "type": "Point", "coordinates": [ 139.7896533, 35.9173501 ] } },
{ "type": "Feature", "properties": { "内容": "あさひヘルパーサービス【訪問介護】埼玉県越谷市東越谷１０丁目23-1", "url": "https://www.kaigokensaku.mhlw.go.jp/11/index.php?action_kouhyou_detail_004_kani=true&JigyosyoCd=1170805137-00&ServiceCd=110&Type=search", "url2": null }, "geometry": { "type": "Point", "coordinates": [ 139.8049287, 35.9012294 ] } },
{ "type": "Feature", "properties": { "内容": "カフーケア【訪問介護】大沢4-16-8", "url": "https://www.kaigokensaku.mhlw.go.jp/11/index.php?action_kouhyou_detail_004_kani=true&JigyosyoCd=1170805194-00&ServiceCd=110&Type=search", "url2": null }, "geometry": { "type": "Point", "coordinates": [ 139.788019495945491, 35.902747292048325 ] } },
{ "type": "Feature", "properties": { "内容": "サンウェルズ越谷ヘルパーステーション【訪問介護】埼玉県越谷市瓦曽根一丁目20番地48号PDハウス越谷", "url": "https://www.kaigokensaku.mhlw.go.jp/11/index.php?action_kouhyou_detail_004_kani=true&JigyosyoCd=1170805251-00&ServiceCd=110&Type=search", "url2": "https://sunwels.jp/pdh/facility/pdhouse-koshigaya/" }, "geometry": { "type": "Point", "coordinates": [ 139.7883491, 35.8851654 ] } },
{ "type": "Feature", "properties": { "内容": "訪問介護とも【訪問介護】埼玉県越谷市大間野町4-21-2大間野森田事務所1階", "url": "https://www.kaigokensaku.mhlw.go.jp/11/index.php?action_kouhyou_detail_004_kani=true&JigyosyoCd=1170805236-00&ServiceCd=110&Type=search", "url2": null }, "geometry": { "type": "Point", "coordinates": [ 139.7793661, 35.8637984 ] } },
{ "type": "Feature", "properties": { "内容": "土屋訪問介護事業所越谷センター【訪問介護】埼玉県越谷市弥生町７－３越谷サンゴールドハイツ２０３", "url": "https://www.kaigokensaku.mhlw.go.jp/11/index.php?action_kouhyou_detail_004_kani=true&JigyosyoCd=1170804700-00&ServiceCd=110&Type=search", "url2": "https://ripplecareinc.wixsite.com/my-site" }, "geometry": { "type": "Point", "coordinates": [ 139.786037, 35.8903877 ] } },
{ "type": "Feature", "properties": { "内容": "こしらぶケアステーション【訪問介護】埼玉県越谷市東大沢2-24-22朝日ハイツ102", "url": "https://www.kaigokensaku.mhlw.go.jp/11/index.php?action_kouhyou_detail_004_kani=true&JigyosyoCd=1170804049-00&ServiceCd=110&Type=search", "url2": "https://www.koshilove.com/" }, "geometry": { "type": "Point", "coordinates": [ 139.791430200000036, 35.9120213 ] } },
{ "type": "Feature", "properties": { "内容": "学研ココファン南越谷【訪問介護】埼玉県越谷市新越谷1-68-1学研ココファン南越谷", "url": "https://www.kaigokensaku.mhlw.go.jp/11/index.php?action_kouhyou_detail_004_kani=true&JigyosyoCd=1170802498-00&ServiceCd=110&Type=search", "url2": "http://www.cocofump.co.jp" }, "geometry": { "type": "Point", "coordinates": [ 139.7846, 35.871284 ] } },
{ "type": "Feature", "properties": { "内容": "ケアセンターケヤキ【訪問介護】埼玉県越谷市大道111サービス付き高齢者向け住宅　ケヤキ倶楽部越谷", "url": "https://www.kaigokensaku.mhlw.go.jp/11/index.php?action_kouhyou_detail_004_kani=true&JigyosyoCd=1170803819-00&ServiceCd=110&Type=search", "url2": null }, "geometry": { "type": "Point", "coordinates": [ 139.758099322667846, 35.921797363432169 ] } },
{ "type": "Feature", "properties": { "内容": "ヘルパーステーションよし【訪問介護】平方1708-1", "url": "https://www.kaigokensaku.mhlw.go.jp/11/index.php?action_kouhyou_detail_004_kani=true&JigyosyoCd=1170804544-00&ServiceCd=110&Type=search", "url2": null }, "geometry": { "type": "Point", "coordinates": [ 139.7868501, 35.9457516 ] } },
{ "type": "Feature", "properties": { "内容": "あけぼし訪問介護事業所越谷【訪問介護】埼玉県越谷市東越谷9-7-19システムビル東越谷301", "url": "https://www.kaigokensaku.mhlw.go.jp/11/index.php?action_kouhyou_detail_004_kani=true&JigyosyoCd=1170802415-00&ServiceCd=110&Type=search", "url2": "https://grateful-kaigo.com/" }, "geometry": { "type": "Point", "coordinates": [ 139.807668011599958, 35.897260761067919 ] } },
{ "type": "Feature", "properties": { "内容": "ニチイケアセンターせんげん台【訪問介護】埼玉県越谷市千間台西1-16-18第2フジコーポビル1Ｆ", "url": "https://www.kaigokensaku.mhlw.go.jp/11/index.php?action_kouhyou_detail_004_kani=true&JigyosyoCd=1170800278-00&ServiceCd=110&Type=search", "url2": "http://www.nichiigakkan.co/jp" }, "geometry": { "type": "Point", "coordinates": [ 139.762237499999969, 35.9321653 ] } },
{ "type": "Feature", "properties": { "内容": "越谷なごみの郷【訪問介護】越谷市川柳町3-60-1", "url": "https://www.kaigokensaku.mhlw.go.jp/11/index.php?action_kouhyou_detail_004_kani=true&JigyosyoCd=1170800195-00&ServiceCd=110&Type=search", "url2": "http://www.k-nagomi.or.jp" }, "geometry": { "type": "Point", "coordinates": [ 139.813128199999937, 35.8639797 ] } },
{ "type": "Feature", "properties": { "内容": "ヘルパーステーション　シニアの杜・越谷【訪問介護】埼玉県越谷市七左町5丁目1-2", "url": "https://www.kaigokensaku.mhlw.go.jp/11/index.php?action_kouhyou_detail_004_kani=true&JigyosyoCd=1170804171-00&ServiceCd=110&Type=search", "url2": "http://www.medical-brian.com/koshigaya/" }, "geometry": { "type": "Point", "coordinates": [ 139.776929700000011, 35.8700869 ] } },
{ "type": "Feature", "properties": { "内容": "ＳＯＭＰＯケア　北越谷　訪問介護【訪問介護】北越谷１丁目１８－２", "url": "https://www.kaigokensaku.mhlw.go.jp/11/index.php?action_kouhyou_detail_004_kani=true&JigyosyoCd=1170803967-00&ServiceCd=110&Type=search", "url2": "http://www.sompocare.com" }, "geometry": { "type": "Point", "coordinates": [ 139.781169, 35.8962552 ] } },
{ "type": "Feature", "properties": { "内容": "ニチイケアセンター大袋【訪問介護】埼玉県越谷市袋山1402-2　タスビル3Ｆ", "url": "https://www.kaigokensaku.mhlw.go.jp/11/index.php?action_kouhyou_detail_004_kani=true&JigyosyoCd=1170801110-00&ServiceCd=110&Type=search", "url2": "http://www.nichiigakkan.co.jp" }, "geometry": { "type": "Point", "coordinates": [ 139.7762507, 35.9235263 ] } },
{ "type": "Feature", "properties": { "内容": "医心館訪問介護ステーション熊谷【訪問介護】肥塚四丁目150番", "url": "https://www.kaigokensaku.mhlw.go.jp/11/index.php?action_kouhyou_detail_004_kani=true&JigyosyoCd=1173138692-00&ServiceCd=110&Type=search", "url2": null }, "geometry": { "type": "Point", "coordinates": [ 139.3860139, 36.1634576 ] } },
{ "type": "Feature", "properties": { "内容": "ＳＯＭＰＯケア　越谷蒲生　訪問介護【訪問介護】埼玉県越谷市蒲生茜町19-1井上ビル105号", "url": "https://www.kaigokensaku.mhlw.go.jp/11/index.php?action_kouhyou_detail_004_kani=true&JigyosyoCd=1170803991-00&ServiceCd=110&Type=search", "url2": "https://www.sompocare.com" }, "geometry": { "type": "Point", "coordinates": [ 139.791007900000068, 35.8663015 ] } },
{ "type": "Feature", "properties": { "内容": "医心館訪問介護ステーション越谷【訪問介護】埼玉県越谷市越ヶ谷一丁目6番3号", "url": "https://www.kaigokensaku.mhlw.go.jp/11/index.php?action_kouhyou_detail_004_kani=true&JigyosyoCd=1170804536-00&ServiceCd=110&Type=search", "url2": null }, "geometry": { "type": "Point", "coordinates": [ 139.79080652698363, 35.889014069977826 ] } },
{ "type": "Feature", "properties": { "内容": "医心館訪問介護ステーション南越谷【訪問介護】埼玉県越谷市南越谷四丁目15番地３", "url": "https://www.kaigokensaku.mhlw.go.jp/11/index.php?action_kouhyou_detail_004_kani=true&JigyosyoCd=1170804940-00&ServiceCd=110&Type=search", "url2": null }, "geometry": { "type": "Point", "coordinates": [ 139.7896963, 35.8737973 ] } },
{ "type": "Feature", "properties": { "内容": "つながり訪問介護【訪問介護】東大沢1-7-2サンハイム大沢201号", "url": "https://www.kaigokensaku.mhlw.go.jp/11/index.php?action_kouhyou_detail_004_kani=true&JigyosyoCd=1170804817-00&ServiceCd=110&Type=search", "url2": null }, "geometry": { "type": "Point", "coordinates": [ 139.776756, 35.9519339 ] } },
{ "type": "Feature", "properties": { "内容": "ニチイケアセンター越谷弥生【訪問介護】埼玉県越谷市弥生町1-4越谷弥生ビル5階B号室", "url": "https://www.kaigokensaku.mhlw.go.jp/11/index.php?action_kouhyou_detail_004_kani=true&JigyosyoCd=1170800211-00&ServiceCd=110&Type=search", "url2": "http://www.nichiigakkan.co.jp" }, "geometry": { "type": "Point", "coordinates": [ 139.787782500000048, 35.887892800000046 ] } },
{ "type": "Feature", "properties": { "内容": "訪問介護事業所介護屋本舗【訪問介護】埼玉県越谷市赤山町1-51-1Aテック秋山ビル102", "url": "https://www.kaigokensaku.mhlw.go.jp/11/index.php?action_kouhyou_detail_004_kani=true&JigyosyoCd=1170802704-00&ServiceCd=110&Type=search", "url2": "http://www.kaigoyahonpo.com" }, "geometry": { "type": "Point", "coordinates": [ 139.784223456419454, 35.888166040875703 ] } },
{ "type": "Feature", "properties": { "内容": "ニチイケアセンター　茜【訪問介護】埼玉県越谷市新越谷1丁目69番地9", "url": "https://www.kaigokensaku.mhlw.go.jp/11/index.php?action_kouhyou_detail_004_kani=true&JigyosyoCd=1170801045-00&ServiceCd=110&Type=search", "url2": "http://www.nichiigakkan.co.jp" }, "geometry": { "type": "Point", "coordinates": [ 139.784649899999977, 35.871650600000031 ] } },
{ "type": "Feature", "properties": { "内容": "愛・訪問介護ステーション越谷【訪問介護】埼玉県越谷市東大沢4-31-7サンフラワーマンション102", "url": "https://www.kaigokensaku.mhlw.go.jp/11/index.php?action_kouhyou_detail_004_kani=true&JigyosyoCd=1170801979-00&ServiceCd=110&Type=search", "url2": "https://i-sogofukushi.com/" }, "geometry": { "type": "Point", "coordinates": [ 139.791744599999987, 35.90801170000001 ] } },
{ "type": "Feature", "properties": { "内容": "特定非営利活動法人　たすけあいすぎな【訪問介護】埼玉県越谷市下間久里998-1鵬松101号", "url": "https://www.kaigokensaku.mhlw.go.jp/11/index.php?action_kouhyou_detail_004_kani=true&JigyosyoCd=1170800419-00&ServiceCd=110&Type=search", "url2": "http://support@sugina.org" }, "geometry": { "type": "Point", "coordinates": [ 139.782158140783622, 35.927719528853899 ] } },
{ "type": "Feature", "properties": { "内容": "ニチイケアセンター越谷東【訪問介護】埼玉県越谷市弥十郎729-3ナカヨシビル203号", "url": "https://www.kaigokensaku.mhlw.go.jp/11/index.php?action_kouhyou_detail_004_kani=true&JigyosyoCd=1170804122-00&ServiceCd=110&Type=search", "url2": "nichiigakkan.co.jp" }, "geometry": { "type": "Point", "coordinates": [ 139.789992, 35.9196733 ] } },
{ "type": "Feature", "properties": { "内容": "めいわ介護サービス【訪問介護】埼玉県越谷市東越谷9丁目9番地2", "url": "https://www.kaigokensaku.mhlw.go.jp/11/index.php?action_kouhyou_detail_004_kani=true&JigyosyoCd=1170804973-00&ServiceCd=110&Type=search", "url2": null }, "geometry": { "type": "Point", "coordinates": [ 139.8101897, 35.8967662 ] } },
{ "type": "Feature", "properties": { "内容": "ヘルパーステーションさわやか【訪問介護】埼玉県越谷市東越谷8-20-6", "url": "https://www.kaigokensaku.mhlw.go.jp/11/index.php?action_kouhyou_detail_004_kani=true&JigyosyoCd=1170802852-00&ServiceCd=110&Type=search", "url2": "http://www.kishinkai.or.jp/" }, "geometry": { "type": "Point", "coordinates": [ 139.805925099999968, 35.8950505 ] } },
{ "type": "Feature", "properties": { "内容": "あいライフ越谷【訪問介護】越谷市神明町2-341-8", "url": "https://www.kaigokensaku.mhlw.go.jp/11/index.php?action_kouhyou_detail_004_kani=true&JigyosyoCd=1170802175-00&ServiceCd=110&Type=search", "url2": null }, "geometry": { "type": "Point", "coordinates": [ 139.768356251173373, 35.900751915115379 ] } },
{ "type": "Feature", "properties": { "内容": "ケア２１越谷【訪問介護】埼玉県越谷市南越谷4-18-12中新第２ビル新越谷１階事務所", "url": "https://www.kaigokensaku.mhlw.go.jp/11/index.php?action_kouhyou_detail_004_kani=true&JigyosyoCd=1170804833-00&ServiceCd=110&Type=search", "url2": null }, "geometry": { "type": "Point", "coordinates": [ 139.7870859, 35.8728813 ] } },
{ "type": "Feature", "properties": { "内容": "訪問介護　つくし【訪問介護】埼玉県越谷市大吉450-1大吉貸家201", "url": "https://www.kaigokensaku.mhlw.go.jp/11/index.php?action_kouhyou_detail_004_kani=true&JigyosyoCd=1170804510-00&ServiceCd=110&Type=search", "url2": null }, "geometry": { "type": "Point", "coordinates": [ 139.8009793, 35.9199347 ] } },
{ "type": "Feature", "properties": { "内容": "あおぞら介護サービス【訪問介護】埼玉県越谷市大沢三丁目１５番１３号", "url": "https://www.kaigokensaku.mhlw.go.jp/11/index.php?action_kouhyou_detail_004_kani=true&JigyosyoCd=1170800492-00&ServiceCd=110&Type=search", "url2": "http://www.aozora-kaigo2001.com" }, "geometry": { "type": "Point", "coordinates": [ 139.781938200000013, 35.9005963 ] } },
{ "type": "Feature", "properties": { "内容": "ハートケアいきいき【訪問介護】越谷市蒲生東町9-35", "url": "https://www.kaigokensaku.mhlw.go.jp/11/index.php?action_kouhyou_detail_004_kani=true&JigyosyoCd=1170800773-00&ServiceCd=110&Type=search", "url2": null }, "geometry": { "type": "Point", "coordinates": [ 139.803403800000069, 35.8708454 ] } },
{ "type": "Feature", "properties": { "内容": "指定居宅サービス事業所「こしがや社協」【訪問介護】越谷市宮本町一丁目１５１番地　エスペランサ１０１号室", "url": "https://www.kaigokensaku.mhlw.go.jp/11/index.php?action_kouhyou_detail_004_kani=true&JigyosyoCd=1170800302-00&ServiceCd=110&Type=search", "url2": "http://www.koshigaya-syakyo.com" }, "geometry": { "type": "Point", "coordinates": [ 139.782439782693359, 35.890303305445642 ] } },
{ "type": "Feature", "properties": { "内容": "あくとケア越谷【訪問介護】埼玉県越谷市蒲生茜町6-8RMマンション　205号室", "url": "https://www.kaigokensaku.mhlw.go.jp/11/index.php?action_kouhyou_detail_004_kani=true&JigyosyoCd=1170804619-00&ServiceCd=110&Type=search", "url2": "https://actcare.jp/" }, "geometry": { "type": "Point", "coordinates": [ 139.790325700000011, 35.8686612 ] } },
{ "type": "Feature", "properties": { "内容": "ヘルパーステーション　やまと【訪問介護】埼玉県越谷市大林589-2", "url": "https://www.kaigokensaku.mhlw.go.jp/11/index.php?action_kouhyou_detail_004_kani=true&JigyosyoCd=1170800765-00&ServiceCd=110&Type=search", "url2": null }, "geometry": { "type": "Point", "coordinates": [ 139.788036625408978, 35.917200639005699 ] } },
{ "type": "Feature", "properties": { "内容": "ゆとり庵北越谷　訪問介護事業所【訪問介護】埼玉県越谷市大字大道643番地", "url": "https://www.kaigokensaku.mhlw.go.jp/11/index.php?action_kouhyou_detail_004_kani=true&JigyosyoCd=1170804346-00&ServiceCd=110&Type=search", "url2": "https://hinode.or.jp/establishment/houmon-koshigaya/" }, "geometry": { "type": "Point", "coordinates": [ 139.761374499999988, 35.9213566 ] } },
{ "type": "Feature", "properties": { "内容": "ヘルパーサービスひかり【訪問介護】埼玉県越谷市大字三野宮1361-1", "url": "https://www.kaigokensaku.mhlw.go.jp/11/index.php?action_kouhyou_detail_004_kani=true&JigyosyoCd=1170804593-00&ServiceCd=110&Type=search", "url2": null }, "geometry": { "type": "Point", "coordinates": [ 139.761428599999988, 35.9373059 ] } },
{ "type": "Feature", "properties": { "内容": "ヘルパーステーション　アートプラス【訪問介護】埼玉県越谷市赤山町1－147マリフラット5クレールソメヤ102号室", "url": "https://www.kaigokensaku.mhlw.go.jp/11/index.php?action_kouhyou_detail_004_kani=true&JigyosyoCd=1170803660-00&ServiceCd=110&Type=search", "url2": "http://orin-corporation.jp/plus/" }, "geometry": { "type": "Point", "coordinates": [ 139.781790955819702, 35.88869764154795 ] } },
{ "type": "Feature", "properties": { "内容": "エルケア株式会社エルケア南越谷ケアセンター【訪問介護】埼玉県越谷市南越谷一丁目1番52号", "url": "https://www.kaigokensaku.mhlw.go.jp/11/index.php?action_kouhyou_detail_004_kani=true&JigyosyoCd=1170804585-00&ServiceCd=110&Type=search", "url2": "https://www.l-care.jp/" }, "geometry": { "type": "Point", "coordinates": [ 139.79414450492817, 35.874734839453616 ] } },
{ "type": "Feature", "properties": { "内容": "アースサポート越谷【訪問介護】埼玉県越谷市南越谷3丁目18番12号", "url": "https://www.kaigokensaku.mhlw.go.jp/11/index.php?action_kouhyou_detail_004_kani=true&JigyosyoCd=1170803348-00&ServiceCd=110&Type=search", "url2": "https://www.earthsupport.co.jp/" }, "geometry": { "type": "Point", "coordinates": [ 139.788123775463106, 35.877137820063666 ] } },
{ "type": "Feature", "properties": { "内容": "訪問介護ステーション叶【訪問介護】埼玉県越谷市大里173-1サービス付き高齢者向け住宅わらい", "url": "https://www.kaigokensaku.mhlw.go.jp/11/index.php?action_kouhyou_detail_004_kani=true&JigyosyoCd=1170803603-00&ServiceCd=110&Type=search", "url2": "http://www.ishizue-c.jp/" }, "geometry": { "type": "Point", "coordinates": [ 139.785384837326092, 35.918740290060441 ] } },
{ "type": "Feature", "properties": { "内容": "訪問介護　とまりや・ケアリンクステーション【訪問介護】埼玉県越谷市谷中町四丁目293番地1", "url": "https://www.kaigokensaku.mhlw.go.jp/11/index.php?action_kouhyou_detail_004_kani=true&JigyosyoCd=1170803587-00&ServiceCd=110&Type=search", "url2": "http://www.goseikai.jp/tomariya.html" }, "geometry": { "type": "Point", "coordinates": [ 139.764601399999947, 35.8832341 ] } },
{ "type": "Feature", "properties": { "内容": "エルケア北越谷ケアセンター【訪問介護】埼玉県越谷市北越谷四丁目４番２４号ウィンハイム１０１号室", "url": "https://www.kaigokensaku.mhlw.go.jp/11/index.php?action_kouhyou_detail_004_kani=true&JigyosyoCd=1170804767-00&ServiceCd=110&Type=search", "url2": "https://www.l-care.jp/" }, "geometry": { "type": "Point", "coordinates": [ 139.778254700000019, 35.9021077 ] } },
{ "type": "Feature", "properties": { "内容": "ｴﾙｹｱ株式会社　ｴﾙｹｱ越谷ケアセンター【訪問介護】千間台西3-1-30エース千間台ビル2F", "url": "https://www.kaigokensaku.mhlw.go.jp/11/index.php?action_kouhyou_detail_004_kani=true&JigyosyoCd=1170803413-00&ServiceCd=110&Type=search", "url2": "http://ｌ-care.jp" }, "geometry": { "type": "Point", "coordinates": [ 139.769359099999974, 35.9343986 ] } },
{ "type": "Feature", "properties": { "内容": "有限会社　丸美サービス【訪問介護】埼玉県越谷市東町５丁目２９７番2", "url": "https://www.kaigokensaku.mhlw.go.jp/11/index.php?action_kouhyou_detail_004_kani=true&JigyosyoCd=1170800187-00&ServiceCd=110&Type=search", "url2": null }, "geometry": { "type": "Point", "coordinates": [ 139.83510960000001, 35.8740343 ] } },
{ "type": "Feature", "properties": { "内容": "コープみらい越谷介護センター【訪問介護】埼玉県越谷市東大沢２－５－１コープ北越谷店厚生棟３階", "url": "https://www.kaigokensaku.mhlw.go.jp/11/index.php?action_kouhyou_detail_004_kani=true&JigyosyoCd=1170802977-00&ServiceCd=110&Type=search", "url2": null }, "geometry": { "type": "Point", "coordinates": [ 139.790006400000038, 35.9111977 ] } },
{ "type": "Feature", "properties": { "内容": "ゆめいろケア【訪問介護】埼玉県越谷市東越谷5丁目12番地１小島ビル１０２", "url": "https://www.kaigokensaku.mhlw.go.jp/11/index.php?action_kouhyou_detail_004_kani=true&JigyosyoCd=1170802365-00&ServiceCd=110&Type=search", "url2": null }, "geometry": { "type": "Point", "coordinates": [ 139.7939927, 35.8993302 ] } },
{ "type": "Feature", "properties": { "内容": "けあらーず越谷指定訪問介護事業所【訪問介護】埼玉県越谷市東越谷九丁目29番地5", "url": "https://www.kaigokensaku.mhlw.go.jp/11/index.php?action_kouhyou_detail_004_kani=true&JigyosyoCd=1170804254-00&ServiceCd=110&Type=search", "url2": "https://www.seramu.com/publics/index/152/" }, "geometry": { "type": "Point", "coordinates": [ 139.808416099999988, 35.8955568 ] } },
{ "type": "Feature", "properties": { "内容": "ケアリッツ北越谷【訪問介護】埼玉県越谷市大沢2-9-11山崎ビル2A", "url": "https://www.kaigokensaku.mhlw.go.jp/11/index.php?action_kouhyou_detail_004_kani=true&JigyosyoCd=1170804403-00&ServiceCd=110&Type=search", "url2": "https://www.careritz.co.jp/station/branch/kitakoshigaya/" }, "geometry": { "type": "Point", "coordinates": [ 139.782964033152581, 35.899119161055431 ] } },
{ "type": "Feature", "properties": { "内容": "ケアリッツ南越谷【訪問介護】埼玉県越谷市南越谷1-2-58丸山マンション1階", "url": "https://www.kaigokensaku.mhlw.go.jp/11/index.php?action_kouhyou_detail_004_kani=true&JigyosyoCd=1170804312-00&ServiceCd=110&Type=search", "url2": "https://www.careritz.co.jp/station/branch/minamikoshigaya/" }, "geometry": { "type": "Point", "coordinates": [ 139.794346029447752, 35.875370236852291 ] } },
{ "type": "Feature", "properties": { "内容": "ヘルパーステーション　湖街【訪問介護】埼玉県越谷市西方2-9-24ヒルズ西方102", "url": "https://www.kaigokensaku.mhlw.go.jp/11/index.php?action_kouhyou_detail_004_kani=true&JigyosyoCd=1170804957-00&ServiceCd=110&Type=search", "url2": null }, "geometry": { "type": "Point", "coordinates": [ 139.79893188271717, 35.884706585479833 ] } },
{ "type": "Feature", "properties": { "内容": "居宅介護天恵園【訪問介護】大里729-1", "url": "https://www.kaigokensaku.mhlw.go.jp/11/index.php?action_kouhyou_detail_004_kani=true&JigyosyoCd=1170803355-00&ServiceCd=110&Type=search", "url2": "https://www.tenkei-en.com/" }, "geometry": { "type": "Point", "coordinates": [ 130.9549657, 33.8998573 ] } },
{ "type": "Feature", "properties": { "内容": "南こしがや翔裕館【訪問介護】埼玉県越谷市南越谷1-2-16", "url": "https://www.kaigokensaku.mhlw.go.jp/11/index.php?action_kouhyou_detail_004_kani=true&JigyosyoCd=1170805277-00&ServiceCd=110&Type=search", "url2": "https://www.sanga-kaigo.co.jp" }, "geometry": { "type": "Point", "coordinates": [ 139.7945699, 35.8750377 ] } },
{ "type": "Feature", "properties": { "内容": "訪隣シエロ越谷【訪問介護】埼玉県越谷市南越谷3-3-5", "url": "https://www.kaigokensaku.mhlw.go.jp/11/index.php?action_kouhyou_detail_004_kani=true&JigyosyoCd=1170805368-00&ServiceCd=110&Type=search", "url2": "https://www.cielo.jp.net/" }, "geometry": { "type": "Point", "coordinates": [ 139.788227299999988, 35.8796708 ] } },
{ "type": "Feature", "properties": { "内容": "愛・訪問介護ステーション蒲生【訪問介護】埼玉県越谷市蒲生3-7-33コーポウエタケⅡ205", "url": "https://www.kaigokensaku.mhlw.go.jp/11/index.php?action_kouhyou_detail_004_kani=true&JigyosyoCd=1170804726-00&ServiceCd=110&Type=search", "url2": "https://i-sogofukushi.com/" }, "geometry": { "type": "Point", "coordinates": [ 139.8025776, 35.8660257 ] } },
{ "type": "Feature", "properties": { "内容": "ニチイケアセンターわらび【訪問介護】埼玉県蕨市中央1-17-40蕨スカイマンション1F", "url": "https://www.kaigokensaku.mhlw.go.jp/11/index.php?action_kouhyou_detail_004_kani=true&JigyosyoCd=1171400292-00&ServiceCd=110&Type=search", "url2": "http://www.nichiigakkan.co.jp" }, "geometry": { "type": "Point", "coordinates": [ 139.691336800000045, 35.8244507 ] } },
{ "type": "Feature", "properties": { "内容": "SOMPOケア　蕨　訪問介護【訪問介護】埼玉県蕨市中央7丁目50番7号デュオセーヌさいたまサウス1階介護事務所", "url": "https://www.kaigokensaku.mhlw.go.jp/11/index.php?action_kouhyou_detail_004_kani=true&JigyosyoCd=1171401233-00&ServiceCd=110&Type=search", "url2": "https://sompocare.com" }, "geometry": { "type": "Point", "coordinates": [ 139.686670600000014, 35.8174545 ] } },
{ "type": "Feature", "properties": { "内容": "けあビジョン蕨【訪問介護】埼玉県蕨市北町1-7-7", "url": "https://www.kaigokensaku.mhlw.go.jp/11/index.php?action_kouhyou_detail_004_kani=true&JigyosyoCd=1171401183-00&ServiceCd=110&Type=search", "url2": null }, "geometry": { "type": "Point", "coordinates": [ 139.68527653014678, 35.828724885852296 ] } },
{ "type": "Feature", "properties": { "内容": "ケアサポートひなた【訪問介護】埼玉県蕨市北町3－3－19ワコーレエレガンス蕨102", "url": "https://www.kaigokensaku.mhlw.go.jp/11/index.php?action_kouhyou_detail_004_kani=true&JigyosyoCd=1171401019-00&ServiceCd=110&Type=search", "url2": null }, "geometry": { "type": "Point", "coordinates": [ 139.676766131282875, 35.827690751896192 ] } },
{ "type": "Feature", "properties": { "内容": "ケアサポート　道【訪問介護】埼玉県蕨市南町４ー３８ー１８", "url": "https://www.kaigokensaku.mhlw.go.jp/11/index.php?action_kouhyou_detail_004_kani=true&JigyosyoCd=1171400417-00&ServiceCd=110&Type=search", "url2": "http://www.maximum.jp.net" }, "geometry": { "type": "Point", "coordinates": [ 139.692664, 35.816323499999989 ] } },
{ "type": "Feature", "properties": { "内容": "株式会社蕨看護婦家政婦紹介所【訪問介護】蕨市南町2-25-2", "url": "https://www.kaigokensaku.mhlw.go.jp/11/index.php?action_kouhyou_detail_004_kani=true&JigyosyoCd=1171400094-00&ServiceCd=110&Type=search", "url2": "http://care-net.biz/11/warabikai/" }, "geometry": { "type": "Point", "coordinates": [ 139.694043, 35.8192437 ] } },
{ "type": "Feature", "properties": { "内容": "介護ステーションぱる蕨【訪問介護】埼玉県蕨市錦町２－１０－４", "url": "https://www.kaigokensaku.mhlw.go.jp/11/index.php?action_kouhyou_detail_004_kani=true&JigyosyoCd=1171400367-00&ServiceCd=110&Type=search", "url2": "http://www.ikiikitown-toda.com/" }, "geometry": { "type": "Point", "coordinates": [ 139.67379470000003, 35.8248034 ] } },
{ "type": "Feature", "properties": { "内容": "蕨指定ホームヘルパーステーション【訪問介護】埼玉県蕨市錦町３－３－２７", "url": "https://www.kaigokensaku.mhlw.go.jp/11/index.php?action_kouhyou_detail_004_kani=true&JigyosyoCd=1171400516-00&ServiceCd=110&Type=search", "url2": "https://warabisyakyo.org/" }, "geometry": { "type": "Point", "coordinates": [ 139.67287239999996, 35.8278224 ] } },
{ "type": "Feature", "properties": { "内容": "あんしん介護ステーション【訪問介護】蕨市北町４－２６－１2階", "url": "https://www.kaigokensaku.mhlw.go.jp/11/index.php?action_kouhyou_detail_004_kani=true&JigyosyoCd=1171400631-00&ServiceCd=110&Type=search", "url2": "http://anshin-k.info/" }, "geometry": { "type": "Point", "coordinates": [ 139.675331438484136, 35.831614235773024 ] } },
{ "type": "Feature", "properties": { "内容": "ケアリッツ蕨【訪問介護】埼玉県蕨市塚越1-8-2レジデンス塚越201", "url": "https://www.kaigokensaku.mhlw.go.jp/11/index.php?action_kouhyou_detail_004_kani=true&JigyosyoCd=1171401159-00&ServiceCd=110&Type=search", "url2": "https://www.careritz.co.jp/station/branch/warabi/" }, "geometry": { "type": "Point", "coordinates": [ 139.692892091995986, 35.826284526371445 ] } },
{ "type": "Feature", "properties": { "内容": "訪問介護ステーション２４享楽【訪問介護】埼玉県蕨市南町1-11-2", "url": "https://www.kaigokensaku.mhlw.go.jp/11/index.php?action_kouhyou_detail_004_kani=true&JigyosyoCd=1171400896-00&ServiceCd=110&Type=search", "url2": "http://osi.jp.net" }, "geometry": { "type": "Point", "coordinates": [ 139.693653708894772, 35.821520955218929 ] } },
{ "type": "Feature", "properties": { "内容": "アイサービス訪問介護事業所【訪問介護】北町1-9-12サンマルタⅡ　101号", "url": "https://www.kaigokensaku.mhlw.go.jp/11/index.php?action_kouhyou_detail_004_kani=true&JigyosyoCd=1171400771-00&ServiceCd=110&Type=search", "url2": null }, "geometry": { "type": "Point", "coordinates": [ 139.6677702, 35.7632389 ] } },
{ "type": "Feature", "properties": { "内容": "あけぼしヘルパーステーション【訪問介護】埼玉県蕨市錦町3-6-27", "url": "https://www.kaigokensaku.mhlw.go.jp/11/index.php?action_kouhyou_detail_004_kani=true&JigyosyoCd=1171400847-00&ServiceCd=110&Type=search", "url2": "http://rcare.co.jp/index.html" }, "geometry": { "type": "Point", "coordinates": [ 139.673528252810399, 35.829540394272421 ] } },
{ "type": "Feature", "properties": { "内容": "SOMPOケア　北戸田　訪問介護【訪問介護】戸田市大字新曽2252そんぽの家S北戸田", "url": "https://www.kaigokensaku.mhlw.go.jp/11/index.php?action_kouhyou_detail_004_kani=true&JigyosyoCd=1171901117-00&ServiceCd=110&Type=search", "url2": "https://www.sompocare.com/company/" }, "geometry": { "type": "Point", "coordinates": [ 139.659260472352571, 35.823618197553223 ] } },
{ "type": "Feature", "properties": { "内容": "ＳＯＭＰＯケア　戸田公園　訪問介護【訪問介護】埼玉県戸田市南町7-9そんぽの家S戸田公園", "url": "https://www.kaigokensaku.mhlw.go.jp/11/index.php?action_kouhyou_detail_004_kani=true&JigyosyoCd=1171901661-00&ServiceCd=110&Type=search", "url2": "https://www.sompocare.com/service/home/satsuki/H000383" }, "geometry": { "type": "Point", "coordinates": [ 139.673345299999937, 35.8051925 ] } },
{ "type": "Feature", "properties": { "内容": "ハートケアサービス【訪問介護】埼玉県戸田市上戸田５－２６－１８第二梅田コーポ１０５号室", "url": "https://www.kaigokensaku.mhlw.go.jp/11/index.php?action_kouhyou_detail_004_kani=true&JigyosyoCd=1171901570-00&ServiceCd=110&Type=search", "url2": "heartcare@keihin-fwd.com" }, "geometry": { "type": "Point", "coordinates": [ 139.670537, 35.8118941 ] } },
{ "type": "Feature", "properties": { "内容": "介護ステーションぱる戸田【訪問介護】戸田市喜沢南2-5-23", "url": "https://www.kaigokensaku.mhlw.go.jp/11/index.php?action_kouhyou_detail_004_kani=true&JigyosyoCd=1171900580-00&ServiceCd=110&Type=search", "url2": "http://www.ikiikitown-toda.com/" }, "geometry": { "type": "Point", "coordinates": [ 139.6913075, 35.8070316 ] } },
{ "type": "Feature", "properties": { "内容": "アースサポート戸田【訪問介護】埼玉県戸田市大字新曽2199番地の1", "url": "https://www.kaigokensaku.mhlw.go.jp/11/index.php?action_kouhyou_detail_004_kani=true&JigyosyoCd=1171901232-00&ServiceCd=110&Type=search", "url2": "https://www.earthsupport.co.jp/" }, "geometry": { "type": "Point", "coordinates": [ 139.660240299999941, 35.8262445 ] } },
{ "type": "Feature", "properties": { "内容": "訪問介護事業所　絆【訪問介護】埼玉県戸田市下戸田２－２７－１１ハイツ戸田　１Ｆ", "url": "https://www.kaigokensaku.mhlw.go.jp/11/index.php?action_kouhyou_detail_004_kani=true&JigyosyoCd=1171901505-00&ServiceCd=110&Type=search", "url2": null }, "geometry": { "type": "Point", "coordinates": [ 139.6826785, 35.816825 ] } },
{ "type": "Feature", "properties": { "内容": "ケアリッツ戸田【訪問介護】埼玉県戸田市上戸田3-9-3プリムローズガーデン103", "url": "https://www.kaigokensaku.mhlw.go.jp/11/index.php?action_kouhyou_detail_004_kani=true&JigyosyoCd=1171901810-00&ServiceCd=110&Type=search", "url2": "https://www.careritz.co.jp/station/branch/toda/" }, "geometry": { "type": "Point", "coordinates": [ 139.675044325148519, 35.811333546058179 ] } },
{ "type": "Feature", "properties": { "内容": "ヘルパーステーションくつろぎの家【訪問介護】戸田市美女木１－２９－４５", "url": "https://www.kaigokensaku.mhlw.go.jp/11/index.php?action_kouhyou_detail_004_kani=true&JigyosyoCd=1171900804-00&ServiceCd=110&Type=search", "url2": "http://www.s-kuturogi.com" }, "geometry": { "type": "Point", "coordinates": [ 139.63697, 35.8306352 ] } },
{ "type": "Feature", "properties": { "内容": "あいケアサポート戸田【訪問介護】戸田市新曽１５９５－１アドバンスドゥマン１０６", "url": "https://www.kaigokensaku.mhlw.go.jp/11/index.php?action_kouhyou_detail_004_kani=true&JigyosyoCd=1171900721-00&ServiceCd=110&Type=search", "url2": "http://www.e-aicare.co.jp/" }, "geometry": { "type": "Point", "coordinates": [ 139.662980685844445, 35.825195743585766 ] } },
{ "type": "Feature", "properties": { "内容": "蕨介護サービス事業所【訪問介護】埼玉県戸田市笹目5-2-15", "url": "https://www.kaigokensaku.mhlw.go.jp/11/index.php?action_kouhyou_detail_004_kani=true&JigyosyoCd=1171901166-00&ServiceCd=110&Type=search", "url2": "https://warabi-kaigo.co.jp" }, "geometry": { "type": "Point", "coordinates": [ 139.645486300000016, 35.817926 ] } },
{ "type": "Feature", "properties": { "内容": "ニチイケアセンター戸田【訪問介護】埼玉県戸田市本町1-5-5スカイビラ戸田公園　1Ｆ", "url": "https://www.kaigokensaku.mhlw.go.jp/11/index.php?action_kouhyou_detail_004_kani=true&JigyosyoCd=1171900135-00&ServiceCd=110&Type=search", "url2": "http://www.nichiigakkan.co.jp" }, "geometry": { "type": "Point", "coordinates": [ 139.677561500000024, 35.8065063 ] } },
{ "type": "Feature", "properties": { "内容": "ヘルパーステーション　ほほえみ　戸田店【訪問介護】埼玉県戸田市大字新曽３３５", "url": "https://www.kaigokensaku.mhlw.go.jp/11/index.php?action_kouhyou_detail_004_kani=true&JigyosyoCd=1171900341-00&ServiceCd=110&Type=search", "url2": null }, "geometry": { "type": "Point", "coordinates": [ 139.668864799999938, 35.8159018 ] } },
{ "type": "Feature", "properties": { "内容": "健やか人生福はうち【訪問介護】戸田市笹目5丁目35番地の22大畑第一マンション１０１号室", "url": "https://www.kaigokensaku.mhlw.go.jp/11/index.php?action_kouhyou_detail_004_kani=true&JigyosyoCd=1171900788-00&ServiceCd=110&Type=search", "url2": "https://www.fukuwauchi0123.com/" }, "geometry": { "type": "Point", "coordinates": [ 139.641622899999987, 35.8146458 ] } },
{ "type": "Feature", "properties": { "内容": "株式会社ルピナスケア　スマイルほっとケアサービス【訪問介護】上戸田2-38-10スクエアコート1-Ａ", "url": "https://www.kaigokensaku.mhlw.go.jp/11/index.php?action_kouhyou_detail_004_kani=true&JigyosyoCd=1171901455-00&ServiceCd=110&Type=search", "url2": null }, "geometry": { "type": "Point", "coordinates": [ 139.67886390000001, 35.8148134 ] } },
{ "type": "Feature", "properties": { "内容": "スマイルホームヘルプサービス【訪問介護】埼玉県戸田市本町2-10-1", "url": "https://www.kaigokensaku.mhlw.go.jp/11/index.php?action_kouhyou_detail_004_kani=true&JigyosyoCd=1171900812-00&ServiceCd=110&Type=search", "url2": "ｈｔｔｐｓ；//Iupinus-care.jimdo.com/" }, "geometry": { "type": "Point", "coordinates": [ 139.677114299999971, 35.8093336 ] } },
{ "type": "Feature", "properties": { "内容": "ホームヘルプサービス　ソラスト戸田【訪問介護】埼玉県戸田市喜沢1-30-5ブライトンⅠ", "url": "https://www.kaigokensaku.mhlw.go.jp/11/index.php?action_kouhyou_detail_004_kani=true&JigyosyoCd=1171901406-00&ServiceCd=110&Type=search", "url2": "https://www.solasto.co.jp/" }, "geometry": { "type": "Point", "coordinates": [ 139.6940347, 35.8134295 ] } },
{ "type": "Feature", "properties": { "内容": "ヘルパーステーションまはろ【訪問介護】埼玉県戸田市上戸田4-14-18アンシャンテ503", "url": "https://www.kaigokensaku.mhlw.go.jp/11/index.php?action_kouhyou_detail_004_kani=true&JigyosyoCd=1171901075-00&ServiceCd=110&Type=search", "url2": "http://mahalo-fukushi.com/" }, "geometry": { "type": "Point", "coordinates": [ 139.675012320324413, 35.818054189652024 ] } },
{ "type": "Feature", "properties": { "内容": "チイキケアセンター戸田【訪問介護】埼玉県戸田市下戸田１－６－６エソール２２・４０７号室", "url": "https://www.kaigokensaku.mhlw.go.jp/11/index.php?action_kouhyou_detail_004_kani=true&JigyosyoCd=1171902123-00&ServiceCd=110&Type=search", "url2": "https://www.chiiki1.jp/toda" }, "geometry": { "type": "Point", "coordinates": [ 139.6872741, 35.8118188 ] } },
{ "type": "Feature", "properties": { "内容": "もふもふ介護【訪問介護】埼玉県入間市扇町屋２－３－９サンハイツ吉原１０１", "url": "https://www.kaigokensaku.mhlw.go.jp/11/index.php?action_kouhyou_detail_004_kani=true&JigyosyoCd=1172802157-00&ServiceCd=110&Type=search", "url2": null }, "geometry": { "type": "Point", "coordinates": [ 139.383783200000011, 35.8322964 ] } },
{ "type": "Feature", "properties": { "内容": "ほうもんかいごだっぺ【訪問介護】久保稲荷3-10-14", "url": "https://www.kaigokensaku.mhlw.go.jp/11/index.php?action_kouhyou_detail_004_kani=true&JigyosyoCd=1172802199-00&ServiceCd=110&Type=search", "url2": null }, "geometry": { "type": "Point", "coordinates": [ 139.390767, 35.8226144 ] } },
{ "type": "Feature", "properties": { "内容": "ヘルパーステーションつばさ【訪問介護】埼玉県入間市狭山台４丁目２０番地2", "url": "https://www.kaigokensaku.mhlw.go.jp/11/index.php?action_kouhyou_detail_004_kani=true&JigyosyoCd=1172800458-00&ServiceCd=110&Type=search", "url2": null }, "geometry": { "type": "Point", "coordinates": [ 139.365038812303169, 35.807717017754534 ] } },
{ "type": "Feature", "properties": { "内容": "愛サポート介護２４【訪問介護】入間市東藤沢5－104－46", "url": "https://www.kaigokensaku.mhlw.go.jp/11/index.php?action_kouhyou_detail_004_kani=true&JigyosyoCd=1172801050-00&ServiceCd=110&Type=search", "url2": null }, "geometry": { "type": "Point", "coordinates": [ 139.414856089260724, 35.816718203055451 ] } },
{ "type": "Feature", "properties": { "内容": "吉岡　訪問介護【訪問介護】埼玉県入間市狭山台1－11－18", "url": "https://www.kaigokensaku.mhlw.go.jp/11/index.php?action_kouhyou_detail_004_kani=true&JigyosyoCd=1172802025-00&ServiceCd=110&Type=search", "url2": null }, "geometry": { "type": "Point", "coordinates": [ 139.365136400000011, 35.8052498 ] } },
{ "type": "Feature", "properties": { "内容": "ラウンド＆ケアヘルパーステーション西部【訪問介護】埼玉県入間市上藤沢531-6石田事務所2階", "url": "https://www.kaigokensaku.mhlw.go.jp/11/index.php?action_kouhyou_detail_004_kani=true&JigyosyoCd=1172801746-00&ServiceCd=110&Type=search", "url2": null }, "geometry": { "type": "Point", "coordinates": [ 139.3932375, 35.816832 ] } },
{ "type": "Feature", "properties": { "内容": "社会福祉法人おおぎホームヘルプサービス【訪問介護】入間市東町４－１－８０", "url": "https://www.kaigokensaku.mhlw.go.jp/11/index.php?action_kouhyou_detail_004_kani=true&JigyosyoCd=1172800086-00&ServiceCd=110&Type=search", "url2": "http://www.iruma-oogi.or.jp" }, "geometry": { "type": "Point", "coordinates": [ 139.403820099999962, 35.8327054 ] } },
{ "type": "Feature", "properties": { "内容": "グレースホームヘルプ【訪問介護】埼玉県入間市南峯337-1グレースハウスA-101", "url": "https://www.kaigokensaku.mhlw.go.jp/11/index.php?action_kouhyou_detail_004_kani=true&JigyosyoCd=1172801753-00&ServiceCd=110&Type=search", "url2": "https://grace-nurse.jp" }, "geometry": { "type": "Point", "coordinates": [ 139.325524771163913, 35.811192261365278 ] } },
{ "type": "Feature", "properties": { "内容": "合同会社みさき【訪問介護】埼玉県入間市野田714-6", "url": "https://www.kaigokensaku.mhlw.go.jp/11/index.php?action_kouhyou_detail_004_kani=true&JigyosyoCd=1172802058-00&ServiceCd=110&Type=search", "url2": null }, "geometry": { "type": "Point", "coordinates": [ 139.3564199, 35.8430403 ] } },
{ "type": "Feature", "properties": { "内容": "ニチイケアセンター入間【訪問介護】入間市豊岡１－３－２９浅見ビル2F", "url": "https://www.kaigokensaku.mhlw.go.jp/11/index.php?action_kouhyou_detail_004_kani=true&JigyosyoCd=1172800201-00&ServiceCd=110&Type=search", "url2": "http://www.nichiigakkan.co.jp" }, "geometry": { "type": "Point", "coordinates": [ 139.388224499999978, 35.8385195 ] } },
{ "type": "Feature", "properties": { "内容": "ヘルパーステーションよつば【訪問介護】埼玉県入間市小谷田153-2", "url": "https://www.kaigokensaku.mhlw.go.jp/11/index.php?action_kouhyou_detail_004_kani=true&JigyosyoCd=1172800912-00&ServiceCd=110&Type=search", "url2": null }, "geometry": { "type": "Point", "coordinates": [ 139.334287499999959, 35.8124974 ] } },
{ "type": "Feature", "properties": { "内容": "ニチイケアセンター武蔵藤沢【訪問介護】久保稲荷1-28-14", "url": "https://www.kaigokensaku.mhlw.go.jp/11/index.php?action_kouhyou_detail_004_kani=true&JigyosyoCd=1172801803-00&ServiceCd=110&Type=search", "url2": "https//www.nichiigakkan.co.jp" }, "geometry": { "type": "Point", "coordinates": [ 139.394057500000031, 35.8264419 ] } },
{ "type": "Feature", "properties": { "内容": "松本訪問介護サービス【訪問介護】埼玉県入間市宮寺1977番地", "url": "https://www.kaigokensaku.mhlw.go.jp/11/index.php?action_kouhyou_detail_004_kani=true&JigyosyoCd=1172801886-00&ServiceCd=110&Type=search", "url2": "http://ｍ-care.online/" }, "geometry": { "type": "Point", "coordinates": [ 139.375739399999986, 35.7910794 ] } },
{ "type": "Feature", "properties": { "内容": "けあビジョン入間【訪問介護】埼玉県入間市豊岡1丁目2番6号", "url": "https://www.kaigokensaku.mhlw.go.jp/11/index.php?action_kouhyou_detail_004_kani=true&JigyosyoCd=1172800979-00&ServiceCd=110&Type=search", "url2": null }, "geometry": { "type": "Point", "coordinates": [ 139.3885022, 35.8401311 ] } },
{ "type": "Feature", "properties": { "内容": "満天　介護【訪問介護】埼玉県入間市下藤沢1084番地1ﾗｲﾌﾋﾙｽﾞﾌﾟﾙﾐｴｰﾙA棟703", "url": "https://www.kaigokensaku.mhlw.go.jp/11/index.php?action_kouhyou_detail_004_kani=true&JigyosyoCd=1172801811-00&ServiceCd=110&Type=search", "url2": null }, "geometry": { "type": "Point", "coordinates": [ 139.403883799999988, 35.82379 ] } },
{ "type": "Feature", "properties": { "内容": "訪問介護　ハートネット【訪問介護】埼玉県入間市東藤沢４－１－１１須釜ビル２ＦＡ", "url": "https://www.kaigokensaku.mhlw.go.jp/11/index.php?action_kouhyou_detail_004_kani=true&JigyosyoCd=1172800649-00&ServiceCd=110&Type=search", "url2": null }, "geometry": { "type": "Point", "coordinates": [ 139.4165193, 35.8195684 ] } },
{ "type": "Feature", "properties": { "内容": "ヘルパーステーションわかな【訪問介護】埼玉県入間市扇町屋4-1-15ジョイフルコーポ103", "url": "https://www.kaigokensaku.mhlw.go.jp/11/index.php?action_kouhyou_detail_004_kani=true&JigyosyoCd=1172801795-00&ServiceCd=110&Type=search", "url2": null }, "geometry": { "type": "Point", "coordinates": [ 139.383710695675433, 35.828892168574974 ] } },
{ "type": "Feature", "properties": { "内容": "クレヨンココ【訪問介護】埼玉県入間市牛沢町11-24", "url": "https://www.kaigokensaku.mhlw.go.jp/11/index.php?action_kouhyou_detail_004_kani=true&JigyosyoCd=1172802249-00&ServiceCd=110&Type=search", "url2": null }, "geometry": { "type": "Point", "coordinates": [ 139.372254513491811, 35.838797508857724 ] } },
{ "type": "Feature", "properties": { "内容": "訪問介護プレジール【訪問介護】埼玉県入間市久保稲荷3−2−2メゾネット久保稲荷8号室", "url": "https://www.kaigokensaku.mhlw.go.jp/11/index.php?action_kouhyou_detail_004_kani=true&JigyosyoCd=1172801837-00&ServiceCd=110&Type=search", "url2": null }, "geometry": { "type": "Point", "coordinates": [ 139.3944543, 35.8249261 ] } },
{ "type": "Feature", "properties": { "内容": "リョーショー株式会社【訪問介護】高倉　5丁目12番9号", "url": "https://www.kaigokensaku.mhlw.go.jp/11/index.php?action_kouhyou_detail_004_kani=true&JigyosyoCd=1172802256-00&ServiceCd=110&Type=search", "url2": "https://wangni-0075.webnode.jp/" }, "geometry": { "type": "Point", "coordinates": [ 139.37953060000001, 35.8303116 ] } },
{ "type": "Feature", "properties": { "内容": "訪問介護一休入間入間【訪問介護】埼玉県入間市大字野田3004番地6CareVilla入間内", "url": "https://www.kaigokensaku.mhlw.go.jp/11/index.php?action_kouhyou_detail_004_kani=true&JigyosyoCd=1172802116-00&ServiceCd=110&Type=search", "url2": null }, "geometry": { "type": "Point", "coordinates": [ 139.359167949205244, 35.84854775118675 ] } },
{ "type": "Feature", "properties": { "内容": "マザーズハウス入間【訪問介護】埼玉県入間市狭山台２丁目２番地7マザーズハウス入間", "url": "https://www.kaigokensaku.mhlw.go.jp/11/index.php?action_kouhyou_detail_004_kani=true&JigyosyoCd=1172801613-00&ServiceCd=110&Type=search", "url2": null }, "geometry": { "type": "Point", "coordinates": [ 139.362283600000012, 35.8052929 ] } },
{ "type": "Feature", "properties": { "内容": "ガーデンコート朝霞営業所【訪問介護】埼玉県朝霞市根岸台3-12-22あさかヴィレッジパティオ棟北棟", "url": "https://www.kaigokensaku.mhlw.go.jp/11/index.php?action_kouhyou_detail_004_kani=true&JigyosyoCd=1172101584-00&ServiceCd=110&Type=search", "url2": null }, "geometry": { "type": "Point", "coordinates": [ 139.6080322, 35.8075711 ] } },
{ "type": "Feature", "properties": { "内容": "ヘルパーステーションＳＯＬＡ【訪問介護】埼玉県朝霞市膝折町4-20-31-1306", "url": "https://www.kaigokensaku.mhlw.go.jp/11/index.php?action_kouhyou_detail_004_kani=true&JigyosyoCd=1172100909-00&ServiceCd=110&Type=search", "url2": null }, "geometry": { "type": "Point", "coordinates": [ 139.577124567483224, 35.802512360096976 ] } },
{ "type": "Feature", "properties": { "内容": "SOMPOケア　朝霞　訪問介護【訪問介護】埼玉県　朝霞市根岸台三丁目6番12号大興ビル3階", "url": "https://www.kaigokensaku.mhlw.go.jp/11/index.php?action_kouhyou_detail_004_kani=true&JigyosyoCd=1172101345-00&ServiceCd=110&Type=search", "url2": null }, "geometry": { "type": "Point", "coordinates": [ 139.61056480000002, 35.8063211 ] } },
{ "type": "Feature", "properties": { "内容": "ニチイケアセンター朝霞台【訪問介護】埼玉県朝霞市三原3-3-3シャローリバー101", "url": "https://www.kaigokensaku.mhlw.go.jp/11/index.php?action_kouhyou_detail_004_kani=true&JigyosyoCd=1172100420-00&ServiceCd=110&Type=search", "url2": "http://www.nichiigakkan.co.jp" }, "geometry": { "type": "Point", "coordinates": [ 139.5814838, 35.8147222 ] } },
{ "type": "Feature", "properties": { "内容": "ニチイケアセンター朝霞東【訪問介護】朝霞市根岸台2-1-47　ロイヤルメイゾン1", "url": "https://www.kaigokensaku.mhlw.go.jp/11/index.php?action_kouhyou_detail_004_kani=true&JigyosyoCd=1172100776-00&ServiceCd=110&Type=search", "url2": null }, "geometry": { "type": "Point", "coordinates": [ 139.604852199999982, 35.8032502 ] } },
{ "type": "Feature", "properties": { "内容": "埼玉ライフケアサービス　あさか訪問介護事業所【訪問介護】朝霞市本町2-4-25T-BLD朝霞６F", "url": "https://www.kaigokensaku.mhlw.go.jp/11/index.php?action_kouhyou_detail_004_kani=true&JigyosyoCd=1172100024-00&ServiceCd=110&Type=search", "url2": "http://www.saitama-lca.co.jp" }, "geometry": { "type": "Point", "coordinates": [ 139.59884390000002, 35.7962499 ] } },
{ "type": "Feature", "properties": { "内容": "ドット３６５朝霞（訪問介護）【訪問介護】埼玉県朝霞市幸町二丁目18番地27志幸64ビオラ101号室", "url": "https://www.kaigokensaku.mhlw.go.jp/11/index.php?action_kouhyou_detail_004_kani=true&JigyosyoCd=1172101675-00&ServiceCd=110&Type=search", "url2": "https://pj.dotline-jp.com/kibou/" }, "geometry": { "type": "Point", "coordinates": [ 139.58461484166412, 35.791316291701136 ] } },
{ "type": "Feature", "properties": { "内容": "おひさま介護サービス朝霞【訪問介護】埼玉県朝霞市本町2-18-9サンヒルズ1階", "url": "https://www.kaigokensaku.mhlw.go.jp/11/index.php?action_kouhyou_detail_004_kani=true&JigyosyoCd=1172101477-00&ServiceCd=110&Type=search", "url2": "http://www.elderly.jp/" }, "geometry": { "type": "Point", "coordinates": [ 139.596419800000035, 35.7999616 ] } },
{ "type": "Feature", "properties": { "内容": "ニチイケアセンター朝霞【訪問介護】埼玉県朝霞市本町2-6-36メスプリージー1階", "url": "https://www.kaigokensaku.mhlw.go.jp/11/index.php?action_kouhyou_detail_004_kani=true&JigyosyoCd=1172100065-00&ServiceCd=110&Type=search", "url2": "http://www.nichiigakkan.co.jp" }, "geometry": { "type": "Point", "coordinates": [ 139.597074828836071, 35.79723090562819 ] } },
{ "type": "Feature", "properties": { "内容": "みつば訪問介護　朝霞台【訪問介護】埼玉県朝霞市三原３－５－３８きよみコーポ１０１", "url": "https://www.kaigokensaku.mhlw.go.jp/11/index.php?action_kouhyou_detail_004_kani=true&JigyosyoCd=1172101394-00&ServiceCd=110&Type=search", "url2": "https://bestcare-partners.co.jp/" }, "geometry": { "type": "Point", "coordinates": [ 139.582028199999968, 35.8157026 ] } },
{ "type": "Feature", "properties": { "内容": "訪問介護事業所あさがお朝霞【訪問介護】朝霞市膝折町1-9-19", "url": "https://www.kaigokensaku.mhlw.go.jp/11/index.php?action_kouhyou_detail_004_kani=true&JigyosyoCd=1172100768-00&ServiceCd=110&Type=search", "url2": null }, "geometry": { "type": "Point", "coordinates": [ 139.583399786508181, 35.794263142696273 ] } },
{ "type": "Feature", "properties": { "内容": "アスモ介護サービス三原【訪問介護】埼玉県朝霞市三原4-7-30", "url": "https://www.kaigokensaku.mhlw.go.jp/11/index.php?action_kouhyou_detail_004_kani=true&JigyosyoCd=1172100958-00&ServiceCd=110&Type=search", "url2": null }, "geometry": { "type": "Point", "coordinates": [ 139.576492599999938, 35.8156276 ] } },
{ "type": "Feature", "properties": { "内容": "ホームヘルパーステーション　モーニングパーク【訪問介護】朝霞市溝沼3-2-33あさか相生病院1階", "url": "https://www.kaigokensaku.mhlw.go.jp/11/index.php?action_kouhyou_detail_004_kani=true&JigyosyoCd=1172100073-00&ServiceCd=110&Type=search", "url2": "http://www.k4.dion.ne.jp/~shiomi/index.html" }, "geometry": { "type": "Point", "coordinates": [ 139.58716458423919, 35.800780705490176 ] } },
{ "type": "Feature", "properties": { "内容": "ひとみケアサポート【訪問介護】朝霞市岡３－２６－３２", "url": "https://www.kaigokensaku.mhlw.go.jp/11/index.php?action_kouhyou_detail_004_kani=true&JigyosyoCd=1172100446-00&ServiceCd=110&Type=search", "url2": null }, "geometry": { "type": "Point", "coordinates": [ 139.601668199999949, 35.8110702 ] } },
{ "type": "Feature", "properties": { "内容": "アスモイーケア【訪問介護】朝霞市栄町４丁目５番６号", "url": "https://www.kaigokensaku.mhlw.go.jp/11/index.php?action_kouhyou_detail_004_kani=true&JigyosyoCd=1172100982-00&ServiceCd=110&Type=search", "url2": "http://asumoiicare.co.jp" }, "geometry": { "type": "Point", "coordinates": [ 139.599347424536887, 35.786264726798095 ] } },
{ "type": "Feature", "properties": { "内容": "特定非営利活動法人ユウケア【訪問介護】埼玉県朝霞市根岸台７丁目７番１号ヒミコマンション101", "url": "https://www.kaigokensaku.mhlw.go.jp/11/index.php?action_kouhyou_detail_004_kani=true&JigyosyoCd=1172100883-00&ServiceCd=110&Type=search", "url2": null }, "geometry": { "type": "Point", "coordinates": [ 139.605218299999933, 35.7941893 ] } },
{ "type": "Feature", "properties": { "内容": "ケアリッツ朝霞台【訪問介護】埼玉県朝霞市三原3-14-39", "url": "https://www.kaigokensaku.mhlw.go.jp/11/index.php?action_kouhyou_detail_004_kani=true&JigyosyoCd=1172101667-00&ServiceCd=110&Type=search", "url2": "https://www.careritz.co.jp/station/branch/asakadai/" }, "geometry": { "type": "Point", "coordinates": [ 139.582019469328912, 35.816629481317989 ] } },
{ "type": "Feature", "properties": { "内容": "ごうどうがいしゃあいさぽーと【訪問介護】埼玉県朝霞市西原二丁目５番１６号ウイステリア．ガーデン１０６", "url": "https://www.kaigokensaku.mhlw.go.jp/11/index.php?action_kouhyou_detail_004_kani=true&JigyosyoCd=1172101758-00&ServiceCd=110&Type=search", "url2": null }, "geometry": { "type": "Point", "coordinates": [ 139.5856383, 35.8171168 ] } },
{ "type": "Feature", "properties": { "内容": "ヘルパーステーション由宇【訪問介護】埼玉県志木市上宗岡3-11-19", "url": "https://www.kaigokensaku.mhlw.go.jp/11/index.php?action_kouhyou_detail_004_kani=true&JigyosyoCd=1172201095-00&ServiceCd=110&Type=search", "url2": "https://you2024.com/" }, "geometry": { "type": "Point", "coordinates": [ 139.582838900000013, 35.8520919 ] } },
{ "type": "Feature", "properties": { "内容": "訪問介護事業所　ブロン【訪問介護】埼玉県志木市本町２－１０－５０", "url": "https://www.kaigokensaku.mhlw.go.jp/11/index.php?action_kouhyou_detail_004_kani=true&JigyosyoCd=1172200089-00&ServiceCd=110&Type=search", "url2": "https://bron.or.jp" }, "geometry": { "type": "Point", "coordinates": [ 139.582061, 35.8338338 ] } },
{ "type": "Feature", "properties": { "内容": "結び【訪問介護】埼玉県志木市上宗岡5-9-52メゾンユートピア102", "url": "https://www.kaigokensaku.mhlw.go.jp/11/index.php?action_kouhyou_detail_004_kani=true&JigyosyoCd=1172200899-00&ServiceCd=110&Type=search", "url2": "http://www.aoiito.com/" }, "geometry": { "type": "Point", "coordinates": [ 139.583131400000013, 35.8440839 ] } },
{ "type": "Feature", "properties": { "内容": "ヘルパーステーション　ケアサポートしき【訪問介護】埼玉県志木市上宗岡5-19-44イルミーナしき", "url": "https://www.kaigokensaku.mhlw.go.jp/11/index.php?action_kouhyou_detail_004_kani=true&JigyosyoCd=1172200592-00&ServiceCd=110&Type=search", "url2": "https://www.care-support.biz/" }, "geometry": { "type": "Point", "coordinates": [ 139.5842721, 35.8470293 ] } },
{ "type": "Feature", "properties": { "内容": "訪問介護スマイル志木【訪問介護】埼玉県志木市幸町1-11-11ハイム二ノ宮102", "url": "https://www.kaigokensaku.mhlw.go.jp/11/index.php?action_kouhyou_detail_004_kani=true&JigyosyoCd=1172201046-00&ServiceCd=110&Type=search", "url2": null }, "geometry": { "type": "Point", "coordinates": [ 139.5672889, 35.8214156 ] } },
{ "type": "Feature", "properties": { "内容": "ウェルホーム+ヘルパーステーション志木【訪問介護】埼玉県志木市柏町三丁目9番71号", "url": "https://www.kaigokensaku.mhlw.go.jp/11/index.php?action_kouhyou_detail_004_kani=true&JigyosyoCd=1172201061-00&ServiceCd=110&Type=search", "url2": null }, "geometry": { "type": "Point", "coordinates": [ 139.5709934, 35.8318853 ] } },
{ "type": "Feature", "properties": { "内容": "訪問介護事業所あさがお志木【訪問介護】埼玉県志木市中宗岡1-19-５１アミカの郷志木同一建物内IF", "url": "https://www.kaigokensaku.mhlw.go.jp/11/index.php?action_kouhyou_detail_004_kani=true&JigyosyoCd=1172200170-00&ServiceCd=110&Type=search", "url2": null }, "geometry": { "type": "Point", "coordinates": [ 139.5867804, 35.8432801 ] } },
{ "type": "Feature", "properties": { "内容": "訪問介護事業所さくら草【訪問介護】埼玉県志木市本町二丁目２番５号リバーサイドビル１０１号室", "url": "https://www.kaigokensaku.mhlw.go.jp/11/index.php?action_kouhyou_detail_004_kani=true&JigyosyoCd=1172200733-00&ServiceCd=110&Type=search", "url2": "https://sakurasou.saitama.jp/" }, "geometry": { "type": "Point", "coordinates": [ 139.580124425499889, 35.83498806163395 ] } },
{ "type": "Feature", "properties": { "内容": "アースサポート志木【訪問介護】埼玉県志木市本町3丁目5番29号", "url": "https://www.kaigokensaku.mhlw.go.jp/11/index.php?action_kouhyou_detail_004_kani=true&JigyosyoCd=1172200311-00&ServiceCd=110&Type=search", "url2": "https://www.earthsupport.co.jp" }, "geometry": { "type": "Point", "coordinates": [ 139.5730175, 35.8281067 ] } },
{ "type": "Feature", "properties": { "内容": "社会福祉法人　志木市社会福祉協議会指定訪問介護事業所【訪問介護】埼玉県志木市上宗岡１－５－１", "url": "https://www.kaigokensaku.mhlw.go.jp/11/index.php?action_kouhyou_detail_004_kani=true&JigyosyoCd=1172200055-00&ServiceCd=110&Type=search", "url2": "http://www.shiki-syakyo.or.jp" }, "geometry": { "type": "Point", "coordinates": [ 139.5868074, 35.8455546 ] } },
{ "type": "Feature", "properties": { "内容": "こころ訪問介護事業所【訪問介護】埼玉県志木市中宗岡２丁目１番４１号", "url": "https://www.kaigokensaku.mhlw.go.jp/11/index.php?action_kouhyou_detail_004_kani=true&JigyosyoCd=1172200949-00&ServiceCd=110&Type=search", "url2": "https:kokoro-levron.com" }, "geometry": { "type": "Point", "coordinates": [ 139.588840525420551, 35.839302917360314 ] } },
{ "type": "Feature", "properties": { "内容": "訪問介護　えがお【訪問介護】埼玉県　和光市白子1‐13‐11サンパレス102", "url": "https://www.kaigokensaku.mhlw.go.jp/11/index.php?action_kouhyou_detail_004_kani=true&JigyosyoCd=1172300913-00&ServiceCd=110&Type=search", "url2": null }, "geometry": { "type": "Point", "coordinates": [ 139.6199081, 35.7691858 ] } },
{ "type": "Feature", "properties": { "内容": "特定非営利活動法人　光ケアサポート【訪問介護】埼玉県和光市荷新倉1丁目4-43", "url": "https://www.kaigokensaku.mhlw.go.jp/11/index.php?action_kouhyou_detail_004_kani=true&JigyosyoCd=1172300269-00&ServiceCd=110&Type=search", "url2": null }, "geometry": { "type": "Point", "coordinates": [ 139.605793400000039, 35.7812079 ] } },
{ "type": "Feature", "properties": { "内容": "ニチイケアセンター和光【訪問介護】和光市南1-29-40", "url": "https://www.kaigokensaku.mhlw.go.jp/11/index.php?action_kouhyou_detail_004_kani=true&JigyosyoCd=1172300053-00&ServiceCd=110&Type=search", "url2": "http://www.nichiigakkan.co.jp" }, "geometry": { "type": "Point", "coordinates": [ 139.60149679999995, 35.7709371 ] } },
{ "type": "Feature", "properties": { "内容": "ＮＰＯぽけっとステーション【訪問介護】埼玉県和光市中央１丁目７番１９号セントラルコーポ１０２", "url": "https://www.kaigokensaku.mhlw.go.jp/11/index.php?action_kouhyou_detail_004_kani=true&JigyosyoCd=1172300368-00&ServiceCd=110&Type=search", "url2": null }, "geometry": { "type": "Point", "coordinates": [ 139.610702015575725, 35.783528198718457 ] } },
{ "type": "Feature", "properties": { "内容": "ミアヘルサ　ホームヘルプ和光【訪問介護】埼玉県和光市新倉2-5-49", "url": "https://www.kaigokensaku.mhlw.go.jp/11/index.php?action_kouhyou_detail_004_kani=true&JigyosyoCd=1172300459-00&ServiceCd=110&Type=search", "url2": "https://www.merhalsa.jp/" }, "geometry": { "type": "Point", "coordinates": [ 139.619608500000027, 35.7942286 ] } },
{ "type": "Feature", "properties": { "内容": "ケアリッツ和光【訪問介護】埼玉県和光市本町28-11志幸83GRANDEⅠ-102", "url": "https://www.kaigokensaku.mhlw.go.jp/11/index.php?action_kouhyou_detail_004_kani=true&JigyosyoCd=1172300848-00&ServiceCd=110&Type=search", "url2": "https://www.careritz.co.jp/station/branch/wako/" }, "geometry": { "type": "Point", "coordinates": [ 139.603492573033748, 35.785726593550315 ] } },
{ "type": "Feature", "properties": { "内容": "ナラティブケア和光【訪問介護】埼玉県和光市白子1-29-15和光ガーデン", "url": "https://www.kaigokensaku.mhlw.go.jp/11/index.php?action_kouhyou_detail_004_kani=true&JigyosyoCd=1172300863-00&ServiceCd=110&Type=search", "url2": null }, "geometry": { "type": "Point", "coordinates": [ 139.623995, 35.7709498 ] } },
{ "type": "Feature", "properties": { "内容": "リーシェガーデン和光訪問介護ステーション【訪問介護】和光市丸山台2-11-1", "url": "https://www.kaigokensaku.mhlw.go.jp/11/index.php?action_kouhyou_detail_004_kani=true&JigyosyoCd=1172300574-00&ServiceCd=110&Type=search", "url2": "www.ej-welfare.jp" }, "geometry": { "type": "Point", "coordinates": [ 139.617140400000011, 35.7841683 ] } },
{ "type": "Feature", "properties": { "内容": "和光福祉会　ホームヘルパーステーション【訪問介護】和光市丸山台２－６－２０", "url": "https://www.kaigokensaku.mhlw.go.jp/11/index.php?action_kouhyou_detail_004_kani=true&JigyosyoCd=1172300061-00&ServiceCd=110&Type=search", "url2": "http://www.fukusi.or.jp/" }, "geometry": { "type": "Point", "coordinates": [ 139.61769490000006, 35.7861548 ] } },
{ "type": "Feature", "properties": { "内容": "SOMPOケア　和光　訪問介護【訪問介護】西大和団地6デュプレ西大和第4号棟１０４号室", "url": "https://www.kaigokensaku.mhlw.go.jp/11/index.php?action_kouhyou_detail_004_kani=true&JigyosyoCd=1172300830-00&ServiceCd=110&Type=search", "url2": null }, "geometry": { "type": "Point", "coordinates": [ 139.608243607934583, 35.777851041232701 ] } },
{ "type": "Feature", "properties": { "内容": "ケアネットさくら【訪問介護】埼玉県和光市新倉２丁目２番２０号", "url": "https://www.kaigokensaku.mhlw.go.jp/11/index.php?action_kouhyou_detail_004_kani=true&JigyosyoCd=1172300756-00&ServiceCd=110&Type=search", "url2": null }, "geometry": { "type": "Point", "coordinates": [ 139.618613500000038, 35.7929044 ] } },
{ "type": "Feature", "properties": { "内容": "けあビジョン和光【訪問介護】新倉2-9-37志幸19ミリオンⅡ102", "url": "https://www.kaigokensaku.mhlw.go.jp/11/index.php?action_kouhyou_detail_004_kani=true&JigyosyoCd=1172300798-00&ServiceCd=110&Type=search", "url2": "carev.wako@care-v.com" }, "geometry": { "type": "Point", "coordinates": [ 139.6170894, 35.7971614 ] } },
{ "type": "Feature", "properties": { "内容": "オブリ訪問介護事業所【訪問介護】下新倉3－6－86", "url": "https://www.kaigokensaku.mhlw.go.jp/11/index.php?action_kouhyou_detail_004_kani=true&JigyosyoCd=1172300400-00&ServiceCd=110&Type=search", "url2": null }, "geometry": { "type": "Point", "coordinates": [ 139.6222311, 35.7903938 ] } },
{ "type": "Feature", "properties": { "内容": "ケアプラザ　彩ふく【訪問介護】埼玉県新座市堀ノ内３－７－３１", "url": "https://www.kaigokensaku.mhlw.go.jp/11/index.php?action_kouhyou_detail_004_kani=true&JigyosyoCd=1175100526-00&ServiceCd=110&Type=search", "url2": "http://www.3129kaigo.com/" }, "geometry": { "type": "Point", "coordinates": [ 139.558418526344354, 35.777943586613105 ] } },
{ "type": "Feature", "properties": { "内容": "SOMPOケア　新座　訪問介護【訪問介護】埼玉県新座市野火止六丁目６番１２号", "url": "https://www.kaigokensaku.mhlw.go.jp/11/index.php?action_kouhyou_detail_004_kani=true&JigyosyoCd=1175101938-00&ServiceCd=110&Type=search", "url2": "https://www.sompocare.com" }, "geometry": { "type": "Point", "coordinates": [ 139.563252254700473, 35.803874729747697 ] } },
{ "type": "Feature", "properties": { "内容": "ヘルパーステーションすいれん【訪問介護】埼玉県新座市東北2-342-405", "url": "https://www.kaigokensaku.mhlw.go.jp/11/index.php?action_kouhyou_detail_004_kani=true&JigyosyoCd=1175102118-00&ServiceCd=110&Type=search", "url2": "https://suiren-care.jp" }, "geometry": { "type": "Point", "coordinates": [ 139.57552708115864, 35.820640556025126 ] } },
{ "type": "Feature", "properties": { "内容": "訪問介護事業所　菜々の郷【訪問介護】埼玉県新座市馬場１－９－２３フローラ菜の花", "url": "https://www.kaigokensaku.mhlw.go.jp/11/index.php?action_kouhyou_detail_004_kani=true&JigyosyoCd=1175101433-00&ServiceCd=110&Type=search", "url2": "http://www.niizafukushikai.or.jp" }, "geometry": { "type": "Point", "coordinates": [ 139.570002199999976, 35.7813376 ] } },
{ "type": "Feature", "properties": { "内容": "アスモ介護サービス西堀【訪問介護】埼玉県新座市新堀3-2-13第三高好マンション103号", "url": "https://www.kaigokensaku.mhlw.go.jp/11/index.php?action_kouhyou_detail_004_kani=true&JigyosyoCd=1175101607-00&ServiceCd=110&Type=search", "url2": null }, "geometry": { "type": "Point", "coordinates": [ 139.5250671, 35.7688462 ] } },
{ "type": "Feature", "properties": { "内容": "SOMPOケアひばりヶ丘北訪問介護【訪問介護】埼玉県新座市野寺2－19－23そんぽの家ｓひばりヶ丘北", "url": "https://www.kaigokensaku.mhlw.go.jp/11/index.php?action_kouhyou_detail_004_kani=true&JigyosyoCd=1175101987-00&ServiceCd=110&Type=search", "url2": null }, "geometry": { "type": "Point", "coordinates": [ 139.555817199999979, 35.7647726 ] } },
{ "type": "Feature", "properties": { "内容": "ケアサポートえん【訪問介護】埼玉県新座市石神２－１－４", "url": "https://www.kaigokensaku.mhlw.go.jp/11/index.php?action_kouhyou_detail_004_kani=true&JigyosyoCd=1175100633-00&ServiceCd=110&Type=search", "url2": "http://npoenn.com/" }, "geometry": { "type": "Point", "coordinates": [ 139.555575399999952, 35.772127300000022 ] } },
{ "type": "Feature", "properties": { "内容": "ヘルパーステーション　スマイル新座【訪問介護】埼玉県新座市東北2-29-11", "url": "https://www.kaigokensaku.mhlw.go.jp/11/index.php?action_kouhyou_detail_004_kani=true&JigyosyoCd=1175100260-00&ServiceCd=110&Type=search", "url2": "http://www.fureai-hiroba.co.jp/" }, "geometry": { "type": "Point", "coordinates": [ 139.572711377995347, 35.82191018424102 ] } },
{ "type": "Feature", "properties": { "内容": "ミアヘルサホームヘルプ新座【訪問介護】埼玉県新座市北野3-18-24", "url": "https://www.kaigokensaku.mhlw.go.jp/11/index.php?action_kouhyou_detail_004_kani=true&JigyosyoCd=1175101763-00&ServiceCd=110&Type=search", "url2": "www.merhalsa.jp" }, "geometry": { "type": "Point", "coordinates": [ 139.564970833868983, 35.819027011764341 ] } },
{ "type": "Feature", "properties": { "内容": "学研ココファン新座石神ヘルパーセンター【訪問介護】新座市石神1-6-7ココファン新座石神", "url": "https://www.kaigokensaku.mhlw.go.jp/11/index.php?action_kouhyou_detail_004_kani=true&JigyosyoCd=1175101565-00&ServiceCd=110&Type=search", "url2": "http://www.cocofump.co.jp/facilities/detail/niizaishigami/" }, "geometry": { "type": "Point", "coordinates": [ 139.551306299999965, 35.7716022 ] } },
{ "type": "Feature", "properties": { "内容": "ニチイケアセンター新座【訪問介護】埼玉県新座市東北2-26-2深井ビル2-A", "url": "https://www.kaigokensaku.mhlw.go.jp/11/index.php?action_kouhyou_detail_004_kani=true&JigyosyoCd=1175100153-00&ServiceCd=110&Type=search", "url2": "http://www.nichiigakkan.co.jp" }, "geometry": { "type": "Point", "coordinates": [ 139.573470499999985, 35.819468800000031 ] } },
{ "type": "Feature", "properties": { "内容": "特定非営利活動法人　太陽　訪問介護事業所【訪問介護】埼玉県新座市大和田5-17-25", "url": "https://www.kaigokensaku.mhlw.go.jp/11/index.php?action_kouhyou_detail_004_kani=true&JigyosyoCd=1175101110-00&ServiceCd=110&Type=search", "url2": "http://www.npo-taiyo.jp/" }, "geometry": { "type": "Point", "coordinates": [ 139.559558567984027, 35.817591887306946 ] } },
{ "type": "Feature", "properties": { "内容": "ケアサービスのぞみ【訪問介護】埼玉県新座市片山1-14-27", "url": "https://www.kaigokensaku.mhlw.go.jp/11/index.php?action_kouhyou_detail_004_kani=true&JigyosyoCd=1175100674-00&ServiceCd=110&Type=search", "url2": null }, "geometry": { "type": "Point", "coordinates": [ 139.567201893254122, 35.769090543351687 ] } },
{ "type": "Feature", "properties": { "内容": "埼玉ライフケアサービス　大和田訪問介護事業所【訪問介護】新座市大和田1-16-2", "url": "https://www.kaigokensaku.mhlw.go.jp/11/index.php?action_kouhyou_detail_004_kani=true&JigyosyoCd=1172300020-00&ServiceCd=110&Type=search", "url2": "https://www.saitama-lcs.co.jp" }, "geometry": { "type": "Point", "coordinates": [ 139.554097331725075, 35.80846928859652 ] } },
{ "type": "Feature", "properties": { "内容": "新座ライフヘルパーステーション【訪問介護】埼玉県新座市野火止４－１２－６", "url": "https://www.kaigokensaku.mhlw.go.jp/11/index.php?action_kouhyou_detail_004_kani=true&JigyosyoCd=1175100286-00&ServiceCd=110&Type=search", "url2": "http://www.ryusinkai.or.jp" }, "geometry": { "type": "Point", "coordinates": [ 139.555236499999978, 35.7981297 ] } },
{ "type": "Feature", "properties": { "内容": "めいと新座志木訪問介護事業所【訪問介護】埼玉県新座市野火止5-18-21", "url": "https://www.kaigokensaku.mhlw.go.jp/11/index.php?action_kouhyou_detail_004_kani=true&JigyosyoCd=1175100922-00&ServiceCd=110&Type=search", "url2": "http://www.mate-care.com/" }, "geometry": { "type": "Point", "coordinates": [ 139.563673798147676, 35.809529652757128 ] } },
{ "type": "Feature", "properties": { "内容": "株式会社埼玉ライフケアサービス　新座訪問介護事業所【訪問介護】埼玉県新座市野寺1-4-20", "url": "https://www.kaigokensaku.mhlw.go.jp/11/index.php?action_kouhyou_detail_004_kani=true&JigyosyoCd=1175100906-00&ServiceCd=110&Type=search", "url2": "https://www.saitama-lcs.co.jp" }, "geometry": { "type": "Point", "coordinates": [ 139.555869064008931, 35.765349882594762 ] } },
{ "type": "Feature", "properties": { "内容": "社会福祉法人新座市社会福祉協議会ホームヘルプサービス【訪問介護】埼玉県新座市野火止１－９－６３新座市役所第三庁舎内", "url": "https://www.kaigokensaku.mhlw.go.jp/11/index.php?action_kouhyou_detail_004_kani=true&JigyosyoCd=1175100252-00&ServiceCd=110&Type=search", "url2": "http://www.niizashakyo.or.jp" }, "geometry": { "type": "Point", "coordinates": [ 139.568010872956279, 35.793936901415002 ] } },
{ "type": "Feature", "properties": { "内容": "ケアサポート向日葵【訪問介護】埼玉県新座市新堀1-13-12コスモパレスⅠ103", "url": "https://www.kaigokensaku.mhlw.go.jp/11/index.php?action_kouhyou_detail_004_kani=true&JigyosyoCd=1175102381-00&ServiceCd=110&Type=search", "url2": null }, "geometry": { "type": "Point", "coordinates": [ 139.531815, 35.7706352 ] } },
{ "type": "Feature", "properties": { "内容": "オアシス２４桶川【訪問介護】桶川市東１丁目９－２１メゾン・デ・シマ１０６号室", "url": "https://www.kaigokensaku.mhlw.go.jp/11/index.php?action_kouhyou_detail_004_kani=true&JigyosyoCd=1175200847-00&ServiceCd=110&Type=search", "url2": "http://oasis-group.wix.com/oasis-24-kaigo" }, "geometry": { "type": "Point", "coordinates": [ 139.569617525471813, 36.000905533936702 ] } },
{ "type": "Feature", "properties": { "内容": "フレアス訪問ケアステーション【訪問介護】埼玉県上尾市小敷谷2-1日建シェトワ５ビル１階", "url": "https://www.kaigokensaku.mhlw.go.jp/11/index.php?action_kouhyou_detail_004_kani=true&JigyosyoCd=1171603200-00&ServiceCd=110&Type=search", "url2": null }, "geometry": { "type": "Point", "coordinates": [ 139.5668977, 35.9641331 ] } },
{ "type": "Feature", "properties": { "内容": "ケアメディカル桶川訪問介護事業所【訪問介護】埼玉県桶川市坂田東1-3-8ケアガーデン桶川", "url": "https://www.kaigokensaku.mhlw.go.jp/11/index.php?action_kouhyou_detail_004_kani=true&JigyosyoCd=1175201183-00&ServiceCd=110&Type=search", "url2": "https://care-medical.co.jp/" }, "geometry": { "type": "Point", "coordinates": [ 139.5753689, 36.0104378 ] } },
{ "type": "Feature", "properties": { "内容": "あい有限会社　あい介護事業所【訪問介護】埼玉県桶川市坂田東１－３４－７", "url": "https://www.kaigokensaku.mhlw.go.jp/11/index.php?action_kouhyou_detail_004_kani=true&JigyosyoCd=1175200490-00&ServiceCd=110&Type=search", "url2": null }, "geometry": { "type": "Point", "coordinates": [ 139.580268599999954, 36.012502 ] } },
{ "type": "Feature", "properties": { "内容": "桶川介護サービスセンターせいじん【訪問介護】桶川市泉1-7-5", "url": "https://www.kaigokensaku.mhlw.go.jp/11/index.php?action_kouhyou_detail_004_kani=true&JigyosyoCd=1175200458-00&ServiceCd=110&Type=search", "url2": null }, "geometry": { "type": "Point", "coordinates": [ 139.556854218385297, 36.000640969095166 ] } },
{ "type": "Feature", "properties": { "内容": "訪問介護本舗すえつみ【訪問介護】埼玉県桶川市寿２丁目３−３山口ビル２０１", "url": "https://www.kaigokensaku.mhlw.go.jp/11/index.php?action_kouhyou_detail_004_kani=true&JigyosyoCd=1175201423-00&ServiceCd=110&Type=search", "url2": "https://dayservicehonpo.jp/houmonsuetsumi/" }, "geometry": { "type": "Point", "coordinates": [ 139.5645088, 36.0022036 ] } },
{ "type": "Feature", "properties": { "内容": "けあビジョン桶川【訪問介護】埼玉県桶川市鴨川１－６－１６コーポサザンクロス桶川102号室", "url": "https://www.kaigokensaku.mhlw.go.jp/11/index.php?action_kouhyou_detail_004_kani=true&JigyosyoCd=1171600958-00&ServiceCd=110&Type=search", "url2": "http://www.visualvision.co.jp" }, "geometry": { "type": "Point", "coordinates": [ 139.559438360049427, 35.994977306509078 ] } },
{ "type": "Feature", "properties": { "内容": "ニチイケアセンター桶川【訪問介護】埼玉県桶川市東二丁目５－２２スカイハイツ１０１号室", "url": "https://www.kaigokensaku.mhlw.go.jp/11/index.php?action_kouhyou_detail_004_kani=true&JigyosyoCd=1175201175-00&ServiceCd=110&Type=search", "url2": null }, "geometry": { "type": "Point", "coordinates": [ 139.570672, 35.9960856 ] } },
{ "type": "Feature", "properties": { "内容": "ヘルパーステーション　はーとらいふ桶川【訪問介護】埼玉県桶川市坂田西1丁目8番地3", "url": "https://www.kaigokensaku.mhlw.go.jp/11/index.php?action_kouhyou_detail_004_kani=true&JigyosyoCd=1175201043-00&ServiceCd=110&Type=search", "url2": "www.reliable-heartlife.com" }, "geometry": { "type": "Point", "coordinates": [ 139.571439395706989, 36.010922651427222 ] } },
{ "type": "Feature", "properties": { "内容": "ア－ルスタッフ北上尾ケアサ-ビス【訪問介護】埼玉県桶川市末広1-1-33-4", "url": "https://www.kaigokensaku.mhlw.go.jp/11/index.php?action_kouhyou_detail_004_kani=true&JigyosyoCd=1171602038-00&ServiceCd=110&Type=search", "url2": "http://care-net.biz/11/r-staff//" }, "geometry": { "type": "Point", "coordinates": [ 139.571489054834274, 36.000022288828369 ] } },
{ "type": "Feature", "properties": { "内容": "ホームヘルパーステーションハートランド【訪問介護】埼玉県桶川市坂田1725", "url": "https://www.kaigokensaku.mhlw.go.jp/11/index.php?action_kouhyou_detail_004_kani=true&JigyosyoCd=1175200102-00&ServiceCd=110&Type=search", "url2": "https://www.seisekikai.com/heartland/" }, "geometry": { "type": "Point", "coordinates": [ 139.561398700000041, 36.0113488 ] } },
{ "type": "Feature", "properties": { "内容": "ハートフルcasa桶川【訪問介護】埼玉県桶川市寿２－１６－１９ハートフルcasa桶川", "url": "https://www.kaigokensaku.mhlw.go.jp/11/index.php?action_kouhyou_detail_004_kani=true&JigyosyoCd=1175201225-00&ServiceCd=110&Type=search", "url2": "http://carevision.co.jp/" }, "geometry": { "type": "Point", "coordinates": [ 139.568562500000013, 36.0030287 ] } },
{ "type": "Feature", "properties": { "内容": "ネコロボマン訪問介護上尾店【訪問介護】埼玉県桶川市泉1丁目8-4岡野ハイツ305号室", "url": "https://www.kaigokensaku.mhlw.go.jp/11/index.php?action_kouhyou_detail_004_kani=true&JigyosyoCd=1175201415-00&ServiceCd=110&Type=search", "url2": null }, "geometry": { "type": "Point", "coordinates": [ 139.5585087, 35.9995715 ] } },
{ "type": "Feature", "properties": { "内容": "株式会社ケアサービスななつぼし【訪問介護】鴨川2丁目6-2フューチャー桶川B棟102", "url": "https://www.kaigokensaku.mhlw.go.jp/11/index.php?action_kouhyou_detail_004_kani=true&JigyosyoCd=1175201472-00&ServiceCd=110&Type=search", "url2": "https://nanatubosi.jp/" }, "geometry": { "type": "Point", "coordinates": [ 139.5581295, 35.9935123 ] } },
{ "type": "Feature", "properties": { "内容": "つくし介護　久喜【訪問介護】埼玉県久喜市大字北青柳38-5", "url": "https://www.kaigokensaku.mhlw.go.jp/11/index.php?action_kouhyou_detail_004_kani=true&JigyosyoCd=1170900649-00&ServiceCd=110&Type=search", "url2": null }, "geometry": { "type": "Point", "coordinates": [ 139.665881262898523, 36.056130167983682 ] } },
{ "type": "Feature", "properties": { "内容": "ミモザヘルパーステーション久喜【訪問介護】埼玉県久喜市下清久640-6コーポアライ102", "url": "https://www.kaigokensaku.mhlw.go.jp/11/index.php?action_kouhyou_detail_004_kani=true&JigyosyoCd=1170902033-00&ServiceCd=110&Type=search", "url2": "https://mimoza-care.com/facility/home-visit-care/post-839/" }, "geometry": { "type": "Point", "coordinates": [ 139.6572373, 36.0759129 ] } },
{ "type": "Feature", "properties": { "内容": "SOMPOケア　久喜　訪問介護【訪問介護】埼玉県久喜市久喜中央四丁目9-50第３三髙ビル204", "url": "https://www.kaigokensaku.mhlw.go.jp/11/index.php?action_kouhyou_detail_004_kani=true&JigyosyoCd=1170901845-00&ServiceCd=110&Type=search", "url2": "https://www.sompocare.com/" }, "geometry": { "type": "Point", "coordinates": [ 139.674269, 36.0705485 ] } },
{ "type": "Feature", "properties": { "内容": "全研リビング訪問介護【訪問介護】埼玉県久喜市本町5-10-26", "url": "https://www.kaigokensaku.mhlw.go.jp/11/index.php?action_kouhyou_detail_004_kani=true&JigyosyoCd=1170901787-00&ServiceCd=110&Type=search", "url2": "https://www.zenken-living.jp/" }, "geometry": { "type": "Point", "coordinates": [ 139.6648399, 36.0713232 ] } },
{ "type": "Feature", "properties": { "内容": "医心館訪問介護ステーション久喜【訪問介護】埼玉県久喜市青葉５丁目２３番２", "url": "https://www.kaigokensaku.mhlw.go.jp/11/index.php?action_kouhyou_detail_004_kani=true&JigyosyoCd=1170901910-00&ServiceCd=110&Type=search", "url2": null }, "geometry": { "type": "Point", "coordinates": [ 139.6963347, 36.0647012 ] } },
{ "type": "Feature", "properties": { "内容": "「ケアハウス」和みの里【訪問介護】埼玉県久喜市江面１５６２番地１", "url": "https://www.kaigokensaku.mhlw.go.jp/11/index.php?action_kouhyou_detail_004_kani=true&JigyosyoCd=1170900342-00&ServiceCd=110&Type=search", "url2": "kouchikukai753.jp/" }, "geometry": { "type": "Point", "coordinates": [ 139.662971800000037, 36.0584432 ] } },
{ "type": "Feature", "properties": { "内容": "指定訪問介護事業所久喜の里【訪問介護】久喜市下早見１７２８番地１", "url": "https://www.kaigokensaku.mhlw.go.jp/11/index.php?action_kouhyou_detail_004_kani=true&JigyosyoCd=1170900227-00&ServiceCd=110&Type=search", "url2": "hpps://kukinosato.jp" }, "geometry": { "type": "Point", "coordinates": [ 139.653595, 36.0506833 ] } },
{ "type": "Feature", "properties": { "内容": "合同会社　さくらの木【訪問介護】埼玉県久喜市栗橋東4-8-29", "url": "https://www.kaigokensaku.mhlw.go.jp/11/index.php?action_kouhyou_detail_004_kani=true&JigyosyoCd=1170901472-00&ServiceCd=110&Type=search", "url2": null }, "geometry": { "type": "Point", "coordinates": [ 139.699883776057504, 36.13091996924517 ] } },
{ "type": "Feature", "properties": { "内容": "栗橋翔裕園ホームヘルプサービスセンター【訪問介護】埼玉県久喜市栗橋310-1", "url": "https://www.kaigokensaku.mhlw.go.jp/11/index.php?action_kouhyou_detail_004_kani=true&JigyosyoCd=1171100280-00&ServiceCd=110&Type=search", "url2": "http://www.genkimuragroup,jp/ｇenkimura/kurihasi/" }, "geometry": { "type": "Point", "coordinates": [ 139.703554899999972, 36.1257159 ] } },
{ "type": "Feature", "properties": { "内容": "ヘルパーステーション　にこにこ【訪問介護】埼玉県久喜市除堀1523番地14", "url": "https://www.kaigokensaku.mhlw.go.jp/11/index.php?action_kouhyou_detail_004_kani=true&JigyosyoCd=1170901159-00&ServiceCd=110&Type=search", "url2": null }, "geometry": { "type": "Point", "coordinates": [ 139.645604100000014, 36.0492417 ] } },
{ "type": "Feature", "properties": { "内容": "アースサポート久喜【訪問介護】埼玉県久喜市久喜東2丁目17番22号", "url": "https://www.kaigokensaku.mhlw.go.jp/11/index.php?action_kouhyou_detail_004_kani=true&JigyosyoCd=1170900896-00&ServiceCd=110&Type=search", "url2": "https://www.earthsupport.co.jp/" }, "geometry": { "type": "Point", "coordinates": [ 139.681745, 36.0644978 ] } },
{ "type": "Feature", "properties": { "内容": "訪問介護ステーション　ポケット【訪問介護】久喜市八甫４－９３－１", "url": "https://www.kaigokensaku.mhlw.go.jp/11/index.php?action_kouhyou_detail_004_kani=true&JigyosyoCd=1171100512-00&ServiceCd=110&Type=search", "url2": null }, "geometry": { "type": "Point", "coordinates": [ 139.689534800000047, 36.0986853 ] } },
{ "type": "Feature", "properties": { "内容": "ニチイケアセンター　しょうぶ【訪問介護】埼玉県久喜市菖蒲町三箇875-11ピュアーハイツA棟　102号室", "url": "https://www.kaigokensaku.mhlw.go.jp/11/index.php?action_kouhyou_detail_004_kani=true&JigyosyoCd=1170901720-00&ServiceCd=110&Type=search", "url2": "http://www.nichiigakkann.co.jp" }, "geometry": { "type": "Point", "coordinates": [ 139.6103285, 36.0644326 ] } },
{ "type": "Feature", "properties": { "内容": "訪問介護ステーション　心支【訪問介護】埼玉県久喜市本町6-15-12", "url": "https://www.kaigokensaku.mhlw.go.jp/11/index.php?action_kouhyou_detail_004_kani=true&JigyosyoCd=1170901779-00&ServiceCd=110&Type=search", "url2": "http://myplaceｰkcm.co.jp" }, "geometry": { "type": "Point", "coordinates": [ 139.6940855, 36.0649607 ] } },
{ "type": "Feature", "properties": { "内容": "訪問介護　いきいき【訪問介護】埼玉県久喜市青葉４－２４－１８", "url": "https://www.kaigokensaku.mhlw.go.jp/11/index.php?action_kouhyou_detail_004_kani=true&JigyosyoCd=1170900714-00&ServiceCd=110&Type=search", "url2": "npo-ikiiki-seikatsu.com" }, "geometry": { "type": "Point", "coordinates": [ 139.701265599999942, 36.0688309 ] } },
{ "type": "Feature", "properties": { "内容": "みんなの太陽【訪問介護】久喜市吉羽2-19-16", "url": "https://www.kaigokensaku.mhlw.go.jp/11/index.php?action_kouhyou_detail_004_kani=true&JigyosyoCd=1170900425-00&ServiceCd=110&Type=search", "url2": null }, "geometry": { "type": "Point", "coordinates": [ 139.688647, 36.0668919 ] } },
{ "type": "Feature", "properties": { "内容": "あおぞらネット【訪問介護】埼玉県久喜市吉羽1-38-3", "url": "https://www.kaigokensaku.mhlw.go.jp/11/index.php?action_kouhyou_detail_004_kani=true&JigyosyoCd=1170900326-00&ServiceCd=110&Type=search", "url2": "http://www17.ocn.ne.jp/~kawagoe/43.html" }, "geometry": { "type": "Point", "coordinates": [ 139.687513800000033, 36.0661059 ] } },
{ "type": "Feature", "properties": { "内容": "特定非営利活動法人さんわ【訪問介護】埼玉県久喜市上内861-2", "url": "https://www.kaigokensaku.mhlw.go.jp/11/index.php?action_kouhyou_detail_004_kani=true&JigyosyoCd=1171101239-00&ServiceCd=110&Type=search", "url2": "http:www.sanwa-group2004.com/" }, "geometry": { "type": "Point", "coordinates": [ 139.657272626983627, 36.08852654342224 ] } },
{ "type": "Feature", "properties": { "内容": "けあビジョン菖蒲【訪問介護】菖蒲町菖蒲5013-270岡田レジデンス101", "url": "https://www.kaigokensaku.mhlw.go.jp/11/index.php?action_kouhyou_detail_004_kani=true&JigyosyoCd=1170901811-00&ServiceCd=110&Type=search", "url2": null }, "geometry": { "type": "Point", "coordinates": [ 139.6131139, 36.0664957 ] } },
{ "type": "Feature", "properties": { "内容": "株式会社アイリスケアセンター【訪問介護】埼玉県久喜市佐間787-5プラウドビラ栗橋", "url": "https://www.kaigokensaku.mhlw.go.jp/11/index.php?action_kouhyou_detail_004_kani=true&JigyosyoCd=1170203721-00&ServiceCd=110&Type=search", "url2": null }, "geometry": { "type": "Point", "coordinates": [ 139.682503200000014, 36.1231145 ] } },
{ "type": "Feature", "properties": { "内容": "学研ココファン北本ヘルパーセンター【訪問介護】埼玉県北本市中央2-95", "url": "https://www.kaigokensaku.mhlw.go.jp/11/index.php?action_kouhyou_detail_004_kani=true&JigyosyoCd=1175300639-00&ServiceCd=110&Type=search", "url2": "http://www.cocofump.co.jp/" }, "geometry": { "type": "Point", "coordinates": [ 139.533299599999964, 36.03059 ] } },
{ "type": "Feature", "properties": { "内容": "ケアメディカル北本訪問介護事業所【訪問介護】埼玉県北本市中丸4-116-3ケアガーデン北本", "url": "https://www.kaigokensaku.mhlw.go.jp/11/index.php?action_kouhyou_detail_004_kani=true&JigyosyoCd=1175300894-00&ServiceCd=110&Type=search", "url2": "http://care-medical.co.jp" }, "geometry": { "type": "Point", "coordinates": [ 139.549382397483896, 36.024254598608003 ] } },
{ "type": "Feature", "properties": { "内容": "社会福祉法人北本市社会福祉協議会【訪問介護】北本市高尾１丁目１８０番地", "url": "https://www.kaigokensaku.mhlw.go.jp/11/index.php?action_kouhyou_detail_004_kani=true&JigyosyoCd=1175300050-00&ServiceCd=110&Type=search", "url2": "https://www.kita-sha.jp/" }, "geometry": { "type": "Point", "coordinates": [ 139.519131499999958, 36.0265341 ] } },
{ "type": "Feature", "properties": { "内容": "ニチイケアセンター北本【訪問介護】埼玉県北本市北本3-112", "url": "https://www.kaigokensaku.mhlw.go.jp/11/index.php?action_kouhyou_detail_004_kani=true&JigyosyoCd=1175300118-00&ServiceCd=110&Type=search", "url2": "http://www.nichiigakkan.co.jp" }, "geometry": { "type": "Point", "coordinates": [ 139.536846400000059, 36.0347871 ] } },
{ "type": "Feature", "properties": { "内容": "訪問介護事業所あんど【訪問介護】西高尾4-198-5", "url": "https://www.kaigokensaku.mhlw.go.jp/11/index.php?action_kouhyou_detail_004_kani=true&JigyosyoCd=1175301074-00&ServiceCd=110&Type=search", "url2": null }, "geometry": { "type": "Point", "coordinates": [ 138.9744789, 37.4947105 ] } },
{ "type": "Feature", "properties": { "内容": "株式会社しまの　愛の手まごころサービス【訪問介護】埼玉県北本市古市場2-164", "url": "https://www.kaigokensaku.mhlw.go.jp/11/index.php?action_kouhyou_detail_004_kani=true&JigyosyoCd=1175300597-00&ServiceCd=110&Type=search", "url2": "https://ainotemagokoro-service.com/" }, "geometry": { "type": "Point", "coordinates": [ 139.546885, 36.0405313 ] } },
{ "type": "Feature", "properties": { "内容": "コープみらい北本介護センター【訪問介護】北本市下石戸下１５1２－１", "url": "https://www.kaigokensaku.mhlw.go.jp/11/index.php?action_kouhyou_detail_004_kani=true&JigyosyoCd=1175300373-00&ServiceCd=110&Type=search", "url2": "http://mirai.coopnet.or.jp/" }, "geometry": { "type": "Point", "coordinates": [ 139.53736129999993, 36.0179219 ] } },
{ "type": "Feature", "properties": { "内容": "けあビジョン北本【訪問介護】埼玉県北本市北本３丁目１７７番地1伊藤ビル２階", "url": "https://www.kaigokensaku.mhlw.go.jp/11/index.php?action_kouhyou_detail_004_kani=true&JigyosyoCd=1175300233-00&ServiceCd=110&Type=search", "url2": "http://www.visualvision.co.jp/company/index.html" }, "geometry": { "type": "Point", "coordinates": [ 139.536071724405701, 36.033058336568466 ] } },
{ "type": "Feature", "properties": { "内容": "けあビジョン北本中央【訪問介護】北本市中央4-57こうゆうかん３F", "url": "https://www.kaigokensaku.mhlw.go.jp/11/index.php?action_kouhyou_detail_004_kani=true&JigyosyoCd=1175301124-00&ServiceCd=110&Type=search", "url2": "https://www.carevision.jp/service/kaigo.php" }, "geometry": { "type": "Point", "coordinates": [ 139.531877599999973, 36.0340589 ] } },
{ "type": "Feature", "properties": { "内容": "ひまわり介護サービス【訪問介護】埼玉県北本市下石戸下490番地45", "url": "https://www.kaigokensaku.mhlw.go.jp/11/index.php?action_kouhyou_detail_004_kani=true&JigyosyoCd=1175300415-00&ServiceCd=110&Type=search", "url2": null }, "geometry": { "type": "Point", "coordinates": [ 139.540987, 36.013547799999984 ] } },
{ "type": "Feature", "properties": { "内容": "桜の恋ケセンター【訪問介護】埼玉県八潮市八潮2-1-14", "url": "https://www.kaigokensaku.mhlw.go.jp/11/index.php?action_kouhyou_detail_004_kani=true&JigyosyoCd=1171000555-00&ServiceCd=110&Type=search", "url2": null }, "geometry": { "type": "Point", "coordinates": [ 139.8378817, 35.8162434 ] } },
{ "type": "Feature", "properties": { "内容": "ファミリーケア八潮【訪問介護】埼玉県八潮市中央1-21-8コージーハイツ101号", "url": "https://www.kaigokensaku.mhlw.go.jp/11/index.php?action_kouhyou_detail_004_kani=true&JigyosyoCd=1171000654-00&ServiceCd=110&Type=search", "url2": "https://www.sukoyaka-fu.or.jp/" }, "geometry": { "type": "Point", "coordinates": [ 139.83583, 35.8230354 ] } },
{ "type": "Feature", "properties": { "内容": "株式会社こはく【訪問介護】埼玉県八潮市大字大曽根200番地３", "url": "https://www.kaigokensaku.mhlw.go.jp/11/index.php?action_kouhyou_detail_004_kani=true&JigyosyoCd=1171000936-00&ServiceCd=110&Type=search", "url2": "http://kohaku-kaigohokentaxi.com" }, "geometry": { "type": "Point", "coordinates": [ 139.8278569, 35.8059655 ] } },
{ "type": "Feature", "properties": { "内容": "SOMPOケア　八潮　訪問介護【訪問介護】埼玉県八潮市中央三丁目20番6号シャトーレ・ヒノモト101号", "url": "https://www.kaigokensaku.mhlw.go.jp/11/index.php?action_kouhyou_detail_004_kani=true&JigyosyoCd=1171000787-00&ServiceCd=110&Type=search", "url2": "https://www.sompocare.com/service/zaitaku/kaigo/Z000286" }, "geometry": { "type": "Point", "coordinates": [ 139.831725300000016, 35.819978 ] } },
{ "type": "Feature", "properties": { "内容": "ケアリッツ八潮【訪問介護】埼玉県八潮市大瀬146-1", "url": "https://www.kaigokensaku.mhlw.go.jp/11/index.php?action_kouhyou_detail_004_kani=true&JigyosyoCd=1171000894-00&ServiceCd=110&Type=search", "url2": "https://www.careritz.co.jp/station/branch/yashio/" }, "geometry": { "type": "Point", "coordinates": [ 139.853638403670146, 35.805209813258287 ] } },
{ "type": "Feature", "properties": { "内容": "ケアサポートこいずみ【訪問介護】埼玉県八潮市南後谷４３０－２コーポボーヤ　102号室", "url": "https://www.kaigokensaku.mhlw.go.jp/11/index.php?action_kouhyou_detail_004_kani=true&JigyosyoCd=1171000332-00&ServiceCd=110&Type=search", "url2": null }, "geometry": { "type": "Point", "coordinates": [ 139.819039800000041, 35.8289155 ] } },
{ "type": "Feature", "properties": { "内容": "訪問介護ステーション杜の家やしお【訪問介護】埼玉県八潮市鶴ヶ曽根567番1", "url": "https://www.kaigokensaku.mhlw.go.jp/11/index.php?action_kouhyou_detail_004_kani=true&JigyosyoCd=1171000480-00&ServiceCd=110&Type=search", "url2": "http://www.gakudan.org/" }, "geometry": { "type": "Point", "coordinates": [ 139.836666400000013, 35.8300654 ] } },
{ "type": "Feature", "properties": { "内容": "ヘルパーステーションやしお寿苑【訪問介護】埼玉県八潮市大字八條字入谷294番地4", "url": "https://www.kaigokensaku.mhlw.go.jp/11/index.php?action_kouhyou_detail_004_kani=true&JigyosyoCd=1171000191-00&ServiceCd=110&Type=search", "url2": "http://yasioktobukien.jp" }, "geometry": { "type": "Point", "coordinates": [ 139.835185090490768, 35.853192471007745 ] } },
{ "type": "Feature", "properties": { "内容": "ニチイケアセンター八潮【訪問介護】埼玉県八潮市鶴ヶ曽根1383-1セレクト21八潮中央ビル7号館1Ｆ", "url": "https://www.kaigokensaku.mhlw.go.jp/11/index.php?action_kouhyou_detail_004_kani=true&JigyosyoCd=1171000084-00&ServiceCd=110&Type=search", "url2": "http://www.nichiigakkan.co.jp" }, "geometry": { "type": "Point", "coordinates": [ 139.832774800000038, 35.8340454 ] } },
{ "type": "Feature", "properties": { "内容": "ニチイケアセンター古新田【訪問介護】埼玉県八潮市古新田1042-3マイ・ルーム藤Ⅲ", "url": "https://www.kaigokensaku.mhlw.go.jp/11/index.php?action_kouhyou_detail_004_kani=true&JigyosyoCd=1171000803-00&ServiceCd=110&Type=search", "url2": "http://www.nichiigakkan.co.jp" }, "geometry": { "type": "Point", "coordinates": [ 139.852427, 35.795496 ] } },
{ "type": "Feature", "properties": { "内容": "フォセットケアセンター八潮【訪問介護】埼玉県八潮市古新田568-1", "url": "https://www.kaigokensaku.mhlw.go.jp/11/index.php?action_kouhyou_detail_004_kani=true&JigyosyoCd=1171000720-00&ServiceCd=110&Type=search", "url2": "https://e-fossette.jp/" }, "geometry": { "type": "Point", "coordinates": [ 139.841286399999944, 35.8026473 ] } },
{ "type": "Feature", "properties": { "内容": "Tiesケア【訪問介護】埼玉県八潮市緑町4-2-11エステートピアAYA101", "url": "https://www.kaigokensaku.mhlw.go.jp/11/index.php?action_kouhyou_detail_004_kani=true&JigyosyoCd=1171000639-00&ServiceCd=110&Type=search", "url2": null }, "geometry": { "type": "Point", "coordinates": [ 139.8284366, 35.824205 ] } },
{ "type": "Feature", "properties": { "内容": "ヘルパーステーションReStartHome【訪問介護】鶴瀬東1-1-51横田店舗1階", "url": "https://www.kaigokensaku.mhlw.go.jp/11/index.php?action_kouhyou_detail_004_kani=true&JigyosyoCd=1172901561-00&ServiceCd=110&Type=search", "url2": "https://next-stage-restart.co.jp/" }, "geometry": { "type": "Point", "coordinates": [ 139.541852, 35.848504 ] } },
{ "type": "Feature", "properties": { "内容": "あおい糸　〔平成22年度新規事業所〕【訪問介護】富士見市羽沢一丁目31番6号スカイマンション藤205号室", "url": "https://www.kaigokensaku.mhlw.go.jp/11/index.php?action_kouhyou_detail_004_kani=true&JigyosyoCd=1172900753-00&ServiceCd=110&Type=search", "url2": "http://www.aoiito.com/" }, "geometry": { "type": "Point", "coordinates": [ 139.538779805696095, 35.857029876303791 ] } },
{ "type": "Feature", "properties": { "内容": "コープみらい富士見介護センター【訪問介護】埼玉県富士見市東みずほ台3-24コープみずほ台店2F", "url": "https://www.kaigokensaku.mhlw.go.jp/11/index.php?action_kouhyou_detail_004_kani=true&JigyosyoCd=1172901140-00&ServiceCd=110&Type=search", "url2": "http://mirai.coopnet.or.jp/" }, "geometry": { "type": "Point", "coordinates": [ 139.552554699999973, 35.8443074 ] } },
{ "type": "Feature", "properties": { "内容": "ヘルパーステーションほほえみ【訪問介護】貝塚2-20-6", "url": "https://www.kaigokensaku.mhlw.go.jp/11/index.php?action_kouhyou_detail_004_kani=true&JigyosyoCd=1172901397-00&ServiceCd=110&Type=search", "url2": "https://sites.google.com/view/fjm-hohoemi" }, "geometry": { "type": "Point", "coordinates": [ 140.153562099999988, 35.6329744 ] } },
{ "type": "Feature", "properties": { "内容": "福祉ＮＰＯグループみずほ【訪問介護】埼玉県富士見市西みずほ台三丁目３番地１１ハイツみずほ台１０４号", "url": "https://www.kaigokensaku.mhlw.go.jp/11/index.php?action_kouhyou_detail_004_kani=true&JigyosyoCd=1172900266-00&ServiceCd=110&Type=search", "url2": "http://npo-mizuho.org/" }, "geometry": { "type": "Point", "coordinates": [ 139.547969299999977, 35.8356722 ] } },
{ "type": "Feature", "properties": { "内容": "ケアサポート　アクト【訪問介護】鶴瀬東2-19-12メイプルタウンⅡ　213号室", "url": "https://www.kaigokensaku.mhlw.go.jp/11/index.php?action_kouhyou_detail_004_kani=true&JigyosyoCd=1172901108-00&ServiceCd=110&Type=search", "url2": null }, "geometry": { "type": "Point", "coordinates": [ 139.537786, 35.8486204 ] } },
{ "type": "Feature", "properties": { "内容": "ニチイケアセンター富士見【訪問介護】埼玉県富士見市鶴瀬西2-12-38", "url": "https://www.kaigokensaku.mhlw.go.jp/11/index.php?action_kouhyou_detail_004_kani=true&JigyosyoCd=1172900100-00&ServiceCd=110&Type=search", "url2": "http://www.nichiigakkan.co.jp" }, "geometry": { "type": "Point", "coordinates": [ 139.531796652114849, 35.844900950524739 ] } },
{ "type": "Feature", "properties": { "内容": "ニチイケアセンター鶴瀬【訪問介護】埼玉県富士見市鶴馬1-26-7", "url": "https://www.kaigokensaku.mhlw.go.jp/11/index.php?action_kouhyou_detail_004_kani=true&JigyosyoCd=1172900563-00&ServiceCd=110&Type=search", "url2": "http://www.nichiigakkan.co.jp" }, "geometry": { "type": "Point", "coordinates": [ 139.544035500000064, 35.8507286 ] } },
{ "type": "Feature", "properties": { "内容": "ニチイケアセンターみずほ台【訪問介護】埼玉県富士見市西みずほ台2-13-7ベア-マンションB-1", "url": "https://www.kaigokensaku.mhlw.go.jp/11/index.php?action_kouhyou_detail_004_kani=true&JigyosyoCd=1172900399-00&ServiceCd=110&Type=search", "url2": "http://www.nichiigakkan.co.jp" }, "geometry": { "type": "Point", "coordinates": [ 139.5532634, 35.8363556 ] } },
{ "type": "Feature", "properties": { "内容": "医療法人さくら　ふじさくら訪問介護【訪問介護】埼玉県富士見市水谷東一丁目28番1号", "url": "https://www.kaigokensaku.mhlw.go.jp/11/index.php?action_kouhyou_detail_004_kani=true&JigyosyoCd=1172901496-00&ServiceCd=110&Type=search", "url2": null }, "geometry": { "type": "Point", "coordinates": [ 139.570072917721546, 35.841910274023491 ] } },
{ "type": "Feature", "properties": { "内容": "オアシス24ふじみ【訪問介護】富士見市鶴馬１－１７－２８FORYOU１０３号室", "url": "https://www.kaigokensaku.mhlw.go.jp/11/index.php?action_kouhyou_detail_004_kani=true&JigyosyoCd=1172901314-00&ServiceCd=110&Type=search", "url2": "http://oasis-group.wix.com/oasis-24-kaigo" }, "geometry": { "type": "Point", "coordinates": [ 139.541737399999988, 35.8500815 ] } },
{ "type": "Feature", "properties": { "内容": "有限会社　あざみ野在宅介護サービス【訪問介護】埼玉県富士見市ふじみ野市東1-15-3ドレイクふじみ野303", "url": "https://www.kaigokensaku.mhlw.go.jp/11/index.php?action_kouhyou_detail_004_kani=true&JigyosyoCd=1172900548-00&ServiceCd=110&Type=search", "url2": null }, "geometry": { "type": "Point", "coordinates": [ 139.524556757286092, 35.861379137126349 ] } },
{ "type": "Feature", "properties": { "内容": "訪問介護いまこの陽【訪問介護】埼玉県富士見市水谷東２－３０ー１９３F", "url": "https://www.kaigokensaku.mhlw.go.jp/11/index.php?action_kouhyou_detail_004_kani=true&JigyosyoCd=1172901454-00&ServiceCd=110&Type=search", "url2": null }, "geometry": { "type": "Point", "coordinates": [ 139.574252392590324, 35.839073390561232 ] } },
{ "type": "Feature", "properties": { "内容": "けあビジョン鶴瀬【訪問介護】埼玉県富士見市鶴瀬東1丁目６－２５大曽根店舗B", "url": "https://www.kaigokensaku.mhlw.go.jp/11/index.php?action_kouhyou_detail_004_kani=true&JigyosyoCd=1172900910-00&ServiceCd=110&Type=search", "url2": null }, "geometry": { "type": "Point", "coordinates": [ 139.54142047909852, 35.844863470995648 ] } },
{ "type": "Feature", "properties": { "内容": "訪問介護ファミリー・ホスピス富士見【訪問介護】埼玉県富士見市渡戸2-5-46", "url": "https://www.kaigokensaku.mhlw.go.jp/11/index.php?action_kouhyou_detail_004_kani=true&JigyosyoCd=1172901587-00&ServiceCd=110&Type=search", "url2": "https://family-hospice.co.jp/" }, "geometry": { "type": "Point", "coordinates": [ 139.537159828311161, 35.859696077784335 ] } },
{ "type": "Feature", "properties": { "内容": "スプラウト介護ステーション【訪問介護】埼玉県富士見市西みずほ台3丁目10番地10-1-104", "url": "https://www.kaigokensaku.mhlw.go.jp/11/index.php?action_kouhyou_detail_004_kani=true&JigyosyoCd=1172901520-00&ServiceCd=110&Type=search", "url2": null }, "geometry": { "type": "Point", "coordinates": [ 139.547255763229373, 35.835575126115835 ] } },
{ "type": "Feature", "properties": { "内容": "エスティエス訪問介護サービス【訪問介護】埼玉県三郷市戸ヶ崎三丁目416番地1号", "url": "https://www.kaigokensaku.mhlw.go.jp/11/index.php?action_kouhyou_detail_004_kani=true&JigyosyoCd=1171200551-00&ServiceCd=110&Type=search", "url2": null }, "geometry": { "type": "Point", "coordinates": [ 139.869553699999983, 35.8007948 ] } },
{ "type": "Feature", "properties": { "内容": "ドット３６５三郷（訪問介護）【訪問介護】埼玉県三郷市早稲田3-2-28", "url": "https://www.kaigokensaku.mhlw.go.jp/11/index.php?action_kouhyou_detail_004_kani=true&JigyosyoCd=1171202169-00&ServiceCd=110&Type=search", "url2": null }, "geometry": { "type": "Point", "coordinates": [ 139.8861, 35.8520446 ] } },
{ "type": "Feature", "properties": { "内容": "ホームヘルプわせだ【訪問介護】埼玉県三郷市早稲田4-25-9白井店舗A", "url": "https://www.kaigokensaku.mhlw.go.jp/11/index.php?action_kouhyou_detail_004_kani=true&JigyosyoCd=1171202177-00&ServiceCd=110&Type=search", "url2": null }, "geometry": { "type": "Point", "coordinates": [ 139.8788735, 35.8525885 ] } },
{ "type": "Feature", "properties": { "内容": "MC訪問介護センター【訪問介護】埼玉県三郷市彦川戸一丁目84番地1", "url": "https://www.kaigokensaku.mhlw.go.jp/11/index.php?action_kouhyou_detail_004_kani=true&JigyosyoCd=1171201385-00&ServiceCd=110&Type=search", "url2": "http://www.mc-misato.com" }, "geometry": { "type": "Point", "coordinates": [ 139.850692799999933, 35.8476547 ] } },
{ "type": "Feature", "properties": { "内容": "ファミリーケアみさと北【訪問介護】三郷市采女1-236-2", "url": "https://www.kaigokensaku.mhlw.go.jp/11/index.php?action_kouhyou_detail_004_kani=true&JigyosyoCd=1171201450-00&ServiceCd=110&Type=search", "url2": "http://www.sukoyaka-fu.or.jp/" }, "geometry": { "type": "Point", "coordinates": [ 139.8654259, 35.8569331 ] } },
{ "type": "Feature", "properties": { "内容": "ファミリーケアみさと【訪問介護】鷹野4-211-2", "url": "https://www.kaigokensaku.mhlw.go.jp/11/index.php?action_kouhyou_detail_004_kani=true&JigyosyoCd=1171201427-00&ServiceCd=110&Type=search", "url2": "http://www.sukoyaka-fu.or.jp/" }, "geometry": { "type": "Point", "coordinates": [ 139.882463700000017, 35.799706 ] } },
{ "type": "Feature", "properties": { "内容": "ファミリーケアたかの【訪問介護】鷹野5-516-1　2階TPGケアテラスよまき", "url": "https://www.kaigokensaku.mhlw.go.jp/11/index.php?action_kouhyou_detail_004_kani=true&JigyosyoCd=1171201435-00&ServiceCd=110&Type=search", "url2": "http://www.sukoyaka-fu.or.jp/" }, "geometry": { "type": "Point", "coordinates": [ 139.874335683436925, 35.798062917008579 ] } },
{ "type": "Feature", "properties": { "内容": "大起エンゼルヘルプ三郷ケアセンター【訪問介護】三郷市中央1丁目17番地8号アーバンウィンズ3　103号", "url": "https://www.kaigokensaku.mhlw.go.jp/11/index.php?action_kouhyou_detail_004_kani=true&JigyosyoCd=1171200122-00&ServiceCd=110&Type=search", "url2": null }, "geometry": { "type": "Point", "coordinates": [ 139.876069199999961, 35.8211949 ] } },
{ "type": "Feature", "properties": { "内容": "ニチイケアセンター三郷【訪問介護】埼玉県三郷市谷口212堀切マンション101号室", "url": "https://www.kaigokensaku.mhlw.go.jp/11/index.php?action_kouhyou_detail_004_kani=true&JigyosyoCd=1171200866-00&ServiceCd=110&Type=search", "url2": "http://www.nichiigakkan.co.jp" }, "geometry": { "type": "Point", "coordinates": [ 139.869586199999958, 35.8248745 ] } },
{ "type": "Feature", "properties": { "内容": "ケア21三郷【訪問介護】埼玉県三郷市早稲田1-17-19斎藤店舗c号", "url": "https://www.kaigokensaku.mhlw.go.jp/11/index.php?action_kouhyou_detail_004_kani=true&JigyosyoCd=1171202011-00&ServiceCd=110&Type=search", "url2": null }, "geometry": { "type": "Point", "coordinates": [ 139.8853997, 35.8477684 ] } },
{ "type": "Feature", "properties": { "内容": "福祉のニッカ　彦成ヘルパーステーション【訪問介護】埼玉県三郷市彦成３－７－１２－１０１", "url": "https://www.kaigokensaku.mhlw.go.jp/11/index.php?action_kouhyou_detail_004_kani=true&JigyosyoCd=1171200205-00&ServiceCd=110&Type=search", "url2": "http://www.nikkamicron.co.jp/" }, "geometry": { "type": "Point", "coordinates": [ 139.859103, 35.8565676 ] } },
{ "type": "Feature", "properties": { "内容": "さくらケアセンター新三郷【訪問介護】埼玉県三郷市采女１丁目１５７－１", "url": "https://www.kaigokensaku.mhlw.go.jp/11/index.php?action_kouhyou_detail_004_kani=true&JigyosyoCd=1171201203-00&ServiceCd=110&Type=search", "url2": "http://wwwsaitama-sakura.com" }, "geometry": { "type": "Point", "coordinates": [ 139.861602700000049, 35.8598867 ] } },
{ "type": "Feature", "properties": { "内容": "有限会社　ケアサービス三郷【訪問介護】三郷市早稲田４－２３－１５", "url": "https://www.kaigokensaku.mhlw.go.jp/11/index.php?action_kouhyou_detail_004_kani=true&JigyosyoCd=1171200189-00&ServiceCd=110&Type=search", "url2": "https://mt-group.co.jp/care/" }, "geometry": { "type": "Point", "coordinates": [ 139.879718, 35.8522157 ] } },
{ "type": "Feature", "properties": { "内容": "ほっとケアみなみ【訪問介護】埼玉県三郷市半田636番地5", "url": "https://www.kaigokensaku.mhlw.go.jp/11/index.php?action_kouhyou_detail_004_kani=true&JigyosyoCd=1171201369-00&ServiceCd=110&Type=search", "url2": "http://hotcareminami.com/" }, "geometry": { "type": "Point", "coordinates": [ 139.875295529068921, 35.863272764406929 ] } },
{ "type": "Feature", "properties": { "内容": "訪問介護ゆいちご【訪問介護】埼玉県三郷市高洲3-458-2ロイヤルシャトレー1F", "url": "https://www.kaigokensaku.mhlw.go.jp/11/index.php?action_kouhyou_detail_004_kani=true&JigyosyoCd=1171202060-00&ServiceCd=110&Type=search", "url2": null }, "geometry": { "type": "Point", "coordinates": [ 139.8808282, 35.7834388 ] } },
{ "type": "Feature", "properties": { "内容": "ケアリッツ新三郷【訪問介護】埼玉県三郷市三郷2-1-4ふじプラザビル3階", "url": "https://www.kaigokensaku.mhlw.go.jp/11/index.php?action_kouhyou_detail_004_kani=true&JigyosyoCd=1171201922-00&ServiceCd=110&Type=search", "url2": "https://www.careritz.co.jp/station/branch/shimmisato/" }, "geometry": { "type": "Point", "coordinates": [ 139.885142, 35.8447415 ] } },
{ "type": "Feature", "properties": { "内容": "ケアリッツ三郷中央【訪問介護】埼玉県三郷市中央2-2-20ベルメゾン中央101", "url": "https://www.kaigokensaku.mhlw.go.jp/11/index.php?action_kouhyou_detail_004_kani=true&JigyosyoCd=1171201419-00&ServiceCd=110&Type=search", "url2": "https://www.careritz.co.jp/station/branch/misatochuo/" }, "geometry": { "type": "Point", "coordinates": [ 139.878908524373429, 35.821310664700995 ] } },
{ "type": "Feature", "properties": { "内容": "有限会社仁【訪問介護】三郷市彦成2-336難病ケアハウス仁", "url": "https://www.kaigokensaku.mhlw.go.jp/11/index.php?action_kouhyou_detail_004_kani=true&JigyosyoCd=1161290089-00&ServiceCd=110&Type=search", "url2": "http://www.miyako-group.jp" }, "geometry": { "type": "Point", "coordinates": [ 139.852398099999959, 35.8541623 ] } },
{ "type": "Feature", "properties": { "内容": "ファミリア三郷【訪問介護】早稲田6丁目33-50", "url": "https://www.kaigokensaku.mhlw.go.jp/11/index.php?action_kouhyou_detail_004_kani=true&JigyosyoCd=1171202144-00&ServiceCd=110&Type=search", "url2": "https://toho-familiar.com" }, "geometry": { "type": "Point", "coordinates": [ 139.8806136, 35.857264600000015 ] } },
{ "type": "Feature", "properties": { "内容": "福志の桜翔【訪問介護】埼玉県三郷市戸ヶ崎2-144-2エツミ代2ビル1階", "url": "https://www.kaigokensaku.mhlw.go.jp/11/index.php?action_kouhyou_detail_004_kani=true&JigyosyoCd=1171201989-00&ServiceCd=110&Type=search", "url2": null }, "geometry": { "type": "Point", "coordinates": [ 139.8676132, 35.8037216 ] } },
{ "type": "Feature", "properties": { "内容": "ミモザヘルパーステーション三郷鷹野【訪問介護】埼玉県三郷市鷹野1-420", "url": "https://www.kaigokensaku.mhlw.go.jp/11/index.php?action_kouhyou_detail_004_kani=true&JigyosyoCd=1171201955-00&ServiceCd=110&Type=search", "url2": "http://www.mimoza-care.jp/" }, "geometry": { "type": "Point", "coordinates": [ 139.8859784, 35.8028624 ] } },
{ "type": "Feature", "properties": { "内容": "エールケアサービス【訪問介護】埼玉県三郷市戸ヶ崎2－６７５－１吹上マンション101", "url": "https://www.kaigokensaku.mhlw.go.jp/11/index.php?action_kouhyou_detail_004_kani=true&JigyosyoCd=1171202003-00&ServiceCd=110&Type=search", "url2": null }, "geometry": { "type": "Point", "coordinates": [ 139.861844100000013, 35.8003551 ] } },
{ "type": "Feature", "properties": { "内容": "ケアセンター蓮田【訪問介護】埼玉県蓮田市東2丁目1-19", "url": "https://www.kaigokensaku.mhlw.go.jp/11/index.php?action_kouhyou_detail_004_kani=true&JigyosyoCd=1175701000-00&ServiceCd=110&Type=search", "url2": "https://c-human.co.jp/office/%e3%82%b1%e3%82%a2%e3%82%bb%e3%83%b3%e3%82%bf%e3%83%bc%e8%93%ae%e7%94%b0" }, "geometry": { "type": "Point", "coordinates": [ 139.6556281, 35.9846693 ] } },
{ "type": "Feature", "properties": { "内容": "けあビジョン蓮田【訪問介護】埼玉県蓮田市東6-2-11　會田ビル2F", "url": "https://www.kaigokensaku.mhlw.go.jp/11/index.php?action_kouhyou_detail_004_kani=true&JigyosyoCd=1175700283-00&ServiceCd=110&Type=search", "url2": "http://www.visualvision.co.jp" }, "geometry": { "type": "Point", "coordinates": [ 139.653371800000059, 35.9794838 ] } },
{ "type": "Feature", "properties": { "内容": "訪問介護ステーション　あゆみ【訪問介護】蓮田市馬込１－２２２", "url": "https://www.kaigokensaku.mhlw.go.jp/11/index.php?action_kouhyou_detail_004_kani=true&JigyosyoCd=1175700325-00&ServiceCd=110&Type=search", "url2": null }, "geometry": { "type": "Point", "coordinates": [ 139.656669, 35.9762483 ] } },
{ "type": "Feature", "properties": { "内容": "社会福祉法人蓮田市社会福祉協議会【訪問介護】蓮田市関山4-5-6ふれあい福祉センター", "url": "https://www.kaigokensaku.mhlw.go.jp/11/index.php?action_kouhyou_detail_004_kani=true&JigyosyoCd=1175700309-00&ServiceCd=110&Type=search", "url2": "http://www.hasudasisyakyou.or.jp" }, "geometry": { "type": "Point", "coordinates": [ 139.652865099999985, 35.9942598 ] } },
{ "type": "Feature", "properties": { "内容": "アウルサポート【訪問介護】埼玉県蓮田市馬込2-408", "url": "https://www.kaigokensaku.mhlw.go.jp/11/index.php?action_kouhyou_detail_004_kani=true&JigyosyoCd=1175700275-00&ServiceCd=110&Type=search", "url2": null }, "geometry": { "type": "Point", "coordinates": [ 139.659979799999974, 35.9757706 ] } },
{ "type": "Feature", "properties": { "内容": "訪問介護事業所　吾亦紅【訪問介護】埼玉県蓮田市大字閏戸1885番地", "url": "https://www.kaigokensaku.mhlw.go.jp/11/index.php?action_kouhyou_detail_004_kani=true&JigyosyoCd=1175700069-00&ServiceCd=110&Type=search", "url2": "http://www.kissyou.or.jp/" }, "geometry": { "type": "Point", "coordinates": [ 139.640405140614348, 36.004319380998218 ] } },
{ "type": "Feature", "properties": { "内容": "指定居宅サービス事業所えいじゅ【訪問介護】埼玉県蓮田市椿山4-11-4", "url": "https://www.kaigokensaku.mhlw.go.jp/11/index.php?action_kouhyou_detail_004_kani=true&JigyosyoCd=1175700234-00&ServiceCd=110&Type=search", "url2": "eijujp.com" }, "geometry": { "type": "Point", "coordinates": [ 139.6597031, 35.9957291 ] } },
{ "type": "Feature", "properties": { "内容": "ホームケアすまいる【訪問介護】上1-3-１５ヴィラグレイス3階", "url": "https://www.kaigokensaku.mhlw.go.jp/11/index.php?action_kouhyou_detail_004_kani=true&JigyosyoCd=1175700606-00&ServiceCd=110&Type=search", "url2": null }, "geometry": { "type": "Point", "coordinates": [ 139.502168899999987, 35.8638705 ] } },
{ "type": "Feature", "properties": { "内容": "ケアサービスエレン【訪問介護】埼玉県蓮田市大字黒浜3535-87", "url": "https://www.kaigokensaku.mhlw.go.jp/11/index.php?action_kouhyou_detail_004_kani=true&JigyosyoCd=1175700994-00&ServiceCd=110&Type=search", "url2": "https://r.goope.jp/eren-kaigo/" }, "geometry": { "type": "Point", "coordinates": [ 139.666026, 35.9961308 ] } },
{ "type": "Feature", "properties": { "内容": "有限会社ウェルフェアプランニング【訪問介護】埼玉県蓮田市閏戸2522－1", "url": "https://www.kaigokensaku.mhlw.go.jp/11/index.php?action_kouhyou_detail_004_kani=true&JigyosyoCd=1171300153-00&ServiceCd=110&Type=search", "url2": "http://www.wel-plan.com/" }, "geometry": { "type": "Point", "coordinates": [ 139.644270900000038, 36.0066409 ] } },
{ "type": "Feature", "properties": { "内容": "花あかり【訪問介護】埼玉県蓮田市江ヶ崎1964-146", "url": "https://www.kaigokensaku.mhlw.go.jp/11/index.php?action_kouhyou_detail_004_kani=true&JigyosyoCd=1165790027-00&ServiceCd=110&Type=search", "url2": "http://hanaakari.co.jp/index.html" }, "geometry": { "type": "Point", "coordinates": [ 139.6861002, 35.9970068 ] } },
{ "type": "Feature", "properties": { "内容": "訪問ケア　タイム【訪問介護】埼玉県坂戸市芦山町７丁目９番地芦山ハイツ　１０２", "url": "https://www.kaigokensaku.mhlw.go.jp/11/index.php?action_kouhyou_detail_004_kani=true&JigyosyoCd=1176001541-00&ServiceCd=110&Type=search", "url2": null }, "geometry": { "type": "Point", "coordinates": [ 139.399812557602672, 35.973066378547109 ] } },
{ "type": "Feature", "properties": { "内容": "訪問介護事業所「西坂戸」【訪問介護】埼玉県坂戸市西坂戸一丁目14番14号", "url": "https://www.kaigokensaku.mhlw.go.jp/11/index.php?action_kouhyou_detail_004_kani=true&JigyosyoCd=1176000923-00&ServiceCd=110&Type=search", "url2": null }, "geometry": { "type": "Point", "coordinates": [ 139.333825558828266, 35.932646846035766 ] } },
{ "type": "Feature", "properties": { "内容": "ケアサポートゆうゆう【訪問介護】埼玉県坂戸市石井2812-2-102102号", "url": "https://www.kaigokensaku.mhlw.go.jp/11/index.php?action_kouhyou_detail_004_kani=true&JigyosyoCd=1176001061-00&ServiceCd=110&Type=search", "url2": "http://total-youyou.jimdo.com/" }, "geometry": { "type": "Point", "coordinates": [ 139.410153779823304, 35.962940002330377 ] } },
{ "type": "Feature", "properties": { "内容": "指定訪問介護事業所　ケアぴーぷる【訪問介護】坂戸市三光町30-10", "url": "https://www.kaigokensaku.mhlw.go.jp/11/index.php?action_kouhyou_detail_004_kani=true&JigyosyoCd=1176000345-00&ServiceCd=110&Type=search", "url2": "http://carepeople.org/" }, "geometry": { "type": "Point", "coordinates": [ 139.388521399999945, 35.9580195 ] } },
{ "type": "Feature", "properties": { "内容": "ネヲハル　坂戸【訪問介護】坂戸市伊豆の山町22-17", "url": "https://www.kaigokensaku.mhlw.go.jp/11/index.php?action_kouhyou_detail_004_kani=true&JigyosyoCd=1176000147-00&ServiceCd=110&Type=search", "url2": "http://www.neoharu.jp" }, "geometry": { "type": "Point", "coordinates": [ 139.393690200000037, 35.9752421 ] } },
{ "type": "Feature", "properties": { "内容": "けあビジョン坂戸【訪問介護】坂戸市南町26-7光南コーポ101", "url": "https://www.kaigokensaku.mhlw.go.jp/11/index.php?action_kouhyou_detail_004_kani=true&JigyosyoCd=1176001475-00&ServiceCd=110&Type=search", "url2": "http://www.visualvision.co.jp" }, "geometry": { "type": "Point", "coordinates": [ 139.39663680000001, 35.954796 ] } },
{ "type": "Feature", "properties": { "内容": "訪問介護事業所ユーカリ【訪問介護】埼玉県坂戸市坂戸1406", "url": "https://www.kaigokensaku.mhlw.go.jp/11/index.php?action_kouhyou_detail_004_kani=true&JigyosyoCd=1176000295-00&ServiceCd=110&Type=search", "url2": null }, "geometry": { "type": "Point", "coordinates": [ 139.402256831105007, 35.967262340867009 ] } },
{ "type": "Feature", "properties": { "内容": "訪問介護事業所　光り【訪問介護】埼玉県坂戸市仲町1－21安斉ビル101号室", "url": "https://www.kaigokensaku.mhlw.go.jp/11/index.php?action_kouhyou_detail_004_kani=true&JigyosyoCd=1176001350-00&ServiceCd=110&Type=search", "url2": "https://www.hikari-houmon.net/" }, "geometry": { "type": "Point", "coordinates": [ 139.3960813, 35.9624799 ] } },
{ "type": "Feature", "properties": { "内容": "ケアステーション若葉【訪問介護】埼玉県坂戸市緑町21-21番地", "url": "https://www.kaigokensaku.mhlw.go.jp/11/index.php?action_kouhyou_detail_004_kani=true&JigyosyoCd=1176000691-00&ServiceCd=110&Type=search", "url2": "http://www.wakaba-group.or.jp" }, "geometry": { "type": "Point", "coordinates": [ 139.391676857672138, 35.953664968943428 ] } },
{ "type": "Feature", "properties": { "内容": "ニチイケアセンター北坂戸【訪問介護】坂戸市末広町17-23", "url": "https://www.kaigokensaku.mhlw.go.jp/11/index.php?action_kouhyou_detail_004_kani=true&JigyosyoCd=1176000543-00&ServiceCd=110&Type=search", "url2": "http://www.nichiigakkan.co.jp" }, "geometry": { "type": "Point", "coordinates": [ 139.39855434351648, 35.977949775682511 ] } },
{ "type": "Feature", "properties": { "内容": "プラチナ・訪問介護ステーション埼玉坂戸【訪問介護】埼玉県坂戸市元町65-6", "url": "https://www.kaigokensaku.mhlw.go.jp/11/index.php?action_kouhyou_detail_004_kani=true&JigyosyoCd=1176001335-00&ServiceCd=110&Type=search", "url2": "https://lakes21.co.jp/" }, "geometry": { "type": "Point", "coordinates": [ 139.39481360000002, 35.9671866 ] } },
{ "type": "Feature", "properties": { "内容": "ケアセンターかおる【訪問介護】埼玉県坂戸市薬師町19-4梅仲荘102", "url": "https://www.kaigokensaku.mhlw.go.jp/11/index.php?action_kouhyou_detail_004_kani=true&JigyosyoCd=1176000964-00&ServiceCd=110&Type=search", "url2": null }, "geometry": { "type": "Point", "coordinates": [ 139.4007475, 35.9695557 ] } },
{ "type": "Feature", "properties": { "内容": "ケアステーションたんぽぽ【訪問介護】埼玉県坂戸市末広町6番地９メディカルハウスかんえつ（サービス付き高齢者向け住宅）", "url": "https://www.kaigokensaku.mhlw.go.jp/11/index.php?action_kouhyou_detail_004_kani=true&JigyosyoCd=1176001277-00&ServiceCd=110&Type=search", "url2": null }, "geometry": { "type": "Point", "coordinates": [ 139.396789799999965, 35.9739728 ] } },
{ "type": "Feature", "properties": { "内容": "訪問介護事業所ふくしあ坂戸【訪問介護】埼玉県坂戸市柳町11−7", "url": "https://www.kaigokensaku.mhlw.go.jp/11/index.php?action_kouhyou_detail_004_kani=true&JigyosyoCd=1176001483-00&ServiceCd=110&Type=search", "url2": null }, "geometry": { "type": "Point", "coordinates": [ 139.406519, 35.9642735 ] } },
{ "type": "Feature", "properties": { "内容": "ケアステーション　心【訪問介護】埼玉県坂戸市本町１番１３号サービス付き高齢者向け住宅心", "url": "https://www.kaigokensaku.mhlw.go.jp/11/index.php?action_kouhyou_detail_004_kani=true&JigyosyoCd=1176001111-00&ServiceCd=110&Type=search", "url2": null }, "geometry": { "type": "Point", "coordinates": [ 139.394596960271542, 35.961225092462477 ] } },
{ "type": "Feature", "properties": { "内容": "ケアセンターさくら【訪問介護】埼玉県坂戸市上吉田203-1", "url": "https://www.kaigokensaku.mhlw.go.jp/11/index.php?action_kouhyou_detail_004_kani=true&JigyosyoCd=1176000402-00&ServiceCd=110&Type=search", "url2": "https://gemutlich.net" }, "geometry": { "type": "Point", "coordinates": [ 139.395623099999966, 35.9800193 ] } },
{ "type": "Feature", "properties": { "内容": "居宅訪問介護事業所ほほえみ【訪問介護】埼玉県坂戸市溝端町2-3メイプルタウン新井1F", "url": "https://www.kaigokensaku.mhlw.go.jp/11/index.php?action_kouhyou_detail_004_kani=true&JigyosyoCd=1176001574-00&ServiceCd=110&Type=search", "url2": null }, "geometry": { "type": "Point", "coordinates": [ 139.39588465434494, 35.97131885110516 ] } },
{ "type": "Feature", "properties": { "内容": "けあビジョン北坂戸【訪問介護】-埼玉県坂戸市溝端町8-9増尾ビル2階", "url": "https://www.kaigokensaku.mhlw.go.jp/11/index.php?action_kouhyou_detail_004_kani=true&JigyosyoCd=1176001624-00&ServiceCd=110&Type=search", "url2": null }, "geometry": { "type": "Point", "coordinates": [ 139.394066, 35.971849 ] } },
{ "type": "Feature", "properties": { "内容": "ヘルパーステーションMOI【訪問介護】埼玉県坂戸市南町7-12F", "url": "https://www.kaigokensaku.mhlw.go.jp/11/index.php?action_kouhyou_detail_004_kani=true&JigyosyoCd=1176001582-00&ServiceCd=110&Type=search", "url2": "http://3speace.com/" }, "geometry": { "type": "Point", "coordinates": [ 139.39404780000001, 35.953377 ] } },
{ "type": "Feature", "properties": { "内容": "ヒューマンサポート幸手【訪問介護】埼玉県幸手市北１丁目１３－２０", "url": "https://www.kaigokensaku.mhlw.go.jp/11/index.php?action_kouhyou_detail_004_kani=true&JigyosyoCd=1176100434-00&ServiceCd=110&Type=search", "url2": "http://n-h-s.jp/" }, "geometry": { "type": "Point", "coordinates": [ 139.72093289999998, 36.0844602 ] } },
{ "type": "Feature", "properties": { "内容": "ＳＯＭＰＯケア　幸手　訪問介護【訪問介護】埼玉県幸手市中1丁目4-8岡野ビル1Ｆ", "url": "https://www.kaigokensaku.mhlw.go.jp/11/index.php?action_kouhyou_detail_004_kani=true&JigyosyoCd=1176100939-00&ServiceCd=110&Type=search", "url2": "https://www.sompocare.com" }, "geometry": { "type": "Point", "coordinates": [ 139.717047699999966, 36.0735725 ] } },
{ "type": "Feature", "properties": { "内容": "けあビジョン幸手【訪問介護】埼玉県幸手市3丁目5番地7号柳原店舗１０４", "url": "https://www.kaigokensaku.mhlw.go.jp/11/index.php?action_kouhyou_detail_004_kani=true&JigyosyoCd=1176100749-00&ServiceCd=110&Type=search", "url2": "carev.satte@kvisualvision.com" }, "geometry": { "type": "Point", "coordinates": [ 139.724666399999933, 36.076633499999986 ] } },
{ "type": "Feature", "properties": { "内容": "株式会社　椿【訪問介護】埼玉県幸手市南2-13-36エントピア105", "url": "https://www.kaigokensaku.mhlw.go.jp/11/index.php?action_kouhyou_detail_004_kani=true&JigyosyoCd=1176100657-00&ServiceCd=110&Type=search", "url2": null }, "geometry": { "type": "Point", "coordinates": [ 139.7138955, 36.069470100000011 ] } },
{ "type": "Feature", "properties": { "内容": "ニチイケアセンター鶴ヶ島【訪問介護】鶴ヶ島市鶴ヶ丘2-7　Ｋ＆Ｙビル2Ｆ", "url": "https://www.kaigokensaku.mhlw.go.jp/11/index.php?action_kouhyou_detail_004_kani=true&JigyosyoCd=1176200093-00&ServiceCd=110&Type=search", "url2": "http://www.nichiigakkan.co.jp" }, "geometry": { "type": "Point", "coordinates": [ 139.420809400000053, 35.936447 ] } },
{ "type": "Feature", "properties": { "内容": "テパエ鶴ヶ島【訪問介護】埼玉県鶴ヶ島市太田ヶ谷432-2", "url": "https://www.kaigokensaku.mhlw.go.jp/11/index.php?action_kouhyou_detail_004_kani=true&JigyosyoCd=1176200531-00&ServiceCd=110&Type=search", "url2": "nino-nino.biz" }, "geometry": { "type": "Point", "coordinates": [ 139.403429700000061, 35.9274472 ] } },
{ "type": "Feature", "properties": { "内容": "ヘルパーステーションすまいる・ランド　鶴ヶ島【訪問介護】埼玉県鶴ヶ島市脚折町3-9-13", "url": "https://www.kaigokensaku.mhlw.go.jp/11/index.php?action_kouhyou_detail_004_kani=true&JigyosyoCd=1176200911-00&ServiceCd=110&Type=search", "url2": "https://www.smile-land.com" }, "geometry": { "type": "Point", "coordinates": [ 139.3873714, 35.9451947 ] } },
{ "type": "Feature", "properties": { "内容": "ヘルパーステーションウェルビー鶴ヶ島【訪問介護】埼玉県鶴ヶ島市上広谷383-1", "url": "https://www.kaigokensaku.mhlw.go.jp/11/index.php?action_kouhyou_detail_004_kani=true&JigyosyoCd=1176201240-00&ServiceCd=110&Type=search", "url2": "https://welbe-nursing.co.jp/" }, "geometry": { "type": "Point", "coordinates": [ 139.4200266, 35.9391877 ] } },
{ "type": "Feature", "properties": { "内容": "ケアサポート24若葉【訪問介護】埼玉県鶴ヶ島市富士見4丁目2-16", "url": "https://www.kaigokensaku.mhlw.go.jp/11/index.php?action_kouhyou_detail_004_kani=true&JigyosyoCd=1176200564-00&ServiceCd=110&Type=search", "url2": "http://nextinc:jp:net" }, "geometry": { "type": "Point", "coordinates": [ 139.416414970111418, 35.955445207278871 ] } },
{ "type": "Feature", "properties": { "内容": "訪問介護事業所ひまわり【訪問介護】埼玉県鶴ヶ島市鶴ヶ丘３７－４ユアーズハイム１０２", "url": "https://www.kaigokensaku.mhlw.go.jp/11/index.php?action_kouhyou_detail_004_kani=true&JigyosyoCd=1176200796-00&ServiceCd=110&Type=search", "url2": "https://www.elder-care.jp/" }, "geometry": { "type": "Point", "coordinates": [ 139.417192200000045, 35.9336408 ] } },
{ "type": "Feature", "properties": { "内容": "医心館訪問介護ステーション鶴ヶ島【訪問介護】埼玉県鶴ヶ島市大字藤金871番7", "url": "https://www.kaigokensaku.mhlw.go.jp/11/index.php?action_kouhyou_detail_004_kani=true&JigyosyoCd=1176201182-00&ServiceCd=110&Type=search", "url2": null }, "geometry": { "type": "Point", "coordinates": [ 139.4030349, 35.9467114 ] } },
{ "type": "Feature", "properties": { "内容": "在宅訪問介護事業所　ベルグルー【訪問介護】鶴ヶ島市脚折1377番地76サンハイム101", "url": "https://www.kaigokensaku.mhlw.go.jp/11/index.php?action_kouhyou_detail_004_kani=true&JigyosyoCd=1176200192-00&ServiceCd=110&Type=search", "url2": "http://belgrue.moo.jp/" }, "geometry": { "type": "Point", "coordinates": [ 139.403088932402056, 35.944238178749835 ] } },
{ "type": "Feature", "properties": { "内容": "特定非営利活動法人あゆみ福祉会【訪問介護】埼玉県鶴ヶ島市藤金685-1", "url": "https://www.kaigokensaku.mhlw.go.jp/11/index.php?action_kouhyou_detail_004_kani=true&JigyosyoCd=1176200721-00&ServiceCd=110&Type=search", "url2": "https://ayumifukushikai.or.jp/" }, "geometry": { "type": "Point", "coordinates": [ 139.399772, 35.934369599999989 ] } },
{ "type": "Feature", "properties": { "内容": "ヘルパーステーションぺんぎん【訪問介護】高倉1059-1", "url": "https://www.kaigokensaku.mhlw.go.jp/11/index.php?action_kouhyou_detail_004_kani=true&JigyosyoCd=1176201158-00&ServiceCd=110&Type=search", "url2": "https://www.chureikai.com/" }, "geometry": { "type": "Point", "coordinates": [ 139.373456, 35.924319 ] } },
{ "type": "Feature", "properties": { "内容": "けあビジョン若葉【訪問介護】埼玉県鶴ヶ島市富士見一丁目18-28島田ビル203号室", "url": "https://www.kaigokensaku.mhlw.go.jp/11/index.php?action_kouhyou_detail_004_kani=true&JigyosyoCd=1176201133-00&ServiceCd=110&Type=search", "url2": "http://www.visualvision.co.jp/" }, "geometry": { "type": "Point", "coordinates": [ 139.414328599999976, 35.9474167 ] } },
{ "type": "Feature", "properties": { "内容": "ラポール訪問介護【訪問介護】埼玉県鶴ヶ島市鶴ヶ丘45-9鶴ヶ丘ハイツ102", "url": "https://www.kaigokensaku.mhlw.go.jp/11/index.php?action_kouhyou_detail_004_kani=true&JigyosyoCd=1176201166-00&ServiceCd=110&Type=search", "url2": null }, "geometry": { "type": "Point", "coordinates": [ 139.4169172, 35.9323412 ] } },
{ "type": "Feature", "properties": { "内容": "訪問介護事業所かがやき【訪問介護】埼玉県鶴ヶ島市大字脚折1441-2", "url": "https://www.kaigokensaku.mhlw.go.jp/11/index.php?action_kouhyou_detail_004_kani=true&JigyosyoCd=1176201026-00&ServiceCd=110&Type=search", "url2": "https://heilig.ikenodai.com/" }, "geometry": { "type": "Point", "coordinates": [ 139.3962003, 35.9391521 ] } },
{ "type": "Feature", "properties": { "内容": "鶴ヶ島ナーシングホーム【訪問介護】埼玉県鶴ヶ島市上広谷60-13", "url": "https://www.kaigokensaku.mhlw.go.jp/11/index.php?action_kouhyou_detail_004_kani=true&JigyosyoCd=1176200713-00&ServiceCd=110&Type=search", "url2": "https://www.kawatsuru-g.jp" }, "geometry": { "type": "Point", "coordinates": [ 139.4234495, 35.9398208 ] } },
{ "type": "Feature", "properties": { "内容": "訪問介護事業所　ゆうらく日高【訪問介護】埼玉県日高市高麗川1‐6‐14　ユゲタビル203", "url": "https://www.kaigokensaku.mhlw.go.jp/11/index.php?action_kouhyou_detail_004_kani=true&JigyosyoCd=1176300752-00&ServiceCd=110&Type=search", "url2": "https://yuuraku-group.jimdoweb.com" }, "geometry": { "type": "Point", "coordinates": [ 139.335310860713179, 35.898532056599855 ] } },
{ "type": "Feature", "properties": { "内容": "ヘルパーステーション　スマイル日高【訪問介護】日高市鹿山２３７－６", "url": "https://www.kaigokensaku.mhlw.go.jp/11/index.php?action_kouhyou_detail_004_kani=true&JigyosyoCd=1176300042-00&ServiceCd=110&Type=search", "url2": "http//www.fureai-hiroba.co.jp" }, "geometry": { "type": "Point", "coordinates": [ 139.341498199999933, 35.895423 ] } },
{ "type": "Feature", "properties": { "内容": "けあビジョン日高【訪問介護】埼玉県日高市高萩1154番地5パルネットキタノ102", "url": "https://www.kaigokensaku.mhlw.go.jp/11/index.php?action_kouhyou_detail_004_kani=true&JigyosyoCd=1176300422-00&ServiceCd=110&Type=search", "url2": "http://www.visualvision.co.jp" }, "geometry": { "type": "Point", "coordinates": [ 139.376302399999986, 35.9013006 ] } },
{ "type": "Feature", "properties": { "内容": "サポートかえる【訪問介護】埼玉県日高市大字鹿山201番11", "url": "https://www.kaigokensaku.mhlw.go.jp/11/index.php?action_kouhyou_detail_004_kani=true&JigyosyoCd=1176300463-00&ServiceCd=110&Type=search", "url2": "https://sapotokaeru.crayonsite.net" }, "geometry": { "type": "Point", "coordinates": [ 139.339735104229703, 35.893629059501009 ] } },
{ "type": "Feature", "properties": { "内容": "日高市社会福祉協議会「ヘルパーステーションこまの郷」【訪問介護】埼玉県日高市大字楡木２０１番地", "url": "https://www.kaigokensaku.mhlw.go.jp/11/index.php?action_kouhyou_detail_004_kani=true&JigyosyoCd=1176300125-00&ServiceCd=110&Type=search", "url2": "http://www.hidakashi-shakyo.or.jp/" }, "geometry": { "type": "Point", "coordinates": [ 139.329605, 35.8890763 ] } },
{ "type": "Feature", "properties": { "内容": "医療法人積仁会【訪問介護】日高市森戸新田99-1", "url": "https://www.kaigokensaku.mhlw.go.jp/11/index.php?action_kouhyou_detail_004_kani=true&JigyosyoCd=1176300778-00&ServiceCd=110&Type=search", "url2": "http：//sekijinkai.or.jp" }, "geometry": { "type": "Point", "coordinates": [ 139.3729515, 35.9129598 ] } },
{ "type": "Feature", "properties": { "内容": "ヘルパーステーション　ふるさとけあ【訪問介護】埼玉県中鹿山133-1友結会　ふるさとけあ", "url": "https://www.kaigokensaku.mhlw.go.jp/11/index.php?action_kouhyou_detail_004_kani=true&JigyosyoCd=1176300182-00&ServiceCd=110&Type=search", "url2": "http://furusato-care.jp/" }, "geometry": { "type": "Point", "coordinates": [ 139.342977376690925, 35.891270805675177 ] } },
{ "type": "Feature", "properties": { "内容": "ケアセンター日高【訪問介護】埼玉県日高市大字高萩字下宿102-1ケヤキ倶楽部日高", "url": "https://www.kaigokensaku.mhlw.go.jp/11/index.php?action_kouhyou_detail_004_kani=true&JigyosyoCd=1176300745-00&ServiceCd=110&Type=search", "url2": "http://www.c-human.co.jp" }, "geometry": { "type": "Point", "coordinates": [ 139.380547299999989, 35.9009267 ] } },
{ "type": "Feature", "properties": { "内容": "ラウンド＆ケアヘルパーステーション東部【訪問介護】埼玉県吉川市木売-1-4-11宏次ビル5階A", "url": "https://www.kaigokensaku.mhlw.go.jp/11/index.php?action_kouhyou_detail_004_kani=true&JigyosyoCd=1176400818-00&ServiceCd=110&Type=search", "url2": "http://www.welloff.co.jp" }, "geometry": { "type": "Point", "coordinates": [ 139.843117200000052, 35.876962 ] } },
{ "type": "Feature", "properties": { "内容": "ニチイケアセンター吉川【訪問介護】埼玉県吉川市保1-3-7吉川医療ビル１Ｆ", "url": "https://www.kaigokensaku.mhlw.go.jp/11/index.php?action_kouhyou_detail_004_kani=true&JigyosyoCd=1176400123-00&ServiceCd=110&Type=search", "url2": "http://www.nichiigakkan.co.jp" }, "geometry": { "type": "Point", "coordinates": [ 139.844708800000035, 35.8775953 ] } },
{ "type": "Feature", "properties": { "内容": "福祉楽団　地域ケアよしかわ【訪問介護】埼玉県吉川市吉川団地1街区7号棟107", "url": "https://www.kaigokensaku.mhlw.go.jp/11/index.php?action_kouhyou_detail_004_kani=true&JigyosyoCd=1176400610-00&ServiceCd=110&Type=search", "url2": "http://www.gakudan.org/" }, "geometry": { "type": "Point", "coordinates": [ 139.846482725656188, 35.89189997465224 ] } },
{ "type": "Feature", "properties": { "内容": "ヘルパーステーション　超【訪問介護】埼玉県吉川市高富2-9-5グリーンビュー1階101号室", "url": "https://www.kaigokensaku.mhlw.go.jp/11/index.php?action_kouhyou_detail_004_kani=true&JigyosyoCd=1176401022-00&ServiceCd=110&Type=search", "url2": null }, "geometry": { "type": "Point", "coordinates": [ 139.8454511, 35.8717352 ] } },
{ "type": "Feature", "properties": { "内容": "ツクイ吉川美南【訪問介護】吉川市美南4-5-2", "url": "https://www.kaigokensaku.mhlw.go.jp/11/index.php?action_kouhyou_detail_004_kani=true&JigyosyoCd=1171200544-00&ServiceCd=110&Type=search", "url2": "http://www.tsukui.net" }, "geometry": { "type": "Point", "coordinates": [ 139.848700424267577, 35.863258331155578 ] } },
{ "type": "Feature", "properties": { "内容": "医療法人相羽医院　たんぽぽ【訪問介護】吉川市中央3丁目28番地２", "url": "https://www.kaigokensaku.mhlw.go.jp/11/index.php?action_kouhyou_detail_004_kani=true&JigyosyoCd=1176400412-00&ServiceCd=110&Type=search", "url2": "http://www.aibaiin.or.jp" }, "geometry": { "type": "Point", "coordinates": [ 139.857159799999977, 35.8925715 ] } },
{ "type": "Feature", "properties": { "内容": "訪問介護事業所ひまわり【訪問介護】埼玉県吉川市中央2丁目12番地26", "url": "https://www.kaigokensaku.mhlw.go.jp/11/index.php?action_kouhyou_detail_004_kani=true&JigyosyoCd=1176400636-00&ServiceCd=110&Type=search", "url2": "https://www.himawari-houmon.co.jp/contact/" }, "geometry": { "type": "Point", "coordinates": [ 139.8551105, 35.888792 ] } },
{ "type": "Feature", "properties": { "内容": "社会福祉法人吉川市社会福祉協議会【訪問介護】吉川市吉川二丁目１番地１", "url": "https://www.kaigokensaku.mhlw.go.jp/11/index.php?action_kouhyou_detail_004_kani=true&JigyosyoCd=1176400016-00&ServiceCd=110&Type=search", "url2": "http://www.yoshikawashakyo.or.jp" }, "geometry": { "type": "Point", "coordinates": [ 139.841327800000045, 35.8911241 ] } },
{ "type": "Feature", "properties": { "内容": "訪問介護事業所ふくねこ【訪問介護】埼玉県吉川市栄町776番地40", "url": "https://www.kaigokensaku.mhlw.go.jp/11/index.php?action_kouhyou_detail_004_kani=true&JigyosyoCd=1176401071-00&ServiceCd=110&Type=search", "url2": null }, "geometry": { "type": "Point", "coordinates": [ 139.8485928, 35.8842142 ] } },
{ "type": "Feature", "properties": { "内容": "日本ナーシング株式会社【訪問介護】鶴ケ舞2-5-9栄和ビル2階", "url": "https://www.kaigokensaku.mhlw.go.jp/11/index.php?action_kouhyou_detail_004_kani=true&JigyosyoCd=1173001643-00&ServiceCd=110&Type=search", "url2": "https://nihon-nursing.jp/company/" }, "geometry": { "type": "Point", "coordinates": [ 139.5109294, 35.8680417 ] } },
{ "type": "Feature", "properties": { "内容": "ヘルパーステーションふじみ野【訪問介護】埼玉県ふじみ野市上福岡３－３－７", "url": "https://www.kaigokensaku.mhlw.go.jp/11/index.php?action_kouhyou_detail_004_kani=true&JigyosyoCd=1172400374-00&ServiceCd=110&Type=search", "url2": "http://nishikaigo.mcp-saitamawest.jp/fujimino/" }, "geometry": { "type": "Point", "coordinates": [ 139.514987099999985, 35.8713281 ] } },
{ "type": "Feature", "properties": { "内容": "寿介護エス・オー・エスふじみ野【訪問介護】埼玉県ふじみ野市鶴ケ舞2-7-5", "url": "https://www.kaigokensaku.mhlw.go.jp/11/index.php?action_kouhyou_detail_004_kani=true&JigyosyoCd=1173001478-00&ServiceCd=110&Type=search", "url2": "https://www.koai.co.jp/" }, "geometry": { "type": "Point", "coordinates": [ 139.511807748462076, 35.869132750324361 ] } },
{ "type": "Feature", "properties": { "内容": "富家訪問介護ステーションふじみ野【訪問介護】埼玉県ふじみ野市苗間291番地1", "url": "https://www.kaigokensaku.mhlw.go.jp/11/index.php?action_kouhyou_detail_004_kani=true&JigyosyoCd=1173001304-00&ServiceCd=110&Type=search", "url2": null }, "geometry": { "type": "Point", "coordinates": [ 139.527544799999987, 35.8585244 ] } },
{ "type": "Feature", "properties": { "内容": "かめくぼケアステーション【訪問介護】埼玉県ふじみ野市亀久保2-4-6コーウンビル103", "url": "https://www.kaigokensaku.mhlw.go.jp/11/index.php?action_kouhyou_detail_004_kani=true&JigyosyoCd=1173001452-00&ServiceCd=110&Type=search", "url2": null }, "geometry": { "type": "Point", "coordinates": [ 139.5075199, 35.8614372 ] } },
{ "type": "Feature", "properties": { "内容": "ヘルパーステーション　すまいる・ランド【訪問介護】ふじみ野市上福岡3-11-3", "url": "https://www.kaigokensaku.mhlw.go.jp/11/index.php?action_kouhyou_detail_004_kani=true&JigyosyoCd=1173000116-00&ServiceCd=110&Type=search", "url2": "https://www.smile-land.com" }, "geometry": { "type": "Point", "coordinates": [ 139.515762, 35.8703837 ] } },
{ "type": "Feature", "properties": { "内容": "訪問介護レジデンスふじみ野【訪問介護】埼玉県ふじみ野市鶴ヶ岡1-12-9", "url": "https://www.kaigokensaku.mhlw.go.jp/11/index.php?action_kouhyou_detail_004_kani=true&JigyosyoCd=1173001338-00&ServiceCd=110&Type=search", "url2": "http://lv-residence.jp/fujimino.html" }, "geometry": { "type": "Point", "coordinates": [ 139.502575409786999, 35.86523231994758 ] } },
{ "type": "Feature", "properties": { "内容": "ＳＯＭＰＯケア　ふじみ野　訪問介護【訪問介護】埼玉県ふじみ野市南台一丁目15番12号", "url": "https://www.kaigokensaku.mhlw.go.jp/11/index.php?action_kouhyou_detail_004_kani=true&JigyosyoCd=1173001510-00&ServiceCd=110&Type=search", "url2": "https://www.sompocare.com/" }, "geometry": { "type": "Point", "coordinates": [ 139.5198374, 35.8682628 ] } },
{ "type": "Feature", "properties": { "内容": "アースサポートふじみ野【訪問介護】埼玉県ふじみ野市苗間456番地1", "url": "https://www.kaigokensaku.mhlw.go.jp/11/index.php?action_kouhyou_detail_004_kani=true&JigyosyoCd=1173000884-00&ServiceCd=110&Type=search", "url2": "https://www.earthsupport.co.jp/" }, "geometry": { "type": "Point", "coordinates": [ 139.5279865, 35.8560525 ] } },
{ "type": "Feature", "properties": { "内容": "訪問介護事業所あさがお上福岡【訪問介護】埼玉県ふじみ野市西1-11-9ハイツウエストサイド２０３", "url": "https://www.kaigokensaku.mhlw.go.jp/11/index.php?action_kouhyou_detail_004_kani=true&JigyosyoCd=1173000355-00&ServiceCd=110&Type=search", "url2": null }, "geometry": { "type": "Point", "coordinates": [ 139.508194736942613, 35.869017155685341 ] } },
{ "type": "Feature", "properties": { "内容": "医療法人社団富家会　訪問介護ステーション【訪問介護】埼玉県ふじみ野市亀久保1839-4富家在宅リハビリテーションケアセンター２階", "url": "https://www.kaigokensaku.mhlw.go.jp/11/index.php?action_kouhyou_detail_004_kani=true&JigyosyoCd=1173000678-00&ServiceCd=110&Type=search", "url2": "houmonkaigo-mhf@fukekai.com" }, "geometry": { "type": "Point", "coordinates": [ 139.493522966323098, 35.856659892087478 ] } },
{ "type": "Feature", "properties": { "内容": "ほほえみケアセンター訪問介護事業所【訪問介護】埼玉県ふじみ野市福岡中央２－１－１１", "url": "https://www.kaigokensaku.mhlw.go.jp/11/index.php?action_kouhyou_detail_004_kani=true&JigyosyoCd=1173000439-00&ServiceCd=110&Type=search", "url2": null }, "geometry": { "type": "Point", "coordinates": [ 139.5177923, 35.872828 ] } },
{ "type": "Feature", "properties": { "内容": "けあビジョンふじみ野【訪問介護】埼玉県ふじみ野市清見4-1-35", "url": "https://www.kaigokensaku.mhlw.go.jp/11/index.php?action_kouhyou_detail_004_kani=true&JigyosyoCd=1173000850-00&ServiceCd=110&Type=search", "url2": null }, "geometry": { "type": "Point", "coordinates": [ 139.521327899999989, 35.8846857 ] } },
{ "type": "Feature", "properties": { "内容": "あいの手訪問介護【訪問介護】埼玉県ふじみ野市亀久保６４３番地１００", "url": "https://www.kaigokensaku.mhlw.go.jp/11/index.php?action_kouhyou_detail_004_kani=true&JigyosyoCd=1173001403-00&ServiceCd=110&Type=search", "url2": "https://www.ainote-kaigo.net" }, "geometry": { "type": "Point", "coordinates": [ 139.5082952, 35.8550915 ] } },
{ "type": "Feature", "properties": { "内容": "学研ココファンふじみ野南ヘルパーセンター【訪問介護】市沢1-6-6", "url": "https://www.kaigokensaku.mhlw.go.jp/11/index.php?action_kouhyou_detail_004_kani=true&JigyosyoCd=1173001130-00&ServiceCd=110&Type=search", "url2": "https://www.cocofump.co.jp/" }, "geometry": { "type": "Point", "coordinates": [ 139.523997799999989, 35.8559258 ] } },
{ "type": "Feature", "properties": { "内容": "アライヴふじみ野【訪問介護】埼玉県ふじみ野市亀久保3丁目5番23号", "url": "https://www.kaigokensaku.mhlw.go.jp/11/index.php?action_kouhyou_detail_004_kani=true&JigyosyoCd=1173001494-00&ServiceCd=110&Type=search", "url2": null }, "geometry": { "type": "Point", "coordinates": [ 139.50953188161472, 35.861955554595006 ] } },
{ "type": "Feature", "properties": { "内容": "エムツー【訪問介護】埼玉県白岡市西十丁目15番6", "url": "https://www.kaigokensaku.mhlw.go.jp/11/index.php?action_kouhyou_detail_004_kani=true&JigyosyoCd=1176600433-00&ServiceCd=110&Type=search", "url2": "https://emu2.taxi/service_emu2/" }, "geometry": { "type": "Point", "coordinates": [ 139.650818542327841, 36.028059332834623 ] } },
{ "type": "Feature", "properties": { "内容": "いなほの訪問介護【訪問介護】埼玉県白岡市小久喜942-8", "url": "https://www.kaigokensaku.mhlw.go.jp/11/index.php?action_kouhyou_detail_004_kani=true&JigyosyoCd=1176600458-00&ServiceCd=110&Type=search", "url2": "https://inaho.or.jp/" }, "geometry": { "type": "Point", "coordinates": [ 139.665480300000013, 36.0141963 ] } },
{ "type": "Feature", "properties": { "内容": "ウエルシア介護サービス白岡【訪問介護】埼玉県白岡市小久喜1413", "url": "https://www.kaigokensaku.mhlw.go.jp/11/index.php?action_kouhyou_detail_004_kani=true&JigyosyoCd=1176600136-00&ServiceCd=110&Type=search", "url2": "https://www.welcia-kaigo.co.jp/shiraoka/" }, "geometry": { "type": "Point", "coordinates": [ 139.671729992898577, 36.016974669552482 ] } },
{ "type": "Feature", "properties": { "内容": "J-Laf【訪問介護】埼玉県白岡市白岡1041-1フジハイツ101", "url": "https://www.kaigokensaku.mhlw.go.jp/11/index.php?action_kouhyou_detail_004_kani=true&JigyosyoCd=1176600417-00&ServiceCd=110&Type=search", "url2": "https://r.goope.jp/2023-12-25/" }, "geometry": { "type": "Point", "coordinates": [ 139.658694719049066, 36.018457566668125 ] } },
{ "type": "Feature", "properties": { "内容": "ナチュラルケアひばり【訪問介護】埼玉県白岡市西10-13-9白岡ひばり館", "url": "https://www.kaigokensaku.mhlw.go.jp/11/index.php?action_kouhyou_detail_004_kani=true&JigyosyoCd=1176600326-00&ServiceCd=110&Type=search", "url2": null }, "geometry": { "type": "Point", "coordinates": [ 139.6499718, 36.0267082 ] } },
{ "type": "Feature", "properties": { "内容": "訪問介護あずき【訪問介護】埼玉県白岡市小久喜1092−２", "url": "https://www.kaigokensaku.mhlw.go.jp/11/index.php?action_kouhyou_detail_004_kani=true&JigyosyoCd=1176600334-00&ServiceCd=110&Type=search", "url2": null }, "geometry": { "type": "Point", "coordinates": [ 139.665557500000034, 36.0171215 ] } },
{ "type": "Feature", "properties": { "内容": "ケアメディカル白岡訪問介護事業所【訪問介護】埼玉県白岡市高岩1473-5ケアガーデン白岡", "url": "https://www.kaigokensaku.mhlw.go.jp/11/index.php?action_kouhyou_detail_004_kani=true&JigyosyoCd=1176600367-00&ServiceCd=110&Type=search", "url2": "https://care-medical.co.jp/" }, "geometry": { "type": "Point", "coordinates": [ 139.681147399999986, 36.0380157 ] } },
{ "type": "Feature", "properties": { "内容": "訪問介護ステーション花みずき白岡【訪問介護】埼玉県白岡市西8-7-2グレースコーポA101", "url": "https://www.kaigokensaku.mhlw.go.jp/11/index.php?action_kouhyou_detail_004_kani=true&JigyosyoCd=1176600185-00&ServiceCd=110&Type=search", "url2": null }, "geometry": { "type": "Point", "coordinates": [ 139.653735, 36.0254061 ] } },
{ "type": "Feature", "properties": { "内容": "ヘルパーステーション一番山車【訪問介護】埼玉県白岡市篠津１９２６－３", "url": "https://www.kaigokensaku.mhlw.go.jp/11/index.php?action_kouhyou_detail_004_kani=true&JigyosyoCd=1176600243-00&ServiceCd=110&Type=search", "url2": "kaigo@waraku-fd.com" }, "geometry": { "type": "Point", "coordinates": [ 139.657943499999988, 36.023969 ] } },
{ "type": "Feature", "properties": { "内容": "社会福祉法人白岡市社会福祉協議会訪問介護事業所【訪問介護】埼玉県白岡市千駄野４４５番地白岡市保健福祉総合センター内", "url": "https://www.kaigokensaku.mhlw.go.jp/11/index.php?action_kouhyou_detail_004_kani=true&JigyosyoCd=1170500142-00&ServiceCd=110&Type=search", "url2": "https://shiraoka-shakyo.org" }, "geometry": { "type": "Point", "coordinates": [ 139.676585499999987, 36.0176287 ] } },
{ "type": "Feature", "properties": { "内容": "特定非営利活動法人埼玉東コアラ【訪問介護】埼玉県白岡市高岩1795番地23", "url": "https://www.kaigokensaku.mhlw.go.jp/11/index.php?action_kouhyou_detail_004_kani=true&JigyosyoCd=1176600235-00&ServiceCd=110&Type=search", "url2": null }, "geometry": { "type": "Point", "coordinates": [ 139.680532800000037, 36.033996100000017 ] } },
{ "type": "Feature", "properties": { "内容": "パレット【訪問介護】埼玉県白岡市白岡９５０－９", "url": "https://www.kaigokensaku.mhlw.go.jp/11/index.php?action_kouhyou_detail_004_kani=true&JigyosyoCd=1176600284-00&ServiceCd=110&Type=search", "url2": "https://www.palettess.com/" }, "geometry": { "type": "Point", "coordinates": [ 139.6570666, 36.0207951 ] } },
{ "type": "Feature", "properties": { "内容": "いちょうの木【訪問介護】埼玉県白岡市上野田５５－４", "url": "https://www.kaigokensaku.mhlw.go.jp/11/index.php?action_kouhyou_detail_004_kani=true&JigyosyoCd=1170500696-00&ServiceCd=110&Type=search", "url2": "http://www.cres-japan.jp/hp-icho/" }, "geometry": { "type": "Point", "coordinates": [ 139.6941491, 36.0131374 ] } },
{ "type": "Feature", "properties": { "内容": "おおるり介護保険サービス事業所【訪問介護】埼玉県白岡市上野田1741-1", "url": "https://www.kaigokensaku.mhlw.go.jp/11/index.php?action_kouhyou_detail_004_kani=true&JigyosyoCd=1170500274-00&ServiceCd=110&Type=search", "url2": "webmaster@o-ruri.com" }, "geometry": { "type": "Point", "coordinates": [ 139.7021287, 36.0134508 ] } },
{ "type": "Feature", "properties": { "内容": "ご長寿くらぶ埼玉・伊奈中央　訪問介護事業所【訪問介護】埼玉県北足立郡伊奈町中央3-332ご長寿くらぶ埼玉・伊奈中央", "url": "https://www.kaigokensaku.mhlw.go.jp/11/index.php?action_kouhyou_detail_004_kani=true&JigyosyoCd=1171300831-00&ServiceCd=110&Type=search", "url2": "https://urbanarchitech.com/" }, "geometry": { "type": "Point", "coordinates": [ 139.6201748, 36.003553799999985 ] } },
{ "type": "Feature", "properties": { "内容": "プラチナ・訪問介護ステーション伊奈【訪問介護】埼玉県北足立郡伊奈町寿一丁目84-1", "url": "https://www.kaigokensaku.mhlw.go.jp/11/index.php?action_kouhyou_detail_004_kani=true&JigyosyoCd=1171300427-00&ServiceCd=110&Type=search", "url2": "https://lakes21.co.jp" }, "geometry": { "type": "Point", "coordinates": [ 139.598584, 36.0059001 ] } },
{ "type": "Feature", "properties": { "内容": "オアシス２４伊奈【訪問介護】北足立郡伊奈町本町３－７３柿沼ｼﾃｨﾊｲﾂＡ棟105号室", "url": "https://www.kaigokensaku.mhlw.go.jp/11/index.php?action_kouhyou_detail_004_kani=true&JigyosyoCd=1171300682-00&ServiceCd=110&Type=search", "url2": "https://oasis24-group.com/" }, "geometry": { "type": "Point", "coordinates": [ 139.625985300000025, 35.9966293 ] } },
{ "type": "Feature", "properties": { "内容": "指定訪問介護事業所ここ・さぽーと【訪問介護】埼玉県北足立郡伊奈町栄4丁目261番地2", "url": "https://www.kaigokensaku.mhlw.go.jp/11/index.php?action_kouhyou_detail_004_kani=true&JigyosyoCd=1171300237-00&ServiceCd=110&Type=search", "url2": "http://cp-ina.co.jp/" }, "geometry": { "type": "Point", "coordinates": [ 139.639599181101346, 35.980977717884315 ] } },
{ "type": "Feature", "properties": { "内容": "社会福祉法人伊奈町社会福祉協議会【訪問介護】埼玉県北足立郡伊奈町中央１丁目93番地", "url": "https://www.kaigokensaku.mhlw.go.jp/11/index.php?action_kouhyou_detail_004_kani=true&JigyosyoCd=1171300120-00&ServiceCd=110&Type=search", "url2": "http://www.ina-shakyo.or.jp/" }, "geometry": { "type": "Point", "coordinates": [ 139.616035523278811, 35.997020476947959 ] } },
{ "type": "Feature", "properties": { "内容": "ふぉれすと伊奈【訪問介護】埼玉県北足立郡伊奈町大字大針656-1", "url": "https://www.kaigokensaku.mhlw.go.jp/11/index.php?action_kouhyou_detail_004_kani=true&JigyosyoCd=1171300849-00&ServiceCd=110&Type=search", "url2": null }, "geometry": { "type": "Point", "coordinates": [ 139.6184342, 36.0054822 ] } },
{ "type": "Feature", "properties": { "内容": "株式会社　ケア・２４【訪問介護】北永井706-4", "url": "https://www.kaigokensaku.mhlw.go.jp/11/index.php?action_kouhyou_detail_004_kani=true&JigyosyoCd=1172400085-00&ServiceCd=110&Type=search", "url2": "https://www.care24.co.jp" }, "geometry": { "type": "Point", "coordinates": [ 139.520892012505186, 35.836167563510521 ] } },
{ "type": "Feature", "properties": { "内容": "ラウンド＆ケアヘルパーステーション鶴瀬【訪問介護】埼玉県入間郡三芳町藤久保309-3アークメゾン001号", "url": "https://www.kaigokensaku.mhlw.go.jp/11/index.php?action_kouhyou_detail_004_kani=true&JigyosyoCd=1172401448-00&ServiceCd=110&Type=search", "url2": null }, "geometry": { "type": "Point", "coordinates": [ 139.5363075, 35.840447 ] } },
{ "type": "Feature", "properties": { "内容": "介護ステーション　こころ【訪問介護】埼玉県入間郡三芳町みよし台7-1", "url": "https://www.kaigokensaku.mhlw.go.jp/11/index.php?action_kouhyou_detail_004_kani=true&JigyosyoCd=1172400705-00&ServiceCd=110&Type=search", "url2": "https://sites.google.com/view/kaigococolo" }, "geometry": { "type": "Point", "coordinates": [ 139.546091700000034, 35.8340057 ] } },
{ "type": "Feature", "properties": { "内容": "訪問介護ステーションエムズガーデン【訪問介護】埼玉県入間郡三芳町北永井890-2", "url": "https://www.kaigokensaku.mhlw.go.jp/11/index.php?action_kouhyou_detail_004_kani=true&JigyosyoCd=1172401414-00&ServiceCd=110&Type=search", "url2": null }, "geometry": { "type": "Point", "coordinates": [ 139.5154723, 35.8455891 ] } },
{ "type": "Feature", "properties": { "内容": "ケアヘルパーちゃお【訪問介護】埼玉県入間郡毛呂山町南台５丁目３５番地３４", "url": "https://www.kaigokensaku.mhlw.go.jp/11/index.php?action_kouhyou_detail_004_kani=true&JigyosyoCd=1172401083-00&ServiceCd=110&Type=search", "url2": null }, "geometry": { "type": "Point", "coordinates": [ 139.332020455155998, 35.93920122993611 ] } },
{ "type": "Feature", "properties": { "内容": "株式会社　福祉の街　ふくしのまち西入間【訪問介護】埼玉県入間郡毛呂山町長瀬720-25", "url": "https://www.kaigokensaku.mhlw.go.jp/11/index.php?action_kouhyou_detail_004_kani=true&JigyosyoCd=1172400549-00&ServiceCd=110&Type=search", "url2": "http://www.youism.co.jp" }, "geometry": { "type": "Point", "coordinates": [ 139.322799799999984, 35.9398315 ] } },
{ "type": "Feature", "properties": { "内容": "介護の夢屋【訪問介護】入間郡毛呂山町前久保南２丁目１３番地１０", "url": "https://www.kaigokensaku.mhlw.go.jp/11/index.php?action_kouhyou_detail_004_kani=true&JigyosyoCd=1172400606-00&ServiceCd=110&Type=search", "url2": "http://www.k4.dion.ne.jp/~eeiji" }, "geometry": { "type": "Point", "coordinates": [ 139.32130810000001, 35.9444837 ] } },
{ "type": "Feature", "properties": { "内容": "生活支援センター　向陽【訪問介護】埼玉県入間郡毛呂山町南台５－３８－５", "url": "https://www.kaigokensaku.mhlw.go.jp/11/index.php?action_kouhyou_detail_004_kani=true&JigyosyoCd=1172400291-00&ServiceCd=110&Type=search", "url2": "http://www2.ocn.ne.jp/^ikusin/" }, "geometry": { "type": "Point", "coordinates": [ 139.329846399999951, 35.9399984 ] } },
{ "type": "Feature", "properties": { "内容": "ヘルパーステーション　薫風園【訪問介護】埼玉県入間郡毛呂山町大字毛呂本郷字沢又691番地", "url": "https://www.kaigokensaku.mhlw.go.jp/11/index.php?action_kouhyou_detail_004_kani=true&JigyosyoCd=1152480036-00&ServiceCd=110&Type=search", "url2": "http://www.saitama-mwa.or.jp/" }, "geometry": { "type": "Point", "coordinates": [ 139.306654, 35.9381802 ] } },
{ "type": "Feature", "properties": { "内容": "サザンケア株式会社【訪問介護】埼玉県入間郡毛呂山町前久保南３丁目１９番地１", "url": "https://www.kaigokensaku.mhlw.go.jp/11/index.php?action_kouhyou_detail_004_kani=true&JigyosyoCd=1172401380-00&ServiceCd=110&Type=search", "url2": "https://www.southerncare-moroyama.com/" }, "geometry": { "type": "Point", "coordinates": [ 139.324300435581961, 35.945942157438765 ] } },
{ "type": "Feature", "properties": { "内容": "イーライフ毛呂山【訪問介護】埼玉県入間郡毛呂山町市場416-24", "url": "https://www.kaigokensaku.mhlw.go.jp/11/index.php?action_kouhyou_detail_004_kani=true&JigyosyoCd=1172401612-00&ServiceCd=110&Type=search", "url2": null }, "geometry": { "type": "Point", "coordinates": [ 139.3398497, 35.9401996 ] } },
{ "type": "Feature", "properties": { "内容": "株式会社オリーブハウス【訪問介護】川角7-1", "url": "https://www.kaigokensaku.mhlw.go.jp/11/index.php?action_kouhyou_detail_004_kani=true&JigyosyoCd=1172401547-00&ServiceCd=110&Type=search", "url2": null }, "geometry": { "type": "Point", "coordinates": [ 139.3298278, 35.9471212 ] } },
{ "type": "Feature", "properties": { "内容": "介護ハート　おごせ【訪問介護】埼玉県入間郡越生町越生東1-10-14ドミール越生101", "url": "https://www.kaigokensaku.mhlw.go.jp/11/index.php?action_kouhyou_detail_004_kani=true&JigyosyoCd=1172401125-00&ServiceCd=110&Type=search", "url2": null }, "geometry": { "type": "Point", "coordinates": [ 139.299990200000025, 35.9632225 ] } },
{ "type": "Feature", "properties": { "内容": "なごみ介護サービス【訪問介護】埼玉県比企郡滑川町羽尾503-7小久保ハイツⅠ-101", "url": "https://www.kaigokensaku.mhlw.go.jp/11/index.php?action_kouhyou_detail_004_kani=true&JigyosyoCd=1173202456-00&ServiceCd=110&Type=search", "url2": null }, "geometry": { "type": "Point", "coordinates": [ 139.3687854, 36.0470957 ] } },
{ "type": "Feature", "properties": { "内容": "訪問介護事業所　森林園【訪問介護】比企郡滑川町大字羽尾4738-2", "url": "https://www.kaigokensaku.mhlw.go.jp/11/index.php?action_kouhyou_detail_004_kani=true&JigyosyoCd=1173201524-00&ServiceCd=110&Type=search", "url2": "https://www.shinrinen.or.jp/" }, "geometry": { "type": "Point", "coordinates": [ 139.363428200000044, 36.0551382 ] } },
{ "type": "Feature", "properties": { "内容": "訪問介護　こころ粋(平成23年度新規事業所）【訪問介護】埼玉県比企郡滑川町月の輪５丁目１８番地２", "url": "https://www.kaigokensaku.mhlw.go.jp/11/index.php?action_kouhyou_detail_004_kani=true&JigyosyoCd=1173201615-00&ServiceCd=110&Type=search", "url2": "https//grow-forcekaigo.com" }, "geometry": { "type": "Point", "coordinates": [ 139.334481190660085, 36.042923505446915 ] } },
{ "type": "Feature", "properties": { "内容": "らんざん苑訪問介護事業所【訪問介護】埼玉県比企郡嵐山町越畑1371-1", "url": "https://www.kaigokensaku.mhlw.go.jp/11/index.php?action_kouhyou_detail_004_kani=true&JigyosyoCd=1173200740-00&ServiceCd=110&Type=search", "url2": "http://www.ranzanen.or.jp/" }, "geometry": { "type": "Point", "coordinates": [ 139.308661499999971, 36.0817177 ] } },
{ "type": "Feature", "properties": { "内容": "ハートくん訪問介護事業所【訪問介護】埼玉県比企郡嵐山町大字菅谷487-1", "url": "https://www.kaigokensaku.mhlw.go.jp/11/index.php?action_kouhyou_detail_004_kani=true&JigyosyoCd=1173200245-00&ServiceCd=110&Type=search", "url2": "http://ranzansyakyuou.jp/" }, "geometry": { "type": "Point", "coordinates": [ 139.320682883436604, 36.041939517919822 ] } },
{ "type": "Feature", "properties": { "内容": "訪問介護ドリームケア【訪問介護】埼玉県比企郡嵐山町川島1849-1", "url": "https://www.kaigokensaku.mhlw.go.jp/11/index.php?action_kouhyou_detail_004_kani=true&JigyosyoCd=1173202217-00&ServiceCd=110&Type=search", "url2": null }, "geometry": { "type": "Point", "coordinates": [ 139.335363927569574, 36.048291101116078 ] } },
{ "type": "Feature", "properties": { "内容": "訪問介護事業所　彩香らんど「田舎の家」【訪問介護】埼玉県比企郡小川町下里７０６番地1", "url": "https://www.kaigokensaku.mhlw.go.jp/11/index.php?action_kouhyou_detail_004_kani=true&JigyosyoCd=1173200443-00&ServiceCd=110&Type=search", "url2": "http://care-net.biz/11/saikouland/" }, "geometry": { "type": "Point", "coordinates": [ 139.2813411, 36.0431272 ] } },
{ "type": "Feature", "properties": { "内容": "社会福祉法人小川町社会福祉協議会指定訪問介護事業所【訪問介護】埼玉県比企郡小川町大字腰越６１８番地", "url": "https://www.kaigokensaku.mhlw.go.jp/11/index.php?action_kouhyou_detail_004_kani=true&JigyosyoCd=1173200211-00&ServiceCd=110&Type=search", "url2": "http://www.ogawashakyo.or.jp/" }, "geometry": { "type": "Point", "coordinates": [ 139.2376587, 36.0449201 ] } },
{ "type": "Feature", "properties": { "内容": "JA埼玉中央　ホームヘルプなごみの森【訪問介護】埼玉県比企郡小川町大字上横田５５６番地", "url": "https://www.kaigokensaku.mhlw.go.jp/11/index.php?action_kouhyou_detail_004_kani=true&JigyosyoCd=1173202464-00&ServiceCd=110&Type=search", "url2": "www.ja-sc.or.jp/html/service/welfare/index.html" }, "geometry": { "type": "Point", "coordinates": [ 139.285989280426037, 36.077174556555079 ] } },
{ "type": "Feature", "properties": { "内容": "訪問介護事業所　ほほえみ【訪問介護】埼玉県比企郡小川町靱負６８１－１", "url": "https://www.kaigokensaku.mhlw.go.jp/11/index.php?action_kouhyou_detail_004_kani=true&JigyosyoCd=1173202076-00&ServiceCd=110&Type=search", "url2": "http://www.smile-hohoemi.co.jp/" }, "geometry": { "type": "Point", "coordinates": [ 139.237701757179224, 36.075647030802685 ] } },
{ "type": "Feature", "properties": { "内容": "ライフサポートそら【訪問介護】埼玉県比企郡川島町白井沼935-1", "url": "https://www.kaigokensaku.mhlw.go.jp/11/index.php?action_kouhyou_detail_004_kani=true&JigyosyoCd=1173201011-00&ServiceCd=110&Type=search", "url2": "https://wing-happy.org/" }, "geometry": { "type": "Point", "coordinates": [ 139.489585560545208, 35.980528809505742 ] } },
{ "type": "Feature", "properties": { "内容": "社会福祉法人川島町社会福祉協議会　訪問介護事業所【訪問介護】埼玉県比企郡川島町大字曲師４０２番地１", "url": "https://www.kaigokensaku.mhlw.go.jp/11/index.php?action_kouhyou_detail_004_kani=true&JigyosyoCd=1173200401-00&ServiceCd=110&Type=search", "url2": "https://www.kawajima-shakyo.or.jp/" }, "geometry": { "type": "Point", "coordinates": [ 139.503256393976102, 35.961661015308017 ] } },
{ "type": "Feature", "properties": { "内容": "ロイヤルレジデンス川島【訪問介護】埼玉県比企郡川島町大字伊草９７－５", "url": "https://www.kaigokensaku.mhlw.go.jp/11/index.php?action_kouhyou_detail_004_kani=true&JigyosyoCd=1173201458-00&ServiceCd=110&Type=search", "url2": "http://syasouken.com" }, "geometry": { "type": "Point", "coordinates": [ 139.468558028836043, 35.963594922032335 ] } },
{ "type": "Feature", "properties": { "内容": "社会福祉法人吉見町社会福祉協議会訪問介護事業所【訪問介護】埼玉県比企郡吉見町大字下細谷1216番地1吉見町福祉会館内", "url": "https://www.kaigokensaku.mhlw.go.jp/11/index.php?action_kouhyou_detail_004_kani=true&JigyosyoCd=1173200435-00&ServiceCd=110&Type=search", "url2": null }, "geometry": { "type": "Point", "coordinates": [ 139.454887520237662, 36.0445775 ] } },
{ "type": "Feature", "properties": { "内容": "常磐苑訪問介護事業所【訪問介護】埼玉県比企郡吉見町大字北吉見350", "url": "https://www.kaigokensaku.mhlw.go.jp/11/index.php?action_kouhyou_detail_004_kani=true&JigyosyoCd=1173200146-00&ServiceCd=110&Type=search", "url2": "http://tokiwafukushikai.jp" }, "geometry": { "type": "Point", "coordinates": [ 139.4202259, 36.0401353 ] } },
{ "type": "Feature", "properties": { "内容": "ＪＡ埼玉中央　ホームヘルプなごみ【訪問介護】比企郡吉見町大字前河内71-1", "url": "https://www.kaigokensaku.mhlw.go.jp/11/index.php?action_kouhyou_detail_004_kani=true&JigyosyoCd=1173200716-00&ServiceCd=110&Type=search", "url2": "www.ja-sc.or.jp/html/service/welfare/index.html" }, "geometry": { "type": "Point", "coordinates": [ 139.456124600000066, 36.03742 ] } },
{ "type": "Feature", "properties": { "内容": "ネヲハル鳩山【訪問介護】埼玉県比企郡鳩山町赤沼1855-3", "url": "https://www.kaigokensaku.mhlw.go.jp/11/index.php?action_kouhyou_detail_004_kani=true&JigyosyoCd=1173202415-00&ServiceCd=110&Type=search", "url2": "www.neoharu.jp" }, "geometry": { "type": "Point", "coordinates": [ 139.33731, 35.9800787 ] } },
{ "type": "Feature", "properties": { "内容": "エスコ　ケアセンター【訪問介護】埼玉県比企郡ときがわ町大字番匠２３８番地", "url": "https://www.kaigokensaku.mhlw.go.jp/11/index.php?action_kouhyou_detail_004_kani=true&JigyosyoCd=1173200880-00&ServiceCd=110&Type=search", "url2": null }, "geometry": { "type": "Point", "coordinates": [ 139.293655199999989, 36.003723 ] } },
{ "type": "Feature", "properties": { "内容": "ライフアップサポートおたっしゃ家族【訪問介護】埼玉県秩父郡横瀬町大字横瀬４５４９番地１", "url": "https://www.kaigokensaku.mhlw.go.jp/11/index.php?action_kouhyou_detail_004_kani=true&JigyosyoCd=1174801215-00&ServiceCd=110&Type=search", "url2": null }, "geometry": { "type": "Point", "coordinates": [ 139.1000381, 35.9879225 ] } },
{ "type": "Feature", "properties": { "内容": "みどりの杜みなの【訪問介護】埼玉県秩父郡皆野町皆野1584-1みどりの杜みなの", "url": "https://www.kaigokensaku.mhlw.go.jp/11/index.php?action_kouhyou_detail_004_kani=true&JigyosyoCd=1174801298-00&ServiceCd=110&Type=search", "url2": "https://stellakawai70.wixsite.com/midorinomori" }, "geometry": { "type": "Point", "coordinates": [ 139.100217793254103, 36.069293652627351 ] } },
{ "type": "Feature", "properties": { "内容": "ケアセンターみんなのあおぞら【訪問介護】秩父郡皆野町金崎２５６－３", "url": "https://www.kaigokensaku.mhlw.go.jp/11/index.php?action_kouhyou_detail_004_kani=true&JigyosyoCd=1174800522-00&ServiceCd=110&Type=search", "url2": null }, "geometry": { "type": "Point", "coordinates": [ 139.102826076057454, 36.084694781925002 ] } },
{ "type": "Feature", "properties": { "内容": "けあビジョン皆野【訪問介護】埼玉県秩父郡皆野町大字皆野977-102-A号", "url": "https://www.kaigokensaku.mhlw.go.jp/11/index.php?action_kouhyou_detail_004_kani=true&JigyosyoCd=1174801256-00&ServiceCd=110&Type=search", "url2": null }, "geometry": { "type": "Point", "coordinates": [ 139.0936525, 36.0681786 ] } },
{ "type": "Feature", "properties": { "内容": "社会福祉法人　皆野町社会福祉協議会　指定訪問介護事業所【訪問介護】埼玉県秩父郡皆野町大字大渕１０３番地１", "url": "https://www.kaigokensaku.mhlw.go.jp/11/index.php?action_kouhyou_detail_004_kani=true&JigyosyoCd=1174800134-00&ServiceCd=110&Type=search", "url2": null }, "geometry": { "type": "Point", "coordinates": [ 139.08966369999996, 36.0753555 ] } },
{ "type": "Feature", "properties": { "内容": "訪問介護　キートス【訪問介護】埼玉県秩父郡皆野町大字皆野188番地1", "url": "https://www.kaigokensaku.mhlw.go.jp/11/index.php?action_kouhyou_detail_004_kani=true&JigyosyoCd=1174801231-00&ServiceCd=110&Type=search", "url2": null }, "geometry": { "type": "Point", "coordinates": [ 139.094862181969006, 36.062425551291874 ] } },
{ "type": "Feature", "properties": { "内容": "ナーシングケアセンター　しあわせの森【訪問介護】埼玉県秩父郡長瀞町大字長瀞293しあわせの森", "url": "https://www.kaigokensaku.mhlw.go.jp/11/index.php?action_kouhyou_detail_004_kani=true&JigyosyoCd=1174801140-00&ServiceCd=110&Type=search", "url2": "https://shiawasenomori.hp.peraichi.com/" }, "geometry": { "type": "Point", "coordinates": [ 139.110644056591809, 36.100133850108008 ] } },
{ "type": "Feature", "properties": { "内容": "ケアセンター　かわも【訪問介護】埼玉県秩父郡長瀞町長瀞427-1", "url": "https://www.kaigokensaku.mhlw.go.jp/11/index.php?action_kouhyou_detail_004_kani=true&JigyosyoCd=1174801124-00&ServiceCd=110&Type=search", "url2": "http://www.asone2014.co.jp" }, "geometry": { "type": "Point", "coordinates": [ 139.113562476940587, 36.095985076126624 ] } },
{ "type": "Feature", "properties": { "内容": "有限会社　　はりま【訪問介護】埼玉県秩父郡小鹿野町飯田２８４４番地", "url": "https://www.kaigokensaku.mhlw.go.jp/11/index.php?action_kouhyou_detail_004_kani=true&JigyosyoCd=1174800746-00&ServiceCd=110&Type=search", "url2": null }, "geometry": { "type": "Point", "coordinates": [ 138.9671614, 36.0256834 ] } },
{ "type": "Feature", "properties": { "内容": "訪問介護おおばたけホーム【訪問介護】埼玉県秩父郡小鹿野町両神小森290－5", "url": "https://www.kaigokensaku.mhlw.go.jp/11/index.php?action_kouhyou_detail_004_kani=true&JigyosyoCd=1174801090-00&ServiceCd=110&Type=search", "url2": "http://oobatake.wix.com/home" }, "geometry": { "type": "Point", "coordinates": [ 138.968473099999983, 35.9987564 ] } },
{ "type": "Feature", "properties": { "内容": "小鹿野町ヘルパーステーション【訪問介護】埼玉県秩父郡小鹿野町小鹿野300番地", "url": "https://www.kaigokensaku.mhlw.go.jp/11/index.php?action_kouhyou_detail_004_kani=true&JigyosyoCd=1174800845-00&ServiceCd=110&Type=search", "url2": "https://www.town.ogano.lg.jp/kenko-fukusi-iryou/fukushi-kaigo/herusute/" }, "geometry": { "type": "Point", "coordinates": [ 139.003657500000031, 36.0176348 ] } },
{ "type": "Feature", "properties": { "内容": "スマイル介護サービス【訪問介護】埼玉県児玉郡美里町大字北十条874-1", "url": "https://www.kaigokensaku.mhlw.go.jp/11/index.php?action_kouhyou_detail_004_kani=true&JigyosyoCd=1174201036-00&ServiceCd=110&Type=search", "url2": "https://tulip-mari.co.jp" }, "geometry": { "type": "Point", "coordinates": [ 139.164597598133781, 36.194970348287214 ] } },
{ "type": "Feature", "properties": { "内容": "ヘルパーステーション「けいあい」【訪問介護】埼玉県児玉郡美里町小茂田７４９", "url": "https://www.kaigokensaku.mhlw.go.jp/11/index.php?action_kouhyou_detail_004_kani=true&JigyosyoCd=1174200343-00&ServiceCd=110&Type=search", "url2": "http://www.misatokai.com/" }, "geometry": { "type": "Point", "coordinates": [ 139.191368900000043, 36.2052125 ] } },
{ "type": "Feature", "properties": { "内容": "ヘルパーステーション　陽寄りの丘【訪問介護】児玉郡美里町大字甘粕139-7　篠原ビル篠原ビル", "url": "https://www.kaigokensaku.mhlw.go.jp/11/index.php?action_kouhyou_detail_004_kani=true&JigyosyoCd=1174201077-00&ServiceCd=110&Type=search", "url2": "info@hiyori-no-oka.co.jp" }, "geometry": { "type": "Point", "coordinates": [ 139.18226812113187, 36.172689356757694 ] } },
{ "type": "Feature", "properties": { "内容": "訪問介護ステーションことのは【訪問介護】埼玉県児玉郡美里町大字沼上285-2ケアホームことのは", "url": "https://www.kaigokensaku.mhlw.go.jp/11/index.php?action_kouhyou_detail_004_kani=true&JigyosyoCd=1174201655-00&ServiceCd=110&Type=search", "url2": null }, "geometry": { "type": "Point", "coordinates": [ 139.158669387171926, 36.189135598051806 ] } },
{ "type": "Feature", "properties": { "内容": "ヘルパーステーション　ももよの丘【訪問介護】埼玉県児玉郡美里町大字白石２３２３－１", "url": "https://www.kaigokensaku.mhlw.go.jp/11/index.php?action_kouhyou_detail_004_kani=true&JigyosyoCd=1174200871-00&ServiceCd=110&Type=search", "url2": "https://www.momoyonooka.info" }, "geometry": { "type": "Point", "coordinates": [ 139.178772, 36.1547154 ] } },
{ "type": "Feature", "properties": { "内容": "神川町訪問介護ステーション【訪問介護】埼玉県児玉郡神川町大字植竹９０0番地1神川町就業改善センタ―", "url": "https://www.kaigokensaku.mhlw.go.jp/11/index.php?action_kouhyou_detail_004_kani=true&JigyosyoCd=1174200152-00&ServiceCd=110&Type=search", "url2": "http://www.kamikawa-shakyo.or.jp" }, "geometry": { "type": "Point", "coordinates": [ 139.102041956859694, 36.214438143245367 ] } },
{ "type": "Feature", "properties": { "内容": "訪問介護ペンタス【訪問介護】埼玉県児玉郡神川町八日市２４－４訪問介護ペンタス", "url": "https://www.kaigokensaku.mhlw.go.jp/11/index.php?action_kouhyou_detail_004_kani=true&JigyosyoCd=1174201408-00&ServiceCd=110&Type=search", "url2": null }, "geometry": { "type": "Point", "coordinates": [ 139.115874100000042, 36.213274 ] } },
{ "type": "Feature", "properties": { "内容": "生活サービス・ステーション　かたくり【訪問介護】埼玉県児玉郡神川町大字下阿久原８２４－２", "url": "https://www.kaigokensaku.mhlw.go.jp/11/index.php?action_kouhyou_detail_004_kani=true&JigyosyoCd=1174200756-00&ServiceCd=110&Type=search", "url2": "katakuri@themis.ocn.ne.jp" }, "geometry": { "type": "Point", "coordinates": [ 139.056160500000033, 36.1503502 ] } },
{ "type": "Feature", "properties": { "内容": "介護センターみぶな【訪問介護】埼玉県児玉郡上里町三町８３５－１", "url": "https://www.kaigokensaku.mhlw.go.jp/11/index.php?action_kouhyou_detail_004_kani=true&JigyosyoCd=1174200848-00&ServiceCd=110&Type=search", "url2": null }, "geometry": { "type": "Point", "coordinates": [ 139.130721585050225, 36.234873693063363 ] } },
{ "type": "Feature", "properties": { "内容": "訪問介護　栄華の里【訪問介護】児玉郡上里町七本木3317－5", "url": "https://www.kaigokensaku.mhlw.go.jp/11/index.php?action_kouhyou_detail_004_kani=true&JigyosyoCd=1174201721-00&ServiceCd=110&Type=search", "url2": "https://www.eiganosato.com" }, "geometry": { "type": "Point", "coordinates": [ 139.139344200000011, 36.2326069 ] } },
{ "type": "Feature", "properties": { "内容": "訪問介護トレニア【訪問介護】埼玉県児玉郡上里町三町638-1訪問介護トレニア", "url": "https://www.kaigokensaku.mhlw.go.jp/11/index.php?action_kouhyou_detail_004_kani=true&JigyosyoCd=1174201861-00&ServiceCd=110&Type=search", "url2": null }, "geometry": { "type": "Point", "coordinates": [ 139.130989, 36.2341736 ] } },
{ "type": "Feature", "properties": { "内容": "生協ヘルパーステーションこだま【訪問介護】児玉郡上里町七本木3556-4-102", "url": "https://www.kaigokensaku.mhlw.go.jp/11/index.php?action_kouhyou_detail_004_kani=true&JigyosyoCd=1174200616-00&ServiceCd=110&Type=search", "url2": "http://mcp-saitama-kaigo.jp/office/kodama/" }, "geometry": { "type": "Point", "coordinates": [ 139.15571427749569, 36.241083594377344 ] } },
{ "type": "Feature", "properties": { "内容": "上里町社会福祉協議会ヘルパーステーション【訪問介護】埼玉県児玉郡上里町大字七本木５５９１番地", "url": "https://www.kaigokensaku.mhlw.go.jp/11/index.php?action_kouhyou_detail_004_kani=true&JigyosyoCd=1174200186-00&ServiceCd=110&Type=search", "url2": "http://www.kamisatoshakyo.or.jp" }, "geometry": { "type": "Point", "coordinates": [ 139.143958789729822, 36.251639418850047 ] } },
{ "type": "Feature", "properties": { "内容": "けあビジョン上里【訪問介護】埼玉県児玉郡上里町七本木2940-7", "url": "https://www.kaigokensaku.mhlw.go.jp/11/index.php?action_kouhyou_detail_004_kani=true&JigyosyoCd=1174201846-00&ServiceCd=110&Type=search", "url2": "http://www.visualvision.co.jp/" }, "geometry": { "type": "Point", "coordinates": [ 139.1484711, 36.2360515 ] } },
{ "type": "Feature", "properties": { "内容": "介護ステーション　ながはま【訪問介護】埼玉県児玉郡上里町長浜９９１－１", "url": "https://www.kaigokensaku.mhlw.go.jp/11/index.php?action_kouhyou_detail_004_kani=true&JigyosyoCd=1174200855-00&ServiceCd=110&Type=search", "url2": null }, "geometry": { "type": "Point", "coordinates": [ 139.1162928, 36.2364546 ] } },
{ "type": "Feature", "properties": { "内容": "グループホームあかつき【訪問介護】大里郡寄居町鉢形３１７９番地２", "url": "https://www.kaigokensaku.mhlw.go.jp/11/index.php?action_kouhyou_detail_004_kani=true&JigyosyoCd=1174500478-00&ServiceCd=110&Type=search", "url2": "http://www.gh-akatuki.net/" }, "geometry": { "type": "Point", "coordinates": [ 139.197793, 36.0982709 ] } },
{ "type": "Feature", "properties": { "内容": "サンライトホームケアサービス【訪問介護】埼玉県大里郡寄居町鉢形9-1", "url": "https://www.kaigokensaku.mhlw.go.jp/11/index.php?action_kouhyou_detail_004_kani=true&JigyosyoCd=1174501856-00&ServiceCd=110&Type=search", "url2": null }, "geometry": { "type": "Point", "coordinates": [ 139.207098800000011, 36.1126262 ] } },
{ "type": "Feature", "properties": { "内容": "ヘルパーステーションエヴリィ【訪問介護】埼玉県大里郡寄居町大字用土2451番地2グリーンビレッジ大里", "url": "https://www.kaigokensaku.mhlw.go.jp/11/index.php?action_kouhyou_detail_004_kani=true&JigyosyoCd=1174501690-00&ServiceCd=110&Type=search", "url2": "https://www.gv-go.com" }, "geometry": { "type": "Point", "coordinates": [ 139.207547836928995, 36.157645186802398 ] } },
{ "type": "Feature", "properties": { "内容": "けあビジョン寄居【訪問介護】埼玉県大里郡寄居町富田1730-13　メゾン・ラ・クール101", "url": "https://www.kaigokensaku.mhlw.go.jp/11/index.php?action_kouhyou_detail_004_kani=true&JigyosyoCd=1174501369-00&ServiceCd=110&Type=search", "url2": null }, "geometry": { "type": "Point", "coordinates": [ 139.235743899999989, 36.108670500000017 ] } },
{ "type": "Feature", "properties": { "内容": "訪問介護事業所やまゆり【訪問介護】埼玉県大里郡寄居町大字寄居１１４８番地1", "url": "https://www.kaigokensaku.mhlw.go.jp/11/index.php?action_kouhyou_detail_004_kani=true&JigyosyoCd=1174501740-00&ServiceCd=110&Type=search", "url2": "https://yamayuri.co.jp" }, "geometry": { "type": "Point", "coordinates": [ 139.191028664418042, 36.119136866777602 ] } },
{ "type": "Feature", "properties": { "内容": "介護サービスたんぽぽ【訪問介護】埼玉県大里郡寄居町寄居887-1", "url": "https://www.kaigokensaku.mhlw.go.jp/11/index.php?action_kouhyou_detail_004_kani=true&JigyosyoCd=1174500916-00&ServiceCd=110&Type=search", "url2": "http://www14.plala.or.jp/yorii-tanpopo" }, "geometry": { "type": "Point", "coordinates": [ 139.19657780873797, 36.115672207990066 ] } },
{ "type": "Feature", "properties": { "内容": "訪問介護あゆみ【訪問介護】埼玉県大里郡寄居町鉢形841番地1", "url": "https://www.kaigokensaku.mhlw.go.jp/11/index.php?action_kouhyou_detail_004_kani=true&JigyosyoCd=1174501849-00&ServiceCd=110&Type=search", "url2": null }, "geometry": { "type": "Point", "coordinates": [ 139.2001683, 36.111325 ] } },
{ "type": "Feature", "properties": { "内容": "宮代町社会福祉協議会ホームヘルパーステーション【訪問介護】埼玉県南埼玉郡宮代町字西原　278", "url": "https://www.kaigokensaku.mhlw.go.jp/11/index.php?action_kouhyou_detail_004_kani=true&JigyosyoCd=1170500092-00&ServiceCd=110&Type=search", "url2": "http://www.miyashiro-syakyou.org/" }, "geometry": { "type": "Point", "coordinates": [ 139.723493400000052, 36.0234704 ] } },
{ "type": "Feature", "properties": { "内容": "訪問介護セネシオ【訪問介護】埼玉県南埼玉郡宮代町本田二丁目２－２９グリーンコーポⅡ101号", "url": "https://www.kaigokensaku.mhlw.go.jp/11/index.php?action_kouhyou_detail_004_kani=true&JigyosyoCd=1170501124-00&ServiceCd=110&Type=search", "url2": "https://senecio-web.jimdosite.com/" }, "geometry": { "type": "Point", "coordinates": [ 139.719329849702802, 36.025713122449183 ] } },
{ "type": "Feature", "properties": { "内容": "ケアウエストつきそい介護サービス【訪問介護】埼玉県南埼玉郡宮代町西粂原599-1", "url": "https://www.kaigokensaku.mhlw.go.jp/11/index.php?action_kouhyou_detail_004_kani=true&JigyosyoCd=1170501231-00&ServiceCd=110&Type=search", "url2": "carewest22.wixsite.com" }, "geometry": { "type": "Point", "coordinates": [ 139.6919949, 36.0340056 ] } },
{ "type": "Feature", "properties": { "内容": "訪問介護ステーション　なかよし【訪問介護】埼玉県南埼玉郡宮代町和戸2丁目6-35住宅型有料老人ホーム　友和の里", "url": "https://www.kaigokensaku.mhlw.go.jp/11/index.php?action_kouhyou_detail_004_kani=true&JigyosyoCd=1171101346-00&ServiceCd=110&Type=search", "url2": null }, "geometry": { "type": "Point", "coordinates": [ 139.696528299999954, 36.04342 ] } },
{ "type": "Feature", "properties": { "内容": "ヘルパーステーションあいあい【訪問介護】埼玉県南埼玉郡宮代町川端3－8－25", "url": "https://www.kaigokensaku.mhlw.go.jp/11/index.php?action_kouhyou_detail_004_kani=true&JigyosyoCd=1170500449-00&ServiceCd=110&Type=search", "url2": "http://www.kirari.or.jp/" }, "geometry": { "type": "Point", "coordinates": [ 139.7420651, 36.0031978 ] } },
{ "type": "Feature", "properties": { "内容": "訪問介護シールズ【訪問介護】南埼玉郡宮代町川端三丁目3番5号", "url": "https://www.kaigokensaku.mhlw.go.jp/11/index.php?action_kouhyou_detail_004_kani=true&JigyosyoCd=1170500928-00&ServiceCd=110&Type=search", "url2": "https://shields-recruit.com/" }, "geometry": { "type": "Point", "coordinates": [ 139.74166230000003, 36.0048226 ] } },
{ "type": "Feature", "properties": { "内容": "けあビジョン高野台【訪問介護】埼玉県北葛飾郡杉戸町大字下高野５１２－１０高野ハイツA棟１０２", "url": "https://www.kaigokensaku.mhlw.go.jp/11/index.php?action_kouhyou_detail_004_kani=true&JigyosyoCd=1171102104-00&ServiceCd=110&Type=search", "url2": null }, "geometry": { "type": "Point", "coordinates": [ 139.704308699999984, 36.0439565 ] } },
{ "type": "Feature", "properties": { "内容": "ウエルシア介護サービス杉戸【訪問介護】清地4丁目9-10", "url": "https://www.kaigokensaku.mhlw.go.jp/11/index.php?action_kouhyou_detail_004_kani=true&JigyosyoCd=1171102096-00&ServiceCd=110&Type=search", "url2": "https://www.welcia-kaigo.co.jp" }, "geometry": { "type": "Point", "coordinates": [ 139.7366324, 36.0294642 ] } },
{ "type": "Feature", "properties": { "内容": "ＳＯＭＰＯケア　杉戸倉松　訪問介護【訪問介護】埼玉県北葛飾郡杉戸町倉松1-9-2ａｍｅｘビル3階", "url": "https://www.kaigokensaku.mhlw.go.jp/11/index.php?action_kouhyou_detail_004_kani=true&JigyosyoCd=1171101825-00&ServiceCd=110&Type=search", "url2": "https://www.sompocare.com" }, "geometry": { "type": "Point", "coordinates": [ 139.734609099999943, 36.0331029 ] } },
{ "type": "Feature", "properties": { "内容": "訪問介護ファリア【訪問介護】埼玉県北葛飾郡杉戸町杉戸485番地1シダースクエアＣ101号室", "url": "https://www.kaigokensaku.mhlw.go.jp/11/index.php?action_kouhyou_detail_004_kani=true&JigyosyoCd=1171102021-00&ServiceCd=110&Type=search", "url2": null }, "geometry": { "type": "Point", "coordinates": [ 139.7144942, 36.0355322 ] } },
{ "type": "Feature", "properties": { "内容": "ニチイケアセンター杉戸【訪問介護】埼玉県北葛飾郡杉戸町清地二丁目5番18号古澤店舗", "url": "https://www.kaigokensaku.mhlw.go.jp/11/index.php?action_kouhyou_detail_004_kani=true&JigyosyoCd=1171101858-00&ServiceCd=110&Type=search", "url2": null }, "geometry": { "type": "Point", "coordinates": [ 139.73749, 36.0265531 ] } },
{ "type": "Feature", "properties": { "内容": "ヘルパーネット東埼玉【訪問介護】埼玉県北葛飾郡杉戸町清地2-1-2", "url": "https://www.kaigokensaku.mhlw.go.jp/11/index.php?action_kouhyou_detail_004_kani=true&JigyosyoCd=1171100397-00&ServiceCd=110&Type=search", "url2": "http://www.jinai.jp/" }, "geometry": { "type": "Point", "coordinates": [ 139.736018941525231, 36.027046849414525 ] } },
{ "type": "Feature", "properties": { "内容": "ふるとね介護サービス【訪問介護】北葛飾郡杉戸町杉戸４－１１－２６", "url": "https://www.kaigokensaku.mhlw.go.jp/11/index.php?action_kouhyou_detail_004_kani=true&JigyosyoCd=1171100736-00&ServiceCd=110&Type=search", "url2": null }, "geometry": { "type": "Point", "coordinates": [ 139.723854299999971, 36.0293141 ] } },
{ "type": "Feature", "properties": { "内容": "ケアセンター　プラチナム【訪問介護】埼玉県北葛飾郡杉戸町倉松3丁目6番26号", "url": "https://www.kaigokensaku.mhlw.go.jp/11/index.php?action_kouhyou_detail_004_kani=true&JigyosyoCd=1171102138-00&ServiceCd=110&Type=search", "url2": null }, "geometry": { "type": "Point", "coordinates": [ 139.7382577, 36.0318028 ] } },
{ "type": "Feature", "properties": { "内容": "訪問介護ステーションダレタメ【訪問介護】清地2-16-5", "url": "https://www.kaigokensaku.mhlw.go.jp/11/index.php?action_kouhyou_detail_004_kani=true&JigyosyoCd=1171101999-00&ServiceCd=110&Type=search", "url2": "https://daretame.co.jp" }, "geometry": { "type": "Point", "coordinates": [ 139.736103500000013, 36.0250991 ] } },
{ "type": "Feature", "properties": { "内容": "有限会社杉の里福祉サービス【訪問介護】埼玉県北葛飾郡杉戸町内田２丁目２番８号", "url": "https://www.kaigokensaku.mhlw.go.jp/11/index.php?action_kouhyou_detail_004_kani=true&JigyosyoCd=1171100660-00&ServiceCd=110&Type=search", "url2": null }, "geometry": { "type": "Point", "coordinates": [ 139.72974750000003, 36.0335647 ] } },
{ "type": "Feature", "properties": { "内容": "訪問介護事業所　にこりん【訪問介護】埼玉県北葛飾郡松伏町大字松伏2432-1", "url": "https://www.kaigokensaku.mhlw.go.jp/11/index.php?action_kouhyou_detail_004_kani=true&JigyosyoCd=1171101593-00&ServiceCd=110&Type=search", "url2": null }, "geometry": { "type": "Point", "coordinates": [ 139.814766510173058, 35.92472854354623 ] } },
{ "type": "Feature", "properties": { "内容": "社会福祉法人松伏町社会福祉協議会【訪問介護】埼玉県北葛飾郡松伏町大字松伏３５７", "url": "https://www.kaigokensaku.mhlw.go.jp/11/index.php?action_kouhyou_detail_004_kani=true&JigyosyoCd=1171100017-00&ServiceCd=110&Type=search", "url2": "http://www.matsubushi-shakyo.or.jp" }, "geometry": { "type": "Point", "coordinates": [ 139.825266779762273, 35.933043153834625 ] } },
{ "type": "Feature", "properties": { "内容": "訪問介護　みどりの丘【訪問介護】埼玉県北葛飾郡松伏町松伏2837-6", "url": "https://www.kaigokensaku.mhlw.go.jp/11/index.php?action_kouhyou_detail_004_kani=true&JigyosyoCd=1171102054-00&ServiceCd=110&Type=search", "url2": null }, "geometry": { "type": "Point", "coordinates": [ 139.8149262, 35.9218111 ] } },
{ "type": "Feature", "properties": { "内容": "吉川松伏ヘルパーステーション【訪問介護】埼玉県北葛飾郡松伏町2388-8", "url": "https://www.kaigokensaku.mhlw.go.jp/11/index.php?action_kouhyou_detail_004_kani=true&JigyosyoCd=1171101965-00&ServiceCd=110&Type=search", "url2": "http://www.rehabhome.jp" }, "geometry": { "type": "Point", "coordinates": [ 139.81728845427503, 35.927172575787971 ] } },
{ "type": "Feature", "properties": { "内容": "べすとけあまつぶし【訪問介護】埼玉県北葛飾郡松伏町松伏2007-31", "url": "https://www.kaigokensaku.mhlw.go.jp/11/index.php?action_kouhyou_detail_004_kani=true&JigyosyoCd=1171101668-00&ServiceCd=110&Type=search", "url2": null }, "geometry": { "type": "Point", "coordinates": [ 139.818050740475485, 35.92688119161469 ] } }
]
}
