{
"type": "FeatureCollection",
"name": "geo_11_小学校",
"crs": { "type": "name", "properties": { "name": "urn:ogc:def:crs:EPSG::6668" } },
"features": [
{ "type": "Feature", "properties": { "P29_001": "11107", "P29_002": "B111110000018", "P29_003": "16001", "P29_004": "埼玉大学教育学部附属小学校", "P29_005": "埼玉県さいたま市浦和区常盤6-9-44", "P29_006": "1", "P29_007": "1", "P29_008": "00", "P29_009": null }, "geometry": { "type": "Point", "coordinates": [ 139.643132002145506, 35.862267000153516 ] } },
{ "type": "Feature", "properties": { "P29_001": "11101", "P29_002": "B111210100015", "P29_003": "16001", "P29_004": "さいたま市立指扇小学校", "P29_005": "埼玉県さいたま市西区西大宮1-49-6", "P29_006": "3", "P29_007": "1", "P29_008": "00", "P29_009": null }, "geometry": { "type": "Point", "coordinates": [ 139.573160996273685, 35.922822003392938 ] } },
{ "type": "Feature", "properties": { "P29_001": "11101", "P29_002": "B111210100024", "P29_003": "16001", "P29_004": "さいたま市立馬宮東小学校", "P29_005": "埼玉県さいたま市西区大字西遊馬189-1", "P29_006": "3", "P29_007": "1", "P29_008": "00", "P29_009": null }, "geometry": { "type": "Point", "coordinates": [ 139.571507965173765, 35.903924690334435 ] } },
{ "type": "Feature", "properties": { "P29_001": "11101", "P29_002": "B111210100033", "P29_003": "16001", "P29_004": "さいたま市立馬宮西小学校", "P29_005": "埼玉県さいたま市西区飯田新田189-2", "P29_006": "3", "P29_007": "1", "P29_008": "00", "P29_009": null }, "geometry": { "type": "Point", "coordinates": [ 139.559458537350878, 35.886212786570653 ] } },
{ "type": "Feature", "properties": { "P29_001": "11101", "P29_002": "B111210100042", "P29_003": "16001", "P29_004": "さいたま市立植水小学校", "P29_005": "埼玉県さいたま市西区中野林225-1", "P29_006": "3", "P29_007": "1", "P29_008": "00", "P29_009": null }, "geometry": { "type": "Point", "coordinates": [ 139.594665694068397, 35.894351699083622 ] } },
{ "type": "Feature", "properties": { "P29_001": "11101", "P29_002": "B111210100051", "P29_003": "16001", "P29_004": "さいたま市立大宮西小学校", "P29_005": "埼玉県さいたま市西区三橋5-1359", "P29_006": "3", "P29_007": "1", "P29_008": "00", "P29_009": null }, "geometry": { "type": "Point", "coordinates": [ 139.590620521468992, 35.904118573263951 ] } },
{ "type": "Feature", "properties": { "P29_001": "11101", "P29_002": "B111210100060", "P29_003": "16001", "P29_004": "さいたま市立栄小学校", "P29_005": "埼玉県さいたま市西区飯田811", "P29_006": "3", "P29_007": "1", "P29_008": "00", "P29_009": null }, "geometry": { "type": "Point", "coordinates": [ 139.582554994265081, 35.907006996013301 ] } },
{ "type": "Feature", "properties": { "P29_001": "11101", "P29_002": "B111210100079", "P29_003": "16001", "P29_004": "さいたま市立宮前小学校", "P29_005": "埼玉県さいたま市西区宮前町341", "P29_006": "3", "P29_007": "1", "P29_008": "00", "P29_009": null }, "geometry": { "type": "Point", "coordinates": [ 139.595153271113134, 35.923191710694638 ] } },
{ "type": "Feature", "properties": { "P29_001": "11101", "P29_002": "B111210100088", "P29_003": "16001", "P29_004": "さいたま市立指扇北小学校", "P29_005": "埼玉県さいたま市西区中釘1506-1", "P29_006": "3", "P29_007": "1", "P29_008": "00", "P29_009": null }, "geometry": { "type": "Point", "coordinates": [ 139.57181892282685, 35.933573410351386 ] } },
{ "type": "Feature", "properties": { "P29_001": "11102", "P29_002": "B111210200014", "P29_003": "16001", "P29_004": "さいたま市立東大成小学校", "P29_005": "埼玉県さいたま市北区東大成町2-12", "P29_006": "3", "P29_007": "1", "P29_008": "00", "P29_009": null }, "geometry": { "type": "Point", "coordinates": [ 139.618862545847605, 35.924955868674587 ] } },
{ "type": "Feature", "properties": { "P29_001": "11102", "P29_002": "B111210200023", "P29_003": "16001", "P29_004": "さいたま市立日進小学校", "P29_005": "埼玉県さいたま市北区日進町2-911", "P29_006": "3", "P29_007": "1", "P29_008": "00", "P29_009": null }, "geometry": { "type": "Point", "coordinates": [ 139.607615836057988, 35.925223993083776 ] } },
{ "type": "Feature", "properties": { "P29_001": "11102", "P29_002": "B111210200032", "P29_003": "16001", "P29_004": "さいたま市立日進北小学校", "P29_005": "埼玉県さいたま市北区日進町3-178", "P29_006": "3", "P29_007": "1", "P29_008": "00", "P29_009": null }, "geometry": { "type": "Point", "coordinates": [ 139.603891536790741, 35.93687887702005 ] } },
{ "type": "Feature", "properties": { "P29_001": "11102", "P29_002": "B111210200041", "P29_003": "16001", "P29_004": "さいたま市立宮原小学校", "P29_005": "埼玉県さいたま市北区宮原町4-102-6", "P29_006": "3", "P29_007": "1", "P29_008": "00", "P29_009": null }, "geometry": { "type": "Point", "coordinates": [ 139.606196622840685, 35.949157671475476 ] } },
{ "type": "Feature", "properties": { "P29_001": "11102", "P29_002": "B111210200050", "P29_003": "16001", "P29_004": "さいたま市立植竹小学校", "P29_005": "埼玉県さいたま市北区植竹町2-1", "P29_006": "3", "P29_007": "1", "P29_008": "00", "P29_009": null }, "geometry": { "type": "Point", "coordinates": [ 139.625820594721461, 35.929775573159567 ] } },
{ "type": "Feature", "properties": { "P29_001": "11102", "P29_002": "B111210200069", "P29_003": "16001", "P29_004": "さいたま市立大砂土小学校", "P29_005": "埼玉県さいたま市北区本郷町1", "P29_006": "3", "P29_007": "1", "P29_008": "00", "P29_009": null }, "geometry": { "type": "Point", "coordinates": [ 139.627133997762257, 35.937659002027196 ] } },
{ "type": "Feature", "properties": { "P29_001": "11102", "P29_002": "B111210200078", "P29_003": "16001", "P29_004": "さいたま市立大宮別所小学校", "P29_005": "埼玉県さいたま市北区別所町42-1", "P29_006": "3", "P29_007": "1", "P29_008": "00", "P29_009": null }, "geometry": { "type": "Point", "coordinates": [ 139.597542275106832, 35.954955031565959 ] } },
{ "type": "Feature", "properties": { "P29_001": "11102", "P29_002": "B111210200087", "P29_003": "16001", "P29_004": "さいたま市立泰平小学校", "P29_005": "埼玉県さいたま市北区今羽町628", "P29_006": "3", "P29_007": "1", "P29_008": "00", "P29_009": null }, "geometry": { "type": "Point", "coordinates": [ 139.625921384859794, 35.950251331665505 ] } },
{ "type": "Feature", "properties": { "P29_001": "11102", "P29_002": "B111210200096", "P29_003": "16001", "P29_004": "さいたま市立つばさ小学校", "P29_005": "埼玉県さいたま市北区宮原町3-902-4", "P29_006": "3", "P29_007": "1", "P29_008": "00", "P29_009": null }, "geometry": { "type": "Point", "coordinates": [ 139.610458002426839, 35.933487995745701 ] } },
{ "type": "Feature", "properties": { "P29_001": "11103", "P29_002": "B111210300013", "P29_003": "16001", "P29_004": "さいたま市立大宮小学校", "P29_005": "埼玉県さいたま市大宮区大門町3-3", "P29_006": "3", "P29_007": "1", "P29_008": "00", "P29_009": null }, "geometry": { "type": "Point", "coordinates": [ 139.629999491719332, 35.906663918800213 ] } },
{ "type": "Feature", "properties": { "P29_001": "11103", "P29_002": "B111210300022", "P29_003": "16001", "P29_004": "さいたま市立大宮東小学校", "P29_005": "埼玉県さいたま市大宮区堀の内町3-145", "P29_006": "3", "P29_007": "1", "P29_008": "00", "P29_009": null }, "geometry": { "type": "Point", "coordinates": [ 139.635547995068237, 35.913898995344525 ] } },
{ "type": "Feature", "properties": { "P29_001": "11103", "P29_002": "B111210300031", "P29_003": "16001", "P29_004": "さいたま市立大宮南小学校", "P29_005": "埼玉県さいたま市大宮区吉敷町3-87", "P29_006": "3", "P29_007": "1", "P29_008": "00", "P29_009": null }, "geometry": { "type": "Point", "coordinates": [ 139.633776353483938, 35.900870882435093 ] } },
{ "type": "Feature", "properties": { "P29_001": "11103", "P29_002": "B111210300040", "P29_003": "16001", "P29_004": "さいたま市立大宮北小学校", "P29_005": "埼玉県さいたま市大宮区宮町3-84", "P29_006": "3", "P29_007": "1", "P29_008": "00", "P29_009": null }, "geometry": { "type": "Point", "coordinates": [ 139.627263254726842, 35.911922804401009 ] } },
{ "type": "Feature", "properties": { "P29_001": "11103", "P29_002": "B111210300059", "P29_003": "16001", "P29_004": "さいたま市立桜木小学校", "P29_005": "埼玉県さいたま市大宮区桜木町4-328-9", "P29_006": "3", "P29_007": "1", "P29_008": "00", "P29_009": null }, "geometry": { "type": "Point", "coordinates": [ 139.617009389927688, 35.903458056801455 ] } },
{ "type": "Feature", "properties": { "P29_001": "11103", "P29_002": "B111210300068", "P29_003": "16001", "P29_004": "さいたま市立三橋小学校", "P29_005": "埼玉県さいたま市大宮区三橋2-20", "P29_006": "3", "P29_007": "1", "P29_008": "00", "P29_009": null }, "geometry": { "type": "Point", "coordinates": [ 139.605062006040498, 35.903709398466788 ] } },
{ "type": "Feature", "properties": { "P29_001": "11103", "P29_002": "B111210300077", "P29_003": "16001", "P29_004": "さいたま市立大成小学校", "P29_005": "埼玉県さいたま市大宮区大成町2-282", "P29_006": "3", "P29_007": "1", "P29_008": "00", "P29_009": null }, "geometry": { "type": "Point", "coordinates": [ 139.614077004041718, 35.91453799877894 ] } },
{ "type": "Feature", "properties": { "P29_001": "11103", "P29_002": "B111210300086", "P29_003": "16001", "P29_004": "さいたま市立芝川小学校", "P29_005": "埼玉県さいたま市大宮区天沼町2-1077", "P29_006": "3", "P29_007": "1", "P29_008": "00", "P29_009": null }, "geometry": { "type": "Point", "coordinates": [ 139.644881001301599, 35.905122996291873 ] } },
{ "type": "Feature", "properties": { "P29_001": "11103", "P29_002": "B111210300095", "P29_003": "16001", "P29_004": "さいたま市立上小小学校", "P29_005": "埼玉県さいたま市大宮区上小町1337-1", "P29_006": "3", "P29_007": "1", "P29_008": "00", "P29_009": null }, "geometry": { "type": "Point", "coordinates": [ 139.616938005842059, 35.896652000822513 ] } },
{ "type": "Feature", "properties": { "P29_001": "11104", "P29_002": "B111210400012", "P29_003": "16001", "P29_004": "さいたま市立大砂土東小学校", "P29_005": "埼玉県さいたま市見沼区大和田町2-998", "P29_006": "3", "P29_007": "1", "P29_008": "00", "P29_009": null }, "geometry": { "type": "Point", "coordinates": [ 139.646769003731009, 35.937480004452446 ] } },
{ "type": "Feature", "properties": { "P29_001": "11104", "P29_002": "B111210400021", "P29_003": "16001", "P29_004": "さいたま市立見沼小学校", "P29_005": "埼玉県さいたま市見沼区東大宮2-45", "P29_006": "3", "P29_007": "1", "P29_008": "00", "P29_009": null }, "geometry": { "type": "Point", "coordinates": [ 139.632639816379736, 35.948840386019128 ] } },
{ "type": "Feature", "properties": { "P29_001": "11104", "P29_002": "B111210400030", "P29_003": "16001", "P29_004": "さいたま市立片柳小学校", "P29_005": "埼玉県さいたま市見沼区大字東新井244-1", "P29_006": "3", "P29_007": "1", "P29_008": "00", "P29_009": null }, "geometry": { "type": "Point", "coordinates": [ 139.670502274696275, 35.91067228794541 ] } },
{ "type": "Feature", "properties": { "P29_001": "11104", "P29_002": "B111210400049", "P29_003": "16001", "P29_004": "さいたま市立七里小学校", "P29_005": "埼玉県さいたま市見沼区大字東宮下312", "P29_006": "3", "P29_007": "1", "P29_008": "00", "P29_009": null }, "geometry": { "type": "Point", "coordinates": [ 139.676182996306579, 35.929315000677924 ] } },
{ "type": "Feature", "properties": { "P29_001": "11104", "P29_002": "B111210400058", "P29_003": "16001", "P29_004": "さいたま市立春岡小学校", "P29_005": "埼玉県さいたま市見沼区春岡2-29-1", "P29_006": "3", "P29_007": "1", "P29_008": "00", "P29_009": null }, "geometry": { "type": "Point", "coordinates": [ 139.66208900189136, 35.9495130018094 ] } },
{ "type": "Feature", "properties": { "P29_001": "11104", "P29_002": "B111210400067", "P29_003": "16001", "P29_004": "さいたま市立蓮沼小学校", "P29_005": "埼玉県さいたま市見沼区蓮沼1070", "P29_006": "3", "P29_007": "1", "P29_008": "00", "P29_009": null }, "geometry": { "type": "Point", "coordinates": [ 139.660386395226254, 35.934358609515279 ] } },
{ "type": "Feature", "properties": { "P29_001": "11104", "P29_002": "B111210400076", "P29_003": "16001", "P29_004": "さいたま市立大谷小学校", "P29_005": "埼玉県さいたま市見沼区大字大谷18", "P29_006": "3", "P29_007": "1", "P29_008": "00", "P29_009": null }, "geometry": { "type": "Point", "coordinates": [ 139.665793103450511, 35.921300813015222 ] } },
{ "type": "Feature", "properties": { "P29_001": "11104", "P29_002": "B111210400085", "P29_003": "16001", "P29_004": "さいたま市立島小学校", "P29_005": "埼玉県さいたま市見沼区島町533-2", "P29_006": "3", "P29_007": "1", "P29_008": "00", "P29_009": null }, "geometry": { "type": "Point", "coordinates": [ 139.651658758148443, 35.94681491696312 ] } },
{ "type": "Feature", "properties": { "P29_001": "11104", "P29_002": "B111210400094", "P29_003": "16001", "P29_004": "さいたま市立東宮下小学校", "P29_005": "埼玉県さいたま市見沼区東宮下215-1", "P29_006": "3", "P29_007": "1", "P29_008": "00", "P29_009": null }, "geometry": { "type": "Point", "coordinates": [ 139.677572002949518, 35.925816003424849 ] } },
{ "type": "Feature", "properties": { "P29_001": "11104", "P29_002": "B111210400101", "P29_003": "16001", "P29_004": "さいたま市立海老沼小学校", "P29_005": "埼玉県さいたま市見沼区大字東新井710-5", "P29_006": "3", "P29_007": "1", "P29_008": "00", "P29_009": null }, "geometry": { "type": "Point", "coordinates": [ 139.660380650487838, 35.908418420056194 ] } },
{ "type": "Feature", "properties": { "P29_001": "11104", "P29_002": "B111210400110", "P29_003": "16001", "P29_004": "さいたま市立春野小学校", "P29_005": "埼玉県さいたま市見沼区春野1-10-1", "P29_006": "3", "P29_007": "1", "P29_008": "00", "P29_009": null }, "geometry": { "type": "Point", "coordinates": [ 139.667494997828015, 35.956720605843252 ] } },
{ "type": "Feature", "properties": { "P29_001": "11105", "P29_002": "B111210500011", "P29_003": "16001", "P29_004": "さいたま市立与野本町小学校", "P29_005": "埼玉県さいたま市中央区本町東3-5-23", "P29_006": "3", "P29_007": "1", "P29_008": "00", "P29_009": null }, "geometry": { "type": "Point", "coordinates": [ 139.622805406484048, 35.883659338952164 ] } },
{ "type": "Feature", "properties": { "P29_001": "11105", "P29_002": "B111210500020", "P29_003": "16001", "P29_004": "さいたま市立上落合小学校", "P29_005": "埼玉県さいたま市中央区上落合4-14-24", "P29_006": "3", "P29_007": "1", "P29_008": "00", "P29_009": null }, "geometry": { "type": "Point", "coordinates": [ 139.625853213957186, 35.894052921694971 ] } },
{ "type": "Feature", "properties": { "P29_001": "11105", "P29_002": "B111210500039", "P29_003": "16001", "P29_004": "さいたま市立大戸小学校", "P29_005": "埼玉県さいたま市中央区新中里1-6-28", "P29_006": "3", "P29_007": "1", "P29_008": "00", "P29_009": null }, "geometry": { "type": "Point", "coordinates": [ 139.636046265291981, 35.872458193419348 ] } },
{ "type": "Feature", "properties": { "P29_001": "11105", "P29_002": "B111210500048", "P29_003": "16001", "P29_004": "さいたま市立下落合小学校", "P29_005": "埼玉県さいたま市中央区上落合1-7-33", "P29_006": "3", "P29_007": "1", "P29_008": "00", "P29_009": null }, "geometry": { "type": "Point", "coordinates": [ 139.631661126224657, 35.889941615991766 ] } },
{ "type": "Feature", "properties": { "P29_001": "11105", "P29_002": "B111210500057", "P29_003": "16001", "P29_004": "さいたま市立与野西北小学校", "P29_005": "埼玉県さいたま市中央区円阿弥4-3-7", "P29_006": "3", "P29_007": "1", "P29_008": "00", "P29_009": null }, "geometry": { "type": "Point", "coordinates": [ 139.607907784272498, 35.887644477418874 ] } },
{ "type": "Feature", "properties": { "P29_001": "11105", "P29_002": "B111210500066", "P29_003": "16001", "P29_004": "さいたま市立鈴谷小学校", "P29_005": "埼玉県さいたま市中央区鈴谷5-1-1", "P29_006": "3", "P29_007": "1", "P29_008": "00", "P29_009": null }, "geometry": { "type": "Point", "coordinates": [ 139.631323055523637, 35.871085328863025 ] } },
{ "type": "Feature", "properties": { "P29_001": "11105", "P29_002": "B111210500075", "P29_003": "16001", "P29_004": "さいたま市立与野八幡小学校", "P29_005": "埼玉県さいたま市中央区本町東5-23-14", "P29_006": "3", "P29_007": "1", "P29_008": "00", "P29_009": null }, "geometry": { "type": "Point", "coordinates": [ 139.622111451402873, 35.890969278722551 ] } },
{ "type": "Feature", "properties": { "P29_001": "11105", "P29_002": "B111210500084", "P29_003": "16001", "P29_004": "さいたま市立与野南小学校", "P29_005": "埼玉県さいたま市中央区大戸6-2-25", "P29_006": "3", "P29_007": "1", "P29_008": "00", "P29_009": null }, "geometry": { "type": "Point", "coordinates": [ 139.635536802504191, 35.866612431828983 ] } },
{ "type": "Feature", "properties": { "P29_001": "11106", "P29_002": "B111210600010", "P29_003": "16001", "P29_004": "さいたま市立土合小学校", "P29_005": "埼玉県さいたま市桜区西堀7-21-1", "P29_006": "3", "P29_007": "1", "P29_008": "00", "P29_009": null }, "geometry": { "type": "Point", "coordinates": [ 139.627532250010319, 35.857795573229581 ] } },
{ "type": "Feature", "properties": { "P29_001": "11106", "P29_002": "B111210600029", "P29_003": "16001", "P29_004": "さいたま市立大久保小学校", "P29_005": "埼玉県さいたま市桜区五関21", "P29_006": "3", "P29_007": "1", "P29_008": "00", "P29_009": null }, "geometry": { "type": "Point", "coordinates": [ 139.598348127937527, 35.872116597001209 ] } },
{ "type": "Feature", "properties": { "P29_001": "11106", "P29_002": "B111210600038", "P29_003": "16001", "P29_004": "さいたま市立栄和小学校", "P29_005": "埼玉県さいたま市桜区栄和1-7-1", "P29_006": "3", "P29_007": "1", "P29_008": "00", "P29_009": null }, "geometry": { "type": "Point", "coordinates": [ 139.61753484694222, 35.861901266579373 ] } },
{ "type": "Feature", "properties": { "P29_001": "11106", "P29_002": "B111210600047", "P29_003": "16001", "P29_004": "さいたま市立田島小学校", "P29_005": "埼玉県さいたま市桜区田島10-12-1", "P29_006": "3", "P29_007": "1", "P29_008": "00", "P29_009": null }, "geometry": { "type": "Point", "coordinates": [ 139.623301002375513, 35.837742003948073 ] } },
{ "type": "Feature", "properties": { "P29_001": "11106", "P29_002": "B111210600056", "P29_003": "16001", "P29_004": "さいたま市立大久保東小学校", "P29_005": "埼玉県さいたま市桜区大久保領家331", "P29_006": "3", "P29_007": "1", "P29_008": "00", "P29_009": null }, "geometry": { "type": "Point", "coordinates": [ 139.603346979386572, 35.871296487474368 ] } },
{ "type": "Feature", "properties": { "P29_001": "11106", "P29_002": "B111210600065", "P29_003": "16001", "P29_004": "さいたま市立新開小学校", "P29_005": "埼玉県さいたま市桜区新開2-18-1", "P29_006": "3", "P29_007": "1", "P29_008": "00", "P29_009": null }, "geometry": { "type": "Point", "coordinates": [ 139.618181298701586, 35.85096831857598 ] } },
{ "type": "Feature", "properties": { "P29_001": "11106", "P29_002": "B111210600074", "P29_003": "16001", "P29_004": "さいたま市立神田小学校", "P29_005": "埼玉県さいたま市桜区神田541-1", "P29_006": "3", "P29_007": "1", "P29_008": "00", "P29_009": null }, "geometry": { "type": "Point", "coordinates": [ 139.607418497347254, 35.875115732848016 ] } },
{ "type": "Feature", "properties": { "P29_001": "11106", "P29_002": "B111210600083", "P29_003": "16001", "P29_004": "さいたま市立中島小学校", "P29_005": "埼玉県さいたま市桜区中島1-28-1", "P29_006": "3", "P29_007": "1", "P29_008": "00", "P29_009": null }, "geometry": { "type": "Point", "coordinates": [ 139.623632997577914, 35.865265998566308 ] } },
{ "type": "Feature", "properties": { "P29_001": "11107", "P29_002": "B111210700019", "P29_003": "16001", "P29_004": "さいたま市立高砂小学校", "P29_005": "埼玉県さいたま市浦和区岸町4-1-29", "P29_006": "3", "P29_007": "1", "P29_008": "00", "P29_009": null }, "geometry": { "type": "Point", "coordinates": [ 139.656713995306802, 35.856517998381968 ] } },
{ "type": "Feature", "properties": { "P29_001": "11107", "P29_002": "B111210700028", "P29_003": "16001", "P29_004": "さいたま市立常盤小学校", "P29_005": "埼玉県さいたま市浦和区常盤9-30-9", "P29_006": "3", "P29_007": "1", "P29_008": "00", "P29_009": null }, "geometry": { "type": "Point", "coordinates": [ 139.643075996429133, 35.868739001882467 ] } },
{ "type": "Feature", "properties": { "P29_001": "11107", "P29_002": "B111210700037", "P29_003": "16001", "P29_004": "さいたま市立木崎小学校", "P29_005": "埼玉県さいたま市浦和区領家4-19-4", "P29_006": "3", "P29_007": "1", "P29_008": "00", "P29_009": null }, "geometry": { "type": "Point", "coordinates": [ 139.652921628763011, 35.882818656684947 ] } },
{ "type": "Feature", "properties": { "P29_001": "11107", "P29_002": "B111210700046", "P29_003": "16001", "P29_004": "さいたま市立仲本小学校", "P29_005": "埼玉県さいたま市浦和区本太2-12-31", "P29_006": "3", "P29_007": "1", "P29_008": "00", "P29_009": null }, "geometry": { "type": "Point", "coordinates": [ 139.661046994871242, 35.861572995722121 ] } },
{ "type": "Feature", "properties": { "P29_001": "11107", "P29_002": "B111210700055", "P29_003": "16001", "P29_004": "さいたま市立本太小学校", "P29_005": "埼玉県さいたま市浦和区本太2-26-25", "P29_006": "3", "P29_007": "1", "P29_008": "00", "P29_009": null }, "geometry": { "type": "Point", "coordinates": [ 139.657560461881218, 35.865256534906685 ] } },
{ "type": "Feature", "properties": { "P29_001": "11107", "P29_002": "B111210700064", "P29_003": "16001", "P29_004": "さいたま市立北浦和小学校", "P29_005": "埼玉県さいたま市浦和区北浦和2-18-3", "P29_006": "3", "P29_007": "1", "P29_008": "00", "P29_009": null }, "geometry": { "type": "Point", "coordinates": [ 139.648295200460495, 35.877157008382987 ] } },
{ "type": "Feature", "properties": { "P29_001": "11107", "P29_002": "B111210700073", "P29_003": "16001", "P29_004": "さいたま市立仲町小学校", "P29_005": "埼玉県さいたま市浦和区常盤8-18-4", "P29_006": "3", "P29_007": "1", "P29_008": "00", "P29_009": null }, "geometry": { "type": "Point", "coordinates": [ 139.64054899888734, 35.863960995278653 ] } },
{ "type": "Feature", "properties": { "P29_001": "11107", "P29_002": "B111210700082", "P29_003": "16001", "P29_004": "さいたま市立上木崎小学校", "P29_005": "埼玉県さいたま市浦和区上木崎3-4-3", "P29_006": "3", "P29_007": "1", "P29_008": "00", "P29_009": null }, "geometry": { "type": "Point", "coordinates": [ 139.642940923255338, 35.887731058543693 ] } },
{ "type": "Feature", "properties": { "P29_001": "11107", "P29_002": "B111210700091", "P29_003": "16001", "P29_004": "さいたま市立岸町小学校", "P29_005": "埼玉県さいたま市浦和区岸町5-20-4", "P29_006": "3", "P29_007": "1", "P29_008": "00", "P29_009": null }, "geometry": { "type": "Point", "coordinates": [ 139.650243002277222, 35.851018998221527 ] } },
{ "type": "Feature", "properties": { "P29_001": "11107", "P29_002": "B111210700108", "P29_003": "16001", "P29_004": "さいたま市立針ヶ谷小学校", "P29_005": "埼玉県さいたま市浦和区領家7-2-1", "P29_006": "3", "P29_007": "1", "P29_008": "00", "P29_009": null }, "geometry": { "type": "Point", "coordinates": [ 139.648928626857924, 35.881874293972487 ] } },
{ "type": "Feature", "properties": { "P29_001": "11107", "P29_002": "B111210700117", "P29_003": "16001", "P29_004": "さいたま市立大東小学校", "P29_005": "埼玉県さいたま市浦和区大東3-14-1", "P29_006": "3", "P29_007": "1", "P29_008": "00", "P29_009": null }, "geometry": { "type": "Point", "coordinates": [ 139.664489993974598, 35.88315399821952 ] } },
{ "type": "Feature", "properties": { "P29_001": "11107", "P29_002": "B111210700126", "P29_003": "16001", "P29_004": "さいたま市立常盤北小学校", "P29_005": "埼玉県さいたま市浦和区針ヶ谷4-2-12", "P29_006": "3", "P29_007": "1", "P29_008": "00", "P29_009": null }, "geometry": { "type": "Point", "coordinates": [ 139.63910814916747, 35.878885227834274 ] } },
{ "type": "Feature", "properties": { "P29_001": "11108", "P29_002": "B111210800018", "P29_003": "16001", "P29_004": "さいたま市立谷田小学校", "P29_005": "埼玉県さいたま市南区太田窪5-10-6", "P29_006": "3", "P29_007": "1", "P29_008": "00", "P29_009": null }, "geometry": { "type": "Point", "coordinates": [ 139.677907002858007, 35.856324000701136 ] } },
{ "type": "Feature", "properties": { "P29_001": "11108", "P29_002": "B111210800027", "P29_003": "16001", "P29_004": "さいたま市立南浦和小学校", "P29_005": "埼玉県さいたま市南区白幡1-1-20", "P29_006": "3", "P29_007": "1", "P29_008": "00", "P29_009": null }, "geometry": { "type": "Point", "coordinates": [ 139.657952003885896, 35.845315002722145 ] } },
{ "type": "Feature", "properties": { "P29_001": "11108", "P29_002": "B111210800036", "P29_003": "16001", "P29_004": "さいたま市立浦和別所小学校", "P29_005": "埼玉県さいたま市南区別所2-5-34", "P29_006": "3", "P29_007": "1", "P29_008": "00", "P29_009": null }, "geometry": { "type": "Point", "coordinates": [ 139.647992996394606, 35.849519000739356 ] } },
{ "type": "Feature", "properties": { "P29_001": "11108", "P29_002": "B111210800045", "P29_003": "16001", "P29_004": "さいたま市立大谷場小学校", "P29_005": "埼玉県さいたま市南区南浦和1-18-3", "P29_006": "3", "P29_007": "1", "P29_008": "00", "P29_009": null }, "geometry": { "type": "Point", "coordinates": [ 139.667990995298709, 35.852629997697584 ] } },
{ "type": "Feature", "properties": { "P29_001": "11108", "P29_002": "B111210800054", "P29_003": "16001", "P29_004": "さいたま市立大谷場東小学校", "P29_005": "埼玉県さいたま市南区大谷場2-13-54", "P29_006": "3", "P29_007": "1", "P29_008": "00", "P29_009": null }, "geometry": { "type": "Point", "coordinates": [ 139.674202017941496, 35.85376065239597 ] } },
{ "type": "Feature", "properties": { "P29_001": "11108", "P29_002": "B111210800063", "P29_003": "16001", "P29_004": "さいたま市立西浦和小学校", "P29_005": "埼玉県さいたま市南区曲本1-3-5", "P29_006": "3", "P29_007": "1", "P29_008": "00", "P29_009": null }, "geometry": { "type": "Point", "coordinates": [ 139.630244999573051, 35.83829800075744 ] } },
{ "type": "Feature", "properties": { "P29_001": "11108", "P29_002": "B111210800072", "P29_003": "16001", "P29_004": "さいたま市立辻小学校", "P29_005": "埼玉県さいたま市南区辻6-3-28", "P29_006": "3", "P29_007": "1", "P29_008": "00", "P29_009": null }, "geometry": { "type": "Point", "coordinates": [ 139.658509849022636, 35.83317850692876 ] } },
{ "type": "Feature", "properties": { "P29_001": "11108", "P29_002": "B111210800081", "P29_003": "16001", "P29_004": "さいたま市立文蔵小学校", "P29_005": "埼玉県さいたま市南区文蔵5-16-29", "P29_006": "3", "P29_007": "1", "P29_008": "00", "P29_009": null }, "geometry": { "type": "Point", "coordinates": [ 139.673990997083763, 35.835214999091576 ] } },
{ "type": "Feature", "properties": { "P29_001": "11108", "P29_002": "B111210800090", "P29_003": "16001", "P29_004": "さいたま市立沼影小学校", "P29_005": "埼玉県さいたま市南区沼影2-8-36", "P29_006": "3", "P29_007": "1", "P29_008": "00", "P29_009": null }, "geometry": { "type": "Point", "coordinates": [ 139.645855001254716, 35.839019998786753 ] } },
{ "type": "Feature", "properties": { "P29_001": "11108", "P29_002": "B111210800107", "P29_003": "16001", "P29_004": "さいたま市立大谷口小学校", "P29_005": "埼玉県さいたま市南区広ヶ谷戸24", "P29_006": "3", "P29_007": "1", "P29_008": "00", "P29_009": null }, "geometry": { "type": "Point", "coordinates": [ 139.683267003429819, 35.862518000950807 ] } },
{ "type": "Feature", "properties": { "P29_001": "11108", "P29_002": "B111210800116", "P29_003": "16001", "P29_004": "さいたま市立浦和大里小学校", "P29_005": "埼玉県さいたま市南区別所7-14-28", "P29_006": "3", "P29_007": "1", "P29_008": "00", "P29_009": null }, "geometry": { "type": "Point", "coordinates": [ 139.643219134130618, 35.84486867461974 ] } },
{ "type": "Feature", "properties": { "P29_001": "11108", "P29_002": "B111210800125", "P29_003": "16001", "P29_004": "さいたま市立善前小学校", "P29_005": "埼玉県さいたま市南区太田窪2500-1", "P29_006": "3", "P29_007": "1", "P29_008": "00", "P29_009": null }, "geometry": { "type": "Point", "coordinates": [ 139.685934001532559, 35.853185997868003 ] } },
{ "type": "Feature", "properties": { "P29_001": "11108", "P29_002": "B111210800134", "P29_003": "16001", "P29_004": "さいたま市立向小学校", "P29_005": "埼玉県さいたま市南区大谷口5437", "P29_006": "3", "P29_007": "1", "P29_008": "00", "P29_009": null }, "geometry": { "type": "Point", "coordinates": [ 139.695892574644859, 35.857332543113571 ] } },
{ "type": "Feature", "properties": { "P29_001": "11108", "P29_002": "B111210800143", "P29_003": "16001", "P29_004": "さいたま市立辻南小学校", "P29_005": "埼玉県さいたま市南区辻8-7-32", "P29_006": "3", "P29_007": "1", "P29_008": "00", "P29_009": null }, "geometry": { "type": "Point", "coordinates": [ 139.665252004941919, 35.831582002530567 ] } },
{ "type": "Feature", "properties": { "P29_001": "11109", "P29_002": "B111210900017", "P29_003": "16001", "P29_004": "さいたま市立三室小学校", "P29_005": "埼玉県さいたま市緑区三室1994", "P29_006": "3", "P29_007": "1", "P29_008": "00", "P29_009": null }, "geometry": { "type": "Point", "coordinates": [ 139.68203642208664, 35.88399647190694 ] } },
{ "type": "Feature", "properties": { "P29_001": "11109", "P29_002": "B111210900026", "P29_003": "16001", "P29_004": "さいたま市立尾間木小学校", "P29_005": "埼玉県さいたま市緑区東浦和8-11-5", "P29_006": "3", "P29_007": "1", "P29_008": "00", "P29_009": null }, "geometry": { "type": "Point", "coordinates": [ 139.697114923059871, 35.869217221856275 ] } },
{ "type": "Feature", "properties": { "P29_001": "11109", "P29_002": "B111210900035", "P29_003": "16001", "P29_004": "さいたま市立原山小学校", "P29_005": "埼玉県さいたま市緑区原山1-30-12", "P29_006": "3", "P29_007": "1", "P29_008": "00", "P29_009": null }, "geometry": { "type": "Point", "coordinates": [ 139.670462999672196, 35.866183997975817 ] } },
{ "type": "Feature", "properties": { "P29_001": "11109", "P29_002": "B111210900044", "P29_003": "16001", "P29_004": "さいたま市立大門小学校", "P29_005": "埼玉県さいたま市緑区大門1189", "P29_006": "3", "P29_007": "1", "P29_008": "00", "P29_009": null }, "geometry": { "type": "Point", "coordinates": [ 139.73359600123726, 35.880710999613299 ] } },
{ "type": "Feature", "properties": { "P29_001": "11109", "P29_002": "B111210900053", "P29_003": "16001", "P29_004": "さいたま市立野田小学校", "P29_005": "埼玉県さいたま市緑区大字上野田16", "P29_006": "3", "P29_007": "1", "P29_008": "00", "P29_009": null }, "geometry": { "type": "Point", "coordinates": [ 139.703835925286057, 35.900259159152846 ] } },
{ "type": "Feature", "properties": { "P29_001": "11109", "P29_002": "B111210900062", "P29_003": "16001", "P29_004": "さいたま市立道祖土小学校", "P29_005": "埼玉県さいたま市緑区道祖土1-1-1", "P29_006": "3", "P29_007": "1", "P29_008": "00", "P29_009": null }, "geometry": { "type": "Point", "coordinates": [ 139.668765094836459, 35.874877445352439 ] } },
{ "type": "Feature", "properties": { "P29_001": "11109", "P29_002": "B111210900071", "P29_003": "16001", "P29_004": "さいたま市立中尾小学校", "P29_005": "埼玉県さいたま市緑区中尾2596-1", "P29_006": "3", "P29_007": "1", "P29_008": "00", "P29_009": null }, "geometry": { "type": "Point", "coordinates": [ 139.682657975894813, 35.86804582590257 ] } },
{ "type": "Feature", "properties": { "P29_001": "11109", "P29_002": "B111210900080", "P29_003": "16001", "P29_004": "さいたま市立大牧小学校", "P29_005": "埼玉県さいたま市緑区東浦和6-12-3", "P29_006": "3", "P29_007": "1", "P29_008": "00", "P29_009": null }, "geometry": { "type": "Point", "coordinates": [ 139.706872003897359, 35.872829003900428 ] } },
{ "type": "Feature", "properties": { "P29_001": "11109", "P29_002": "B111210900099", "P29_003": "16001", "P29_004": "さいたま市立芝原小学校", "P29_005": "埼玉県さいたま市緑区芝原2-5", "P29_006": "3", "P29_007": "1", "P29_008": "00", "P29_009": null }, "geometry": { "type": "Point", "coordinates": [ 139.691604286185168, 35.881900160227616 ] } },
{ "type": "Feature", "properties": { "P29_001": "11109", "P29_002": "B111210900106", "P29_003": "16001", "P29_004": "さいたま市立美園小学校", "P29_005": "埼玉県さいたま市緑区美園5-33", "P29_006": "3", "P29_007": "1", "P29_008": "00", "P29_009": null }, "geometry": { "type": "Point", "coordinates": [ 139.734870005293175, 35.890677003011582 ] } },
{ "type": "Feature", "properties": { "P29_001": "11109", "P29_002": "B111210900115", "P29_003": "16001", "P29_004": "さいたま市立美園北小学校", "P29_005": "埼玉県さいたま市緑区美園2-12-11", "P29_006": "3", "P29_007": "1", "P29_008": "00", "P29_009": null }, "geometry": { "type": "Point", "coordinates": [ 139.72342900542148, 35.901470997220322 ] } },
{ "type": "Feature", "properties": { "P29_001": "11110", "P29_002": "B111211000014", "P29_003": "16001", "P29_004": "さいたま市立岩槻小学校", "P29_005": "埼玉県さいたま市岩槻区本町5-6-45", "P29_006": "3", "P29_007": "1", "P29_008": "00", "P29_009": null }, "geometry": { "type": "Point", "coordinates": [ 139.698935061053731, 35.953453931408369 ] } },
{ "type": "Feature", "properties": { "P29_001": "11110", "P29_002": "B111211000023", "P29_003": "16001", "P29_004": "さいたま市立太田小学校", "P29_005": "埼玉県さいたま市岩槻区仲町1-17-3", "P29_006": "3", "P29_007": "1", "P29_008": "00", "P29_009": null }, "geometry": { "type": "Point", "coordinates": [ 139.703768145197216, 35.948291479120648 ] } },
{ "type": "Feature", "properties": { "P29_001": "11110", "P29_002": "B111211000032", "P29_003": "16001", "P29_004": "さいたま市立川通小学校", "P29_005": "埼玉県さいたま市岩槻区大字大野島422-1", "P29_006": "3", "P29_007": "1", "P29_008": "00", "P29_009": null }, "geometry": { "type": "Point", "coordinates": [ 139.731258999251679, 35.941925002574997 ] } },
{ "type": "Feature", "properties": { "P29_001": "11110", "P29_002": "B111211000041", "P29_003": "16001", "P29_004": "さいたま市立柏崎小学校", "P29_005": "埼玉県さいたま市岩槻区大字柏崎762", "P29_006": "3", "P29_007": "1", "P29_008": "00", "P29_009": null }, "geometry": { "type": "Point", "coordinates": [ 139.701593017079091, 35.933599821930109 ] } },
{ "type": "Feature", "properties": { "P29_001": "11110", "P29_002": "B111211000050", "P29_003": "16001", "P29_004": "さいたま市立和土小学校", "P29_005": "埼玉県さいたま市岩槻区大字黒谷1353", "P29_006": "3", "P29_007": "1", "P29_008": "00", "P29_009": null }, "geometry": { "type": "Point", "coordinates": [ 139.720670815184491, 35.926196787018107 ] } },
{ "type": "Feature", "properties": { "P29_001": "11110", "P29_002": "B111211000069", "P29_003": "16001", "P29_004": "さいたま市立新和小学校", "P29_005": "埼玉県さいたま市岩槻区尾ヶ崎1252", "P29_006": "3", "P29_007": "1", "P29_008": "00", "P29_009": null }, "geometry": { "type": "Point", "coordinates": [ 139.732816000274738, 35.910762998321033 ] } },
{ "type": "Feature", "properties": { "P29_001": "11110", "P29_002": "B111211000078", "P29_003": "16001", "P29_004": "さいたま市立慈恩寺小学校", "P29_005": "埼玉県さいたま市岩槻区大字慈恩寺259", "P29_006": "3", "P29_007": "1", "P29_008": "00", "P29_009": null }, "geometry": { "type": "Point", "coordinates": [ 139.708098058412475, 35.981653123838718 ] } },
{ "type": "Feature", "properties": { "P29_001": "11110", "P29_002": "B111211000087", "P29_003": "16001", "P29_004": "さいたま市立河合小学校", "P29_005": "埼玉県さいたま市岩槻区大字平林寺351", "P29_006": "3", "P29_007": "1", "P29_008": "00", "P29_009": null }, "geometry": { "type": "Point", "coordinates": [ 139.671995732630194, 35.967150647179324 ] } },
{ "type": "Feature", "properties": { "P29_001": "11110", "P29_002": "B111211000096", "P29_003": "16001", "P29_004": "さいたま市立東岩槻小学校", "P29_005": "埼玉県さいたま市岩槻区諏訪2-6-1", "P29_006": "3", "P29_007": "1", "P29_008": "00", "P29_009": null }, "geometry": { "type": "Point", "coordinates": [ 139.708959059117262, 35.970249466710143 ] } },
{ "type": "Feature", "properties": { "P29_001": "11110", "P29_002": "B111211000103", "P29_003": "16001", "P29_004": "さいたま市立城北小学校", "P29_005": "埼玉県さいたま市岩槻区岩槻6619", "P29_006": "3", "P29_007": "1", "P29_008": "00", "P29_009": null }, "geometry": { "type": "Point", "coordinates": [ 139.693773900573007, 35.962067695998314 ] } },
{ "type": "Feature", "properties": { "P29_001": "11110", "P29_002": "B111211000112", "P29_003": "16001", "P29_004": "さいたま市立徳力小学校", "P29_005": "埼玉県さいたま市岩槻区徳力136-4", "P29_006": "3", "P29_007": "1", "P29_008": "00", "P29_009": null }, "geometry": { "type": "Point", "coordinates": [ 139.716648999961507, 35.974060000533591 ] } },
{ "type": "Feature", "properties": { "P29_001": "11110", "P29_002": "B111211000121", "P29_003": "16001", "P29_004": "さいたま市立上里小学校", "P29_005": "埼玉県さいたま市岩槻区上里2-2", "P29_006": "3", "P29_007": "1", "P29_008": "00", "P29_009": null }, "geometry": { "type": "Point", "coordinates": [ 139.704289004433718, 35.965283996419096 ] } },
{ "type": "Feature", "properties": { "P29_001": "11110", "P29_002": "B111211000130", "P29_003": "16001", "P29_004": "さいたま市立西原小学校", "P29_005": "埼玉県さいたま市岩槻区西原6-25", "P29_006": "3", "P29_007": "1", "P29_008": "00", "P29_009": null }, "geometry": { "type": "Point", "coordinates": [ 139.683422732064031, 35.952816270743568 ] } },
{ "type": "Feature", "properties": { "P29_001": "11110", "P29_002": "B111211000149", "P29_003": "16001", "P29_004": "さいたま市立城南小学校", "P29_005": "埼玉県さいたま市岩槻区南下新井1191-1", "P29_006": "3", "P29_007": "1", "P29_008": "00", "P29_009": null }, "geometry": { "type": "Point", "coordinates": [ 139.712712429748933, 35.935742229799416 ] } },
{ "type": "Feature", "properties": { "P29_001": "11201", "P29_002": "B111220100014", "P29_003": "16001", "P29_004": "川越市立川越第一小学校", "P29_005": "埼玉県川越市郭町1-21", "P29_006": "3", "P29_007": "1", "P29_008": "00", "P29_009": null }, "geometry": { "type": "Point", "coordinates": [ 139.488697997997946, 35.923006004313088 ] } },
{ "type": "Feature", "properties": { "P29_001": "11201", "P29_002": "B111220100023", "P29_003": "16001", "P29_004": "川越市立川越小学校", "P29_005": "埼玉県川越市郭町1-1-1", "P29_006": "3", "P29_007": "1", "P29_008": "00", "P29_009": null }, "geometry": { "type": "Point", "coordinates": [ 139.486948000962769, 35.924005996541155 ] } },
{ "type": "Feature", "properties": { "P29_001": "11201", "P29_002": "B111220100032", "P29_003": "16001", "P29_004": "川越市立中央小学校", "P29_005": "埼玉県川越市中原町1-25", "P29_006": "3", "P29_007": "1", "P29_008": "00", "P29_009": null }, "geometry": { "type": "Point", "coordinates": [ 139.481282000793556, 35.917340004263124 ] } },
{ "type": "Feature", "properties": { "P29_001": "11201", "P29_002": "B111220100041", "P29_003": "16001", "P29_004": "川越市立仙波小学校", "P29_005": "埼玉県川越市富士見町4-1", "P29_006": "3", "P29_007": "1", "P29_008": "00", "P29_009": null }, "geometry": { "type": "Point", "coordinates": [ 139.488032004792586, 35.905286000900304 ] } },
{ "type": "Feature", "properties": { "P29_001": "11201", "P29_002": "B111220100050", "P29_003": "16001", "P29_004": "川越市立泉小学校", "P29_005": "埼玉県川越市小室463", "P29_006": "3", "P29_007": "1", "P29_008": "00", "P29_009": null }, "geometry": { "type": "Point", "coordinates": [ 139.464714550263665, 35.917674042991969 ] } },
{ "type": "Feature", "properties": { "P29_001": "11201", "P29_002": "B111220100069", "P29_003": "16001", "P29_004": "川越市立月越小学校", "P29_005": "埼玉県川越市月吉町51", "P29_006": "3", "P29_007": "1", "P29_008": "00", "P29_009": null }, "geometry": { "type": "Point", "coordinates": [ 139.475005000981838, 35.91964500299877 ] } },
{ "type": "Feature", "properties": { "P29_001": "11201", "P29_002": "B111220100078", "P29_003": "16001", "P29_004": "川越市立芳野小学校", "P29_005": "埼玉県川越市鴨田331", "P29_006": "3", "P29_007": "1", "P29_008": "00", "P29_009": null }, "geometry": { "type": "Point", "coordinates": [ 139.510193119531607, 35.943366033748568 ] } },
{ "type": "Feature", "properties": { "P29_001": "11201", "P29_002": "B111220100087", "P29_003": "16001", "P29_004": "川越市立古谷小学校", "P29_005": "埼玉県川越市古谷上5465", "P29_006": "3", "P29_007": "1", "P29_008": "00", "P29_009": null }, "geometry": { "type": "Point", "coordinates": [ 139.532334003252487, 35.917563995816927 ] } },
{ "type": "Feature", "properties": { "P29_001": "11201", "P29_002": "B111220100096", "P29_003": "16001", "P29_004": "川越市立南古谷小学校", "P29_005": "埼玉県川越市木野目1451", "P29_006": "3", "P29_007": "1", "P29_008": "00", "P29_009": null }, "geometry": { "type": "Point", "coordinates": [ 139.52153860460183, 35.897382459278745 ] } },
{ "type": "Feature", "properties": { "P29_001": "11201", "P29_002": "B111220100103", "P29_003": "16001", "P29_004": "川越市立高階小学校", "P29_005": "埼玉県川越市大字砂新田58", "P29_006": "3", "P29_007": "1", "P29_008": "00", "P29_009": null }, "geometry": { "type": "Point", "coordinates": [ 139.495121157617234, 35.888894788015087 ] } },
{ "type": "Feature", "properties": { "P29_001": "11201", "P29_002": "B111220100112", "P29_003": "16001", "P29_004": "川越市立福原小学校", "P29_005": "埼玉県川越市大字今福508", "P29_006": "3", "P29_007": "1", "P29_008": "00", "P29_009": null }, "geometry": { "type": "Point", "coordinates": [ 139.472419745905455, 35.872732633036598 ] } },
{ "type": "Feature", "properties": { "P29_001": "11201", "P29_002": "B111220100121", "P29_003": "16001", "P29_004": "川越市立大東東小学校", "P29_005": "埼玉県川越市豊田本4-16-1", "P29_006": "3", "P29_007": "1", "P29_008": "00", "P29_009": null }, "geometry": { "type": "Point", "coordinates": [ 139.454198515716655, 35.904969164248371 ] } },
{ "type": "Feature", "properties": { "P29_001": "11201", "P29_002": "B111220100130", "P29_003": "16001", "P29_004": "川越市立大東西小学校", "P29_005": "埼玉県川越市山城32-5", "P29_006": "3", "P29_007": "1", "P29_008": "00", "P29_009": null }, "geometry": { "type": "Point", "coordinates": [ 139.443044683106763, 35.891441776491007 ] } },
{ "type": "Feature", "properties": { "P29_001": "11201", "P29_002": "B111220100149", "P29_003": "16001", "P29_004": "川越市立霞ケ関小学校", "P29_005": "埼玉県川越市笠幡177", "P29_006": "3", "P29_007": "1", "P29_008": "00", "P29_009": null }, "geometry": { "type": "Point", "coordinates": [ 139.421565996530575, 35.912117004336629 ] } },
{ "type": "Feature", "properties": { "P29_001": "11201", "P29_002": "B111220100158", "P29_003": "16001", "P29_004": "川越市立霞ケ関北小学校", "P29_005": "埼玉県川越市伊勢原町5-1-1", "P29_006": "3", "P29_007": "1", "P29_008": "00", "P29_009": null }, "geometry": { "type": "Point", "coordinates": [ 139.428159867872012, 35.919999981684811 ] } },
{ "type": "Feature", "properties": { "P29_001": "11201", "P29_002": "B111220100167", "P29_003": "16001", "P29_004": "川越市立名細小学校", "P29_005": "埼玉県川越市小堤214", "P29_006": "3", "P29_007": "1", "P29_008": "00", "P29_009": null }, "geometry": { "type": "Point", "coordinates": [ 139.440953002145847, 35.938112999112853 ] } },
{ "type": "Feature", "properties": { "P29_001": "11201", "P29_002": "B111220100176", "P29_003": "16001", "P29_004": "川越市立山田小学校", "P29_005": "埼玉県川越市山田167", "P29_006": "3", "P29_007": "1", "P29_008": "00", "P29_009": null }, "geometry": { "type": "Point", "coordinates": [ 139.47683700250451, 35.94144799599281 ] } },
{ "type": "Feature", "properties": { "P29_001": "11201", "P29_002": "B111220100185", "P29_003": "16001", "P29_004": "川越市立武蔵野小学校", "P29_005": "埼玉県川越市大塚新田むさし野14-1", "P29_006": "3", "P29_007": "1", "P29_008": "00", "P29_009": null }, "geometry": { "type": "Point", "coordinates": [ 139.470354003065665, 35.893259996269016 ] } },
{ "type": "Feature", "properties": { "P29_001": "11201", "P29_002": "B111220100194", "P29_003": "16001", "P29_004": "川越市立高階南小学校", "P29_005": "埼玉県川越市諏訪町12-3", "P29_006": "3", "P29_007": "1", "P29_008": "00", "P29_009": null }, "geometry": { "type": "Point", "coordinates": [ 139.49909073964875, 35.880164296656375 ] } },
{ "type": "Feature", "properties": { "P29_001": "11201", "P29_002": "B111220100201", "P29_003": "16001", "P29_004": "川越市立高階北小学校", "P29_005": "埼玉県川越市砂新田1-16-1", "P29_006": "3", "P29_007": "1", "P29_008": "00", "P29_009": null }, "geometry": { "type": "Point", "coordinates": [ 139.485977004045139, 35.89126000413129 ] } },
{ "type": "Feature", "properties": { "P29_001": "11201", "P29_002": "B111220100210", "P29_003": "16001", "P29_004": "川越市立今成小学校", "P29_005": "埼玉県川越市今成2-42-1", "P29_006": "3", "P29_007": "1", "P29_008": "00", "P29_009": null }, "geometry": { "type": "Point", "coordinates": [ 139.46498855932299, 35.925493915321283 ] } },
{ "type": "Feature", "properties": { "P29_001": "11201", "P29_002": "B111220100229", "P29_003": "16001", "P29_004": "川越市立高階西小学校", "P29_005": "埼玉県川越市藤間1102", "P29_006": "3", "P29_007": "1", "P29_008": "00", "P29_009": null }, "geometry": { "type": "Point", "coordinates": [ 139.494558022106048, 35.876410961579133 ] } },
{ "type": "Feature", "properties": { "P29_001": "11201", "P29_002": "B111220100238", "P29_003": "16001", "P29_004": "川越市立霞ケ関南小学校", "P29_005": "埼玉県川越市かすみ野1-1-4", "P29_006": "3", "P29_007": "1", "P29_008": "00", "P29_009": null }, "geometry": { "type": "Point", "coordinates": [ 139.418019576218114, 35.903736760953748 ] } },
{ "type": "Feature", "properties": { "P29_001": "11201", "P29_002": "B111220100247", "P29_003": "16001", "P29_004": "川越市立霞ケ関東小学校", "P29_005": "埼玉県川越市大字的場2735-2", "P29_006": "3", "P29_007": "1", "P29_008": "00", "P29_009": null }, "geometry": { "type": "Point", "coordinates": [ 139.448987248443018, 35.920738549047115 ] } },
{ "type": "Feature", "properties": { "P29_001": "11201", "P29_002": "B111220100256", "P29_003": "16001", "P29_004": "川越市立大塚小学校", "P29_005": "埼玉県川越市大字大塚2-10-1", "P29_006": "3", "P29_007": "1", "P29_008": "00", "P29_009": null }, "geometry": { "type": "Point", "coordinates": [ 139.469213997914409, 35.896155001354131 ] } },
{ "type": "Feature", "properties": { "P29_001": "11201", "P29_002": "B111220100265", "P29_003": "16001", "P29_004": "川越市立上戸小学校", "P29_005": "埼玉県川越市上戸390-1", "P29_006": "3", "P29_007": "1", "P29_008": "00", "P29_009": null }, "geometry": { "type": "Point", "coordinates": [ 139.452684041654805, 35.931062778267076 ] } },
{ "type": "Feature", "properties": { "P29_001": "11201", "P29_002": "B111220100274", "P29_003": "16001", "P29_004": "川越市立牛子小学校", "P29_005": "埼玉県川越市大字牛子418", "P29_006": "3", "P29_007": "1", "P29_008": "00", "P29_009": null }, "geometry": { "type": "Point", "coordinates": [ 139.509668994462629, 35.893705000563735 ] } },
{ "type": "Feature", "properties": { "P29_001": "11201", "P29_002": "B111220100283", "P29_003": "16001", "P29_004": "川越市立寺尾小学校", "P29_005": "埼玉県川越市大字寺尾979-2", "P29_006": "3", "P29_007": "1", "P29_008": "00", "P29_009": null }, "geometry": { "type": "Point", "coordinates": [ 139.51364947958055, 35.883337403897258 ] } },
{ "type": "Feature", "properties": { "P29_001": "11201", "P29_002": "B111220100292", "P29_003": "16001", "P29_004": "川越市立霞ケ関西小学校", "P29_005": "埼玉県川越市笠幡3971-4", "P29_006": "3", "P29_007": "1", "P29_008": "00", "P29_009": null }, "geometry": { "type": "Point", "coordinates": [ 139.401895570558366, 35.908794930127868 ] } },
{ "type": "Feature", "properties": { "P29_001": "11201", "P29_002": "B111220100309", "P29_003": "16001", "P29_004": "川越市立広谷小学校", "P29_005": "埼玉県川越市下広谷558-1", "P29_006": "3", "P29_007": "1", "P29_008": "00", "P29_009": null }, "geometry": { "type": "Point", "coordinates": [ 139.430306958995658, 35.951025448811535 ] } },
{ "type": "Feature", "properties": { "P29_001": "11201", "P29_002": "B111220100318", "P29_003": "16001", "P29_004": "川越市立新宿小学校", "P29_005": "埼玉県川越市新宿町6-9-1", "P29_006": "3", "P29_007": "1", "P29_008": "00", "P29_009": null }, "geometry": { "type": "Point", "coordinates": [ 139.47740841154706, 35.895069282272559 ] } },
{ "type": "Feature", "properties": { "P29_001": "11201", "P29_002": "B111220100327", "P29_003": "16001", "P29_004": "川越市立川越西小学校", "P29_005": "埼玉県川越市川鶴1-5", "P29_006": "3", "P29_007": "1", "P29_008": "00", "P29_009": null }, "geometry": { "type": "Point", "coordinates": [ 139.418122004808424, 35.923281000700861 ] } },
{ "type": "Feature", "properties": { "P29_001": "11202", "P29_002": "B111220200013", "P29_003": "16001", "P29_004": "熊谷市立熊谷東小学校", "P29_005": "埼玉県熊谷市末広3-4-1", "P29_006": "3", "P29_007": "1", "P29_008": "00", "P29_009": null }, "geometry": { "type": "Point", "coordinates": [ 139.396865488709125, 36.145487245739368 ] } },
{ "type": "Feature", "properties": { "P29_001": "11202", "P29_002": "B111220200022", "P29_003": "16001", "P29_004": "熊谷市立熊谷西小学校", "P29_005": "埼玉県熊谷市中央1-1", "P29_006": "3", "P29_007": "1", "P29_008": "00", "P29_009": null }, "geometry": { "type": "Point", "coordinates": [ 139.38956043685647, 36.152807933640673 ] } },
{ "type": "Feature", "properties": { "P29_001": "11202", "P29_002": "B111220200031", "P29_003": "16001", "P29_004": "熊谷市立石原小学校", "P29_005": "埼玉県熊谷市石原3-1-1", "P29_006": "3", "P29_007": "1", "P29_008": "00", "P29_009": null }, "geometry": { "type": "Point", "coordinates": [ 139.377288947567422, 36.152190519197653 ] } },
{ "type": "Feature", "properties": { "P29_001": "11202", "P29_002": "B111220200059", "P29_003": "16001", "P29_004": "熊谷市立大幡小学校", "P29_005": "埼玉県熊谷市大字代681", "P29_006": "3", "P29_007": "1", "P29_008": "00", "P29_009": null }, "geometry": { "type": "Point", "coordinates": [ 139.372699051978032, 36.169573727883176 ] } },
{ "type": "Feature", "properties": { "P29_001": "11202", "P29_002": "B111220200068", "P29_003": "16001", "P29_004": "熊谷市立佐谷田小学校", "P29_005": "埼玉県熊谷市佐谷田1030", "P29_006": "3", "P29_007": "1", "P29_008": "00", "P29_009": null }, "geometry": { "type": "Point", "coordinates": [ 139.414275400334191, 36.134077471861382 ] } },
{ "type": "Feature", "properties": { "P29_001": "11202", "P29_002": "B111220200077", "P29_003": "16001", "P29_004": "熊谷市立大麻生小学校", "P29_005": "埼玉県熊谷市大麻生51", "P29_006": "3", "P29_007": "1", "P29_008": "00", "P29_009": null }, "geometry": { "type": "Point", "coordinates": [ 139.339694938795901, 36.149534181934641 ] } },
{ "type": "Feature", "properties": { "P29_001": "11202", "P29_002": "B111220200086", "P29_003": "16001", "P29_004": "熊谷市立玉井小学校", "P29_005": "埼玉県熊谷市高柳116-1", "P29_006": "3", "P29_007": "1", "P29_008": "00", "P29_009": null }, "geometry": { "type": "Point", "coordinates": [ 139.344566000411959, 36.172941997545706 ] } },
{ "type": "Feature", "properties": { "P29_001": "11202", "P29_002": "B111220200095", "P29_003": "16001", "P29_004": "熊谷市立久下小学校", "P29_005": "埼玉県熊谷市大字久下808", "P29_006": "3", "P29_007": "1", "P29_008": "00", "P29_009": null }, "geometry": { "type": "Point", "coordinates": [ 139.418280617137782, 36.121814671231945 ] } },
{ "type": "Feature", "properties": { "P29_001": "11202", "P29_002": "B111220200102", "P29_003": "16001", "P29_004": "熊谷市立熊谷南小学校", "P29_005": "埼玉県熊谷市榎町343", "P29_006": "3", "P29_007": "1", "P29_008": "00", "P29_009": null }, "geometry": { "type": "Point", "coordinates": [ 139.379131206398824, 36.138928906535106 ] } },
{ "type": "Feature", "properties": { "P29_001": "11202", "P29_002": "B111220200111", "P29_003": "16001", "P29_004": "熊谷市立中条小学校", "P29_005": "埼玉県熊谷市大字上中条892-1", "P29_006": "3", "P29_007": "1", "P29_008": "00", "P29_009": null }, "geometry": { "type": "Point", "coordinates": [ 139.403948001393417, 36.180582003606212 ] } },
{ "type": "Feature", "properties": { "P29_001": "11202", "P29_002": "B111220200120", "P29_003": "16001", "P29_004": "熊谷市立吉岡小学校", "P29_005": "埼玉県熊谷市万吉2103", "P29_006": "3", "P29_007": "1", "P29_008": "00", "P29_009": null }, "geometry": { "type": "Point", "coordinates": [ 139.370817003159488, 36.120198000040368 ] } },
{ "type": "Feature", "properties": { "P29_001": "11202", "P29_002": "B111220200139", "P29_003": "16001", "P29_004": "熊谷市立別府小学校", "P29_005": "埼玉県熊谷市西別府29-1", "P29_006": "3", "P29_007": "1", "P29_008": "00", "P29_009": null }, "geometry": { "type": "Point", "coordinates": [ 139.341398004435007, 36.193217001235816 ] } },
{ "type": "Feature", "properties": { "P29_001": "11202", "P29_002": "B111220200148", "P29_003": "16001", "P29_004": "熊谷市立三尻小学校", "P29_005": "埼玉県熊谷市大字三ヶ尻2862-1", "P29_006": "3", "P29_007": "1", "P29_008": "00", "P29_009": null }, "geometry": { "type": "Point", "coordinates": [ 139.319534846310916, 36.159115184729259 ] } },
{ "type": "Feature", "properties": { "P29_001": "11202", "P29_002": "B111220200157", "P29_003": "16001", "P29_004": "熊谷市立奈良小学校", "P29_005": "埼玉県熊谷市下奈良561-3", "P29_006": "3", "P29_007": "1", "P29_008": "00", "P29_009": null }, "geometry": { "type": "Point", "coordinates": [ 139.378807117050883, 36.186222893080505 ] } },
{ "type": "Feature", "properties": { "P29_001": "11202", "P29_002": "B111220200175", "P29_003": "16001", "P29_004": "熊谷市立桜木小学校", "P29_005": "埼玉県熊谷市桜木町2-33-1", "P29_006": "3", "P29_007": "1", "P29_008": "00", "P29_009": null }, "geometry": { "type": "Point", "coordinates": [ 139.387269092685528, 36.13635020840691 ] } },
{ "type": "Feature", "properties": { "P29_001": "11202", "P29_002": "B111220200184", "P29_003": "16001", "P29_004": "熊谷市立籠原小学校", "P29_005": "埼玉県熊谷市新堀1143", "P29_006": "3", "P29_007": "1", "P29_008": "00", "P29_009": null }, "geometry": { "type": "Point", "coordinates": [ 139.318233997498311, 36.173773999058064 ] } },
{ "type": "Feature", "properties": { "P29_001": "11202", "P29_002": "B111220200193", "P29_003": "16001", "P29_004": "熊谷市立新堀小学校", "P29_005": "埼玉県熊谷市大字新堀182", "P29_006": "3", "P29_007": "1", "P29_008": "00", "P29_009": null }, "geometry": { "type": "Point", "coordinates": [ 139.338093997091335, 36.172969001049182 ] } },
{ "type": "Feature", "properties": { "P29_001": "11202", "P29_002": "B111220200200", "P29_003": "16001", "P29_004": "熊谷市立吉見小学校", "P29_005": "埼玉県熊谷市箕輪7", "P29_006": "3", "P29_007": "1", "P29_008": "00", "P29_009": null }, "geometry": { "type": "Point", "coordinates": [ 139.412703002848929, 36.088203997170616 ] } },
{ "type": "Feature", "properties": { "P29_001": "11202", "P29_002": "B111220200219", "P29_003": "16001", "P29_004": "熊谷市立市田小学校", "P29_005": "埼玉県熊谷市小泉243-1", "P29_006": "3", "P29_007": "1", "P29_008": "00", "P29_009": null }, "geometry": { "type": "Point", "coordinates": [ 139.397663788156507, 36.110748372679758 ] } },
{ "type": "Feature", "properties": { "P29_001": "11202", "P29_002": "B111220200228", "P29_003": "16001", "P29_004": "熊谷市立江南南小学校", "P29_005": "埼玉県熊谷市小江川1881", "P29_006": "3", "P29_007": "1", "P29_008": "00", "P29_009": null }, "geometry": { "type": "Point", "coordinates": [ 139.334604454866962, 36.107220120372347 ] } },
{ "type": "Feature", "properties": { "P29_001": "11202", "P29_002": "B111220200237", "P29_003": "16001", "P29_004": "熊谷市立江南北小学校", "P29_005": "埼玉県熊谷市三本359", "P29_006": "3", "P29_007": "1", "P29_008": "00", "P29_009": null }, "geometry": { "type": "Point", "coordinates": [ 139.335205999361364, 36.128116694809606 ] } },
{ "type": "Feature", "properties": { "P29_001": "11202", "P29_002": "B111220200246", "P29_003": "16001", "P29_004": "熊谷市立長井小学校", "P29_005": "埼玉県熊谷市上根358", "P29_006": "3", "P29_007": "1", "P29_008": "00", "P29_009": null }, "geometry": { "type": "Point", "coordinates": [ 139.387506036714797, 36.209905847921803 ] } },
{ "type": "Feature", "properties": { "P29_001": "11202", "P29_002": "B111220200255", "P29_003": "16001", "P29_004": "熊谷市立秦小学校", "P29_005": "埼玉県熊谷市葛和田831", "P29_006": "3", "P29_007": "1", "P29_008": "00", "P29_009": null }, "geometry": { "type": "Point", "coordinates": [ 139.41979944444779, 36.205681956972455 ] } },
{ "type": "Feature", "properties": { "P29_001": "11202", "P29_002": "B111220200264", "P29_003": "16001", "P29_004": "熊谷市立妻沼小学校", "P29_005": "埼玉県熊谷市妻沼1492", "P29_006": "3", "P29_007": "1", "P29_008": "00", "P29_009": null }, "geometry": { "type": "Point", "coordinates": [ 139.377687784360319, 36.229338094090529 ] } },
{ "type": "Feature", "properties": { "P29_001": "11202", "P29_002": "B111220200273", "P29_003": "16001", "P29_004": "熊谷市立男沼小学校", "P29_005": "埼玉県熊谷市妻沼台137-1", "P29_006": "3", "P29_007": "1", "P29_008": "00", "P29_009": null }, "geometry": { "type": "Point", "coordinates": [ 139.353059248544383, 36.23506892544308 ] } },
{ "type": "Feature", "properties": { "P29_001": "11202", "P29_002": "B111220200282", "P29_003": "16001", "P29_004": "熊谷市立小島小学校", "P29_005": "埼玉県熊谷市妻沼小島2111", "P29_006": "3", "P29_007": "9", "P29_008": "00", "P29_009": null }, "geometry": { "type": "Point", "coordinates": [ 139.355108974996426, 36.250953974687938 ] } },
{ "type": "Feature", "properties": { "P29_001": "11202", "P29_002": "B111220200291", "P29_003": "16001", "P29_004": "熊谷市立太田小学校", "P29_005": "埼玉県熊谷市八木田5", "P29_006": "3", "P29_007": "1", "P29_008": "00", "P29_009": null }, "geometry": { "type": "Point", "coordinates": [ 139.352228996468938, 36.216048000088698 ] } },
{ "type": "Feature", "properties": { "P29_001": "11202", "P29_002": "B111220200308", "P29_003": "16001", "P29_004": "熊谷市立妻沼南小学校", "P29_005": "埼玉県熊谷市弥藤吾704", "P29_006": "3", "P29_007": "1", "P29_008": "00", "P29_009": null }, "geometry": { "type": "Point", "coordinates": [ 139.371616996054428, 36.215298997957085 ] } },
{ "type": "Feature", "properties": { "P29_001": "11202", "P29_002": "B111220200317", "P29_003": "16001", "P29_004": "熊谷市立成田星宮小学校", "P29_005": "埼玉県熊谷市上之2810-1", "P29_006": "3", "P29_007": "1", "P29_008": "00", "P29_009": null }, "geometry": { "type": "Point", "coordinates": [ 139.405760789107148, 36.154207574299967 ] } },
{ "type": "Feature", "properties": { "P29_001": "11203", "P29_002": "B111220300012", "P29_003": "16001", "P29_004": "川口市立本町小学校", "P29_005": "埼玉県川口市本町2-4-6", "P29_006": "3", "P29_007": "1", "P29_008": "00", "P29_009": null }, "geometry": { "type": "Point", "coordinates": [ 139.725146333670864, 35.799388687557936 ] } },
{ "type": "Feature", "properties": { "P29_001": "11203", "P29_002": "B111220300021", "P29_003": "16001", "P29_004": "川口市立幸町小学校", "P29_005": "埼玉県川口市幸町3-8-33", "P29_006": "3", "P29_007": "1", "P29_008": "00", "P29_009": null }, "geometry": { "type": "Point", "coordinates": [ 139.717710998163454, 35.806026000987949 ] } },
{ "type": "Feature", "properties": { "P29_001": "11203", "P29_002": "B111220300030", "P29_003": "16001", "P29_004": "川口市立仲町小学校", "P29_005": "埼玉県川口市西川口5-6-1", "P29_006": "3", "P29_007": "1", "P29_008": "00", "P29_009": null }, "geometry": { "type": "Point", "coordinates": [ 139.703780487397495, 35.807298232101338 ] } },
{ "type": "Feature", "properties": { "P29_001": "11203", "P29_002": "B111220300049", "P29_003": "16001", "P29_004": "川口市立上青木小学校", "P29_005": "埼玉県川口市上青木西3-8-25", "P29_006": "3", "P29_007": "1", "P29_008": "00", "P29_009": null }, "geometry": { "type": "Point", "coordinates": [ 139.716746975181763, 35.828703795096743 ] } },
{ "type": "Feature", "properties": { "P29_001": "11203", "P29_002": "B111220300058", "P29_003": "16001", "P29_004": "川口市立元郷小学校", "P29_005": "埼玉県川口市元郷6-2-1", "P29_006": "3", "P29_007": "1", "P29_008": "00", "P29_009": null }, "geometry": { "type": "Point", "coordinates": [ 139.741931001961518, 35.800556000268635 ] } },
{ "type": "Feature", "properties": { "P29_001": "11203", "P29_002": "B111220300067", "P29_003": "16001", "P29_004": "川口市立飯塚小学校", "P29_005": "埼玉県川口市飯塚2-11-1", "P29_006": "3", "P29_007": "1", "P29_008": "00", "P29_009": null }, "geometry": { "type": "Point", "coordinates": [ 139.711454524094648, 35.798562135290886 ] } },
{ "type": "Feature", "properties": { "P29_001": "11203", "P29_002": "B111220300076", "P29_003": "16001", "P29_004": "川口市立芝小学校", "P29_005": "埼玉県川口市大字芝5218", "P29_006": "3", "P29_007": "1", "P29_008": "00", "P29_009": null }, "geometry": { "type": "Point", "coordinates": [ 139.692316234298431, 35.837851816982813 ] } },
{ "type": "Feature", "properties": { "P29_001": "11203", "P29_002": "B111220300085", "P29_003": "16001", "P29_004": "川口市立新郷小学校", "P29_005": "埼玉県川口市東本郷1313", "P29_006": "3", "P29_007": "1", "P29_008": "00", "P29_009": null }, "geometry": { "type": "Point", "coordinates": [ 139.764760994273416, 35.828495998783133 ] } },
{ "type": "Feature", "properties": { "P29_001": "11203", "P29_002": "B111220300094", "P29_003": "16001", "P29_004": "川口市立神根小学校", "P29_005": "埼玉県川口市大字道合1111", "P29_006": "3", "P29_007": "1", "P29_008": "00", "P29_009": null }, "geometry": { "type": "Point", "coordinates": [ 139.724498986839649, 35.847228313775524 ] } },
{ "type": "Feature", "properties": { "P29_001": "11203", "P29_002": "B111220300101", "P29_003": "16001", "P29_004": "川口市立神根東小学校", "P29_005": "埼玉県川口市大字石神1440", "P29_006": "3", "P29_007": "1", "P29_008": "00", "P29_009": null }, "geometry": { "type": "Point", "coordinates": [ 139.740274983531123, 35.854549667486239 ] } },
{ "type": "Feature", "properties": { "P29_001": "11203", "P29_002": "B111220300110", "P29_003": "16001", "P29_004": "川口市立青木北小学校", "P29_005": "埼玉県川口市西青木1-1-1", "P29_006": "3", "P29_007": "1", "P29_008": "00", "P29_009": null }, "geometry": { "type": "Point", "coordinates": [ 139.715413752479918, 35.814065365221801 ] } },
{ "type": "Feature", "properties": { "P29_001": "11203", "P29_002": "B111220300129", "P29_003": "16001", "P29_004": "川口市立領家小学校", "P29_005": "埼玉県川口市領家3-14-1", "P29_006": "3", "P29_007": "1", "P29_008": "00", "P29_009": null }, "geometry": { "type": "Point", "coordinates": [ 139.74861566433168, 35.791480576511084 ] } },
{ "type": "Feature", "properties": { "P29_001": "11203", "P29_002": "B111220300138", "P29_003": "16001", "P29_004": "川口市立舟戸小学校", "P29_005": "埼玉県川口市舟戸町2-1", "P29_006": "3", "P29_007": "1", "P29_008": "00", "P29_009": null }, "geometry": { "type": "Point", "coordinates": [ 139.722748697349999, 35.793751692241095 ] } },
{ "type": "Feature", "properties": { "P29_001": "11203", "P29_002": "B111220300147", "P29_003": "16001", "P29_004": "川口市立十二月田小学校", "P29_005": "埼玉県川口市朝日1-11-1", "P29_006": "3", "P29_007": "1", "P29_008": "00", "P29_009": null }, "geometry": { "type": "Point", "coordinates": [ 139.73497110557193, 35.806763546855088 ] } },
{ "type": "Feature", "properties": { "P29_001": "11203", "P29_002": "B111220300156", "P29_003": "16001", "P29_004": "川口市立飯仲小学校", "P29_005": "埼玉県川口市南町2-3-1", "P29_006": "3", "P29_007": "1", "P29_008": "00", "P29_009": null }, "geometry": { "type": "Point", "coordinates": [ 139.707500942068151, 35.804330957178237 ] } },
{ "type": "Feature", "properties": { "P29_001": "11203", "P29_002": "B111220300165", "P29_003": "16001", "P29_004": "川口市立並木小学校", "P29_005": "埼玉県川口市並木1-24-1", "P29_006": "3", "P29_007": "1", "P29_008": "00", "P29_009": null }, "geometry": { "type": "Point", "coordinates": [ 139.71145405709035, 35.812183448933226 ] } },
{ "type": "Feature", "properties": { "P29_001": "11203", "P29_002": "B111220300174", "P29_003": "16001", "P29_004": "川口市立安行小学校", "P29_005": "埼玉県川口市大字安行原2020", "P29_006": "3", "P29_007": "1", "P29_008": "00", "P29_009": null }, "geometry": { "type": "Point", "coordinates": [ 139.765613151650967, 35.83942808934669 ] } },
{ "type": "Feature", "properties": { "P29_001": "11203", "P29_002": "B111220300183", "P29_003": "16001", "P29_004": "川口市立原町小学校", "P29_005": "埼玉県川口市飯原町6-50", "P29_006": "3", "P29_007": "1", "P29_008": "00", "P29_009": null }, "geometry": { "type": "Point", "coordinates": [ 139.704627997762742, 35.799305001047337 ] } },
{ "type": "Feature", "properties": { "P29_001": "11203", "P29_002": "B111220300192", "P29_003": "16001", "P29_004": "川口市立前川小学校", "P29_005": "埼玉県川口市本前川2-11-1", "P29_006": "3", "P29_007": "1", "P29_008": "00", "P29_009": null }, "geometry": { "type": "Point", "coordinates": [ 139.705205000372672, 35.842431003486979 ] } },
{ "type": "Feature", "properties": { "P29_001": "11203", "P29_002": "B111220300209", "P29_003": "16001", "P29_004": "川口市立戸塚小学校", "P29_005": "埼玉県川口市戸塚3-13-55", "P29_006": "3", "P29_007": "1", "P29_008": "00", "P29_009": null }, "geometry": { "type": "Point", "coordinates": [ 139.746955995760203, 35.869184995926183 ] } },
{ "type": "Feature", "properties": { "P29_001": "11203", "P29_002": "B111220300218", "P29_003": "16001", "P29_004": "川口市立青木中央小学校", "P29_005": "埼玉県川口市中青木2-21-5", "P29_006": "3", "P29_007": "1", "P29_008": "00", "P29_009": null }, "geometry": { "type": "Point", "coordinates": [ 139.722564666314099, 35.810054904464941 ] } },
{ "type": "Feature", "properties": { "P29_001": "11203", "P29_002": "B111220300227", "P29_003": "16001", "P29_004": "川口市立元郷南小学校", "P29_005": "埼玉県川口市元郷2-15-20", "P29_006": "3", "P29_007": "1", "P29_008": "00", "P29_009": null }, "geometry": { "type": "Point", "coordinates": [ 139.730596997224126, 35.797647997173108 ] } },
{ "type": "Feature", "properties": { "P29_001": "11203", "P29_002": "B111220300236", "P29_003": "16001", "P29_004": "川口市立芝西小学校", "P29_005": "埼玉県川口市芝西2-20-3", "P29_006": "3", "P29_007": "1", "P29_008": "00", "P29_009": null }, "geometry": { "type": "Point", "coordinates": [ 139.683517995490348, 35.841381002759213 ] } },
{ "type": "Feature", "properties": { "P29_001": "11203", "P29_002": "B111220300245", "P29_003": "16001", "P29_004": "川口市立芝南小学校", "P29_005": "埼玉県川口市芝3-17-1", "P29_006": "3", "P29_007": "1", "P29_008": "00", "P29_009": null }, "geometry": { "type": "Point", "coordinates": [ 139.698678737422284, 35.834587467146619 ] } },
{ "type": "Feature", "properties": { "P29_001": "11203", "P29_002": "B111220300254", "P29_003": "16001", "P29_004": "川口市立朝日東小学校", "P29_005": "埼玉県川口市朝日5-15-1", "P29_006": "3", "P29_007": "1", "P29_008": "00", "P29_009": null }, "geometry": { "type": "Point", "coordinates": [ 139.749206996248262, 35.806832998663957 ] } },
{ "type": "Feature", "properties": { "P29_001": "11203", "P29_002": "B111220300263", "P29_003": "16001", "P29_004": "川口市立芝富士小学校", "P29_005": "埼玉県川口市芝富士2-17-1", "P29_006": "3", "P29_007": "1", "P29_008": "00", "P29_009": null }, "geometry": { "type": "Point", "coordinates": [ 139.677352003257397, 35.836160000445624 ] } },
{ "type": "Feature", "properties": { "P29_001": "11203", "P29_002": "B111220300272", "P29_003": "16001", "P29_004": "川口市立前川東小学校", "P29_005": "埼玉県川口市前上町10-1", "P29_006": "3", "P29_007": "1", "P29_008": "00", "P29_009": null }, "geometry": { "type": "Point", "coordinates": [ 139.714032773038724, 35.835437416224217 ] } },
{ "type": "Feature", "properties": { "P29_001": "11203", "P29_002": "B111220300281", "P29_003": "16001", "P29_004": "川口市立柳崎小学校", "P29_005": "埼玉県川口市柳崎4-4-1", "P29_006": "3", "P29_007": "1", "P29_008": "00", "P29_009": null }, "geometry": { "type": "Point", "coordinates": [ 139.700795296378459, 35.856567926965333 ] } },
{ "type": "Feature", "properties": { "P29_001": "11203", "P29_002": "B111220300290", "P29_003": "16001", "P29_004": "川口市立芝樋ノ爪小学校", "P29_005": "埼玉県川口市芝樋ノ爪2-10-48", "P29_006": "3", "P29_007": "1", "P29_008": "00", "P29_009": null }, "geometry": { "type": "Point", "coordinates": [ 139.687100993971143, 35.834576998647393 ] } },
{ "type": "Feature", "properties": { "P29_001": "11203", "P29_002": "B111220300307", "P29_003": "16001", "P29_004": "川口市立新郷南小学校", "P29_005": "埼玉県川口市江戸3-12-1", "P29_006": "3", "P29_007": "1", "P29_008": "00", "P29_009": null }, "geometry": { "type": "Point", "coordinates": [ 139.753608606519464, 35.820139271399285 ] } },
{ "type": "Feature", "properties": { "P29_001": "11203", "P29_002": "B111220300316", "P29_003": "16001", "P29_004": "川口市立上青木南小学校", "P29_005": "埼玉県川口市上青木1-6-43", "P29_006": "3", "P29_007": "1", "P29_008": "00", "P29_009": null }, "geometry": { "type": "Point", "coordinates": [ 139.719114721877361, 35.822503884996003 ] } },
{ "type": "Feature", "properties": { "P29_001": "11203", "P29_002": "B111220300325", "P29_003": "16001", "P29_004": "川口市立根岸小学校", "P29_005": "埼玉県川口市安行領根岸113", "P29_006": "3", "P29_007": "1", "P29_008": "00", "P29_009": null }, "geometry": { "type": "Point", "coordinates": [ 139.715936213761864, 35.842923226861899 ] } },
{ "type": "Feature", "properties": { "P29_001": "11203", "P29_002": "B111220300334", "P29_003": "16001", "P29_004": "川口市立芝中央小学校", "P29_005": "埼玉県川口市芝高木2-9-1", "P29_006": "3", "P29_007": "1", "P29_008": "00", "P29_009": null }, "geometry": { "type": "Point", "coordinates": [ 139.697530001776983, 35.843095998593618 ] } },
{ "type": "Feature", "properties": { "P29_001": "11203", "P29_002": "B111220300343", "P29_003": "16001", "P29_004": "川口市立新郷東小学校", "P29_005": "埼玉県川口市大字峯361", "P29_006": "3", "P29_007": "1", "P29_008": "00", "P29_009": null }, "geometry": { "type": "Point", "coordinates": [ 139.776038000092115, 35.830025003802788 ] } },
{ "type": "Feature", "properties": { "P29_001": "11203", "P29_002": "B111220300352", "P29_003": "16001", "P29_004": "川口市立朝日西小学校", "P29_005": "埼玉県川口市朝日4-17-12", "P29_006": "3", "P29_007": "1", "P29_008": "00", "P29_009": null }, "geometry": { "type": "Point", "coordinates": [ 139.742181004107749, 35.809887003785576 ] } },
{ "type": "Feature", "properties": { "P29_001": "11203", "P29_002": "B111220300361", "P29_003": "16001", "P29_004": "川口市立慈林小学校", "P29_005": "埼玉県川口市安行慈林356", "P29_006": "3", "P29_007": "1", "P29_008": "00", "P29_009": null }, "geometry": { "type": "Point", "coordinates": [ 139.750759099733898, 35.84072361042108 ] } },
{ "type": "Feature", "properties": { "P29_001": "11203", "P29_002": "B111220300370", "P29_003": "16001", "P29_004": "川口市立差間小学校", "P29_005": "埼玉県川口市大字差間430", "P29_006": "3", "P29_007": "1", "P29_008": "00", "P29_009": null }, "geometry": { "type": "Point", "coordinates": [ 139.72915199664925, 35.867629001981541 ] } },
{ "type": "Feature", "properties": { "P29_001": "11203", "P29_002": "B111220300389", "P29_003": "16001", "P29_004": "川口市立東本郷小学校", "P29_005": "埼玉県川口市東本郷630", "P29_006": "3", "P29_007": "1", "P29_008": "00", "P29_009": null }, "geometry": { "type": "Point", "coordinates": [ 139.765900001080325, 35.822887001727956 ] } },
{ "type": "Feature", "properties": { "P29_001": "11203", "P29_002": "B111220300398", "P29_003": "16001", "P29_004": "川口市立東領家小学校", "P29_005": "埼玉県川口市東領家3-5-9", "P29_006": "3", "P29_007": "1", "P29_008": "00", "P29_009": null }, "geometry": { "type": "Point", "coordinates": [ 139.750984995593655, 35.793807001378383 ] } },
{ "type": "Feature", "properties": { "P29_001": "11203", "P29_002": "B111220300405", "P29_003": "16001", "P29_004": "川口市立安行東小学校", "P29_005": "埼玉県川口市安行出羽4-1-1", "P29_006": "3", "P29_007": "1", "P29_008": "00", "P29_009": null }, "geometry": { "type": "Point", "coordinates": [ 139.76712099461048, 35.852076002394689 ] } },
{ "type": "Feature", "properties": { "P29_001": "11203", "P29_002": "B111220300414", "P29_003": "16001", "P29_004": "川口市立在家小学校", "P29_005": "埼玉県川口市大字安行領在家323", "P29_006": "3", "P29_007": "1", "P29_008": "00", "P29_009": null }, "geometry": { "type": "Point", "coordinates": [ 139.71144649931901, 35.85430951677246 ] } },
{ "type": "Feature", "properties": { "P29_001": "11203", "P29_002": "B111220300423", "P29_003": "16001", "P29_004": "川口市立戸塚東小学校", "P29_005": "埼玉県川口市戸塚東2-18-20", "P29_006": "3", "P29_007": "1", "P29_008": "00", "P29_009": null }, "geometry": { "type": "Point", "coordinates": [ 139.755177000126594, 35.870906999240006 ] } },
{ "type": "Feature", "properties": { "P29_001": "11203", "P29_002": "B111220300432", "P29_003": "16001", "P29_004": "川口市立戸塚北小学校", "P29_005": "埼玉県川口市東川口3-12-1", "P29_006": "3", "P29_007": "1", "P29_008": "00", "P29_009": null }, "geometry": { "type": "Point", "coordinates": [ 139.746478010858823, 35.87985515045748 ] } },
{ "type": "Feature", "properties": { "P29_001": "11203", "P29_002": "B111220300441", "P29_003": "16001", "P29_004": "川口市立木曽呂小学校", "P29_005": "埼玉県川口市大字木曽呂382-2", "P29_006": "3", "P29_007": "1", "P29_008": "00", "P29_009": null }, "geometry": { "type": "Point", "coordinates": [ 139.724870472688877, 35.859951049577028 ] } },
{ "type": "Feature", "properties": { "P29_001": "11203", "P29_002": "B111220300450", "P29_003": "16001", "P29_004": "川口市立戸塚綾瀬小学校", "P29_005": "埼玉県川口市大字藤兵衛新田239-1", "P29_006": "3", "P29_007": "1", "P29_008": "00", "P29_009": null }, "geometry": { "type": "Point", "coordinates": [ 139.765149022999566, 35.86878341330349 ] } },
{ "type": "Feature", "properties": { "P29_001": "11203", "P29_002": "B111220300469", "P29_003": "16001", "P29_004": "川口市立戸塚南小学校", "P29_005": "埼玉県川口市戸塚南4-10-1", "P29_006": "3", "P29_007": "1", "P29_008": "00", "P29_009": null }, "geometry": { "type": "Point", "coordinates": [ 139.744745002077593, 35.864559997950465 ] } },
{ "type": "Feature", "properties": { "P29_001": "11203", "P29_002": "B111220300478", "P29_003": "16001", "P29_004": "川口市立鳩ヶ谷小学校", "P29_005": "埼玉県川口市鳩ヶ谷本町1-6-3", "P29_006": "3", "P29_007": "1", "P29_008": "00", "P29_009": null }, "geometry": { "type": "Point", "coordinates": [ 139.737903000008117, 35.833177002077221 ] } },
{ "type": "Feature", "properties": { "P29_001": "11203", "P29_002": "B111220300487", "P29_003": "16001", "P29_004": "川口市立中居小学校", "P29_005": "埼玉県川口市南鳩ヶ谷2-1-1", "P29_006": "3", "P29_007": "1", "P29_008": "00", "P29_009": null }, "geometry": { "type": "Point", "coordinates": [ 139.742695810943445, 35.81752426710279 ] } },
{ "type": "Feature", "properties": { "P29_001": "11203", "P29_002": "B111220300496", "P29_003": "16001", "P29_004": "川口市立辻小学校", "P29_005": "埼玉県川口市南鳩ヶ谷7-22-1", "P29_006": "3", "P29_007": "1", "P29_008": "00", "P29_009": null }, "geometry": { "type": "Point", "coordinates": [ 139.733171271264183, 35.821456757571767 ] } },
{ "type": "Feature", "properties": { "P29_001": "11203", "P29_002": "B111220300502", "P29_003": "16001", "P29_004": "川口市立里小学校", "P29_005": "埼玉県川口市里645-1", "P29_006": "3", "P29_007": "1", "P29_008": "00", "P29_009": null }, "geometry": { "type": "Point", "coordinates": [ 139.732966859846613, 35.836443186488729 ] } },
{ "type": "Feature", "properties": { "P29_001": "11203", "P29_002": "B111220300511", "P29_003": "16001", "P29_004": "川口市立桜町小学校", "P29_005": "埼玉県川口市桜町2-12-10", "P29_006": "3", "P29_007": "1", "P29_008": "00", "P29_009": null }, "geometry": { "type": "Point", "coordinates": [ 139.738262211519327, 35.841313970505425 ] } },
{ "type": "Feature", "properties": { "P29_001": "11203", "P29_002": "B111220300520", "P29_003": "16001", "P29_004": "川口市立南鳩ヶ谷小学校", "P29_005": "埼玉県川口市南鳩ヶ谷5-20-1", "P29_006": "3", "P29_007": "1", "P29_008": "00", "P29_009": null }, "geometry": { "type": "Point", "coordinates": [ 139.732838319074517, 35.814711432081914 ] } },
{ "type": "Feature", "properties": { "P29_001": "11206", "P29_002": "B111220600019", "P29_003": "16001", "P29_004": "行田市立東小学校", "P29_005": "埼玉県行田市長野2-26-8", "P29_006": "3", "P29_007": "1", "P29_008": "00", "P29_009": null }, "geometry": { "type": "Point", "coordinates": [ 139.472666001899881, 36.137949000775592 ] } },
{ "type": "Feature", "properties": { "P29_001": "11206", "P29_002": "B111220600028", "P29_003": "16001", "P29_004": "行田市立西小学校", "P29_005": "埼玉県行田市持田3-5-9", "P29_006": "3", "P29_007": "1", "P29_008": "00", "P29_009": null }, "geometry": { "type": "Point", "coordinates": [ 139.442147784980875, 36.129693480232703 ] } },
{ "type": "Feature", "properties": { "P29_001": "11206", "P29_002": "B111220600046", "P29_003": "16001", "P29_004": "行田市立南小学校", "P29_005": "埼玉県行田市佐間1-25-4", "P29_006": "3", "P29_007": "1", "P29_008": "00", "P29_009": null }, "geometry": { "type": "Point", "coordinates": [ 139.460168001802003, 36.130950000501159 ] } },
{ "type": "Feature", "properties": { "P29_001": "11206", "P29_002": "B111220600055", "P29_003": "16001", "P29_004": "行田市立北小学校", "P29_005": "埼玉県行田市大字和田94-1", "P29_006": "3", "P29_007": "1", "P29_008": "00", "P29_009": null }, "geometry": { "type": "Point", "coordinates": [ 139.462166004464279, 36.161251996565134 ] } },
{ "type": "Feature", "properties": { "P29_001": "11206", "P29_002": "B111220600091", "P29_003": "16001", "P29_004": "行田市立埼玉小学校", "P29_005": "埼玉県行田市埼玉4610-2", "P29_006": "3", "P29_007": "1", "P29_008": "00", "P29_009": null }, "geometry": { "type": "Point", "coordinates": [ 139.489691178172961, 36.116648431001515 ] } },
{ "type": "Feature", "properties": { "P29_001": "11206", "P29_002": "B111220600135", "P29_003": "16001", "P29_004": "行田市立下忍小学校", "P29_005": "埼玉県行田市大字下忍2451", "P29_006": "3", "P29_007": "1", "P29_008": "00", "P29_009": null }, "geometry": { "type": "Point", "coordinates": [ 139.468238704261296, 36.118158429204328 ] } },
{ "type": "Feature", "properties": { "P29_001": "11206", "P29_002": "B111220600144", "P29_003": "16001", "P29_004": "行田市立泉小学校", "P29_005": "埼玉県行田市持田70", "P29_006": "3", "P29_007": "1", "P29_008": "00", "P29_009": null }, "geometry": { "type": "Point", "coordinates": [ 139.446280311707341, 36.121312878748533 ] } },
{ "type": "Feature", "properties": { "P29_001": "11206", "P29_002": "B111220600153", "P29_003": "16001", "P29_004": "行田市立桜ヶ丘小学校", "P29_005": "埼玉県行田市長野1880", "P29_006": "3", "P29_007": "1", "P29_008": "00", "P29_009": null }, "geometry": { "type": "Point", "coordinates": [ 139.470548652997167, 36.152209414578486 ] } },
{ "type": "Feature", "properties": { "P29_001": "11206", "P29_002": "B111220600162", "P29_003": "16001", "P29_004": "行田市立南河原小学校", "P29_005": "埼玉県行田市大字南河原782", "P29_006": "3", "P29_007": "1", "P29_008": "00", "P29_009": null }, "geometry": { "type": "Point", "coordinates": [ 139.436360996800801, 36.180832002195707 ] } },
{ "type": "Feature", "properties": { "P29_001": "11206", "P29_002": "B111220600171", "P29_003": "16001", "P29_004": "行田市立忍小学校", "P29_005": "埼玉県行田市本丸7-20", "P29_006": "3", "P29_007": "1", "P29_008": "00", "P29_009": null }, "geometry": { "type": "Point", "coordinates": [ 139.455328031609724, 36.136195785996698 ] } },
{ "type": "Feature", "properties": { "P29_001": "11206", "P29_002": "B111220600180", "P29_003": "16001", "P29_004": "行田市立見沼小学校", "P29_005": "埼玉県行田市荒木1606", "P29_006": "3", "P29_007": "1", "P29_008": "00", "P29_009": null }, "geometry": { "type": "Point", "coordinates": [ 139.484301478927392, 36.162361035591388 ] } },
{ "type": "Feature", "properties": { "P29_001": "11206", "P29_002": "B111220600199", "P29_003": "16001", "P29_004": "行田市立太田小学校", "P29_005": "埼玉県行田市小針3521", "P29_006": "3", "P29_007": "1", "P29_008": "00", "P29_009": null }, "geometry": { "type": "Point", "coordinates": [ 139.499444559994288, 36.144844873574918 ] } },
{ "type": "Feature", "properties": { "P29_001": "11207", "P29_002": "B111220700018", "P29_003": "16001", "P29_004": "秩父市立秩父第一小学校", "P29_005": "埼玉県秩父市上宮地36-11", "P29_006": "3", "P29_007": "1", "P29_008": "00", "P29_009": null }, "geometry": { "type": "Point", "coordinates": [ 139.09267799855678, 36.002598001083413 ] } },
{ "type": "Feature", "properties": { "P29_001": "11207", "P29_002": "B111220700027", "P29_003": "16001", "P29_004": "秩父市立花の木小学校", "P29_005": "埼玉県秩父市上町2-21-37", "P29_006": "3", "P29_007": "1", "P29_008": "00", "P29_009": null }, "geometry": { "type": "Point", "coordinates": [ 139.075755118879243, 35.990813854737603 ] } },
{ "type": "Feature", "properties": { "P29_001": "11207", "P29_002": "B111220700036", "P29_003": "16001", "P29_004": "秩父市立西小学校", "P29_005": "埼玉県秩父市金室町9-46", "P29_006": "3", "P29_007": "1", "P29_008": "00", "P29_009": null }, "geometry": { "type": "Point", "coordinates": [ 139.081873997548371, 36.006819003241105 ] } },
{ "type": "Feature", "properties": { "P29_001": "11207", "P29_002": "B111220700045", "P29_003": "16001", "P29_004": "秩父市立南小学校", "P29_005": "埼玉県秩父市野坂町2-14-29", "P29_006": "3", "P29_007": "1", "P29_008": "00", "P29_009": null }, "geometry": { "type": "Point", "coordinates": [ 139.084100547666225, 35.985960537370119 ] } },
{ "type": "Feature", "properties": { "P29_001": "11207", "P29_002": "B111220700054", "P29_003": "16001", "P29_004": "秩父市立尾田蒔小学校", "P29_005": "埼玉県秩父市寺尾2375", "P29_006": "3", "P29_007": "1", "P29_008": "00", "P29_009": null }, "geometry": { "type": "Point", "coordinates": [ 139.079312291478971, 36.017979679051287 ] } },
{ "type": "Feature", "properties": { "P29_001": "11207", "P29_002": "B111220700063", "P29_003": "16001", "P29_004": "秩父市立原谷小学校", "P29_005": "埼玉県秩父市大野原2991", "P29_006": "3", "P29_007": "1", "P29_008": "00", "P29_009": null }, "geometry": { "type": "Point", "coordinates": [ 139.100749373956859, 36.032450897524903 ] } },
{ "type": "Feature", "properties": { "P29_001": "11207", "P29_002": "B111220700072", "P29_003": "16001", "P29_004": "秩父市立久那小学校", "P29_005": "埼玉県秩父市久那2183-1", "P29_006": "3", "P29_007": "1", "P29_008": "00", "P29_009": null }, "geometry": { "type": "Point", "coordinates": [ 139.052377996109954, 35.972517995478675 ] } },
{ "type": "Feature", "properties": { "P29_001": "11207", "P29_002": "B111220700081", "P29_003": "16001", "P29_004": "秩父市立高篠小学校", "P29_005": "埼玉県秩父市山田2619", "P29_006": "3", "P29_007": "1", "P29_008": "00", "P29_009": null }, "geometry": { "type": "Point", "coordinates": [ 139.114304082044242, 36.021423968468092 ] } },
{ "type": "Feature", "properties": { "P29_001": "11207", "P29_002": "B111220700090", "P29_003": "16001", "P29_004": "秩父市立大田小学校", "P29_005": "埼玉県秩父市太田1661", "P29_006": "3", "P29_007": "1", "P29_008": "00", "P29_009": null }, "geometry": { "type": "Point", "coordinates": [ 139.066089038054457, 36.053417035825582 ] } },
{ "type": "Feature", "properties": { "P29_001": "11207", "P29_002": "B111220700107", "P29_003": "16001", "P29_004": "秩父市立影森小学校", "P29_005": "埼玉県秩父市下影森1104", "P29_006": "3", "P29_007": "1", "P29_008": "00", "P29_009": null }, "geometry": { "type": "Point", "coordinates": [ 139.06834022785651, 35.973598706740532 ] } },
{ "type": "Feature", "properties": { "P29_001": "11207", "P29_002": "B111220700116", "P29_003": "16001", "P29_004": "秩父市立吉田小学校", "P29_005": "埼玉県秩父市下吉田3833", "P29_006": "3", "P29_007": "1", "P29_008": "00", "P29_009": null }, "geometry": { "type": "Point", "coordinates": [ 139.034865486264039, 36.04187197081702 ] } },
{ "type": "Feature", "properties": { "P29_001": "11207", "P29_002": "B111220700125", "P29_003": "16001", "P29_004": "秩父市立荒川東小学校", "P29_005": "埼玉県秩父市荒川上田野1755", "P29_006": "3", "P29_007": "1", "P29_008": "00", "P29_009": null }, "geometry": { "type": "Point", "coordinates": [ 139.031075245097497, 35.957835527437744 ] } },
{ "type": "Feature", "properties": { "P29_001": "11207", "P29_002": "B111220700134", "P29_003": "16001", "P29_004": "秩父市立荒川西小学校", "P29_005": "埼玉県秩父市荒川贄川840", "P29_006": "3", "P29_007": "1", "P29_008": "00", "P29_009": null }, "geometry": { "type": "Point", "coordinates": [ 138.977837000115954, 35.966552999348146 ] } },
{ "type": "Feature", "properties": { "P29_001": "11208", "P29_002": "B111220800017", "P29_003": "16001", "P29_004": "所沢市立所沢小学校", "P29_005": "埼玉県所沢市元町7-37", "P29_006": "3", "P29_007": "1", "P29_008": "00", "P29_009": null }, "geometry": { "type": "Point", "coordinates": [ 139.465671591873246, 35.788236436700878 ] } },
{ "type": "Feature", "properties": { "P29_001": "11208", "P29_002": "B111220800026", "P29_003": "16001", "P29_004": "所沢市立南小学校", "P29_005": "埼玉県所沢市南住吉18-29", "P29_006": "3", "P29_007": "1", "P29_008": "00", "P29_009": null }, "geometry": { "type": "Point", "coordinates": [ 139.467426997387719, 35.783050996752188 ] } },
{ "type": "Feature", "properties": { "P29_001": "11208", "P29_002": "B111220800035", "P29_003": "16001", "P29_004": "所沢市立北小学校", "P29_005": "埼玉県所沢市緑町1-10-33", "P29_006": "3", "P29_007": "1", "P29_008": "00", "P29_009": null }, "geometry": { "type": "Point", "coordinates": [ 139.450491934219315, 35.8050499888964 ] } },
{ "type": "Feature", "properties": { "P29_001": "11208", "P29_002": "B111220800044", "P29_003": "16001", "P29_004": "所沢市立明峰小学校", "P29_005": "埼玉県所沢市北有楽町26-20", "P29_006": "3", "P29_007": "1", "P29_008": "00", "P29_009": null }, "geometry": { "type": "Point", "coordinates": [ 139.464445750681449, 35.796901492040796 ] } },
{ "type": "Feature", "properties": { "P29_001": "11208", "P29_002": "B111220800053", "P29_003": "16001", "P29_004": "所沢市立松井小学校", "P29_005": "埼玉県所沢市大字上安松895", "P29_006": "3", "P29_007": "1", "P29_008": "00", "P29_009": null }, "geometry": { "type": "Point", "coordinates": [ 139.489480996807686, 35.789356997172206 ] } },
{ "type": "Feature", "properties": { "P29_001": "11208", "P29_002": "B111220800062", "P29_003": "16001", "P29_004": "所沢市立柳瀬小学校", "P29_005": "埼玉県所沢市坂之下964", "P29_006": "3", "P29_007": "1", "P29_008": "00", "P29_009": null }, "geometry": { "type": "Point", "coordinates": [ 139.522129006853589, 35.805995432376754 ] } },
{ "type": "Feature", "properties": { "P29_001": "11208", "P29_002": "B111220800071", "P29_003": "16001", "P29_004": "所沢市立富岡小学校", "P29_005": "埼玉県所沢市下富647-5", "P29_006": "3", "P29_007": "1", "P29_008": "00", "P29_009": null }, "geometry": { "type": "Point", "coordinates": [ 139.466953000845393, 35.829184001103108 ] } },
{ "type": "Feature", "properties": { "P29_001": "11208", "P29_002": "B111220800080", "P29_003": "16001", "P29_004": "所沢市立西富小学校", "P29_005": "埼玉県所沢市岩岡町676-1", "P29_006": "3", "P29_007": "1", "P29_008": "00", "P29_009": null }, "geometry": { "type": "Point", "coordinates": [ 139.443649998727068, 35.816824001121681 ] } },
{ "type": "Feature", "properties": { "P29_001": "11208", "P29_002": "B111220800099", "P29_003": "16001", "P29_004": "所沢市立中富小学校", "P29_005": "埼玉県所沢市中富1004-1", "P29_006": "3", "P29_007": "1", "P29_008": "00", "P29_009": null }, "geometry": { "type": "Point", "coordinates": [ 139.487201999533113, 35.820657997536351 ] } },
{ "type": "Feature", "properties": { "P29_001": "11208", "P29_002": "B111220800106", "P29_003": "16001", "P29_004": "所沢市立小手指小学校", "P29_005": "埼玉県所沢市小手指元町2-29-2", "P29_006": "3", "P29_007": "1", "P29_008": "00", "P29_009": null }, "geometry": { "type": "Point", "coordinates": [ 139.435451331586705, 35.791321674107941 ] } },
{ "type": "Feature", "properties": { "P29_001": "11208", "P29_002": "B111220800115", "P29_003": "16001", "P29_004": "所沢市立山口小学校", "P29_005": "埼玉県所沢市山口1550", "P29_006": "3", "P29_007": "1", "P29_008": "00", "P29_009": null }, "geometry": { "type": "Point", "coordinates": [ 139.433680000172956, 35.77980100301491 ] } },
{ "type": "Feature", "properties": { "P29_001": "11208", "P29_002": "B111220800124", "P29_003": "16001", "P29_004": "所沢市立三ケ島小学校", "P29_005": "埼玉県所沢市三ヶ島5-791-4", "P29_006": "3", "P29_007": "1", "P29_008": "00", "P29_009": null }, "geometry": { "type": "Point", "coordinates": [ 139.404541228041467, 35.793588343763233 ] } },
{ "type": "Feature", "properties": { "P29_001": "11208", "P29_002": "B111220800133", "P29_003": "16001", "P29_004": "所沢市立清進小学校", "P29_005": "埼玉県所沢市けやき台1-38-1", "P29_006": "3", "P29_007": "1", "P29_008": "00", "P29_009": null }, "geometry": { "type": "Point", "coordinates": [ 139.45331599997732, 35.800659997360036 ] } },
{ "type": "Feature", "properties": { "P29_001": "11208", "P29_002": "B111220800142", "P29_003": "16001", "P29_004": "所沢市立若松小学校", "P29_005": "埼玉県所沢市下新井1231-2", "P29_006": "3", "P29_007": "1", "P29_008": "00", "P29_009": null }, "geometry": { "type": "Point", "coordinates": [ 139.489063996087395, 35.799465999678183 ] } },
{ "type": "Feature", "properties": { "P29_001": "11208", "P29_002": "B111220800151", "P29_003": "16001", "P29_004": "所沢市立伸栄小学校", "P29_005": "埼玉県所沢市中新井1-93-1", "P29_006": "3", "P29_007": "1", "P29_008": "00", "P29_009": null }, "geometry": { "type": "Point", "coordinates": [ 139.464314998075821, 35.816629997775777 ] } },
{ "type": "Feature", "properties": { "P29_001": "11208", "P29_002": "B111220800160", "P29_003": "16001", "P29_004": "所沢市立若狭小学校", "P29_005": "埼玉県所沢市若狭1-2946", "P29_006": "3", "P29_007": "1", "P29_008": "00", "P29_009": null }, "geometry": { "type": "Point", "coordinates": [ 139.420096996927327, 35.808157995505553 ] } },
{ "type": "Feature", "properties": { "P29_001": "11208", "P29_002": "B111220800179", "P29_003": "16001", "P29_004": "所沢市立泉小学校", "P29_005": "埼玉県所沢市山口657", "P29_006": "3", "P29_007": "1", "P29_008": "00", "P29_009": null }, "geometry": { "type": "Point", "coordinates": [ 139.448158725330075, 35.783312324415675 ] } },
{ "type": "Feature", "properties": { "P29_001": "11208", "P29_002": "B111220800188", "P29_003": "16001", "P29_004": "所沢市立安松小学校", "P29_005": "埼玉県所沢市大字下安松755-1", "P29_006": "3", "P29_007": "1", "P29_008": "00", "P29_009": null }, "geometry": { "type": "Point", "coordinates": [ 139.503201994533015, 35.787328995325907 ] } },
{ "type": "Feature", "properties": { "P29_001": "11208", "P29_002": "B111220800197", "P29_003": "16001", "P29_004": "所沢市立美原小学校", "P29_005": "埼玉県所沢市並木5-1", "P29_006": "3", "P29_007": "1", "P29_008": "00", "P29_009": null }, "geometry": { "type": "Point", "coordinates": [ 139.462163287727464, 35.809206761610042 ] } },
{ "type": "Feature", "properties": { "P29_001": "11208", "P29_002": "B111220800204", "P29_003": "16001", "P29_004": "所沢市立北秋津小学校", "P29_005": "埼玉県所沢市北秋津623", "P29_006": "3", "P29_007": "1", "P29_008": "00", "P29_009": null }, "geometry": { "type": "Point", "coordinates": [ 139.479981000421162, 35.783495996133986 ] } },
{ "type": "Feature", "properties": { "P29_001": "11208", "P29_002": "B111220800213", "P29_003": "16001", "P29_004": "所沢市立上新井小学校", "P29_005": "埼玉県所沢市上新井5-36-7", "P29_006": "3", "P29_007": "1", "P29_008": "00", "P29_009": null }, "geometry": { "type": "Point", "coordinates": [ 139.450043331491514, 35.796976194688888 ] } },
{ "type": "Feature", "properties": { "P29_001": "11208", "P29_002": "B111220800222", "P29_003": "16001", "P29_004": "所沢市立林小学校", "P29_005": "埼玉県所沢市和ヶ原3-95-8", "P29_006": "3", "P29_007": "1", "P29_008": "00", "P29_009": null }, "geometry": { "type": "Point", "coordinates": [ 139.40245999977904, 35.803602998402084 ] } },
{ "type": "Feature", "properties": { "P29_001": "11208", "P29_002": "B111220800231", "P29_003": "16001", "P29_004": "所沢市立宮前小学校", "P29_005": "埼玉県所沢市東狭山ヶ丘6-2777-1", "P29_006": "3", "P29_007": "1", "P29_008": "00", "P29_009": null }, "geometry": { "type": "Point", "coordinates": [ 139.42640269056659, 35.817671224217769 ] } },
{ "type": "Feature", "properties": { "P29_001": "11208", "P29_002": "B111220800240", "P29_003": "16001", "P29_004": "所沢市立牛沼小学校", "P29_005": "埼玉県所沢市牛沼21", "P29_006": "3", "P29_007": "1", "P29_008": "00", "P29_009": null }, "geometry": { "type": "Point", "coordinates": [ 139.492288971170439, 35.79481896556937 ] } },
{ "type": "Feature", "properties": { "P29_001": "11208", "P29_002": "B111220800259", "P29_003": "16001", "P29_004": "所沢市立並木小学校", "P29_005": "埼玉県所沢市並木6-2", "P29_006": "3", "P29_007": "1", "P29_008": "00", "P29_009": null }, "geometry": { "type": "Point", "coordinates": [ 139.47438530937842, 35.801726640512413 ] } },
{ "type": "Feature", "properties": { "P29_001": "11208", "P29_002": "B111220800268", "P29_003": "16001", "P29_004": "所沢市立北野小学校", "P29_005": "埼玉県所沢市北野2-4-1", "P29_006": "3", "P29_007": "1", "P29_008": "00", "P29_009": null }, "geometry": { "type": "Point", "coordinates": [ 139.425270351121924, 35.796382883955516 ] } },
{ "type": "Feature", "properties": { "P29_001": "11208", "P29_002": "B111220800277", "P29_003": "16001", "P29_004": "所沢市立荒幡小学校", "P29_005": "埼玉県所沢市荒幡615", "P29_006": "3", "P29_007": "1", "P29_008": "00", "P29_009": null }, "geometry": { "type": "Point", "coordinates": [ 139.448456001783711, 35.776245996188671 ] } },
{ "type": "Feature", "properties": { "P29_001": "11208", "P29_002": "B111220800286", "P29_003": "16001", "P29_004": "所沢市立椿峰小学校", "P29_005": "埼玉県所沢市小手指南5-20-1", "P29_006": "3", "P29_007": "1", "P29_008": "00", "P29_009": null }, "geometry": { "type": "Point", "coordinates": [ 139.43116021626804, 35.783941248887068 ] } },
{ "type": "Feature", "properties": { "P29_001": "11208", "P29_002": "B111220800295", "P29_003": "16001", "P29_004": "所沢市立北中小学校", "P29_005": "埼玉県所沢市北中1-250", "P29_006": "3", "P29_007": "1", "P29_008": "00", "P29_009": null }, "geometry": { "type": "Point", "coordinates": [ 139.429013001452688, 35.806103003845692 ] } },
{ "type": "Feature", "properties": { "P29_001": "11208", "P29_002": "B111220800302", "P29_003": "16001", "P29_004": "所沢市立東所沢小学校", "P29_005": "埼玉県所沢市東所沢2-26-1", "P29_006": "3", "P29_007": "1", "P29_008": "00", "P29_009": null }, "geometry": { "type": "Point", "coordinates": [ 139.513867002301652, 35.79968899811297 ] } },
{ "type": "Feature", "properties": { "P29_001": "11208", "P29_002": "B111220800311", "P29_003": "16001", "P29_004": "所沢市立和田小学校", "P29_005": "埼玉県所沢市東所沢和田1-39", "P29_006": "3", "P29_007": "1", "P29_008": "00", "P29_009": null }, "geometry": { "type": "Point", "coordinates": [ 139.508368004602772, 35.791273002484388 ] } },
{ "type": "Feature", "properties": { "P29_001": "11208", "P29_002": "B111220800320", "P29_003": "16001", "P29_004": "所沢市立中央小学校", "P29_005": "埼玉県所沢市並木8-4", "P29_006": "3", "P29_007": "1", "P29_008": "00", "P29_009": null }, "geometry": { "type": "Point", "coordinates": [ 139.475247958581633, 35.812001694449769 ] } },
{ "type": "Feature", "properties": { "P29_001": "11209", "P29_002": "B111220900016", "P29_003": "16001", "P29_004": "飯能市立飯能第一小学校", "P29_005": "埼玉県飯能市山手町13-8", "P29_006": "3", "P29_007": "1", "P29_008": "00", "P29_009": null }, "geometry": { "type": "Point", "coordinates": [ 139.314855902695854, 35.858720697171684 ] } },
{ "type": "Feature", "properties": { "P29_001": "11209", "P29_002": "B111220900025", "P29_003": "16001", "P29_004": "飯能市立飯能第二小学校", "P29_005": "埼玉県飯能市小瀬戸548-1", "P29_006": "3", "P29_007": "1", "P29_008": "00", "P29_009": null }, "geometry": { "type": "Point", "coordinates": [ 139.272948785088971, 35.866855372232841 ] } },
{ "type": "Feature", "properties": { "P29_001": "11209", "P29_002": "B111220900034", "P29_003": "16001", "P29_004": "飯能市立南高麗小学校", "P29_005": "埼玉県飯能市下直竹38", "P29_006": "3", "P29_007": "1", "P29_008": "00", "P29_009": null }, "geometry": { "type": "Point", "coordinates": [ 139.277920855877426, 35.840610972844829 ] } },
{ "type": "Feature", "properties": { "P29_001": "11209", "P29_002": "B111220900043", "P29_003": "16001", "P29_004": "飯能市立加治小学校", "P29_005": "埼玉県飯能市川寺500", "P29_006": "3", "P29_007": "1", "P29_008": "00", "P29_009": null }, "geometry": { "type": "Point", "coordinates": [ 139.326019996528288, 35.842623996558736 ] } },
{ "type": "Feature", "properties": { "P29_001": "11209", "P29_002": "B111220900052", "P29_003": "16001", "P29_004": "飯能市立精明小学校", "P29_005": "埼玉県飯能市大字小久保54-2", "P29_006": "3", "P29_007": "1", "P29_008": "00", "P29_009": null }, "geometry": { "type": "Point", "coordinates": [ 139.342762423693216, 35.865961882700432 ] } },
{ "type": "Feature", "properties": { "P29_001": "11209", "P29_002": "B111220900061", "P29_003": "16001", "P29_004": "飯能市立原市場小学校", "P29_005": "埼玉県飯能市下赤工442-2", "P29_006": "3", "P29_007": "1", "P29_008": "00", "P29_009": null }, "geometry": { "type": "Point", "coordinates": [ 139.247556995014207, 35.86834299976492 ] } },
{ "type": "Feature", "properties": { "P29_001": "11209", "P29_002": "B111220900070", "P29_003": "16001", "P29_004": "飯能市立富士見小学校", "P29_005": "埼玉県飯能市双柳1-1", "P29_006": "3", "P29_007": "1", "P29_008": "00", "P29_009": null }, "geometry": { "type": "Point", "coordinates": [ 139.327122319023346, 35.856746406889464 ] } },
{ "type": "Feature", "properties": { "P29_001": "11209", "P29_002": "B111220900089", "P29_003": "16001", "P29_004": "飯能市立加治東小学校", "P29_005": "埼玉県飯能市岩沢1243", "P29_006": "3", "P29_007": "1", "P29_008": "00", "P29_009": null }, "geometry": { "type": "Point", "coordinates": [ 139.338213998614862, 35.836486003370055 ] } },
{ "type": "Feature", "properties": { "P29_001": "11209", "P29_002": "B111220900098", "P29_003": "16001", "P29_004": "飯能市立双柳小学校", "P29_005": "埼玉県飯能市双柳1194", "P29_006": "3", "P29_007": "1", "P29_008": "00", "P29_009": null }, "geometry": { "type": "Point", "coordinates": [ 139.339334976646995, 35.853761447151513 ] } },
{ "type": "Feature", "properties": { "P29_001": "11209", "P29_002": "B111220900105", "P29_003": "16001", "P29_004": "飯能市立美杉台小学校", "P29_005": "埼玉県飯能市美杉台1-29", "P29_006": "3", "P29_007": "1", "P29_008": "00", "P29_009": null }, "geometry": { "type": "Point", "coordinates": [ 139.310605004666712, 35.84423400133236 ] } },
{ "type": "Feature", "properties": { "P29_001": "11209", "P29_002": "B111220900114", "P29_003": "16001", "P29_004": "飯能市立奥武蔵小学校", "P29_005": "埼玉県飯能市長沢26-2", "P29_006": "3", "P29_007": "1", "P29_008": "00", "P29_009": null }, "geometry": { "type": "Point", "coordinates": [ 139.230626996177278, 35.912237997371072 ] } },
{ "type": "Feature", "properties": { "P29_001": "11209", "P29_002": "B111220900123", "P29_003": "16001", "P29_004": "飯能市立名栗小学校", "P29_005": "埼玉県飯能市大字上名栗2944", "P29_006": "3", "P29_007": "1", "P29_008": "00", "P29_009": null }, "geometry": { "type": "Point", "coordinates": [ 139.179618998458295, 35.886285998687967 ] } },
{ "type": "Feature", "properties": { "P29_001": "11210", "P29_002": "B111221000013", "P29_003": "16001", "P29_004": "加須市立加須小学校", "P29_005": "埼玉県加須市本町4-25", "P29_006": "3", "P29_007": "1", "P29_008": "00", "P29_009": null }, "geometry": { "type": "Point", "coordinates": [ 139.604179998805165, 36.12437200206746 ] } },
{ "type": "Feature", "properties": { "P29_001": "11210", "P29_002": "B111221000022", "P29_003": "16001", "P29_004": "加須市立不動岡小学校", "P29_005": "埼玉県加須市不動岡798", "P29_006": "3", "P29_007": "1", "P29_008": "00", "P29_009": null }, "geometry": { "type": "Point", "coordinates": [ 139.58704933253938, 36.137723902527405 ] } },
{ "type": "Feature", "properties": { "P29_001": "11210", "P29_002": "B111221000031", "P29_003": "16001", "P29_004": "加須市立三俣小学校", "P29_005": "埼玉県加須市北小浜850", "P29_006": "3", "P29_007": "1", "P29_008": "00", "P29_009": null }, "geometry": { "type": "Point", "coordinates": [ 139.614096005550977, 36.132814998624085 ] } },
{ "type": "Feature", "properties": { "P29_001": "11210", "P29_002": "B111221000040", "P29_003": "16001", "P29_004": "加須市立礼羽小学校", "P29_005": "埼玉県加須市礼羽560", "P29_006": "3", "P29_007": "1", "P29_008": "00", "P29_009": null }, "geometry": { "type": "Point", "coordinates": [ 139.583045884473137, 36.129811311403977 ] } },
{ "type": "Feature", "properties": { "P29_001": "11210", "P29_002": "B111221000059", "P29_003": "16001", "P29_004": "加須市立大桑小学校", "P29_005": "埼玉県加須市南大桑3388-1", "P29_006": "3", "P29_007": "1", "P29_008": "00", "P29_009": null }, "geometry": { "type": "Point", "coordinates": [ 139.641253648158909, 36.116979718187793 ] } },
{ "type": "Feature", "properties": { "P29_001": "11210", "P29_002": "B111221000068", "P29_003": "16001", "P29_004": "加須市立水深小学校", "P29_005": "埼玉県加須市大室165", "P29_006": "3", "P29_007": "1", "P29_008": "00", "P29_009": null }, "geometry": { "type": "Point", "coordinates": [ 139.619799227370464, 36.10062480394609 ] } },
{ "type": "Feature", "properties": { "P29_001": "11210", "P29_002": "B111221000077", "P29_003": "16001", "P29_004": "加須市立樋遣川小学校", "P29_005": "埼玉県加須市下樋遣川427", "P29_006": "3", "P29_007": "1", "P29_008": "00", "P29_009": null }, "geometry": { "type": "Point", "coordinates": [ 139.618899448715069, 36.15491545087302 ] } },
{ "type": "Feature", "properties": { "P29_001": "11210", "P29_002": "B111221000086", "P29_003": "16001", "P29_004": "加須市立志多見小学校", "P29_005": "埼玉県加須市志多見633", "P29_006": "3", "P29_007": "1", "P29_008": "00", "P29_009": null }, "geometry": { "type": "Point", "coordinates": [ 139.549164264905897, 36.132285435839528 ] } },
{ "type": "Feature", "properties": { "P29_001": "11210", "P29_002": "B111221000095", "P29_003": "16001", "P29_004": "加須市立大越小学校", "P29_005": "埼玉県加須市大越2115", "P29_006": "3", "P29_007": "1", "P29_008": "00", "P29_009": null }, "geometry": { "type": "Point", "coordinates": [ 139.621535262332173, 36.180010316748302 ] } },
{ "type": "Feature", "properties": { "P29_001": "11210", "P29_002": "B111221000102", "P29_003": "16001", "P29_004": "加須市立花崎北小学校", "P29_005": "埼玉県加須市花崎北3-1", "P29_006": "3", "P29_007": "1", "P29_008": "00", "P29_009": null }, "geometry": { "type": "Point", "coordinates": [ 139.629732951875411, 36.114172995161752 ] } },
{ "type": "Feature", "properties": { "P29_001": "11210", "P29_002": "B111221000111", "P29_003": "16001", "P29_004": "加須市立加須南小学校", "P29_005": "埼玉県加須市下高柳1991", "P29_006": "3", "P29_007": "1", "P29_008": "00", "P29_009": null }, "geometry": { "type": "Point", "coordinates": [ 139.602762536996863, 36.115426763346107 ] } },
{ "type": "Feature", "properties": { "P29_001": "11210", "P29_002": "B111221000120", "P29_003": "16001", "P29_004": "加須市立騎西小学校", "P29_005": "埼玉県加須市騎西52-3", "P29_006": "3", "P29_007": "1", "P29_008": "00", "P29_009": null }, "geometry": { "type": "Point", "coordinates": [ 139.571822997223705, 36.103401002117693 ] } },
{ "type": "Feature", "properties": { "P29_001": "11210", "P29_002": "B111221000139", "P29_003": "16001", "P29_004": "加須市立田ケ谷小学校", "P29_005": "埼玉県加須市内田ケ谷447-3", "P29_006": "3", "P29_007": "1", "P29_008": "00", "P29_009": null }, "geometry": { "type": "Point", "coordinates": [ 139.551574998599705, 36.115788003101734 ] } },
{ "type": "Feature", "properties": { "P29_001": "11210", "P29_002": "B111221000148", "P29_003": "16001", "P29_004": "加須市立種足小学校", "P29_005": "埼玉県加須市中種足123", "P29_006": "3", "P29_007": "1", "P29_008": "00", "P29_009": null }, "geometry": { "type": "Point", "coordinates": [ 139.567795999099843, 36.084875997103694 ] } },
{ "type": "Feature", "properties": { "P29_001": "11210", "P29_002": "B111221000157", "P29_003": "16001", "P29_004": "加須市立鴻茎小学校", "P29_005": "埼玉県加須市鴻茎1596-2", "P29_006": "3", "P29_007": "1", "P29_008": "00", "P29_009": null }, "geometry": { "type": "Point", "coordinates": [ 139.594071004045674, 36.087043000378003 ] } },
{ "type": "Feature", "properties": { "P29_001": "11210", "P29_002": "B111221000166", "P29_003": "16001", "P29_004": "加須市立高柳小学校", "P29_005": "埼玉県加須市上高柳889", "P29_006": "3", "P29_007": "1", "P29_008": "00", "P29_009": null }, "geometry": { "type": "Point", "coordinates": [ 139.583544004380855, 36.114371997257187 ] } },
{ "type": "Feature", "properties": { "P29_001": "11210", "P29_002": "B111221000175", "P29_003": "16001", "P29_004": "加須市立北川辺西小学校", "P29_005": "埼玉県加須市麦倉1189", "P29_006": "3", "P29_007": "1", "P29_008": "00", "P29_009": null }, "geometry": { "type": "Point", "coordinates": [ 139.651117581357028, 36.194665163129358 ] } },
{ "type": "Feature", "properties": { "P29_001": "11210", "P29_002": "B111221000184", "P29_003": "16001", "P29_004": "加須市立北川辺東小学校", "P29_005": "埼玉県加須市向古河54", "P29_006": "3", "P29_007": "1", "P29_008": "00", "P29_009": null }, "geometry": { "type": "Point", "coordinates": [ 139.689031000336144, 36.186616000727014 ] } },
{ "type": "Feature", "properties": { "P29_001": "11210", "P29_002": "B111221000193", "P29_003": "16001", "P29_004": "加須市立大利根東小学校", "P29_005": "埼玉県加須市旗井807", "P29_006": "3", "P29_007": "1", "P29_008": "00", "P29_009": null }, "geometry": { "type": "Point", "coordinates": [ 139.686004715737482, 36.152968216076182 ] } },
{ "type": "Feature", "properties": { "P29_001": "11210", "P29_002": "B111221000200", "P29_003": "16001", "P29_004": "加須市立原道小学校", "P29_005": "埼玉県加須市細間699", "P29_006": "3", "P29_007": "1", "P29_008": "00", "P29_009": null }, "geometry": { "type": "Point", "coordinates": [ 139.651035997023371, 36.158729999160279 ] } },
{ "type": "Feature", "properties": { "P29_001": "11210", "P29_002": "B111221000219", "P29_003": "16001", "P29_004": "加須市立豊野小学校", "P29_005": "埼玉県加須市生出313-1", "P29_006": "3", "P29_007": "1", "P29_008": "00", "P29_009": null }, "geometry": { "type": "Point", "coordinates": [ 139.651429995385115, 36.134042004862124 ] } },
{ "type": "Feature", "properties": { "P29_001": "11210", "P29_002": "B111221000228", "P29_003": "16001", "P29_004": "加須市立元和小学校", "P29_005": "埼玉県加須市北下新井521-1", "P29_006": "3", "P29_007": "1", "P29_008": "00", "P29_009": null }, "geometry": { "type": "Point", "coordinates": [ 139.669645996311175, 36.141342998493201 ] } },
{ "type": "Feature", "properties": { "P29_001": "11211", "P29_002": "B111221100012", "P29_003": "16001", "P29_004": "本庄市立本庄東小学校", "P29_005": "埼玉県本庄市日の出1-2-1", "P29_006": "3", "P29_007": "1", "P29_008": "00", "P29_009": null }, "geometry": { "type": "Point", "coordinates": [ 139.197424672370545, 36.233540759027676 ] } },
{ "type": "Feature", "properties": { "P29_001": "11211", "P29_002": "B111221100021", "P29_003": "16001", "P29_004": "本庄市立本庄西小学校", "P29_005": "埼玉県本庄市千代田4-3-2", "P29_006": "3", "P29_007": "1", "P29_008": "00", "P29_009": null }, "geometry": { "type": "Point", "coordinates": [ 139.180604996391196, 36.244486999649702 ] } },
{ "type": "Feature", "properties": { "P29_001": "11211", "P29_002": "B111221100030", "P29_003": "16001", "P29_004": "本庄市立藤田小学校", "P29_005": "埼玉県本庄市牧西1171", "P29_006": "3", "P29_007": "1", "P29_008": "00", "P29_009": null }, "geometry": { "type": "Point", "coordinates": [ 139.223572005484982, 36.233961000954778 ] } },
{ "type": "Feature", "properties": { "P29_001": "11211", "P29_002": "B111221100049", "P29_003": "16001", "P29_004": "本庄市立仁手小学校", "P29_005": "埼玉県本庄市仁手618", "P29_006": "3", "P29_007": "1", "P29_008": "00", "P29_009": null }, "geometry": { "type": "Point", "coordinates": [ 139.205855569268124, 36.24848658665703 ] } },
{ "type": "Feature", "properties": { "P29_001": "11211", "P29_002": "B111221100058", "P29_003": "16001", "P29_004": "本庄市立旭小学校", "P29_005": "埼玉県本庄市都島78", "P29_006": "3", "P29_007": "1", "P29_008": "00", "P29_009": null }, "geometry": { "type": "Point", "coordinates": [ 139.175993995078272, 36.256957996711172 ] } },
{ "type": "Feature", "properties": { "P29_001": "11211", "P29_002": "B111221100067", "P29_003": "16001", "P29_004": "本庄市立北泉小学校", "P29_005": "埼玉県本庄市北堀1871-1", "P29_006": "3", "P29_007": "1", "P29_008": "00", "P29_009": null }, "geometry": { "type": "Point", "coordinates": [ 139.188464998169422, 36.221572000131872 ] } },
{ "type": "Feature", "properties": { "P29_001": "11211", "P29_002": "B111221100076", "P29_003": "16001", "P29_004": "本庄市立本庄南小学校", "P29_005": "埼玉県本庄市栄3-6-24", "P29_006": "3", "P29_007": "1", "P29_008": "00", "P29_009": null }, "geometry": { "type": "Point", "coordinates": [ 139.170662001436739, 36.232015002219974 ] } },
{ "type": "Feature", "properties": { "P29_001": "11211", "P29_002": "B111221100085", "P29_003": "16001", "P29_004": "本庄市立中央小学校", "P29_005": "埼玉県本庄市緑1-16-1", "P29_006": "3", "P29_007": "1", "P29_008": "00", "P29_009": null }, "geometry": { "type": "Point", "coordinates": [ 139.179162296217726, 36.227053048404819 ] } },
{ "type": "Feature", "properties": { "P29_001": "11211", "P29_002": "B111221100094", "P29_003": "16001", "P29_004": "本庄市立児玉小学校", "P29_005": "埼玉県本庄市児玉町児玉1355-1", "P29_006": "3", "P29_007": "1", "P29_008": "00", "P29_009": null }, "geometry": { "type": "Point", "coordinates": [ 139.136979357531459, 36.18994399877689 ] } },
{ "type": "Feature", "properties": { "P29_001": "11211", "P29_002": "B111221100101", "P29_003": "16001", "P29_004": "本庄市立金屋小学校", "P29_005": "埼玉県本庄市児玉町金屋1116-1", "P29_006": "3", "P29_007": "1", "P29_008": "00", "P29_009": null }, "geometry": { "type": "Point", "coordinates": [ 139.118254202811471, 36.191440078928686 ] } },
{ "type": "Feature", "properties": { "P29_001": "11211", "P29_002": "B111221100110", "P29_003": "16001", "P29_004": "本庄市立秋平小学校", "P29_005": "埼玉県本庄市児玉町秋山2531", "P29_006": "3", "P29_007": "1", "P29_008": "00", "P29_009": null }, "geometry": { "type": "Point", "coordinates": [ 139.131131316846364, 36.175480662379002 ] } },
{ "type": "Feature", "properties": { "P29_001": "11211", "P29_002": "B111221100129", "P29_003": "16001", "P29_004": "本庄市立本泉小学校", "P29_005": "埼玉県本庄市児玉町河内660", "P29_006": "3", "P29_007": "9", "P29_008": "00", "P29_009": null }, "geometry": { "type": "Point", "coordinates": [ 139.087827994656521, 36.152597001628088 ] } },
{ "type": "Feature", "properties": { "P29_001": "11211", "P29_002": "B111221100138", "P29_003": "16001", "P29_004": "本庄市立共和小学校", "P29_005": "埼玉県本庄市児玉町蛭川895-1", "P29_006": "3", "P29_007": "1", "P29_008": "00", "P29_009": null }, "geometry": { "type": "Point", "coordinates": [ 139.151123326681102, 36.208557175228059 ] } },
{ "type": "Feature", "properties": { "P29_001": "11212", "P29_002": "B111221200011", "P29_003": "16001", "P29_004": "東松山市立松山第一小学校", "P29_005": "埼玉県東松山市松葉町1-1-16", "P29_006": "3", "P29_007": "1", "P29_008": "00", "P29_009": null }, "geometry": { "type": "Point", "coordinates": [ 139.397725918825046, 36.042456443602838 ] } },
{ "type": "Feature", "properties": { "P29_001": "11212", "P29_002": "B111221200020", "P29_003": "16001", "P29_004": "東松山市立松山第二小学校", "P29_005": "埼玉県東松山市東平519-1", "P29_006": "3", "P29_007": "1", "P29_008": "00", "P29_009": null }, "geometry": { "type": "Point", "coordinates": [ 139.404399000597522, 36.059513001440784 ] } },
{ "type": "Feature", "properties": { "P29_001": "11212", "P29_002": "B111221200039", "P29_003": "16001", "P29_004": "東松山市立大岡小学校", "P29_005": "埼玉県東松山市大字大谷3699", "P29_006": "3", "P29_007": "1", "P29_008": "00", "P29_009": null }, "geometry": { "type": "Point", "coordinates": [ 139.396494737109975, 36.081737321597636 ] } },
{ "type": "Feature", "properties": { "P29_001": "11212", "P29_002": "B111221200048", "P29_003": "16001", "P29_004": "東松山市立唐子小学校", "P29_005": "埼玉県東松山市新郷642", "P29_006": "3", "P29_007": "1", "P29_008": "00", "P29_009": null }, "geometry": { "type": "Point", "coordinates": [ 139.36509899969758, 36.030016003493699 ] } },
{ "type": "Feature", "properties": { "P29_001": "11212", "P29_002": "B111221200057", "P29_003": "16001", "P29_004": "東松山市立高坂小学校", "P29_005": "埼玉県東松山市大字高坂1179", "P29_006": "3", "P29_007": "1", "P29_008": "00", "P29_009": null }, "geometry": { "type": "Point", "coordinates": [ 139.400779515735593, 36.000040408686203 ] } },
{ "type": "Feature", "properties": { "P29_001": "11212", "P29_002": "B111221200066", "P29_003": "16001", "P29_004": "東松山市立野本小学校", "P29_005": "埼玉県東松山市大字下野本650-2", "P29_006": "3", "P29_007": "1", "P29_008": "00", "P29_009": null }, "geometry": { "type": "Point", "coordinates": [ 139.412964271905963, 36.01910048680471 ] } },
{ "type": "Feature", "properties": { "P29_001": "11212", "P29_002": "B111221200075", "P29_003": "16001", "P29_004": "東松山市立新明小学校", "P29_005": "埼玉県東松山市御茶山町7-1", "P29_006": "3", "P29_007": "1", "P29_008": "00", "P29_009": null }, "geometry": { "type": "Point", "coordinates": [ 139.410581656741869, 36.036443751876284 ] } },
{ "type": "Feature", "properties": { "P29_001": "11212", "P29_002": "B111221200084", "P29_003": "16001", "P29_004": "東松山市立市の川小学校", "P29_005": "埼玉県東松山市市ノ川30", "P29_006": "3", "P29_007": "1", "P29_008": "00", "P29_009": null }, "geometry": { "type": "Point", "coordinates": [ 139.398176997897792, 36.051625001720971 ] } },
{ "type": "Feature", "properties": { "P29_001": "11212", "P29_002": "B111221200093", "P29_003": "16001", "P29_004": "東松山市立青鳥小学校", "P29_005": "埼玉県東松山市石橋1150-1", "P29_006": "3", "P29_007": "1", "P29_008": "00", "P29_009": null }, "geometry": { "type": "Point", "coordinates": [ 139.382540996913832, 36.031155003301372 ] } },
{ "type": "Feature", "properties": { "P29_001": "11212", "P29_002": "B111221200100", "P29_003": "16001", "P29_004": "東松山市立新宿小学校", "P29_005": "埼玉県東松山市新宿町14", "P29_006": "3", "P29_007": "1", "P29_008": "00", "P29_009": null }, "geometry": { "type": "Point", "coordinates": [ 139.419703003722873, 36.033683001730999 ] } },
{ "type": "Feature", "properties": { "P29_001": "11212", "P29_002": "B111221200119", "P29_003": "16001", "P29_004": "東松山市立桜山小学校", "P29_005": "埼玉県東松山市桜山台5", "P29_006": "3", "P29_007": "1", "P29_008": "00", "P29_009": null }, "geometry": { "type": "Point", "coordinates": [ 139.388459002890215, 35.993964003799022 ] } },
{ "type": "Feature", "properties": { "P29_001": "11214", "P29_002": "B111221400019", "P29_003": "16001", "P29_004": "春日部市立粕壁小学校", "P29_005": "埼玉県春日部市粕壁東3-2-19", "P29_006": "3", "P29_007": "1", "P29_008": "00", "P29_009": null }, "geometry": { "type": "Point", "coordinates": [ 139.759201048030178, 35.978957805092435 ] } },
{ "type": "Feature", "properties": { "P29_001": "11214", "P29_002": "B111221400028", "P29_003": "16001", "P29_004": "春日部市立内牧小学校", "P29_005": "埼玉県春日部市大字内牧2415-2", "P29_006": "3", "P29_007": "1", "P29_008": "00", "P29_009": null }, "geometry": { "type": "Point", "coordinates": [ 139.7272019997651, 35.99383399949604 ] } },
{ "type": "Feature", "properties": { "P29_001": "11214", "P29_002": "B111221400037", "P29_003": "16001", "P29_004": "春日部市立豊春小学校", "P29_005": "埼玉県春日部市道順川戸37-1", "P29_006": "3", "P29_007": "1", "P29_008": "00", "P29_009": null }, "geometry": { "type": "Point", "coordinates": [ 139.731313997206342, 35.967755002566385 ] } },
{ "type": "Feature", "properties": { "P29_001": "11214", "P29_002": "B111221400046", "P29_003": "16001", "P29_004": "春日部市立武里小学校", "P29_005": "埼玉県春日部市備後西5-5-2", "P29_006": "3", "P29_007": "1", "P29_008": "00", "P29_009": null }, "geometry": { "type": "Point", "coordinates": [ 139.762455681946818, 35.955381218999896 ] } },
{ "type": "Feature", "properties": { "P29_001": "11214", "P29_002": "B111221400055", "P29_003": "16001", "P29_004": "春日部市立幸松小学校", "P29_005": "埼玉県春日部市8-353-1", "P29_006": "3", "P29_007": "1", "P29_008": "00", "P29_009": null }, "geometry": { "type": "Point", "coordinates": [ 139.761533005889362, 35.986224999986845 ] } },
{ "type": "Feature", "properties": { "P29_001": "11214", "P29_002": "B111221400064", "P29_003": "16001", "P29_004": "春日部市立豊野小学校", "P29_005": "埼玉県春日部市銚子口1087", "P29_006": "3", "P29_007": "1", "P29_008": "00", "P29_009": null }, "geometry": { "type": "Point", "coordinates": [ 139.786143003269558, 35.96011700178201 ] } },
{ "type": "Feature", "properties": { "P29_001": "11214", "P29_002": "B111221400073", "P29_003": "16001", "P29_004": "春日部市立八木崎小学校", "P29_005": "埼玉県春日部市中央4-1", "P29_006": "3", "P29_007": "1", "P29_008": "00", "P29_009": null }, "geometry": { "type": "Point", "coordinates": [ 139.74654212472808, 35.975158226246336 ] } },
{ "type": "Feature", "properties": { "P29_001": "11214", "P29_002": "B111221400082", "P29_003": "16001", "P29_004": "春日部市立備後小学校", "P29_005": "埼玉県春日部市備後西3-2-1", "P29_006": "3", "P29_007": "1", "P29_008": "00", "P29_009": null }, "geometry": { "type": "Point", "coordinates": [ 139.768254998047951, 35.954145001791595 ] } },
{ "type": "Feature", "properties": { "P29_001": "11214", "P29_002": "B111221400091", "P29_003": "16001", "P29_004": "春日部市立牛島小学校", "P29_005": "埼玉県春日部市牛島1080", "P29_006": "3", "P29_007": "1", "P29_008": "00", "P29_009": null }, "geometry": { "type": "Point", "coordinates": [ 139.777836999209001, 35.985892001675118 ] } },
{ "type": "Feature", "properties": { "P29_001": "11214", "P29_002": "B111221400108", "P29_003": "16001", "P29_004": "春日部市立緑小学校", "P29_005": "埼玉県春日部市緑町5-4-1", "P29_006": "3", "P29_007": "1", "P29_008": "00", "P29_009": null }, "geometry": { "type": "Point", "coordinates": [ 139.772171001933629, 35.970170995397467 ] } },
{ "type": "Feature", "properties": { "P29_001": "11214", "P29_002": "B111221400117", "P29_003": "16001", "P29_004": "春日部市立上沖小学校", "P29_005": "埼玉県春日部市大沼5-44", "P29_006": "3", "P29_007": "1", "P29_008": "00", "P29_009": null }, "geometry": { "type": "Point", "coordinates": [ 139.757173004253218, 35.965920996386451 ] } },
{ "type": "Feature", "properties": { "P29_001": "11214", "P29_002": "B111221400126", "P29_003": "16001", "P29_004": "春日部市立正善小学校", "P29_005": "埼玉県春日部市備後東6-2-1", "P29_006": "3", "P29_007": "1", "P29_008": "00", "P29_009": null }, "geometry": { "type": "Point", "coordinates": [ 139.77302817616706, 35.952205727129517 ] } },
{ "type": "Feature", "properties": { "P29_001": "11214", "P29_002": "B111221400135", "P29_003": "16001", "P29_004": "春日部市立立野小学校", "P29_005": "埼玉県春日部市大字南中曽根1074", "P29_006": "3", "P29_007": "1", "P29_008": "00", "P29_009": null }, "geometry": { "type": "Point", "coordinates": [ 139.738535999994468, 35.965394000108247 ] } },
{ "type": "Feature", "properties": { "P29_001": "11214", "P29_002": "B111221400144", "P29_003": "16001", "P29_004": "春日部市立宮川小学校", "P29_005": "埼玉県春日部市大字新方袋1090", "P29_006": "3", "P29_007": "1", "P29_008": "00", "P29_009": null }, "geometry": { "type": "Point", "coordinates": [ 139.725611818175821, 35.976953571094349 ] } },
{ "type": "Feature", "properties": { "P29_001": "11214", "P29_002": "B111221400153", "P29_003": "16001", "P29_004": "春日部市立藤塚小学校", "P29_005": "埼玉県春日部市藤塚82-2", "P29_006": "3", "P29_007": "1", "P29_008": "00", "P29_009": null }, "geometry": { "type": "Point", "coordinates": [ 139.78185086434263, 35.962456665775029 ] } },
{ "type": "Feature", "properties": { "P29_001": "11214", "P29_002": "B111221400162", "P29_003": "16001", "P29_004": "春日部市立小渕小学校", "P29_005": "埼玉県春日部市大字小渕905-1", "P29_006": "3", "P29_007": "1", "P29_008": "00", "P29_009": null }, "geometry": { "type": "Point", "coordinates": [ 139.749355104564273, 35.998483425236678 ] } },
{ "type": "Feature", "properties": { "P29_001": "11214", "P29_002": "B111221400171", "P29_003": "16001", "P29_004": "春日部市立武里南小学校", "P29_005": "埼玉県春日部市大枝89武里団地2街区1棟", "P29_006": "3", "P29_007": "1", "P29_008": "00", "P29_009": null }, "geometry": { "type": "Point", "coordinates": [ 139.771582449272955, 35.943505812288734 ] } },
{ "type": "Feature", "properties": { "P29_001": "11214", "P29_002": "B111221400180", "P29_003": "16001", "P29_004": "春日部市立武里西小学校", "P29_005": "埼玉県春日部市大場822-1", "P29_006": "3", "P29_007": "1", "P29_008": "00", "P29_009": null }, "geometry": { "type": "Point", "coordinates": [ 139.764231675557085, 35.947031306605496 ] } },
{ "type": "Feature", "properties": { "P29_001": "11214", "P29_002": "B111221400199", "P29_003": "16001", "P29_004": "春日部市立南桜井小学校", "P29_005": "埼玉県春日部市下柳3", "P29_006": "3", "P29_007": "1", "P29_008": "00", "P29_009": null }, "geometry": { "type": "Point", "coordinates": [ 139.79540180883555, 35.992188469634876 ] } },
{ "type": "Feature", "properties": { "P29_001": "11214", "P29_002": "B111221400206", "P29_003": "16001", "P29_004": "春日部市立川辺小学校", "P29_005": "埼玉県春日部市米島756", "P29_006": "3", "P29_007": "1", "P29_008": "00", "P29_009": null }, "geometry": { "type": "Point", "coordinates": [ 139.809852878172819, 35.973130175482773 ] } },
{ "type": "Feature", "properties": { "P29_001": "11214", "P29_002": "B111221400215", "P29_003": "16001", "P29_004": "春日部市立桜川小学校", "P29_005": "埼玉県春日部市大衾496-1", "P29_006": "3", "P29_007": "1", "P29_008": "00", "P29_009": null }, "geometry": { "type": "Point", "coordinates": [ 139.809138748591465, 35.984768706938972 ] } },
{ "type": "Feature", "properties": { "P29_001": "11214", "P29_002": "B111221400224", "P29_003": "16001", "P29_004": "春日部市立中野小学校", "P29_005": "埼玉県春日部市東中野654", "P29_006": "3", "P29_007": "1", "P29_008": "00", "P29_009": null }, "geometry": { "type": "Point", "coordinates": [ 139.82233273293383, 35.972845993390592 ] } },
{ "type": "Feature", "properties": { "P29_001": "11215", "P29_002": "B111221500018", "P29_003": "16001", "P29_004": "狭山市立入間川小学校", "P29_005": "埼玉県狭山市鵜ノ木5-9", "P29_006": "3", "P29_007": "1", "P29_008": "00", "P29_009": null }, "geometry": { "type": "Point", "coordinates": [ 139.396608200530522, 35.854460981032581 ] } },
{ "type": "Feature", "properties": { "P29_001": "11215", "P29_002": "B111221500027", "P29_003": "16001", "P29_004": "狭山市立堀兼小学校", "P29_005": "埼玉県狭山市大字堀兼1234", "P29_006": "3", "P29_007": "1", "P29_008": "00", "P29_009": null }, "geometry": { "type": "Point", "coordinates": [ 139.445236531703529, 35.86034789885526 ] } },
{ "type": "Feature", "properties": { "P29_001": "11215", "P29_002": "B111221500036", "P29_003": "16001", "P29_004": "狭山市立奥富小学校", "P29_005": "埼玉県狭山市大字下奥富1019", "P29_006": "3", "P29_007": "1", "P29_008": "00", "P29_009": null }, "geometry": { "type": "Point", "coordinates": [ 139.423871995164035, 35.878454995661158 ] } },
{ "type": "Feature", "properties": { "P29_001": "11215", "P29_002": "B111221500045", "P29_003": "16001", "P29_004": "狭山市立柏原小学校", "P29_005": "埼玉県狭山市柏原1141", "P29_006": "3", "P29_007": "1", "P29_008": "00", "P29_009": null }, "geometry": { "type": "Point", "coordinates": [ 139.406114689056693, 35.878809803118536 ] } },
{ "type": "Feature", "properties": { "P29_001": "11215", "P29_002": "B111221500054", "P29_003": "16001", "P29_004": "狭山市立水富小学校", "P29_005": "埼玉県狭山市根岸2-22-1", "P29_006": "3", "P29_007": "1", "P29_008": "00", "P29_009": null }, "geometry": { "type": "Point", "coordinates": [ 139.382243843525742, 35.859051151391732 ] } },
{ "type": "Feature", "properties": { "P29_001": "11215", "P29_002": "B111221500063", "P29_003": "16001", "P29_004": "狭山市立南小学校", "P29_005": "埼玉県狭山市大字水野815-1", "P29_006": "3", "P29_007": "1", "P29_008": "00", "P29_009": null }, "geometry": { "type": "Point", "coordinates": [ 139.42350381674899, 35.828482066153875 ] } },
{ "type": "Feature", "properties": { "P29_001": "11215", "P29_002": "B111221500072", "P29_003": "16001", "P29_004": "狭山市立入間川東小学校", "P29_005": "埼玉県狭山市入間川2-7-23", "P29_006": "3", "P29_007": "1", "P29_008": "00", "P29_009": null }, "geometry": { "type": "Point", "coordinates": [ 139.4135656699506, 35.860186757893125 ] } },
{ "type": "Feature", "properties": { "P29_001": "11215", "P29_002": "B111221500081", "P29_003": "16001", "P29_004": "狭山市立富士見小学校", "P29_005": "埼玉県狭山市中央4-17-1", "P29_006": "3", "P29_007": "1", "P29_008": "00", "P29_009": null }, "geometry": { "type": "Point", "coordinates": [ 139.424187408478929, 35.85043152204463 ] } },
{ "type": "Feature", "properties": { "P29_001": "11215", "P29_002": "B111221500090", "P29_003": "16001", "P29_004": "狭山市立新狭山小学校", "P29_005": "埼玉県狭山市入間川1108", "P29_006": "3", "P29_007": "1", "P29_008": "00", "P29_009": null }, "geometry": { "type": "Point", "coordinates": [ 139.430738557712544, 35.865441358598957 ] } },
{ "type": "Feature", "properties": { "P29_001": "11215", "P29_002": "B111221500107", "P29_003": "16001", "P29_004": "狭山市立広瀬小学校", "P29_005": "埼玉県狭山市広瀬東4-4-1", "P29_006": "3", "P29_007": "1", "P29_008": "00", "P29_009": null }, "geometry": { "type": "Point", "coordinates": [ 139.395181002058678, 35.863579997355558 ] } },
{ "type": "Feature", "properties": { "P29_001": "11215", "P29_002": "B111221500116", "P29_003": "16001", "P29_004": "狭山市立山王小学校", "P29_005": "埼玉県狭山市南入曽55", "P29_006": "3", "P29_007": "1", "P29_008": "00", "P29_009": null }, "geometry": { "type": "Point", "coordinates": [ 139.438261003773249, 35.840598996261647 ] } },
{ "type": "Feature", "properties": { "P29_001": "11215", "P29_002": "B111221500125", "P29_003": "16001", "P29_004": "狭山市立入間野小学校", "P29_005": "埼玉県狭山市大字北入曽980", "P29_006": "3", "P29_007": "1", "P29_008": "00", "P29_009": null }, "geometry": { "type": "Point", "coordinates": [ 139.422231668542906, 35.840748602915873 ] } },
{ "type": "Feature", "properties": { "P29_001": "11215", "P29_002": "B111221500134", "P29_003": "16001", "P29_004": "狭山市立笹井小学校", "P29_005": "埼玉県狭山市笹井1700", "P29_006": "3", "P29_007": "1", "P29_008": "00", "P29_009": null }, "geometry": { "type": "Point", "coordinates": [ 139.370654998815951, 35.8537069954942 ] } },
{ "type": "Feature", "properties": { "P29_001": "11215", "P29_002": "B111221500143", "P29_003": "16001", "P29_004": "狭山市立御狩場小学校", "P29_005": "埼玉県狭山市北入曽755-4", "P29_006": "3", "P29_007": "1", "P29_008": "00", "P29_009": null }, "geometry": { "type": "Point", "coordinates": [ 139.427900002790437, 35.8457370008664 ] } },
{ "type": "Feature", "properties": { "P29_001": "11215", "P29_002": "B111221500152", "P29_003": "16001", "P29_004": "狭山市立狭山台小学校", "P29_005": "埼玉県狭山市狭山台4-25", "P29_006": "3", "P29_007": "1", "P29_008": "00", "P29_009": null }, "geometry": { "type": "Point", "coordinates": [ 139.433883002869294, 35.852922003111821 ] } },
{ "type": "Feature", "properties": { "P29_001": "11216", "P29_002": "B111221600017", "P29_003": "16001", "P29_004": "羽生市立羽生北小学校", "P29_005": "埼玉県羽生市北2-1-1", "P29_006": "3", "P29_007": "1", "P29_008": "00", "P29_009": null }, "geometry": { "type": "Point", "coordinates": [ 139.539111384184679, 36.176028553850983 ] } },
{ "type": "Feature", "properties": { "P29_001": "11216", "P29_002": "B111221600026", "P29_003": "16001", "P29_004": "羽生市立新郷第一小学校", "P29_005": "埼玉県羽生市大字上新郷5716", "P29_006": "3", "P29_007": "1", "P29_008": "00", "P29_009": null }, "geometry": { "type": "Point", "coordinates": [ 139.508192481133563, 36.174702599049951 ] } },
{ "type": "Feature", "properties": { "P29_001": "11216", "P29_002": "B111221600035", "P29_003": "16001", "P29_004": "羽生市立新郷第二小学校", "P29_005": "埼玉県羽生市大字下新郷1099", "P29_006": "3", "P29_007": "1", "P29_008": "00", "P29_009": null }, "geometry": { "type": "Point", "coordinates": [ 139.522354004564733, 36.146255999911148 ] } },
{ "type": "Feature", "properties": { "P29_001": "11216", "P29_002": "B111221600044", "P29_003": "16001", "P29_004": "羽生市立須影小学校", "P29_005": "埼玉県羽生市大字須影672", "P29_006": "3", "P29_007": "1", "P29_008": "00", "P29_009": null }, "geometry": { "type": "Point", "coordinates": [ 139.547101998391554, 36.150783996486624 ] } },
{ "type": "Feature", "properties": { "P29_001": "11216", "P29_002": "B111221600053", "P29_003": "16001", "P29_004": "羽生市立岩瀬小学校", "P29_005": "埼玉県羽生市上岩瀬1756", "P29_006": "3", "P29_007": "1", "P29_008": "00", "P29_009": null }, "geometry": { "type": "Point", "coordinates": [ 139.52436797438051, 36.16349603010012 ] } },
{ "type": "Feature", "properties": { "P29_001": "11216", "P29_002": "B111221600062", "P29_003": "16001", "P29_004": "羽生市立川俣小学校", "P29_005": "埼玉県羽生市本川俣629", "P29_006": "3", "P29_007": "1", "P29_008": "00", "P29_009": null }, "geometry": { "type": "Point", "coordinates": [ 139.537155999854377, 36.183612997806655 ] } },
{ "type": "Feature", "properties": { "P29_001": "11216", "P29_002": "B111221600071", "P29_003": "16001", "P29_004": "羽生市立井泉小学校", "P29_005": "埼玉県羽生市大字藤井上組270", "P29_006": "3", "P29_007": "1", "P29_008": "00", "P29_009": null }, "geometry": { "type": "Point", "coordinates": [ 139.562736995422, 36.186141004782336 ] } },
{ "type": "Feature", "properties": { "P29_001": "11216", "P29_002": "B111221600080", "P29_003": "16001", "P29_004": "羽生市立手子林小学校", "P29_005": "埼玉県羽生市下手子林555", "P29_006": "3", "P29_007": "1", "P29_008": "00", "P29_009": null }, "geometry": { "type": "Point", "coordinates": [ 139.572998652674585, 36.153201110409064 ] } },
{ "type": "Feature", "properties": { "P29_001": "11216", "P29_002": "B111221600099", "P29_003": "16001", "P29_004": "羽生市立三田ヶ谷小学校", "P29_005": "埼玉県羽生市弥勒87", "P29_006": "3", "P29_007": "1", "P29_008": "00", "P29_009": null }, "geometry": { "type": "Point", "coordinates": [ 139.592982739952248, 36.176055645077597 ] } },
{ "type": "Feature", "properties": { "P29_001": "11216", "P29_002": "B111221600106", "P29_003": "16001", "P29_004": "羽生市立村君小学校", "P29_005": "埼玉県羽生市大字堤107", "P29_006": "3", "P29_007": "1", "P29_008": "00", "P29_009": null }, "geometry": { "type": "Point", "coordinates": [ 139.586457003808846, 36.204472995486512 ] } },
{ "type": "Feature", "properties": { "P29_001": "11216", "P29_002": "B111221600115", "P29_003": "16001", "P29_004": "羽生市立羽生南小学校", "P29_005": "埼玉県羽生市南6-5-1", "P29_006": "3", "P29_007": "1", "P29_008": "00", "P29_009": null }, "geometry": { "type": "Point", "coordinates": [ 139.54447810275235, 36.167286770144329 ] } },
{ "type": "Feature", "properties": { "P29_001": "11217", "P29_002": "B111221700016", "P29_003": "16001", "P29_004": "鴻巣市立鴻巣東小学校", "P29_005": "埼玉県鴻巣市本町6-4-56", "P29_006": "3", "P29_007": "1", "P29_008": "00", "P29_009": null }, "geometry": { "type": "Point", "coordinates": [ 139.516835759550958, 36.059151345514877 ] } },
{ "type": "Feature", "properties": { "P29_001": "11217", "P29_002": "B111221700025", "P29_003": "16001", "P29_004": "鴻巣市立鴻巣南小学校", "P29_005": "埼玉県鴻巣市本町8-7-23", "P29_006": "3", "P29_007": "1", "P29_008": "00", "P29_009": null }, "geometry": { "type": "Point", "coordinates": [ 139.515469999727628, 36.054100997418146 ] } },
{ "type": "Feature", "properties": { "P29_001": "11217", "P29_002": "B111221700034", "P29_003": "16001", "P29_004": "鴻巣市立馬室小学校", "P29_005": "埼玉県鴻巣市滝馬室555", "P29_006": "3", "P29_007": "1", "P29_008": "00", "P29_009": null }, "geometry": { "type": "Point", "coordinates": [ 139.506184772348007, 36.043633349210438 ] } },
{ "type": "Feature", "properties": { "P29_001": "11217", "P29_002": "B111221700043", "P29_003": "16001", "P29_004": "鴻巣市立田間宮小学校", "P29_005": "埼玉県鴻巣市糠田2985", "P29_006": "3", "P29_007": "1", "P29_008": "00", "P29_009": null }, "geometry": { "type": "Point", "coordinates": [ 139.490646639843106, 36.065009368477192 ] } },
{ "type": "Feature", "properties": { "P29_001": "11217", "P29_002": "B111221700052", "P29_003": "16001", "P29_004": "鴻巣市立箕田小学校", "P29_005": "埼玉県鴻巣市箕田408", "P29_006": "3", "P29_007": "1", "P29_008": "00", "P29_009": null }, "geometry": { "type": "Point", "coordinates": [ 139.482556998085272, 36.076540998273991 ] } },
{ "type": "Feature", "properties": { "P29_001": "11217", "P29_002": "B111221700070", "P29_003": "16001", "P29_004": "鴻巣市立常光小学校", "P29_005": "埼玉県鴻巣市下谷369", "P29_006": "3", "P29_007": "1", "P29_008": "00", "P29_009": null }, "geometry": { "type": "Point", "coordinates": [ 139.548229615642555, 36.05080033027631 ] } },
{ "type": "Feature", "properties": { "P29_001": "11217", "P29_002": "B111221700089", "P29_003": "16001", "P29_004": "鴻巣市立鴻巣北小学校", "P29_005": "埼玉県鴻巣市神明3-18-10", "P29_006": "3", "P29_007": "1", "P29_008": "00", "P29_009": null }, "geometry": { "type": "Point", "coordinates": [ 139.504803998351036, 36.072043000224198 ] } },
{ "type": "Feature", "properties": { "P29_001": "11217", "P29_002": "B111221700098", "P29_003": "16001", "P29_004": "鴻巣市立松原小学校", "P29_005": "埼玉県鴻巣市原馬室2425", "P29_006": "3", "P29_007": "1", "P29_008": "00", "P29_009": null }, "geometry": { "type": "Point", "coordinates": [ 139.519663995683999, 36.037130002921359 ] } },
{ "type": "Feature", "properties": { "P29_001": "11217", "P29_002": "B111221700105", "P29_003": "16001", "P29_004": "鴻巣市立赤見台第一小学校", "P29_005": "埼玉県鴻巣市赤見台4-19-1", "P29_006": "3", "P29_007": "1", "P29_008": "00", "P29_009": null }, "geometry": { "type": "Point", "coordinates": [ 139.482917996730549, 36.082846000594074 ] } },
{ "type": "Feature", "properties": { "P29_001": "11217", "P29_002": "B111221700114", "P29_003": "16001", "P29_004": "鴻巣市立赤見台第二小学校", "P29_005": "埼玉県鴻巣市赤見台2-6-1", "P29_006": "3", "P29_007": "1", "P29_008": "00", "P29_009": null }, "geometry": { "type": "Point", "coordinates": [ 139.475556998289932, 36.089399996802854 ] } },
{ "type": "Feature", "properties": { "P29_001": "11217", "P29_002": "B111221700123", "P29_003": "16001", "P29_004": "鴻巣市立鴻巣中央小学校", "P29_005": "埼玉県鴻巣市中央30-1", "P29_006": "3", "P29_007": "1", "P29_008": "00", "P29_009": null }, "geometry": { "type": "Point", "coordinates": [ 139.522425731759967, 36.068781060347725 ] } },
{ "type": "Feature", "properties": { "P29_001": "11217", "P29_002": "B111221700132", "P29_003": "16001", "P29_004": "鴻巣市立吹上小学校", "P29_005": "埼玉県鴻巣市南1-10-5", "P29_006": "3", "P29_007": "1", "P29_008": "00", "P29_009": null }, "geometry": { "type": "Point", "coordinates": [ 139.451025922853319, 36.101704738226495 ] } },
{ "type": "Feature", "properties": { "P29_001": "11217", "P29_002": "B111221700141", "P29_003": "16001", "P29_004": "鴻巣市立小谷小学校", "P29_005": "埼玉県鴻巣市小谷1890-1", "P29_006": "3", "P29_007": "1", "P29_008": "00", "P29_009": null }, "geometry": { "type": "Point", "coordinates": [ 139.464691196536251, 36.084782338275559 ] } },
{ "type": "Feature", "properties": { "P29_001": "11217", "P29_002": "B111221700150", "P29_003": "16001", "P29_004": "鴻巣市立下忍小学校", "P29_005": "埼玉県鴻巣市鎌塚10", "P29_006": "3", "P29_007": "1", "P29_008": "00", "P29_009": null }, "geometry": { "type": "Point", "coordinates": [ 139.459680568577113, 36.108832035385859 ] } },
{ "type": "Feature", "properties": { "P29_001": "11217", "P29_002": "B111221700169", "P29_003": "16001", "P29_004": "鴻巣市立大芦小学校", "P29_005": "埼玉県鴻巣市大芦923-1", "P29_006": "3", "P29_007": "1", "P29_008": "00", "P29_009": null }, "geometry": { "type": "Point", "coordinates": [ 139.453081047721014, 36.094613888024746 ] } },
{ "type": "Feature", "properties": { "P29_001": "11217", "P29_002": "B111221700178", "P29_003": "16001", "P29_004": "鴻巣市立屈巣小学校", "P29_005": "埼玉県鴻巣市屈巣4515-1", "P29_006": "3", "P29_007": "1", "P29_008": "00", "P29_009": null }, "geometry": { "type": "Point", "coordinates": [ 139.511501535340017, 36.091270594254929 ] } },
{ "type": "Feature", "properties": { "P29_001": "11217", "P29_002": "B111221700187", "P29_003": "16001", "P29_004": "鴻巣市立共和小学校", "P29_005": "埼玉県鴻巣市新井194-2", "P29_006": "3", "P29_007": "1", "P29_008": "00", "P29_009": null }, "geometry": { "type": "Point", "coordinates": [ 139.539498719813878, 36.100890162653783 ] } },
{ "type": "Feature", "properties": { "P29_001": "11217", "P29_002": "B111221700196", "P29_003": "16001", "P29_004": "鴻巣市立広田小学校", "P29_005": "埼玉県鴻巣市広田3156-5", "P29_006": "3", "P29_007": "1", "P29_008": "00", "P29_009": null }, "geometry": { "type": "Point", "coordinates": [ 139.511518156357994, 36.109094486316174 ] } },
{ "type": "Feature", "properties": { "P29_001": "11218", "P29_002": "B111221800015", "P29_003": "16001", "P29_004": "深谷市立明戸小学校", "P29_005": "埼玉県深谷市蓮沼413", "P29_006": "3", "P29_007": "1", "P29_008": "00", "P29_009": null }, "geometry": { "type": "Point", "coordinates": [ 139.320650092521362, 36.219691569466505 ] } },
{ "type": "Feature", "properties": { "P29_001": "11218", "P29_002": "B111221800024", "P29_003": "16001", "P29_004": "深谷市立幡羅小学校", "P29_005": "埼玉県深谷市東方町3-25-1", "P29_006": "3", "P29_007": "1", "P29_008": "00", "P29_009": null }, "geometry": { "type": "Point", "coordinates": [ 139.317678003216827, 36.18669000234528 ] } },
{ "type": "Feature", "properties": { "P29_001": "11218", "P29_002": "B111221800033", "P29_003": "16001", "P29_004": "深谷市立深谷小学校", "P29_005": "埼玉県深谷市仲町19-1", "P29_006": "3", "P29_007": "1", "P29_008": "00", "P29_009": null }, "geometry": { "type": "Point", "coordinates": [ 139.283675272026841, 36.19990485780405 ] } },
{ "type": "Feature", "properties": { "P29_001": "11218", "P29_002": "B111221800042", "P29_003": "16001", "P29_004": "深谷市立桜ヶ丘小学校", "P29_005": "埼玉県深谷市上野台508", "P29_006": "3", "P29_007": "1", "P29_008": "00", "P29_009": null }, "geometry": { "type": "Point", "coordinates": [ 139.279533838538583, 36.186238305522942 ] } },
{ "type": "Feature", "properties": { "P29_001": "11218", "P29_002": "B111221800051", "P29_003": "16001", "P29_004": "深谷市立大寄小学校", "P29_005": "埼玉県深谷市内ヶ島660", "P29_006": "3", "P29_007": "1", "P29_008": "00", "P29_009": null }, "geometry": { "type": "Point", "coordinates": [ 139.272351183802158, 36.216925466940637 ] } },
{ "type": "Feature", "properties": { "P29_001": "11218", "P29_002": "B111221800060", "P29_003": "16001", "P29_004": "深谷市立藤沢小学校", "P29_005": "埼玉県深谷市人見1626", "P29_006": "3", "P29_007": "1", "P29_008": "00", "P29_009": null }, "geometry": { "type": "Point", "coordinates": [ 139.26762599997636, 36.167467998377951 ] } },
{ "type": "Feature", "properties": { "P29_001": "11218", "P29_002": "B111221800079", "P29_003": "16001", "P29_004": "深谷市立深谷西小学校", "P29_005": "埼玉県深谷市栄町14-18", "P29_006": "3", "P29_007": "1", "P29_008": "00", "P29_009": null }, "geometry": { "type": "Point", "coordinates": [ 139.273118510023238, 36.19767289206829 ] } },
{ "type": "Feature", "properties": { "P29_001": "11218", "P29_002": "B111221800088", "P29_003": "16001", "P29_004": "深谷市立常盤小学校", "P29_005": "埼玉県深谷市常盤町58-2", "P29_006": "3", "P29_007": "1", "P29_008": "00", "P29_009": null }, "geometry": { "type": "Point", "coordinates": [ 139.299304113050624, 36.194822233163599 ] } },
{ "type": "Feature", "properties": { "P29_001": "11218", "P29_002": "B111221800097", "P29_003": "16001", "P29_004": "深谷市立八基小学校", "P29_005": "埼玉県深谷市下手計1300", "P29_006": "3", "P29_007": "1", "P29_008": "00", "P29_009": null }, "geometry": { "type": "Point", "coordinates": [ 139.262068995574509, 36.233906002197401 ] } },
{ "type": "Feature", "properties": { "P29_001": "11218", "P29_002": "B111221800104", "P29_003": "16001", "P29_004": "深谷市立上柴西小学校", "P29_005": "埼玉県深谷市上柴町西5-11-1", "P29_006": "3", "P29_007": "1", "P29_008": "00", "P29_009": null }, "geometry": { "type": "Point", "coordinates": [ 139.292936073939984, 36.18156243501015 ] } },
{ "type": "Feature", "properties": { "P29_001": "11218", "P29_002": "B111221800113", "P29_003": "16001", "P29_004": "深谷市立上柴東小学校", "P29_005": "埼玉県深谷市上柴町東5-9-1", "P29_006": "3", "P29_007": "1", "P29_008": "00", "P29_009": null }, "geometry": { "type": "Point", "coordinates": [ 139.301318003399643, 36.178190004366073 ] } },
{ "type": "Feature", "properties": { "P29_001": "11218", "P29_002": "B111221800122", "P29_003": "16001", "P29_004": "深谷市立豊里小学校", "P29_005": "埼玉県深谷市新戒635", "P29_006": "3", "P29_007": "1", "P29_008": "00", "P29_009": null }, "geometry": { "type": "Point", "coordinates": [ 139.287562246426319, 36.234026568839198 ] } },
{ "type": "Feature", "properties": { "P29_001": "11218", "P29_002": "B111221800131", "P29_003": "16001", "P29_004": "深谷市立岡部小学校", "P29_005": "埼玉県深谷市普済寺1305", "P29_006": "3", "P29_007": "1", "P29_008": "00", "P29_009": null }, "geometry": { "type": "Point", "coordinates": [ 139.247238002077552, 36.20663100093401 ] } },
{ "type": "Feature", "properties": { "P29_001": "11218", "P29_002": "B111221800140", "P29_003": "16001", "P29_004": "深谷市立榛沢小学校", "P29_005": "埼玉県深谷市榛沢802-1", "P29_006": "3", "P29_007": "1", "P29_008": "00", "P29_009": null }, "geometry": { "type": "Point", "coordinates": [ 139.213839161720841, 36.212510471260096 ] } },
{ "type": "Feature", "properties": { "P29_001": "11218", "P29_002": "B111221800159", "P29_003": "16001", "P29_004": "深谷市立本郷小学校", "P29_005": "埼玉県深谷市針ヶ谷506", "P29_006": "3", "P29_007": "1", "P29_008": "00", "P29_009": null }, "geometry": { "type": "Point", "coordinates": [ 139.225960896837989, 36.1757469384468 ] } },
{ "type": "Feature", "properties": { "P29_001": "11218", "P29_002": "B111221800168", "P29_003": "16001", "P29_004": "深谷市立岡部西小学校", "P29_005": "埼玉県深谷市岡2949", "P29_006": "3", "P29_007": "1", "P29_008": "00", "P29_009": null }, "geometry": { "type": "Point", "coordinates": [ 139.234683996221833, 36.213101997238113 ] } },
{ "type": "Feature", "properties": { "P29_001": "11218", "P29_002": "B111221800177", "P29_003": "16001", "P29_004": "深谷市立川本北小学校", "P29_005": "埼玉県深谷市長在家143", "P29_006": "3", "P29_007": "1", "P29_008": "00", "P29_009": null }, "geometry": { "type": "Point", "coordinates": [ 139.286194633382394, 36.144741821302269 ] } },
{ "type": "Feature", "properties": { "P29_001": "11218", "P29_002": "B111221800186", "P29_003": "16001", "P29_004": "深谷市立川本南小学校", "P29_005": "埼玉県深谷市本田4888", "P29_006": "3", "P29_007": "1", "P29_008": "00", "P29_009": null }, "geometry": { "type": "Point", "coordinates": [ 139.28591981677755, 36.121314976075446 ] } },
{ "type": "Feature", "properties": { "P29_001": "11218", "P29_002": "B111221800195", "P29_003": "16001", "P29_004": "深谷市立花園小学校", "P29_005": "埼玉県深谷市小前田1463-1", "P29_006": "3", "P29_007": "1", "P29_008": "00", "P29_009": null }, "geometry": { "type": "Point", "coordinates": [ 139.230463706583123, 36.127701254187464 ] } },
{ "type": "Feature", "properties": { "P29_001": "11219", "P29_002": "B111221900014", "P29_003": "16001", "P29_004": "上尾市立上尾小学校", "P29_005": "埼玉県上尾市仲町1-11-46", "P29_006": "3", "P29_007": "1", "P29_008": "00", "P29_009": null }, "geometry": { "type": "Point", "coordinates": [ 139.593740323676769, 35.973015786129878 ] } },
{ "type": "Feature", "properties": { "P29_001": "11219", "P29_002": "B111221900023", "P29_003": "16001", "P29_004": "上尾市立中央小学校", "P29_005": "埼玉県上尾市上町1-15-4", "P29_006": "3", "P29_007": "1", "P29_008": "00", "P29_009": null }, "geometry": { "type": "Point", "coordinates": [ 139.590605004095323, 35.978415002426907 ] } },
{ "type": "Feature", "properties": { "P29_001": "11219", "P29_002": "B111221900032", "P29_003": "16001", "P29_004": "上尾市立大谷小学校", "P29_005": "埼玉県上尾市大谷本郷528", "P29_006": "3", "P29_007": "1", "P29_008": "00", "P29_009": null }, "geometry": { "type": "Point", "coordinates": [ 139.583385000813507, 35.955307003007647 ] } },
{ "type": "Feature", "properties": { "P29_001": "11219", "P29_002": "B111221900041", "P29_003": "16001", "P29_004": "上尾市立平方小学校", "P29_005": "埼玉県上尾市平方1346-1", "P29_006": "3", "P29_007": "1", "P29_008": "00", "P29_009": null }, "geometry": { "type": "Point", "coordinates": [ 139.556998001912575, 35.947087002752745 ] } },
{ "type": "Feature", "properties": { "P29_001": "11219", "P29_002": "B111221900050", "P29_003": "16001", "P29_004": "上尾市立大石小学校", "P29_005": "埼玉県上尾市小泉9-28-2", "P29_006": "3", "P29_007": "1", "P29_008": "00", "P29_009": null }, "geometry": { "type": "Point", "coordinates": [ 139.559455999174475, 35.976105001605887 ] } },
{ "type": "Feature", "properties": { "P29_001": "11219", "P29_002": "B111221900069", "P29_003": "16001", "P29_004": "上尾市立原市小学校", "P29_005": "埼玉県上尾市大字原市3508-1", "P29_006": "3", "P29_007": "1", "P29_008": "00", "P29_009": null }, "geometry": { "type": "Point", "coordinates": [ 139.625075001803054, 35.967111995082625 ] } },
{ "type": "Feature", "properties": { "P29_001": "11219", "P29_002": "B111221900078", "P29_003": "16001", "P29_004": "上尾市立上平小学校", "P29_005": "埼玉県上尾市大字南102", "P29_006": "3", "P29_007": "1", "P29_008": "00", "P29_009": null }, "geometry": { "type": "Point", "coordinates": [ 139.585133000588826, 35.996191998067587 ] } },
{ "type": "Feature", "properties": { "P29_001": "11219", "P29_002": "B111221900087", "P29_003": "16001", "P29_004": "上尾市立富士見小学校", "P29_005": "埼玉県上尾市柏座4-3-8", "P29_006": "3", "P29_007": "1", "P29_008": "00", "P29_009": null }, "geometry": { "type": "Point", "coordinates": [ 139.581308902783434, 35.970664852345685 ] } },
{ "type": "Feature", "properties": { "P29_001": "11219", "P29_002": "B111221900096", "P29_003": "16001", "P29_004": "上尾市立尾山台小学校", "P29_005": "埼玉県上尾市大字瓦葺509-1", "P29_006": "3", "P29_007": "1", "P29_008": "00", "P29_009": null }, "geometry": { "type": "Point", "coordinates": [ 139.639239796804929, 35.963167420775129 ] } },
{ "type": "Feature", "properties": { "P29_001": "11219", "P29_002": "B111221900103", "P29_003": "16001", "P29_004": "上尾市立東小学校", "P29_005": "埼玉県上尾市大字上尾村1171-2", "P29_006": "3", "P29_007": "1", "P29_008": "00", "P29_009": null }, "geometry": { "type": "Point", "coordinates": [ 139.595299002670373, 35.985581001512386 ] } },
{ "type": "Feature", "properties": { "P29_001": "11219", "P29_002": "B111221900112", "P29_003": "16001", "P29_004": "上尾市立大石南小学校", "P29_005": "埼玉県上尾市大字畔吉1333", "P29_006": "3", "P29_007": "1", "P29_008": "00", "P29_009": null }, "geometry": { "type": "Point", "coordinates": [ 139.553626148084192, 35.969253977878857 ] } },
{ "type": "Feature", "properties": { "P29_001": "11219", "P29_002": "B111221900121", "P29_003": "16001", "P29_004": "上尾市立平方東小学校", "P29_005": "埼玉県上尾市平方4354-2", "P29_006": "3", "P29_007": "1", "P29_008": "00", "P29_009": null }, "geometry": { "type": "Point", "coordinates": [ 139.564169781517705, 35.953645836125681 ] } },
{ "type": "Feature", "properties": { "P29_001": "11219", "P29_002": "B111221900130", "P29_003": "16001", "P29_004": "上尾市立原市南小学校", "P29_005": "埼玉県上尾市大字原市3990", "P29_006": "3", "P29_007": "1", "P29_008": "00", "P29_009": null }, "geometry": { "type": "Point", "coordinates": [ 139.633487087068403, 35.959493588740379 ] } },
{ "type": "Feature", "properties": { "P29_001": "11219", "P29_002": "B111221900149", "P29_003": "16001", "P29_004": "上尾市立鴨川小学校", "P29_005": "埼玉県上尾市西宮下4-400", "P29_006": "3", "P29_007": "1", "P29_008": "00", "P29_009": null }, "geometry": { "type": "Point", "coordinates": [ 139.587374207299348, 35.963440753513289 ] } },
{ "type": "Feature", "properties": { "P29_001": "11219", "P29_002": "B111221900158", "P29_003": "16001", "P29_004": "上尾市立芝川小学校", "P29_005": "埼玉県上尾市上平中央1-8-1", "P29_006": "3", "P29_007": "1", "P29_008": "00", "P29_009": null }, "geometry": { "type": "Point", "coordinates": [ 139.584000005823015, 35.98946399938211 ] } },
{ "type": "Feature", "properties": { "P29_001": "11219", "P29_002": "B111221900167", "P29_003": "16001", "P29_004": "上尾市立瓦葺小学校", "P29_005": "埼玉県上尾市瓦葺2260", "P29_006": "3", "P29_007": "1", "P29_008": "00", "P29_009": null }, "geometry": { "type": "Point", "coordinates": [ 139.646735486100226, 35.959434370637979 ] } },
{ "type": "Feature", "properties": { "P29_001": "11219", "P29_002": "B111221900176", "P29_003": "16001", "P29_004": "上尾市立今泉小学校", "P29_005": "埼玉県上尾市大字今泉268", "P29_006": "3", "P29_007": "1", "P29_008": "00", "P29_009": null }, "geometry": { "type": "Point", "coordinates": [ 139.57066285249482, 35.962819846803242 ] } },
{ "type": "Feature", "properties": { "P29_001": "11219", "P29_002": "B111221900185", "P29_003": "16001", "P29_004": "上尾市立西小学校", "P29_005": "埼玉県上尾市今泉1-7-2", "P29_006": "3", "P29_007": "1", "P29_008": "00", "P29_009": null }, "geometry": { "type": "Point", "coordinates": [ 139.573913000932663, 35.97027700144973 ] } },
{ "type": "Feature", "properties": { "P29_001": "11219", "P29_002": "B111221900194", "P29_003": "16001", "P29_004": "上尾市立東町小学校", "P29_005": "埼玉県上尾市東町3-1947", "P29_006": "3", "P29_007": "1", "P29_008": "00", "P29_009": null }, "geometry": { "type": "Point", "coordinates": [ 139.605668181045388, 35.97440899831961 ] } },
{ "type": "Feature", "properties": { "P29_001": "11219", "P29_002": "B111221900201", "P29_003": "16001", "P29_004": "上尾市立平方北小学校", "P29_005": "埼玉県上尾市平方3657", "P29_006": "3", "P29_007": "1", "P29_008": "00", "P29_009": null }, "geometry": { "type": "Point", "coordinates": [ 139.556331003529607, 35.95711299876055 ] } },
{ "type": "Feature", "properties": { "P29_001": "11219", "P29_002": "B111221900210", "P29_003": "16001", "P29_004": "上尾市立大石北小学校", "P29_005": "埼玉県上尾市井戸木4-23", "P29_006": "3", "P29_007": "1", "P29_008": "00", "P29_009": null }, "geometry": { "type": "Point", "coordinates": [ 139.561694443061867, 35.985692550794802 ] } },
{ "type": "Feature", "properties": { "P29_001": "11219", "P29_002": "B111221900229", "P29_003": "16001", "P29_004": "上尾市立上平北小学校", "P29_005": "埼玉県上尾市大字南287", "P29_006": "3", "P29_007": "1", "P29_008": "00", "P29_009": null }, "geometry": { "type": "Point", "coordinates": [ 139.586964917681343, 36.003879928463896 ] } },
{ "type": "Feature", "properties": { "P29_001": "11221", "P29_002": "B111222100010", "P29_003": "16001", "P29_004": "草加市立草加小学校", "P29_005": "埼玉県草加市住吉1-11-64", "P29_006": "3", "P29_007": "1", "P29_008": "00", "P29_009": null }, "geometry": { "type": "Point", "coordinates": [ 139.805226711069395, 35.832122156106536 ] } },
{ "type": "Feature", "properties": { "P29_001": "11221", "P29_002": "B111222100029", "P29_003": "16001", "P29_004": "草加市立高砂小学校", "P29_005": "埼玉県草加市中央1-2-5", "P29_006": "3", "P29_007": "1", "P29_008": "00", "P29_009": null }, "geometry": { "type": "Point", "coordinates": [ 139.808129677032838, 35.825979152512744 ] } },
{ "type": "Feature", "properties": { "P29_001": "11221", "P29_002": "B111222100038", "P29_003": "16001", "P29_004": "草加市立新田小学校", "P29_005": "埼玉県草加市旭町6-12-11", "P29_006": "3", "P29_007": "1", "P29_008": "00", "P29_009": null }, "geometry": { "type": "Point", "coordinates": [ 139.789758004823682, 35.85154999779909 ] } },
{ "type": "Feature", "properties": { "P29_001": "11221", "P29_002": "B111222100047", "P29_003": "16001", "P29_004": "草加市立谷塚小学校", "P29_005": "埼玉県草加市谷塚仲町440", "P29_006": "3", "P29_007": "1", "P29_008": "00", "P29_009": null }, "geometry": { "type": "Point", "coordinates": [ 139.794653399764229, 35.815757400624662 ] } },
{ "type": "Feature", "properties": { "P29_001": "11221", "P29_002": "B111222100056", "P29_003": "16001", "P29_004": "草加市立栄小学校", "P29_005": "埼玉県草加市松原1-3-2", "P29_006": "3", "P29_007": "1", "P29_008": "00", "P29_009": null }, "geometry": { "type": "Point", "coordinates": [ 139.79785114313313, 35.844652055818166 ] } },
{ "type": "Feature", "properties": { "P29_001": "11221", "P29_002": "B111222100065", "P29_003": "16001", "P29_004": "草加市立川柳小学校", "P29_005": "埼玉県草加市青柳7-27-10", "P29_006": "3", "P29_007": "1", "P29_008": "00", "P29_009": null }, "geometry": { "type": "Point", "coordinates": [ 139.821061000561542, 35.857800002018365 ] } },
{ "type": "Feature", "properties": { "P29_001": "11221", "P29_002": "B111222100074", "P29_003": "16001", "P29_004": "草加市立瀬崎小学校", "P29_005": "埼玉県草加市瀬崎2-32-1", "P29_006": "3", "P29_007": "1", "P29_008": "00", "P29_009": null }, "geometry": { "type": "Point", "coordinates": [ 139.806423516427969, 35.815351828241553 ] } },
{ "type": "Feature", "properties": { "P29_001": "11221", "P29_002": "B111222100083", "P29_003": "16001", "P29_004": "草加市立西町小学校", "P29_005": "埼玉県草加市西町270", "P29_006": "3", "P29_007": "1", "P29_008": "00", "P29_009": null }, "geometry": { "type": "Point", "coordinates": [ 139.7943073207243, 35.827939329694914 ] } },
{ "type": "Feature", "properties": { "P29_001": "11221", "P29_002": "B111222100092", "P29_003": "16001", "P29_004": "草加市立新里小学校", "P29_005": "埼玉県草加市新里町759", "P29_006": "3", "P29_007": "1", "P29_008": "00", "P29_009": null }, "geometry": { "type": "Point", "coordinates": [ 139.783090683735253, 35.818268059132187 ] } },
{ "type": "Feature", "properties": { "P29_001": "11221", "P29_002": "B111222100109", "P29_003": "16001", "P29_004": "草加市立花栗南小学校", "P29_005": "埼玉県草加市花栗4-3-1", "P29_006": "3", "P29_007": "1", "P29_008": "00", "P29_009": null }, "geometry": { "type": "Point", "coordinates": [ 139.794327947106012, 35.838185968927284 ] } },
{ "type": "Feature", "properties": { "P29_001": "11221", "P29_002": "B111222100118", "P29_003": "16001", "P29_004": "草加市立八幡小学校", "P29_005": "埼玉県草加市八幡町65", "P29_006": "3", "P29_007": "1", "P29_008": "00", "P29_009": null }, "geometry": { "type": "Point", "coordinates": [ 139.813950005167925, 35.848857001222264 ] } },
{ "type": "Feature", "properties": { "P29_001": "11221", "P29_002": "B111222100127", "P29_003": "16001", "P29_004": "草加市立新栄小学校", "P29_005": "埼玉県草加市新栄4-959", "P29_006": "3", "P29_007": "1", "P29_008": "00", "P29_009": null }, "geometry": { "type": "Point", "coordinates": [ 139.769399004384383, 35.861547995420288 ] } },
{ "type": "Feature", "properties": { "P29_001": "11221", "P29_002": "B111222100136", "P29_003": "16001", "P29_004": "草加市立清門小学校", "P29_005": "埼玉県草加市清門町3-37-1", "P29_006": "3", "P29_007": "1", "P29_008": "00", "P29_009": null }, "geometry": { "type": "Point", "coordinates": [ 139.777992995435881, 35.853844002163278 ] } },
{ "type": "Feature", "properties": { "P29_001": "11221", "P29_002": "B111222100145", "P29_003": "16001", "P29_004": "草加市立稲荷小学校", "P29_005": "埼玉県草加市稲荷5-11-1", "P29_006": "3", "P29_007": "1", "P29_008": "00", "P29_009": null }, "geometry": { "type": "Point", "coordinates": [ 139.821441752417428, 35.83808386747932 ] } },
{ "type": "Feature", "properties": { "P29_001": "11221", "P29_002": "B111222100154", "P29_003": "16001", "P29_004": "草加市立氷川小学校", "P29_005": "埼玉県草加市氷川町448", "P29_006": "3", "P29_007": "1", "P29_008": "00", "P29_009": null }, "geometry": { "type": "Point", "coordinates": [ 139.795233381404103, 35.820774131736158 ] } },
{ "type": "Feature", "properties": { "P29_001": "11221", "P29_002": "B111222100163", "P29_003": "16001", "P29_004": "草加市立八幡北小学校", "P29_005": "埼玉県草加市八幡町1148", "P29_006": "3", "P29_007": "1", "P29_008": "00", "P29_009": null }, "geometry": { "type": "Point", "coordinates": [ 139.812061995732108, 35.857772002955585 ] } },
{ "type": "Feature", "properties": { "P29_001": "11221", "P29_002": "B111222100172", "P29_003": "16001", "P29_004": "草加市立長栄小学校", "P29_005": "埼玉県草加市長栄1-762", "P29_006": "3", "P29_007": "1", "P29_008": "00", "P29_009": null }, "geometry": { "type": "Point", "coordinates": [ 139.784716320356068, 35.857840976843313 ] } },
{ "type": "Feature", "properties": { "P29_001": "11221", "P29_002": "B111222100181", "P29_003": "16001", "P29_004": "草加市立青柳小学校", "P29_005": "埼玉県草加市青柳3-17-1", "P29_006": "3", "P29_007": "1", "P29_008": "00", "P29_009": null }, "geometry": { "type": "Point", "coordinates": [ 139.82516085234019, 35.847450229963734 ] } },
{ "type": "Feature", "properties": { "P29_001": "11221", "P29_002": "B111222100190", "P29_003": "16001", "P29_004": "草加市立小山小学校", "P29_005": "埼玉県草加市小山2-8-1", "P29_006": "3", "P29_007": "1", "P29_008": "00", "P29_009": null }, "geometry": { "type": "Point", "coordinates": [ 139.779592995690223, 35.837134998216861 ] } },
{ "type": "Feature", "properties": { "P29_001": "11221", "P29_002": "B111222100207", "P29_003": "16001", "P29_004": "草加市立両新田小学校", "P29_005": "埼玉県草加市両新田西町55", "P29_006": "3", "P29_007": "1", "P29_008": "00", "P29_009": null }, "geometry": { "type": "Point", "coordinates": [ 139.785292847123941, 35.810799337565264 ] } },
{ "type": "Feature", "properties": { "P29_001": "11221", "P29_002": "B111222100216", "P29_003": "16001", "P29_004": "草加市立松原小学校", "P29_005": "埼玉県草加市松原4-2-1", "P29_006": "3", "P29_007": "1", "P29_008": "00", "P29_009": null }, "geometry": { "type": "Point", "coordinates": [ 139.791313999229089, 35.842135001342143 ] } },
{ "type": "Feature", "properties": { "P29_001": "11222", "P29_002": "B111222200019", "P29_003": "16001", "P29_004": "越谷市立越ヶ谷小学校", "P29_005": "埼玉県越谷市中町1-41", "P29_006": "3", "P29_007": "1", "P29_008": "00", "P29_009": null }, "geometry": { "type": "Point", "coordinates": [ 139.785207682547878, 35.892108191231685 ] } },
{ "type": "Feature", "properties": { "P29_001": "11222", "P29_002": "B111222200028", "P29_003": "16001", "P29_004": "越谷市立大沢小学校", "P29_005": "埼玉県越谷市大沢2-13-21", "P29_006": "3", "P29_007": "1", "P29_008": "00", "P29_009": null }, "geometry": { "type": "Point", "coordinates": [ 139.784660873421018, 35.900788444756913 ] } },
{ "type": "Feature", "properties": { "P29_001": "11222", "P29_002": "B111222200037", "P29_003": "16001", "P29_004": "越谷市立新方小学校", "P29_005": "埼玉県越谷市北川崎178", "P29_006": "3", "P29_007": "1", "P29_008": "00", "P29_009": null }, "geometry": { "type": "Point", "coordinates": [ 139.810030996232513, 35.931871999491079 ] } },
{ "type": "Feature", "properties": { "P29_001": "11222", "P29_002": "B111222200046", "P29_003": "16001", "P29_004": "越谷市立桜井小学校", "P29_005": "埼玉県越谷市大泊1140", "P29_006": "3", "P29_007": "1", "P29_008": "00", "P29_009": null }, "geometry": { "type": "Point", "coordinates": [ 139.783339066564452, 35.939560447491033 ] } },
{ "type": "Feature", "properties": { "P29_001": "11222", "P29_002": "B111222200055", "P29_003": "16001", "P29_004": "越谷市立大袋小学校", "P29_005": "埼玉県越谷市大竹147", "P29_006": "3", "P29_007": "1", "P29_008": "00", "P29_009": null }, "geometry": { "type": "Point", "coordinates": [ 139.769267774676223, 35.920837960881968 ] } },
{ "type": "Feature", "properties": { "P29_001": "11222", "P29_002": "B111222200064", "P29_003": "16001", "P29_004": "越谷市立荻島小学校", "P29_005": "埼玉県越谷市南荻島902", "P29_006": "3", "P29_007": "1", "P29_008": "00", "P29_009": null }, "geometry": { "type": "Point", "coordinates": [ 139.765392180217333, 35.906056849728763 ] } },
{ "type": "Feature", "properties": { "P29_001": "11222", "P29_002": "B111222200073", "P29_003": "16001", "P29_004": "越谷市立出羽小学校", "P29_005": "埼玉県越谷市谷中町2-69", "P29_006": "3", "P29_007": "1", "P29_008": "00", "P29_009": null }, "geometry": { "type": "Point", "coordinates": [ 139.772551934072453, 35.880022770742045 ] } },
{ "type": "Feature", "properties": { "P29_001": "11222", "P29_002": "B111222200082", "P29_003": "16001", "P29_004": "越谷市立蒲生小学校", "P29_005": "埼玉県越谷市蒲生旭町1-75", "P29_006": "3", "P29_007": "1", "P29_008": "00", "P29_009": null }, "geometry": { "type": "Point", "coordinates": [ 139.798088047644086, 35.868790277424473 ] } },
{ "type": "Feature", "properties": { "P29_001": "11222", "P29_002": "B111222200091", "P29_003": "16001", "P29_004": "越谷市立大相模小学校", "P29_005": "埼玉県越谷市大成町2-1", "P29_006": "3", "P29_007": "1", "P29_008": "00", "P29_009": null }, "geometry": { "type": "Point", "coordinates": [ 139.820594364067489, 35.886402452193416 ] } },
{ "type": "Feature", "properties": { "P29_001": "11222", "P29_002": "B111222200108", "P29_003": "16001", "P29_004": "越谷市立増林小学校", "P29_005": "埼玉県越谷市増林2-512", "P29_006": "3", "P29_007": "1", "P29_008": "00", "P29_009": null }, "geometry": { "type": "Point", "coordinates": [ 139.817919995102272, 35.908265003005994 ] } },
{ "type": "Feature", "properties": { "P29_001": "11222", "P29_002": "B111222200117", "P29_003": "16001", "P29_004": "越谷市立川柳小学校", "P29_005": "埼玉県越谷市川柳町1-471-1", "P29_006": "3", "P29_007": "1", "P29_008": "00", "P29_009": null }, "geometry": { "type": "Point", "coordinates": [ 139.812949998732108, 35.873074997544279 ] } },
{ "type": "Feature", "properties": { "P29_001": "11222", "P29_002": "B111222200126", "P29_003": "16001", "P29_004": "越谷市立南越谷小学校", "P29_005": "埼玉県越谷市南越谷4-21-1", "P29_006": "3", "P29_007": "1", "P29_008": "00", "P29_009": null }, "geometry": { "type": "Point", "coordinates": [ 139.785757996079809, 35.8749359971697 ] } },
{ "type": "Feature", "properties": { "P29_001": "11222", "P29_002": "B111222200144", "P29_003": "16001", "P29_004": "越谷市立東越谷小学校", "P29_005": "埼玉県越谷市東越谷6-1040", "P29_006": "3", "P29_007": "1", "P29_008": "00", "P29_009": null }, "geometry": { "type": "Point", "coordinates": [ 139.798894003089259, 35.899070998736384 ] } },
{ "type": "Feature", "properties": { "P29_001": "11222", "P29_002": "B111222200153", "P29_003": "16001", "P29_004": "越谷市立大沢北小学校", "P29_005": "埼玉県越谷市大林580", "P29_006": "3", "P29_007": "1", "P29_008": "00", "P29_009": null }, "geometry": { "type": "Point", "coordinates": [ 139.787837996618862, 35.915624001898543 ] } },
{ "type": "Feature", "properties": { "P29_001": "11222", "P29_002": "B111222200162", "P29_003": "16001", "P29_004": "越谷市立大袋北小学校", "P29_005": "埼玉県越谷市大字袋山515", "P29_006": "3", "P29_007": "1", "P29_008": "00", "P29_009": null }, "geometry": { "type": "Point", "coordinates": [ 139.772112366491939, 35.930676229651006 ] } },
{ "type": "Feature", "properties": { "P29_001": "11222", "P29_002": "B111222200171", "P29_003": "16001", "P29_004": "越谷市立蒲生南小学校", "P29_005": "埼玉県越谷市南町1-8-1", "P29_006": "3", "P29_007": "1", "P29_008": "00", "P29_009": null }, "geometry": { "type": "Point", "coordinates": [ 139.805451000020298, 35.863132003270174 ] } },
{ "type": "Feature", "properties": { "P29_001": "11222", "P29_002": "B111222200180", "P29_003": "16001", "P29_004": "越谷市立北越谷小学校", "P29_005": "埼玉県越谷市北越谷3-10-38", "P29_006": "3", "P29_007": "1", "P29_008": "00", "P29_009": null }, "geometry": { "type": "Point", "coordinates": [ 139.771967389582898, 35.902109020256916 ] } },
{ "type": "Feature", "properties": { "P29_001": "11222", "P29_002": "B111222200199", "P29_003": "16001", "P29_004": "越谷市立大袋東小学校", "P29_005": "埼玉県越谷市袋山1750", "P29_006": "3", "P29_007": "1", "P29_008": "00", "P29_009": null }, "geometry": { "type": "Point", "coordinates": [ 139.774615707929172, 35.918210419115319 ] } },
{ "type": "Feature", "properties": { "P29_001": "11222", "P29_002": "B111222200206", "P29_003": "16001", "P29_004": "越谷市立平方小学校", "P29_005": "埼玉県越谷市大字平方2784", "P29_006": "3", "P29_007": "1", "P29_008": "00", "P29_009": null }, "geometry": { "type": "Point", "coordinates": [ 139.784817163797186, 35.947215224540507 ] } },
{ "type": "Feature", "properties": { "P29_001": "11222", "P29_002": "B111222200215", "P29_003": "16001", "P29_004": "越谷市立弥栄小学校", "P29_005": "埼玉県越谷市北川崎725", "P29_006": "3", "P29_007": "1", "P29_008": "00", "P29_009": null }, "geometry": { "type": "Point", "coordinates": [ 139.797618798206315, 35.926083781060761 ] } },
{ "type": "Feature", "properties": { "P29_001": "11222", "P29_002": "B111222200224", "P29_003": "16001", "P29_004": "越谷市立大間野小学校", "P29_005": "埼玉県越谷市大間野町2-115", "P29_006": "3", "P29_007": "1", "P29_008": "00", "P29_009": null }, "geometry": { "type": "Point", "coordinates": [ 139.782870961089117, 35.865940971079745 ] } },
{ "type": "Feature", "properties": { "P29_001": "11222", "P29_002": "B111222200233", "P29_003": "16001", "P29_004": "越谷市立宮本小学校", "P29_005": "埼玉県越谷市宮本町5-85", "P29_006": "3", "P29_007": "1", "P29_008": "00", "P29_009": null }, "geometry": { "type": "Point", "coordinates": [ 139.773674997028706, 35.88996099569578 ] } },
{ "type": "Feature", "properties": { "P29_001": "11222", "P29_002": "B111222200242", "P29_003": "16001", "P29_004": "越谷市立西方小学校", "P29_005": "埼玉県越谷市西方2-12-1", "P29_006": "3", "P29_007": "1", "P29_008": "00", "P29_009": null }, "geometry": { "type": "Point", "coordinates": [ 139.796842132877259, 35.88489325671604 ] } },
{ "type": "Feature", "properties": { "P29_001": "11222", "P29_002": "B111222200251", "P29_003": "16001", "P29_004": "越谷市立鷺後小学校", "P29_005": "埼玉県越谷市東大沢2-1-1", "P29_006": "3", "P29_007": "1", "P29_008": "00", "P29_009": null }, "geometry": { "type": "Point", "coordinates": [ 139.787080827543974, 35.910593413506923 ] } },
{ "type": "Feature", "properties": { "P29_001": "11222", "P29_002": "B111222200260", "P29_003": "16001", "P29_004": "越谷市立明正小学校", "P29_005": "埼玉県越谷市川柳町1-401", "P29_006": "3", "P29_007": "1", "P29_008": "00", "P29_009": null }, "geometry": { "type": "Point", "coordinates": [ 139.811450002285937, 35.875131003141803 ] } },
{ "type": "Feature", "properties": { "P29_001": "11222", "P29_002": "B111222200279", "P29_003": "16001", "P29_004": "越谷市立千間台小学校", "P29_005": "埼玉県越谷市千間台西5-4", "P29_006": "3", "P29_007": "1", "P29_008": "00", "P29_009": null }, "geometry": { "type": "Point", "coordinates": [ 139.764533998209629, 35.931954000412297 ] } },
{ "type": "Feature", "properties": { "P29_001": "11222", "P29_002": "B111222200288", "P29_003": "16001", "P29_004": "越谷市立桜井南小学校", "P29_005": "埼玉県越谷市下間久里226", "P29_006": "3", "P29_007": "1", "P29_008": "00", "P29_009": null }, "geometry": { "type": "Point", "coordinates": [ 139.785893998900718, 35.924400998978484 ] } },
{ "type": "Feature", "properties": { "P29_001": "11222", "P29_002": "B111222200297", "P29_003": "16001", "P29_004": "越谷市立花田小学校", "P29_005": "埼玉県越谷市花田4-14-1", "P29_006": "3", "P29_007": "1", "P29_008": "00", "P29_009": null }, "geometry": { "type": "Point", "coordinates": [ 139.801607590336488, 35.905810000479086 ] } },
{ "type": "Feature", "properties": { "P29_001": "11222", "P29_002": "B111222200304", "P29_003": "16001", "P29_004": "越谷市立城ノ上小学校", "P29_005": "埼玉県越谷市増林6066-1", "P29_006": "3", "P29_007": "1", "P29_008": "00", "P29_009": null }, "geometry": { "type": "Point", "coordinates": [ 139.807797994891217, 35.900929998245672 ] } },
{ "type": "Feature", "properties": { "P29_001": "11223", "P29_002": "B111222300018", "P29_003": "16001", "P29_004": "蕨市立東小学校", "P29_005": "埼玉県蕨市塚越3-10-36", "P29_006": "3", "P29_007": "1", "P29_008": "00", "P29_009": null }, "geometry": { "type": "Point", "coordinates": [ 139.699319342224044, 35.82512703221505 ] } },
{ "type": "Feature", "properties": { "P29_001": "11223", "P29_002": "B111222300027", "P29_003": "16001", "P29_004": "蕨市立西小学校", "P29_005": "埼玉県蕨市錦町5-11-30", "P29_006": "3", "P29_007": "1", "P29_008": "00", "P29_009": null }, "geometry": { "type": "Point", "coordinates": [ 139.668260851887652, 35.830375996860099 ] } },
{ "type": "Feature", "properties": { "P29_001": "11223", "P29_002": "B111222300036", "P29_003": "16001", "P29_004": "蕨市立南小学校", "P29_005": "埼玉県蕨市南町1-36-6", "P29_006": "3", "P29_007": "1", "P29_008": "00", "P29_009": null }, "geometry": { "type": "Point", "coordinates": [ 139.692127826486399, 35.818244315429887 ] } },
{ "type": "Feature", "properties": { "P29_001": "11223", "P29_002": "B111222300045", "P29_003": "16001", "P29_004": "蕨市立北小学校", "P29_005": "埼玉県蕨市北町2-11-6", "P29_006": "3", "P29_007": "1", "P29_008": "00", "P29_009": null }, "geometry": { "type": "Point", "coordinates": [ 139.678580675791949, 35.82699351377849 ] } },
{ "type": "Feature", "properties": { "P29_001": "11223", "P29_002": "B111222300054", "P29_003": "16001", "P29_004": "蕨市立中央小学校", "P29_005": "埼玉県蕨市中央6-8-25", "P29_006": "3", "P29_007": "1", "P29_008": "00", "P29_009": null }, "geometry": { "type": "Point", "coordinates": [ 139.683650895172974, 35.821496601932502 ] } },
{ "type": "Feature", "properties": { "P29_001": "11223", "P29_002": "B111222300063", "P29_003": "16001", "P29_004": "蕨市立中央東小学校", "P29_005": "埼玉県蕨市中央7-18-7", "P29_006": "3", "P29_007": "1", "P29_008": "00", "P29_009": null }, "geometry": { "type": "Point", "coordinates": [ 139.68768292497046, 35.818646210607909 ] } },
{ "type": "Feature", "properties": { "P29_001": "11223", "P29_002": "B111222300072", "P29_003": "16001", "P29_004": "蕨市立塚越小学校", "P29_005": "埼玉県蕨市塚越5-7-20", "P29_006": "3", "P29_007": "1", "P29_008": "00", "P29_009": null }, "geometry": { "type": "Point", "coordinates": [ 139.704840599571867, 35.824324685739256 ] } },
{ "type": "Feature", "properties": { "P29_001": "11224", "P29_002": "B111222400017", "P29_003": "16001", "P29_004": "戸田市立戸田第一小学校", "P29_005": "埼玉県戸田市上戸田3-7-5", "P29_006": "3", "P29_007": "1", "P29_008": "00", "P29_009": null }, "geometry": { "type": "Point", "coordinates": [ 139.676936004279497, 35.813468002650978 ] } },
{ "type": "Feature", "properties": { "P29_001": "11224", "P29_002": "B111222400026", "P29_003": "16001", "P29_004": "戸田市立戸田第二小学校", "P29_005": "埼玉県戸田市喜沢南2-2-37", "P29_006": "3", "P29_007": "1", "P29_008": "00", "P29_009": null }, "geometry": { "type": "Point", "coordinates": [ 139.692101002453796, 35.804554001078941 ] } },
{ "type": "Feature", "properties": { "P29_001": "11224", "P29_002": "B111222400035", "P29_003": "16001", "P29_004": "戸田市立新曽小学校", "P29_005": "埼玉県戸田市新曽南2-13-8", "P29_006": "3", "P29_007": "1", "P29_008": "00", "P29_009": null }, "geometry": { "type": "Point", "coordinates": [ 139.663659995179955, 35.810523996073499 ] } },
{ "type": "Feature", "properties": { "P29_001": "11224", "P29_002": "B111222400044", "P29_003": "16001", "P29_004": "戸田市立美谷本小学校", "P29_005": "埼玉県戸田市美女木7-11-3", "P29_006": "3", "P29_007": "1", "P29_008": "00", "P29_009": null }, "geometry": { "type": "Point", "coordinates": [ 139.637106002658925, 35.826160001345421 ] } },
{ "type": "Feature", "properties": { "P29_001": "11224", "P29_002": "B111222400053", "P29_003": "16001", "P29_004": "戸田市立笹目小学校", "P29_005": "埼玉県戸田市笹目6-9-1", "P29_006": "3", "P29_007": "1", "P29_008": "00", "P29_009": null }, "geometry": { "type": "Point", "coordinates": [ 139.645133000286677, 35.81471700273061 ] } },
{ "type": "Feature", "properties": { "P29_001": "11224", "P29_002": "B111222400062", "P29_003": "16001", "P29_004": "戸田市立戸田東小学校", "P29_005": "埼玉県戸田市下戸田1-11-15", "P29_006": "3", "P29_007": "1", "P29_008": "00", "P29_009": null }, "geometry": { "type": "Point", "coordinates": [ 139.685285387184479, 35.814105345874538 ] } },
{ "type": "Feature", "properties": { "P29_001": "11224", "P29_002": "B111222400071", "P29_003": "16001", "P29_004": "戸田市立戸田南小学校", "P29_005": "埼玉県戸田市本町4-8-2", "P29_006": "3", "P29_007": "1", "P29_008": "00", "P29_009": null }, "geometry": { "type": "Point", "coordinates": [ 139.681046999056321, 35.807025003490587 ] } },
{ "type": "Feature", "properties": { "P29_001": "11224", "P29_002": "B111222400080", "P29_003": "16001", "P29_004": "戸田市立喜沢小学校", "P29_005": "埼玉県戸田市喜沢1-48-6", "P29_006": "3", "P29_007": "1", "P29_008": "00", "P29_009": null }, "geometry": { "type": "Point", "coordinates": [ 139.696473711567137, 35.812033076780182 ] } },
{ "type": "Feature", "properties": { "P29_001": "11224", "P29_002": "B111222400099", "P29_003": "16001", "P29_004": "戸田市立笹目東小学校", "P29_005": "埼玉県戸田市笹目3-17-12", "P29_006": "3", "P29_007": "1", "P29_008": "00", "P29_009": null }, "geometry": { "type": "Point", "coordinates": [ 139.65113299561412, 35.815245000563145 ] } },
{ "type": "Feature", "properties": { "P29_001": "11224", "P29_002": "B111222400106", "P29_003": "16001", "P29_004": "戸田市立新曽北小学校", "P29_005": "埼玉県戸田市大字新曽1367", "P29_006": "3", "P29_007": "1", "P29_008": "00", "P29_009": null }, "geometry": { "type": "Point", "coordinates": [ 139.664675327883657, 35.818172950337576 ] } },
{ "type": "Feature", "properties": { "P29_001": "11224", "P29_002": "B111222400115", "P29_003": "16001", "P29_004": "戸田市立美女木小学校", "P29_005": "埼玉県戸田市美女木2-33-1", "P29_006": "3", "P29_007": "1", "P29_008": "00", "P29_009": null }, "geometry": { "type": "Point", "coordinates": [ 139.646803526067032, 35.828049483429197 ] } },
{ "type": "Feature", "properties": { "P29_001": "11224", "P29_002": "B111222400124", "P29_003": "16001", "P29_004": "戸田市立芦原小学校", "P29_005": "埼玉県戸田市大字新曽1961", "P29_006": "3", "P29_007": "1", "P29_008": "00", "P29_009": null }, "geometry": { "type": "Point", "coordinates": [ 139.661517001328463, 35.824614002387023 ] } },
{ "type": "Feature", "properties": { "P29_001": "11225", "P29_002": "B111222500016", "P29_003": "16001", "P29_004": "入間市立豊岡小学校", "P29_005": "埼玉県入間市向陽台1-1-14", "P29_006": "3", "P29_007": "1", "P29_008": "00", "P29_009": null }, "geometry": { "type": "Point", "coordinates": [ 139.393392284108842, 35.83828118364876 ] } },
{ "type": "Feature", "properties": { "P29_001": "11225", "P29_002": "B111222500025", "P29_003": "16001", "P29_004": "入間市立東金子小学校", "P29_005": "埼玉県入間市小谷田1524", "P29_006": "3", "P29_007": "1", "P29_008": "00", "P29_009": null }, "geometry": { "type": "Point", "coordinates": [ 139.365768002035111, 35.829514997939484 ] } },
{ "type": "Feature", "properties": { "P29_001": "11225", "P29_002": "B111222500034", "P29_003": "16001", "P29_004": "入間市立金子小学校", "P29_005": "埼玉県入間市西三ツ木150", "P29_006": "3", "P29_007": "1", "P29_008": "00", "P29_009": null }, "geometry": { "type": "Point", "coordinates": [ 139.334519997883518, 35.815238996575509 ] } },
{ "type": "Feature", "properties": { "P29_001": "11225", "P29_002": "B111222500043", "P29_003": "16001", "P29_004": "入間市立宮寺小学校", "P29_005": "埼玉県入間市宮寺594-1", "P29_006": "3", "P29_007": "1", "P29_008": "00", "P29_009": null }, "geometry": { "type": "Point", "coordinates": [ 139.378489996028208, 35.79229800214361 ] } },
{ "type": "Feature", "properties": { "P29_001": "11225", "P29_002": "B111222500052", "P29_003": "16001", "P29_004": "入間市立藤沢小学校", "P29_005": "埼玉県入間市上藤沢384", "P29_006": "3", "P29_007": "1", "P29_008": "00", "P29_009": null }, "geometry": { "type": "Point", "coordinates": [ 139.400838607946469, 35.822795591890618 ] } },
{ "type": "Feature", "properties": { "P29_001": "11225", "P29_002": "B111222500061", "P29_003": "16001", "P29_004": "入間市立狭山小学校", "P29_005": "埼玉県入間市二本木65-1", "P29_006": "3", "P29_007": "1", "P29_008": "00", "P29_009": null }, "geometry": { "type": "Point", "coordinates": [ 139.368518000320989, 35.802601997717531 ] } },
{ "type": "Feature", "properties": { "P29_001": "11225", "P29_002": "B111222500070", "P29_003": "16001", "P29_004": "入間市立西武小学校", "P29_005": "埼玉県入間市野田512", "P29_006": "3", "P29_007": "1", "P29_008": "00", "P29_009": null }, "geometry": { "type": "Point", "coordinates": [ 139.353629003222494, 35.842458000765035 ] } },
{ "type": "Feature", "properties": { "P29_001": "11225", "P29_002": "B111222500089", "P29_003": "16001", "P29_004": "入間市立藤沢南小学校", "P29_005": "埼玉県入間市上藤沢52", "P29_006": "3", "P29_007": "1", "P29_008": "00", "P29_009": null }, "geometry": { "type": "Point", "coordinates": [ 139.400716996158877, 35.812125161733526 ] } },
{ "type": "Feature", "properties": { "P29_001": "11225", "P29_002": "B111222500098", "P29_003": "16001", "P29_004": "入間市立黒須小学校", "P29_005": "埼玉県入間市春日町2-14-60", "P29_006": "3", "P29_007": "1", "P29_008": "00", "P29_009": null }, "geometry": { "type": "Point", "coordinates": [ 139.386267405713795, 35.850049629956118 ] } },
{ "type": "Feature", "properties": { "P29_001": "11225", "P29_002": "B111222500105", "P29_003": "16001", "P29_004": "入間市立扇小学校", "P29_005": "埼玉県入間市久保稲荷4-1195-2", "P29_006": "3", "P29_007": "1", "P29_008": "00", "P29_009": null }, "geometry": { "type": "Point", "coordinates": [ 139.388970651468952, 35.824002289178956 ] } },
{ "type": "Feature", "properties": { "P29_001": "11225", "P29_002": "B111222500114", "P29_003": "16001", "P29_004": "入間市立藤沢東小学校", "P29_005": "埼玉県入間市東藤沢7-9-1", "P29_006": "3", "P29_007": "1", "P29_008": "00", "P29_009": null }, "geometry": { "type": "Point", "coordinates": [ 139.409764002468791, 35.815546001307894 ] } },
{ "type": "Feature", "properties": { "P29_001": "11225", "P29_002": "B111222500123", "P29_003": "16001", "P29_004": "入間市立藤沢北小学校", "P29_005": "埼玉県入間市東町7-1-19", "P29_006": "3", "P29_007": "1", "P29_008": "00", "P29_009": null }, "geometry": { "type": "Point", "coordinates": [ 139.402626000382014, 35.82676699748027 ] } },
{ "type": "Feature", "properties": { "P29_001": "11225", "P29_002": "B111222500132", "P29_003": "16001", "P29_004": "入間市立仏子小学校", "P29_005": "埼玉県入間市仏子165", "P29_006": "3", "P29_007": "1", "P29_008": "00", "P29_009": null }, "geometry": { "type": "Point", "coordinates": [ 139.352463003263324, 35.837708003857799 ] } },
{ "type": "Feature", "properties": { "P29_001": "11225", "P29_002": "B111222500141", "P29_003": "16001", "P29_004": "入間市立新久小学校", "P29_005": "埼玉県入間市新久500", "P29_006": "3", "P29_007": "1", "P29_008": "00", "P29_009": null }, "geometry": { "type": "Point", "coordinates": [ 139.363379004510307, 35.820378002272335 ] } },
{ "type": "Feature", "properties": { "P29_001": "11225", "P29_002": "B111222500150", "P29_003": "16001", "P29_004": "入間市立東町小学校", "P29_005": "埼玉県入間市向陽台2-1009-3", "P29_006": "3", "P29_007": "1", "P29_008": "00", "P29_009": null }, "geometry": { "type": "Point", "coordinates": [ 139.40022103555421, 35.835120322642119 ] } },
{ "type": "Feature", "properties": { "P29_001": "11225", "P29_002": "B111222500169", "P29_003": "16001", "P29_004": "入間市立高倉小学校", "P29_005": "埼玉県入間市高倉4-14-7", "P29_006": "3", "P29_007": "1", "P29_008": "00", "P29_009": null }, "geometry": { "type": "Point", "coordinates": [ 139.378599994481988, 35.834821001510882 ] } },
{ "type": "Feature", "properties": { "P29_001": "11227", "P29_002": "B111222700014", "P29_003": "16001", "P29_004": "朝霞市立朝霞第一小学校", "P29_005": "埼玉県朝霞市膝折町4-11-7", "P29_006": "3", "P29_007": "1", "P29_008": "00", "P29_009": null }, "geometry": { "type": "Point", "coordinates": [ 139.582244778322035, 35.801089183789628 ] } },
{ "type": "Feature", "properties": { "P29_001": "11227", "P29_002": "B111222700023", "P29_003": "16001", "P29_004": "朝霞市立朝霞第二小学校", "P29_005": "埼玉県朝霞市岡3-16-13", "P29_006": "3", "P29_007": "1", "P29_008": "00", "P29_009": null }, "geometry": { "type": "Point", "coordinates": [ 139.604388959193187, 35.809212995613457 ] } },
{ "type": "Feature", "properties": { "P29_001": "11227", "P29_002": "B111222700032", "P29_003": "16001", "P29_004": "朝霞市立朝霞第三小学校", "P29_005": "埼玉県朝霞市浜崎230", "P29_006": "3", "P29_007": "1", "P29_008": "00", "P29_009": null }, "geometry": { "type": "Point", "coordinates": [ 139.600250361815995, 35.819631320542584 ] } },
{ "type": "Feature", "properties": { "P29_001": "11227", "P29_002": "B111222700041", "P29_003": "16001", "P29_004": "朝霞市立朝霞第四小学校", "P29_005": "埼玉県朝霞市幸町1-6-9", "P29_006": "3", "P29_007": "1", "P29_008": "00", "P29_009": null }, "geometry": { "type": "Point", "coordinates": [ 139.587870237987914, 35.794634474492547 ] } },
{ "type": "Feature", "properties": { "P29_001": "11227", "P29_002": "B111222700050", "P29_003": "16001", "P29_004": "朝霞市立朝霞第五小学校", "P29_005": "埼玉県朝霞市泉水3-16-1", "P29_006": "3", "P29_007": "1", "P29_008": "00", "P29_009": null }, "geometry": { "type": "Point", "coordinates": [ 139.580747683577101, 35.810831029250082 ] } },
{ "type": "Feature", "properties": { "P29_001": "11227", "P29_002": "B111222700069", "P29_003": "16001", "P29_004": "朝霞市立朝霞第六小学校", "P29_005": "埼玉県朝霞市本町1-25-1", "P29_006": "3", "P29_007": "1", "P29_008": "00", "P29_009": null }, "geometry": { "type": "Point", "coordinates": [ 139.596499003135676, 35.804523996634387 ] } },
{ "type": "Feature", "properties": { "P29_001": "11227", "P29_002": "B111222700078", "P29_003": "16001", "P29_004": "朝霞市立朝霞第七小学校", "P29_005": "埼玉県朝霞市北原2-6-1", "P29_006": "3", "P29_007": "1", "P29_008": "00", "P29_009": null }, "geometry": { "type": "Point", "coordinates": [ 139.586483976249298, 35.819876107456608 ] } },
{ "type": "Feature", "properties": { "P29_001": "11227", "P29_002": "B111222700087", "P29_003": "16001", "P29_004": "朝霞市立朝霞第八小学校", "P29_005": "埼玉県朝霞市栄町5-1-41", "P29_006": "3", "P29_007": "1", "P29_008": "00", "P29_009": null }, "geometry": { "type": "Point", "coordinates": [ 139.595849783150555, 35.790902265945931 ] } },
{ "type": "Feature", "properties": { "P29_001": "11227", "P29_002": "B111222700096", "P29_003": "16001", "P29_004": "朝霞市立朝霞第九小学校", "P29_005": "埼玉県朝霞市台295", "P29_006": "3", "P29_007": "1", "P29_008": "00", "P29_009": null }, "geometry": { "type": "Point", "coordinates": [ 139.612075683153165, 35.809396392038657 ] } },
{ "type": "Feature", "properties": { "P29_001": "11227", "P29_002": "B111222700103", "P29_003": "16001", "P29_004": "朝霞市立朝霞第十小学校", "P29_005": "埼玉県朝霞市溝沼828-1", "P29_006": "3", "P29_007": "1", "P29_008": "00", "P29_009": null }, "geometry": { "type": "Point", "coordinates": [ 139.584466259265355, 35.804555662753472 ] } },
{ "type": "Feature", "properties": { "P29_001": "11228", "P29_002": "B111222800013", "P29_003": "16001", "P29_004": "志木市立志木小学校", "P29_005": "埼玉県志木市本町1-10-1", "P29_006": "3", "P29_007": "1", "P29_008": "00", "P29_009": null }, "geometry": { "type": "Point", "coordinates": [ 139.576467307232434, 35.831215993076341 ] } },
{ "type": "Feature", "properties": { "P29_001": "11228", "P29_002": "B111222800022", "P29_003": "16001", "P29_004": "志木市立宗岡小学校", "P29_005": "埼玉県志木市中宗岡3-1-1", "P29_006": "3", "P29_007": "1", "P29_008": "00", "P29_009": null }, "geometry": { "type": "Point", "coordinates": [ 139.589692998560253, 35.839464000198802 ] } },
{ "type": "Feature", "properties": { "P29_001": "11228", "P29_002": "B111222800031", "P29_003": "16001", "P29_004": "志木市立志木第二小学校", "P29_005": "埼玉県志木市館1-2-1", "P29_006": "3", "P29_007": "1", "P29_008": "00", "P29_009": null }, "geometry": { "type": "Point", "coordinates": [ 139.563350258695067, 35.826865217033955 ] } },
{ "type": "Feature", "properties": { "P29_001": "11228", "P29_002": "B111222800040", "P29_003": "16001", "P29_004": "志木市立宗岡第二小学校", "P29_005": "埼玉県志木市上宗岡3-13-1", "P29_006": "3", "P29_007": "1", "P29_008": "00", "P29_009": null }, "geometry": { "type": "Point", "coordinates": [ 139.582404101985276, 35.852624960077733 ] } },
{ "type": "Feature", "properties": { "P29_001": "11228", "P29_002": "B111222800059", "P29_003": "16001", "P29_004": "志木市立志木第三小学校", "P29_005": "埼玉県志木市柏町3-2-1", "P29_006": "3", "P29_007": "1", "P29_008": "00", "P29_009": null }, "geometry": { "type": "Point", "coordinates": [ 139.569232164394862, 35.832663788752242 ] } },
{ "type": "Feature", "properties": { "P29_001": "11228", "P29_002": "B111222800068", "P29_003": "16001", "P29_004": "志木市立宗岡第三小学校", "P29_005": "埼玉県志木市下宗岡1-15-30", "P29_006": "3", "P29_007": "1", "P29_008": "00", "P29_009": null }, "geometry": { "type": "Point", "coordinates": [ 139.592543642715924, 35.831154722607259 ] } },
{ "type": "Feature", "properties": { "P29_001": "11228", "P29_002": "B111222800077", "P29_003": "16001", "P29_004": "志木市立志木第四小学校", "P29_005": "埼玉県志木市館1-4-1", "P29_006": "3", "P29_007": "1", "P29_008": "00", "P29_009": null }, "geometry": { "type": "Point", "coordinates": [ 139.560500998381656, 35.826354003519754 ] } },
{ "type": "Feature", "properties": { "P29_001": "11228", "P29_002": "B111222800086", "P29_003": "16001", "P29_004": "志木市立宗岡第四小学校", "P29_005": "埼玉県志木市上宗岡1-1-2", "P29_006": "3", "P29_007": "1", "P29_008": "00", "P29_009": null }, "geometry": { "type": "Point", "coordinates": [ 139.581500231634323, 35.839690353886745 ] } },
{ "type": "Feature", "properties": { "P29_001": "11229", "P29_002": "B111222900012", "P29_003": "16001", "P29_004": "和光市立白子小学校", "P29_005": "埼玉県和光市白子3-2-10", "P29_006": "3", "P29_007": "1", "P29_008": "00", "P29_009": null }, "geometry": { "type": "Point", "coordinates": [ 139.624823187239571, 35.785020515764877 ] } },
{ "type": "Feature", "properties": { "P29_001": "11229", "P29_002": "B111222900021", "P29_003": "16001", "P29_004": "和光市立新倉小学校", "P29_005": "埼玉県和光市新倉2-2-39", "P29_006": "3", "P29_007": "1", "P29_008": "00", "P29_009": null }, "geometry": { "type": "Point", "coordinates": [ 139.619448830814662, 35.793158196585587 ] } },
{ "type": "Feature", "properties": { "P29_001": "11229", "P29_002": "B111222900030", "P29_003": "16001", "P29_004": "和光市立第三小学校", "P29_005": "埼玉県和光市中央1-1-4", "P29_006": "3", "P29_007": "1", "P29_008": "00", "P29_009": null }, "geometry": { "type": "Point", "coordinates": [ 139.61149259552883, 35.785058361514672 ] } },
{ "type": "Feature", "properties": { "P29_001": "11229", "P29_002": "B111222900049", "P29_003": "16001", "P29_004": "和光市立第四小学校", "P29_005": "埼玉県和光市諏訪3-20", "P29_006": "3", "P29_007": "1", "P29_008": "00", "P29_009": null }, "geometry": { "type": "Point", "coordinates": [ 139.617049493867142, 35.778110584547143 ] } },
{ "type": "Feature", "properties": { "P29_001": "11229", "P29_002": "B111222900058", "P29_003": "16001", "P29_004": "和光市立第五小学校", "P29_005": "埼玉県和光市南1-5-10", "P29_006": "3", "P29_007": "1", "P29_008": "00", "P29_009": null }, "geometry": { "type": "Point", "coordinates": [ 139.616703717063245, 35.7712136777252 ] } },
{ "type": "Feature", "properties": { "P29_001": "11229", "P29_002": "B111222900067", "P29_003": "16001", "P29_004": "和光市立広沢小学校", "P29_005": "埼玉県和光市広沢1-5", "P29_006": "3", "P29_007": "1", "P29_008": "00", "P29_009": null }, "geometry": { "type": "Point", "coordinates": [ 139.607270742326676, 35.782448281452432 ] } },
{ "type": "Feature", "properties": { "P29_001": "11229", "P29_002": "B111222900076", "P29_003": "16001", "P29_004": "和光市立北原小学校", "P29_005": "埼玉県和光市新倉1-5-27", "P29_006": "3", "P29_007": "1", "P29_008": "00", "P29_009": null }, "geometry": { "type": "Point", "coordinates": [ 139.606216874317653, 35.792319663587897 ] } },
{ "type": "Feature", "properties": { "P29_001": "11229", "P29_002": "B111222900085", "P29_003": "16001", "P29_004": "和光市立本町小学校", "P29_005": "埼玉県和光市本町31-17", "P29_006": "3", "P29_007": "1", "P29_008": "00", "P29_009": null }, "geometry": { "type": "Point", "coordinates": [ 139.604632781259397, 35.785970176807901 ] } },
{ "type": "Feature", "properties": { "P29_001": "11229", "P29_002": "B111222900094", "P29_003": "16001", "P29_004": "和光市立下新倉小学校", "P29_005": "埼玉県和光市下新倉5-21-1", "P29_006": "3", "P29_007": "1", "P29_008": "00", "P29_009": null }, "geometry": { "type": "Point", "coordinates": [ 139.63330599851119, 35.796587997602295 ] } },
{ "type": "Feature", "properties": { "P29_001": "11230", "P29_002": "B111223000019", "P29_003": "16001", "P29_004": "新座市立大和田小学校", "P29_005": "埼玉県新座市大和田1-1-30", "P29_006": "3", "P29_007": "1", "P29_008": "00", "P29_009": null }, "geometry": { "type": "Point", "coordinates": [ 139.556536383904984, 35.805655890126801 ] } },
{ "type": "Feature", "properties": { "P29_001": "11230", "P29_002": "B111223000028", "P29_003": "16001", "P29_004": "新座市立西堀小学校", "P29_005": "埼玉県新座市西堀2-18-3", "P29_006": "3", "P29_007": "1", "P29_008": "00", "P29_009": null }, "geometry": { "type": "Point", "coordinates": [ 139.540302038194085, 35.776490346900509 ] } },
{ "type": "Feature", "properties": { "P29_001": "11230", "P29_002": "B111223000037", "P29_003": "16001", "P29_004": "新座市立片山小学校", "P29_005": "埼玉県新座市片山1-8-31", "P29_006": "3", "P29_007": "1", "P29_008": "00", "P29_009": null }, "geometry": { "type": "Point", "coordinates": [ 139.566752001607171, 35.770498997540379 ] } },
{ "type": "Feature", "properties": { "P29_001": "11230", "P29_002": "B111223000046", "P29_003": "16001", "P29_004": "新座市立第四小学校", "P29_005": "埼玉県新座市馬場3-6-1", "P29_006": "3", "P29_007": "1", "P29_008": "00", "P29_009": null }, "geometry": { "type": "Point", "coordinates": [ 139.577263833388173, 35.778859926700839 ] } },
{ "type": "Feature", "properties": { "P29_001": "11230", "P29_002": "B111223000055", "P29_003": "16001", "P29_004": "新座市立八石小学校", "P29_005": "埼玉県新座市野寺2-8-45", "P29_006": "3", "P29_007": "1", "P29_008": "00", "P29_009": null }, "geometry": { "type": "Point", "coordinates": [ 139.557558024658562, 35.765687438511044 ] } },
{ "type": "Feature", "properties": { "P29_001": "11230", "P29_002": "B111223000064", "P29_003": "16001", "P29_004": "新座市立東北小学校", "P29_005": "埼玉県新座市北野3-1-1", "P29_006": "3", "P29_007": "1", "P29_008": "00", "P29_009": null }, "geometry": { "type": "Point", "coordinates": [ 139.567932038949124, 35.817501255424915 ] } },
{ "type": "Feature", "properties": { "P29_001": "11230", "P29_002": "B111223000073", "P29_003": "16001", "P29_004": "新座市立野火止小学校", "P29_005": "埼玉県新座市野火止4-9-1", "P29_006": "3", "P29_007": "1", "P29_008": "00", "P29_009": null }, "geometry": { "type": "Point", "coordinates": [ 139.556804056792885, 35.800710012539184 ] } },
{ "type": "Feature", "properties": { "P29_001": "11230", "P29_002": "B111223000082", "P29_003": "16001", "P29_004": "新座市立野寺小学校", "P29_005": "埼玉県新座市野寺5-1-24", "P29_006": "3", "P29_007": "1", "P29_008": "00", "P29_009": null }, "geometry": { "type": "Point", "coordinates": [ 139.556401275524479, 35.759788045469193 ] } },
{ "type": "Feature", "properties": { "P29_001": "11230", "P29_002": "B111223000091", "P29_003": "16001", "P29_004": "新座市立池田小学校", "P29_005": "埼玉県新座市池田4-8-49", "P29_006": "3", "P29_007": "1", "P29_008": "00", "P29_009": null }, "geometry": { "type": "Point", "coordinates": [ 139.575506652700739, 35.771754284613642 ] } },
{ "type": "Feature", "properties": { "P29_001": "11230", "P29_002": "B111223000108", "P29_003": "16001", "P29_004": "新座市立新堀小学校", "P29_005": "埼玉県新座市新堀1-16-5", "P29_006": "3", "P29_007": "1", "P29_008": "00", "P29_009": null }, "geometry": { "type": "Point", "coordinates": [ 139.529561002128844, 35.772803999911773 ] } },
{ "type": "Feature", "properties": { "P29_001": "11230", "P29_002": "B111223000117", "P29_003": "16001", "P29_004": "新座市立東野小学校", "P29_005": "埼玉県新座市野火止6-22-12", "P29_006": "3", "P29_007": "1", "P29_008": "00", "P29_009": null }, "geometry": { "type": "Point", "coordinates": [ 139.567322561156772, 35.808285195032781 ] } },
{ "type": "Feature", "properties": { "P29_001": "11230", "P29_002": "B111223000126", "P29_003": "16001", "P29_004": "新座市立栄小学校", "P29_005": "埼玉県新座市新塚1-1-1", "P29_006": "3", "P29_007": "1", "P29_008": "00", "P29_009": null }, "geometry": { "type": "Point", "coordinates": [ 139.587791374051278, 35.778563799906848 ] } },
{ "type": "Feature", "properties": { "P29_001": "11230", "P29_002": "B111223000135", "P29_003": "16001", "P29_004": "新座市立石神小学校", "P29_005": "埼玉県新座市石神1-10-20", "P29_006": "3", "P29_007": "1", "P29_008": "00", "P29_009": null }, "geometry": { "type": "Point", "coordinates": [ 139.552086999765123, 35.775192996447736 ] } },
{ "type": "Feature", "properties": { "P29_001": "11230", "P29_002": "B111223000144", "P29_003": "16001", "P29_004": "新座市立新開小学校", "P29_005": "埼玉県新座市大和田1-22-10", "P29_006": "3", "P29_007": "1", "P29_008": "00", "P29_009": null }, "geometry": { "type": "Point", "coordinates": [ 139.555569494743651, 35.810957037048844 ] } },
{ "type": "Feature", "properties": { "P29_001": "11230", "P29_002": "B111223000153", "P29_003": "16001", "P29_004": "新座市立栗原小学校", "P29_005": "埼玉県新座市栗原1-5-1", "P29_006": "3", "P29_007": "1", "P29_008": "00", "P29_009": null }, "geometry": { "type": "Point", "coordinates": [ 139.551114996202131, 35.763278004512024 ] } },
{ "type": "Feature", "properties": { "P29_001": "11230", "P29_002": "B111223000162", "P29_003": "16001", "P29_004": "新座市立陣屋小学校", "P29_005": "埼玉県新座市野火止1-18-20", "P29_006": "3", "P29_007": "1", "P29_008": "00", "P29_009": null }, "geometry": { "type": "Point", "coordinates": [ 139.56566206163788, 35.788671220304956 ] } },
{ "type": "Feature", "properties": { "P29_001": "11230", "P29_002": "B111223000171", "P29_003": "16001", "P29_004": "新座市立新座小学校", "P29_005": "埼玉県新座市新座3-4-1", "P29_006": "3", "P29_007": "1", "P29_008": "00", "P29_009": null }, "geometry": { "type": "Point", "coordinates": [ 139.554566406549384, 35.81953916292715 ] } },
{ "type": "Feature", "properties": { "P29_001": "11231", "P29_002": "B111223100018", "P29_003": "16001", "P29_004": "桶川市立加納小学校", "P29_005": "埼玉県桶川市坂田883", "P29_006": "3", "P29_007": "1", "P29_008": "00", "P29_009": null }, "geometry": { "type": "Point", "coordinates": [ 139.579019997444334, 36.018190999098259 ] } },
{ "type": "Feature", "properties": { "P29_001": "11231", "P29_002": "B111223100027", "P29_003": "16001", "P29_004": "桶川市立川田谷小学校", "P29_005": "埼玉県桶川市大字川田谷4213", "P29_006": "3", "P29_007": "1", "P29_008": "00", "P29_009": null }, "geometry": { "type": "Point", "coordinates": [ 139.529289105156579, 35.998240869542549 ] } },
{ "type": "Feature", "properties": { "P29_001": "11231", "P29_002": "B111223100036", "P29_003": "16001", "P29_004": "桶川市立桶川西小学校", "P29_005": "埼玉県桶川市下日出谷836-1", "P29_006": "3", "P29_007": "1", "P29_008": "00", "P29_009": null }, "geometry": { "type": "Point", "coordinates": [ 139.54745900444189, 35.999805002539503 ] } },
{ "type": "Feature", "properties": { "P29_001": "11231", "P29_002": "B111223100045", "P29_003": "16001", "P29_004": "桶川市立桶川東小学校", "P29_005": "埼玉県桶川市大字坂田西1-7-1", "P29_006": "3", "P29_007": "1", "P29_008": "00", "P29_009": null }, "geometry": { "type": "Point", "coordinates": [ 139.573382996419184, 36.009807995360376 ] } },
{ "type": "Feature", "properties": { "P29_001": "11231", "P29_002": "B111223100054", "P29_003": "16001", "P29_004": "桶川市立日出谷小学校", "P29_005": "埼玉県桶川市上日出谷885", "P29_006": "3", "P29_007": "1", "P29_008": "00", "P29_009": null }, "geometry": { "type": "Point", "coordinates": [ 139.540942001314988, 36.007661997884064 ] } },
{ "type": "Feature", "properties": { "P29_001": "11231", "P29_002": "B111223100063", "P29_003": "16001", "P29_004": "桶川市立朝日小学校", "P29_005": "埼玉県桶川市朝日2-18-1", "P29_006": "3", "P29_007": "1", "P29_008": "00", "P29_009": null }, "geometry": { "type": "Point", "coordinates": [ 139.570206100876447, 35.989369397333036 ] } },
{ "type": "Feature", "properties": { "P29_001": "11231", "P29_002": "B111223100072", "P29_003": "16001", "P29_004": "桶川市立桶川小学校", "P29_005": "埼玉県桶川市西1-4-27", "P29_006": "3", "P29_007": "1", "P29_008": "00", "P29_009": null }, "geometry": { "type": "Point", "coordinates": [ 139.559964150759498, 36.004238385063026 ] } },
{ "type": "Feature", "properties": { "P29_001": "11232", "P29_002": "B111223200017", "P29_003": "16001", "P29_004": "久喜市立久喜小学校", "P29_005": "埼玉県久喜市本町2-5-1", "P29_006": "3", "P29_007": "1", "P29_008": "00", "P29_009": null }, "geometry": { "type": "Point", "coordinates": [ 139.66956500494058, 36.067573997928733 ] } },
{ "type": "Feature", "properties": { "P29_001": "11232", "P29_002": "B111223200026", "P29_003": "16001", "P29_004": "久喜市立太田小学校", "P29_005": "埼玉県久喜市吉羽2-16-10", "P29_006": "3", "P29_007": "1", "P29_008": "00", "P29_009": null }, "geometry": { "type": "Point", "coordinates": [ 139.687407222637631, 36.069153875140096 ] } },
{ "type": "Feature", "properties": { "P29_001": "11232", "P29_002": "B111223200053", "P29_003": "16001", "P29_004": "久喜市立清久小学校", "P29_005": "埼玉県久喜市六万部590", "P29_006": "3", "P29_007": "1", "P29_008": "00", "P29_009": null }, "geometry": { "type": "Point", "coordinates": [ 139.6384080568115, 36.077357662953311 ] } },
{ "type": "Feature", "properties": { "P29_001": "11232", "P29_002": "B111223200062", "P29_003": "16001", "P29_004": "久喜市立青葉小学校", "P29_005": "埼玉県久喜市青葉1-3-1", "P29_006": "3", "P29_007": "1", "P29_008": "00", "P29_009": null }, "geometry": { "type": "Point", "coordinates": [ 139.695528920791247, 36.067102175997256 ] } },
{ "type": "Feature", "properties": { "P29_001": "11232", "P29_002": "B111223200071", "P29_003": "16001", "P29_004": "久喜市立本町小学校", "P29_005": "埼玉県久喜市本町7-6-1", "P29_006": "3", "P29_007": "1", "P29_008": "00", "P29_009": null }, "geometry": { "type": "Point", "coordinates": [ 139.668560526986226, 36.075454584603811 ] } },
{ "type": "Feature", "properties": { "P29_001": "11232", "P29_002": "B111223200080", "P29_003": "16001", "P29_004": "久喜市立青毛小学校", "P29_005": "埼玉県久喜市青毛800", "P29_006": "3", "P29_007": "1", "P29_008": "00", "P29_009": null }, "geometry": { "type": "Point", "coordinates": [ 139.6952005412669, 36.073398545704421 ] } },
{ "type": "Feature", "properties": { "P29_001": "11232", "P29_002": "B111223200099", "P29_003": "16001", "P29_004": "久喜市立久喜東小学校", "P29_005": "埼玉県久喜市東4-25-20", "P29_006": "3", "P29_007": "1", "P29_008": "00", "P29_009": null }, "geometry": { "type": "Point", "coordinates": [ 139.684146763554764, 36.05318044559273 ] } },
{ "type": "Feature", "properties": { "P29_001": "11232", "P29_002": "B111223200106", "P29_003": "16001", "P29_004": "久喜市立久喜北小学校", "P29_005": "埼玉県久喜市北2-30-1", "P29_006": "3", "P29_007": "1", "P29_008": "00", "P29_009": null }, "geometry": { "type": "Point", "coordinates": [ 139.672454394702157, 36.078017142539942 ] } },
{ "type": "Feature", "properties": { "P29_001": "11232", "P29_002": "B111223200115", "P29_003": "16001", "P29_004": "久喜市立菖蒲小学校", "P29_005": "埼玉県久喜市菖蒲町菖蒲625", "P29_006": "3", "P29_007": "1", "P29_008": "00", "P29_009": null }, "geometry": { "type": "Point", "coordinates": [ 139.601289997599878, 36.069592001176346 ] } },
{ "type": "Feature", "properties": { "P29_001": "11232", "P29_002": "B111223200124", "P29_003": "16001", "P29_004": "久喜市立小林小学校", "P29_005": "埼玉県久喜市菖蒲町小林2197", "P29_006": "3", "P29_007": "1", "P29_008": "00", "P29_009": null }, "geometry": { "type": "Point", "coordinates": [ 139.583489004647873, 36.054566996391131 ] } },
{ "type": "Feature", "properties": { "P29_001": "11232", "P29_002": "B111223200133", "P29_003": "16001", "P29_004": "久喜市立三箇小学校", "P29_005": "埼玉県久喜市菖蒲町台852-1", "P29_006": "3", "P29_007": "1", "P29_008": "00", "P29_009": null }, "geometry": { "type": "Point", "coordinates": [ 139.622001412695909, 36.055408463996621 ] } },
{ "type": "Feature", "properties": { "P29_001": "11232", "P29_002": "B111223200142", "P29_003": "16001", "P29_004": "久喜市立栢間小学校", "P29_005": "埼玉県久喜市菖蒲町下栢間2720", "P29_006": "3", "P29_007": "1", "P29_008": "00", "P29_009": null }, "geometry": { "type": "Point", "coordinates": [ 139.579121489145365, 36.03598568740815 ] } },
{ "type": "Feature", "properties": { "P29_001": "11232", "P29_002": "B111223200151", "P29_003": "16001", "P29_004": "久喜市立菖蒲東小学校", "P29_005": "埼玉県久喜市菖蒲町菖蒲427", "P29_006": "3", "P29_007": "1", "P29_008": "00", "P29_009": null }, "geometry": { "type": "Point", "coordinates": [ 139.608016004468993, 36.066142003197946 ] } },
{ "type": "Feature", "properties": { "P29_001": "11232", "P29_002": "B111223200160", "P29_003": "16001", "P29_004": "久喜市立栗橋西小学校", "P29_005": "埼玉県久喜市佐間266-1", "P29_006": "3", "P29_007": "1", "P29_008": "00", "P29_009": null }, "geometry": { "type": "Point", "coordinates": [ 139.682398440417074, 36.118828049258603 ] } },
{ "type": "Feature", "properties": { "P29_001": "11232", "P29_002": "B111223200179", "P29_003": "16001", "P29_004": "久喜市立栗橋南小学校", "P29_005": "埼玉県久喜市南栗橋4-21-1", "P29_006": "3", "P29_007": "1", "P29_008": "00", "P29_009": null }, "geometry": { "type": "Point", "coordinates": [ 139.709529110522197, 36.113722642400944 ] } },
{ "type": "Feature", "properties": { "P29_001": "11232", "P29_002": "B111223200188", "P29_003": "16001", "P29_004": "久喜市立栗橋小学校", "P29_005": "埼玉県久喜市栗橋町東3-3-1", "P29_006": "3", "P29_007": "1", "P29_008": "00", "P29_009": null }, "geometry": { "type": "Point", "coordinates": [ 139.700989703150412, 36.135189815784365 ] } },
{ "type": "Feature", "properties": { "P29_001": "11232", "P29_002": "B111223200197", "P29_003": "16001", "P29_004": "久喜市立鷲宮小学校", "P29_005": "埼玉県久喜市葛梅113", "P29_006": "3", "P29_007": "1", "P29_008": "00", "P29_009": null }, "geometry": { "type": "Point", "coordinates": [ 139.657897994768803, 36.093849004587724 ] } },
{ "type": "Feature", "properties": { "P29_001": "11232", "P29_002": "B111223200204", "P29_003": "16001", "P29_004": "久喜市立桜田小学校", "P29_005": "埼玉県久喜市東大輪311", "P29_006": "3", "P29_007": "1", "P29_008": "00", "P29_009": null }, "geometry": { "type": "Point", "coordinates": [ 139.688007001867248, 36.090766003933844 ] } },
{ "type": "Feature", "properties": { "P29_001": "11232", "P29_002": "B111223200213", "P29_003": "16001", "P29_004": "久喜市立上内小学校", "P29_005": "埼玉県久喜市上内716", "P29_006": "3", "P29_007": "9", "P29_008": "00", "P29_009": null }, "geometry": { "type": "Point", "coordinates": [ 139.662870006028527, 36.088654996952592 ] } },
{ "type": "Feature", "properties": { "P29_001": "11232", "P29_002": "B111223200222", "P29_003": "16001", "P29_004": "久喜市立砂原小学校", "P29_005": "埼玉県久喜市砂原1-4-1", "P29_006": "3", "P29_007": "1", "P29_008": "00", "P29_009": null }, "geometry": { "type": "Point", "coordinates": [ 139.6619662189905, 36.096025147360422 ] } },
{ "type": "Feature", "properties": { "P29_001": "11232", "P29_002": "B111223200231", "P29_003": "16001", "P29_004": "久喜市立東鷲宮小学校", "P29_005": "埼玉県久喜市桜田3-10-1", "P29_006": "3", "P29_007": "1", "P29_008": "00", "P29_009": null }, "geometry": { "type": "Point", "coordinates": [ 139.684035001088915, 36.092321999515931 ] } },
{ "type": "Feature", "properties": { "P29_001": "11232", "P29_002": "B111223200240", "P29_003": "16001", "P29_004": "江面小学校", "P29_005": "埼玉県久喜市北青柳40-1", "P29_006": "3", "P29_007": "1", "P29_008": "00", "P29_009": null }, "geometry": { "type": "Point", "coordinates": [ 139.666839998712675, 36.056159003197912 ] } },
{ "type": "Feature", "properties": { "P29_001": "11233", "P29_002": "B111223300016", "P29_003": "16001", "P29_004": "北本市立中丸小学校", "P29_005": "埼玉県北本市宮内7-145", "P29_006": "3", "P29_007": "1", "P29_008": "00", "P29_009": null }, "geometry": { "type": "Point", "coordinates": [ 139.544588877396905, 36.037093811458774 ] } },
{ "type": "Feature", "properties": { "P29_001": "11233", "P29_002": "B111223300025", "P29_003": "16001", "P29_004": "北本市立石戸小学校", "P29_005": "埼玉県北本市荒井2-320", "P29_006": "3", "P29_007": "1", "P29_008": "00", "P29_009": null }, "geometry": { "type": "Point", "coordinates": [ 139.519004068141186, 36.018795172770425 ] } },
{ "type": "Feature", "properties": { "P29_001": "11233", "P29_002": "B111223300034", "P29_003": "16001", "P29_004": "北本市立南小学校", "P29_005": "埼玉県北本市緑3-387", "P29_006": "3", "P29_007": "1", "P29_008": "00", "P29_009": null }, "geometry": { "type": "Point", "coordinates": [ 139.53845800099532, 36.021262998041891 ] } },
{ "type": "Feature", "properties": { "P29_001": "11233", "P29_002": "B111223300052", "P29_003": "16001", "P29_004": "北本市立北小学校", "P29_005": "埼玉県北本市深井4-45", "P29_006": "3", "P29_007": "1", "P29_008": "00", "P29_009": null }, "geometry": { "type": "Point", "coordinates": [ 139.529957187438868, 36.047531530312419 ] } },
{ "type": "Feature", "properties": { "P29_001": "11233", "P29_002": "B111223300061", "P29_003": "16001", "P29_004": "北本市立西小学校", "P29_005": "埼玉県北本市本町7-3", "P29_006": "3", "P29_007": "1", "P29_008": "00", "P29_009": null }, "geometry": { "type": "Point", "coordinates": [ 139.523913998330926, 36.02640899684237 ] } },
{ "type": "Feature", "properties": { "P29_001": "11233", "P29_002": "B111223300070", "P29_003": "16001", "P29_004": "北本市立東小学校", "P29_005": "埼玉県北本市中丸6-65", "P29_006": "3", "P29_007": "1", "P29_008": "00", "P29_009": null }, "geometry": { "type": "Point", "coordinates": [ 139.551118802501009, 36.020428648191071 ] } },
{ "type": "Feature", "properties": { "P29_001": "11233", "P29_002": "B111223300089", "P29_003": "16001", "P29_004": "北本市立中丸東小学校", "P29_005": "埼玉県北本市中丸10-270", "P29_006": "3", "P29_007": "1", "P29_008": "00", "P29_009": null }, "geometry": { "type": "Point", "coordinates": [ 139.553616265034691, 36.029096030719948 ] } },
{ "type": "Feature", "properties": { "P29_001": "11234", "P29_002": "B111223400015", "P29_003": "16001", "P29_004": "八潮市立八條小学校", "P29_005": "埼玉県八潮市大字鶴ヶ曽根1", "P29_006": "3", "P29_007": "1", "P29_008": "00", "P29_009": null }, "geometry": { "type": "Point", "coordinates": [ 139.837977004096501, 35.835942001102701 ] } },
{ "type": "Feature", "properties": { "P29_001": "11234", "P29_002": "B111223400024", "P29_003": "16001", "P29_004": "八潮市立潮止小学校", "P29_005": "埼玉県八潮市南川崎822", "P29_006": "3", "P29_007": "1", "P29_008": "00", "P29_009": null }, "geometry": { "type": "Point", "coordinates": [ 139.852462457766052, 35.814787439349445 ] } },
{ "type": "Feature", "properties": { "P29_001": "11234", "P29_002": "B111223400033", "P29_003": "16001", "P29_004": "八潮市立八幡小学校", "P29_005": "埼玉県八潮市中央4-21-16", "P29_006": "3", "P29_007": "1", "P29_008": "00", "P29_009": null }, "geometry": { "type": "Point", "coordinates": [ 139.827857629959482, 35.818110029574036 ] } },
{ "type": "Feature", "properties": { "P29_001": "11234", "P29_002": "B111223400042", "P29_003": "16001", "P29_004": "八潮市立大曽根小学校", "P29_005": "埼玉県八潮市垳527", "P29_006": "3", "P29_007": "1", "P29_008": "00", "P29_009": null }, "geometry": { "type": "Point", "coordinates": [ 139.835422003475202, 35.803669001028254 ] } },
{ "type": "Feature", "properties": { "P29_001": "11234", "P29_002": "B111223400051", "P29_003": "16001", "P29_004": "八潮市立松之木小学校", "P29_005": "埼玉県八潮市緑町3-9-1", "P29_006": "3", "P29_007": "1", "P29_008": "00", "P29_009": null }, "geometry": { "type": "Point", "coordinates": [ 139.829050657453848, 35.827645597297369 ] } },
{ "type": "Feature", "properties": { "P29_001": "11234", "P29_002": "B111223400060", "P29_003": "16001", "P29_004": "八潮市立中川小学校", "P29_005": "埼玉県八潮市大字大瀬1516", "P29_006": "3", "P29_007": "1", "P29_008": "00", "P29_009": null }, "geometry": { "type": "Point", "coordinates": [ 139.854588000916948, 35.798057997367721 ] } },
{ "type": "Feature", "properties": { "P29_001": "11234", "P29_002": "B111223400079", "P29_003": "16001", "P29_004": "八潮市立八條北小学校", "P29_005": "埼玉県八潮市八條1150", "P29_006": "3", "P29_007": "1", "P29_008": "00", "P29_009": null }, "geometry": { "type": "Point", "coordinates": [ 139.833003619150531, 35.851195456889769 ] } },
{ "type": "Feature", "properties": { "P29_001": "11234", "P29_002": "B111223400088", "P29_003": "16001", "P29_004": "八潮市立大瀬小学校", "P29_005": "埼玉県八潮市大瀬3-9-1", "P29_006": "3", "P29_007": "1", "P29_008": "00", "P29_009": null }, "geometry": { "type": "Point", "coordinates": [ 139.84946000045403, 35.809389996885272 ] } },
{ "type": "Feature", "properties": { "P29_001": "11234", "P29_002": "B111223400097", "P29_003": "16001", "P29_004": "八潮市立大原小学校", "P29_005": "埼玉県八潮市八潮7-42-1", "P29_006": "3", "P29_007": "1", "P29_008": "00", "P29_009": null }, "geometry": { "type": "Point", "coordinates": [ 139.831145003221224, 35.814168000082198 ] } },
{ "type": "Feature", "properties": { "P29_001": "11234", "P29_002": "B111223400104", "P29_003": "16001", "P29_004": "八潮市立柳之宮小学校", "P29_005": "埼玉県八潮市大字柳之宮140", "P29_006": "3", "P29_007": "1", "P29_008": "00", "P29_009": null }, "geometry": { "type": "Point", "coordinates": [ 139.822149146446918, 35.822821638291529 ] } },
{ "type": "Feature", "properties": { "P29_001": "11235", "P29_002": "B111223500014", "P29_003": "16001", "P29_004": "富士見市立鶴瀬小学校", "P29_005": "埼玉県富士見市羽沢2-1-1", "P29_006": "3", "P29_007": "1", "P29_008": "00", "P29_009": null }, "geometry": { "type": "Point", "coordinates": [ 139.539037956790196, 35.853585951700545 ] } },
{ "type": "Feature", "properties": { "P29_001": "11235", "P29_002": "B111223500023", "P29_003": "16001", "P29_004": "富士見市立水谷小学校", "P29_005": "埼玉県富士見市水谷1-13-3", "P29_006": "3", "P29_007": "1", "P29_008": "00", "P29_009": null }, "geometry": { "type": "Point", "coordinates": [ 139.559311612869806, 35.84160161879047 ] } },
{ "type": "Feature", "properties": { "P29_001": "11235", "P29_002": "B111223500032", "P29_003": "16001", "P29_004": "富士見市立南畑小学校", "P29_005": "埼玉県富士見市上南畑1280", "P29_006": "3", "P29_007": "1", "P29_008": "00", "P29_009": null }, "geometry": { "type": "Point", "coordinates": [ 139.562433346397, 35.862768940046536 ] } },
{ "type": "Feature", "properties": { "P29_001": "11324", "P29_002": "B111223500041", "P29_003": "16001", "P29_004": "富士見市立関沢小学校", "P29_005": "埼玉県富士見市関沢3-24-1", "P29_006": "3", "P29_007": "1", "P29_008": "00", "P29_009": null }, "geometry": { "type": "Point", "coordinates": [ 139.543852055654384, 35.835996426835393 ] } },
{ "type": "Feature", "properties": { "P29_001": "11235", "P29_002": "B111223500050", "P29_003": "16001", "P29_004": "富士見市立勝瀬小学校", "P29_005": "埼玉県富士見市勝瀬674", "P29_006": "3", "P29_007": "1", "P29_008": "00", "P29_009": null }, "geometry": { "type": "Point", "coordinates": [ 139.537677309158653, 35.864258241575129 ] } },
{ "type": "Feature", "properties": { "P29_001": "11235", "P29_002": "B111223500069", "P29_003": "16001", "P29_004": "富士見市立水谷東小学校", "P29_005": "埼玉県富士見市水子3614", "P29_006": "3", "P29_007": "1", "P29_008": "00", "P29_009": null }, "geometry": { "type": "Point", "coordinates": [ 139.570338571830632, 35.838988479761809 ] } },
{ "type": "Feature", "properties": { "P29_001": "11235", "P29_002": "B111223500078", "P29_003": "16001", "P29_004": "富士見市立諏訪小学校", "P29_005": "埼玉県富士見市大字鶴馬1932-1", "P29_006": "3", "P29_007": "1", "P29_008": "00", "P29_009": null }, "geometry": { "type": "Point", "coordinates": [ 139.552467025355867, 35.855255230683525 ] } },
{ "type": "Feature", "properties": { "P29_001": "11235", "P29_002": "B111223500087", "P29_003": "16001", "P29_004": "富士見市立みずほ台小学校", "P29_005": "埼玉県富士見市東みずほ台3-21", "P29_006": "3", "P29_007": "1", "P29_008": "00", "P29_009": null }, "geometry": { "type": "Point", "coordinates": [ 139.551523256373656, 35.844582938596218 ] } },
{ "type": "Feature", "properties": { "P29_001": "11235", "P29_002": "B111223500096", "P29_003": "16001", "P29_004": "富士見市立針ケ谷小学校", "P29_005": "埼玉県富士見市針ヶ谷2-38-1", "P29_006": "3", "P29_007": "1", "P29_008": "00", "P29_009": null }, "geometry": { "type": "Point", "coordinates": [ 139.553063973899782, 35.828495532884006 ] } },
{ "type": "Feature", "properties": { "P29_001": "11235", "P29_002": "B111223500103", "P29_003": "16001", "P29_004": "富士見市立ふじみ野小学校", "P29_005": "埼玉県富士見市ふじみ野東4-4-1", "P29_006": "3", "P29_007": "1", "P29_008": "00", "P29_009": null }, "geometry": { "type": "Point", "coordinates": [ 139.529232000534819, 35.862638002009959 ] } },
{ "type": "Feature", "properties": { "P29_001": "11235", "P29_002": "B111223500112", "P29_003": "16001", "P29_004": "富士見市立つるせ台小学校", "P29_005": "埼玉県富士見市鶴瀬西2-9-1", "P29_006": "3", "P29_007": "1", "P29_008": "00", "P29_009": null }, "geometry": { "type": "Point", "coordinates": [ 139.533233270109008, 35.847912505092602 ] } },
{ "type": "Feature", "properties": { "P29_001": "11237", "P29_002": "B111223700012", "P29_003": "16001", "P29_004": "三郷市立早稲田小学校", "P29_005": "埼玉県三郷市三郷3-2-1", "P29_006": "3", "P29_007": "1", "P29_008": "00", "P29_009": null }, "geometry": { "type": "Point", "coordinates": [ 139.88222872075238, 35.844903132307692 ] } },
{ "type": "Feature", "properties": { "P29_001": "11237", "P29_002": "B111223700021", "P29_003": "16001", "P29_004": "三郷市立八木郷小学校", "P29_005": "埼玉県三郷市鷹野1-35-1", "P29_006": "3", "P29_007": "1", "P29_008": "00", "P29_009": null }, "geometry": { "type": "Point", "coordinates": [ 139.887474003457754, 35.802057999146847 ] } },
{ "type": "Feature", "properties": { "P29_001": "11237", "P29_002": "B111223700030", "P29_003": "16001", "P29_004": "三郷市立戸ヶ崎小学校", "P29_005": "埼玉県三郷市戸ヶ崎3-76-1", "P29_006": "3", "P29_007": "1", "P29_008": "00", "P29_009": null }, "geometry": { "type": "Point", "coordinates": [ 139.869608380315356, 35.804955009105228 ] } },
{ "type": "Feature", "properties": { "P29_001": "11237", "P29_002": "B111223700049", "P29_003": "16001", "P29_004": "三郷市立彦成小学校", "P29_005": "埼玉県三郷市彦倉1-133", "P29_006": "3", "P29_007": "1", "P29_008": "00", "P29_009": null }, "geometry": { "type": "Point", "coordinates": [ 139.846418578746921, 35.83944724967521 ] } },
{ "type": "Feature", "properties": { "P29_001": "11237", "P29_002": "B111223700058", "P29_003": "16001", "P29_004": "三郷市立高州小学校", "P29_005": "埼玉県三郷市高州2-275", "P29_006": "3", "P29_007": "1", "P29_008": "00", "P29_009": null }, "geometry": { "type": "Point", "coordinates": [ 139.878474792758453, 35.788890174958532 ] } },
{ "type": "Feature", "properties": { "P29_001": "11237", "P29_002": "B111223700067", "P29_003": "16001", "P29_004": "三郷市立吹上小学校", "P29_005": "埼玉県三郷市寄巻921-1", "P29_006": "3", "P29_007": "1", "P29_008": "00", "P29_009": null }, "geometry": { "type": "Point", "coordinates": [ 139.866073110200801, 35.796250129871723 ] } },
{ "type": "Feature", "properties": { "P29_001": "11237", "P29_002": "B111223700076", "P29_003": "16001", "P29_004": "三郷市立桜小学校", "P29_005": "埼玉県三郷市彦成4-5-16", "P29_006": "3", "P29_007": "1", "P29_008": "00", "P29_009": null }, "geometry": { "type": "Point", "coordinates": [ 139.866724269263102, 35.856580937379398 ] } },
{ "type": "Feature", "properties": { "P29_001": "11237", "P29_002": "B111223700085", "P29_003": "16001", "P29_004": "三郷市立鷹野小学校", "P29_005": "埼玉県三郷市鷹野3-211", "P29_006": "3", "P29_007": "1", "P29_008": "00", "P29_009": null }, "geometry": { "type": "Point", "coordinates": [ 139.879432026301799, 35.801614967898388 ] } },
{ "type": "Feature", "properties": { "P29_001": "11237", "P29_002": "B111223700094", "P29_003": "16001", "P29_004": "三郷市立新和小学校", "P29_005": "埼玉県三郷市中央2-28-12", "P29_006": "3", "P29_007": "1", "P29_008": "00", "P29_009": null }, "geometry": { "type": "Point", "coordinates": [ 139.876352005620703, 35.819356000699038 ] } },
{ "type": "Feature", "properties": { "P29_001": "11237", "P29_002": "B111223700101", "P29_003": "16001", "P29_004": "三郷市立幸房小学校", "P29_005": "埼玉県三郷市茂田井88", "P29_006": "3", "P29_007": "1", "P29_008": "00", "P29_009": null }, "geometry": { "type": "Point", "coordinates": [ 139.875010125130956, 35.837119950004322 ] } },
{ "type": "Feature", "properties": { "P29_001": "11237", "P29_002": "B111223700110", "P29_003": "16001", "P29_004": "三郷市立立花小学校", "P29_005": "埼玉県三郷市彦成4-3-18", "P29_006": "3", "P29_007": "1", "P29_008": "00", "P29_009": null }, "geometry": { "type": "Point", "coordinates": [ 139.860947004585682, 35.853301002917043 ] } },
{ "type": "Feature", "properties": { "P29_001": "11237", "P29_002": "B111223700129", "P29_003": "16001", "P29_004": "三郷市立彦糸小学校", "P29_005": "埼玉県三郷市彦成3-10-23", "P29_006": "3", "P29_007": "1", "P29_008": "00", "P29_009": null }, "geometry": { "type": "Point", "coordinates": [ 139.852508878053982, 35.85954400138376 ] } },
{ "type": "Feature", "properties": { "P29_001": "11237", "P29_002": "B111223700138", "P29_003": "16001", "P29_004": "三郷市立前谷小学校", "P29_005": "埼玉県三郷市戸ヶ崎2-600", "P29_006": "3", "P29_007": "1", "P29_008": "00", "P29_009": null }, "geometry": { "type": "Point", "coordinates": [ 139.865337005068199, 35.800335997465027 ] } },
{ "type": "Feature", "properties": { "P29_001": "11237", "P29_002": "B111223700147", "P29_003": "16001", "P29_004": "三郷市立高州東小学校", "P29_005": "埼玉県三郷市高州2-409", "P29_006": "3", "P29_007": "1", "P29_008": "00", "P29_009": null }, "geometry": { "type": "Point", "coordinates": [ 139.883047351310239, 35.787936670902106 ] } },
{ "type": "Feature", "properties": { "P29_001": "11237", "P29_002": "B111223700156", "P29_003": "16001", "P29_004": "三郷市立彦郷小学校", "P29_005": "埼玉県三郷市彦成3-8-29", "P29_006": "3", "P29_007": "1", "P29_008": "00", "P29_009": null }, "geometry": { "type": "Point", "coordinates": [ 139.853061913445998, 35.855921461731832 ] } },
{ "type": "Feature", "properties": { "P29_001": "11237", "P29_002": "B111223700165", "P29_003": "16001", "P29_004": "三郷市立丹後小学校", "P29_005": "埼玉県三郷市早稲田5-3", "P29_006": "3", "P29_007": "1", "P29_008": "00", "P29_009": null }, "geometry": { "type": "Point", "coordinates": [ 139.885083004335854, 35.854717996737264 ] } },
{ "type": "Feature", "properties": { "P29_001": "11237", "P29_002": "B111223700174", "P29_003": "16001", "P29_004": "三郷市立前間小学校", "P29_005": "埼玉県三郷市前間197-1", "P29_006": "3", "P29_007": "1", "P29_008": "00", "P29_009": null }, "geometry": { "type": "Point", "coordinates": [ 139.888788649337215, 35.861821377458867 ] } },
{ "type": "Feature", "properties": { "P29_001": "11237", "P29_002": "B111223700183", "P29_003": "16001", "P29_004": "三郷市立瑞木小学校", "P29_005": "埼玉県三郷市さつき平1-6-1", "P29_006": "3", "P29_007": "1", "P29_008": "00", "P29_009": null }, "geometry": { "type": "Point", "coordinates": [ 139.87000200140028, 35.849634996065134 ] } },
{ "type": "Feature", "properties": { "P29_001": "11237", "P29_002": "B111223700192", "P29_003": "16001", "P29_004": "三郷市立後谷小学校", "P29_005": "埼玉県三郷市後谷36-3", "P29_006": "3", "P29_007": "1", "P29_008": "00", "P29_009": null }, "geometry": { "type": "Point", "coordinates": [ 139.881845866402358, 35.860601342730533 ] } },
{ "type": "Feature", "properties": { "P29_001": "11238", "P29_002": "B111223800011", "P29_003": "16001", "P29_004": "蓮田市立蓮田南小学校", "P29_005": "埼玉県蓮田市東6-9-11", "P29_006": "3", "P29_007": "1", "P29_008": "00", "P29_009": null }, "geometry": { "type": "Point", "coordinates": [ 139.651905001552677, 35.97680800060202 ] } },
{ "type": "Feature", "properties": { "P29_001": "11238", "P29_002": "B111223800020", "P29_003": "16001", "P29_004": "蓮田市立蓮田北小学校", "P29_005": "埼玉県蓮田市閏戸3236", "P29_006": "3", "P29_007": "1", "P29_008": "00", "P29_009": null }, "geometry": { "type": "Point", "coordinates": [ 139.639052275547897, 36.006721964696354 ] } },
{ "type": "Feature", "properties": { "P29_001": "11238", "P29_002": "B111223800039", "P29_003": "16001", "P29_004": "蓮田市立平野小学校", "P29_005": "埼玉県蓮田市井沼937", "P29_006": "3", "P29_007": "1", "P29_008": "00", "P29_009": null }, "geometry": { "type": "Point", "coordinates": [ 139.621320591260087, 36.025756100561281 ] } },
{ "type": "Feature", "properties": { "P29_001": "11238", "P29_002": "B111223800048", "P29_003": "16001", "P29_004": "蓮田市立黒浜小学校", "P29_005": "埼玉県蓮田市黒浜3069", "P29_006": "3", "P29_007": "1", "P29_008": "00", "P29_009": null }, "geometry": { "type": "Point", "coordinates": [ 139.671402003990096, 35.990334999898252 ] } },
{ "type": "Feature", "properties": { "P29_001": "11238", "P29_002": "B111223800057", "P29_003": "16001", "P29_004": "蓮田市立蓮田中央小学校", "P29_005": "埼玉県蓮田市関山3-6-1", "P29_006": "3", "P29_007": "1", "P29_008": "00", "P29_009": null }, "geometry": { "type": "Point", "coordinates": [ 139.654319499519346, 35.988688577707755 ] } },
{ "type": "Feature", "properties": { "P29_001": "11238", "P29_002": "B111223800066", "P29_003": "16001", "P29_004": "蓮田市立黒浜西小学校", "P29_005": "埼玉県蓮田市西新宿3-84", "P29_006": "3", "P29_007": "1", "P29_008": "00", "P29_009": null }, "geometry": { "type": "Point", "coordinates": [ 139.651173922408447, 36.003162451734298 ] } },
{ "type": "Feature", "properties": { "P29_001": "11238", "P29_002": "B111223800075", "P29_003": "16001", "P29_004": "蓮田市立黒浜南小学校", "P29_005": "埼玉県蓮田市黒浜722", "P29_006": "3", "P29_007": "1", "P29_008": "00", "P29_009": null }, "geometry": { "type": "Point", "coordinates": [ 139.672244206390502, 35.983439131087763 ] } },
{ "type": "Feature", "properties": { "P29_001": "11238", "P29_002": "B111223800084", "P29_003": "16001", "P29_004": "蓮田市立黒浜北小学校", "P29_005": "埼玉県蓮田市南新宿800", "P29_006": "3", "P29_007": "1", "P29_008": "00", "P29_009": null }, "geometry": { "type": "Point", "coordinates": [ 139.659234631121848, 36.005271860690435 ] } },
{ "type": "Feature", "properties": { "P29_001": "11239", "P29_002": "B111223900010", "P29_003": "16001", "P29_004": "坂戸市立坂戸小学校", "P29_005": "埼玉県坂戸市薬師町1650", "P29_006": "3", "P29_007": "1", "P29_008": "00", "P29_009": null }, "geometry": { "type": "Point", "coordinates": [ 139.398191398414923, 35.967823032270871 ] } },
{ "type": "Feature", "properties": { "P29_001": "11239", "P29_002": "B111223900029", "P29_003": "16001", "P29_004": "坂戸市立三芳野小学校", "P29_005": "埼玉県坂戸市大字横沼213-2", "P29_006": "3", "P29_007": "1", "P29_008": "00", "P29_009": null }, "geometry": { "type": "Point", "coordinates": [ 139.442520635854834, 35.963381754670984 ] } },
{ "type": "Feature", "properties": { "P29_001": "11239", "P29_002": "B111223900038", "P29_003": "16001", "P29_004": "坂戸市立勝呂小学校", "P29_005": "埼玉県坂戸市大字石井1800", "P29_006": "3", "P29_007": "1", "P29_008": "00", "P29_009": null }, "geometry": { "type": "Point", "coordinates": [ 139.41845599745082, 35.977466003314518 ] } },
{ "type": "Feature", "properties": { "P29_001": "11239", "P29_002": "B111223900047", "P29_003": "16001", "P29_004": "坂戸市立入西小学校", "P29_005": "埼玉県坂戸市大字新堀265", "P29_006": "3", "P29_007": "1", "P29_008": "00", "P29_009": null }, "geometry": { "type": "Point", "coordinates": [ 139.371517998010972, 35.967494999771354 ] } },
{ "type": "Feature", "properties": { "P29_001": "11239", "P29_002": "B111223900056", "P29_003": "16001", "P29_004": "坂戸市立大家小学校", "P29_005": "埼玉県坂戸市大字森戸449-1", "P29_006": "3", "P29_007": "1", "P29_008": "00", "P29_009": null }, "geometry": { "type": "Point", "coordinates": [ 139.363106715708227, 35.937731356633996 ] } },
{ "type": "Feature", "properties": { "P29_001": "11239", "P29_002": "B111223900065", "P29_003": "16001", "P29_004": "坂戸市立城山小学校", "P29_005": "埼玉県坂戸市多和目788", "P29_006": "3", "P29_007": "1", "P29_008": "00", "P29_009": null }, "geometry": { "type": "Point", "coordinates": [ 139.336259996322099, 35.924638996239551 ] } },
{ "type": "Feature", "properties": { "P29_001": "11239", "P29_002": "B111223900074", "P29_003": "16001", "P29_004": "坂戸市立浅羽野小学校", "P29_005": "埼玉県坂戸市大字浅羽810", "P29_006": "3", "P29_007": "1", "P29_008": "00", "P29_009": null }, "geometry": { "type": "Point", "coordinates": [ 139.379711003657775, 35.953719004114419 ] } },
{ "type": "Feature", "properties": { "P29_001": "11239", "P29_002": "B111223900083", "P29_003": "16001", "P29_004": "坂戸市立千代田小学校", "P29_005": "埼玉県坂戸市千代田2-17-5", "P29_006": "3", "P29_007": "1", "P29_008": "00", "P29_009": null }, "geometry": { "type": "Point", "coordinates": [ 139.408050273930343, 35.960857627098612 ] } },
{ "type": "Feature", "properties": { "P29_001": "11239", "P29_002": "B111223900092", "P29_003": "16001", "P29_004": "坂戸市立片柳小学校", "P29_005": "埼玉県坂戸市大字片柳501", "P29_006": "3", "P29_007": "1", "P29_008": "00", "P29_009": null }, "geometry": { "type": "Point", "coordinates": [ 139.402440332257726, 35.981099717421316 ] } },
{ "type": "Feature", "properties": { "P29_001": "11239", "P29_002": "B111223900109", "P29_003": "16001", "P29_004": "坂戸市立南小学校", "P29_005": "埼玉県坂戸市千代田4-8-1", "P29_006": "3", "P29_007": "1", "P29_008": "00", "P29_009": null }, "geometry": { "type": "Point", "coordinates": [ 139.408847002314928, 35.956079996032081 ] } },
{ "type": "Feature", "properties": { "P29_001": "11239", "P29_002": "B111223900118", "P29_003": "16001", "P29_004": "坂戸市立上谷小学校", "P29_005": "埼玉県坂戸市東坂戸1-1", "P29_006": "3", "P29_007": "1", "P29_008": "00", "P29_009": null }, "geometry": { "type": "Point", "coordinates": [ 139.443647000347767, 35.952277003591973 ] } },
{ "type": "Feature", "properties": { "P29_001": "11239", "P29_002": "B111223900127", "P29_003": "16001", "P29_004": "坂戸市立桜小学校", "P29_005": "埼玉県坂戸市泉町3-28-7", "P29_006": "3", "P29_007": "1", "P29_008": "00", "P29_009": null }, "geometry": { "type": "Point", "coordinates": [ 139.388951003291396, 35.970908001496809 ] } },
{ "type": "Feature", "properties": { "P29_001": "11240", "P29_002": "B111224000017", "P29_003": "16001", "P29_004": "幸手市立幸手小学校", "P29_005": "埼玉県幸手市中3-11-41", "P29_006": "3", "P29_007": "1", "P29_008": "00", "P29_009": null }, "geometry": { "type": "Point", "coordinates": [ 139.722227003465434, 36.075880000500533 ] } },
{ "type": "Feature", "properties": { "P29_001": "11240", "P29_002": "B111224000026", "P29_003": "16001", "P29_004": "幸手市立権現堂川小学校", "P29_005": "埼玉県幸手市神明内570", "P29_006": "3", "P29_007": "1", "P29_008": "00", "P29_009": null }, "geometry": { "type": "Point", "coordinates": [ 139.742781001912363, 36.074658996545281 ] } },
{ "type": "Feature", "properties": { "P29_001": "11240", "P29_002": "B111224000035", "P29_003": "16001", "P29_004": "幸手市立上高野小学校", "P29_005": "埼玉県幸手市上高野1009", "P29_006": "3", "P29_007": "1", "P29_008": "00", "P29_009": null }, "geometry": { "type": "Point", "coordinates": [ 139.712226108222154, 36.066163532264838 ] } },
{ "type": "Feature", "properties": { "P29_001": "11240", "P29_002": "B111224000044", "P29_003": "16001", "P29_004": "幸手市立八代小学校", "P29_005": "埼玉県幸手市平須賀1-14", "P29_006": "3", "P29_007": "1", "P29_008": "00", "P29_009": null }, "geometry": { "type": "Point", "coordinates": [ 139.744110243622202, 36.055289018911601 ] } },
{ "type": "Feature", "properties": { "P29_001": "11240", "P29_002": "B111224000053", "P29_003": "16001", "P29_004": "幸手市立行幸小学校", "P29_005": "埼玉県幸手市円藤内460-2", "P29_006": "3", "P29_007": "1", "P29_008": "00", "P29_009": null }, "geometry": { "type": "Point", "coordinates": [ 139.711229660267946, 36.094343996930164 ] } },
{ "type": "Feature", "properties": { "P29_001": "11240", "P29_002": "B111224000062", "P29_003": "16001", "P29_004": "幸手市立長倉小学校", "P29_005": "埼玉県幸手市下川崎242", "P29_006": "3", "P29_007": "1", "P29_008": "00", "P29_009": null }, "geometry": { "type": "Point", "coordinates": [ 139.709276962389936, 36.085709352600368 ] } },
{ "type": "Feature", "properties": { "P29_001": "11240", "P29_002": "B111224000071", "P29_003": "16001", "P29_004": "幸手市立吉田小学校", "P29_005": "埼玉県幸手市惣新田3159", "P29_006": "3", "P29_007": "1", "P29_008": "00", "P29_009": null }, "geometry": { "type": "Point", "coordinates": [ 139.772298755069045, 36.065841223310585 ] } },
{ "type": "Feature", "properties": { "P29_001": "11240", "P29_002": "B111224000080", "P29_003": "16001", "P29_004": "幸手市立さかえ小学校", "P29_005": "埼玉県幸手市栄2-90", "P29_006": "3", "P29_007": "1", "P29_008": "00", "P29_009": null }, "geometry": { "type": "Point", "coordinates": [ 139.721010870972037, 36.060769126163869 ] } },
{ "type": "Feature", "properties": { "P29_001": "11240", "P29_002": "B111224000099", "P29_003": "16001", "P29_004": "幸手市立さくら小学校", "P29_005": "埼玉県幸手市幸手72", "P29_006": "3", "P29_007": "1", "P29_008": "00", "P29_009": null }, "geometry": { "type": "Point", "coordinates": [ 139.730615995443088, 36.070047997036916 ] } },
{ "type": "Feature", "properties": { "P29_001": "11241", "P29_002": "B111224100016", "P29_003": "16001", "P29_004": "鶴ヶ島市立鶴ヶ島第一小学校", "P29_005": "埼玉県鶴ヶ島市大字脚折1855", "P29_006": "3", "P29_007": "1", "P29_008": "00", "P29_009": null }, "geometry": { "type": "Point", "coordinates": [ 139.389042999653526, 35.938361000737281 ] } },
{ "type": "Feature", "properties": { "P29_001": "11241", "P29_002": "B111224100025", "P29_003": "16001", "P29_004": "鶴ヶ島市立鶴ヶ島第二小学校", "P29_005": "埼玉県鶴ヶ島市大字鶴ケ丘358-1", "P29_006": "3", "P29_007": "1", "P29_008": "00", "P29_009": null }, "geometry": { "type": "Point", "coordinates": [ 139.415705695595221, 35.936564257907143 ] } },
{ "type": "Feature", "properties": { "P29_001": "11241", "P29_002": "B111224100034", "P29_003": "16001", "P29_004": "鶴ヶ島市立新町小学校", "P29_005": "埼玉県鶴ヶ島市新町4-25-1", "P29_006": "3", "P29_007": "1", "P29_008": "00", "P29_009": null }, "geometry": { "type": "Point", "coordinates": [ 139.36729704591346, 35.93261855159335 ] } },
{ "type": "Feature", "properties": { "P29_001": "11241", "P29_002": "B111224100043", "P29_003": "16001", "P29_004": "鶴ヶ島市立杉下小学校", "P29_005": "埼玉県鶴ヶ島市大字五味ヶ谷251", "P29_006": "3", "P29_007": "1", "P29_008": "00", "P29_009": null }, "geometry": { "type": "Point", "coordinates": [ 139.417678994255311, 35.94569300198323 ] } },
{ "type": "Feature", "properties": { "P29_001": "11241", "P29_002": "B111224100052", "P29_003": "16001", "P29_004": "鶴ヶ島市立長久保小学校", "P29_005": "埼玉県鶴ヶ島市脚折町4-12-1", "P29_006": "3", "P29_007": "1", "P29_008": "00", "P29_009": null }, "geometry": { "type": "Point", "coordinates": [ 139.39320899729745, 35.946970996533665 ] } },
{ "type": "Feature", "properties": { "P29_001": "11241", "P29_002": "B111224100061", "P29_003": "16001", "P29_004": "鶴ヶ島市立栄小学校", "P29_005": "埼玉県鶴ヶ島市富士見4-26-1", "P29_006": "3", "P29_007": "1", "P29_008": "00", "P29_009": null }, "geometry": { "type": "Point", "coordinates": [ 139.417114854061168, 35.951679260944466 ] } },
{ "type": "Feature", "properties": { "P29_001": "11241", "P29_002": "B111224100070", "P29_003": "16001", "P29_004": "鶴ヶ島市立藤小学校", "P29_005": "埼玉県鶴ヶ島市大字藤金330", "P29_006": "3", "P29_007": "1", "P29_008": "00", "P29_009": null }, "geometry": { "type": "Point", "coordinates": [ 139.406401997273605, 35.939943998038082 ] } },
{ "type": "Feature", "properties": { "P29_001": "11241", "P29_002": "B111224100089", "P29_003": "16001", "P29_004": "鶴ヶ島市立南小学校", "P29_005": "埼玉県鶴ヶ島市南町1-26-1", "P29_006": "3", "P29_007": "1", "P29_008": "00", "P29_009": null }, "geometry": { "type": "Point", "coordinates": [ 139.407339321388122, 35.92533893761243 ] } },
{ "type": "Feature", "properties": { "P29_001": "11242", "P29_002": "B111224200015", "P29_003": "16001", "P29_004": "日高市立高麗小学校", "P29_005": "埼玉県日高市梅原5-1", "P29_006": "3", "P29_007": "1", "P29_008": "00", "P29_009": null }, "geometry": { "type": "Point", "coordinates": [ 139.320653830503602, 35.883840321561159 ] } },
{ "type": "Feature", "properties": { "P29_001": "11242", "P29_002": "B111224200024", "P29_003": "16001", "P29_004": "日高市立高麗川小学校", "P29_005": "埼玉県日高市南平沢335", "P29_006": "3", "P29_007": "1", "P29_008": "00", "P29_009": null }, "geometry": { "type": "Point", "coordinates": [ 139.337100390941771, 35.906881567712681 ] } },
{ "type": "Feature", "properties": { "P29_001": "11242", "P29_002": "B111224200033", "P29_003": "16001", "P29_004": "日高市立高萩小学校", "P29_005": "埼玉県日高市高萩800", "P29_006": "3", "P29_007": "1", "P29_008": "00", "P29_009": null }, "geometry": { "type": "Point", "coordinates": [ 139.373896091579638, 35.898023597321973 ] } },
{ "type": "Feature", "properties": { "P29_001": "11242", "P29_002": "B111224200042", "P29_003": "16001", "P29_004": "日高市立高根小学校", "P29_005": "埼玉県日高市中鹿山523-3", "P29_006": "3", "P29_007": "1", "P29_008": "00", "P29_009": null }, "geometry": { "type": "Point", "coordinates": [ 139.347199231191809, 35.886938220344661 ] } },
{ "type": "Feature", "properties": { "P29_001": "11242", "P29_002": "B111224200051", "P29_003": "16001", "P29_004": "日高市立高萩北小学校", "P29_005": "埼玉県日高市大字旭ケ丘800", "P29_006": "3", "P29_007": "1", "P29_008": "00", "P29_009": null }, "geometry": { "type": "Point", "coordinates": [ 139.366938139654593, 35.910745054282934 ] } },
{ "type": "Feature", "properties": { "P29_001": "11243", "P29_002": "B111224300014", "P29_003": "16001", "P29_004": "吉川市立吉川小学校", "P29_005": "埼玉県吉川市大字平沼73", "P29_006": "3", "P29_007": "1", "P29_008": "00", "P29_009": null }, "geometry": { "type": "Point", "coordinates": [ 139.839234270454881, 35.88443876282556 ] } },
{ "type": "Feature", "properties": { "P29_001": "11243", "P29_002": "B111224300023", "P29_003": "16001", "P29_004": "吉川市立旭小学校", "P29_005": "埼玉県吉川市大字南広島1940", "P29_006": "3", "P29_007": "1", "P29_008": "00", "P29_009": null }, "geometry": { "type": "Point", "coordinates": [ 139.851205891277374, 35.918254406585291 ] } },
{ "type": "Feature", "properties": { "P29_001": "11243", "P29_002": "B111224300032", "P29_003": "16001", "P29_004": "吉川市立三輪野江小学校", "P29_005": "埼玉県吉川市大字加藤641", "P29_006": "3", "P29_007": "1", "P29_008": "00", "P29_009": null }, "geometry": { "type": "Point", "coordinates": [ 139.882802456605276, 35.885911353993826 ] } },
{ "type": "Feature", "properties": { "P29_001": "11243", "P29_002": "B111224300041", "P29_003": "16001", "P29_004": "吉川市立関小学校", "P29_005": "埼玉県吉川市吉川団地1-10", "P29_006": "3", "P29_007": "1", "P29_008": "00", "P29_009": null }, "geometry": { "type": "Point", "coordinates": [ 139.845436367058369, 35.892872541314652 ] } },
{ "type": "Feature", "properties": { "P29_001": "11243", "P29_002": "B111224300050", "P29_003": "16001", "P29_004": "吉川市立北谷小学校", "P29_005": "埼玉県吉川市高富857", "P29_006": "3", "P29_007": "1", "P29_008": "00", "P29_009": null }, "geometry": { "type": "Point", "coordinates": [ 139.85815639083873, 35.876006224005643 ] } },
{ "type": "Feature", "properties": { "P29_001": "11243", "P29_002": "B111224300069", "P29_003": "16001", "P29_004": "吉川市立栄小学校", "P29_005": "埼玉県吉川市中央3-26-1", "P29_006": "3", "P29_007": "1", "P29_008": "00", "P29_009": null }, "geometry": { "type": "Point", "coordinates": [ 139.85661199620057, 35.89154599834783 ] } },
{ "type": "Feature", "properties": { "P29_001": "11243", "P29_002": "B111224300078", "P29_003": "16001", "P29_004": "吉川市立中曽根小学校", "P29_005": "埼玉県吉川市中曽根2-4", "P29_006": "3", "P29_007": "1", "P29_008": "00", "P29_009": null }, "geometry": { "type": "Point", "coordinates": [ 139.846842919483436, 35.866986931552177 ] } },
{ "type": "Feature", "properties": { "P29_001": "11243", "P29_002": "B111224300087", "P29_003": "16001", "P29_004": "吉川市立美南小学校", "P29_005": "埼玉県吉川市美南4-17-3", "P29_006": "3", "P29_007": "1", "P29_008": "00", "P29_009": null }, "geometry": { "type": "Point", "coordinates": [ 139.85124221918997, 35.863739482576342 ] } },
{ "type": "Feature", "properties": { "P29_001": "11245", "P29_002": "B111224500012", "P29_003": "16001", "P29_004": "ふじみ野市立福岡小学校", "P29_005": "埼玉県ふじみ野市西原2-6-1", "P29_006": "3", "P29_007": "1", "P29_008": "00", "P29_009": null }, "geometry": { "type": "Point", "coordinates": [ 139.527781004166371, 35.874913949645425 ] } },
{ "type": "Feature", "properties": { "P29_001": "11245", "P29_002": "B111224500021", "P29_003": "16001", "P29_004": "ふじみ野市立駒西小学校", "P29_005": "埼玉県ふじみ野市駒西3-6-1", "P29_006": "3", "P29_007": "1", "P29_008": "00", "P29_009": null }, "geometry": { "type": "Point", "coordinates": [ 139.522440452175715, 35.868197150261132 ] } },
{ "type": "Feature", "properties": { "P29_001": "11245", "P29_002": "B111224500030", "P29_003": "16001", "P29_004": "ふじみ野市立上野台小学校", "P29_005": "埼玉県ふじみ野市福岡1-2-1", "P29_006": "3", "P29_007": "1", "P29_008": "00", "P29_009": null }, "geometry": { "type": "Point", "coordinates": [ 139.521239143346719, 35.878976474627265 ] } },
{ "type": "Feature", "properties": { "P29_001": "11245", "P29_002": "B111224500049", "P29_003": "16001", "P29_004": "ふじみ野市立西小学校", "P29_005": "埼玉県ふじみ野市西2-10-25", "P29_006": "3", "P29_007": "1", "P29_008": "00", "P29_009": null }, "geometry": { "type": "Point", "coordinates": [ 139.505486359754144, 35.871651444564478 ] } },
{ "type": "Feature", "properties": { "P29_001": "11245", "P29_002": "B111224500058", "P29_003": "16001", "P29_004": "ふじみ野市立元福小学校", "P29_005": "埼玉県ふじみ野市元福岡3-15-2", "P29_006": "3", "P29_007": "1", "P29_008": "00", "P29_009": null }, "geometry": { "type": "Point", "coordinates": [ 139.515529993911201, 35.88790000492709 ] } },
{ "type": "Feature", "properties": { "P29_001": "11245", "P29_002": "B111224500067", "P29_003": "16001", "P29_004": "ふじみ野市立さぎの森小学校", "P29_005": "埼玉県ふじみ野市駒林28", "P29_006": "3", "P29_007": "1", "P29_008": "00", "P29_009": null }, "geometry": { "type": "Point", "coordinates": [ 139.539240345041037, 35.869937736753833 ] } },
{ "type": "Feature", "properties": { "P29_001": "11245", "P29_002": "B111224500076", "P29_003": "16001", "P29_004": "ふじみ野市立大井小学校", "P29_005": "埼玉県ふじみ野市苗間37", "P29_006": "3", "P29_007": "1", "P29_008": "00", "P29_009": null }, "geometry": { "type": "Point", "coordinates": [ 139.514170995219018, 35.854849001807743 ] } },
{ "type": "Feature", "properties": { "P29_001": "11245", "P29_002": "B111224500085", "P29_003": "16001", "P29_004": "ふじみ野市立鶴ヶ丘小学校", "P29_005": "埼玉県ふじみ野市鶴ヶ岡1-3-1", "P29_006": "3", "P29_007": "1", "P29_008": "00", "P29_009": null }, "geometry": { "type": "Point", "coordinates": [ 139.504836408499671, 35.864121630777539 ] } },
{ "type": "Feature", "properties": { "P29_001": "11245", "P29_002": "B111224500094", "P29_003": "16001", "P29_004": "ふじみ野市立東原小学校", "P29_005": "埼玉県ふじみ野市大井2-9-1", "P29_006": "3", "P29_007": "1", "P29_008": "00", "P29_009": null }, "geometry": { "type": "Point", "coordinates": [ 139.521175602530519, 35.852498101353504 ] } },
{ "type": "Feature", "properties": { "P29_001": "11245", "P29_002": "B111224500101", "P29_003": "16001", "P29_004": "ふじみ野市立西原小学校", "P29_005": "埼玉県ふじみ野市大井武蔵野1322-4", "P29_006": "3", "P29_007": "1", "P29_008": "00", "P29_009": null }, "geometry": { "type": "Point", "coordinates": [ 139.498886271367354, 35.850792909174324 ] } },
{ "type": "Feature", "properties": { "P29_001": "11245", "P29_002": "B111224500110", "P29_003": "16001", "P29_004": "ふじみ野市立亀久保小学校", "P29_005": "埼玉県ふじみ野市ふじみ野2-22-1", "P29_006": "3", "P29_007": "1", "P29_008": "00", "P29_009": null }, "geometry": { "type": "Point", "coordinates": [ 139.516400124438036, 35.863419201806714 ] } },
{ "type": "Feature", "properties": { "P29_001": "11245", "P29_002": "B111224500129", "P29_003": "16001", "P29_004": "ふじみ野市立三角小学校", "P29_005": "埼玉県ふじみ野市亀久保1709-1", "P29_006": "3", "P29_007": "1", "P29_008": "00", "P29_009": null }, "geometry": { "type": "Point", "coordinates": [ 139.490566658714386, 35.857990555033048 ] } },
{ "type": "Feature", "properties": { "P29_001": "11245", "P29_002": "B111224500138", "P29_003": "16001", "P29_004": "ふじみ野市立東台小学校", "P29_005": "埼玉県ふじみ野市大井710-1", "P29_006": "3", "P29_007": "1", "P29_008": "00", "P29_009": null }, "geometry": { "type": "Point", "coordinates": [ 139.52343251233637, 35.847778863796961 ] } },
{ "type": "Feature", "properties": { "P29_001": "11246", "P29_002": "B111224600011", "P29_003": "16001", "P29_004": "白岡市立篠津小学校", "P29_005": "埼玉県白岡市篠津2644", "P29_006": "3", "P29_007": "1", "P29_008": "00", "P29_009": null }, "geometry": { "type": "Point", "coordinates": [ 139.664898643647973, 36.028615148981125 ] } },
{ "type": "Feature", "properties": { "P29_001": "11246", "P29_002": "B111224600020", "P29_003": "16001", "P29_004": "白岡市立菁莪小学校", "P29_005": "埼玉県白岡市上野田101-1", "P29_006": "3", "P29_007": "1", "P29_008": "00", "P29_009": null }, "geometry": { "type": "Point", "coordinates": [ 139.688537999297182, 36.013941996456367 ] } },
{ "type": "Feature", "properties": { "P29_001": "11246", "P29_002": "B111224600039", "P29_003": "16001", "P29_004": "白岡市立大山小学校", "P29_005": "埼玉県白岡市荒井新田339", "P29_006": "3", "P29_007": "1", "P29_008": "00", "P29_009": null }, "geometry": { "type": "Point", "coordinates": [ 139.618126005305953, 36.042967002185051 ] } },
{ "type": "Feature", "properties": { "P29_001": "11246", "P29_002": "B111224600048", "P29_003": "16001", "P29_004": "白岡市立南小学校", "P29_005": "埼玉県白岡市小久喜524-1", "P29_006": "3", "P29_007": "1", "P29_008": "00", "P29_009": null }, "geometry": { "type": "Point", "coordinates": [ 139.670483998661581, 36.009803996598272 ] } },
{ "type": "Feature", "properties": { "P29_001": "11246", "P29_002": "B111224600057", "P29_003": "16001", "P29_004": "白岡市立西小学校", "P29_005": "埼玉県白岡市西6-3-1", "P29_006": "3", "P29_007": "1", "P29_008": "00", "P29_009": null }, "geometry": { "type": "Point", "coordinates": [ 139.654262996737259, 36.021997000502282 ] } },
{ "type": "Feature", "properties": { "P29_001": "11246", "P29_002": "B111224600066", "P29_003": "16001", "P29_004": "白岡市立白岡東小学校", "P29_005": "埼玉県白岡市新白岡2-28-1", "P29_006": "3", "P29_007": "1", "P29_008": "00", "P29_009": null }, "geometry": { "type": "Point", "coordinates": [ 139.678678235782712, 36.037424429102643 ] } },
{ "type": "Feature", "properties": { "P29_001": "11301", "P29_002": "B111230100013", "P29_003": "16001", "P29_004": "伊奈町立小室小学校", "P29_005": "埼玉県北足立郡伊奈町小室7981", "P29_006": "3", "P29_007": "1", "P29_008": "00", "P29_009": null }, "geometry": { "type": "Point", "coordinates": [ 139.630601001469472, 35.991638000588686 ] } },
{ "type": "Feature", "properties": { "P29_001": "11301", "P29_002": "B111230100022", "P29_003": "16001", "P29_004": "伊奈町立小針小学校", "P29_005": "埼玉県北足立郡伊奈町寿2-80-1", "P29_006": "3", "P29_007": "1", "P29_008": "00", "P29_009": null }, "geometry": { "type": "Point", "coordinates": [ 139.602574995144636, 36.005857995663575 ] } },
{ "type": "Feature", "properties": { "P29_001": "11301", "P29_002": "B111230100031", "P29_003": "16001", "P29_004": "伊奈町立南小学校", "P29_005": "埼玉県北足立郡伊奈町栄4-1", "P29_006": "3", "P29_007": "1", "P29_008": "00", "P29_009": null }, "geometry": { "type": "Point", "coordinates": [ 139.639750586619272, 35.983917554550146 ] } },
{ "type": "Feature", "properties": { "P29_001": "11301", "P29_002": "B111230100040", "P29_003": "16001", "P29_004": "伊奈町立小針北小学校", "P29_005": "埼玉県北足立郡伊奈町内宿台5-214-1", "P29_006": "3", "P29_007": "1", "P29_008": "00", "P29_009": null }, "geometry": { "type": "Point", "coordinates": [ 139.604760979657527, 36.018348031355792 ] } },
{ "type": "Feature", "properties": { "P29_001": "11324", "P29_002": "B111232400016", "P29_003": "16001", "P29_004": "三芳町立三芳小学校", "P29_005": "埼玉県入間郡三芳町北永井343", "P29_006": "3", "P29_007": "1", "P29_008": "00", "P29_009": null }, "geometry": { "type": "Point", "coordinates": [ 139.518045890629139, 35.831135293837491 ] } },
{ "type": "Feature", "properties": { "P29_001": "11324", "P29_002": "B111232400025", "P29_003": "16001", "P29_004": "三芳町立上富小学校", "P29_005": "埼玉県入間郡三芳町大字上富1267-4", "P29_006": "3", "P29_007": "1", "P29_008": "00", "P29_009": null }, "geometry": { "type": "Point", "coordinates": [ 139.501366998078623, 35.829906997820054 ] } },
{ "type": "Feature", "properties": { "P29_001": "11324", "P29_002": "B111232400034", "P29_003": "16001", "P29_004": "三芳町立藤久保小学校", "P29_005": "埼玉県入間郡三芳町藤久保7233", "P29_006": "3", "P29_007": "1", "P29_008": "00", "P29_009": null }, "geometry": { "type": "Point", "coordinates": [ 139.530407664733048, 35.840861597394401 ] } },
{ "type": "Feature", "properties": { "P29_001": "11324", "P29_002": "B111232400043", "P29_003": "16001", "P29_004": "三芳町立唐沢小学校", "P29_005": "埼玉県入間郡三芳町藤久保410-2", "P29_006": "3", "P29_007": "1", "P29_008": "00", "P29_009": null }, "geometry": { "type": "Point", "coordinates": [ 139.538141996123812, 35.833323997108927 ] } },
{ "type": "Feature", "properties": { "P29_001": "11324", "P29_002": "B111232400052", "P29_003": "16001", "P29_004": "三芳町立竹間沢小学校", "P29_005": "埼玉県入間郡三芳町竹間沢550-1", "P29_006": "3", "P29_007": "1", "P29_008": "00", "P29_009": null }, "geometry": { "type": "Point", "coordinates": [ 139.544280005261641, 35.827325001761487 ] } },
{ "type": "Feature", "properties": { "P29_001": "11326", "P29_002": "B111232600014", "P29_003": "16001", "P29_004": "毛呂山町立毛呂山小学校", "P29_005": "埼玉県入間郡毛呂山町岩井西4-2-1", "P29_006": "3", "P29_007": "1", "P29_008": "00", "P29_009": null }, "geometry": { "type": "Point", "coordinates": [ 139.31112799659283, 35.941022003760189 ] } },
{ "type": "Feature", "properties": { "P29_001": "11326", "P29_002": "B111232600023", "P29_003": "16001", "P29_004": "毛呂山町立川角小学校", "P29_005": "埼玉県入間郡毛呂山町川角1271-1", "P29_006": "3", "P29_007": "1", "P29_008": "00", "P29_009": null }, "geometry": { "type": "Point", "coordinates": [ 139.335390016201359, 35.949142112164473 ] } },
{ "type": "Feature", "properties": { "P29_001": "11326", "P29_002": "B111232600032", "P29_003": "16001", "P29_004": "毛呂山町立光山小学校", "P29_005": "埼玉県入間郡毛呂山町市場475", "P29_006": "3", "P29_007": "1", "P29_008": "00", "P29_009": null }, "geometry": { "type": "Point", "coordinates": [ 139.336493000951378, 35.940441999047991 ] } },
{ "type": "Feature", "properties": { "P29_001": "11326", "P29_002": "B111232600041", "P29_003": "16001", "P29_004": "毛呂山町立泉野小学校", "P29_005": "埼玉県入間郡毛呂山町岩井353", "P29_006": "3", "P29_007": "1", "P29_008": "00", "P29_009": null }, "geometry": { "type": "Point", "coordinates": [ 139.315617866658698, 35.952603980762511 ] } },
{ "type": "Feature", "properties": { "P29_001": "11327", "P29_002": "B111232700013", "P29_003": "16001", "P29_004": "越生町立越生小学校", "P29_005": "埼玉県入間郡越生町黒岩251", "P29_006": "3", "P29_007": "1", "P29_008": "00", "P29_009": null }, "geometry": { "type": "Point", "coordinates": [ 139.292281529394671, 35.967922229757846 ] } },
{ "type": "Feature", "properties": { "P29_001": "11327", "P29_002": "B111232700022", "P29_003": "16001", "P29_004": "越生町立梅園小学校", "P29_005": "埼玉県入間郡越生町小杉547", "P29_006": "3", "P29_007": "1", "P29_008": "00", "P29_009": null }, "geometry": { "type": "Point", "coordinates": [ 139.269609001000617, 35.968937002306888 ] } },
{ "type": "Feature", "properties": { "P29_001": "11341", "P29_002": "B111234100015", "P29_003": "16001", "P29_004": "滑川町立宮前小学校", "P29_005": "埼玉県比企郡滑川町羽尾4857-1", "P29_006": "3", "P29_007": "1", "P29_008": "00", "P29_009": null }, "geometry": { "type": "Point", "coordinates": [ 139.356296398021044, 36.060133036504141 ] } },
{ "type": "Feature", "properties": { "P29_001": "11341", "P29_002": "B111234100024", "P29_003": "16001", "P29_004": "滑川町立福田小学校", "P29_005": "埼玉県比企郡滑川町福田1660-1", "P29_006": "3", "P29_007": "1", "P29_008": "00", "P29_009": null }, "geometry": { "type": "Point", "coordinates": [ 139.354846001553369, 36.082814999542798 ] } },
{ "type": "Feature", "properties": { "P29_001": "11341", "P29_002": "B111234100033", "P29_003": "16001", "P29_004": "滑川町立月の輪小学校", "P29_005": "埼玉県比企郡滑川町月の輪6-15-3", "P29_006": "3", "P29_007": "1", "P29_008": "00", "P29_009": null }, "geometry": { "type": "Point", "coordinates": [ 139.34020799780518, 36.044781004792902 ] } },
{ "type": "Feature", "properties": { "P29_001": "11342", "P29_002": "B111234200014", "P29_003": "16001", "P29_004": "嵐山町立菅谷小学校", "P29_005": "埼玉県比企郡嵐山町菅谷577", "P29_006": "3", "P29_007": "1", "P29_008": "00", "P29_009": null }, "geometry": { "type": "Point", "coordinates": [ 139.323018001806332, 36.039431002469499 ] } },
{ "type": "Feature", "properties": { "P29_001": "11342", "P29_002": "B111234200023", "P29_003": "16001", "P29_004": "嵐山町立七郷小学校", "P29_005": "埼玉県比企郡嵐山町大字吉田1913", "P29_006": "3", "P29_007": "1", "P29_008": "00", "P29_009": null }, "geometry": { "type": "Point", "coordinates": [ 139.310864807972735, 36.080451748874928 ] } },
{ "type": "Feature", "properties": { "P29_001": "11342", "P29_002": "B111234200032", "P29_003": "16001", "P29_004": "嵐山町立志賀小学校", "P29_005": "埼玉県比企郡嵐山町志賀540", "P29_006": "3", "P29_007": "1", "P29_008": "00", "P29_009": null }, "geometry": { "type": "Point", "coordinates": [ 139.319489999109948, 36.048986002374093 ] } },
{ "type": "Feature", "properties": { "P29_001": "11343", "P29_002": "B111234300013", "P29_003": "16001", "P29_004": "小川町立八和田小学校", "P29_005": "埼玉県比企郡小川町上横田527", "P29_006": "3", "P29_007": "1", "P29_008": "00", "P29_009": null }, "geometry": { "type": "Point", "coordinates": [ 139.287911875861198, 36.07698963628993 ] } },
{ "type": "Feature", "properties": { "P29_001": "11343", "P29_002": "B111234300022", "P29_003": "16001", "P29_004": "小川町立小川小学校", "P29_005": "埼玉県比企郡小川町小川377", "P29_006": "3", "P29_007": "1", "P29_008": "00", "P29_009": null }, "geometry": { "type": "Point", "coordinates": [ 139.26829999768654, 36.053956003130949 ] } },
{ "type": "Feature", "properties": { "P29_001": "11343", "P29_002": "B111234300031", "P29_003": "16001", "P29_004": "小川町立竹沢小学校", "P29_005": "埼玉県比企郡小川町木部90", "P29_006": "3", "P29_007": "1", "P29_008": "00", "P29_009": null }, "geometry": { "type": "Point", "coordinates": [ 139.234823992116986, 36.075329032476439 ] } },
{ "type": "Feature", "properties": { "P29_001": "11343", "P29_002": "B111234300040", "P29_003": "16001", "P29_004": "小川町立大河小学校", "P29_005": "埼玉県比企郡小川町腰越209", "P29_006": "3", "P29_007": "1", "P29_008": "00", "P29_009": null }, "geometry": { "type": "Point", "coordinates": [ 139.245441003620329, 36.051678004552592 ] } },
{ "type": "Feature", "properties": { "P29_001": "11343", "P29_002": "B111234300068", "P29_003": "16001", "P29_004": "小川町立みどりが丘小学校", "P29_005": "埼玉県比企郡小川町みどりが丘4-21-1", "P29_006": "3", "P29_007": "1", "P29_008": "00", "P29_009": null }, "geometry": { "type": "Point", "coordinates": [ 139.262732165820381, 36.074915305450489 ] } },
{ "type": "Feature", "properties": { "P29_001": "11346", "P29_002": "B111234600010", "P29_003": "16001", "P29_004": "川島町立中山小学校", "P29_005": "埼玉県比企郡川島町中山1333", "P29_006": "3", "P29_007": "1", "P29_008": "00", "P29_009": null }, "geometry": { "type": "Point", "coordinates": [ 139.447676383569075, 35.990630544627621 ] } },
{ "type": "Feature", "properties": { "P29_001": "11346", "P29_002": "B111234600029", "P29_003": "16001", "P29_004": "川島町立伊草小学校", "P29_005": "埼玉県比企郡川島町伊草238-1", "P29_006": "3", "P29_007": "1", "P29_008": "00", "P29_009": null }, "geometry": { "type": "Point", "coordinates": [ 139.466282621971914, 35.968102173322272 ] } },
{ "type": "Feature", "properties": { "P29_001": "11346", "P29_002": "B111234600038", "P29_003": "16001", "P29_004": "川島町立つばさ南小学校", "P29_005": "埼玉県比企郡川島町大字白井沼945", "P29_006": "3", "P29_007": "1", "P29_008": "00", "P29_009": null }, "geometry": { "type": "Point", "coordinates": [ 139.489486002445148, 35.978876995958196 ] } },
{ "type": "Feature", "properties": { "P29_001": "11346", "P29_002": "B111234600047", "P29_003": "16001", "P29_004": "川島町立つばさ北小学校", "P29_005": "埼玉県比企郡川島町大字畑中31", "P29_006": "3", "P29_007": "1", "P29_008": "00", "P29_009": null }, "geometry": { "type": "Point", "coordinates": [ 139.493015001511111, 35.996456999377081 ] } },
{ "type": "Feature", "properties": { "P29_001": "11347", "P29_002": "B111234700019", "P29_003": "16001", "P29_004": "吉見町立東第一小学校", "P29_005": "埼玉県比企郡吉見町東野5-20-1", "P29_006": "3", "P29_007": "1", "P29_008": "00", "P29_009": null }, "geometry": { "type": "Point", "coordinates": [ 139.47081419464368, 36.037688477648501 ] } },
{ "type": "Feature", "properties": { "P29_001": "11347", "P29_002": "B111234700028", "P29_003": "16001", "P29_004": "吉見町立東第二小学校", "P29_005": "埼玉県比企郡吉見町江和井1555", "P29_006": "3", "P29_007": "1", "P29_008": "00", "P29_009": null }, "geometry": { "type": "Point", "coordinates": [ 139.495028998928319, 36.026268997961758 ] } },
{ "type": "Feature", "properties": { "P29_001": "11347", "P29_002": "B111234700037", "P29_003": "16001", "P29_004": "吉見町立南小学校", "P29_005": "埼玉県比企郡吉見町久保田942-2", "P29_006": "3", "P29_007": "1", "P29_008": "00", "P29_009": null }, "geometry": { "type": "Point", "coordinates": [ 139.447783998974643, 36.027461996921758 ] } },
{ "type": "Feature", "properties": { "P29_001": "11347", "P29_002": "B111234700046", "P29_003": "16001", "P29_004": "吉見町立西小学校", "P29_005": "埼玉県比企郡吉見町和名50", "P29_006": "3", "P29_007": "1", "P29_008": "00", "P29_009": null }, "geometry": { "type": "Point", "coordinates": [ 139.436244195950422, 36.050789757527781 ] } },
{ "type": "Feature", "properties": { "P29_001": "11347", "P29_002": "B111234700055", "P29_003": "16001", "P29_004": "吉見町立北小学校", "P29_005": "埼玉県比企郡吉見町地頭方441", "P29_006": "3", "P29_007": "1", "P29_008": "00", "P29_009": null }, "geometry": { "type": "Point", "coordinates": [ 139.457671005114321, 36.063514002082506 ] } },
{ "type": "Feature", "properties": { "P29_001": "11347", "P29_002": "B111234700064", "P29_003": "16001", "P29_004": "吉見町立西が丘小学校", "P29_005": "埼玉県比企郡吉見町南吉見2074-3", "P29_006": "3", "P29_007": "1", "P29_008": "00", "P29_009": null }, "geometry": { "type": "Point", "coordinates": [ 139.432065684345503, 36.038887976896831 ] } },
{ "type": "Feature", "properties": { "P29_001": "11348", "P29_002": "B111234800018", "P29_003": "16001", "P29_004": "鳩山町立亀井小学校", "P29_005": "埼玉県比企郡鳩山町泉井323-4", "P29_006": "3", "P29_007": "1", "P29_008": "00", "P29_009": null }, "geometry": { "type": "Point", "coordinates": [ 139.316851579012393, 35.994901856588442 ] } },
{ "type": "Feature", "properties": { "P29_001": "11348", "P29_002": "B111234800027", "P29_003": "16001", "P29_004": "鳩山町立今宿小学校", "P29_005": "埼玉県比企郡鳩山町赤沼370", "P29_006": "3", "P29_007": "1", "P29_008": "00", "P29_009": null }, "geometry": { "type": "Point", "coordinates": [ 139.343018999000719, 35.972021996968117 ] } },
{ "type": "Feature", "properties": { "P29_001": "11348", "P29_002": "B111234800036", "P29_003": "16001", "P29_004": "鳩山町立鳩山小学校", "P29_005": "埼玉県比企郡鳩山町鳩ヶ丘1-16-1", "P29_006": "3", "P29_007": "1", "P29_008": "00", "P29_009": null }, "geometry": { "type": "Point", "coordinates": [ 139.354279834650043, 35.984577971634032 ] } },
{ "type": "Feature", "properties": { "P29_001": "11349", "P29_002": "B111234900017", "P29_003": "16001", "P29_004": "ときがわ町立明覚小学校", "P29_005": "埼玉県比企郡ときがわ町関堀65", "P29_006": "3", "P29_007": "1", "P29_008": "00", "P29_009": null }, "geometry": { "type": "Point", "coordinates": [ 139.276740281261908, 36.00324034247852 ] } },
{ "type": "Feature", "properties": { "P29_001": "11349", "P29_002": "B111234900026", "P29_003": "16001", "P29_004": "ときがわ町立萩ヶ丘小学校", "P29_005": "埼玉県比企郡ときがわ町大字西平1153", "P29_006": "3", "P29_007": "1", "P29_008": "00", "P29_009": null }, "geometry": { "type": "Point", "coordinates": [ 139.237548531981417, 35.99930335509967 ] } },
{ "type": "Feature", "properties": { "P29_001": "11349", "P29_002": "B111234900035", "P29_003": "16001", "P29_004": "ときがわ町立玉川小学校", "P29_005": "埼玉県比企郡ときがわ町玉川2666", "P29_006": "3", "P29_007": "1", "P29_008": "00", "P29_009": null }, "geometry": { "type": "Point", "coordinates": [ 139.293355004019503, 36.009461002027287 ] } },
{ "type": "Feature", "properties": { "P29_001": "11361", "P29_002": "B111236100010", "P29_003": "16001", "P29_004": "横瀬町立横瀬小学校", "P29_005": "埼玉県秩父郡横瀬町大字横瀬4556", "P29_006": "3", "P29_007": "1", "P29_008": "00", "P29_009": null }, "geometry": { "type": "Point", "coordinates": [ 139.101171861116597, 35.988651117501348 ] } },
{ "type": "Feature", "properties": { "P29_001": "11362", "P29_002": "B111236200019", "P29_003": "16001", "P29_004": "皆野町立皆野小学校", "P29_005": "埼玉県秩父郡皆野町皆野1346", "P29_006": "3", "P29_007": "1", "P29_008": "00", "P29_009": null }, "geometry": { "type": "Point", "coordinates": [ 139.098189650535375, 36.074198362268902 ] } },
{ "type": "Feature", "properties": { "P29_001": "11362", "P29_002": "B111236200028", "P29_003": "16001", "P29_004": "皆野町立国神小学校", "P29_005": "埼玉県秩父郡皆野町大淵70-1", "P29_006": "3", "P29_007": "1", "P29_008": "00", "P29_009": null }, "geometry": { "type": "Point", "coordinates": [ 139.087819522228216, 36.075620999948633 ] } },
{ "type": "Feature", "properties": { "P29_001": "11362", "P29_002": "B111236200037", "P29_003": "16001", "P29_004": "皆野町立三沢小学校", "P29_005": "埼玉県秩父郡皆野町三沢1606", "P29_006": "3", "P29_007": "1", "P29_008": "00", "P29_009": null }, "geometry": { "type": "Point", "coordinates": [ 139.130561002893046, 36.056202999011958 ] } },
{ "type": "Feature", "properties": { "P29_001": "11363", "P29_002": "B111236300018", "P29_003": "16001", "P29_004": "長瀞町立長瀞第一小学校", "P29_005": "埼玉県秩父郡長瀞町本野上600-1", "P29_006": "3", "P29_007": "1", "P29_008": "00", "P29_009": null }, "geometry": { "type": "Point", "coordinates": [ 139.10785885245312, 36.104308344331351 ] } },
{ "type": "Feature", "properties": { "P29_001": "11363", "P29_002": "B111236300027", "P29_003": "16001", "P29_004": "長瀞町立長瀞第二小学校", "P29_005": "埼玉県秩父郡長瀞町野上下郷920-1", "P29_006": "3", "P29_007": "1", "P29_008": "00", "P29_009": null }, "geometry": { "type": "Point", "coordinates": [ 139.122598672920759, 36.132051170560267 ] } },
{ "type": "Feature", "properties": { "P29_001": "11365", "P29_002": "B111236500016", "P29_003": "16001", "P29_004": "小鹿野町立小鹿野小学校", "P29_005": "埼玉県秩父郡小鹿野町小鹿野2678", "P29_006": "3", "P29_007": "1", "P29_008": "00", "P29_009": null }, "geometry": { "type": "Point", "coordinates": [ 139.009783505897815, 36.018851770332098 ] } },
{ "type": "Feature", "properties": { "P29_001": "11365", "P29_002": "B111236500025", "P29_003": "16001", "P29_004": "小鹿野町立長若小学校", "P29_005": "埼玉県秩父郡小鹿野町般若1192", "P29_006": "3", "P29_007": "1", "P29_008": "00", "P29_009": null }, "geometry": { "type": "Point", "coordinates": [ 139.030101996883531, 35.998680997959191 ] } },
{ "type": "Feature", "properties": { "P29_001": "11365", "P29_002": "B111236500034", "P29_003": "16001", "P29_004": "小鹿野町立三田川小学校", "P29_005": "埼玉県秩父郡小鹿野町飯田2770", "P29_006": "3", "P29_007": "1", "P29_008": "00", "P29_009": null }, "geometry": { "type": "Point", "coordinates": [ 138.968781792618586, 36.026973226351984 ] } },
{ "type": "Feature", "properties": { "P29_001": "11365", "P29_002": "B111236500043", "P29_003": "16001", "P29_004": "小鹿野町立両神小学校", "P29_005": "埼玉県秩父郡小鹿野町両神薄2662", "P29_006": "3", "P29_007": "1", "P29_008": "00", "P29_009": null }, "geometry": { "type": "Point", "coordinates": [ 138.973024109289128, 36.011439479764086 ] } },
{ "type": "Feature", "properties": { "P29_001": "11369", "P29_002": "B111236900012", "P29_003": "16001", "P29_004": "東秩父村立槻川小学校", "P29_005": "埼玉県秩父郡東秩父村御堂364-1", "P29_006": "3", "P29_007": "1", "P29_008": "00", "P29_009": null }, "geometry": { "type": "Point", "coordinates": [ 139.205676755466982, 36.051260219319992 ] } },
{ "type": "Feature", "properties": { "P29_001": "11381", "P29_002": "B111238100016", "P29_003": "16001", "P29_004": "美里町立松久小学校", "P29_005": "埼玉県児玉郡美里町駒衣341-2", "P29_006": "3", "P29_007": "1", "P29_008": "00", "P29_009": null }, "geometry": { "type": "Point", "coordinates": [ 139.170440997130243, 36.170549001844975 ] } },
{ "type": "Feature", "properties": { "P29_001": "11381", "P29_002": "B111238100025", "P29_003": "16001", "P29_004": "美里町立東児玉小学校", "P29_005": "埼玉県児玉郡美里町阿那志13", "P29_006": "3", "P29_007": "1", "P29_008": "00", "P29_009": null }, "geometry": { "type": "Point", "coordinates": [ 139.177941000741612, 36.196917998048548 ] } },
{ "type": "Feature", "properties": { "P29_001": "11381", "P29_002": "B111238100034", "P29_003": "16001", "P29_004": "美里町立大沢小学校", "P29_005": "埼玉県児玉郡美里町大字猪俣3019-2", "P29_006": "3", "P29_007": "1", "P29_008": "00", "P29_009": null }, "geometry": { "type": "Point", "coordinates": [ 139.179843088391607, 36.155531209198294 ] } },
{ "type": "Feature", "properties": { "P29_001": "11383", "P29_002": "B111238300014", "P29_003": "16001", "P29_004": "神川町立丹荘小学校", "P29_005": "埼玉県児玉郡神川町関口110-1", "P29_006": "3", "P29_007": "1", "P29_008": "00", "P29_009": null }, "geometry": { "type": "Point", "coordinates": [ 139.101931998061843, 36.218903998435472 ] } },
{ "type": "Feature", "properties": { "P29_001": "11383", "P29_002": "B111238300023", "P29_003": "16001", "P29_004": "神川町立青柳小学校", "P29_005": "埼玉県児玉郡神川町二ノ宮60-1", "P29_006": "3", "P29_007": "1", "P29_008": "00", "P29_009": null }, "geometry": { "type": "Point", "coordinates": [ 139.083666691647267, 36.197057588467523 ] } },
{ "type": "Feature", "properties": { "P29_001": "11383", "P29_002": "B111238300032", "P29_003": "16001", "P29_004": "神川町立渡瀬小学校", "P29_005": "埼玉県児玉郡神川町渡瀬540-1", "P29_006": "3", "P29_007": "1", "P29_008": "00", "P29_009": null }, "geometry": { "type": "Point", "coordinates": [ 139.0587859986571, 36.173990999276157 ] } },
{ "type": "Feature", "properties": { "P29_001": "11383", "P29_002": "B111238300041", "P29_003": "16001", "P29_004": "神川町立神泉小学校", "P29_005": "埼玉県児玉郡神川町下阿久原875-1", "P29_006": "3", "P29_007": "1", "P29_008": "00", "P29_009": null }, "geometry": { "type": "Point", "coordinates": [ 139.054192134447646, 36.149550552921035 ] } },
{ "type": "Feature", "properties": { "P29_001": "11385", "P29_002": "B111238500012", "P29_003": "16001", "P29_004": "上里町立神保原小学校", "P29_005": "埼玉県児玉郡上里町神保原町814", "P29_006": "3", "P29_007": "1", "P29_008": "00", "P29_009": null }, "geometry": { "type": "Point", "coordinates": [ 139.152053004892139, 36.261150999566773 ] } },
{ "type": "Feature", "properties": { "P29_001": "11385", "P29_002": "B111238500021", "P29_003": "16001", "P29_004": "上里町立賀美小学校", "P29_005": "埼玉県児玉郡上里町金久保862", "P29_006": "3", "P29_007": "1", "P29_008": "00", "P29_009": null }, "geometry": { "type": "Point", "coordinates": [ 139.130940171491488, 36.26730713047003 ] } },
{ "type": "Feature", "properties": { "P29_001": "11385", "P29_002": "B111238500030", "P29_003": "16001", "P29_004": "上里町立長幡小学校", "P29_005": "埼玉県児玉郡上里町藤木戸145", "P29_006": "3", "P29_007": "1", "P29_008": "00", "P29_009": null }, "geometry": { "type": "Point", "coordinates": [ 139.117305995221784, 36.238928998998141 ] } },
{ "type": "Feature", "properties": { "P29_001": "11385", "P29_002": "B111238500049", "P29_003": "16001", "P29_004": "上里町立七本木小学校", "P29_005": "埼玉県児玉郡上里町七本木455", "P29_006": "3", "P29_007": "1", "P29_008": "00", "P29_009": null }, "geometry": { "type": "Point", "coordinates": [ 139.137692995131232, 36.236651996239019 ] } },
{ "type": "Feature", "properties": { "P29_001": "11385", "P29_002": "B111238500058", "P29_003": "16001", "P29_004": "上里町立上里東小学校", "P29_005": "埼玉県児玉郡上里町七本木1573", "P29_006": "3", "P29_007": "1", "P29_008": "00", "P29_009": null }, "geometry": { "type": "Point", "coordinates": [ 139.147498005044383, 36.243929997571357 ] } },
{ "type": "Feature", "properties": { "P29_001": "11408", "P29_002": "B111240800015", "P29_003": "16001", "P29_004": "寄居町立寄居小学校", "P29_005": "埼玉県大里郡寄居町寄居206", "P29_006": "3", "P29_007": "1", "P29_008": "00", "P29_009": null }, "geometry": { "type": "Point", "coordinates": [ 139.187181471666776, 36.116136753421465 ] } },
{ "type": "Feature", "properties": { "P29_001": "11408", "P29_002": "B111240800024", "P29_003": "16001", "P29_004": "寄居町立桜沢小学校", "P29_005": "埼玉県大里郡寄居町桜沢2740", "P29_006": "3", "P29_007": "1", "P29_008": "00", "P29_009": null }, "geometry": { "type": "Point", "coordinates": [ 139.206180810167524, 36.130959032996124 ] } },
{ "type": "Feature", "properties": { "P29_001": "11408", "P29_002": "B111240800033", "P29_003": "16001", "P29_004": "寄居町立用土小学校", "P29_005": "埼玉県大里郡寄居町用土2859", "P29_006": "3", "P29_007": "1", "P29_008": "00", "P29_009": null }, "geometry": { "type": "Point", "coordinates": [ 139.206212513083472, 36.1550530400715 ] } },
{ "type": "Feature", "properties": { "P29_001": "11408", "P29_002": "B111240800042", "P29_003": "16001", "P29_004": "寄居町立折原小学校", "P29_005": "埼玉県大里郡寄居町大字立原385", "P29_006": "3", "P29_007": "1", "P29_008": "00", "P29_009": null }, "geometry": { "type": "Point", "coordinates": [ 139.188273632288173, 36.103149035999827 ] } },
{ "type": "Feature", "properties": { "P29_001": "11408", "P29_002": "B111240800051", "P29_003": "16001", "P29_004": "寄居町立鉢形小学校", "P29_005": "埼玉県大里郡寄居町鉢形645", "P29_006": "3", "P29_007": "1", "P29_008": "00", "P29_009": null }, "geometry": { "type": "Point", "coordinates": [ 139.204799574823625, 36.110785589496103 ] } },
{ "type": "Feature", "properties": { "P29_001": "11408", "P29_002": "B111240800060", "P29_003": "16001", "P29_004": "寄居町立男衾小学校", "P29_005": "埼玉県大里郡寄居町富田53", "P29_006": "3", "P29_007": "1", "P29_008": "00", "P29_009": null }, "geometry": { "type": "Point", "coordinates": [ 139.252548004859989, 36.108476002961368 ] } },
{ "type": "Feature", "properties": { "P29_001": "11442", "P29_002": "B111244200013", "P29_003": "16001", "P29_004": "宮代町立須賀小学校", "P29_005": "埼玉県南埼玉郡宮代町須賀1425-1", "P29_006": "3", "P29_007": "1", "P29_008": "00", "P29_009": null }, "geometry": { "type": "Point", "coordinates": [ 139.701149127464532, 36.036884885040344 ] } },
{ "type": "Feature", "properties": { "P29_001": "11442", "P29_002": "B111244200022", "P29_003": "16001", "P29_004": "宮代町立百間小学校", "P29_005": "埼玉県南埼玉郡宮代町西原261", "P29_006": "3", "P29_007": "1", "P29_008": "00", "P29_009": null }, "geometry": { "type": "Point", "coordinates": [ 139.727872920610906, 36.009367177779325 ] } },
{ "type": "Feature", "properties": { "P29_001": "11442", "P29_002": "B111244200031", "P29_003": "16001", "P29_004": "宮代町立東小学校", "P29_005": "埼玉県南埼玉郡宮代町百間5-8-48", "P29_006": "3", "P29_007": "1", "P29_008": "00", "P29_009": null }, "geometry": { "type": "Point", "coordinates": [ 139.732371753699056, 36.022937899255439 ] } },
{ "type": "Feature", "properties": { "P29_001": "11442", "P29_002": "B111244200040", "P29_003": "16001", "P29_004": "宮代町立笠原小学校", "P29_005": "埼玉県南埼玉郡宮代町字百間1105", "P29_006": "3", "P29_007": "1", "P29_008": "00", "P29_009": null }, "geometry": { "type": "Point", "coordinates": [ 139.720902036975389, 36.019262057224921 ] } },
{ "type": "Feature", "properties": { "P29_001": "11464", "P29_002": "B111246400016", "P29_003": "16001", "P29_004": "杉戸町立杉戸小学校", "P29_005": "埼玉県北葛飾郡杉戸町内田2-9-28", "P29_006": "3", "P29_007": "1", "P29_008": "00", "P29_009": null }, "geometry": { "type": "Point", "coordinates": [ 139.731622967545235, 36.034485334754919 ] } },
{ "type": "Feature", "properties": { "P29_001": "11464", "P29_002": "B111246400025", "P29_003": "16001", "P29_004": "杉戸町立西小学校", "P29_005": "埼玉県北葛飾郡杉戸町高野台南5-1-1", "P29_006": "3", "P29_007": "1", "P29_008": "00", "P29_009": null }, "geometry": { "type": "Point", "coordinates": [ 139.709185668776939, 36.048952988472323 ] } },
{ "type": "Feature", "properties": { "P29_001": "11464", "P29_002": "B111246400034", "P29_003": "16001", "P29_004": "杉戸町立杉戸第二小学校", "P29_005": "埼玉県北葛飾郡杉戸町倉松600-1", "P29_006": "3", "P29_007": "1", "P29_008": "00", "P29_009": null }, "geometry": { "type": "Point", "coordinates": [ 139.746223431302326, 36.034952087206889 ] } },
{ "type": "Feature", "properties": { "P29_001": "11464", "P29_002": "B111246400043", "P29_003": "16001", "P29_004": "杉戸町立泉小学校", "P29_005": "埼玉県北葛飾郡杉戸町宮前1", "P29_006": "3", "P29_007": "1", "P29_008": "00", "P29_009": null }, "geometry": { "type": "Point", "coordinates": [ 139.791685542669541, 36.042194871492235 ] } },
{ "type": "Feature", "properties": { "P29_001": "11464", "P29_002": "B111246400052", "P29_003": "16001", "P29_004": "杉戸町立杉戸第三小学校", "P29_005": "埼玉県北葛飾郡杉戸町堤根2777", "P29_006": "3", "P29_007": "1", "P29_008": "00", "P29_009": null }, "geometry": { "type": "Point", "coordinates": [ 139.760342977264827, 36.015559514958589 ] } },
{ "type": "Feature", "properties": { "P29_001": "11464", "P29_002": "B111246400061", "P29_003": "16001", "P29_004": "杉戸町立高野台小学校", "P29_005": "埼玉県北葛飾郡杉戸町高野台西5-16", "P29_006": "3", "P29_007": "1", "P29_008": "00", "P29_009": null }, "geometry": { "type": "Point", "coordinates": [ 139.70620199461473, 36.054048999137464 ] } },
{ "type": "Feature", "properties": { "P29_001": "11465", "P29_002": "B111246500015", "P29_003": "16001", "P29_004": "松伏町立松伏小学校", "P29_005": "埼玉県北葛飾郡松伏町ゆめみ野東1-1-2", "P29_006": "3", "P29_007": "1", "P29_008": "00", "P29_009": null }, "geometry": { "type": "Point", "coordinates": [ 139.825907416019163, 35.92602994765069 ] } },
{ "type": "Feature", "properties": { "P29_001": "11465", "P29_002": "B111246500024", "P29_003": "16001", "P29_004": "松伏町立金杉小学校", "P29_005": "埼玉県北葛飾郡松伏町大川戸3854", "P29_006": "3", "P29_007": "1", "P29_008": "00", "P29_009": null }, "geometry": { "type": "Point", "coordinates": [ 139.824836603086368, 35.948407526864514 ] } },
{ "type": "Feature", "properties": { "P29_001": "11465", "P29_002": "B111246500033", "P29_003": "16001", "P29_004": "松伏町立松伏第二小学校", "P29_005": "埼玉県北葛飾郡松伏町田中1-4-6", "P29_006": "3", "P29_007": "1", "P29_008": "00", "P29_009": null }, "geometry": { "type": "Point", "coordinates": [ 139.813524089395088, 35.925264759866678 ] } },
{ "type": "Feature", "properties": { "P29_001": "11102", "P29_002": "B111310200012", "P29_003": "16001", "P29_004": "さとえ学園小学校", "P29_005": "埼玉県さいたま市北区本郷町1813", "P29_006": "4", "P29_007": "1", "P29_008": "00", "P29_009": null }, "geometry": { "type": "Point", "coordinates": [ 139.631089648969635, 35.943956795813719 ] } },
{ "type": "Feature", "properties": { "P29_001": "11109", "P29_002": "B111310900015", "P29_003": "16001", "P29_004": "青山学院大学系属浦和ルーテル学院小学校", "P29_005": "埼玉県さいたま市緑区大字大崎3642", "P29_006": "4", "P29_007": "1", "P29_008": "00", "P29_009": null }, "geometry": { "type": "Point", "coordinates": [ 139.716289391148507, 35.888234594017007 ] } },
{ "type": "Feature", "properties": { "P29_001": "11110", "P29_002": "B111311000012", "P29_003": "16001", "P29_004": "開智小学校", "P29_005": "埼玉県さいたま市岩槻区徳力西186", "P29_006": "4", "P29_007": "1", "P29_008": "00", "P29_009": null }, "geometry": { "type": "Point", "coordinates": [ 139.712755384119106, 35.971266882233941 ] } },
{ "type": "Feature", "properties": { "P29_001": "11201", "P29_002": "B111320100012", "P29_003": "16001", "P29_004": "星野学園小学校", "P29_005": "埼玉県川越市上寺山216-1", "P29_006": "4", "P29_007": "1", "P29_008": "00", "P29_009": null }, "geometry": { "type": "Point", "coordinates": [ 139.468834858551588, 35.927417037210091 ] } },
{ "type": "Feature", "properties": { "P29_001": "11215", "P29_002": "B111321500016", "P29_003": "16001", "P29_004": "西武学園文理小学校", "P29_005": "埼玉県狭山市下奥富600", "P29_006": "4", "P29_007": "1", "P29_008": "00", "P29_009": null }, "geometry": { "type": "Point", "coordinates": [ 139.43075280383772, 35.879584185164006 ] } }
]
}
