{
"type": "FeatureCollection",
"name": "geo_11_中学校",
"crs": { "type": "name", "properties": { "name": "urn:ogc:def:crs:EPSG::6668" } },
"features": [
{ "type": "Feature", "properties": { "P29_001": "11108", "P29_002": "C111110000016", "P29_003": "16002", "P29_004": "埼玉大学教育学部附属中学校", "P29_005": "埼玉県さいたま市南区別所4-2-5", "P29_006": "1", "P29_007": "1", "P29_008": "00", "P29_009": null }, "geometry": { "type": "Point", "coordinates": [ 139.643391312076687, 35.85576713827961 ] } },
{ "type": "Feature", "properties": { "P29_001": "11101", "P29_002": "C111210100013", "P29_003": "16002", "P29_004": "さいたま市立指扇中学校", "P29_005": "埼玉県さいたま市西区西大宮3-31-1", "P29_006": "3", "P29_007": "1", "P29_008": "00", "P29_009": null }, "geometry": { "type": "Point", "coordinates": [ 139.576848994232563, 35.927598996034071 ] } },
{ "type": "Feature", "properties": { "P29_001": "11101", "P29_002": "C111210100022", "P29_003": "16002", "P29_004": "さいたま市立馬宮中学校", "P29_005": "埼玉県さいたま市西区二ツ宮589-1", "P29_006": "3", "P29_007": "1", "P29_008": "00", "P29_009": null }, "geometry": { "type": "Point", "coordinates": [ 139.580119777327809, 35.898655877671757 ] } },
{ "type": "Feature", "properties": { "P29_001": "11101", "P29_002": "C111210100031", "P29_003": "16002", "P29_004": "さいたま市立大宮西中学校", "P29_005": "埼玉県さいたま市西区三橋6-1558", "P29_006": "3", "P29_007": "1", "P29_008": "00", "P29_009": null }, "geometry": { "type": "Point", "coordinates": [ 139.59069571867272, 35.920137001029474 ] } },
{ "type": "Feature", "properties": { "P29_001": "11101", "P29_002": "C111210100040", "P29_003": "16002", "P29_004": "さいたま市立宮前中学校", "P29_005": "埼玉県さいたま市西区宮前町1467-1", "P29_006": "3", "P29_007": "1", "P29_008": "00", "P29_009": null }, "geometry": { "type": "Point", "coordinates": [ 139.598301003746769, 35.929757001529069 ] } },
{ "type": "Feature", "properties": { "P29_001": "11101", "P29_002": "C111210100059", "P29_003": "16002", "P29_004": "さいたま市立植水中学校", "P29_005": "埼玉県さいたま市西区三条町345-1", "P29_006": "3", "P29_007": "1", "P29_008": "00", "P29_009": null }, "geometry": { "type": "Point", "coordinates": [ 139.583539802713602, 35.886929620005866 ] } },
{ "type": "Feature", "properties": { "P29_001": "11101", "P29_002": "C111210100068", "P29_003": "16002", "P29_004": "さいたま市立土屋中学校", "P29_005": "埼玉県さいたま市西区土屋1766-1", "P29_006": "3", "P29_007": "1", "P29_008": "00", "P29_009": null }, "geometry": { "type": "Point", "coordinates": [ 139.571461810206955, 35.911810823924228 ] } },
{ "type": "Feature", "properties": { "P29_001": "11102", "P29_002": "C111210200012", "P29_003": "16002", "P29_004": "さいたま市立日進中学校", "P29_005": "埼玉県さいたま市北区櫛引町2-503-1", "P29_006": "3", "P29_007": "1", "P29_008": "00", "P29_009": null }, "geometry": { "type": "Point", "coordinates": [ 139.610164117789481, 35.92146975398876 ] } },
{ "type": "Feature", "properties": { "P29_001": "11102", "P29_002": "C111210200021", "P29_003": "16002", "P29_004": "さいたま市立宮原中学校", "P29_005": "埼玉県さいたま市北区宮原町4-129", "P29_006": "3", "P29_007": "1", "P29_008": "00", "P29_009": null }, "geometry": { "type": "Point", "coordinates": [ 139.605248762648841, 35.95190722887876 ] } },
{ "type": "Feature", "properties": { "P29_001": "11102", "P29_002": "C111210200030", "P29_003": "16002", "P29_004": "さいたま市立植竹中学校", "P29_005": "埼玉県さいたま市北区土呂町352", "P29_006": "3", "P29_007": "1", "P29_008": "00", "P29_009": null }, "geometry": { "type": "Point", "coordinates": [ 139.627186998138029, 35.934035000365213 ] } },
{ "type": "Feature", "properties": { "P29_001": "11102", "P29_002": "C111210200049", "P29_003": "16002", "P29_004": "さいたま市立泰平中学校", "P29_005": "埼玉県さいたま市北区本郷町1991", "P29_006": "3", "P29_007": "1", "P29_008": "00", "P29_009": null }, "geometry": { "type": "Point", "coordinates": [ 139.627198672142043, 35.948746957319408 ] } },
{ "type": "Feature", "properties": { "P29_001": "11102", "P29_002": "C111210200058", "P29_003": "16002", "P29_004": "さいたま市立土呂中学校", "P29_005": "埼玉県さいたま市北区見沼3-75", "P29_006": "3", "P29_007": "1", "P29_008": "00", "P29_009": null }, "geometry": { "type": "Point", "coordinates": [ 139.637505426499246, 35.939045435776464 ] } },
{ "type": "Feature", "properties": { "P29_001": "11103", "P29_002": "C111210300011", "P29_003": "16002", "P29_004": "さいたま市立大宮東中学校", "P29_005": "埼玉県さいたま市大宮区堀の内町1-99", "P29_006": "3", "P29_007": "1", "P29_008": "00", "P29_009": null }, "geometry": { "type": "Point", "coordinates": [ 139.63475549424561, 35.908133503553131 ] } },
{ "type": "Feature", "properties": { "P29_001": "11103", "P29_002": "C111210300020", "P29_003": "16002", "P29_004": "さいたま市立大宮南中学校", "P29_005": "埼玉県さいたま市大宮区天沼町2-362", "P29_006": "3", "P29_007": "1", "P29_008": "00", "P29_009": null }, "geometry": { "type": "Point", "coordinates": [ 139.636847136724668, 35.899075283344104 ] } },
{ "type": "Feature", "properties": { "P29_001": "11103", "P29_002": "C111210300039", "P29_003": "16002", "P29_004": "さいたま市立大宮北中学校", "P29_005": "埼玉県さいたま市大宮区寿能町1-21", "P29_006": "3", "P29_007": "1", "P29_008": "00", "P29_009": null }, "geometry": { "type": "Point", "coordinates": [ 139.632965002103276, 35.921593002412727 ] } },
{ "type": "Feature", "properties": { "P29_001": "11103", "P29_002": "C111210300048", "P29_003": "16002", "P29_004": "さいたま市立桜木中学校", "P29_005": "埼玉県さいたま市大宮区桜木町4-219", "P29_006": "3", "P29_007": "1", "P29_008": "00", "P29_009": null }, "geometry": { "type": "Point", "coordinates": [ 139.616632748968044, 35.905366549160391 ] } },
{ "type": "Feature", "properties": { "P29_001": "11103", "P29_002": "C111210300057", "P29_003": "16002", "P29_004": "さいたま市立三橋中学校", "P29_005": "埼玉県さいたま市大宮区三橋1-1300", "P29_006": "3", "P29_007": "1", "P29_008": "00", "P29_009": null }, "geometry": { "type": "Point", "coordinates": [ 139.602604894588865, 35.904991217186286 ] } },
{ "type": "Feature", "properties": { "P29_001": "11103", "P29_002": "C111210300066", "P29_003": "16002", "P29_004": "さいたま市立大成中学校", "P29_005": "埼玉県さいたま市大宮区大成町2-379", "P29_006": "3", "P29_007": "1", "P29_008": "00", "P29_009": null }, "geometry": { "type": "Point", "coordinates": [ 139.612873403105425, 35.913047983008582 ] } },
{ "type": "Feature", "properties": { "P29_001": "11103", "P29_002": "C111210300075", "P29_003": "16002", "P29_004": "さいたま市立第二東中学校", "P29_005": "埼玉県さいたま市大宮区天沼町1-760", "P29_006": "3", "P29_007": "1", "P29_008": "00", "P29_009": null }, "geometry": { "type": "Point", "coordinates": [ 139.645464002434011, 35.908983999987683 ] } },
{ "type": "Feature", "properties": { "P29_001": "11104", "P29_002": "C111210400010", "P29_003": "16002", "P29_004": "さいたま市立大砂土中学校", "P29_005": "埼玉県さいたま市見沼区東大宮1-100-1", "P29_006": "3", "P29_007": "1", "P29_008": "00", "P29_009": null }, "geometry": { "type": "Point", "coordinates": [ 139.644367036755909, 35.937659538434424 ] } },
{ "type": "Feature", "properties": { "P29_001": "11104", "P29_002": "C111210400029", "P29_003": "16002", "P29_004": "さいたま市立片柳中学校", "P29_005": "埼玉県さいたま市見沼区御蔵551", "P29_006": "3", "P29_007": "1", "P29_008": "00", "P29_009": null }, "geometry": { "type": "Point", "coordinates": [ 139.673805923595182, 35.907062420601655 ] } },
{ "type": "Feature", "properties": { "P29_001": "11104", "P29_002": "C111210400038", "P29_003": "16002", "P29_004": "さいたま市立春里中学校", "P29_005": "埼玉県さいたま市見沼区大字小深作268-19", "P29_006": "3", "P29_007": "1", "P29_008": "00", "P29_009": null }, "geometry": { "type": "Point", "coordinates": [ 139.663969483994208, 35.940894788230274 ] } },
{ "type": "Feature", "properties": { "P29_001": "11104", "P29_002": "C111210400047", "P29_003": "16002", "P29_004": "さいたま市立七里中学校", "P29_005": "埼玉県さいたま市見沼区東宮下1-1-1", "P29_006": "3", "P29_007": "1", "P29_008": "00", "P29_009": null }, "geometry": { "type": "Point", "coordinates": [ 139.680654996106597, 35.92773199933368 ] } },
{ "type": "Feature", "properties": { "P29_001": "11104", "P29_002": "C111210400056", "P29_003": "16002", "P29_004": "さいたま市立大谷中学校", "P29_005": "埼玉県さいたま市見沼区大谷1634-2", "P29_006": "3", "P29_007": "1", "P29_008": "00", "P29_009": null }, "geometry": { "type": "Point", "coordinates": [ 139.666701316174624, 35.925598875286283 ] } },
{ "type": "Feature", "properties": { "P29_001": "11104", "P29_002": "C111210400065", "P29_003": "16002", "P29_004": "さいたま市立大宮八幡中学校", "P29_005": "埼玉県さいたま市見沼区南中丸357", "P29_006": "3", "P29_007": "1", "P29_008": "00", "P29_009": null }, "geometry": { "type": "Point", "coordinates": [ 139.653102077580684, 35.91912099826537 ] } },
{ "type": "Feature", "properties": { "P29_001": "11104", "P29_002": "C111210400074", "P29_003": "16002", "P29_004": "さいたま市立春野中学校", "P29_005": "埼玉県さいたま市見沼区春野2-2-1", "P29_006": "3", "P29_007": "1", "P29_008": "00", "P29_009": null }, "geometry": { "type": "Point", "coordinates": [ 139.663215372092907, 35.956407853343237 ] } },
{ "type": "Feature", "properties": { "P29_001": "11105", "P29_002": "C111210500019", "P29_003": "16002", "P29_004": "さいたま市立与野東中学校", "P29_005": "埼玉県さいたま市中央区下落合3-21-10", "P29_006": "3", "P29_007": "1", "P29_008": "00", "P29_009": null }, "geometry": { "type": "Point", "coordinates": [ 139.632296865880676, 35.888361776336417 ] } },
{ "type": "Feature", "properties": { "P29_001": "11105", "P29_002": "C111210500028", "P29_003": "16002", "P29_004": "さいたま市立与野西中学校", "P29_005": "埼玉県さいたま市中央区鈴谷8-10-33", "P29_006": "3", "P29_007": "1", "P29_008": "00", "P29_009": null }, "geometry": { "type": "Point", "coordinates": [ 139.623777904715496, 35.877992015528335 ] } },
{ "type": "Feature", "properties": { "P29_001": "11105", "P29_002": "C111210500037", "P29_003": "16002", "P29_004": "さいたま市立与野南中学校", "P29_005": "埼玉県さいたま市中央区大戸2-6-25", "P29_006": "3", "P29_007": "1", "P29_008": "00", "P29_009": null }, "geometry": { "type": "Point", "coordinates": [ 139.634604995411394, 35.86560000115071 ] } },
{ "type": "Feature", "properties": { "P29_001": "11105", "P29_002": "C111210500046", "P29_003": "16002", "P29_004": "さいたま市立八王子中学校", "P29_005": "埼玉県さいたま市中央区八王子4-2-1", "P29_006": "3", "P29_007": "1", "P29_008": "00", "P29_009": null }, "geometry": { "type": "Point", "coordinates": [ 139.608416924515126, 35.878467253902429 ] } },
{ "type": "Feature", "properties": { "P29_001": "11106", "P29_002": "C111210600018", "P29_003": "16002", "P29_004": "さいたま市立土合中学校", "P29_005": "埼玉県さいたま市桜区町谷1-19-1", "P29_006": "3", "P29_007": "1", "P29_008": "00", "P29_009": null }, "geometry": { "type": "Point", "coordinates": [ 139.622883995347308, 35.860239000615906 ] } },
{ "type": "Feature", "properties": { "P29_001": "11106", "P29_002": "C111210600027", "P29_003": "16002", "P29_004": "さいたま市立大久保中学校", "P29_005": "埼玉県さいたま市桜区五関282", "P29_006": "3", "P29_007": "1", "P29_008": "00", "P29_009": null }, "geometry": { "type": "Point", "coordinates": [ 139.597904630754954, 35.86688042050919 ] } },
{ "type": "Feature", "properties": { "P29_001": "11106", "P29_002": "C111210600036", "P29_003": "16002", "P29_004": "さいたま市立田島中学校", "P29_005": "埼玉県さいたま市桜区田島10-13-1", "P29_006": "3", "P29_007": "1", "P29_008": "00", "P29_009": null }, "geometry": { "type": "Point", "coordinates": [ 139.622357000111492, 35.838492001188698 ] } },
{ "type": "Feature", "properties": { "P29_001": "11106", "P29_002": "C111210600045", "P29_003": "16002", "P29_004": "さいたま市立上大久保中学校", "P29_005": "埼玉県さいたま市桜区上大久保861-1", "P29_006": "3", "P29_007": "1", "P29_008": "00", "P29_009": null }, "geometry": { "type": "Point", "coordinates": [ 139.616370242376036, 35.871420210220506 ] } },
{ "type": "Feature", "properties": { "P29_001": "11107", "P29_002": "C111210700017", "P29_003": "16002", "P29_004": "さいたま市立常盤中学校", "P29_005": "埼玉県さいたま市浦和区針ヶ谷4-1-9", "P29_006": "3", "P29_007": "1", "P29_008": "00", "P29_009": null }, "geometry": { "type": "Point", "coordinates": [ 139.639221282749759, 35.878147311079907 ] } },
{ "type": "Feature", "properties": { "P29_001": "11107", "P29_002": "C111210700026", "P29_003": "16002", "P29_004": "さいたま市立木崎中学校", "P29_005": "埼玉県さいたま市浦和区瀬ヶ崎2-17-1", "P29_006": "3", "P29_007": "1", "P29_008": "00", "P29_009": null }, "geometry": { "type": "Point", "coordinates": [ 139.661567077354931, 35.878704317522022 ] } },
{ "type": "Feature", "properties": { "P29_001": "11107", "P29_002": "C111210700035", "P29_003": "16002", "P29_004": "さいたま市立本太中学校", "P29_005": "埼玉県さいたま市浦和区領家1-4-15", "P29_006": "3", "P29_007": "1", "P29_008": "00", "P29_009": null }, "geometry": { "type": "Point", "coordinates": [ 139.658438654756367, 35.873621529309382 ] } },
{ "type": "Feature", "properties": { "P29_001": "11107", "P29_002": "C111210700044", "P29_003": "16002", "P29_004": "さいたま市立大原中学校", "P29_005": "埼玉県さいたま市浦和区大原3-1-11", "P29_006": "3", "P29_007": "1", "P29_008": "00", "P29_009": null }, "geometry": { "type": "Point", "coordinates": [ 139.648353001630994, 35.892791002214025 ] } },
{ "type": "Feature", "properties": { "P29_001": "11107", "P29_002": "C111210700053", "P29_003": "16002", "P29_004": "さいたま市立浦和中学校", "P29_005": "埼玉県さいたま市浦和区元町1-28-17", "P29_006": "3", "P29_007": "1", "P29_008": "00", "P29_009": null }, "geometry": { "type": "Point", "coordinates": [ 139.656912121844016, 35.871003453866386 ] } },
{ "type": "Feature", "properties": { "P29_001": "11108", "P29_002": "C111210800016", "P29_003": "16002", "P29_004": "さいたま市立岸中学校", "P29_005": "埼玉県さいたま市南区南本町2-25-27", "P29_006": "3", "P29_007": "1", "P29_008": "00", "P29_009": null }, "geometry": { "type": "Point", "coordinates": [ 139.66507500442745, 35.850103003939459 ] } },
{ "type": "Feature", "properties": { "P29_001": "11108", "P29_002": "C111210800025", "P29_003": "16002", "P29_004": "さいたま市立南浦和中学校", "P29_005": "埼玉県さいたま市南区辻6-1-33", "P29_006": "3", "P29_007": "1", "P29_008": "00", "P29_009": null }, "geometry": { "type": "Point", "coordinates": [ 139.657187004524019, 35.834853999611319 ] } },
{ "type": "Feature", "properties": { "P29_001": "11108", "P29_002": "C111210800034", "P29_003": "16002", "P29_004": "さいたま市立白幡中学校", "P29_005": "埼玉県さいたま市南区白幡2-18-13", "P29_006": "3", "P29_007": "1", "P29_008": "00", "P29_009": null }, "geometry": { "type": "Point", "coordinates": [ 139.652769996931568, 35.848741003854705 ] } },
{ "type": "Feature", "properties": { "P29_001": "11108", "P29_002": "C111210800043", "P29_003": "16002", "P29_004": "さいたま市立大谷場中学校", "P29_005": "埼玉県さいたま市南区大谷場2-13-54", "P29_006": "3", "P29_007": "1", "P29_008": "00", "P29_009": null }, "geometry": { "type": "Point", "coordinates": [ 139.674428187269939, 35.853240534865407 ] } },
{ "type": "Feature", "properties": { "P29_001": "11108", "P29_002": "C111210800052", "P29_003": "16002", "P29_004": "さいたま市立大谷口中学校", "P29_005": "埼玉県さいたま市南区広ヶ谷戸21", "P29_006": "3", "P29_007": "1", "P29_008": "00", "P29_009": null }, "geometry": { "type": "Point", "coordinates": [ 139.683100002943945, 35.8628229962018 ] } },
{ "type": "Feature", "properties": { "P29_001": "11108", "P29_002": "C111210800061", "P29_003": "16002", "P29_004": "さいたま市立内谷中学校", "P29_005": "埼玉県さいたま市南区内谷6-10-1", "P29_006": "3", "P29_007": "1", "P29_008": "00", "P29_009": null }, "geometry": { "type": "Point", "coordinates": [ 139.648021002016065, 35.83524300107976 ] } },
{ "type": "Feature", "properties": { "P29_001": "11109", "P29_002": "C111210900015", "P29_003": "16002", "P29_004": "さいたま市立原山中学校", "P29_005": "埼玉県さいたま市緑区太田窪1-10-22", "P29_006": "3", "P29_007": "1", "P29_008": "00", "P29_009": null }, "geometry": { "type": "Point", "coordinates": [ 139.667024760772875, 35.866373875503719 ] } },
{ "type": "Feature", "properties": { "P29_001": "11109", "P29_002": "C111210900024", "P29_003": "16002", "P29_004": "さいたま市立東浦和中学校", "P29_005": "埼玉県さいたま市緑区中尾1207-1", "P29_006": "3", "P29_007": "1", "P29_008": "00", "P29_009": null }, "geometry": { "type": "Point", "coordinates": [ 139.684016999971362, 35.874571996791595 ] } },
{ "type": "Feature", "properties": { "P29_001": "11109", "P29_002": "C111210900033", "P29_003": "16002", "P29_004": "さいたま市立美園中学校", "P29_005": "埼玉県さいたま市緑区大崎2550-3", "P29_006": "3", "P29_007": "1", "P29_008": "00", "P29_009": null }, "geometry": { "type": "Point", "coordinates": [ 139.712512997696649, 35.892070002847454 ] } },
{ "type": "Feature", "properties": { "P29_001": "11109", "P29_002": "C111210900042", "P29_003": "16002", "P29_004": "さいたま市立三室中学校", "P29_005": "埼玉県さいたま市緑区馬場1-38-2", "P29_006": "3", "P29_007": "1", "P29_008": "00", "P29_009": null }, "geometry": { "type": "Point", "coordinates": [ 139.684242694971374, 35.886853215909944 ] } },
{ "type": "Feature", "properties": { "P29_001": "11109", "P29_002": "C111210900051", "P29_003": "16002", "P29_004": "さいたま市立尾間木中学校", "P29_005": "埼玉県さいたま市緑区東浦和4-29-1", "P29_006": "3", "P29_007": "1", "P29_008": "00", "P29_009": null }, "geometry": { "type": "Point", "coordinates": [ 139.698363812114849, 35.868845832489306 ] } },
{ "type": "Feature", "properties": { "P29_001": "11109", "P29_002": "C111210900060", "P29_003": "16002", "P29_004": "さいたま市立美園南中学校", "P29_005": "埼玉県さいたま市緑区美園6-15", "P29_006": "3", "P29_007": "1", "P29_008": "00", "P29_009": null }, "geometry": { "type": "Point", "coordinates": [ 139.736815001927454, 35.885864000296536 ] } },
{ "type": "Feature", "properties": { "P29_001": "11110", "P29_002": "C111211000012", "P29_003": "16002", "P29_004": "さいたま市立岩槻中学校", "P29_005": "埼玉県さいたま市岩槻区仲町1-14-35", "P29_006": "3", "P29_007": "1", "P29_008": "00", "P29_009": null }, "geometry": { "type": "Point", "coordinates": [ 139.703489652328614, 35.94933168099238 ] } },
{ "type": "Feature", "properties": { "P29_001": "11110", "P29_002": "C111211000021", "P29_003": "16002", "P29_004": "さいたま市立川通中学校", "P29_005": "埼玉県さいたま市岩槻区長宮435", "P29_006": "3", "P29_007": "1", "P29_008": "00", "P29_009": null }, "geometry": { "type": "Point", "coordinates": [ 139.731000445677807, 35.947997765996369 ] } },
{ "type": "Feature", "properties": { "P29_001": "11110", "P29_002": "C111211000030", "P29_003": "16002", "P29_004": "さいたま市立城南中学校", "P29_005": "埼玉県さいたま市岩槻区大字笹久保577", "P29_006": "3", "P29_007": "1", "P29_008": "00", "P29_009": null }, "geometry": { "type": "Point", "coordinates": [ 139.72709400462287, 35.914984998072114 ] } },
{ "type": "Feature", "properties": { "P29_001": "11110", "P29_002": "C111211000049", "P29_003": "16002", "P29_004": "さいたま市立慈恩寺中学校", "P29_005": "埼玉県さいたま市岩槻区大字裏慈恩寺505", "P29_006": "3", "P29_007": "1", "P29_008": "00", "P29_009": null }, "geometry": { "type": "Point", "coordinates": [ 139.704337692703291, 35.985175226279793 ] } },
{ "type": "Feature", "properties": { "P29_001": "11110", "P29_002": "C111211000058", "P29_003": "16002", "P29_004": "さいたま市立城北中学校", "P29_005": "埼玉県さいたま市岩槻区本宿392-1", "P29_006": "3", "P29_007": "1", "P29_008": "00", "P29_009": null }, "geometry": { "type": "Point", "coordinates": [ 139.689204470896499, 35.964713142162587 ] } },
{ "type": "Feature", "properties": { "P29_001": "11110", "P29_002": "C111211000067", "P29_003": "16002", "P29_004": "さいたま市立桜山中学校", "P29_005": "埼玉県さいたま市岩槻区表慈恩寺684-1", "P29_006": "3", "P29_007": "1", "P29_008": "00", "P29_009": null }, "geometry": { "type": "Point", "coordinates": [ 139.711216679032646, 35.972511183482062 ] } },
{ "type": "Feature", "properties": { "P29_001": "11110", "P29_002": "C111211000076", "P29_003": "16002", "P29_004": "さいたま市立柏陽中学校", "P29_005": "埼玉県さいたま市岩槻区大字真福寺454", "P29_006": "3", "P29_007": "1", "P29_008": "00", "P29_009": null }, "geometry": { "type": "Point", "coordinates": [ 139.702959520473968, 35.935934125732999 ] } },
{ "type": "Feature", "properties": { "P29_001": "11110", "P29_002": "C111211000085", "P29_003": "16002", "P29_004": "さいたま市立西原中学校", "P29_005": "埼玉県さいたま市岩槻区大字岩槻3750", "P29_006": "3", "P29_007": "1", "P29_008": "00", "P29_009": null }, "geometry": { "type": "Point", "coordinates": [ 139.681458000391132, 35.955257002874333 ] } },
{ "type": "Feature", "properties": { "P29_001": "11201", "P29_002": "C111220100012", "P29_003": "16002", "P29_004": "川越市立川越第一中学校", "P29_005": "埼玉県川越市小仙波町5-6", "P29_006": "3", "P29_007": "1", "P29_008": "00", "P29_009": null }, "geometry": { "type": "Point", "coordinates": [ 139.490439632010037, 35.913485554922104 ] } },
{ "type": "Feature", "properties": { "P29_001": "11201", "P29_002": "C111220100021", "P29_003": "16002", "P29_004": "川越市立初雁中学校", "P29_005": "埼玉県川越市宮下町1-21-3", "P29_006": "3", "P29_007": "1", "P29_008": "00", "P29_009": null }, "geometry": { "type": "Point", "coordinates": [ 139.487283707122714, 35.92627861310045 ] } },
{ "type": "Feature", "properties": { "P29_001": "11201", "P29_002": "C111220100030", "P29_003": "16002", "P29_004": "川越市立富士見中学校", "P29_005": "埼玉県川越市東田町17-1", "P29_006": "3", "P29_007": "1", "P29_008": "00", "P29_009": null }, "geometry": { "type": "Point", "coordinates": [ 139.476532998195779, 35.912091000033371 ] } },
{ "type": "Feature", "properties": { "P29_001": "11201", "P29_002": "C111220100049", "P29_003": "16002", "P29_004": "川越市立城南中学校", "P29_005": "埼玉県川越市新宿町3-19-1", "P29_006": "3", "P29_007": "1", "P29_008": "00", "P29_009": null }, "geometry": { "type": "Point", "coordinates": [ 139.484771229597982, 35.898358677057665 ] } },
{ "type": "Feature", "properties": { "P29_001": "11201", "P29_002": "C111220100058", "P29_003": "16002", "P29_004": "川越市立芳野中学校", "P29_005": "埼玉県川越市石田本郷733", "P29_006": "3", "P29_007": "1", "P29_008": "00", "P29_009": null }, "geometry": { "type": "Point", "coordinates": [ 139.510861998996518, 35.946309003619916 ] } },
{ "type": "Feature", "properties": { "P29_001": "11201", "P29_002": "C111220100067", "P29_003": "16002", "P29_004": "川越市立東中学校", "P29_005": "埼玉県川越市小中居278", "P29_006": "3", "P29_007": "1", "P29_008": "00", "P29_009": null }, "geometry": { "type": "Point", "coordinates": [ 139.524226286175832, 35.905923421344312 ] } },
{ "type": "Feature", "properties": { "P29_001": "11201", "P29_002": "C111220100076", "P29_003": "16002", "P29_004": "川越市立高階中学校", "P29_005": "埼玉県川越市藤間10", "P29_006": "3", "P29_007": "1", "P29_008": "00", "P29_009": null }, "geometry": { "type": "Point", "coordinates": [ 139.493834198524041, 35.885378164039217 ] } },
{ "type": "Feature", "properties": { "P29_001": "11201", "P29_002": "C111220100085", "P29_003": "16002", "P29_004": "川越市立福原中学校", "P29_005": "埼玉県川越市大字今福512", "P29_006": "3", "P29_007": "1", "P29_008": "00", "P29_009": null }, "geometry": { "type": "Point", "coordinates": [ 139.472611032436248, 35.873817073057602 ] } },
{ "type": "Feature", "properties": { "P29_001": "11201", "P29_002": "C111220100094", "P29_003": "16002", "P29_004": "川越市立大東中学校", "P29_005": "埼玉県川越市南大塚1-20-1", "P29_006": "3", "P29_007": "1", "P29_008": "00", "P29_009": null }, "geometry": { "type": "Point", "coordinates": [ 139.452625000352384, 35.897212002110912 ] } },
{ "type": "Feature", "properties": { "P29_001": "11201", "P29_002": "C111220100101", "P29_003": "16002", "P29_004": "川越市立霞ケ関中学校", "P29_005": "埼玉県川越市大字笠幡72", "P29_006": "3", "P29_007": "1", "P29_008": "00", "P29_009": null }, "geometry": { "type": "Point", "coordinates": [ 139.421146678665593, 35.910620426112985 ] } },
{ "type": "Feature", "properties": { "P29_001": "11201", "P29_002": "C111220100110", "P29_003": "16002", "P29_004": "川越市立名細中学校", "P29_005": "埼玉県川越市大字小堤14", "P29_006": "3", "P29_007": "1", "P29_008": "00", "P29_009": null }, "geometry": { "type": "Point", "coordinates": [ 139.437063857426551, 35.936484731140347 ] } },
{ "type": "Feature", "properties": { "P29_001": "11201", "P29_002": "C111220100129", "P29_003": "16002", "P29_004": "川越市立山田中学校", "P29_005": "埼玉県川越市山田550", "P29_006": "3", "P29_007": "1", "P29_008": "00", "P29_009": null }, "geometry": { "type": "Point", "coordinates": [ 139.474975998348498, 35.939142997228927 ] } },
{ "type": "Feature", "properties": { "P29_001": "11201", "P29_002": "C111220100138", "P29_003": "16002", "P29_004": "川越市立寺尾中学校", "P29_005": "埼玉県川越市寺尾1068", "P29_006": "3", "P29_007": "1", "P29_008": "00", "P29_009": null }, "geometry": { "type": "Point", "coordinates": [ 139.512063779333886, 35.884039557730787 ] } },
{ "type": "Feature", "properties": { "P29_001": "11201", "P29_002": "C111220100147", "P29_003": "16002", "P29_004": "川越市立霞ケ関東中学校", "P29_005": "埼玉県川越市大字的場2706", "P29_006": "3", "P29_007": "1", "P29_008": "00", "P29_009": null }, "geometry": { "type": "Point", "coordinates": [ 139.447733865643812, 35.920119031996521 ] } },
{ "type": "Feature", "properties": { "P29_001": "11201", "P29_002": "C111220100156", "P29_003": "16002", "P29_004": "川越市立鯨井中学校", "P29_005": "埼玉県川越市鯨井562-2", "P29_006": "3", "P29_007": "1", "P29_008": "00", "P29_009": null }, "geometry": { "type": "Point", "coordinates": [ 139.45635747404549, 35.935443276414453 ] } },
{ "type": "Feature", "properties": { "P29_001": "11201", "P29_002": "C111220100165", "P29_003": "16002", "P29_004": "川越市立砂中学校", "P29_005": "埼玉県川越市大字砂260", "P29_006": "3", "P29_007": "1", "P29_008": "00", "P29_009": null }, "geometry": { "type": "Point", "coordinates": [ 139.498781002575754, 35.900370999199041 ] } },
{ "type": "Feature", "properties": { "P29_001": "11201", "P29_002": "C111220100174", "P29_003": "16002", "P29_004": "川越市立野田中学校", "P29_005": "埼玉県川越市野田町2-19-14", "P29_006": "3", "P29_007": "1", "P29_008": "00", "P29_009": null }, "geometry": { "type": "Point", "coordinates": [ 139.468722331282748, 35.908821307934907 ] } },
{ "type": "Feature", "properties": { "P29_001": "11201", "P29_002": "C111220100183", "P29_003": "16002", "P29_004": "川越市立南古谷中学校", "P29_005": "埼玉県川越市久下戸3721", "P29_006": "3", "P29_007": "1", "P29_008": "00", "P29_009": null }, "geometry": { "type": "Point", "coordinates": [ 139.531055999279971, 35.897260997222475 ] } },
{ "type": "Feature", "properties": { "P29_001": "11201", "P29_002": "C111220100192", "P29_003": "16002", "P29_004": "川越市立霞ケ関西中学校", "P29_005": "埼玉県川越市笠幡3464-3", "P29_006": "3", "P29_007": "1", "P29_008": "00", "P29_009": null }, "geometry": { "type": "Point", "coordinates": [ 139.406761005458094, 35.905090002959028 ] } },
{ "type": "Feature", "properties": { "P29_001": "11201", "P29_002": "C111220100209", "P29_003": "16002", "P29_004": "川越市立川越西中学校", "P29_005": "埼玉県川越市川鶴1-1", "P29_006": "3", "P29_007": "1", "P29_008": "00", "P29_009": null }, "geometry": { "type": "Point", "coordinates": [ 139.419954995206183, 35.924002998273934 ] } },
{ "type": "Feature", "properties": { "P29_001": "11201", "P29_002": "C111220100218", "P29_003": "16002", "P29_004": "川越市立高階西中学校", "P29_005": "埼玉県川越市砂新田2593", "P29_006": "3", "P29_007": "1", "P29_008": "00", "P29_009": null }, "geometry": { "type": "Point", "coordinates": [ 139.491016547290883, 35.876049982250599 ] } },
{ "type": "Feature", "properties": { "P29_001": "11201", "P29_002": "C111220100227", "P29_003": "16002", "P29_004": "川越市立大東西中学校", "P29_005": "埼玉県川越市藤倉1-1-1", "P29_006": "3", "P29_007": "1", "P29_008": "00", "P29_009": null }, "geometry": { "type": "Point", "coordinates": [ 139.439612995857885, 35.892591998423796 ] } },
{ "type": "Feature", "properties": { "P29_001": "11202", "P29_002": "C111220200011", "P29_003": "16002", "P29_004": "熊谷市立荒川中学校", "P29_005": "埼玉県熊谷市月見町2-174", "P29_006": "3", "P29_007": "1", "P29_008": "00", "P29_009": null }, "geometry": { "type": "Point", "coordinates": [ 139.370230156008773, 36.14448553737148 ] } },
{ "type": "Feature", "properties": { "P29_001": "11202", "P29_002": "C111220200020", "P29_003": "16002", "P29_004": "熊谷市立富士見中学校", "P29_005": "埼玉県熊谷市中央3-103", "P29_006": "3", "P29_007": "1", "P29_008": "00", "P29_009": null }, "geometry": { "type": "Point", "coordinates": [ 139.394711002070864, 36.156005256899618 ] } },
{ "type": "Feature", "properties": { "P29_001": "11202", "P29_002": "C111220200039", "P29_003": "16002", "P29_004": "熊谷市立大原中学校", "P29_005": "埼玉県熊谷市大原3-4-1", "P29_006": "3", "P29_007": "1", "P29_008": "00", "P29_009": null }, "geometry": { "type": "Point", "coordinates": [ 139.377327479389066, 36.153423076460719 ] } },
{ "type": "Feature", "properties": { "P29_001": "11202", "P29_002": "C111220200048", "P29_003": "16002", "P29_004": "熊谷市立熊谷東中学校", "P29_005": "埼玉県熊谷市上之3177", "P29_006": "3", "P29_007": "1", "P29_008": "00", "P29_009": null }, "geometry": { "type": "Point", "coordinates": [ 139.414920996920443, 36.146306997689983 ] } },
{ "type": "Feature", "properties": { "P29_001": "11202", "P29_002": "C111220200057", "P29_003": "16002", "P29_004": "熊谷市立玉井中学校", "P29_005": "埼玉県熊谷市久保島888", "P29_006": "3", "P29_007": "1", "P29_008": "00", "P29_009": null }, "geometry": { "type": "Point", "coordinates": [ 139.345539167152936, 36.16838424008823 ] } },
{ "type": "Feature", "properties": { "P29_001": "11202", "P29_002": "C111220200066", "P29_003": "16002", "P29_004": "熊谷市立大麻生中学校", "P29_005": "埼玉県熊谷市大麻生35-1", "P29_006": "3", "P29_007": "1", "P29_008": "00", "P29_009": null }, "geometry": { "type": "Point", "coordinates": [ 139.340678002684967, 36.150999000508037 ] } },
{ "type": "Feature", "properties": { "P29_001": "11202", "P29_002": "C111220200075", "P29_003": "16002", "P29_004": "熊谷市立中条中学校", "P29_005": "埼玉県熊谷市今井539-1", "P29_006": "3", "P29_007": "1", "P29_008": "00", "P29_009": null }, "geometry": { "type": "Point", "coordinates": [ 139.40461138426565, 36.177277104267475 ] } },
{ "type": "Feature", "properties": { "P29_001": "11202", "P29_002": "C111220200084", "P29_003": "16002", "P29_004": "熊谷市立吉岡中学校", "P29_005": "埼玉県熊谷市平塚新田479-2", "P29_006": "3", "P29_007": "1", "P29_008": "00", "P29_009": null }, "geometry": { "type": "Point", "coordinates": [ 139.372371694956684, 36.11377820711035 ] } },
{ "type": "Feature", "properties": { "P29_001": "11202", "P29_002": "C111220200093", "P29_003": "16002", "P29_004": "熊谷市立別府中学校", "P29_005": "埼玉県熊谷市西別府1817", "P29_006": "3", "P29_007": "1", "P29_008": "00", "P29_009": null }, "geometry": { "type": "Point", "coordinates": [ 139.33462100366819, 36.187272996224806 ] } },
{ "type": "Feature", "properties": { "P29_001": "11202", "P29_002": "C111220200100", "P29_003": "16002", "P29_004": "熊谷市立三尻中学校", "P29_005": "埼玉県熊谷市三ヶ尻2743", "P29_006": "3", "P29_007": "1", "P29_008": "00", "P29_009": null }, "geometry": { "type": "Point", "coordinates": [ 139.32164909346119, 36.161868791536897 ] } },
{ "type": "Feature", "properties": { "P29_001": "11202", "P29_002": "C111220200119", "P29_003": "16002", "P29_004": "熊谷市立奈良中学校", "P29_005": "埼玉県熊谷市上奈良1038", "P29_006": "3", "P29_007": "1", "P29_008": "00", "P29_009": null }, "geometry": { "type": "Point", "coordinates": [ 139.367230001332558, 36.18271900389054 ] } },
{ "type": "Feature", "properties": { "P29_001": "11202", "P29_002": "C111220200128", "P29_003": "16002", "P29_004": "熊谷市立大幡中学校", "P29_005": "埼玉県熊谷市原島834-1", "P29_006": "3", "P29_007": "1", "P29_008": "00", "P29_009": null }, "geometry": { "type": "Point", "coordinates": [ 139.374766313538629, 36.163381335884033 ] } },
{ "type": "Feature", "properties": { "P29_001": "11202", "P29_002": "C111220200137", "P29_003": "16002", "P29_004": "熊谷市立大里中学校", "P29_005": "埼玉県熊谷市中曽根815-1", "P29_006": "3", "P29_007": "1", "P29_008": "00", "P29_009": null }, "geometry": { "type": "Point", "coordinates": [ 139.405063997294235, 36.103006004599031 ] } },
{ "type": "Feature", "properties": { "P29_001": "11202", "P29_002": "C111220200146", "P29_003": "16002", "P29_004": "熊谷市立江南中学校", "P29_005": "埼玉県熊谷市江南中央2-1-1", "P29_006": "3", "P29_007": "1", "P29_008": "00", "P29_009": null }, "geometry": { "type": "Point", "coordinates": [ 139.336790005369465, 36.115810003532104 ] } },
{ "type": "Feature", "properties": { "P29_001": "11202", "P29_002": "C111220200155", "P29_003": "16002", "P29_004": "熊谷市立妻沼東中学校", "P29_005": "埼玉県熊谷市妻沼430-1", "P29_006": "3", "P29_007": "1", "P29_008": "00", "P29_009": null }, "geometry": { "type": "Point", "coordinates": [ 139.387075225103445, 36.223669049935886 ] } },
{ "type": "Feature", "properties": { "P29_001": "11202", "P29_002": "C111220200164", "P29_003": "16002", "P29_004": "熊谷市立妻沼西中学校", "P29_005": "埼玉県熊谷市弥藤吾2359-2", "P29_006": "3", "P29_007": "1", "P29_008": "00", "P29_009": null }, "geometry": { "type": "Point", "coordinates": [ 139.364202357492019, 36.225993827745185 ] } },
{ "type": "Feature", "properties": { "P29_001": "11202", "P29_002": "C111220200173", "P29_003": "16002", "P29_004": "熊谷市立小島中学校", "P29_005": "埼玉県熊谷市妻沼小島2111", "P29_006": "3", "P29_007": "9", "P29_008": "00", "P29_009": null }, "geometry": { "type": "Point", "coordinates": [ 139.355006077662068, 36.250931187289083 ] } },
{ "type": "Feature", "properties": { "P29_001": "11203", "P29_002": "C111220300010", "P29_003": "16002", "P29_004": "川口市立東中学校", "P29_005": "埼玉県川口市東本郷2-20-47", "P29_006": "3", "P29_007": "1", "P29_008": "00", "P29_009": null }, "geometry": { "type": "Point", "coordinates": [ 139.756484001284747, 35.825190997108699 ] } },
{ "type": "Feature", "properties": { "P29_001": "11203", "P29_002": "C111220300029", "P29_003": "16002", "P29_004": "川口市立西中学校", "P29_005": "埼玉県川口市宮町16-1", "P29_006": "3", "P29_007": "1", "P29_008": "00", "P29_009": null }, "geometry": { "type": "Point", "coordinates": [ 139.702677080422717, 35.800777279987571 ] } },
{ "type": "Feature", "properties": { "P29_001": "11203", "P29_002": "C111220300038", "P29_003": "16002", "P29_004": "川口市立南中学校", "P29_005": "埼玉県川口市舟戸町2-3", "P29_006": "3", "P29_007": "1", "P29_008": "00", "P29_009": null }, "geometry": { "type": "Point", "coordinates": [ 139.724211214710351, 35.793586358955181 ] } },
{ "type": "Feature", "properties": { "P29_001": "11203", "P29_002": "C111220300047", "P29_003": "16002", "P29_004": "川口市立北中学校", "P29_005": "埼玉県川口市大字道合364-2", "P29_006": "3", "P29_007": "1", "P29_008": "00", "P29_009": null }, "geometry": { "type": "Point", "coordinates": [ 139.715033348983667, 35.854948587360461 ] } },
{ "type": "Feature", "properties": { "P29_001": "11203", "P29_002": "C111220300056", "P29_003": "16002", "P29_004": "川口市立青木中学校", "P29_005": "埼玉県川口市青木5-1-1", "P29_006": "3", "P29_007": "1", "P29_008": "00", "P29_009": null }, "geometry": { "type": "Point", "coordinates": [ 139.721712968751177, 35.816124318858677 ] } },
{ "type": "Feature", "properties": { "P29_001": "11203", "P29_002": "C111220300065", "P29_003": "16002", "P29_004": "川口市立芝中学校", "P29_005": "埼玉県川口市大字芝6330", "P29_006": "3", "P29_007": "1", "P29_008": "00", "P29_009": null }, "geometry": { "type": "Point", "coordinates": [ 139.688917043493404, 35.84212179158304 ] } },
{ "type": "Feature", "properties": { "P29_001": "11203", "P29_002": "C111220300074", "P29_003": "16002", "P29_004": "川口市立元郷中学校", "P29_005": "埼玉県川口市東領家1-8-3", "P29_006": "3", "P29_007": "1", "P29_008": "00", "P29_009": null }, "geometry": { "type": "Point", "coordinates": [ 139.747265991789362, 35.799357451923058 ] } },
{ "type": "Feature", "properties": { "P29_001": "11203", "P29_002": "C111220300083", "P29_003": "16002", "P29_004": "川口市立上青木中学校", "P29_005": "埼玉県川口市上青木西3-9-1", "P29_006": "3", "P29_007": "1", "P29_008": "00", "P29_009": null }, "geometry": { "type": "Point", "coordinates": [ 139.716516004268897, 35.827605997974096 ] } },
{ "type": "Feature", "properties": { "P29_001": "11203", "P29_002": "C111220300092", "P29_003": "16002", "P29_004": "川口市立幸並中学校", "P29_005": "埼玉県川口市西青木2-3-53", "P29_006": "3", "P29_007": "1", "P29_008": "00", "P29_009": null }, "geometry": { "type": "Point", "coordinates": [ 139.711322002606067, 35.817191002501929 ] } },
{ "type": "Feature", "properties": { "P29_001": "11203", "P29_002": "C111220300109", "P29_003": "16002", "P29_004": "川口市立十二月田中学校", "P29_005": "埼玉県川口市朝日1-11-3", "P29_006": "3", "P29_007": "1", "P29_008": "00", "P29_009": null }, "geometry": { "type": "Point", "coordinates": [ 139.73528845164978, 35.805334552948494 ] } },
{ "type": "Feature", "properties": { "P29_001": "11203", "P29_002": "C111220300118", "P29_003": "16002", "P29_004": "川口市立仲町中学校", "P29_005": "埼玉県川口市西川口2-16-1", "P29_006": "3", "P29_007": "1", "P29_008": "00", "P29_009": null }, "geometry": { "type": "Point", "coordinates": [ 139.699406002288839, 35.811357995886922 ] } },
{ "type": "Feature", "properties": { "P29_001": "11203", "P29_002": "C111220300127", "P29_003": "16002", "P29_004": "川口市立安行中学校", "P29_005": "埼玉県川口市大字安行原2221", "P29_006": "3", "P29_007": "1", "P29_008": "00", "P29_009": null }, "geometry": { "type": "Point", "coordinates": [ 139.763004315226794, 35.842215766862417 ] } },
{ "type": "Feature", "properties": { "P29_001": "11203", "P29_002": "C111220300136", "P29_003": "16002", "P29_004": "川口市立芝東中学校", "P29_005": "埼玉県川口市大字芝東町3-1", "P29_006": "3", "P29_007": "1", "P29_008": "00", "P29_009": null }, "geometry": { "type": "Point", "coordinates": [ 139.700962704696565, 35.844146797121063 ] } },
{ "type": "Feature", "properties": { "P29_001": "11203", "P29_002": "C111220300145", "P29_003": "16002", "P29_004": "川口市立芝西中学校", "P29_005": "埼玉県川口市芝塚原1-11-13", "P29_006": "3", "P29_007": "1", "P29_008": "00", "P29_009": null }, "geometry": { "type": "Point", "coordinates": [ 139.681616235523336, 35.838460340403195 ] } },
{ "type": "Feature", "properties": { "P29_001": "11203", "P29_002": "C111220300154", "P29_003": "16002", "P29_004": "川口市立岸川中学校", "P29_005": "埼玉県川口市大字安行領根岸374-1", "P29_006": "3", "P29_007": "1", "P29_008": "00", "P29_009": null }, "geometry": { "type": "Point", "coordinates": [ 139.707683274484594, 35.845537575549372 ] } },
{ "type": "Feature", "properties": { "P29_001": "11203", "P29_002": "C111220300163", "P29_003": "16002", "P29_004": "川口市立榛松中学校", "P29_005": "埼玉県川口市榛松2-10-1", "P29_006": "3", "P29_007": "1", "P29_008": "00", "P29_009": null }, "geometry": { "type": "Point", "coordinates": [ 139.774559002438423, 35.821499997597705 ] } },
{ "type": "Feature", "properties": { "P29_001": "11203", "P29_002": "C111220300172", "P29_003": "16002", "P29_004": "川口市立小谷場中学校", "P29_005": "埼玉県川口市大字小谷場1156", "P29_006": "3", "P29_007": "1", "P29_008": "00", "P29_009": null }, "geometry": { "type": "Point", "coordinates": [ 139.679778588835973, 35.84746344970403 ] } },
{ "type": "Feature", "properties": { "P29_001": "11203", "P29_002": "C111220300181", "P29_003": "16002", "P29_004": "川口市立神根中学校", "P29_005": "埼玉県川口市石神1515-1", "P29_006": "3", "P29_007": "1", "P29_008": "00", "P29_009": null }, "geometry": { "type": "Point", "coordinates": [ 139.739621412315387, 35.855435207433864 ] } },
{ "type": "Feature", "properties": { "P29_001": "11203", "P29_002": "C111220300190", "P29_003": "16002", "P29_004": "川口市立領家中学校", "P29_005": "埼玉県川口市領家2-11-15", "P29_006": "3", "P29_007": "1", "P29_008": "00", "P29_009": null }, "geometry": { "type": "Point", "coordinates": [ 139.741020711602886, 35.793485415800987 ] } },
{ "type": "Feature", "properties": { "P29_001": "11203", "P29_002": "C111220300207", "P29_003": "16002", "P29_004": "川口市立戸塚中学校", "P29_005": "埼玉県川口市戸塚鋏町3-1", "P29_006": "3", "P29_007": "1", "P29_008": "00", "P29_009": null }, "geometry": { "type": "Point", "coordinates": [ 139.755173643946961, 35.86501907688465 ] } },
{ "type": "Feature", "properties": { "P29_001": "11203", "P29_002": "C111220300216", "P29_003": "16002", "P29_004": "川口市立在家中学校", "P29_005": "埼玉県川口市安行領在家272", "P29_006": "3", "P29_007": "1", "P29_008": "00", "P29_009": null }, "geometry": { "type": "Point", "coordinates": [ 139.713569994179608, 35.856212999525575 ] } },
{ "type": "Feature", "properties": { "P29_001": "11203", "P29_002": "C111220300225", "P29_003": "16002", "P29_004": "川口市立安行東中学校", "P29_005": "埼玉県川口市大字安行34", "P29_006": "3", "P29_007": "1", "P29_008": "00", "P29_009": null }, "geometry": { "type": "Point", "coordinates": [ 139.759761005963128, 35.851769995844933 ] } },
{ "type": "Feature", "properties": { "P29_001": "11203", "P29_002": "C111220300234", "P29_003": "16002", "P29_004": "川口市立戸塚西中学校", "P29_005": "埼玉県川口市西立野1000", "P29_006": "3", "P29_007": "1", "P29_008": "00", "P29_009": null }, "geometry": { "type": "Point", "coordinates": [ 139.743651208737731, 35.857035301816801 ] } },
{ "type": "Feature", "properties": { "P29_001": "11203", "P29_002": "C111220300243", "P29_003": "16002", "P29_004": "川口市立芝西中学校陽春分校", "P29_005": "埼玉県川口市並木1-26-1", "P29_006": "3", "P29_007": "1", "P29_008": "00", "P29_009": null }, "geometry": { "type": "Point", "coordinates": [ 139.713581995049367, 35.812796998154347 ] } },
{ "type": "Feature", "properties": { "P29_001": "11203", "P29_002": "C111220300252", "P29_003": "16002", "P29_004": "川口市立鳩ヶ谷中学校", "P29_005": "埼玉県川口市鳩ヶ谷本町4-8-5", "P29_006": "3", "P29_007": "1", "P29_008": "00", "P29_009": null }, "geometry": { "type": "Point", "coordinates": [ 139.745174236329689, 35.832571451660037 ] } },
{ "type": "Feature", "properties": { "P29_001": "11203", "P29_002": "C111220300261", "P29_003": "16002", "P29_004": "川口市立八幡木中学校", "P29_005": "埼玉県川口市八幡木1-26-1", "P29_006": "3", "P29_007": "1", "P29_008": "00", "P29_009": null }, "geometry": { "type": "Point", "coordinates": [ 139.748585348611044, 35.819166380294298 ] } },
{ "type": "Feature", "properties": { "P29_001": "11203", "P29_002": "C111220300270", "P29_003": "16002", "P29_004": "川口市立里中学校", "P29_005": "埼玉県川口市里621", "P29_006": "3", "P29_007": "1", "P29_008": "00", "P29_009": null }, "geometry": { "type": "Point", "coordinates": [ 139.731688103093546, 35.837498107980856 ] } },
{ "type": "Feature", "properties": { "P29_001": "11203", "P29_002": "C111220300289", "P29_003": "16002", "P29_004": "川口市立高等学校附属中学校", "P29_005": "埼玉県川口市上青木3-1-40", "P29_006": "3", "P29_007": "1", "P29_008": "00", "P29_009": null }, "geometry": { "type": "Point", "coordinates": [ 139.718170533972341, 35.826344807742323 ] } },
{ "type": "Feature", "properties": { "P29_001": "11206", "P29_002": "C111220600017", "P29_003": "16002", "P29_004": "行田市立忍中学校", "P29_005": "埼玉県行田市本丸18-6", "P29_006": "3", "P29_007": "1", "P29_008": "00", "P29_009": null }, "geometry": { "type": "Point", "coordinates": [ 139.453693006447395, 36.136919693137003 ] } },
{ "type": "Feature", "properties": { "P29_001": "11206", "P29_002": "C111220600026", "P29_003": "16002", "P29_004": "行田市立行田中学校", "P29_005": "埼玉県行田市佐間3-3-8", "P29_006": "3", "P29_007": "1", "P29_008": "00", "P29_009": null }, "geometry": { "type": "Point", "coordinates": [ 139.470582997454159, 36.129477996826154 ] } },
{ "type": "Feature", "properties": { "P29_001": "11206", "P29_002": "C111220600035", "P29_003": "16002", "P29_004": "行田市立長野中学校", "P29_005": "埼玉県行田市桜町2-1-55", "P29_006": "3", "P29_007": "1", "P29_008": "00", "P29_009": null }, "geometry": { "type": "Point", "coordinates": [ 139.466203691648673, 36.149931881971007 ] } },
{ "type": "Feature", "properties": { "P29_001": "11206", "P29_002": "C111220600044", "P29_003": "16002", "P29_004": "行田市立見沼中学校", "P29_005": "埼玉県行田市荒木4892", "P29_006": "3", "P29_007": "1", "P29_008": "00", "P29_009": null }, "geometry": { "type": "Point", "coordinates": [ 139.478230747481064, 36.169875032367855 ] } },
{ "type": "Feature", "properties": { "P29_001": "11206", "P29_002": "C111220600053", "P29_003": "16002", "P29_004": "行田市立埼玉中学校", "P29_005": "埼玉県行田市埼玉4143-1", "P29_006": "3", "P29_007": "1", "P29_008": "00", "P29_009": null }, "geometry": { "type": "Point", "coordinates": [ 139.492358997417085, 36.115480998260622 ] } },
{ "type": "Feature", "properties": { "P29_001": "11206", "P29_002": "C111220600062", "P29_003": "16002", "P29_004": "行田市立太田中学校", "P29_005": "埼玉県行田市下須戸1164-1", "P29_006": "3", "P29_007": "1", "P29_008": "00", "P29_009": null }, "geometry": { "type": "Point", "coordinates": [ 139.504607005102031, 36.139394998436771 ] } },
{ "type": "Feature", "properties": { "P29_001": "11206", "P29_002": "C111220600071", "P29_003": "16002", "P29_004": "行田市立西中学校", "P29_005": "埼玉県行田市大字持田600", "P29_006": "3", "P29_007": "1", "P29_008": "00", "P29_009": null }, "geometry": { "type": "Point", "coordinates": [ 139.445336000291235, 36.128921002237021 ] } },
{ "type": "Feature", "properties": { "P29_001": "11206", "P29_002": "C111220600080", "P29_003": "16002", "P29_004": "行田市立南河原中学校", "P29_005": "埼玉県行田市大字南河原1081", "P29_006": "3", "P29_007": "1", "P29_008": "00", "P29_009": null }, "geometry": { "type": "Point", "coordinates": [ 139.431014889857266, 36.179861454232828 ] } },
{ "type": "Feature", "properties": { "P29_001": "11207", "P29_002": "C111220700016", "P29_003": "16002", "P29_004": "秩父市立秩父第一中学校", "P29_005": "埼玉県秩父市滝の上町9-22", "P29_006": "3", "P29_007": "1", "P29_008": "00", "P29_009": null }, "geometry": { "type": "Point", "coordinates": [ 139.089735002281429, 36.013813409855707 ] } },
{ "type": "Feature", "properties": { "P29_001": "11207", "P29_002": "C111220700025", "P29_003": "16002", "P29_004": "秩父市立秩父第二中学校", "P29_005": "埼玉県秩父市上町3-13-48", "P29_006": "3", "P29_007": "1", "P29_008": "00", "P29_009": null }, "geometry": { "type": "Point", "coordinates": [ 139.074447513574654, 35.987169812578685 ] } },
{ "type": "Feature", "properties": { "P29_001": "11207", "P29_002": "C111220700034", "P29_003": "16002", "P29_004": "秩父市立尾田蒔中学校", "P29_005": "埼玉県秩父市寺尾2006", "P29_006": "3", "P29_007": "1", "P29_008": "00", "P29_009": null }, "geometry": { "type": "Point", "coordinates": [ 139.079763001097461, 36.018901002936325 ] } },
{ "type": "Feature", "properties": { "P29_001": "11207", "P29_002": "C111220700043", "P29_003": "16002", "P29_004": "秩父市立高篠中学校", "P29_005": "埼玉県秩父市山田2647", "P29_006": "3", "P29_007": "1", "P29_008": "00", "P29_009": null }, "geometry": { "type": "Point", "coordinates": [ 139.11175899952525, 36.018596003418999 ] } },
{ "type": "Feature", "properties": { "P29_001": "11207", "P29_002": "C111220700052", "P29_003": "16002", "P29_004": "秩父市立大田中学校", "P29_005": "埼玉県秩父市太田1661", "P29_006": "3", "P29_007": "1", "P29_008": "00", "P29_009": null }, "geometry": { "type": "Point", "coordinates": [ 139.064924472699317, 36.053017027480351 ] } },
{ "type": "Feature", "properties": { "P29_001": "11207", "P29_002": "C111220700061", "P29_003": "16002", "P29_004": "秩父市立影森中学校", "P29_005": "埼玉県秩父市上影森53", "P29_006": "3", "P29_007": "1", "P29_008": "00", "P29_009": null }, "geometry": { "type": "Point", "coordinates": [ 139.067848994911373, 35.975601003589766 ] } },
{ "type": "Feature", "properties": { "P29_001": "11207", "P29_002": "C111220700070", "P29_003": "16002", "P29_004": "秩父市立吉田中学校", "P29_005": "埼玉県秩父市下吉田6402", "P29_006": "3", "P29_007": "1", "P29_008": "00", "P29_009": null }, "geometry": { "type": "Point", "coordinates": [ 139.022715816911216, 36.040896103651079 ] } },
{ "type": "Feature", "properties": { "P29_001": "11207", "P29_002": "C111220700089", "P29_003": "16002", "P29_004": "秩父市立荒川中学校", "P29_005": "埼玉県秩父市荒川日野23", "P29_006": "3", "P29_007": "1", "P29_008": "00", "P29_009": null }, "geometry": { "type": "Point", "coordinates": [ 139.026276506622679, 35.954694100366723 ] } },
{ "type": "Feature", "properties": { "P29_001": "11208", "P29_002": "C111220800015", "P29_003": "16002", "P29_004": "所沢市立所沢中学校", "P29_005": "埼玉県所沢市けやき台2-44-1", "P29_006": "3", "P29_007": "1", "P29_008": "00", "P29_009": null }, "geometry": { "type": "Point", "coordinates": [ 139.458372004448933, 35.79791000452871 ] } },
{ "type": "Feature", "properties": { "P29_001": "11208", "P29_002": "C111220800024", "P29_003": "16002", "P29_004": "所沢市立南陵中学校", "P29_005": "埼玉県所沢市久米1470", "P29_006": "3", "P29_007": "1", "P29_008": "00", "P29_009": null }, "geometry": { "type": "Point", "coordinates": [ 139.464567469843075, 35.782282195282079 ] } },
{ "type": "Feature", "properties": { "P29_001": "11208", "P29_002": "C111220800033", "P29_003": "16002", "P29_004": "所沢市立東中学校", "P29_005": "埼玉県所沢市大字牛沼605-1", "P29_006": "3", "P29_007": "1", "P29_008": "00", "P29_009": null }, "geometry": { "type": "Point", "coordinates": [ 139.495812999851807, 35.796245000676379 ] } },
{ "type": "Feature", "properties": { "P29_001": "11208", "P29_002": "C111220800042", "P29_003": "16002", "P29_004": "所沢市立柳瀬中学校", "P29_005": "埼玉県所沢市大字坂之下960", "P29_006": "3", "P29_007": "1", "P29_008": "00", "P29_009": null }, "geometry": { "type": "Point", "coordinates": [ 139.523574246686366, 35.805608046596248 ] } },
{ "type": "Feature", "properties": { "P29_001": "11208", "P29_002": "C111220800051", "P29_003": "16002", "P29_004": "所沢市立富岡中学校", "P29_005": "埼玉県所沢市神米金404", "P29_006": "3", "P29_007": "1", "P29_008": "00", "P29_009": null }, "geometry": { "type": "Point", "coordinates": [ 139.460982004722723, 35.824684998567371 ] } },
{ "type": "Feature", "properties": { "P29_001": "11208", "P29_002": "C111220800060", "P29_003": "16002", "P29_004": "所沢市立小手指中学校", "P29_005": "埼玉県所沢市小手指元町3-28-11", "P29_006": "3", "P29_007": "1", "P29_008": "00", "P29_009": null }, "geometry": { "type": "Point", "coordinates": [ 139.429874001438094, 35.791243999062758 ] } },
{ "type": "Feature", "properties": { "P29_001": "11208", "P29_002": "C111220800079", "P29_003": "16002", "P29_004": "所沢市立山口中学校", "P29_005": "埼玉県所沢市山口1345", "P29_006": "3", "P29_007": "1", "P29_008": "00", "P29_009": null }, "geometry": { "type": "Point", "coordinates": [ 139.439234997941412, 35.782827996778401 ] } },
{ "type": "Feature", "properties": { "P29_001": "11208", "P29_002": "C111220800088", "P29_003": "16002", "P29_004": "所沢市立三ケ島中学校", "P29_005": "埼玉県所沢市三ヶ島3-1407-1", "P29_006": "3", "P29_007": "1", "P29_008": "00", "P29_009": null }, "geometry": { "type": "Point", "coordinates": [ 139.407658762414627, 35.796650056837294 ] } },
{ "type": "Feature", "properties": { "P29_001": "11208", "P29_002": "C111220800097", "P29_003": "16002", "P29_004": "所沢市立向陽中学校", "P29_005": "埼玉県所沢市向陽町2124", "P29_006": "3", "P29_007": "1", "P29_008": "00", "P29_009": null }, "geometry": { "type": "Point", "coordinates": [ 139.446100909573346, 35.810284946054551 ] } },
{ "type": "Feature", "properties": { "P29_001": "11208", "P29_002": "C111220800104", "P29_003": "16002", "P29_004": "所沢市立美原中学校", "P29_005": "埼玉県所沢市並木5-2", "P29_006": "3", "P29_007": "1", "P29_008": "00", "P29_009": null }, "geometry": { "type": "Point", "coordinates": [ 139.463956975351635, 35.809043451918249 ] } },
{ "type": "Feature", "properties": { "P29_001": "11208", "P29_002": "C111220800113", "P29_003": "16002", "P29_004": "所沢市立中央中学校", "P29_005": "埼玉県所沢市並木6-3", "P29_006": "3", "P29_007": "1", "P29_008": "00", "P29_009": null }, "geometry": { "type": "Point", "coordinates": [ 139.474408695136219, 35.811563201017414 ] } },
{ "type": "Feature", "properties": { "P29_001": "11208", "P29_002": "C111220800122", "P29_003": "16002", "P29_004": "所沢市立狭山ケ丘中学校", "P29_005": "埼玉県所沢市東狭山ヶ丘5-893", "P29_006": "3", "P29_007": "1", "P29_008": "00", "P29_009": null }, "geometry": { "type": "Point", "coordinates": [ 139.428346005210102, 35.817073995364446 ] } },
{ "type": "Feature", "properties": { "P29_001": "11208", "P29_002": "C111220800131", "P29_003": "16002", "P29_004": "所沢市立安松中学校", "P29_005": "埼玉県所沢市東所沢和田2-19", "P29_006": "3", "P29_007": "1", "P29_008": "00", "P29_009": null }, "geometry": { "type": "Point", "coordinates": [ 139.508312001589758, 35.794022997620409 ] } },
{ "type": "Feature", "properties": { "P29_001": "11208", "P29_002": "C111220800140", "P29_003": "16002", "P29_004": "所沢市立北野中学校", "P29_005": "埼玉県所沢市北野2-4-10", "P29_006": "3", "P29_007": "1", "P29_008": "00", "P29_009": null }, "geometry": { "type": "Point", "coordinates": [ 139.423986001336317, 35.79646500203237 ] } },
{ "type": "Feature", "properties": { "P29_001": "11208", "P29_002": "C111220800159", "P29_003": "16002", "P29_004": "所沢市立上山口中学校", "P29_005": "埼玉県所沢市上山口72", "P29_006": "3", "P29_007": "1", "P29_008": "00", "P29_009": null }, "geometry": { "type": "Point", "coordinates": [ 139.425325870194229, 35.780058208793164 ] } },
{ "type": "Feature", "properties": { "P29_001": "11209", "P29_002": "C111220900014", "P29_003": "16002", "P29_004": "飯能市立飯能第一中学校", "P29_005": "埼玉県飯能市双柳1-1", "P29_006": "3", "P29_007": "1", "P29_008": "00", "P29_009": null }, "geometry": { "type": "Point", "coordinates": [ 139.327632128543655, 35.858087065522007 ] } },
{ "type": "Feature", "properties": { "P29_001": "11209", "P29_002": "C111220900023", "P29_003": "16002", "P29_004": "飯能市立南高麗中学校", "P29_005": "埼玉県飯能市下直竹1061", "P29_006": "3", "P29_007": "1", "P29_008": "00", "P29_009": null }, "geometry": { "type": "Point", "coordinates": [ 139.275997266855484, 35.843550604417686 ] } },
{ "type": "Feature", "properties": { "P29_001": "11209", "P29_002": "C111220900032", "P29_003": "16002", "P29_004": "飯能市立原市場中学校", "P29_005": "埼玉県飯能市原市場646", "P29_006": "3", "P29_007": "1", "P29_008": "00", "P29_009": null }, "geometry": { "type": "Point", "coordinates": [ 139.234932836607129, 35.866187292514567 ] } },
{ "type": "Feature", "properties": { "P29_001": "11209", "P29_002": "C111220900041", "P29_003": "16002", "P29_004": "飯能市立飯能西中学校", "P29_005": "埼玉県飯能市飯能287", "P29_006": "3", "P29_007": "1", "P29_008": "00", "P29_009": null }, "geometry": { "type": "Point", "coordinates": [ 139.30693699939286, 35.858321624497236 ] } },
{ "type": "Feature", "properties": { "P29_001": "11209", "P29_002": "C111220900050", "P29_003": "16002", "P29_004": "飯能市立加治中学校", "P29_005": "埼玉県飯能市阿須164-1", "P29_006": "3", "P29_007": "1", "P29_008": "00", "P29_009": null }, "geometry": { "type": "Point", "coordinates": [ 139.331826760963338, 35.836627597788741 ] } },
{ "type": "Feature", "properties": { "P29_001": "11209", "P29_002": "C111220900069", "P29_003": "16002", "P29_004": "飯能市立美杉台中学校", "P29_005": "埼玉県飯能市美杉台5-3", "P29_006": "3", "P29_007": "1", "P29_008": "00", "P29_009": null }, "geometry": { "type": "Point", "coordinates": [ 139.303804662704636, 35.847109835510373 ] } },
{ "type": "Feature", "properties": { "P29_001": "11209", "P29_002": "C111220900078", "P29_003": "16002", "P29_004": "飯能市立奥武蔵中学校", "P29_005": "埼玉県飯能市長沢73-1", "P29_006": "3", "P29_007": "1", "P29_008": "00", "P29_009": null }, "geometry": { "type": "Point", "coordinates": [ 139.229304870787331, 35.911776737157496 ] } },
{ "type": "Feature", "properties": { "P29_001": "11210", "P29_002": "C111221000011", "P29_003": "16002", "P29_004": "加須市立昭和中学校", "P29_005": "埼玉県加須市北小浜70", "P29_006": "3", "P29_007": "1", "P29_008": "00", "P29_009": null }, "geometry": { "type": "Point", "coordinates": [ 139.614480463662744, 36.125076730017881 ] } },
{ "type": "Feature", "properties": { "P29_001": "11210", "P29_002": "C111221000020", "P29_003": "16002", "P29_004": "加須市立加須西中学校", "P29_005": "埼玉県加須市馬内1", "P29_006": "3", "P29_007": "1", "P29_008": "00", "P29_009": null }, "geometry": { "type": "Point", "coordinates": [ 139.571029982058292, 36.136742502255409 ] } },
{ "type": "Feature", "properties": { "P29_001": "11210", "P29_002": "C111221000039", "P29_003": "16002", "P29_004": "加須市立加須東中学校", "P29_005": "埼玉県加須市花崎1-22-1", "P29_006": "3", "P29_007": "1", "P29_008": "00", "P29_009": null }, "geometry": { "type": "Point", "coordinates": [ 139.631788994793652, 36.10773499597267 ] } },
{ "type": "Feature", "properties": { "P29_001": "11210", "P29_002": "C111221000048", "P29_003": "16002", "P29_004": "加須市立加須北中学校", "P29_005": "埼玉県加須市上樋遣川4128", "P29_006": "3", "P29_007": "1", "P29_008": "00", "P29_009": null }, "geometry": { "type": "Point", "coordinates": [ 139.628427004208135, 36.164173003312492 ] } },
{ "type": "Feature", "properties": { "P29_001": "11210", "P29_002": "C111221000057", "P29_003": "16002", "P29_004": "加須市立加須平成中学校", "P29_005": "埼玉県加須市南大桑1860", "P29_006": "3", "P29_007": "1", "P29_008": "00", "P29_009": null }, "geometry": { "type": "Point", "coordinates": [ 139.646760003009945, 36.111208000908718 ] } },
{ "type": "Feature", "properties": { "P29_001": "11210", "P29_002": "C111221000066", "P29_003": "16002", "P29_004": "加須市立騎西中学校", "P29_005": "埼玉県加須市騎西1001", "P29_006": "3", "P29_007": "1", "P29_008": "00", "P29_009": null }, "geometry": { "type": "Point", "coordinates": [ 139.576605398122581, 36.105609266765597 ] } },
{ "type": "Feature", "properties": { "P29_001": "11210", "P29_002": "C111221000075", "P29_003": "16002", "P29_004": "加須市立北川辺中学校", "P29_005": "埼玉県加須市麦倉3705", "P29_006": "3", "P29_007": "1", "P29_008": "00", "P29_009": null }, "geometry": { "type": "Point", "coordinates": [ 139.663016362036387, 36.189592080172496 ] } },
{ "type": "Feature", "properties": { "P29_001": "11210", "P29_002": "C111221000084", "P29_003": "16002", "P29_004": "加須市立大利根中学校", "P29_005": "埼玉県加須市北下新井1705-1", "P29_006": "3", "P29_007": "1", "P29_008": "00", "P29_009": null }, "geometry": { "type": "Point", "coordinates": [ 139.664616637541769, 36.13927936535827 ] } },
{ "type": "Feature", "properties": { "P29_001": "11211", "P29_002": "C111221100010", "P29_003": "16002", "P29_004": "本庄市立本庄東中学校", "P29_005": "埼玉県本庄市日の出4-2-45", "P29_006": "3", "P29_007": "1", "P29_008": "00", "P29_009": null }, "geometry": { "type": "Point", "coordinates": [ 139.200760413759525, 36.238604695343845 ] } },
{ "type": "Feature", "properties": { "P29_001": "11211", "P29_002": "C111221100029", "P29_003": "16002", "P29_004": "本庄市立本庄西中学校", "P29_005": "埼玉県本庄市千代田4-3-1", "P29_006": "3", "P29_007": "1", "P29_008": "00", "P29_009": null }, "geometry": { "type": "Point", "coordinates": [ 139.181854994769026, 36.243819997335429 ] } },
{ "type": "Feature", "properties": { "P29_001": "11211", "P29_002": "C111221100038", "P29_003": "16002", "P29_004": "本庄市立本庄南中学校", "P29_005": "埼玉県本庄市緑3-13-1", "P29_006": "3", "P29_007": "1", "P29_008": "00", "P29_009": null }, "geometry": { "type": "Point", "coordinates": [ 139.174253964063723, 36.226969889266172 ] } },
{ "type": "Feature", "properties": { "P29_001": "11211", "P29_002": "C111221100047", "P29_003": "16002", "P29_004": "本庄市立児玉中学校", "P29_005": "埼玉県本庄市児玉町八幡山438", "P29_006": "3", "P29_007": "1", "P29_008": "00", "P29_009": null }, "geometry": { "type": "Point", "coordinates": [ 139.1264362949033, 36.192682091292241 ] } },
{ "type": "Feature", "properties": { "P29_001": "11212", "P29_002": "C111221200019", "P29_003": "16002", "P29_004": "東松山市立松山中学校", "P29_005": "埼玉県東松山市松葉町2-6-11", "P29_006": "3", "P29_007": "1", "P29_008": "00", "P29_009": null }, "geometry": { "type": "Point", "coordinates": [ 139.396645464231682, 36.042103387241184 ] } },
{ "type": "Feature", "properties": { "P29_001": "11212", "P29_002": "C111221200028", "P29_003": "16002", "P29_004": "東松山市立南中学校", "P29_005": "埼玉県東松山市石橋330", "P29_006": "3", "P29_007": "1", "P29_008": "00", "P29_009": null }, "geometry": { "type": "Point", "coordinates": [ 139.383083622701747, 36.023069530518853 ] } },
{ "type": "Feature", "properties": { "P29_001": "11212", "P29_002": "C111221200037", "P29_003": "16002", "P29_004": "東松山市立東中学校", "P29_005": "埼玉県東松山市六反町4", "P29_006": "3", "P29_007": "1", "P29_008": "00", "P29_009": null }, "geometry": { "type": "Point", "coordinates": [ 139.413496072696603, 36.035385560283387 ] } },
{ "type": "Feature", "properties": { "P29_001": "11212", "P29_002": "C111221200046", "P29_003": "16002", "P29_004": "東松山市立北中学校", "P29_005": "埼玉県東松山市大字松山1895-2", "P29_006": "3", "P29_007": "1", "P29_008": "00", "P29_009": null }, "geometry": { "type": "Point", "coordinates": [ 139.400898995856039, 36.058484996376507 ] } },
{ "type": "Feature", "properties": { "P29_001": "11212", "P29_002": "C111221200055", "P29_003": "16002", "P29_004": "東松山市立白山中学校", "P29_005": "埼玉県東松山市白山台17", "P29_006": "3", "P29_007": "1", "P29_008": "00", "P29_009": null }, "geometry": { "type": "Point", "coordinates": [ 139.385038243826273, 35.995145264578774 ] } },
{ "type": "Feature", "properties": { "P29_001": "11214", "P29_002": "C111221400017", "P29_003": "16002", "P29_004": "春日部市立春日部中学校", "P29_005": "埼玉県春日部市粕壁4-4-15", "P29_006": "3", "P29_007": "1", "P29_008": "00", "P29_009": null }, "geometry": { "type": "Point", "coordinates": [ 139.747291164509704, 35.984845316835859 ] } },
{ "type": "Feature", "properties": { "P29_001": "11214", "P29_002": "C111221400026", "P29_003": "16002", "P29_004": "春日部市立東中学校", "P29_005": "埼玉県春日部市樋堀181-1", "P29_006": "3", "P29_007": "1", "P29_008": "00", "P29_009": null }, "geometry": { "type": "Point", "coordinates": [ 139.76658752515533, 35.983991318821033 ] } },
{ "type": "Feature", "properties": { "P29_001": "11214", "P29_002": "C111221400035", "P29_003": "16002", "P29_004": "春日部市立豊春中学校", "P29_005": "埼玉県春日部市南中曾根107-2", "P29_006": "3", "P29_007": "1", "P29_008": "00", "P29_009": null }, "geometry": { "type": "Point", "coordinates": [ 139.726348549914945, 35.973616405439046 ] } },
{ "type": "Feature", "properties": { "P29_001": "11214", "P29_002": "C111221400044", "P29_003": "16002", "P29_004": "春日部市立武里中学校", "P29_005": "埼玉県春日部市薄谷3", "P29_006": "3", "P29_007": "1", "P29_008": "00", "P29_009": null }, "geometry": { "type": "Point", "coordinates": [ 139.759034006019306, 35.956284002952138 ] } },
{ "type": "Feature", "properties": { "P29_001": "11214", "P29_002": "C111221400053", "P29_003": "16002", "P29_004": "春日部市立大沼中学校", "P29_005": "埼玉県春日部市大沼6-75", "P29_006": "3", "P29_007": "1", "P29_008": "00", "P29_009": null }, "geometry": { "type": "Point", "coordinates": [ 139.750596929549033, 35.964681221856878 ] } },
{ "type": "Feature", "properties": { "P29_001": "11214", "P29_002": "C111221400062", "P29_003": "16002", "P29_004": "春日部市立豊野中学校", "P29_005": "埼玉県春日部市銚子口130", "P29_006": "3", "P29_007": "1", "P29_008": "00", "P29_009": null }, "geometry": { "type": "Point", "coordinates": [ 139.785919997926868, 35.964532995756336 ] } },
{ "type": "Feature", "properties": { "P29_001": "11214", "P29_002": "C111221400071", "P29_003": "16002", "P29_004": "春日部市立緑中学校", "P29_005": "埼玉県春日部市緑町5-9-38", "P29_006": "3", "P29_007": "1", "P29_008": "00", "P29_009": null }, "geometry": { "type": "Point", "coordinates": [ 139.771422005985016, 35.967088004831247 ] } },
{ "type": "Feature", "properties": { "P29_001": "11214", "P29_002": "C111221400080", "P29_003": "16002", "P29_004": "春日部市立大増中学校", "P29_005": "埼玉県春日部市大字上大増新田140", "P29_006": "3", "P29_007": "1", "P29_008": "00", "P29_009": null }, "geometry": { "type": "Point", "coordinates": [ 139.741176063794711, 35.962133647842045 ] } },
{ "type": "Feature", "properties": { "P29_001": "11214", "P29_002": "C111221400099", "P29_003": "16002", "P29_004": "春日部市立春日部南中学校", "P29_005": "埼玉県春日部市武里中野746", "P29_006": "3", "P29_007": "1", "P29_008": "00", "P29_009": null }, "geometry": { "type": "Point", "coordinates": [ 139.75803132437963, 35.950642491014825 ] } },
{ "type": "Feature", "properties": { "P29_001": "11214", "P29_002": "C111221400106", "P29_003": "16002", "P29_004": "春日部市立葛飾中学校", "P29_005": "埼玉県春日部市永沼2250-1", "P29_006": "3", "P29_007": "1", "P29_008": "00", "P29_009": null }, "geometry": { "type": "Point", "coordinates": [ 139.798595243065421, 35.978011316371493 ] } },
{ "type": "Feature", "properties": { "P29_001": "11214", "P29_002": "C111221400115", "P29_003": "16002", "P29_004": "春日部市立飯沼中学校", "P29_005": "埼玉県春日部市飯沼180", "P29_006": "3", "P29_007": "1", "P29_008": "00", "P29_009": null }, "geometry": { "type": "Point", "coordinates": [ 139.809723984706892, 35.968453839633355 ] } },
{ "type": "Feature", "properties": { "P29_001": "11215", "P29_002": "C111221500016", "P29_003": "16002", "P29_004": "狭山市立堀兼中学校", "P29_005": "埼玉県狭山市堀兼1237", "P29_006": "3", "P29_007": "1", "P29_008": "00", "P29_009": null }, "geometry": { "type": "Point", "coordinates": [ 139.443395908269423, 35.860960975001085 ] } },
{ "type": "Feature", "properties": { "P29_001": "11215", "P29_002": "C111221500025", "P29_003": "16002", "P29_004": "狭山市立西中学校", "P29_005": "埼玉県狭山市広瀬東3-23-1", "P29_006": "3", "P29_007": "1", "P29_008": "00", "P29_009": null }, "geometry": { "type": "Point", "coordinates": [ 139.39674909502483, 35.861181579177604 ] } },
{ "type": "Feature", "properties": { "P29_001": "11215", "P29_002": "C111221500034", "P29_003": "16002", "P29_004": "狭山市立狭山台中学校", "P29_005": "埼玉県狭山市狭山台4-26", "P29_006": "3", "P29_007": "1", "P29_008": "00", "P29_009": null }, "geometry": { "type": "Point", "coordinates": [ 139.434725714098079, 35.853467496461256 ] } },
{ "type": "Feature", "properties": { "P29_001": "11215", "P29_002": "C111221500043", "P29_003": "16002", "P29_004": "狭山市立山王中学校", "P29_005": "埼玉県狭山市南入曽157", "P29_006": "3", "P29_007": "1", "P29_008": "00", "P29_009": null }, "geometry": { "type": "Point", "coordinates": [ 139.441304000699319, 35.84461412075148 ] } },
{ "type": "Feature", "properties": { "P29_001": "11215", "P29_002": "C111221500052", "P29_003": "16002", "P29_004": "狭山市立入間川中学校", "P29_005": "埼玉県狭山市鵜ノ木6-46", "P29_006": "3", "P29_007": "1", "P29_008": "00", "P29_009": null }, "geometry": { "type": "Point", "coordinates": [ 139.393667149631256, 35.853195624974923 ] } },
{ "type": "Feature", "properties": { "P29_001": "11215", "P29_002": "C111221500061", "P29_003": "16002", "P29_004": "狭山市立柏原中学校", "P29_005": "埼玉県狭山市柏原2520-11", "P29_006": "3", "P29_007": "1", "P29_008": "00", "P29_009": null }, "geometry": { "type": "Point", "coordinates": [ 139.407960807447807, 35.878332809512919 ] } },
{ "type": "Feature", "properties": { "P29_001": "11215", "P29_002": "C111221500070", "P29_003": "16002", "P29_004": "狭山市立中央中学校", "P29_005": "埼玉県狭山市入間川1752-1", "P29_006": "3", "P29_007": "1", "P29_008": "00", "P29_009": null }, "geometry": { "type": "Point", "coordinates": [ 139.419028355543702, 35.860341269852988 ] } },
{ "type": "Feature", "properties": { "P29_001": "11215", "P29_002": "C111221500089", "P29_003": "16002", "P29_004": "狭山市立入間野中学校", "P29_005": "埼玉県狭山市北入曽1028-1", "P29_006": "3", "P29_007": "1", "P29_008": "00", "P29_009": null }, "geometry": { "type": "Point", "coordinates": [ 139.420267264886689, 35.839381358984689 ] } },
{ "type": "Feature", "properties": { "P29_001": "11216", "P29_002": "C111221600015", "P29_003": "16002", "P29_004": "羽生市立西中学校", "P29_005": "埼玉県羽生市羽生120", "P29_006": "3", "P29_007": "1", "P29_008": "00", "P29_009": null }, "geometry": { "type": "Point", "coordinates": [ 139.53027560896777, 36.176275891459923 ] } },
{ "type": "Feature", "properties": { "P29_001": "11216", "P29_002": "C111221600024", "P29_003": "16002", "P29_004": "羽生市立南中学校", "P29_005": "埼玉県羽生市大字中岩瀬226", "P29_006": "3", "P29_007": "1", "P29_008": "00", "P29_009": null }, "geometry": { "type": "Point", "coordinates": [ 139.53761018280855, 36.160878918724514 ] } },
{ "type": "Feature", "properties": { "P29_001": "11216", "P29_002": "C111221600033", "P29_003": "16002", "P29_004": "羽生市立東中学校", "P29_005": "埼玉県羽生市大字今泉1448", "P29_006": "3", "P29_007": "1", "P29_008": "00", "P29_009": null }, "geometry": { "type": "Point", "coordinates": [ 139.575338722289843, 36.173290260446599 ] } },
{ "type": "Feature", "properties": { "P29_001": "11217", "P29_002": "C111221700014", "P29_003": "16002", "P29_004": "鴻巣市立鴻巣中学校", "P29_005": "埼玉県鴻巣市東2-4-62", "P29_006": "3", "P29_007": "1", "P29_008": "00", "P29_009": null }, "geometry": { "type": "Point", "coordinates": [ 139.51694893155468, 36.061042723591044 ] } },
{ "type": "Feature", "properties": { "P29_001": "11217", "P29_002": "C111221700023", "P29_003": "16002", "P29_004": "鴻巣市立鴻巣北中学校", "P29_005": "埼玉県鴻巣市箕田4280", "P29_006": "3", "P29_007": "1", "P29_008": "00", "P29_009": null }, "geometry": { "type": "Point", "coordinates": [ 139.509291258644481, 36.072098552989374 ] } },
{ "type": "Feature", "properties": { "P29_001": "11217", "P29_002": "C111221700032", "P29_003": "16002", "P29_004": "鴻巣市立鴻巣西中学校", "P29_005": "埼玉県鴻巣市大間1161", "P29_006": "3", "P29_007": "1", "P29_008": "00", "P29_009": null }, "geometry": { "type": "Point", "coordinates": [ 139.497139003939793, 36.058850003674202 ] } },
{ "type": "Feature", "properties": { "P29_001": "11217", "P29_002": "C111221700041", "P29_003": "16002", "P29_004": "鴻巣市立鴻巣南中学校", "P29_005": "埼玉県鴻巣市原馬室3685", "P29_006": "3", "P29_007": "1", "P29_008": "00", "P29_009": null }, "geometry": { "type": "Point", "coordinates": [ 139.517609000760388, 36.032573999338133 ] } },
{ "type": "Feature", "properties": { "P29_001": "11217", "P29_002": "C111221700050", "P29_003": "16002", "P29_004": "鴻巣市立赤見台中学校", "P29_005": "埼玉県鴻巣市赤見台4-25-1", "P29_006": "3", "P29_007": "1", "P29_008": "00", "P29_009": null }, "geometry": { "type": "Point", "coordinates": [ 139.485476897537524, 36.08158698920704 ] } },
{ "type": "Feature", "properties": { "P29_001": "11217", "P29_002": "C111221700069", "P29_003": "16002", "P29_004": "鴻巣市立吹上中学校", "P29_005": "埼玉県鴻巣市吹上富士見1-6-1", "P29_006": "3", "P29_007": "1", "P29_008": "00", "P29_009": null }, "geometry": { "type": "Point", "coordinates": [ 139.45627366321358, 36.100579945286349 ] } },
{ "type": "Feature", "properties": { "P29_001": "11217", "P29_002": "C111221700078", "P29_003": "16002", "P29_004": "鴻巣市立吹上北中学校", "P29_005": "埼玉県鴻巣市鎌塚550", "P29_006": "3", "P29_007": "1", "P29_008": "00", "P29_009": null }, "geometry": { "type": "Point", "coordinates": [ 139.454251996984766, 36.112396001282818 ] } },
{ "type": "Feature", "properties": { "P29_001": "11217", "P29_002": "C111221700087", "P29_003": "16002", "P29_004": "鴻巣市立川里中学校", "P29_005": "埼玉県鴻巣市関新田1560-1", "P29_006": "3", "P29_007": "1", "P29_008": "00", "P29_009": null }, "geometry": { "type": "Point", "coordinates": [ 139.524840798414118, 36.097664843724353 ] } },
{ "type": "Feature", "properties": { "P29_001": "11218", "P29_002": "C111221800013", "P29_003": "16002", "P29_004": "深谷市立明戸中学校", "P29_005": "埼玉県深谷市新井18", "P29_006": "3", "P29_007": "1", "P29_008": "00", "P29_009": null }, "geometry": { "type": "Point", "coordinates": [ 139.311036996897428, 36.219436002340011 ] } },
{ "type": "Feature", "properties": { "P29_001": "11218", "P29_002": "C111221800022", "P29_003": "16002", "P29_004": "深谷市立幡羅中学校", "P29_005": "埼玉県深谷市常盤町38", "P29_006": "3", "P29_007": "1", "P29_008": "00", "P29_009": null }, "geometry": { "type": "Point", "coordinates": [ 139.300651003444187, 36.195326996930014 ] } },
{ "type": "Feature", "properties": { "P29_001": "11218", "P29_002": "C111221800031", "P29_003": "16002", "P29_004": "深谷市立藤沢中学校", "P29_005": "埼玉県深谷市人見1973", "P29_006": "3", "P29_007": "1", "P29_008": "00", "P29_009": null }, "geometry": { "type": "Point", "coordinates": [ 139.265994032993831, 36.163163588205869 ] } },
{ "type": "Feature", "properties": { "P29_001": "11218", "P29_002": "C111221800040", "P29_003": "16002", "P29_004": "深谷市立豊里中学校", "P29_005": "埼玉県深谷市下手計525", "P29_006": "3", "P29_007": "1", "P29_008": "00", "P29_009": null }, "geometry": { "type": "Point", "coordinates": [ 139.276457811722025, 36.231001837211124 ] } },
{ "type": "Feature", "properties": { "P29_001": "11218", "P29_002": "C111221800059", "P29_003": "16002", "P29_004": "深谷市立深谷中学校", "P29_005": "埼玉県深谷市田谷45-2", "P29_006": "3", "P29_007": "1", "P29_008": "00", "P29_009": null }, "geometry": { "type": "Point", "coordinates": [ 139.279805002181519, 36.20759599964893 ] } },
{ "type": "Feature", "properties": { "P29_001": "11218", "P29_002": "C111221800068", "P29_003": "16002", "P29_004": "深谷市立南中学校", "P29_005": "埼玉県深谷市大字萱場320", "P29_006": "3", "P29_007": "1", "P29_008": "00", "P29_009": null }, "geometry": { "type": "Point", "coordinates": [ 139.266152996032304, 36.188994000382742 ] } },
{ "type": "Feature", "properties": { "P29_001": "11218", "P29_002": "C111221800077", "P29_003": "16002", "P29_004": "深谷市立上柴中学校", "P29_005": "埼玉県深谷市上柴町西2-23-1", "P29_006": "3", "P29_007": "1", "P29_008": "00", "P29_009": null }, "geometry": { "type": "Point", "coordinates": [ 139.298068003044079, 36.183827996154214 ] } },
{ "type": "Feature", "properties": { "P29_001": "11218", "P29_002": "C111221800086", "P29_003": "16002", "P29_004": "深谷市立岡部中学校", "P29_005": "埼玉県深谷市山河1214", "P29_006": "3", "P29_007": "1", "P29_008": "00", "P29_009": null }, "geometry": { "type": "Point", "coordinates": [ 139.236377004137921, 36.200019997395287 ] } },
{ "type": "Feature", "properties": { "P29_001": "11218", "P29_002": "C111221800095", "P29_003": "16002", "P29_004": "深谷市立川本中学校", "P29_005": "埼玉県深谷市田中530", "P29_006": "3", "P29_007": "1", "P29_008": "00", "P29_009": null }, "geometry": { "type": "Point", "coordinates": [ 139.27866268868425, 36.136543410482261 ] } },
{ "type": "Feature", "properties": { "P29_001": "11218", "P29_002": "C111221800102", "P29_003": "16002", "P29_004": "深谷市立花園中学校", "P29_005": "埼玉県深谷市小前田1980", "P29_006": "3", "P29_007": "1", "P29_008": "00", "P29_009": null }, "geometry": { "type": "Point", "coordinates": [ 139.227186857791963, 36.134740055018092 ] } },
{ "type": "Feature", "properties": { "P29_001": "11219", "P29_002": "C111221900012", "P29_003": "16002", "P29_004": "上尾市立上尾中学校", "P29_005": "埼玉県上尾市愛宕3-23-34", "P29_006": "3", "P29_007": "1", "P29_008": "00", "P29_009": null }, "geometry": { "type": "Point", "coordinates": [ 139.599476394869669, 35.966885690092177 ] } },
{ "type": "Feature", "properties": { "P29_001": "11219", "P29_002": "C111221900021", "P29_003": "16002", "P29_004": "上尾市立太平中学校", "P29_005": "埼玉県上尾市小敷谷2-3", "P29_006": "3", "P29_007": "1", "P29_008": "00", "P29_009": null }, "geometry": { "type": "Point", "coordinates": [ 139.565678117736297, 35.953858345203152 ] } },
{ "type": "Feature", "properties": { "P29_001": "11219", "P29_002": "C111221900030", "P29_003": "16002", "P29_004": "上尾市立大石中学校", "P29_005": "埼玉県上尾市中妻4-19", "P29_006": "3", "P29_007": "1", "P29_008": "00", "P29_009": null }, "geometry": { "type": "Point", "coordinates": [ 139.565384994117721, 35.981998003748188 ] } },
{ "type": "Feature", "properties": { "P29_001": "11219", "P29_002": "C111221900049", "P29_003": "16002", "P29_004": "上尾市立原市中学校", "P29_005": "埼玉県上尾市大字原市3479", "P29_006": "3", "P29_007": "1", "P29_008": "00", "P29_009": null }, "geometry": { "type": "Point", "coordinates": [ 139.627238166477042, 35.966150831445532 ] } },
{ "type": "Feature", "properties": { "P29_001": "11219", "P29_002": "C111221900058", "P29_003": "16002", "P29_004": "上尾市立上平中学校", "P29_005": "埼玉県上尾市菅谷121", "P29_006": "3", "P29_007": "1", "P29_008": "00", "P29_009": null }, "geometry": { "type": "Point", "coordinates": [ 139.592910001909416, 35.996025003100364 ] } },
{ "type": "Feature", "properties": { "P29_001": "11219", "P29_002": "C111221900067", "P29_003": "16002", "P29_004": "上尾市立西中学校", "P29_005": "埼玉県上尾市大字今泉515", "P29_006": "3", "P29_007": "1", "P29_008": "00", "P29_009": null }, "geometry": { "type": "Point", "coordinates": [ 139.578042689697213, 35.96688054199948 ] } },
{ "type": "Feature", "properties": { "P29_001": "11219", "P29_002": "C111221900076", "P29_003": "16002", "P29_004": "上尾市立東中学校", "P29_005": "埼玉県上尾市大字上尾村479", "P29_006": "3", "P29_007": "1", "P29_008": "00", "P29_009": null }, "geometry": { "type": "Point", "coordinates": [ 139.59406488978783, 35.989258084679498 ] } },
{ "type": "Feature", "properties": { "P29_001": "11219", "P29_002": "C111221900085", "P29_003": "16002", "P29_004": "上尾市立大石南中学校", "P29_005": "埼玉県上尾市大字小敷谷1105", "P29_006": "3", "P29_007": "1", "P29_008": "00", "P29_009": null }, "geometry": { "type": "Point", "coordinates": [ 139.553053914238006, 35.962396340326443 ] } },
{ "type": "Feature", "properties": { "P29_001": "11219", "P29_002": "C111221900094", "P29_003": "16002", "P29_004": "上尾市立瓦葺中学校", "P29_005": "埼玉県上尾市大字瓦葺163", "P29_006": "3", "P29_007": "1", "P29_008": "00", "P29_009": null }, "geometry": { "type": "Point", "coordinates": [ 139.641193311777812, 35.967975556855308 ] } },
{ "type": "Feature", "properties": { "P29_001": "11219", "P29_002": "C111221900101", "P29_003": "16002", "P29_004": "上尾市立南中学校", "P29_005": "埼玉県上尾市大谷本郷124", "P29_006": "3", "P29_007": "1", "P29_008": "00", "P29_009": null }, "geometry": { "type": "Point", "coordinates": [ 139.588272998615082, 35.958890000510728 ] } },
{ "type": "Feature", "properties": { "P29_001": "11219", "P29_002": "C111221900110", "P29_003": "16002", "P29_004": "上尾市立大谷中学校", "P29_005": "埼玉県上尾市向山4-10", "P29_006": "3", "P29_007": "1", "P29_008": "00", "P29_009": null }, "geometry": { "type": "Point", "coordinates": [ 139.575663003830186, 35.959945001707979 ] } },
{ "type": "Feature", "properties": { "P29_001": "11219", "P29_002": "C111221900129", "P29_003": "16002", "P29_004": "上尾市立東中学校向原分校", "P29_005": "埼玉県上尾市大字上尾宿2096", "P29_006": "3", "P29_007": "1", "P29_008": "00", "P29_009": null }, "geometry": { "type": "Point", "coordinates": [ 139.598967999940697, 35.984616002689101 ] } },
{ "type": "Feature", "properties": { "P29_001": "11221", "P29_002": "C111222100018", "P29_003": "16002", "P29_004": "草加市立草加中学校", "P29_005": "埼玉県草加市氷川町2179-4", "P29_006": "3", "P29_007": "1", "P29_008": "00", "P29_009": null }, "geometry": { "type": "Point", "coordinates": [ 139.802867996801297, 35.832581002594864 ] } },
{ "type": "Feature", "properties": { "P29_001": "11221", "P29_002": "C111222100027", "P29_003": "16002", "P29_004": "草加市立栄中学校", "P29_005": "埼玉県草加市松原3-7-1", "P29_006": "3", "P29_007": "1", "P29_008": "00", "P29_009": null }, "geometry": { "type": "Point", "coordinates": [ 139.79259700555005, 35.845747998101167 ] } },
{ "type": "Feature", "properties": { "P29_001": "11221", "P29_002": "C111222100036", "P29_003": "16002", "P29_004": "草加市立谷塚中学校", "P29_005": "埼玉県草加市谷塚上町62", "P29_006": "3", "P29_007": "1", "P29_008": "00", "P29_009": null }, "geometry": { "type": "Point", "coordinates": [ 139.79038984276184, 35.817608331982534 ] } },
{ "type": "Feature", "properties": { "P29_001": "11221", "P29_002": "C111222100045", "P29_003": "16002", "P29_004": "草加市立川柳中学校", "P29_005": "埼玉県草加市青柳7-35-1", "P29_006": "3", "P29_007": "1", "P29_008": "00", "P29_009": null }, "geometry": { "type": "Point", "coordinates": [ 139.822264452147152, 35.85491391718692 ] } },
{ "type": "Feature", "properties": { "P29_001": "11221", "P29_002": "C111222100054", "P29_003": "16002", "P29_004": "草加市立新栄中学校", "P29_005": "埼玉県草加市新栄1-33", "P29_006": "3", "P29_007": "1", "P29_008": "00", "P29_009": null }, "geometry": { "type": "Point", "coordinates": [ 139.772884001900195, 35.855974998505822 ] } },
{ "type": "Feature", "properties": { "P29_001": "11221", "P29_002": "C111222100063", "P29_003": "16002", "P29_004": "草加市立瀬崎中学校", "P29_005": "埼玉県草加市瀬崎5-3-1", "P29_006": "3", "P29_007": "1", "P29_008": "00", "P29_009": null }, "geometry": { "type": "Point", "coordinates": [ 139.810982000296406, 35.81555200475308 ] } },
{ "type": "Feature", "properties": { "P29_001": "11221", "P29_002": "C111222100072", "P29_003": "16002", "P29_004": "草加市立花栗中学校", "P29_005": "埼玉県草加市花栗4-15-12", "P29_006": "3", "P29_007": "1", "P29_008": "00", "P29_009": null }, "geometry": { "type": "Point", "coordinates": [ 139.790285995401234, 35.839691002576934 ] } },
{ "type": "Feature", "properties": { "P29_001": "11221", "P29_002": "C111222100081", "P29_003": "16002", "P29_004": "草加市立両新田中学校", "P29_005": "埼玉県草加市両新田西町368-1", "P29_006": "3", "P29_007": "1", "P29_008": "00", "P29_009": null }, "geometry": { "type": "Point", "coordinates": [ 139.785758996187951, 35.81522200291559 ] } },
{ "type": "Feature", "properties": { "P29_001": "11221", "P29_002": "C111222100090", "P29_003": "16002", "P29_004": "草加市立新田中学校", "P29_005": "埼玉県草加市長栄1-767", "P29_006": "3", "P29_007": "1", "P29_008": "00", "P29_009": null }, "geometry": { "type": "Point", "coordinates": [ 139.78411549328203, 35.857318363708771 ] } },
{ "type": "Feature", "properties": { "P29_001": "11221", "P29_002": "C111222100107", "P29_003": "16002", "P29_004": "草加市立青柳中学校", "P29_005": "埼玉県草加市青柳8-58-10", "P29_006": "3", "P29_007": "1", "P29_008": "00", "P29_009": null }, "geometry": { "type": "Point", "coordinates": [ 139.814209042166425, 35.859727019576404 ] } },
{ "type": "Feature", "properties": { "P29_001": "11221", "P29_002": "C111222100116", "P29_003": "16002", "P29_004": "草加市立松江中学校", "P29_005": "埼玉県草加市松江3-14-33", "P29_006": "3", "P29_007": "1", "P29_008": "00", "P29_009": null }, "geometry": { "type": "Point", "coordinates": [ 139.811616999602251, 35.837524996843058 ] } },
{ "type": "Feature", "properties": { "P29_001": "11222", "P29_002": "C111222200017", "P29_003": "16002", "P29_004": "越谷市立中央中学校", "P29_005": "埼玉県越谷市宮前1-18-1", "P29_006": "3", "P29_007": "1", "P29_008": "00", "P29_009": null }, "geometry": { "type": "Point", "coordinates": [ 139.794271259881526, 35.901064063323957 ] } },
{ "type": "Feature", "properties": { "P29_001": "11222", "P29_002": "C111222200026", "P29_003": "16002", "P29_004": "越谷市立東中学校", "P29_005": "埼玉県越谷市東越谷9-3160", "P29_006": "3", "P29_007": "1", "P29_008": "00", "P29_009": null }, "geometry": { "type": "Point", "coordinates": [ 139.810533081637772, 35.893370509145015 ] } },
{ "type": "Feature", "properties": { "P29_001": "11222", "P29_002": "C111222200035", "P29_003": "16002", "P29_004": "越谷市立西中学校", "P29_005": "埼玉県越谷市神明町2-385", "P29_006": "3", "P29_007": "1", "P29_008": "00", "P29_009": null }, "geometry": { "type": "Point", "coordinates": [ 139.766118996574136, 35.897875995143892 ] } },
{ "type": "Feature", "properties": { "P29_001": "11222", "P29_002": "C111222200044", "P29_003": "16002", "P29_004": "越谷市立南中学校", "P29_005": "埼玉県越谷市川柳町1-198", "P29_006": "3", "P29_007": "1", "P29_008": "00", "P29_009": null }, "geometry": { "type": "Point", "coordinates": [ 139.80942300251354, 35.87454699737772 ] } },
{ "type": "Feature", "properties": { "P29_001": "11222", "P29_002": "C111222200053", "P29_003": "16002", "P29_004": "越谷市立北中学校", "P29_005": "埼玉県越谷市袋山870", "P29_006": "3", "P29_007": "1", "P29_008": "00", "P29_009": null }, "geometry": { "type": "Point", "coordinates": [ 139.778444508710464, 35.929138607744598 ] } },
{ "type": "Feature", "properties": { "P29_001": "11222", "P29_002": "C111222200062", "P29_003": "16002", "P29_004": "越谷市立富士中学校", "P29_005": "埼玉県越谷市新越谷1-85", "P29_006": "3", "P29_007": "1", "P29_008": "00", "P29_009": null }, "geometry": { "type": "Point", "coordinates": [ 139.783391003342388, 35.877034001661762 ] } },
{ "type": "Feature", "properties": { "P29_001": "11222", "P29_002": "C111222200071", "P29_003": "16002", "P29_004": "越谷市立北陽中学校", "P29_005": "埼玉県越谷市大松450", "P29_006": "3", "P29_007": "1", "P29_008": "00", "P29_009": null }, "geometry": { "type": "Point", "coordinates": [ 139.799142001596294, 35.933092998091489 ] } },
{ "type": "Feature", "properties": { "P29_001": "11222", "P29_002": "C111222200080", "P29_003": "16002", "P29_004": "越谷市立栄進中学校", "P29_005": "埼玉県越谷市大沢659-1", "P29_006": "3", "P29_007": "1", "P29_008": "00", "P29_009": null }, "geometry": { "type": "Point", "coordinates": [ 139.784154438980011, 35.906515970104209 ] } },
{ "type": "Feature", "properties": { "P29_001": "11222", "P29_002": "C111222200099", "P29_003": "16002", "P29_004": "越谷市立光陽中学校", "P29_005": "埼玉県越谷市川柳1-498", "P29_006": "3", "P29_007": "1", "P29_008": "00", "P29_009": null }, "geometry": { "type": "Point", "coordinates": [ 139.812517553136473, 35.875073960449782 ] } },
{ "type": "Feature", "properties": { "P29_001": "11222", "P29_002": "C111222200106", "P29_003": "16002", "P29_004": "越谷市立平方中学校", "P29_005": "埼玉県越谷市平方2115", "P29_006": "3", "P29_007": "1", "P29_008": "00", "P29_009": null }, "geometry": { "type": "Point", "coordinates": [ 139.790016925750024, 35.947107230279613 ] } },
{ "type": "Feature", "properties": { "P29_001": "11222", "P29_002": "C111222200115", "P29_003": "16002", "P29_004": "越谷市立武蔵野中学校", "P29_005": "埼玉県越谷市大間野町4-357", "P29_006": "3", "P29_007": "1", "P29_008": "00", "P29_009": null }, "geometry": { "type": "Point", "coordinates": [ 139.772867612977336, 35.866107351156714 ] } },
{ "type": "Feature", "properties": { "P29_001": "11222", "P29_002": "C111222200124", "P29_003": "16002", "P29_004": "越谷市立大袋中学校", "P29_005": "埼玉県越谷市大竹236", "P29_006": "3", "P29_007": "1", "P29_008": "00", "P29_009": null }, "geometry": { "type": "Point", "coordinates": [ 139.764089998946872, 35.919039003750086 ] } },
{ "type": "Feature", "properties": { "P29_001": "11222", "P29_002": "C111222200133", "P29_003": "16002", "P29_004": "越谷市立新栄中学校", "P29_005": "埼玉県越谷市大吉435", "P29_006": "3", "P29_007": "1", "P29_008": "00", "P29_009": null }, "geometry": { "type": "Point", "coordinates": [ 139.800171000438894, 35.919707002628812 ] } },
{ "type": "Feature", "properties": { "P29_001": "11222", "P29_002": "C111222200142", "P29_003": "16002", "P29_004": "越谷市立大相模中学校", "P29_005": "埼玉県越谷市相模町3-165", "P29_006": "3", "P29_007": "1", "P29_008": "00", "P29_009": null }, "geometry": { "type": "Point", "coordinates": [ 139.809338995474263, 35.885990002876163 ] } },
{ "type": "Feature", "properties": { "P29_001": "11222", "P29_002": "C111222200151", "P29_003": "16002", "P29_004": "越谷市立千間台中学校", "P29_005": "埼玉県越谷市三野宮1141", "P29_006": "3", "P29_007": "1", "P29_008": "00", "P29_009": null }, "geometry": { "type": "Point", "coordinates": [ 139.756173002243997, 35.933175002111113 ] } },
{ "type": "Feature", "properties": { "P29_001": "11223", "P29_002": "C111222300016", "P29_003": "16002", "P29_004": "蕨市立第一中学校", "P29_005": "埼玉県蕨市南町3-1-29", "P29_006": "3", "P29_007": "1", "P29_008": "00", "P29_009": null }, "geometry": { "type": "Point", "coordinates": [ 139.698764078868692, 35.81939644535673 ] } },
{ "type": "Feature", "properties": { "P29_001": "11223", "P29_002": "C111222300025", "P29_003": "16002", "P29_004": "蕨市立第二中学校", "P29_005": "埼玉県蕨市錦町3-9-38", "P29_006": "3", "P29_007": "1", "P29_008": "00", "P29_009": null }, "geometry": { "type": "Point", "coordinates": [ 139.671910643763283, 35.8281966296923 ] } },
{ "type": "Feature", "properties": { "P29_001": "11223", "P29_002": "C111222300034", "P29_003": "16002", "P29_004": "蕨市立東中学校", "P29_005": "埼玉県蕨市塚越6-7-34", "P29_006": "3", "P29_007": "1", "P29_008": "00", "P29_009": null }, "geometry": { "type": "Point", "coordinates": [ 139.703211021127544, 35.825728325891369 ] } },
{ "type": "Feature", "properties": { "P29_001": "11224", "P29_002": "C111222400015", "P29_003": "16002", "P29_004": "戸田市立戸田中学校", "P29_005": "埼玉県戸田市本町5-8-46", "P29_006": "3", "P29_007": "1", "P29_008": "00", "P29_009": null }, "geometry": { "type": "Point", "coordinates": [ 139.67798845927382, 35.80432437030084 ] } },
{ "type": "Feature", "properties": { "P29_001": "11224", "P29_002": "C111222400024", "P29_003": "16002", "P29_004": "戸田市立戸田東中学校", "P29_005": "埼玉県戸田市下戸田1-11-15", "P29_006": "3", "P29_007": "1", "P29_008": "00", "P29_009": null }, "geometry": { "type": "Point", "coordinates": [ 139.685689596136484, 35.814559152574049 ] } },
{ "type": "Feature", "properties": { "P29_001": "11224", "P29_002": "C111222400033", "P29_003": "16002", "P29_004": "戸田市立美笹中学校", "P29_005": "埼玉県戸田市美女木5-12-6", "P29_006": "3", "P29_007": "1", "P29_008": "00", "P29_009": null }, "geometry": { "type": "Point", "coordinates": [ 139.640469134186162, 35.819824690924705 ] } },
{ "type": "Feature", "properties": { "P29_001": "11224", "P29_002": "C111222400042", "P29_003": "16002", "P29_004": "戸田市立喜沢中学校", "P29_005": "埼玉県戸田市喜沢南1-6-29", "P29_006": "3", "P29_007": "1", "P29_008": "00", "P29_009": null }, "geometry": { "type": "Point", "coordinates": [ 139.69357400494448, 35.806442000449572 ] } },
{ "type": "Feature", "properties": { "P29_001": "11224", "P29_002": "C111222400051", "P29_003": "16002", "P29_004": "戸田市立新曽中学校", "P29_005": "埼玉県戸田市大字新曽1448", "P29_006": "3", "P29_007": "1", "P29_008": "00", "P29_009": null }, "geometry": { "type": "Point", "coordinates": [ 139.662825998318795, 35.821021997448327 ] } },
{ "type": "Feature", "properties": { "P29_001": "11224", "P29_002": "C111222400060", "P29_003": "16002", "P29_004": "戸田市立笹目中学校", "P29_005": "埼玉県戸田市笹目4-38-1", "P29_006": "3", "P29_007": "1", "P29_008": "00", "P29_009": null }, "geometry": { "type": "Point", "coordinates": [ 139.650559691647317, 35.822002704363264 ] } },
{ "type": "Feature", "properties": { "P29_001": "11225", "P29_002": "C111222500014", "P29_003": "16002", "P29_004": "入間市立豊岡中学校", "P29_005": "埼玉県入間市向陽台2-1-20", "P29_006": "3", "P29_007": "1", "P29_008": "00", "P29_009": null }, "geometry": { "type": "Point", "coordinates": [ 139.397518237550514, 35.835798690316572 ] } },
{ "type": "Feature", "properties": { "P29_001": "11225", "P29_002": "C111222500023", "P29_003": "16002", "P29_004": "入間市立金子中学校", "P29_005": "埼玉県入間市西三ツ木187", "P29_006": "3", "P29_007": "1", "P29_008": "00", "P29_009": null }, "geometry": { "type": "Point", "coordinates": [ 139.332644857768969, 35.814595165655504 ] } },
{ "type": "Feature", "properties": { "P29_001": "11225", "P29_002": "C111222500032", "P29_003": "16002", "P29_004": "入間市立武蔵中学校", "P29_005": "埼玉県入間市宮寺3193", "P29_006": "3", "P29_007": "1", "P29_008": "00", "P29_009": null }, "geometry": { "type": "Point", "coordinates": [ 139.374150978556059, 35.810237731819157 ] } },
{ "type": "Feature", "properties": { "P29_001": "11225", "P29_002": "C111222500041", "P29_003": "16002", "P29_004": "入間市立藤沢中学校", "P29_005": "埼玉県入間市下藤沢1263-1", "P29_006": "3", "P29_007": "1", "P29_008": "00", "P29_009": null }, "geometry": { "type": "Point", "coordinates": [ 139.40005131400099, 35.826005337027965 ] } },
{ "type": "Feature", "properties": { "P29_001": "11225", "P29_002": "C111222500050", "P29_003": "16002", "P29_004": "入間市立西武中学校", "P29_005": "埼玉県入間市仏子960-1", "P29_006": "3", "P29_007": "1", "P29_008": "00", "P29_009": null }, "geometry": { "type": "Point", "coordinates": [ 139.360572996656742, 35.837042004038622 ] } },
{ "type": "Feature", "properties": { "P29_001": "11225", "P29_002": "C111222500069", "P29_003": "16002", "P29_004": "入間市立向原中学校", "P29_005": "埼玉県入間市久保稲荷3-34-1", "P29_006": "3", "P29_007": "1", "P29_008": "00", "P29_009": null }, "geometry": { "type": "Point", "coordinates": [ 139.391849004770933, 35.822571997712096 ] } },
{ "type": "Feature", "properties": { "P29_001": "11225", "P29_002": "C111222500078", "P29_003": "16002", "P29_004": "入間市立黒須中学校", "P29_005": "埼玉県入間市鍵山3-13-17", "P29_006": "3", "P29_007": "1", "P29_008": "00", "P29_009": null }, "geometry": { "type": "Point", "coordinates": [ 139.372818564434198, 35.846545467289594 ] } },
{ "type": "Feature", "properties": { "P29_001": "11225", "P29_002": "C111222500087", "P29_003": "16002", "P29_004": "入間市立東金子中学校", "P29_005": "埼玉県入間市小谷田451-1", "P29_006": "3", "P29_007": "1", "P29_008": "00", "P29_009": null }, "geometry": { "type": "Point", "coordinates": [ 139.370434000505185, 35.82268300490577 ] } },
{ "type": "Feature", "properties": { "P29_001": "11225", "P29_002": "C111222500096", "P29_003": "16002", "P29_004": "入間市立上藤沢中学校", "P29_005": "埼玉県入間市上藤沢146-2", "P29_006": "3", "P29_007": "1", "P29_008": "00", "P29_009": null }, "geometry": { "type": "Point", "coordinates": [ 139.396348994240611, 35.810074003317339 ] } },
{ "type": "Feature", "properties": { "P29_001": "11225", "P29_002": "C111222500103", "P29_003": "16002", "P29_004": "入間市立東町中学校", "P29_005": "埼玉県入間市向陽台2-1-22", "P29_006": "3", "P29_007": "1", "P29_008": "00", "P29_009": null }, "geometry": { "type": "Point", "coordinates": [ 139.40171772405418, 35.835101333143079 ] } },
{ "type": "Feature", "properties": { "P29_001": "11225", "P29_002": "C111222500112", "P29_003": "16002", "P29_004": "入間市立野田中学校", "P29_005": "埼玉県入間市野田1741", "P29_006": "3", "P29_007": "1", "P29_008": "00", "P29_009": null }, "geometry": { "type": "Point", "coordinates": [ 139.346851998834524, 35.849984995470869 ] } },
{ "type": "Feature", "properties": { "P29_001": "11227", "P29_002": "C111222700012", "P29_003": "16002", "P29_004": "朝霞市立朝霞第一中学校", "P29_005": "埼玉県朝霞市膝折2-31", "P29_006": "3", "P29_007": "1", "P29_008": "00", "P29_009": null }, "geometry": { "type": "Point", "coordinates": [ 139.590918274857216, 35.791591905988334 ] } },
{ "type": "Feature", "properties": { "P29_001": "11227", "P29_002": "C111222700021", "P29_003": "16002", "P29_004": "朝霞市立朝霞第二中学校", "P29_005": "埼玉県朝霞市岡199", "P29_006": "3", "P29_007": "1", "P29_008": "00", "P29_009": null }, "geometry": { "type": "Point", "coordinates": [ 139.597443023363411, 35.815286223834626 ] } },
{ "type": "Feature", "properties": { "P29_001": "11227", "P29_002": "C111222700030", "P29_003": "16002", "P29_004": "朝霞市立朝霞第三中学校", "P29_005": "埼玉県朝霞市溝沼1043-1", "P29_006": "3", "P29_007": "1", "P29_008": "00", "P29_009": null }, "geometry": { "type": "Point", "coordinates": [ 139.5859440003494, 35.807550999782841 ] } },
{ "type": "Feature", "properties": { "P29_001": "11227", "P29_002": "C111222700049", "P29_003": "16002", "P29_004": "朝霞市立朝霞第四中学校", "P29_005": "埼玉県朝霞市栄町5-1-60", "P29_006": "3", "P29_007": "1", "P29_008": "00", "P29_009": null }, "geometry": { "type": "Point", "coordinates": [ 139.595410104948286, 35.78964065910332 ] } },
{ "type": "Feature", "properties": { "P29_001": "11227", "P29_002": "C111222700058", "P29_003": "16002", "P29_004": "朝霞市立朝霞第五中学校", "P29_005": "埼玉県朝霞市宮戸1580", "P29_006": "3", "P29_007": "1", "P29_008": "00", "P29_009": null }, "geometry": { "type": "Point", "coordinates": [ 139.597025996072716, 35.824881999677565 ] } },
{ "type": "Feature", "properties": { "P29_001": "11228", "P29_002": "C111222800011", "P29_003": "16002", "P29_004": "志木市立志木中学校", "P29_005": "埼玉県志木市柏町3-2-2", "P29_006": "3", "P29_007": "1", "P29_008": "00", "P29_009": null }, "geometry": { "type": "Point", "coordinates": [ 139.569222002729049, 35.834297002892939 ] } },
{ "type": "Feature", "properties": { "P29_001": "11228", "P29_002": "C111222800020", "P29_003": "16002", "P29_004": "志木市立志木第二中学校", "P29_005": "埼玉県志木市館1-3-1", "P29_006": "3", "P29_007": "1", "P29_008": "00", "P29_009": null }, "geometry": { "type": "Point", "coordinates": [ 139.562361994025082, 35.82624300325098 ] } },
{ "type": "Feature", "properties": { "P29_001": "11228", "P29_002": "C111222800039", "P29_003": "16002", "P29_004": "志木市立宗岡中学校", "P29_005": "埼玉県志木市上宗岡1-8-1", "P29_006": "3", "P29_007": "1", "P29_008": "00", "P29_009": null }, "geometry": { "type": "Point", "coordinates": [ 139.578574770015479, 35.842860637363167 ] } },
{ "type": "Feature", "properties": { "P29_001": "11228", "P29_002": "C111222800048", "P29_003": "16002", "P29_004": "志木市立宗岡第二中学校", "P29_005": "埼玉県志木市下宗岡4-1-10", "P29_006": "3", "P29_007": "1", "P29_008": "00", "P29_009": null }, "geometry": { "type": "Point", "coordinates": [ 139.597331001236455, 35.830604000701449 ] } },
{ "type": "Feature", "properties": { "P29_001": "11229", "P29_002": "C111222900010", "P29_003": "16002", "P29_004": "和光市立大和中学校", "P29_005": "埼玉県和光市丸山台2-8-8", "P29_006": "3", "P29_007": "1", "P29_008": "00", "P29_009": null }, "geometry": { "type": "Point", "coordinates": [ 139.618804226634637, 35.785128577509916 ] } },
{ "type": "Feature", "properties": { "P29_001": "11229", "P29_002": "C111222900029", "P29_003": "16002", "P29_004": "和光市立第二中学校", "P29_005": "埼玉県和光市広沢1-4", "P29_006": "3", "P29_007": "1", "P29_008": "00", "P29_009": null }, "geometry": { "type": "Point", "coordinates": [ 139.608184871405626, 35.781919293403 ] } },
{ "type": "Feature", "properties": { "P29_001": "11229", "P29_002": "C111222900038", "P29_003": "16002", "P29_004": "和光市立第三中学校", "P29_005": "埼玉県和光市南2-2-1", "P29_006": "3", "P29_007": "1", "P29_008": "00", "P29_009": null }, "geometry": { "type": "Point", "coordinates": [ 139.614442002788621, 35.77377799774839 ] } },
{ "type": "Feature", "properties": { "P29_001": "11230", "P29_002": "C111223000017", "P29_003": "16002", "P29_004": "新座市立新座中学校", "P29_005": "埼玉県新座市野火止2-4-1", "P29_006": "3", "P29_007": "1", "P29_008": "00", "P29_009": null }, "geometry": { "type": "Point", "coordinates": [ 139.560196996039053, 35.78419200240603 ] } },
{ "type": "Feature", "properties": { "P29_001": "11230", "P29_002": "C111223000026", "P29_003": "16002", "P29_004": "新座市立第二中学校", "P29_005": "埼玉県新座市野火止7-17-10", "P29_006": "3", "P29_007": "1", "P29_008": "00", "P29_009": null }, "geometry": { "type": "Point", "coordinates": [ 139.56900099986882, 35.806967001277286 ] } },
{ "type": "Feature", "properties": { "P29_001": "11230", "P29_002": "C111223000035", "P29_003": "16002", "P29_004": "新座市立第三中学校", "P29_005": "埼玉県新座市池田1-1-1", "P29_006": "3", "P29_007": "1", "P29_008": "00", "P29_009": null }, "geometry": { "type": "Point", "coordinates": [ 139.57324695030897, 35.776567843450273 ] } },
{ "type": "Feature", "properties": { "P29_001": "11230", "P29_002": "C111223000044", "P29_003": "16002", "P29_004": "新座市立第四中学校", "P29_005": "埼玉県新座市大和田4-17-1", "P29_006": "3", "P29_007": "1", "P29_008": "00", "P29_009": null }, "geometry": { "type": "Point", "coordinates": [ 139.553112998510841, 35.818382004303203 ] } },
{ "type": "Feature", "properties": { "P29_001": "11230", "P29_002": "C111223000053", "P29_003": "16002", "P29_004": "新座市立第五中学校", "P29_005": "埼玉県新座市野寺4-8-1", "P29_006": "3", "P29_007": "1", "P29_008": "00", "P29_009": null }, "geometry": { "type": "Point", "coordinates": [ 139.56082822135312, 35.762221686844462 ] } },
{ "type": "Feature", "properties": { "P29_001": "11230", "P29_002": "C111223000062", "P29_003": "16002", "P29_004": "新座市立第六中学校", "P29_005": "埼玉県新座市堀ノ内3-11-1", "P29_006": "3", "P29_007": "1", "P29_008": "00", "P29_009": null }, "geometry": { "type": "Point", "coordinates": [ 139.556206083512023, 35.776603545962139 ] } },
{ "type": "Feature", "properties": { "P29_001": "11231", "P29_002": "C111223100016", "P29_003": "16002", "P29_004": "桶川市立桶川中学校", "P29_005": "埼玉県桶川市泉1-5-10", "P29_006": "3", "P29_007": "1", "P29_008": "00", "P29_009": null }, "geometry": { "type": "Point", "coordinates": [ 139.559373854296069, 36.000829315897178 ] } },
{ "type": "Feature", "properties": { "P29_001": "11231", "P29_002": "C111223100025", "P29_003": "16002", "P29_004": "桶川市立桶川東中学校", "P29_005": "埼玉県桶川市末広3-19-28", "P29_006": "3", "P29_007": "1", "P29_008": "00", "P29_009": null }, "geometry": { "type": "Point", "coordinates": [ 139.571298999417877, 36.009329997587315 ] } },
{ "type": "Feature", "properties": { "P29_001": "11231", "P29_002": "C111223100034", "P29_003": "16002", "P29_004": "桶川市立桶川西中学校", "P29_005": "埼玉県桶川市大字川田谷3680-1", "P29_006": "3", "P29_007": "1", "P29_008": "00", "P29_009": null }, "geometry": { "type": "Point", "coordinates": [ 139.534574961174258, 36.001766999048513 ] } },
{ "type": "Feature", "properties": { "P29_001": "11231", "P29_002": "C111223100043", "P29_003": "16002", "P29_004": "桶川市立加納中学校", "P29_005": "埼玉県桶川市加納1279", "P29_006": "3", "P29_007": "1", "P29_008": "00", "P29_009": null }, "geometry": { "type": "Point", "coordinates": [ 139.572714998945742, 36.022578996108912 ] } },
{ "type": "Feature", "properties": { "P29_001": "11232", "P29_002": "C111223200015", "P29_003": "16002", "P29_004": "久喜市立久喜中学校", "P29_005": "埼玉県久喜市本町4-1-1", "P29_006": "3", "P29_007": "1", "P29_008": "00", "P29_009": null }, "geometry": { "type": "Point", "coordinates": [ 139.665120995523182, 36.068296996783985 ] } },
{ "type": "Feature", "properties": { "P29_001": "11232", "P29_002": "C111223200024", "P29_003": "16002", "P29_004": "久喜市立久喜南中学校", "P29_005": "埼玉県久喜市江面85", "P29_006": "3", "P29_007": "1", "P29_008": "00", "P29_009": null }, "geometry": { "type": "Point", "coordinates": [ 139.662401875684026, 36.065541017239866 ] } },
{ "type": "Feature", "properties": { "P29_001": "11232", "P29_002": "C111223200033", "P29_003": "16002", "P29_004": "久喜市立久喜東中学校", "P29_005": "埼玉県久喜市青葉3-4-1", "P29_006": "3", "P29_007": "1", "P29_008": "00", "P29_009": null }, "geometry": { "type": "Point", "coordinates": [ 139.697867999114152, 36.071574001047743 ] } },
{ "type": "Feature", "properties": { "P29_001": "11232", "P29_002": "C111223200042", "P29_003": "16002", "P29_004": "久喜市立太東中学校", "P29_005": "埼玉県久喜市吉羽2410", "P29_006": "3", "P29_007": "1", "P29_008": "00", "P29_009": null }, "geometry": { "type": "Point", "coordinates": [ 139.701313001020822, 36.061326002577729 ] } },
{ "type": "Feature", "properties": { "P29_001": "11232", "P29_002": "C111223200051", "P29_003": "16002", "P29_004": "久喜市立菖蒲中学校", "P29_005": "埼玉県久喜市菖蒲町上大崎860", "P29_006": "3", "P29_007": "1", "P29_008": "00", "P29_009": null }, "geometry": { "type": "Point", "coordinates": [ 139.603478993910841, 36.05722199656735 ] } },
{ "type": "Feature", "properties": { "P29_001": "11232", "P29_002": "C111223200079", "P29_003": "16002", "P29_004": "久喜市立栗橋東中学校", "P29_005": "埼玉県久喜市栗橋1425", "P29_006": "3", "P29_007": "1", "P29_008": "00", "P29_009": null }, "geometry": { "type": "Point", "coordinates": [ 139.702489926904093, 36.127779163101181 ] } },
{ "type": "Feature", "properties": { "P29_001": "11232", "P29_002": "C111223200088", "P29_003": "16002", "P29_004": "久喜市立栗橋西中学校", "P29_005": "埼玉県久喜市間鎌330-1", "P29_006": "3", "P29_007": "1", "P29_008": "00", "P29_009": null }, "geometry": { "type": "Point", "coordinates": [ 139.695922002432383, 36.12240199833299 ] } },
{ "type": "Feature", "properties": { "P29_001": "11232", "P29_002": "C111223200097", "P29_003": "16002", "P29_004": "久喜市立鷲宮中学校", "P29_005": "埼玉県久喜市鷲宮782", "P29_006": "3", "P29_007": "1", "P29_008": "00", "P29_009": null }, "geometry": { "type": "Point", "coordinates": [ 139.667670536230446, 36.095034920408864 ] } },
{ "type": "Feature", "properties": { "P29_001": "11232", "P29_002": "C111223200104", "P29_003": "16002", "P29_004": "久喜市立鷲宮東中学校", "P29_005": "埼玉県久喜市八甫4-46", "P29_006": "3", "P29_007": "1", "P29_008": "00", "P29_009": null }, "geometry": { "type": "Point", "coordinates": [ 139.68968317814921, 36.101471564071623 ] } },
{ "type": "Feature", "properties": { "P29_001": "11232", "P29_002": "C111223200113", "P29_003": "16002", "P29_004": "久喜市立鷲宮西中学校", "P29_005": "埼玉県久喜市上内1797", "P29_006": "3", "P29_007": "1", "P29_008": "00", "P29_009": null }, "geometry": { "type": "Point", "coordinates": [ 139.656953995019109, 36.090320996113242 ] } },
{ "type": "Feature", "properties": { "P29_001": "11233", "P29_002": "C111223300014", "P29_003": "16002", "P29_004": "北本市立北本中学校", "P29_005": "埼玉県北本市本町1-1-1", "P29_006": "3", "P29_007": "1", "P29_008": "00", "P29_009": null }, "geometry": { "type": "Point", "coordinates": [ 139.528793032666982, 36.028937122575485 ] } },
{ "type": "Feature", "properties": { "P29_001": "11233", "P29_002": "C111223300023", "P29_003": "16002", "P29_004": "北本市立東中学校", "P29_005": "埼玉県北本市山中2-128", "P29_006": "3", "P29_007": "1", "P29_008": "00", "P29_009": null }, "geometry": { "type": "Point", "coordinates": [ 139.548190001910058, 36.033354003527165 ] } },
{ "type": "Feature", "properties": { "P29_001": "11233", "P29_002": "C111223300032", "P29_003": "16002", "P29_004": "北本市立西中学校", "P29_005": "埼玉県北本市北本市石戸9-210", "P29_006": "3", "P29_007": "1", "P29_008": "00", "P29_009": null }, "geometry": { "type": "Point", "coordinates": [ 139.519688346476869, 36.014491029136593 ] } },
{ "type": "Feature", "properties": { "P29_001": "11233", "P29_002": "C111223300041", "P29_003": "16002", "P29_004": "北本市立宮内中学校", "P29_005": "埼玉県北本市宮内4-322", "P29_006": "3", "P29_007": "1", "P29_008": "00", "P29_009": null }, "geometry": { "type": "Point", "coordinates": [ 139.541244998901277, 36.047547001747041 ] } },
{ "type": "Feature", "properties": { "P29_001": "11234", "P29_002": "C111223400013", "P29_003": "16002", "P29_004": "八潮市立八潮中学校", "P29_005": "埼玉県八潮市中央1-1-2", "P29_006": "3", "P29_007": "1", "P29_008": "00", "P29_009": null }, "geometry": { "type": "Point", "coordinates": [ 139.837278365326284, 35.823261677469745 ] } },
{ "type": "Feature", "properties": { "P29_001": "11234", "P29_002": "C111223400022", "P29_003": "16002", "P29_004": "八潮市立大原中学校", "P29_005": "埼玉県八潮市八潮5-9-1", "P29_006": "3", "P29_007": "1", "P29_008": "00", "P29_009": null }, "geometry": { "type": "Point", "coordinates": [ 139.8375610017263, 35.80941799970303 ] } },
{ "type": "Feature", "properties": { "P29_001": "11234", "P29_002": "C111223400031", "P29_003": "16002", "P29_004": "八潮市立八條中学校", "P29_005": "埼玉県八潮市八條555", "P29_006": "3", "P29_007": "1", "P29_008": "00", "P29_009": null }, "geometry": { "type": "Point", "coordinates": [ 139.832008944787759, 35.854399703503312 ] } },
{ "type": "Feature", "properties": { "P29_001": "11234", "P29_002": "C111223400040", "P29_003": "16002", "P29_004": "八潮市立八幡中学校", "P29_005": "埼玉県八潮市緑町4-19-1", "P29_006": "3", "P29_007": "1", "P29_008": "00", "P29_009": null }, "geometry": { "type": "Point", "coordinates": [ 139.828674561867217, 35.822582601808207 ] } },
{ "type": "Feature", "properties": { "P29_001": "11234", "P29_002": "C111223400059", "P29_003": "16002", "P29_004": "八潮市立潮止中学校", "P29_005": "埼玉県八潮市大字古新田530", "P29_006": "3", "P29_007": "1", "P29_008": "00", "P29_009": null }, "geometry": { "type": "Point", "coordinates": [ 139.845782999208495, 35.800474995671493 ] } },
{ "type": "Feature", "properties": { "P29_001": "11235", "P29_002": "C111223500012", "P29_003": "16002", "P29_004": "富士見市立富士見台中学校", "P29_005": "埼玉県富士見市諏訪2-8-1", "P29_006": "3", "P29_007": "1", "P29_008": "00", "P29_009": null }, "geometry": { "type": "Point", "coordinates": [ 139.550568776300622, 35.850905072733667 ] } },
{ "type": "Feature", "properties": { "P29_001": "11235", "P29_002": "C111223500021", "P29_003": "16002", "P29_004": "富士見市立本郷中学校", "P29_005": "埼玉県富士見市水子539", "P29_006": "3", "P29_007": "1", "P29_008": "00", "P29_009": null }, "geometry": { "type": "Point", "coordinates": [ 139.558697424880819, 35.849484305662543 ] } },
{ "type": "Feature", "properties": { "P29_001": "11235", "P29_002": "C111223500030", "P29_003": "16002", "P29_004": "富士見市立東中学校", "P29_005": "埼玉県富士見市上南畑980", "P29_006": "3", "P29_007": "1", "P29_008": "00", "P29_009": null }, "geometry": { "type": "Point", "coordinates": [ 139.561879476082595, 35.863626758828168 ] } },
{ "type": "Feature", "properties": { "P29_001": "11324", "P29_002": "C111223500049", "P29_003": "16002", "P29_004": "富士見市立西中学校", "P29_005": "埼玉県富士見市西みずほ台3-14-6", "P29_006": "3", "P29_007": "1", "P29_008": "00", "P29_009": null }, "geometry": { "type": "Point", "coordinates": [ 139.543950691154635, 35.834864432279439 ] } },
{ "type": "Feature", "properties": { "P29_001": "11235", "P29_002": "C111223500058", "P29_003": "16002", "P29_004": "富士見市立勝瀬中学校", "P29_005": "埼玉県富士見市勝瀬400-1", "P29_006": "3", "P29_007": "1", "P29_008": "00", "P29_009": null }, "geometry": { "type": "Point", "coordinates": [ 139.542413183566083, 35.866730442951834 ] } },
{ "type": "Feature", "properties": { "P29_001": "11235", "P29_002": "C111223500067", "P29_003": "16002", "P29_004": "富士見市立水谷中学校", "P29_005": "埼玉県富士見市水子3117", "P29_006": "3", "P29_007": "1", "P29_008": "00", "P29_009": null }, "geometry": { "type": "Point", "coordinates": [ 139.569627331291741, 35.839804220659133 ] } },
{ "type": "Feature", "properties": { "P29_001": "11237", "P29_002": "C111223700010", "P29_003": "16002", "P29_004": "三郷市立南中学校", "P29_005": "埼玉県三郷市鷹野3-356", "P29_006": "3", "P29_007": "1", "P29_008": "00", "P29_009": null }, "geometry": { "type": "Point", "coordinates": [ 139.879487926217109, 35.805743472771574 ] } },
{ "type": "Feature", "properties": { "P29_001": "11237", "P29_002": "C111223700029", "P29_003": "16002", "P29_004": "三郷市立北中学校", "P29_005": "埼玉県三郷市泉2-13-1", "P29_006": "3", "P29_007": "1", "P29_008": "00", "P29_009": null }, "geometry": { "type": "Point", "coordinates": [ 139.863097003919449, 35.84289700140485 ] } },
{ "type": "Feature", "properties": { "P29_001": "11237", "P29_002": "C111223700038", "P29_003": "16002", "P29_004": "三郷市立栄中学校", "P29_005": "埼玉県三郷市栄4-325", "P29_006": "3", "P29_007": "1", "P29_008": "00", "P29_009": null }, "geometry": { "type": "Point", "coordinates": [ 139.877851266568115, 35.815815977600742 ] } },
{ "type": "Feature", "properties": { "P29_001": "11237", "P29_002": "C111223700047", "P29_003": "16002", "P29_004": "三郷市立彦成中学校", "P29_005": "埼玉県三郷市彦成4-1-19", "P29_006": "3", "P29_007": "1", "P29_008": "00", "P29_009": null }, "geometry": { "type": "Point", "coordinates": [ 139.8692338470876, 35.85515366996448 ] } },
{ "type": "Feature", "properties": { "P29_001": "11237", "P29_002": "C111223700056", "P29_003": "16002", "P29_004": "三郷市立彦糸中学校", "P29_005": "埼玉県三郷市彦成3-14-4", "P29_006": "3", "P29_007": "1", "P29_008": "00", "P29_009": null }, "geometry": { "type": "Point", "coordinates": [ 139.851361551432632, 35.861342846929226 ] } },
{ "type": "Feature", "properties": { "P29_001": "11237", "P29_002": "C111223700065", "P29_003": "16002", "P29_004": "三郷市立前川中学校", "P29_005": "埼玉県三郷市栄5-141", "P29_006": "3", "P29_007": "1", "P29_008": "00", "P29_009": null }, "geometry": { "type": "Point", "coordinates": [ 139.873280998977663, 35.80716799715961 ] } },
{ "type": "Feature", "properties": { "P29_001": "11237", "P29_002": "C111223700074", "P29_003": "16002", "P29_004": "三郷市立早稲田中学校", "P29_005": "埼玉県三郷市彦成5-56", "P29_006": "3", "P29_007": "1", "P29_008": "00", "P29_009": null }, "geometry": { "type": "Point", "coordinates": [ 139.875305997573491, 35.857494997454566 ] } },
{ "type": "Feature", "properties": { "P29_001": "11237", "P29_002": "C111223700083", "P29_003": "16002", "P29_004": "三郷市立瑞穂中学校", "P29_005": "埼玉県三郷市大広戸1001", "P29_006": "3", "P29_007": "1", "P29_008": "00", "P29_009": null }, "geometry": { "type": "Point", "coordinates": [ 139.873330136349125, 35.850480339206932 ] } },
{ "type": "Feature", "properties": { "P29_001": "11238", "P29_002": "C111223800019", "P29_003": "16002", "P29_004": "蓮田市立蓮田中学校", "P29_005": "埼玉県蓮田市閏戸147-1", "P29_006": "3", "P29_007": "1", "P29_008": "00", "P29_009": null }, "geometry": { "type": "Point", "coordinates": [ 139.647396157841456, 35.991188026895962 ] } },
{ "type": "Feature", "properties": { "P29_001": "11238", "P29_002": "C111223800028", "P29_003": "16002", "P29_004": "蓮田市立平野中学校", "P29_005": "埼玉県蓮田市井沼932", "P29_006": "3", "P29_007": "1", "P29_008": "00", "P29_009": null }, "geometry": { "type": "Point", "coordinates": [ 139.622720625102346, 36.026110490631041 ] } },
{ "type": "Feature", "properties": { "P29_001": "11238", "P29_002": "C111223800037", "P29_003": "16002", "P29_004": "蓮田市立黒浜中学校", "P29_005": "埼玉県蓮田市黒浜4748", "P29_006": "3", "P29_007": "1", "P29_008": "00", "P29_009": null }, "geometry": { "type": "Point", "coordinates": [ 139.675567996009221, 35.992168003345455 ] } },
{ "type": "Feature", "properties": { "P29_001": "11238", "P29_002": "C111223800046", "P29_003": "16002", "P29_004": "蓮田市立蓮田南中学校", "P29_005": "埼玉県蓮田市蓮田1519", "P29_006": "3", "P29_007": "1", "P29_008": "00", "P29_009": null }, "geometry": { "type": "Point", "coordinates": [ 139.649471292478722, 35.968895386891163 ] } },
{ "type": "Feature", "properties": { "P29_001": "11238", "P29_002": "C111223800055", "P29_003": "16002", "P29_004": "蓮田市立黒浜西中学校", "P29_005": "埼玉県蓮田市大字黒浜3862", "P29_006": "3", "P29_007": "1", "P29_008": "00", "P29_009": null }, "geometry": { "type": "Point", "coordinates": [ 139.663589312776963, 36.004313722156631 ] } },
{ "type": "Feature", "properties": { "P29_001": "11239", "P29_002": "C111223900018", "P29_003": "16002", "P29_004": "坂戸市立坂戸中学校", "P29_005": "埼玉県坂戸市千代田1-3-1", "P29_006": "3", "P29_007": "1", "P29_008": "00", "P29_009": null }, "geometry": { "type": "Point", "coordinates": [ 139.402819999417403, 35.955858001576161 ] } },
{ "type": "Feature", "properties": { "P29_001": "11239", "P29_002": "C111223900027", "P29_003": "16002", "P29_004": "坂戸市立住吉中学校", "P29_005": "埼玉県坂戸市大字塚越114-1", "P29_006": "3", "P29_007": "1", "P29_008": "00", "P29_009": null }, "geometry": { "type": "Point", "coordinates": [ 139.428719070975575, 35.966910061242942 ] } },
{ "type": "Feature", "properties": { "P29_001": "11239", "P29_002": "C111223900036", "P29_003": "16002", "P29_004": "坂戸市立若宮中学校", "P29_005": "埼玉県坂戸市成願寺327-2", "P29_006": "3", "P29_007": "1", "P29_008": "00", "P29_009": null }, "geometry": { "type": "Point", "coordinates": [ 139.366351996382917, 35.955218997511743 ] } },
{ "type": "Feature", "properties": { "P29_001": "11239", "P29_002": "C111223900045", "P29_003": "16002", "P29_004": "坂戸市立城山中学校", "P29_005": "埼玉県坂戸市大字多和目788", "P29_006": "3", "P29_007": "1", "P29_008": "00", "P29_009": null }, "geometry": { "type": "Point", "coordinates": [ 139.336521002140529, 35.924777997276884 ] } },
{ "type": "Feature", "properties": { "P29_001": "11239", "P29_002": "C111223900054", "P29_003": "16002", "P29_004": "坂戸市立千代田中学校", "P29_005": "埼玉県坂戸市千代田4-3-1", "P29_006": "3", "P29_007": "1", "P29_008": "00", "P29_009": null }, "geometry": { "type": "Point", "coordinates": [ 139.409622775764376, 35.957831442620495 ] } },
{ "type": "Feature", "properties": { "P29_001": "11239", "P29_002": "C111223900063", "P29_003": "16002", "P29_004": "坂戸市立浅羽野中学校", "P29_005": "埼玉県坂戸市浅羽753-1", "P29_006": "3", "P29_007": "1", "P29_008": "00", "P29_009": null }, "geometry": { "type": "Point", "coordinates": [ 139.3812109969208, 35.956941004039052 ] } },
{ "type": "Feature", "properties": { "P29_001": "11239", "P29_002": "C111223900072", "P29_003": "16002", "P29_004": "坂戸市立桜中学校", "P29_005": "埼玉県坂戸市泉町3-25-8", "P29_006": "3", "P29_007": "1", "P29_008": "00", "P29_009": null }, "geometry": { "type": "Point", "coordinates": [ 139.387791700334162, 35.971321440046417 ] } },
{ "type": "Feature", "properties": { "P29_001": "11240", "P29_002": "C111224000015", "P29_003": "16002", "P29_004": "幸手市立幸手中学校", "P29_005": "埼玉県幸手市北1-7-4", "P29_006": "3", "P29_007": "1", "P29_008": "00", "P29_009": null }, "geometry": { "type": "Point", "coordinates": [ 139.718398463375166, 36.082632869443493 ] } },
{ "type": "Feature", "properties": { "P29_001": "11240", "P29_002": "C111224000024", "P29_003": "16002", "P29_004": "幸手市立東中学校", "P29_005": "埼玉県幸手市平須賀2912-3", "P29_006": "3", "P29_007": "1", "P29_008": "00", "P29_009": null }, "geometry": { "type": "Point", "coordinates": [ 139.753416328896861, 36.07003619301657 ] } },
{ "type": "Feature", "properties": { "P29_001": "11240", "P29_002": "C111224000033", "P29_003": "16002", "P29_004": "幸手市立西中学校", "P29_005": "埼玉県幸手市下川崎387", "P29_006": "3", "P29_007": "1", "P29_008": "00", "P29_009": null }, "geometry": { "type": "Point", "coordinates": [ 139.70964499492581, 36.082323995298111 ] } },
{ "type": "Feature", "properties": { "P29_001": "11241", "P29_002": "C111224100014", "P29_003": "16002", "P29_004": "鶴ヶ島市立鶴ヶ島中学校", "P29_005": "埼玉県鶴ヶ島市脚折1868-5", "P29_006": "3", "P29_007": "1", "P29_008": "00", "P29_009": null }, "geometry": { "type": "Point", "coordinates": [ 139.38694377027258, 35.936084105619891 ] } },
{ "type": "Feature", "properties": { "P29_001": "11241", "P29_002": "C111224100023", "P29_003": "16002", "P29_004": "鶴ヶ島市立藤中学校", "P29_005": "埼玉県鶴ヶ島市藤金272-1", "P29_006": "3", "P29_007": "1", "P29_008": "00", "P29_009": null }, "geometry": { "type": "Point", "coordinates": [ 139.40895337061653, 35.942231974083846 ] } },
{ "type": "Feature", "properties": { "P29_001": "11241", "P29_002": "C111224100032", "P29_003": "16002", "P29_004": "鶴ヶ島市立富士見中学校", "P29_005": "埼玉県鶴ヶ島市富士見2-36-1", "P29_006": "3", "P29_007": "1", "P29_008": "00", "P29_009": null }, "geometry": { "type": "Point", "coordinates": [ 139.414568002365399, 35.948803997468289 ] } },
{ "type": "Feature", "properties": { "P29_001": "11241", "P29_002": "C111224100041", "P29_003": "16002", "P29_004": "鶴ヶ島市立西中学校", "P29_005": "埼玉県鶴ヶ島市下新田266", "P29_006": "3", "P29_007": "1", "P29_008": "00", "P29_009": null }, "geometry": { "type": "Point", "coordinates": [ 139.376130477972254, 35.939869494674547 ] } },
{ "type": "Feature", "properties": { "P29_001": "11241", "P29_002": "C111224100050", "P29_003": "16002", "P29_004": "鶴ヶ島市立南中学校", "P29_005": "埼玉県鶴ヶ島市南町1-27-1", "P29_006": "3", "P29_007": "1", "P29_008": "00", "P29_009": null }, "geometry": { "type": "Point", "coordinates": [ 139.405484001233305, 35.924696995975594 ] } },
{ "type": "Feature", "properties": { "P29_001": "11242", "P29_002": "C111224200013", "P29_003": "16002", "P29_004": "日高市立高麗中学校", "P29_005": "埼玉県日高市梅原350", "P29_006": "3", "P29_007": "1", "P29_008": "00", "P29_009": null }, "geometry": { "type": "Point", "coordinates": [ 139.320716949997461, 35.883749883711914 ] } },
{ "type": "Feature", "properties": { "P29_001": "11242", "P29_002": "C111224200022", "P29_003": "16002", "P29_004": "日高市立高麗川中学校", "P29_005": "埼玉県日高市原宿49", "P29_006": "3", "P29_007": "1", "P29_008": "00", "P29_009": null }, "geometry": { "type": "Point", "coordinates": [ 139.339740003834208, 35.903671000251265 ] } },
{ "type": "Feature", "properties": { "P29_001": "11242", "P29_002": "C111224200031", "P29_003": "16002", "P29_004": "日高市立高萩中学校", "P29_005": "埼玉県日高市高萩792-1", "P29_006": "3", "P29_007": "1", "P29_008": "00", "P29_009": null }, "geometry": { "type": "Point", "coordinates": [ 139.373168794511685, 35.897053233920808 ] } },
{ "type": "Feature", "properties": { "P29_001": "11242", "P29_002": "C111224200040", "P29_003": "16002", "P29_004": "日高市立高根中学校", "P29_005": "埼玉県日高市女影1180", "P29_006": "3", "P29_007": "1", "P29_008": "00", "P29_009": null }, "geometry": { "type": "Point", "coordinates": [ 139.351233490359135, 35.887890903972078 ] } },
{ "type": "Feature", "properties": { "P29_001": "11242", "P29_002": "C111224200059", "P29_003": "16002", "P29_004": "日高市立高萩北中学校", "P29_005": "埼玉県日高市旭ケ丘181-1", "P29_006": "3", "P29_007": "1", "P29_008": "00", "P29_009": null }, "geometry": { "type": "Point", "coordinates": [ 139.36204399661051, 35.915391998347062 ] } },
{ "type": "Feature", "properties": { "P29_001": "11243", "P29_002": "C111224300012", "P29_003": "16002", "P29_004": "吉川市立東中学校", "P29_005": "埼玉県吉川市上笹塚3-104-1", "P29_006": "3", "P29_007": "1", "P29_008": "00", "P29_009": null }, "geometry": { "type": "Point", "coordinates": [ 139.865194248878481, 35.904306433357881 ] } },
{ "type": "Feature", "properties": { "P29_001": "11243", "P29_002": "C111224300021", "P29_003": "16002", "P29_004": "吉川市立南中学校", "P29_005": "埼玉県吉川市保672", "P29_006": "3", "P29_007": "1", "P29_008": "00", "P29_009": null }, "geometry": { "type": "Point", "coordinates": [ 139.852002001179443, 35.882631000651479 ] } },
{ "type": "Feature", "properties": { "P29_001": "11243", "P29_002": "C111224300030", "P29_003": "16002", "P29_004": "吉川市立中央中学校", "P29_005": "埼玉県吉川市中央2-21-1", "P29_006": "3", "P29_007": "1", "P29_008": "00", "P29_009": null }, "geometry": { "type": "Point", "coordinates": [ 139.851918004720602, 35.890268995240461 ] } },
{ "type": "Feature", "properties": { "P29_001": "11243", "P29_002": "C111224300049", "P29_003": "16002", "P29_004": "吉川市立吉川中学校", "P29_005": "埼玉県吉川市美南5-17-1", "P29_006": "3", "P29_007": "1", "P29_008": "00", "P29_009": null }, "geometry": { "type": "Point", "coordinates": [ 139.849749868362636, 35.868911937301384 ] } },
{ "type": "Feature", "properties": { "P29_001": "11245", "P29_002": "C111224500010", "P29_003": "16002", "P29_004": "ふじみ野市立福岡中学校", "P29_005": "埼玉県ふじみ野市上野台3-3-1", "P29_006": "3", "P29_007": "1", "P29_008": "00", "P29_009": null }, "geometry": { "type": "Point", "coordinates": [ 139.521884992566015, 35.875444922609411 ] } },
{ "type": "Feature", "properties": { "P29_001": "11245", "P29_002": "C111224500029", "P29_003": "16002", "P29_004": "ふじみ野市立葦原中学校", "P29_005": "埼玉県ふじみ野市川崎310", "P29_006": "3", "P29_007": "1", "P29_008": "00", "P29_009": null }, "geometry": { "type": "Point", "coordinates": [ 139.516821784196594, 35.887941957281498 ] } },
{ "type": "Feature", "properties": { "P29_001": "11245", "P29_002": "C111224500038", "P29_003": "16002", "P29_004": "ふじみ野市立花の木中学校", "P29_005": "埼玉県ふじみ野市中福岡213-1", "P29_006": "3", "P29_007": "1", "P29_008": "00", "P29_009": null }, "geometry": { "type": "Point", "coordinates": [ 139.53532216202629, 35.87711933695055 ] } },
{ "type": "Feature", "properties": { "P29_001": "11245", "P29_002": "C111224500047", "P29_003": "16002", "P29_004": "ふじみ野市立大井中学校", "P29_005": "埼玉県ふじみ野市苗間24-1", "P29_006": "3", "P29_007": "1", "P29_008": "00", "P29_009": null }, "geometry": { "type": "Point", "coordinates": [ 139.512365002689023, 35.852905000085173 ] } },
{ "type": "Feature", "properties": { "P29_001": "11245", "P29_002": "C111224500056", "P29_003": "16002", "P29_004": "ふじみ野市立大井西中学校", "P29_005": "埼玉県ふじみ野市大井武蔵野408-1", "P29_006": "3", "P29_007": "1", "P29_008": "00", "P29_009": null }, "geometry": { "type": "Point", "coordinates": [ 139.493595914101462, 35.854218016065936 ] } },
{ "type": "Feature", "properties": { "P29_001": "11245", "P29_002": "C111224500065", "P29_003": "16002", "P29_004": "ふじみ野市立大井東中学校", "P29_005": "埼玉県ふじみ野市ふじみ野3-2-1", "P29_006": "3", "P29_007": "1", "P29_008": "00", "P29_009": null }, "geometry": { "type": "Point", "coordinates": [ 139.515733077578602, 35.860999074722933 ] } },
{ "type": "Feature", "properties": { "P29_001": "11246", "P29_002": "C111224600019", "P29_003": "16002", "P29_004": "白岡市立篠津中学校", "P29_005": "埼玉県白岡市篠津2617", "P29_006": "3", "P29_007": "1", "P29_008": "00", "P29_009": null }, "geometry": { "type": "Point", "coordinates": [ 139.665139128948852, 36.028198771182588 ] } },
{ "type": "Feature", "properties": { "P29_001": "11246", "P29_002": "C111224600028", "P29_003": "16002", "P29_004": "白岡市立菁莪中学校", "P29_005": "埼玉県白岡市下野田927", "P29_006": "3", "P29_007": "1", "P29_008": "00", "P29_009": null }, "geometry": { "type": "Point", "coordinates": [ 139.691474964610535, 36.014810220488151 ] } },
{ "type": "Feature", "properties": { "P29_001": "11246", "P29_002": "C111224600037", "P29_003": "16002", "P29_004": "白岡市立南中学校", "P29_005": "埼玉県白岡市千駄野356-1", "P29_006": "3", "P29_007": "1", "P29_008": "00", "P29_009": null }, "geometry": { "type": "Point", "coordinates": [ 139.677760994912035, 36.015608996340319 ] } },
{ "type": "Feature", "properties": { "P29_001": "11246", "P29_002": "C111224600046", "P29_003": "16002", "P29_004": "白岡市立白岡中学校", "P29_005": "埼玉県白岡市白岡1647-1", "P29_006": "3", "P29_007": "1", "P29_008": "00", "P29_009": null }, "geometry": { "type": "Point", "coordinates": [ 139.663613625926786, 36.023798336399913 ] } },
{ "type": "Feature", "properties": { "P29_001": "11301", "P29_002": "C111230100011", "P29_003": "16002", "P29_004": "伊奈町立伊奈中学校", "P29_005": "埼玉県北足立郡伊奈町小室5166", "P29_006": "3", "P29_007": "1", "P29_008": "00", "P29_009": null }, "geometry": { "type": "Point", "coordinates": [ 139.622933581679661, 35.997568189503546 ] } },
{ "type": "Feature", "properties": { "P29_001": "11301", "P29_002": "C111230100020", "P29_003": "16002", "P29_004": "伊奈町立小針中学校", "P29_005": "埼玉県北足立郡伊奈町学園2-207", "P29_006": "3", "P29_007": "1", "P29_008": "00", "P29_009": null }, "geometry": { "type": "Point", "coordinates": [ 139.61526099636464, 36.009683004820594 ] } },
{ "type": "Feature", "properties": { "P29_001": "11301", "P29_002": "C111230100039", "P29_003": "16002", "P29_004": "伊奈町立南中学校", "P29_005": "埼玉県北足立郡伊奈町小室3001", "P29_006": "3", "P29_007": "1", "P29_008": "00", "P29_009": null }, "geometry": { "type": "Point", "coordinates": [ 139.632545997395084, 35.983027001746784 ] } },
{ "type": "Feature", "properties": { "P29_001": "11301", "P29_002": "C111230100048", "P29_003": "16002", "P29_004": "埼玉県立伊奈学園中学校", "P29_005": "埼玉県北足立郡伊奈町学園4-1-1", "P29_006": "2", "P29_007": "1", "P29_008": "00", "P29_009": null }, "geometry": { "type": "Point", "coordinates": [ 139.611881950714263, 36.013303172330509 ] } },
{ "type": "Feature", "properties": { "P29_001": "11324", "P29_002": "C111232400014", "P29_003": "16002", "P29_004": "三芳町立三芳中学校", "P29_005": "埼玉県入間郡三芳町北永井350", "P29_006": "3", "P29_007": "1", "P29_008": "00", "P29_009": null }, "geometry": { "type": "Point", "coordinates": [ 139.514876755970022, 35.830251950576184 ] } },
{ "type": "Feature", "properties": { "P29_001": "11324", "P29_002": "C111232400023", "P29_003": "16002", "P29_004": "三芳町立三芳東中学校", "P29_005": "埼玉県入間郡三芳町藤久保610-1", "P29_006": "3", "P29_007": "1", "P29_008": "00", "P29_009": null }, "geometry": { "type": "Point", "coordinates": [ 139.538252997861434, 35.831852003255918 ] } },
{ "type": "Feature", "properties": { "P29_001": "11324", "P29_002": "C111232400032", "P29_003": "16002", "P29_004": "三芳町立藤久保中学校", "P29_005": "埼玉県入間郡三芳町藤久保420-2", "P29_006": "3", "P29_007": "1", "P29_008": "00", "P29_009": null }, "geometry": { "type": "Point", "coordinates": [ 139.539642778535125, 35.834686896297647 ] } },
{ "type": "Feature", "properties": { "P29_001": "11326", "P29_002": "C111232600012", "P29_003": "16002", "P29_004": "毛呂山町立毛呂山中学校", "P29_005": "埼玉県入間郡毛呂山町岩井西4-12-1", "P29_006": "3", "P29_007": "1", "P29_008": "00", "P29_009": null }, "geometry": { "type": "Point", "coordinates": [ 139.312156002813737, 35.940277996498097 ] } },
{ "type": "Feature", "properties": { "P29_001": "11326", "P29_002": "C111232600021", "P29_003": "16002", "P29_004": "毛呂山町立川角中学校", "P29_005": "埼玉県入間郡毛呂山町川角264-1", "P29_006": "3", "P29_007": "1", "P29_008": "00", "P29_009": null }, "geometry": { "type": "Point", "coordinates": [ 139.337481039799542, 35.943812906943236 ] } },
{ "type": "Feature", "properties": { "P29_001": "11327", "P29_002": "C111232700011", "P29_003": "16002", "P29_004": "越生町立越生中学校", "P29_005": "埼玉県入間郡越生町成瀬618", "P29_006": "3", "P29_007": "1", "P29_008": "00", "P29_009": null }, "geometry": { "type": "Point", "coordinates": [ 139.281482284795402, 35.977280263945275 ] } },
{ "type": "Feature", "properties": { "P29_001": "11341", "P29_002": "C111234100013", "P29_003": "16002", "P29_004": "滑川町立滑川中学校", "P29_005": "埼玉県比企郡滑川町福田700", "P29_006": "3", "P29_007": "1", "P29_008": "00", "P29_009": null }, "geometry": { "type": "Point", "coordinates": [ 139.360376297031024, 36.068408562624548 ] } },
{ "type": "Feature", "properties": { "P29_001": "11342", "P29_002": "C111234200012", "P29_003": "16002", "P29_004": "嵐山町立菅谷中学校", "P29_005": "埼玉県比企郡嵐山町菅谷649", "P29_006": "3", "P29_007": "1", "P29_008": "00", "P29_009": null }, "geometry": { "type": "Point", "coordinates": [ 139.324770340293526, 36.038907348682379 ] } },
{ "type": "Feature", "properties": { "P29_001": "11342", "P29_002": "C111234200021", "P29_003": "16002", "P29_004": "嵐山町立玉ノ岡中学校", "P29_005": "埼玉県比企郡嵐山町大字杉山610", "P29_006": "3", "P29_007": "1", "P29_008": "00", "P29_009": null }, "geometry": { "type": "Point", "coordinates": [ 139.314879000271958, 36.061900000648592 ] } },
{ "type": "Feature", "properties": { "P29_001": "11343", "P29_002": "C111234300011", "P29_003": "16002", "P29_004": "小川町立東中学校", "P29_005": "埼玉県比企郡小川町小川1767-1", "P29_006": "3", "P29_007": "1", "P29_008": "00", "P29_009": null }, "geometry": { "type": "Point", "coordinates": [ 139.283521489837426, 36.054826930701168 ] } },
{ "type": "Feature", "properties": { "P29_001": "11343", "P29_002": "C111234300020", "P29_003": "16002", "P29_004": "小川町立西中学校", "P29_005": "埼玉県比企郡小川町増尾250", "P29_006": "3", "P29_007": "1", "P29_008": "00", "P29_009": null }, "geometry": { "type": "Point", "coordinates": [ 139.245061102851537, 36.055725297677256 ] } },
{ "type": "Feature", "properties": { "P29_001": "11343", "P29_002": "C111234300039", "P29_003": "16002", "P29_004": "小川町立欅台中学校", "P29_005": "埼玉県比企郡小川町角山1192", "P29_006": "3", "P29_007": "1", "P29_008": "00", "P29_009": null }, "geometry": { "type": "Point", "coordinates": [ 139.258555622315356, 36.067027310650623 ] } },
{ "type": "Feature", "properties": { "P29_001": "11346", "P29_002": "C111234600018", "P29_003": "16002", "P29_004": "川島町立川島中学校", "P29_005": "埼玉県比企郡川島町白井沼230", "P29_006": "3", "P29_007": "1", "P29_008": "00", "P29_009": null }, "geometry": { "type": "Point", "coordinates": [ 139.488202791436919, 35.986260437828697 ] } },
{ "type": "Feature", "properties": { "P29_001": "11346", "P29_002": "C111234600027", "P29_003": "16002", "P29_004": "川島町立西中学校", "P29_005": "埼玉県比企郡川島町中山270-1", "P29_006": "3", "P29_007": "1", "P29_008": "00", "P29_009": null }, "geometry": { "type": "Point", "coordinates": [ 139.460089002610374, 35.983133995308513 ] } },
{ "type": "Feature", "properties": { "P29_001": "11347", "P29_002": "C111234700017", "P29_003": "16002", "P29_004": "吉見町立吉見中学校", "P29_005": "埼玉県比企郡吉見町下細谷1", "P29_006": "3", "P29_007": "1", "P29_008": "00", "P29_009": null }, "geometry": { "type": "Point", "coordinates": [ 139.448699994020785, 36.046960001523686 ] } },
{ "type": "Feature", "properties": { "P29_001": "11348", "P29_002": "C111234800016", "P29_003": "16002", "P29_004": "鳩山町立鳩山中学校", "P29_005": "埼玉県比企郡鳩山町大字熊井2024-1", "P29_006": "3", "P29_007": "1", "P29_008": "00", "P29_009": null }, "geometry": { "type": "Point", "coordinates": [ 139.334230123306128, 35.984365678668979 ] } },
{ "type": "Feature", "properties": { "P29_001": "11349", "P29_002": "C111234900015", "P29_003": "16002", "P29_004": "ときがわ町立都幾川中学校", "P29_005": "埼玉県比企郡ときがわ町桃木50", "P29_006": "3", "P29_007": "1", "P29_008": "00", "P29_009": null }, "geometry": { "type": "Point", "coordinates": [ 139.26999600229064, 36.004766001250346 ] } },
{ "type": "Feature", "properties": { "P29_001": "11349", "P29_002": "C111234900024", "P29_003": "16002", "P29_004": "ときがわ町立玉川中学校", "P29_005": "埼玉県比企郡ときがわ町玉川1385-2", "P29_006": "3", "P29_007": "1", "P29_008": "00", "P29_009": null }, "geometry": { "type": "Point", "coordinates": [ 139.29947546175822, 36.009914566779841 ] } },
{ "type": "Feature", "properties": { "P29_001": "11361", "P29_002": "C111236100018", "P29_003": "16002", "P29_004": "横瀬町立横瀬中学校", "P29_005": "埼玉県秩父郡横瀬町大字横瀬4658", "P29_006": "3", "P29_007": "1", "P29_008": "00", "P29_009": null }, "geometry": { "type": "Point", "coordinates": [ 139.099039005680282, 35.992181997828197 ] } },
{ "type": "Feature", "properties": { "P29_001": "11362", "P29_002": "C111236200017", "P29_003": "16002", "P29_004": "皆野町立皆野中学校", "P29_005": "埼玉県秩父郡皆野町大字皆野2244-2", "P29_006": "3", "P29_007": "1", "P29_008": "00", "P29_009": null }, "geometry": { "type": "Point", "coordinates": [ 139.099191039361529, 36.078989742065964 ] } },
{ "type": "Feature", "properties": { "P29_001": "11363", "P29_002": "C111236300016", "P29_003": "16002", "P29_004": "長瀞町立長瀞中学校", "P29_005": "埼玉県秩父郡長瀞町本野上1035-1", "P29_006": "3", "P29_007": "1", "P29_008": "00", "P29_009": null }, "geometry": { "type": "Point", "coordinates": [ 139.109671998568217, 36.11438899907666 ] } },
{ "type": "Feature", "properties": { "P29_001": "11365", "P29_002": "C111236500014", "P29_003": "16002", "P29_004": "小鹿野町立小鹿野中学校", "P29_005": "埼玉県秩父郡小鹿野町小鹿野146", "P29_006": "3", "P29_007": "1", "P29_008": "00", "P29_009": null }, "geometry": { "type": "Point", "coordinates": [ 139.005470230958366, 36.017483103194465 ] } },
{ "type": "Feature", "properties": { "P29_001": "11369", "P29_002": "C111236900010", "P29_003": "16002", "P29_004": "東秩父村立東秩父中学校", "P29_005": "埼玉県秩父郡東秩父村奥沢150", "P29_006": "3", "P29_007": "1", "P29_008": "00", "P29_009": null }, "geometry": { "type": "Point", "coordinates": [ 139.198444996708162, 36.055870003012004 ] } },
{ "type": "Feature", "properties": { "P29_001": "11381", "P29_002": "C111238100014", "P29_003": "16002", "P29_004": "美里町立美里中学校", "P29_005": "埼玉県児玉郡美里町駒衣1115-1", "P29_006": "3", "P29_007": "1", "P29_008": "00", "P29_009": null }, "geometry": { "type": "Point", "coordinates": [ 139.175880407956839, 36.180182759918758 ] } },
{ "type": "Feature", "properties": { "P29_001": "11383", "P29_002": "C111238300012", "P29_003": "16002", "P29_004": "神川町立神川中学校", "P29_005": "埼玉県児玉郡神川町新里450", "P29_006": "3", "P29_007": "1", "P29_008": "00", "P29_009": null }, "geometry": { "type": "Point", "coordinates": [ 139.092539162016266, 36.206219672538452 ] } },
{ "type": "Feature", "properties": { "P29_001": "11385", "P29_002": "C111238500010", "P29_003": "16002", "P29_004": "上里町立上里中学校", "P29_005": "埼玉県児玉郡上里町七本木336", "P29_006": "3", "P29_007": "1", "P29_008": "00", "P29_009": null }, "geometry": { "type": "Point", "coordinates": [ 139.13847800092546, 36.245365740255032 ] } },
{ "type": "Feature", "properties": { "P29_001": "11385", "P29_002": "C111238500029", "P29_003": "16002", "P29_004": "上里町立上里北中学校", "P29_005": "埼玉県児玉郡上里町金久保249", "P29_006": "3", "P29_007": "1", "P29_008": "00", "P29_009": null }, "geometry": { "type": "Point", "coordinates": [ 139.141914999683934, 36.259928002835274 ] } },
{ "type": "Feature", "properties": { "P29_001": "11408", "P29_002": "C111240800013", "P29_003": "16002", "P29_004": "寄居町立城南中学校", "P29_005": "埼玉県大里郡寄居町大字鉢形2222", "P29_006": "3", "P29_007": "1", "P29_008": "00", "P29_009": null }, "geometry": { "type": "Point", "coordinates": [ 139.204413996558486, 36.105031003148781 ] } },
{ "type": "Feature", "properties": { "P29_001": "11408", "P29_002": "C111240800022", "P29_003": "16002", "P29_004": "寄居町立男衾中学校", "P29_005": "埼玉県大里郡寄居町富田65", "P29_006": "3", "P29_007": "1", "P29_008": "00", "P29_009": null }, "geometry": { "type": "Point", "coordinates": [ 139.251174012882359, 36.108617383344615 ] } },
{ "type": "Feature", "properties": { "P29_001": "11408", "P29_002": "C111240800031", "P29_003": "16002", "P29_004": "寄居町立寄居中学校", "P29_005": "埼玉県大里郡寄居町大字桜沢2000", "P29_006": "3", "P29_007": "1", "P29_008": "00", "P29_009": null }, "geometry": { "type": "Point", "coordinates": [ 139.207995002183168, 36.127971998567219 ] } },
{ "type": "Feature", "properties": { "P29_001": "11442", "P29_002": "C111244200011", "P29_003": "16002", "P29_004": "宮代町立須賀中学校", "P29_005": "埼玉県南埼玉郡宮代町須賀1426-1", "P29_006": "3", "P29_007": "1", "P29_008": "00", "P29_009": null }, "geometry": { "type": "Point", "coordinates": [ 139.702008000490366, 36.038105998516855 ] } },
{ "type": "Feature", "properties": { "P29_001": "11442", "P29_002": "C111244200020", "P29_003": "16002", "P29_004": "宮代町立百間中学校", "P29_005": "埼玉県南埼玉郡宮代町宮代3-7-38", "P29_006": "3", "P29_007": "1", "P29_008": "00", "P29_009": null }, "geometry": { "type": "Point", "coordinates": [ 139.727758229604689, 36.01931038077177 ] } },
{ "type": "Feature", "properties": { "P29_001": "11442", "P29_002": "C111244200039", "P29_003": "16002", "P29_004": "宮代町立前原中学校", "P29_005": "埼玉県南埼玉郡宮代町字中461", "P29_006": "3", "P29_007": "1", "P29_008": "00", "P29_009": null }, "geometry": { "type": "Point", "coordinates": [ 139.721921680291274, 36.004185062359923 ] } },
{ "type": "Feature", "properties": { "P29_001": "11464", "P29_002": "C111246400014", "P29_003": "16002", "P29_004": "杉戸町立杉戸中学校", "P29_005": "埼玉県北葛飾郡杉戸町内田1-5-35", "P29_006": "3", "P29_007": "1", "P29_008": "00", "P29_009": null }, "geometry": { "type": "Point", "coordinates": [ 139.728600354637365, 36.033514986277062 ] } },
{ "type": "Feature", "properties": { "P29_001": "11464", "P29_002": "C111246400023", "P29_003": "16002", "P29_004": "杉戸町立東中学校", "P29_005": "埼玉県北葛飾郡杉戸町大字椿250", "P29_006": "3", "P29_007": "1", "P29_008": "00", "P29_009": null }, "geometry": { "type": "Point", "coordinates": [ 139.77828100593868, 36.032970003942623 ] } },
{ "type": "Feature", "properties": { "P29_001": "11464", "P29_002": "C111246400032", "P29_003": "16002", "P29_004": "杉戸町立広島中学校", "P29_005": "埼玉県北葛飾郡杉戸町堤根4759", "P29_006": "3", "P29_007": "1", "P29_008": "00", "P29_009": null }, "geometry": { "type": "Point", "coordinates": [ 139.745682756236278, 36.025268403246066 ] } },
{ "type": "Feature", "properties": { "P29_001": "11465", "P29_002": "C111246500013", "P29_003": "16002", "P29_004": "松伏町立松伏中学校", "P29_005": "埼玉県北葛飾郡松伏町大字大川戸1136", "P29_006": "3", "P29_007": "1", "P29_008": "00", "P29_009": null }, "geometry": { "type": "Point", "coordinates": [ 139.826223174785156, 35.939064041564009 ] } },
{ "type": "Feature", "properties": { "P29_001": "11465", "P29_002": "C111246500022", "P29_003": "16002", "P29_004": "松伏町立松伏第二中学校", "P29_005": "埼玉県北葛飾郡松伏町上赤岩711", "P29_006": "3", "P29_007": "1", "P29_008": "00", "P29_009": null }, "geometry": { "type": "Point", "coordinates": [ 139.825335995828027, 35.916568996437178 ] } },
{ "type": "Feature", "properties": { "P29_001": "11101", "P29_002": "C111310100011", "P29_003": "16002", "P29_004": "埼玉栄中学校", "P29_005": "埼玉県さいたま市西区西大宮3-11-1", "P29_006": "4", "P29_007": "1", "P29_008": "00", "P29_009": null }, "geometry": { "type": "Point", "coordinates": [ 139.576850803232475, 35.925695873790666 ] } },
{ "type": "Feature", "properties": { "P29_001": "11103", "P29_002": "C111310300019", "P29_003": "16002", "P29_004": "大宮開成中学校", "P29_005": "埼玉県さいたま市大宮区堀の内町1-615", "P29_006": "4", "P29_007": "1", "P29_008": "00", "P29_009": null }, "geometry": { "type": "Point", "coordinates": [ 139.645227924013369, 35.911795123111631 ] } },
{ "type": "Feature", "properties": { "P29_001": "11104", "P29_002": "C111310400018", "P29_003": "16002", "P29_004": "栄東中学校", "P29_005": "埼玉県さいたま市見沼区砂町2-77", "P29_006": "4", "P29_007": "1", "P29_008": "00", "P29_009": null }, "geometry": { "type": "Point", "coordinates": [ 139.634719800789327, 35.945277532986154 ] } },
{ "type": "Feature", "properties": { "P29_001": "11103", "P29_002": "C111310500017", "P29_003": "16002", "P29_004": "淑徳与野中学校", "P29_005": "埼玉県さいたま市中央区上落合5-19-18", "P29_006": "4", "P29_007": "1", "P29_008": "00", "P29_009": null }, "geometry": { "type": "Point", "coordinates": [ 139.627635535261874, 35.89745545837421 ] } },
{ "type": "Feature", "properties": { "P29_001": "11108", "P29_002": "C111310800014", "P29_003": "16002", "P29_004": "浦和実業学園中学校", "P29_005": "埼玉県さいたま市南区文蔵3-9-1", "P29_006": "4", "P29_007": "1", "P29_008": "00", "P29_009": null }, "geometry": { "type": "Point", "coordinates": [ 139.676335338578184, 35.839709586776898 ] } },
{ "type": "Feature", "properties": { "P29_001": "11109", "P29_002": "C111310900013", "P29_003": "16002", "P29_004": "浦和明の星女子中学校", "P29_005": "埼玉県さいたま市緑区東浦和6-4-19", "P29_006": "4", "P29_007": "1", "P29_008": "00", "P29_009": null }, "geometry": { "type": "Point", "coordinates": [ 139.707994814223809, 35.870055769199212 ] } },
{ "type": "Feature", "properties": { "P29_001": "11109", "P29_002": "C111310900022", "P29_003": "16002", "P29_004": "青山学院大学系属浦和ルーテル学院中学校", "P29_005": "埼玉県さいたま市緑区大字大崎3642", "P29_006": "4", "P29_007": "1", "P29_008": "00", "P29_009": null }, "geometry": { "type": "Point", "coordinates": [ 139.716549004589922, 35.888069999997477 ] } },
{ "type": "Feature", "properties": { "P29_001": "11110", "P29_002": "C111311000010", "P29_003": "16002", "P29_004": "開智中学校", "P29_005": "埼玉県さいたま市岩槻区徳力186", "P29_006": "4", "P29_007": "1", "P29_008": "00", "P29_009": null }, "geometry": { "type": "Point", "coordinates": [ 139.713421692037372, 35.972341825992736 ] } },
{ "type": "Feature", "properties": { "P29_001": "11201", "P29_002": "C111320100010", "P29_003": "16002", "P29_004": "秀明中学校", "P29_005": "埼玉県川越市笠幡4792", "P29_006": "4", "P29_007": "1", "P29_008": "00", "P29_009": null }, "geometry": { "type": "Point", "coordinates": [ 139.412018813991949, 35.907798081870403 ] } },
{ "type": "Feature", "properties": { "P29_001": "11201", "P29_002": "C111320100029", "P29_003": "16002", "P29_004": "城西川越中学校", "P29_005": "埼玉県川越市山田東町1042", "P29_006": "4", "P29_007": "1", "P29_008": "00", "P29_009": null }, "geometry": { "type": "Point", "coordinates": [ 139.478879338538036, 35.954427045758131 ] } },
{ "type": "Feature", "properties": { "P29_001": "11201", "P29_002": "C111320100038", "P29_003": "16002", "P29_004": "星野学園中学校", "P29_005": "埼玉県川越市石原町2-71-11", "P29_006": "4", "P29_007": "1", "P29_008": "00", "P29_009": null }, "geometry": { "type": "Point", "coordinates": [ 139.470108936478795, 35.92749605662555 ] } },
{ "type": "Feature", "properties": { "P29_001": "11201", "P29_002": "C111320100047", "P29_003": "16002", "P29_004": "城北埼玉中学校", "P29_005": "埼玉県川越市古市場585-1", "P29_006": "4", "P29_007": "1", "P29_008": "00", "P29_009": null }, "geometry": { "type": "Point", "coordinates": [ 139.529938164661928, 35.885871233508688 ] } },
{ "type": "Feature", "properties": { "P29_001": "11209", "P29_002": "C111320900012", "P29_003": "16002", "P29_004": "聖望学園中学校", "P29_005": "埼玉県飯能市中山292", "P29_006": "4", "P29_007": "1", "P29_008": "00", "P29_009": null }, "geometry": { "type": "Point", "coordinates": [ 139.324392998173664, 35.860059995586099 ] } },
{ "type": "Feature", "properties": { "P29_001": "11209", "P29_002": "C111320900021", "P29_003": "16002", "P29_004": "自由の森学園中学校", "P29_005": "埼玉県飯能市小岩井613", "P29_006": "4", "P29_007": "1", "P29_008": "00", "P29_009": null }, "geometry": { "type": "Point", "coordinates": [ 139.268866918326069, 35.860758605673453 ] } },
{ "type": "Feature", "properties": { "P29_001": "11210", "P29_002": "C111321000019", "P29_003": "16002", "P29_004": "開智未来中学校", "P29_005": "埼玉県加須市麦倉1238", "P29_006": "4", "P29_007": "1", "P29_008": "00", "P29_009": null }, "geometry": { "type": "Point", "coordinates": [ 139.653790996554818, 36.193497996077816 ] } },
{ "type": "Feature", "properties": { "P29_001": "11211", "P29_002": "C111321100018", "P29_003": "16002", "P29_004": "本庄東高等学校附属中学校", "P29_005": "埼玉県本庄市西五十子大塚318", "P29_006": "4", "P29_007": "1", "P29_008": "00", "P29_009": null }, "geometry": { "type": "Point", "coordinates": [ 139.206633887795562, 36.226066168363872 ] } },
{ "type": "Feature", "properties": { "P29_001": "11211", "P29_002": "C111321100027", "P29_003": "16002", "P29_004": "本庄第一中学校", "P29_005": "埼玉県本庄市仁手2167-1", "P29_006": "4", "P29_007": "1", "P29_008": "00", "P29_009": null }, "geometry": { "type": "Point", "coordinates": [ 139.213088000895254, 36.25121799959232 ] } },
{ "type": "Feature", "properties": { "P29_001": "11212", "P29_002": "C111321200017", "P29_003": "16002", "P29_004": "東京農業大学第三高等学校附属中学校", "P29_005": "埼玉県東松山市松山1400-1", "P29_006": "4", "P29_007": "1", "P29_008": "00", "P29_009": null }, "geometry": { "type": "Point", "coordinates": [ 139.416140527741248, 36.050856049572239 ] } },
{ "type": "Feature", "properties": { "P29_001": "11214", "P29_002": "C111321400015", "P29_003": "16002", "P29_004": "春日部共栄中学校", "P29_005": "埼玉県春日部市上大増新田213", "P29_006": "4", "P29_007": "1", "P29_008": "00", "P29_009": null }, "geometry": { "type": "Point", "coordinates": [ 139.741321469204507, 35.960322140341518 ] } },
{ "type": "Feature", "properties": { "P29_001": "11215", "P29_002": "C111321500014", "P29_003": "16002", "P29_004": "西武学園文理中学校", "P29_005": "埼玉県狭山市柏原新田311-1", "P29_006": "4", "P29_007": "1", "P29_008": "00", "P29_009": null }, "geometry": { "type": "Point", "coordinates": [ 139.419318934524512, 35.891849147797835 ] } },
{ "type": "Feature", "properties": { "P29_001": "11218", "P29_002": "C111321800011", "P29_003": "16002", "P29_004": "東京成徳大学深谷中学校", "P29_005": "埼玉県深谷市宿根559", "P29_006": "4", "P29_007": "1", "P29_008": "00", "P29_009": null }, "geometry": { "type": "Point", "coordinates": [ 139.26024498327439, 36.193636001485594 ] } },
{ "type": "Feature", "properties": { "P29_001": "11222", "P29_002": "C111322200015", "P29_003": "16002", "P29_004": "獨協埼玉中学校", "P29_005": "埼玉県越谷市恩間新田寺前316", "P29_006": "4", "P29_007": "1", "P29_008": "00", "P29_009": null }, "geometry": { "type": "Point", "coordinates": [ 139.758794588410666, 35.938996148478388 ] } },
{ "type": "Feature", "properties": { "P29_001": "11223", "P29_002": "C111322300014", "P29_003": "16002", "P29_004": "武南中学校", "P29_005": "埼玉県蕨市塚越5-10-21", "P29_006": "4", "P29_007": "1", "P29_008": "00", "P29_009": null }, "geometry": { "type": "Point", "coordinates": [ 139.705219002213482, 35.822856003054483 ] } },
{ "type": "Feature", "properties": { "P29_001": "11225", "P29_002": "C111322500012", "P29_003": "16002", "P29_004": "狭山ヶ丘高等学校付属中学校", "P29_005": "埼玉県入間市下藤沢981", "P29_006": "4", "P29_007": "1", "P29_008": "00", "P29_009": null }, "geometry": { "type": "Point", "coordinates": [ 139.402025996988556, 35.817816001766097 ] } },
{ "type": "Feature", "properties": { "P29_001": "11228", "P29_002": "C111322800019", "P29_003": "16002", "P29_004": "細田学園中学校", "P29_005": "埼玉県志木市本町2-7-1", "P29_006": "4", "P29_007": "1", "P29_008": "00", "P29_009": null }, "geometry": { "type": "Point", "coordinates": [ 139.581824883774146, 35.832025140755263 ] } },
{ "type": "Feature", "properties": { "P29_001": "11230", "P29_002": "C111323000015", "P29_003": "16002", "P29_004": "立教新座中学校", "P29_005": "埼玉県新座市北野1-2-25", "P29_006": "4", "P29_007": "1", "P29_008": "00", "P29_009": null }, "geometry": { "type": "Point", "coordinates": [ 139.566318072132219, 35.815153691377787 ] } },
{ "type": "Feature", "properties": { "P29_001": "11230", "P29_002": "C111323000024", "P29_003": "16002", "P29_004": "西武台新座中学校", "P29_005": "埼玉県新座市中野2-9-1", "P29_006": "4", "P29_007": "1", "P29_008": "00", "P29_009": null }, "geometry": { "type": "Point", "coordinates": [ 139.547300850114397, 35.818672579856901 ] } },
{ "type": "Feature", "properties": { "P29_001": "11301", "P29_002": "C111330100019", "P29_003": "16002", "P29_004": "国際学院中学校", "P29_005": "埼玉県北足立郡伊奈町小室10474", "P29_006": "4", "P29_007": "1", "P29_008": "00", "P29_009": null }, "geometry": { "type": "Point", "coordinates": [ 139.613662496458943, 35.990192849578925 ] } },
{ "type": "Feature", "properties": { "P29_001": "11326", "P29_002": "C111332600010", "P29_003": "16002", "P29_004": "埼玉平成中学校", "P29_005": "埼玉県入間郡毛呂山町下川原375", "P29_006": "4", "P29_007": "1", "P29_008": "00", "P29_009": null }, "geometry": { "type": "Point", "coordinates": [ 139.342582007698041, 35.937766906151396 ] } },
{ "type": "Feature", "properties": { "P29_001": "11342", "P29_002": "C111334200010", "P29_003": "16002", "P29_004": "大妻嵐山中学校", "P29_005": "埼玉県比企郡嵐山町菅谷558", "P29_006": "4", "P29_007": "1", "P29_008": "00", "P29_009": null }, "geometry": { "type": "Point", "coordinates": [ 139.320145277690926, 36.038052470693053 ] } },
{ "type": "Feature", "properties": { "P29_001": "11464", "P29_002": "C111346400012", "P29_003": "16002", "P29_004": "昌平中学校", "P29_005": "埼玉県北葛飾郡杉戸町下野851", "P29_006": "4", "P29_007": "1", "P29_008": "00", "P29_009": null }, "geometry": { "type": "Point", "coordinates": [ 139.700529917610226, 36.057056975383055 ] } }
]
}
