{
"type": "FeatureCollection",
"name": "geo_11_通所介護",
"crs": { "type": "name", "properties": { "name": "urn:ogc:def:crs:OGC:1.3:CRS84" } },
"features": [
{ "type": "Feature", "properties": { "内容": "あずみ苑三橋【通所介護】埼玉県さいたま市西区三橋5-517", "url": "https://www.kaigokensaku.mhlw.go.jp/11/index.php?action_kouhyou_detail_004_kani=true&JigyosyoCd=1176506341-00&ServiceCd=150&Type=search", "url2": "http://www.azumien.jp/azumien/mihashi/index.html" }, "geometry": { "type": "Point", "coordinates": [ 139.596131600000035, 35.9112965 ] } },
{ "type": "Feature", "properties": { "内容": "三橋の里デイサービスセンター【通所介護】埼玉県さいたま市西区三橋５－５６０－５", "url": "https://www.kaigokensaku.mhlw.go.jp/11/index.php?action_kouhyou_detail_004_kani=true&JigyosyoCd=1176517439-00&ServiceCd=150&Type=search", "url2": "http://www.kawatsuru-g.jp/" }, "geometry": { "type": "Point", "coordinates": [ 139.59419170000001, 35.9108061 ] } },
{ "type": "Feature", "properties": { "内容": "リハ倶楽部さくら【通所介護】さいたま市西区宮前町192-1", "url": "https://www.kaigokensaku.mhlw.go.jp/11/index.php?action_kouhyou_detail_004_kani=true&JigyosyoCd=1176503348-00&ServiceCd=150&Type=search", "url2": "http://リハ倶楽部.com" }, "geometry": { "type": "Point", "coordinates": [ 139.591271, 35.9232692 ] } },
{ "type": "Feature", "properties": { "内容": "デイホームまみや【通所介護】埼玉県さいたま市西区西遊馬771-2", "url": "https://www.kaigokensaku.mhlw.go.jp/11/index.php?action_kouhyou_detail_004_kani=true&JigyosyoCd=1176500393-00&ServiceCd=150&Type=search", "url2": "http://hakushinkai.jp/index.php" }, "geometry": { "type": "Point", "coordinates": [ 139.568204336137313, 35.909414201519589 ] } },
{ "type": "Feature", "properties": { "内容": "ゆめの園りふれ中野林デイサービスセンター【通所介護】埼玉県さいたま市西区大字中野林字中郷650番1", "url": "https://www.kaigokensaku.mhlw.go.jp/11/index.php?action_kouhyou_detail_004_kani=true&JigyosyoCd=1176501151-00&ServiceCd=150&Type=search", "url2": "http://www.happynet.or.jp" }, "geometry": { "type": "Point", "coordinates": [ 139.584816600000067, 35.891365700000016 ] } },
{ "type": "Feature", "properties": { "内容": "三恵苑通所介護事業所【通所介護】さいたま市西区高木892番地", "url": "https://www.kaigokensaku.mhlw.go.jp/11/index.php?action_kouhyou_detail_004_kani=true&JigyosyoCd=1170300535-00&ServiceCd=150&Type=search", "url2": "http://www.sankeikai.org" }, "geometry": { "type": "Point", "coordinates": [ 139.57285550000006, 35.9319818 ] } },
{ "type": "Feature", "properties": { "内容": "敬寿園宝来ホームデイサービスセンター【通所介護】埼玉県さいたま市西区宝来86－1", "url": "https://www.kaigokensaku.mhlw.go.jp/11/index.php?action_kouhyou_detail_004_kani=true&JigyosyoCd=1176503744-00&ServiceCd=150&Type=search", "url2": "http://www.keijuen.info/" }, "geometry": { "type": "Point", "coordinates": [ 139.554042900000013, 35.9316795 ] } },
{ "type": "Feature", "properties": { "内容": "デイリハ三橋【通所介護】埼玉県さいたま市西区三橋６-192", "url": "https://www.kaigokensaku.mhlw.go.jp/11/index.php?action_kouhyou_detail_004_kani=true&JigyosyoCd=1176508685-00&ServiceCd=150&Type=search", "url2": "http://hakushinkai.jp" }, "geometry": { "type": "Point", "coordinates": [ 139.591326500000037, 35.9108714 ] } },
{ "type": "Feature", "properties": { "内容": "デｲケアセンターみると【通所介護】さいたま市西区西遊馬1258", "url": "https://www.kaigokensaku.mhlw.go.jp/11/index.php?action_kouhyou_detail_004_kani=true&JigyosyoCd=1170300964-00&ServiceCd=150&Type=search", "url2": "http://hakushinkai.jp/" }, "geometry": { "type": "Point", "coordinates": [ 139.5637398, 35.9144792 ] } },
{ "type": "Feature", "properties": { "内容": "佐知川ケアセンターそよ風【通所介護】埼玉県さいたま市西区佐知川１０５９－１", "url": "https://www.kaigokensaku.mhlw.go.jp/11/index.php?action_kouhyou_detail_004_kani=true&JigyosyoCd=1176510731-00&ServiceCd=150&Type=search", "url2": "http:www.sykz.co.jp" }, "geometry": { "type": "Point", "coordinates": [ 139.586513299999979, 35.8992481 ] } },
{ "type": "Feature", "properties": { "内容": "通所介護　春陽苑【通所介護】埼玉県さいたま市西区飯田新田91-1", "url": "https://www.kaigokensaku.mhlw.go.jp/11/index.php?action_kouhyou_detail_004_kani=true&JigyosyoCd=1170300691-00&ServiceCd=150&Type=search", "url2": "http://www.mutsumikai.net" }, "geometry": { "type": "Point", "coordinates": [ 139.559774299999958, 35.8880939 ] } },
{ "type": "Feature", "properties": { "内容": "愛の家デイサービスセンター大宮指扇【通所介護】埼玉県さいたま市西区指扇５６６－１", "url": "https://www.kaigokensaku.mhlw.go.jp/11/index.php?action_kouhyou_detail_004_kani=true&JigyosyoCd=1176501714-00&ServiceCd=150&Type=search", "url2": "http:/www.mcsg.co.jp" }, "geometry": { "type": "Point", "coordinates": [ 139.584493800000018, 35.90878 ] } },
{ "type": "Feature", "properties": { "内容": "デイサービスセンター扇の森【通所介護】埼玉県さいたま市西区大字高木602", "url": "https://www.kaigokensaku.mhlw.go.jp/11/index.php?action_kouhyou_detail_004_kani=true&JigyosyoCd=1176502670-00&ServiceCd=150&Type=search", "url2": "http://www.oginomori.jp" }, "geometry": { "type": "Point", "coordinates": [ 139.567250400000034, 35.9268355 ] } },
{ "type": "Feature", "properties": { "内容": "エクラシア指扇【通所介護】埼玉県さいたま市西区土屋36-2", "url": "https://www.kaigokensaku.mhlw.go.jp/11/index.php?action_kouhyou_detail_004_kani=true&JigyosyoCd=1176516258-00&ServiceCd=150&Type=search", "url2": null }, "geometry": { "type": "Point", "coordinates": [ 139.5727542, 35.9080327 ] } },
{ "type": "Feature", "properties": { "内容": "ツクイさいたま指扇プラザ【通所介護】さいたま市西区プラザ103-9", "url": "https://www.kaigokensaku.mhlw.go.jp/11/index.php?action_kouhyou_detail_004_kani=true&JigyosyoCd=1176516969-00&ServiceCd=150&Type=search", "url2": null }, "geometry": { "type": "Point", "coordinates": [ 139.576008300000012, 35.9072126 ] } },
{ "type": "Feature", "properties": { "内容": "でいとれセンターひばり【通所介護】埼玉県さいたま市北区日進町2-495", "url": "https://www.kaigokensaku.mhlw.go.jp/11/index.php?action_kouhyou_detail_004_kani=true&JigyosyoCd=1176502027-00&ServiceCd=150&Type=search", "url2": "http://www.hibari-care.com/" }, "geometry": { "type": "Point", "coordinates": [ 139.6086583, 35.9254141 ] } },
{ "type": "Feature", "properties": { "内容": "ゆらＦｉｔ宮原【通所介護】埼玉県さいたま市北区宮原町2-32-5島村第三ビル1Ｆ", "url": "https://www.kaigokensaku.mhlw.go.jp/11/index.php?action_kouhyou_detail_004_kani=true&JigyosyoCd=1176521514-00&ServiceCd=150&Type=search", "url2": "https://seitai-yurari.com/?page_id=1123" }, "geometry": { "type": "Point", "coordinates": [ 139.613879700000012, 35.9430781 ] } },
{ "type": "Feature", "properties": { "内容": "リハ倶楽部　おあしす【通所介護】埼玉県さいたま市北区吉野町１－４００－１０", "url": "https://www.kaigokensaku.mhlw.go.jp/11/index.php?action_kouhyou_detail_004_kani=true&JigyosyoCd=1176507174-00&ServiceCd=150&Type=search", "url2": "http://リハ倶楽部.com/" }, "geometry": { "type": "Point", "coordinates": [ 139.616148800000019, 35.9527183 ] } },
{ "type": "Feature", "properties": { "内容": "デイサービスいいらいふ【通所介護】埼玉県さいたま市北区吉野町2-281-52階", "url": "https://www.kaigokensaku.mhlw.go.jp/11/index.php?action_kouhyou_detail_004_kani=true&JigyosyoCd=1176514766-00&ServiceCd=150&Type=search", "url2": "https://e-life-sp.co.jp" }, "geometry": { "type": "Point", "coordinates": [ 139.606313499999942, 35.9539343 ] } },
{ "type": "Feature", "properties": { "内容": "デイサービスココファンしらかば【通所介護】埼玉県さいたま市北区吉野町2-210-1", "url": "https://www.kaigokensaku.mhlw.go.jp/11/index.php?action_kouhyou_detail_004_kani=true&JigyosyoCd=1176510814-00&ServiceCd=150&Type=search", "url2": "http://www.cocofump.co.jp/" }, "geometry": { "type": "Point", "coordinates": [ 139.6068189, 35.9579309 ] } },
{ "type": "Feature", "properties": { "内容": "でいとれセンターひばり本郷町【通所介護】埼玉県さいたま市北区本郷町５２５", "url": "https://www.kaigokensaku.mhlw.go.jp/11/index.php?action_kouhyou_detail_004_kani=true&JigyosyoCd=1176513214-00&ServiceCd=150&Type=search", "url2": "http://www.hibari-care.com/" }, "geometry": { "type": "Point", "coordinates": [ 139.6257316, 35.9424094 ] } },
{ "type": "Feature", "properties": { "内容": "健康サポートげんき　さいたま土呂【通所介護】埼玉県さいたま市北区土呂町1-63-4プラムコート1階", "url": "https://www.kaigokensaku.mhlw.go.jp/11/index.php?action_kouhyou_detail_004_kani=true&JigyosyoCd=1176515128-00&ServiceCd=150&Type=search", "url2": "http://kaigo-next.com/search/detail/895/" }, "geometry": { "type": "Point", "coordinates": [ 139.63247, 35.9367245 ] } },
{ "type": "Feature", "properties": { "内容": "ゆめの園りふれ奈良デイサービスセンター【通所介護】埼玉県さいたま市北区奈良町54－1ＳＧＫマンションパピオール　1Ｆ", "url": "https://www.kaigokensaku.mhlw.go.jp/11/index.php?action_kouhyou_detail_004_kani=true&JigyosyoCd=1176512414-00&ServiceCd=150&Type=search", "url2": "http://www.happynet.or.jp/" }, "geometry": { "type": "Point", "coordinates": [ 139.603603, 35.9411974 ] } },
{ "type": "Feature", "properties": { "内容": "通所介護　ジョイ大宮【通所介護】埼玉県さいたま市北区日進町２－１－１和気ハウス大宮", "url": "https://www.kaigokensaku.mhlw.go.jp/11/index.php?action_kouhyou_detail_004_kani=true&JigyosyoCd=1176520847-00&ServiceCd=150&Type=search", "url2": "https://c-net.jp/" }, "geometry": { "type": "Point", "coordinates": [ 139.612090099999989, 35.9244739 ] } },
{ "type": "Feature", "properties": { "内容": "社会福祉法人大吉会　デイサービスセンター　白樺ホーム【通所介護】さいたま市北区吉野町2-1331", "url": "https://www.kaigokensaku.mhlw.go.jp/11/index.php?action_kouhyou_detail_004_kani=true&JigyosyoCd=1176506267-00&ServiceCd=150&Type=search", "url2": "http://www.ooyoshikai.jp" }, "geometry": { "type": "Point", "coordinates": [ 139.6180094, 35.9644107 ] } },
{ "type": "Feature", "properties": { "内容": "アースサポート日進【通所介護】埼玉県さいたま市北区日進町2丁目1203番地12", "url": "https://www.kaigokensaku.mhlw.go.jp/11/index.php?action_kouhyou_detail_004_kani=true&JigyosyoCd=1176511366-00&ServiceCd=150&Type=search", "url2": "https://www.earthsupport.co.jp/" }, "geometry": { "type": "Point", "coordinates": [ 139.604905799999983, 35.9266332 ] } },
{ "type": "Feature", "properties": { "内容": "かがやきデイサービス大宮日進【通所介護】さいたま市北区日進町2-1851-1", "url": "https://www.kaigokensaku.mhlw.go.jp/11/index.php?action_kouhyou_detail_004_kani=true&JigyosyoCd=1176513669-00&ServiceCd=150&Type=search", "url2": "http://ｗｗｗnagoyakaclub.jp" }, "geometry": { "type": "Point", "coordinates": [ 139.607234291848727, 35.933067147415123 ] } },
{ "type": "Feature", "properties": { "内容": "デイサービスセンターエクラシア大宮【通所介護】埼玉県さいたま市北区大成町4丁目83番地5エクラシア大宮", "url": "https://www.kaigokensaku.mhlw.go.jp/11/index.php?action_kouhyou_detail_004_kani=true&JigyosyoCd=1176514394-00&ServiceCd=150&Type=search", "url2": null }, "geometry": { "type": "Point", "coordinates": [ 139.6155077, 35.9229109 ] } },
{ "type": "Feature", "properties": { "内容": "リセイル吉野町【通所介護】埼玉県さいたま市北区１－334-6サニーコート1階", "url": "https://www.kaigokensaku.mhlw.go.jp/11/index.php?action_kouhyou_detail_004_kani=true&JigyosyoCd=1176521233-00&ServiceCd=150&Type=search", "url2": "https://hp.kaipoke.biz/cck/119130/index_0004.html" }, "geometry": { "type": "Point", "coordinates": [ 139.614990682774788, 35.947573946281935 ] } },
{ "type": "Feature", "properties": { "内容": "コンパスウォーク東大成【通所介護】埼玉県さいたま市北区東大成町2丁目610-5", "url": "https://www.kaigokensaku.mhlw.go.jp/11/index.php?action_kouhyou_detail_004_kani=true&JigyosyoCd=1176519120-00&ServiceCd=150&Type=search", "url2": "http://ulink.jp/" }, "geometry": { "type": "Point", "coordinates": [ 139.6156392, 35.932124 ] } },
{ "type": "Feature", "properties": { "内容": "エクラシア宮原【通所介護】別所町1123-6", "url": "https://www.kaigokensaku.mhlw.go.jp/11/index.php?action_kouhyou_detail_004_kani=true&JigyosyoCd=1176517918-00&ServiceCd=150&Type=search", "url2": null }, "geometry": { "type": "Point", "coordinates": [ 139.5997548, 35.9581289 ] } },
{ "type": "Feature", "properties": { "内容": "ほっと・ケアライフ土呂デイサービス【通所介護】土呂町2-50-1ハーウィル大宮土呂別館", "url": "https://www.kaigokensaku.mhlw.go.jp/11/index.php?action_kouhyou_detail_004_kani=true&JigyosyoCd=1176519641-00&ServiceCd=150&Type=search", "url2": null }, "geometry": { "type": "Point", "coordinates": [ 139.63745320000001, 35.9302442 ] } },
{ "type": "Feature", "properties": { "内容": "彩の国リハビリテーションセンター【通所介護】埼玉県さいたま市北区奈良町３２－６", "url": "https://www.kaigokensaku.mhlw.go.jp/11/index.php?action_kouhyou_detail_004_kani=true&JigyosyoCd=1176521720-00&ServiceCd=150&Type=search", "url2": "https://sainokuni-riha.com" }, "geometry": { "type": "Point", "coordinates": [ 139.6029092, 35.9465155 ] } },
{ "type": "Feature", "properties": { "内容": "コンパスウォーク北大宮【通所介護】盆栽町380ｰ2", "url": "https://www.kaigokensaku.mhlw.go.jp/11/index.php?action_kouhyou_detail_004_kani=true&JigyosyoCd=1176510376-00&ServiceCd=150&Type=search", "url2": "https://keigo-group.co.jp/shop/saitamaken/0380/" }, "geometry": { "type": "Point", "coordinates": [ 139.6281974, 35.9262711 ] } },
{ "type": "Feature", "properties": { "内容": "ツクイさいたま大宮公園【通所介護】さいたま市北区盆栽町１６１－１", "url": "https://www.kaigokensaku.mhlw.go.jp/11/index.php?action_kouhyou_detail_004_kani=true&JigyosyoCd=1176505475-00&ServiceCd=150&Type=search", "url2": "https://www.tsukui.net/" }, "geometry": { "type": "Point", "coordinates": [ 139.630775800000038, 35.9250872 ] } },
{ "type": "Feature", "properties": { "内容": "デイサービスセンターエクラシア大宮吉野町【通所介護】埼玉県さいたま市北区吉野町2-172-25エクラシア大宮吉野町", "url": "https://www.kaigokensaku.mhlw.go.jp/11/index.php?action_kouhyou_detail_004_kani=true&JigyosyoCd=1176518734-00&ServiceCd=150&Type=search", "url2": null }, "geometry": { "type": "Point", "coordinates": [ 139.610786499999989, 35.9612697 ] } },
{ "type": "Feature", "properties": { "内容": "コンパスウォーク日進【通所介護】埼玉県さいたま市北区日進町１丁目５２９−２", "url": "https://www.kaigokensaku.mhlw.go.jp/11/index.php?action_kouhyou_detail_004_kani=true&JigyosyoCd=1176515979-00&ServiceCd=150&Type=search", "url2": null }, "geometry": { "type": "Point", "coordinates": [ 139.602223, 35.923522600000034 ] } },
{ "type": "Feature", "properties": { "内容": "リセイル盆栽町【通所介護】盆栽町168レフィーニ大宮盆栽町1階", "url": "https://www.kaigokensaku.mhlw.go.jp/11/index.php?action_kouhyou_detail_004_kani=true&JigyosyoCd=1176516837-00&ServiceCd=150&Type=search", "url2": "http://hp.kaipoke.biz/cck/119130/index_0004.html" }, "geometry": { "type": "Point", "coordinates": [ 139.628752299999974, 35.9244255 ] } },
{ "type": "Feature", "properties": { "内容": "日々トレはるとさいたま日進【通所介護】埼玉県さいたま市北区日進町3-619-1", "url": "https://www.kaigokensaku.mhlw.go.jp/11/index.php?action_kouhyou_detail_004_kani=true&JigyosyoCd=1176519138-00&ServiceCd=150&Type=search", "url2": null }, "geometry": { "type": "Point", "coordinates": [ 139.6004716, 35.9384246 ] } },
{ "type": "Feature", "properties": { "内容": "ツクイさいたま宮原【通所介護】埼玉県さいたま市北区吉野町1-353-4", "url": "https://www.kaigokensaku.mhlw.go.jp/11/index.php?action_kouhyou_detail_004_kani=true&JigyosyoCd=1176519682-00&ServiceCd=150&Type=search", "url2": "http://www.tsukui.net" }, "geometry": { "type": "Point", "coordinates": [ 139.614251799999977, 35.9489243 ] } },
{ "type": "Feature", "properties": { "内容": "デイサービスセンタートレセン上小町【通所介護】埼玉県さいたま市大宮区上小町846-10", "url": "https://www.kaigokensaku.mhlw.go.jp/11/index.php?action_kouhyou_detail_004_kani=true&JigyosyoCd=1176521217-00&ServiceCd=150&Type=search", "url2": "maplegravitycrop.com" }, "geometry": { "type": "Point", "coordinates": [ 139.6119553, 35.8996334 ] } },
{ "type": "Feature", "properties": { "内容": "でいとれセンターひばり三橋【通所介護】埼玉県さいたま市大宮区三橋1-564", "url": "https://www.kaigokensaku.mhlw.go.jp/11/index.php?action_kouhyou_detail_004_kani=true&JigyosyoCd=1176521159-00&ServiceCd=150&Type=search", "url2": "http://www.hibari-care.com/" }, "geometry": { "type": "Point", "coordinates": [ 139.6037528, 35.9097632 ] } },
{ "type": "Feature", "properties": { "内容": "でいとれセンターひばり堀の内【通所介護】さいたま市大宮区堀の内町1-606グランドシティ大宮　Ｓ棟１階", "url": "https://www.kaigokensaku.mhlw.go.jp/11/index.php?action_kouhyou_detail_004_kani=true&JigyosyoCd=1176510087-00&ServiceCd=150&Type=search", "url2": "http://www.hibari-care.com/" }, "geometry": { "type": "Point", "coordinates": [ 139.642318493115226, 35.911300764246896 ] } },
{ "type": "Feature", "properties": { "内容": "でいとれセンターひばり大宮公園【通所介護】埼玉県さいたま市大宮区寿能町1-8-1パークサイドメゾン1階", "url": "https://www.kaigokensaku.mhlw.go.jp/11/index.php?action_kouhyou_detail_004_kani=true&JigyosyoCd=1176512034-00&ServiceCd=150&Type=search", "url2": "http://www.hibari-care.com/" }, "geometry": { "type": "Point", "coordinates": [ 139.6302981, 35.9225515 ] } },
{ "type": "Feature", "properties": { "内容": "でいとれセンターひばり上小町【通所介護】さいたま市大宮区上小町４４７－４", "url": "https://www.kaigokensaku.mhlw.go.jp/11/index.php?action_kouhyou_detail_004_kani=true&JigyosyoCd=1176511341-00&ServiceCd=150&Type=search", "url2": null }, "geometry": { "type": "Point", "coordinates": [ 139.60736959999997, 35.9011929 ] } },
{ "type": "Feature", "properties": { "内容": "デイサービスセンター　ケアサポートおおみや【通所介護】埼玉県さいたま市大宮区天沼町1‐250‐1", "url": "https://www.kaigokensaku.mhlw.go.jp/11/index.php?action_kouhyou_detail_004_kani=true&JigyosyoCd=1176507547-00&ServiceCd=150&Type=search", "url2": "http://www.care-support.biz" }, "geometry": { "type": "Point", "coordinates": [ 139.636022899999944, 35.9048651 ] } },
{ "type": "Feature", "properties": { "内容": "でいとれセンターひばり大成【通所介護】埼玉県さいたま市大宮区大成町3-362-1", "url": "https://www.kaigokensaku.mhlw.go.jp/11/index.php?action_kouhyou_detail_004_kani=true&JigyosyoCd=1176507257-00&ServiceCd=150&Type=search", "url2": "http://www.hibari-care.com/" }, "geometry": { "type": "Point", "coordinates": [ 139.615335734249499, 35.917117905413569 ] } },
{ "type": "Feature", "properties": { "内容": "三橋ケアセンターそよ風【通所介護】埼玉県さいたま市大宮区三橋1-871", "url": "https://www.kaigokensaku.mhlw.go.jp/11/index.php?action_kouhyou_detail_004_kani=true&JigyosyoCd=1170300451-00&ServiceCd=150&Type=search", "url2": "http://www.sykz.co.jp" }, "geometry": { "type": "Point", "coordinates": [ 139.5985647, 35.9145821 ] } },
{ "type": "Feature", "properties": { "内容": "社会福祉法人　育成会　白菊苑【通所介護】さいたま市大宮区天沼町１－１５０－１", "url": "https://www.kaigokensaku.mhlw.go.jp/11/index.php?action_kouhyou_detail_004_kani=true&JigyosyoCd=1170300147-00&ServiceCd=150&Type=search", "url2": "http://www.siragiku.or.jp/" }, "geometry": { "type": "Point", "coordinates": [ 139.639536499999963, 35.9059011 ] } },
{ "type": "Feature", "properties": { "内容": "デイサービスセンター　はるぱてお【通所介護】さいたま市大宮区上小町１１８７番地", "url": "https://www.kaigokensaku.mhlw.go.jp/11/index.php?action_kouhyou_detail_004_kani=true&JigyosyoCd=1176505046-00&ServiceCd=150&Type=search", "url2": "harupateo.jp" }, "geometry": { "type": "Point", "coordinates": [ 139.612977699999988, 35.896577 ] } },
{ "type": "Feature", "properties": { "内容": "HYAKU-WAKU大宮公園【通所介護】埼玉県さいたま市大宮区寿能町1-40-2", "url": "https://www.kaigokensaku.mhlw.go.jp/11/index.php?action_kouhyou_detail_004_kani=true&JigyosyoCd=1176519765-00&ServiceCd=150&Type=search", "url2": "http://eijuso.com/" }, "geometry": { "type": "Point", "coordinates": [ 139.632627, 35.9230701 ] } },
{ "type": "Feature", "properties": { "内容": "コンパスウォーク西上小町【通所介護】上小町264-1", "url": "https://www.kaigokensaku.mhlw.go.jp/11/index.php?action_kouhyou_detail_004_kani=true&JigyosyoCd=1176519476-00&ServiceCd=150&Type=search", "url2": "https://keigo-group.co.jp/" }, "geometry": { "type": "Point", "coordinates": [ 139.6084371, 35.9037458 ] } },
{ "type": "Feature", "properties": { "内容": "大宮三橋ケアセンターそよ風【通所介護】埼玉県さいたま市大宮区三橋1-345-1", "url": "https://www.kaigokensaku.mhlw.go.jp/11/index.php?action_kouhyou_detail_004_kani=true&JigyosyoCd=1176518866-00&ServiceCd=150&Type=search", "url2": null }, "geometry": { "type": "Point", "coordinates": [ 139.6019052, 35.9145049 ] } },
{ "type": "Feature", "properties": { "内容": "コンパスウォーク七里【通所介護】埼玉県さいたま市見沼区風渡野2-1-5", "url": "https://www.kaigokensaku.mhlw.go.jp/11/index.php?action_kouhyou_detail_004_kani=true&JigyosyoCd=1176518106-00&ServiceCd=150&Type=search", "url2": "https://keigo-group.co.jp/shop/saitamaken/13860/?utm_source=google&utm_medium=mybusiness&utm_campaign=cw_shop" }, "geometry": { "type": "Point", "coordinates": [ 139.669500419573978, 35.935388078517086 ] } },
{ "type": "Feature", "properties": { "内容": "デイサービスセンター　コンフォータブル・プラス南中丸【通所介護】埼玉県さいたま市見沼区大字南中丸675", "url": "https://www.kaigokensaku.mhlw.go.jp/11/index.php?action_kouhyou_detail_004_kani=true&JigyosyoCd=1176518916-00&ServiceCd=150&Type=search", "url2": "https://www.wellhouse1600.jp/" }, "geometry": { "type": "Point", "coordinates": [ 139.656428799999986, 35.9127137 ] } },
{ "type": "Feature", "properties": { "内容": "シンシア大宮東デイサービス【通所介護】埼玉県さいたま市見沼区深作859番地", "url": "https://www.kaigokensaku.mhlw.go.jp/11/index.php?action_kouhyou_detail_004_kani=true&JigyosyoCd=1176520276-00&ServiceCd=150&Type=search", "url2": null }, "geometry": { "type": "Point", "coordinates": [ 139.655354236817914, 35.955347969752602 ] } },
{ "type": "Feature", "properties": { "内容": "早稲田イーライフ東大宮【通所介護】埼玉県さいたま市見沼区東大宮5-7-5シャトル末広105", "url": "https://www.kaigokensaku.mhlw.go.jp/11/index.php?action_kouhyou_detail_004_kani=true&JigyosyoCd=1176520938-00&ServiceCd=150&Type=search", "url2": "https://e-life-saitama.net/" }, "geometry": { "type": "Point", "coordinates": [ 139.6399731, 35.9463114 ] } },
{ "type": "Feature", "properties": { "内容": "笑美の湯【通所介護】埼玉県さいたま市見沼区大字蓮沼1532-1", "url": "https://www.kaigokensaku.mhlw.go.jp/11/index.php?action_kouhyou_detail_004_kani=true&JigyosyoCd=1176514345-00&ServiceCd=150&Type=search", "url2": "syoubi-kaigo.com" }, "geometry": { "type": "Point", "coordinates": [ 139.664824599999946, 35.925501 ] } },
{ "type": "Feature", "properties": { "内容": "ともいきケア大宮南中丸【通所介護】埼玉県さいたま市見沼区南中丸29-1", "url": "https://www.kaigokensaku.mhlw.go.jp/11/index.php?action_kouhyou_detail_004_kani=true&JigyosyoCd=1176519872-00&ServiceCd=150&Type=search", "url2": "https://tomoikicare.com/" }, "geometry": { "type": "Point", "coordinates": [ 139.652178030688447, 35.91044604848981 ] } },
{ "type": "Feature", "properties": { "内容": "コラソン東大宮【通所介護】埼玉県さいたま市見沼区東大宮１丁目８７番地４", "url": "https://www.kaigokensaku.mhlw.go.jp/11/index.php?action_kouhyou_detail_004_kani=true&JigyosyoCd=1176514907-00&ServiceCd=150&Type=search", "url2": null }, "geometry": { "type": "Point", "coordinates": [ 139.643985599999951, 35.9390967 ] } },
{ "type": "Feature", "properties": { "内容": "ﾋﾞｯｸﾞｽﾏｲﾙﾘﾊﾋﾞﾘｾﾝﾀｰ【通所介護】埼玉県さいたま市見沼区深作2-18-17", "url": "https://www.kaigokensaku.mhlw.go.jp/11/index.php?action_kouhyou_detail_004_kani=true&JigyosyoCd=1176516027-00&ServiceCd=150&Type=search", "url2": "http://www.rehabilitation.pro" }, "geometry": { "type": "Point", "coordinates": [ 139.670238199999972, 35.9514378 ] } },
{ "type": "Feature", "properties": { "内容": "デイサービス　ソラスト七里【通所介護】埼玉県さいたま市見沼区東宮下４７４", "url": "https://www.kaigokensaku.mhlw.go.jp/11/index.php?action_kouhyou_detail_004_kani=true&JigyosyoCd=1176508701-00&ServiceCd=150&Type=search", "url2": "http://www.solasto.co.jp" }, "geometry": { "type": "Point", "coordinates": [ 139.680704699999978, 35.93051 ] } },
{ "type": "Feature", "properties": { "内容": "大宮東ケアセンターそよ風【通所介護】埼玉県さいたま市見沼区大字南中野1135-7", "url": "https://www.kaigokensaku.mhlw.go.jp/11/index.php?action_kouhyou_detail_004_kani=true&JigyosyoCd=1176505350-00&ServiceCd=150&Type=search", "url2": "ｈｔｔｐ：//www.sykz.co.jp/" }, "geometry": { "type": "Point", "coordinates": [ 139.6635844, 35.9186582 ] } },
{ "type": "Feature", "properties": { "内容": "ツクイさいたま見沼【通所介護】さいたま市見沼区深作3-17-5", "url": "https://www.kaigokensaku.mhlw.go.jp/11/index.php?action_kouhyou_detail_004_kani=true&JigyosyoCd=1176509014-00&ServiceCd=150&Type=search", "url2": "https://www.tsukui.net/home-care/2502/" }, "geometry": { "type": "Point", "coordinates": [ 139.661883499999931, 35.9523541 ] } },
{ "type": "Feature", "properties": { "内容": "かがやきデイサービス東大宮【通所介護】埼玉県さいたま市見沼区島町301", "url": "https://www.kaigokensaku.mhlw.go.jp/11/index.php?action_kouhyou_detail_004_kani=true&JigyosyoCd=1176513016-00&ServiceCd=150&Type=search", "url2": "http://www.ymmd.co.jp" }, "geometry": { "type": "Point", "coordinates": [ 139.652818, 35.9430604 ] } },
{ "type": "Feature", "properties": { "内容": "リハ倶楽部風凛【通所介護】さいたま市見沼区東大宮６－２８－９", "url": "https://www.kaigokensaku.mhlw.go.jp/11/index.php?action_kouhyou_detail_004_kani=true&JigyosyoCd=1176509022-00&ServiceCd=150&Type=search", "url2": "http://www.リハ倶楽部.com" }, "geometry": { "type": "Point", "coordinates": [ 139.6469988, 35.9504842 ] } },
{ "type": "Feature", "properties": { "内容": "リハビリ&デイサービス　ダイアリー【通所介護】埼玉県さいたま市見沼区南中野930-1", "url": "https://www.kaigokensaku.mhlw.go.jp/11/index.php?action_kouhyou_detail_004_kani=true&JigyosyoCd=1176510251-00&ServiceCd=150&Type=search", "url2": "http://heart-art.co.jp" }, "geometry": { "type": "Point", "coordinates": [ 139.662987719039677, 35.914861634728794 ] } },
{ "type": "Feature", "properties": { "内容": "七里ホームひざこデイサービスセンター【通所介護】埼玉県さいたま市見沼区膝子785-4ケアサポートサロン七里ホームひざこ", "url": "https://www.kaigokensaku.mhlw.go.jp/11/index.php?action_kouhyou_detail_004_kani=true&JigyosyoCd=1176520029-00&ServiceCd=150&Type=search", "url2": "https://www.keijuen.info/hizako" }, "geometry": { "type": "Point", "coordinates": [ 139.682264, 35.9233127 ] } },
{ "type": "Feature", "properties": { "内容": "ツクイさいたま見沼南中丸【通所介護】埼玉県さいたま市見沼区南中丸436-1", "url": "https://www.kaigokensaku.mhlw.go.jp/11/index.php?action_kouhyou_detail_004_kani=true&JigyosyoCd=1176520755-00&ServiceCd=150&Type=search", "url2": "https://www.tsukui.net/home-care/2798/" }, "geometry": { "type": "Point", "coordinates": [ 139.654630426458738, 35.918676024543437 ] } },
{ "type": "Feature", "properties": { "内容": "大宮見沼ケアセンターそよ風【通所介護】さいたま市見沼区南中丸318-1", "url": "https://www.kaigokensaku.mhlw.go.jp/11/index.php?action_kouhyou_detail_004_kani=true&JigyosyoCd=1176509055-00&ServiceCd=150&Type=search", "url2": "http://www.sykz.co.jp" }, "geometry": { "type": "Point", "coordinates": [ 139.653363099999979, 35.917983 ] } },
{ "type": "Feature", "properties": { "内容": "カナリア　デイサロン【通所介護】埼玉県さいたま市見沼区大和田町1丁目205ラック大和田１F", "url": "https://www.kaigokensaku.mhlw.go.jp/11/index.php?action_kouhyou_detail_004_kani=true&JigyosyoCd=1176520045-00&ServiceCd=150&Type=search", "url2": "http://tan591466.studio.site/" }, "geometry": { "type": "Point", "coordinates": [ 139.645303632874544, 35.918017655223679 ] } },
{ "type": "Feature", "properties": { "内容": "敬寿園デイサービスセンター【通所介護】さいたま市見沼区大字片柳１２９８番地", "url": "https://www.kaigokensaku.mhlw.go.jp/11/index.php?action_kouhyou_detail_004_kani=true&JigyosyoCd=1170300444-00&ServiceCd=150&Type=search", "url2": "https://www.keijuen.info/" }, "geometry": { "type": "Point", "coordinates": [ 139.691918046279824, 35.904972305489679 ] } },
{ "type": "Feature", "properties": { "内容": "さいたまやすらぎの里【通所介護】埼玉県さいたま市見沼区卸町２－21－1", "url": "https://www.kaigokensaku.mhlw.go.jp/11/index.php?action_kouhyou_detail_004_kani=true&JigyosyoCd=1176502894-00&ServiceCd=150&Type=search", "url2": "http://www.anshin-gr.jp" }, "geometry": { "type": "Point", "coordinates": [ 139.678159599999958, 35.951438 ] } },
{ "type": "Feature", "properties": { "内容": "敬寿園七里ホームデイサービスセンター【通所介護】埼玉県さいたま市見沼区大谷2022-1", "url": "https://www.kaigokensaku.mhlw.go.jp/11/index.php?action_kouhyou_detail_004_kani=true&JigyosyoCd=1176513404-00&ServiceCd=150&Type=search", "url2": "https://www.keijuen.info/nanasato" }, "geometry": { "type": "Point", "coordinates": [ 139.674700859307904, 35.925766393931625 ] } },
{ "type": "Feature", "properties": { "内容": "ブルーミングケア大宮御蔵【通所介護】埼玉県さいたま市見沼区御蔵118-1", "url": "https://www.kaigokensaku.mhlw.go.jp/11/index.php?action_kouhyou_detail_004_kani=true&JigyosyoCd=1176516670-00&ServiceCd=150&Type=search", "url2": null }, "geometry": { "type": "Point", "coordinates": [ 139.6685917, 35.9110273 ] } },
{ "type": "Feature", "properties": { "内容": "春野ケアセンターそよ風【通所介護】埼玉県さいたま市見沼区深作2-10-10", "url": "https://www.kaigokensaku.mhlw.go.jp/11/index.php?action_kouhyou_detail_004_kani=true&JigyosyoCd=1176509519-00&ServiceCd=150&Type=search", "url2": "http://www.sykz.co.jp/" }, "geometry": { "type": "Point", "coordinates": [ 139.6690883, 35.95141 ] } },
{ "type": "Feature", "properties": { "内容": "デイサービス　さわやか【通所介護】埼玉県さいたま市見沼区笹丸167なし", "url": "https://www.kaigokensaku.mhlw.go.jp/11/index.php?action_kouhyou_detail_004_kani=true&JigyosyoCd=1176515359-00&ServiceCd=150&Type=search", "url2": "なし" }, "geometry": { "type": "Point", "coordinates": [ 139.6751912, 35.9112264 ] } },
{ "type": "Feature", "properties": { "内容": "デイサービス　風　さやか【通所介護】埼玉県さいたま市見沼区堀崎町1623", "url": "https://www.kaigokensaku.mhlw.go.jp/11/index.php?action_kouhyou_detail_004_kani=true&JigyosyoCd=1176512869-00&ServiceCd=150&Type=search", "url2": "http://waraku-navi.net/winghome/index.html" }, "geometry": { "type": "Point", "coordinates": [ 139.649361402763361, 35.940800630429564 ] } },
{ "type": "Feature", "properties": { "内容": "諏訪の苑　デイサービスセンター【通所介護】さいたま市見沼区南中野２９番地特別養護老人ホーム諏訪の苑", "url": "https://www.kaigokensaku.mhlw.go.jp/11/index.php?action_kouhyou_detail_004_kani=true&JigyosyoCd=1170300295-00&ServiceCd=150&Type=search", "url2": "http://suwanoen.jp/" }, "geometry": { "type": "Point", "coordinates": [ 139.660893399999964, 35.904582 ] } },
{ "type": "Feature", "properties": { "内容": "ﾘﾌﾟﾗｽﾃﾞｲｻｰﾋﾞｽ見沼【通所介護】埼玉県さいたま市見沼区大字東宮下３３２－３", "url": "https://www.kaigokensaku.mhlw.go.jp/11/index.php?action_kouhyou_detail_004_kani=true&JigyosyoCd=1176521100-00&ServiceCd=150&Type=search", "url2": "https://www.saint-care.com/replus/" }, "geometry": { "type": "Point", "coordinates": [ 139.676965195631396, 35.928252677902343 ] } },
{ "type": "Feature", "properties": { "内容": "コンパスウォーク大和田【通所介護】大和田町1-893-1", "url": "https://www.kaigokensaku.mhlw.go.jp/11/index.php?action_kouhyou_detail_004_kani=true&JigyosyoCd=1176516803-00&ServiceCd=150&Type=search", "url2": null }, "geometry": { "type": "Point", "coordinates": [ 139.64818, 35.9241516 ] } },
{ "type": "Feature", "properties": { "内容": "ソレイルミナーレ大宮東新井【通所介護】東新井891-1", "url": "https://www.kaigokensaku.mhlw.go.jp/11/index.php?action_kouhyou_detail_004_kani=true&JigyosyoCd=1176521670-00&ServiceCd=150&Type=search", "url2": "https://ll-design.co.jp/" }, "geometry": { "type": "Point", "coordinates": [ 139.664836118385352, 35.902252135818138 ] } },
{ "type": "Feature", "properties": { "内容": "デイサービスセンターりはせんそよ風【通所介護】さいたま市見沼区蓮沼1500-1", "url": "https://www.kaigokensaku.mhlw.go.jp/11/index.php?action_kouhyou_detail_004_kani=true&JigyosyoCd=1176505509-00&ServiceCd=150&Type=search", "url2": "http://www.sykz.co.jp" }, "geometry": { "type": "Point", "coordinates": [ 139.664481600000045, 35.926268 ] } },
{ "type": "Feature", "properties": { "内容": "コンパスウオーク南中野【通所介護】埼玉県さいたま市見沼区南中野835－1", "url": "https://www.kaigokensaku.mhlw.go.jp/11/index.php?action_kouhyou_detail_004_kani=true&JigyosyoCd=1176518809-00&ServiceCd=150&Type=search", "url2": "https://reha-compass.com/" }, "geometry": { "type": "Point", "coordinates": [ 139.6642041, 35.9098975 ] } },
{ "type": "Feature", "properties": { "内容": "見沼北ケアセンターそよ風【通所介護】埼玉県さいたま市見沼区東大宮4-40-2", "url": "https://www.kaigokensaku.mhlw.go.jp/11/index.php?action_kouhyou_detail_004_kani=true&JigyosyoCd=1176510541-00&ServiceCd=150&Type=search", "url2": null }, "geometry": { "type": "Point", "coordinates": [ 139.636630299999979, 35.9522306 ] } },
{ "type": "Feature", "properties": { "内容": "個リハplus【通所介護】東大宮5-33-15", "url": "https://www.kaigokensaku.mhlw.go.jp/11/index.php?action_kouhyou_detail_004_kani=true&JigyosyoCd=1176520524-00&ServiceCd=150&Type=search", "url2": null }, "geometry": { "type": "Point", "coordinates": [ 139.6444181, 35.9474503 ] } },
{ "type": "Feature", "properties": { "内容": "与野本町デイサービスセンター【通所介護】埼玉県さいたま市中央区本町東４－７－２０", "url": "https://www.kaigokensaku.mhlw.go.jp/11/index.php?action_kouhyou_detail_004_kani=true&JigyosyoCd=1176518064-00&ServiceCd=150&Type=search", "url2": null }, "geometry": { "type": "Point", "coordinates": [ 139.6221908, 35.8854477 ] } },
{ "type": "Feature", "properties": { "内容": "ナーシングヴィラ与野【通所介護】さいたま市中央区本町東６－１０－１", "url": "https://www.kaigokensaku.mhlw.go.jp/11/index.php?action_kouhyou_detail_004_kani=true&JigyosyoCd=1176509345-00&ServiceCd=150&Type=search", "url2": "http://www.saitama-ni.com" }, "geometry": { "type": "Point", "coordinates": [ 139.617588599999976, 35.8935552 ] } },
{ "type": "Feature", "properties": { "内容": "街なかデイサービス金太郎【通所介護】さいたま市中央区下落合2-2-26華ビル4階", "url": "https://www.kaigokensaku.mhlw.go.jp/11/index.php?action_kouhyou_detail_004_kani=true&JigyosyoCd=1176515540-00&ServiceCd=150&Type=search", "url2": null }, "geometry": { "type": "Point", "coordinates": [ 139.635648899999978, 35.8817071 ] } },
{ "type": "Feature", "properties": { "内容": "与野ケアセンターそよ風【通所介護】埼玉県さいたま市中央区桜丘1-11-11", "url": "https://www.kaigokensaku.mhlw.go.jp/11/index.php?action_kouhyou_detail_004_kani=true&JigyosyoCd=1171500232-00&ServiceCd=150&Type=search", "url2": null }, "geometry": { "type": "Point", "coordinates": [ 139.615636900000027, 35.8793152 ] } },
{ "type": "Feature", "properties": { "内容": "ツクイさいたま円阿弥【通所介護】円阿弥2-3-22", "url": "https://www.kaigokensaku.mhlw.go.jp/11/index.php?action_kouhyou_detail_004_kani=true&JigyosyoCd=1176514014-00&ServiceCd=150&Type=search", "url2": "saitama-ennami@net,jp" }, "geometry": { "type": "Point", "coordinates": [ 139.610445300000038, 35.8849672 ] } },
{ "type": "Feature", "properties": { "内容": "リハデイ　トラストケア桜【通所介護】埼玉県さいたま市中央区鈴谷4-10-51階", "url": "https://www.kaigokensaku.mhlw.go.jp/11/index.php?action_kouhyou_detail_004_kani=true&JigyosyoCd=1176519773-00&ServiceCd=150&Type=search", "url2": null }, "geometry": { "type": "Point", "coordinates": [ 139.6240204, 35.8726952 ] } },
{ "type": "Feature", "properties": { "内容": "デイサービスセンター　トレセン上峰【通所介護】埼玉県さいたま市中央区上峰4-3-16", "url": "https://www.kaigokensaku.mhlw.go.jp/11/index.php?action_kouhyou_detail_004_kani=true&JigyosyoCd=1176519179-00&ServiceCd=150&Type=search", "url2": "http://maple.gravitycrop.com/" }, "geometry": { "type": "Point", "coordinates": [ 139.620662, 35.8764954 ] } },
{ "type": "Feature", "properties": { "内容": "活々道場　ひばり鈴谷【通所介護】埼玉県さいたま市中央区鈴谷6-8-18", "url": "https://www.kaigokensaku.mhlw.go.jp/11/index.php?action_kouhyou_detail_004_kani=true&JigyosyoCd=1176508420-00&ServiceCd=150&Type=search", "url2": "www.hibari-care.com" }, "geometry": { "type": "Point", "coordinates": [ 139.6278221, 35.8755132 ] } },
{ "type": "Feature", "properties": { "内容": "でいとれセンターひばり円阿弥【通所介護】埼玉県さいたま市中央区円阿弥3-2-3　グランデ・パゾ1Ｆ", "url": "https://www.kaigokensaku.mhlw.go.jp/11/index.php?action_kouhyou_detail_004_kani=true&JigyosyoCd=1176507265-00&ServiceCd=150&Type=search", "url2": "www.hibari-care.com" }, "geometry": { "type": "Point", "coordinates": [ 139.612017199999968, 35.8885001 ] } },
{ "type": "Feature", "properties": { "内容": "アンソレイエ北与野【通所介護】埼玉県さいたま市中央区上落合4-3-1　北与野Ｎビル3Ｆ", "url": "https://www.kaigokensaku.mhlw.go.jp/11/index.php?action_kouhyou_detail_004_kani=true&JigyosyoCd=1176514758-00&ServiceCd=150&Type=search", "url2": null }, "geometry": { "type": "Point", "coordinates": [ 139.6262623, 35.8926029 ] } },
{ "type": "Feature", "properties": { "内容": "リハ倶楽部　水凛【通所介護】さいたま市中央区八王子１－４－１０", "url": "https://www.kaigokensaku.mhlw.go.jp/11/index.php?action_kouhyou_detail_004_kani=true&JigyosyoCd=1176516993-00&ServiceCd=150&Type=search", "url2": "http://リハ倶楽部.com" }, "geometry": { "type": "Point", "coordinates": [ 139.6145828, 35.8850935 ] } },
{ "type": "Feature", "properties": { "内容": "脳トレ麻雀デイサービス・ウェルチャオ与野【通所介護】埼玉県さいたま市中央区本町東5丁目9-4松本店舗１階", "url": "https://www.kaigokensaku.mhlw.go.jp/11/index.php?action_kouhyou_detail_004_kani=true&JigyosyoCd=1176520854-00&ServiceCd=150&Type=search", "url2": "https://www.welchao.com/" }, "geometry": { "type": "Point", "coordinates": [ 139.6193098, 35.8876779 ] } },
{ "type": "Feature", "properties": { "内容": "ジョイリハさいたま与野【通所介護】下落合１０７９－１", "url": "https://www.kaigokensaku.mhlw.go.jp/11/index.php?action_kouhyou_detail_004_kani=true&JigyosyoCd=1176520250-00&ServiceCd=150&Type=search", "url2": "https://joyreha.co.jp/shop/" }, "geometry": { "type": "Point", "coordinates": [ 139.7000721, 35.7179937 ] } },
{ "type": "Feature", "properties": { "内容": "あしすとリハ　与野【通所介護】埼玉県さいたま市中央区八王子3－30－1", "url": "https://www.kaigokensaku.mhlw.go.jp/11/index.php?action_kouhyou_detail_004_kani=true&JigyosyoCd=1176516241-00&ServiceCd=150&Type=search", "url2": "https://medicalassist-s.com/" }, "geometry": { "type": "Point", "coordinates": [ 139.612900800000034, 35.8828508 ] } },
{ "type": "Feature", "properties": { "内容": "ヒューマンライフケア南与野の湯【通所介護】さいたま市中央区鈴谷2-549-24", "url": "https://www.kaigokensaku.mhlw.go.jp/11/index.php?action_kouhyou_detail_004_kani=true&JigyosyoCd=1176508404-00&ServiceCd=150&Type=search", "url2": "http://hlc.athuman.com/caresearch/saitama/351411/index.php?sisetu=14" }, "geometry": { "type": "Point", "coordinates": [ 139.63127259999996, 35.8672014 ] } },
{ "type": "Feature", "properties": { "内容": "指定通所介護事業所　きりしき【通所介護】さいたま市中央区新中里2-8-6", "url": "https://www.kaigokensaku.mhlw.go.jp/11/index.php?action_kouhyou_detail_004_kani=true&JigyosyoCd=1171500075-00&ServiceCd=150&Type=search", "url2": "http://www.kirishiki.jp/" }, "geometry": { "type": "Point", "coordinates": [ 139.6340801, 35.8718805 ] } },
{ "type": "Feature", "properties": { "内容": "デイサービス　ソラストさいたま中央【通所介護】埼玉県さいたま市中央区鈴谷8-2-5", "url": "https://www.kaigokensaku.mhlw.go.jp/11/index.php?action_kouhyou_detail_004_kani=true&JigyosyoCd=1176518494-00&ServiceCd=150&Type=search", "url2": "https://solasto-kaigo.com/care/area/dayservice-saitamachuou.html" }, "geometry": { "type": "Point", "coordinates": [ 139.626143614016684, 35.876805019876926 ] } },
{ "type": "Feature", "properties": { "内容": "コンパスウォーク上落合【通所介護】埼玉県さいたま市中央区上落合8-6-9", "url": "https://www.kaigokensaku.mhlw.go.jp/11/index.php?action_kouhyou_detail_004_kani=true&JigyosyoCd=1176516050-00&ServiceCd=150&Type=search", "url2": "https://keigo-group.co.jp/shop/saitamaken/7528/" }, "geometry": { "type": "Point", "coordinates": [ 139.6214015, 35.8996072 ] } },
{ "type": "Feature", "properties": { "内容": "でいとれセンターひばり南与野【通所介護】さいたま市中央区鈴谷２－１２３０－１", "url": "https://www.kaigokensaku.mhlw.go.jp/11/index.php?action_kouhyou_detail_004_kani=true&JigyosyoCd=1176512174-00&ServiceCd=150&Type=search", "url2": "http://www.hibari-care.com/index.html" }, "geometry": { "type": "Point", "coordinates": [ 139.630850509262018, 35.869431798372645 ] } },
{ "type": "Feature", "properties": { "内容": "デイサービスセンター　さいたまロイヤルの園【通所介護】埼玉県さいたま市桜区大字五関３９６番地２", "url": "https://www.kaigokensaku.mhlw.go.jp/11/index.php?action_kouhyou_detail_004_kani=true&JigyosyoCd=1176506119-00&ServiceCd=150&Type=search", "url2": "http://www.wam-town.jp/saitama/" }, "geometry": { "type": "Point", "coordinates": [ 139.595542099999989, 35.8663717 ] } },
{ "type": "Feature", "properties": { "内容": "アズハイム中浦和デイサービスセンター【通所介護】さいたま市桜区西堀２－２１－１１", "url": "https://www.kaigokensaku.mhlw.go.jp/11/index.php?action_kouhyou_detail_004_kani=true&JigyosyoCd=1176509121-00&ServiceCd=150&Type=search", "url2": "http://www.as-heim.com" }, "geometry": { "type": "Point", "coordinates": [ 139.632022499999948, 35.8543102 ] } },
{ "type": "Feature", "properties": { "内容": "ニチイケアセンター浦和【通所介護】埼玉県さいたま市桜区下大久保186-7", "url": "https://www.kaigokensaku.mhlw.go.jp/11/index.php?action_kouhyou_detail_004_kani=true&JigyosyoCd=1170100885-00&ServiceCd=150&Type=search", "url2": "http://www.nichiigakkan.co.jp" }, "geometry": { "type": "Point", "coordinates": [ 139.609827599999988, 35.8639044 ] } },
{ "type": "Feature", "properties": { "内容": "桜中央ケアセンターそよ風【通所介護】埼玉県さいたま市桜区中島１－３－１４", "url": "https://www.kaigokensaku.mhlw.go.jp/11/index.php?action_kouhyou_detail_004_kani=true&JigyosyoCd=1176511564-00&ServiceCd=150&Type=search", "url2": "http://www.sykz.co.jp" }, "geometry": { "type": "Point", "coordinates": [ 139.6265588, 35.864995 ] } },
{ "type": "Feature", "properties": { "内容": "ツクイさいたま西浦和【通所介護】さいたま市桜区田島２－５－２３", "url": "https://www.kaigokensaku.mhlw.go.jp/11/index.php?action_kouhyou_detail_004_kani=true&JigyosyoCd=1170100448-00&ServiceCd=150&Type=search", "url2": "http://www.tsukui.net" }, "geometry": { "type": "Point", "coordinates": [ 139.633331, 35.8450557 ] } },
{ "type": "Feature", "properties": { "内容": "あずみ苑五関【通所介護】埼玉県さいたま市桜区大字五関２９番地１", "url": "https://www.kaigokensaku.mhlw.go.jp/11/index.php?action_kouhyou_detail_004_kani=true&JigyosyoCd=1176506796-00&ServiceCd=150&Type=search", "url2": "http://www.azumien.jp/" }, "geometry": { "type": "Point", "coordinates": [ 139.598799900000017, 35.872748799999989 ] } },
{ "type": "Feature", "properties": { "内容": "かがやきデイサービス南与野【通所介護】栄和四丁目２１番１４号かがやきデイサービス南与野", "url": "https://www.kaigokensaku.mhlw.go.jp/11/index.php?action_kouhyou_detail_004_kani=true&JigyosyoCd=1176520292-00&ServiceCd=150&Type=search", "url2": "https://www.ymmd.co.jp" }, "geometry": { "type": "Point", "coordinates": [ 139.616062492590316, 35.868886574513191 ] } },
{ "type": "Feature", "properties": { "内容": "ゆめの園りふれ浦和デイサービスセンター【通所介護】埼玉県さいたま市桜区西堀９－９－２３", "url": "https://www.kaigokensaku.mhlw.go.jp/11/index.php?action_kouhyou_detail_004_kani=true&JigyosyoCd=1176511325-00&ServiceCd=150&Type=search", "url2": "http://www.happynet.or.jp" }, "geometry": { "type": "Point", "coordinates": [ 139.633237892729198, 35.862374612027075 ] } },
{ "type": "Feature", "properties": { "内容": "デイサービスセンターしあわせ三橋【通所介護】埼玉県さいたま市桜区上大久保55-1", "url": "https://www.kaigokensaku.mhlw.go.jp/11/index.php?action_kouhyou_detail_004_kani=true&JigyosyoCd=1176505566-00&ServiceCd=150&Type=search", "url2": "http://www.cureizu.jp/" }, "geometry": { "type": "Point", "coordinates": [ 139.611120443555365, 35.865922328713062 ] } },
{ "type": "Feature", "properties": { "内容": "笑美の郷【通所介護】埼玉県さいたま市桜区五関753-1", "url": "https://www.kaigokensaku.mhlw.go.jp/11/index.php?action_kouhyou_detail_004_kani=true&JigyosyoCd=1176515854-00&ServiceCd=150&Type=search", "url2": "http://www.syoubi-sato.com/" }, "geometry": { "type": "Point", "coordinates": [ 139.595494, 35.8659318 ] } },
{ "type": "Feature", "properties": { "内容": "リハサービス西浦和【通所介護】さいたま市桜区田島４－３８－３", "url": "https://www.kaigokensaku.mhlw.go.jp/11/index.php?action_kouhyou_detail_004_kani=true&JigyosyoCd=1176505053-00&ServiceCd=150&Type=search", "url2": "http://artlife.bz" }, "geometry": { "type": "Point", "coordinates": [ 139.627056499999981, 35.8486386 ] } },
{ "type": "Feature", "properties": { "内容": "エクラシア南与野【通所介護】埼玉県さいたま市桜区栄和2-24-18エクラシア南与野", "url": "https://www.kaigokensaku.mhlw.go.jp/11/index.php?action_kouhyou_detail_004_kani=true&JigyosyoCd=1176518940-00&ServiceCd=150&Type=search", "url2": null }, "geometry": { "type": "Point", "coordinates": [ 139.6157256, 35.8625253 ] } },
{ "type": "Feature", "properties": { "内容": "コンパスウォーク与野【通所介護】大字白鍬39-2白鍬サンハイツ", "url": "https://www.kaigokensaku.mhlw.go.jp/11/index.php?action_kouhyou_detail_004_kani=true&JigyosyoCd=1176516233-00&ServiceCd=150&Type=search", "url2": "https://www.famstation.jp/" }, "geometry": { "type": "Point", "coordinates": [ 139.604057499999954, 35.8763458 ] } },
{ "type": "Feature", "properties": { "内容": "エクラシア与野西【通所介護】さいたま市桜区神田330番地", "url": "https://www.kaigokensaku.mhlw.go.jp/11/index.php?action_kouhyou_detail_004_kani=true&JigyosyoCd=1176518387-00&ServiceCd=150&Type=search", "url2": "https://www.welloff.co.jp/wp/about/" }, "geometry": { "type": "Point", "coordinates": [ 139.602385, 35.87171 ] } },
{ "type": "Feature", "properties": { "内容": "デイサービスセンターエクラシア与野【通所介護】埼玉県さいたま市桜区神田72", "url": "https://www.kaigokensaku.mhlw.go.jp/11/index.php?action_kouhyou_detail_004_kani=true&JigyosyoCd=1176514949-00&ServiceCd=150&Type=search", "url2": null }, "geometry": { "type": "Point", "coordinates": [ 139.6108375, 35.8742324 ] } },
{ "type": "Feature", "properties": { "内容": "ファミタウン西浦和駅前【通所介護】埼玉県さいたま市桜区田島５丁目２４番１号", "url": "https://www.kaigokensaku.mhlw.go.jp/11/index.php?action_kouhyou_detail_004_kani=true&JigyosyoCd=1176518023-00&ServiceCd=150&Type=search", "url2": "https://www.famitown-nishiurawa.com/" }, "geometry": { "type": "Point", "coordinates": [ 139.6291273, 35.8436025 ] } },
{ "type": "Feature", "properties": { "内容": "パナソニックエイジフリーケアセンター中浦和・デイサービス【通所介護】埼玉県さいたま市桜区西堀1丁目-11-32", "url": "https://www.kaigokensaku.mhlw.go.jp/11/index.php?action_kouhyou_detail_004_kani=true&JigyosyoCd=1176515565-00&ServiceCd=150&Type=search", "url2": "https://sumai.panasonic.jp/agefree/" }, "geometry": { "type": "Point", "coordinates": [ 139.6365465, 35.8555215 ] } },
{ "type": "Feature", "properties": { "内容": "まいすまいる【通所介護】針ヶ谷2-9-2シティパル童夢1階1号室", "url": "https://www.kaigokensaku.mhlw.go.jp/11/index.php?action_kouhyou_detail_004_kani=true&JigyosyoCd=1176521548-00&ServiceCd=150&Type=search", "url2": null }, "geometry": { "type": "Point", "coordinates": [ 139.641383499999989, 35.8798896 ] } },
{ "type": "Feature", "properties": { "内容": "でいとれセンターひばり北浦和【通所介護】埼玉県さいたま市浦和区針ヶ谷４－１－２３北浦和住宅６号棟", "url": "https://www.kaigokensaku.mhlw.go.jp/11/index.php?action_kouhyou_detail_004_kani=true&JigyosyoCd=1176515896-00&ServiceCd=150&Type=search", "url2": null }, "geometry": { "type": "Point", "coordinates": [ 139.63840730000004, 35.8773938 ] } },
{ "type": "Feature", "properties": { "内容": "浦和ふれあいの里　デイサービスセンター【通所介護】さいたま市浦和区領家6-10-7", "url": "https://www.kaigokensaku.mhlw.go.jp/11/index.php?action_kouhyou_detail_004_kani=true&JigyosyoCd=1176511408-00&ServiceCd=150&Type=search", "url2": "www.anshin.or.jp" }, "geometry": { "type": "Point", "coordinates": [ 139.648064699999964, 35.8803269 ] } },
{ "type": "Feature", "properties": { "内容": "社会福祉法人エンゼル会老人デイサービスセンターフロール【通所介護】埼玉県さいたま市浦和区神明2-21-14", "url": "https://www.kaigokensaku.mhlw.go.jp/11/index.php?action_kouhyou_detail_004_kani=true&JigyosyoCd=1170100471-00&ServiceCd=150&Type=search", "url2": "http://fleur.or.jp/" }, "geometry": { "type": "Point", "coordinates": [ 139.6600257, 35.8500194 ] } },
{ "type": "Feature", "properties": { "内容": "カインドケア北浦和【通所介護】埼玉県さいたま市浦和区瀬ケ崎2丁目4番20桜ガーデン北浦和　1階", "url": "https://www.kaigokensaku.mhlw.go.jp/11/index.php?action_kouhyou_detail_004_kani=true&JigyosyoCd=1176519690-00&ServiceCd=150&Type=search", "url2": null }, "geometry": { "type": "Point", "coordinates": [ 139.6599704, 35.8782977 ] } },
{ "type": "Feature", "properties": { "内容": "本太ケアセンターそよ風【通所介護】さいたま市浦和区本太１－１４－６", "url": "https://www.kaigokensaku.mhlw.go.jp/11/index.php?action_kouhyou_detail_004_kani=true&JigyosyoCd=1176510533-00&ServiceCd=150&Type=search", "url2": "http://www.unimat-rc.co.jp" }, "geometry": { "type": "Point", "coordinates": [ 139.664341599999943, 35.8633099 ] } },
{ "type": "Feature", "properties": { "内容": "でいとれセンターひばり領家【通所介護】埼玉県さいたま市浦和区領家3-10-11", "url": "https://www.kaigokensaku.mhlw.go.jp/11/index.php?action_kouhyou_detail_004_kani=true&JigyosyoCd=1176519187-00&ServiceCd=150&Type=search", "url2": "http://www.hibari-care.com" }, "geometry": { "type": "Point", "coordinates": [ 139.6584019, 35.875208 ] } },
{ "type": "Feature", "properties": { "内容": "かさい医院デイセンター健康ざんまい【通所介護】さいたま市浦和区針ヶ谷2-14-3", "url": "https://www.kaigokensaku.mhlw.go.jp/11/index.php?action_kouhyou_detail_004_kani=true&JigyosyoCd=1176506663-00&ServiceCd=150&Type=search", "url2": "kasai-iin.com" }, "geometry": { "type": "Point", "coordinates": [ 139.643919065359427, 35.882631464355875 ] } },
{ "type": "Feature", "properties": { "内容": "和の杜　デイサービス【通所介護】埼玉県さいたま市浦和区木崎２丁目５番地１７号", "url": "https://www.kaigokensaku.mhlw.go.jp/11/index.php?action_kouhyou_detail_004_kani=true&JigyosyoCd=1176517983-00&ServiceCd=150&Type=search", "url2": null }, "geometry": { "type": "Point", "coordinates": [ 139.6577044, 35.885241 ] } },
{ "type": "Feature", "properties": { "内容": "ニチイケアセンター上木崎【通所介護】埼玉県さいたま市浦和区上木崎3-1-10", "url": "https://www.kaigokensaku.mhlw.go.jp/11/index.php?action_kouhyou_detail_004_kani=true&JigyosyoCd=1176504353-00&ServiceCd=150&Type=search", "url2": "http://www.nichiigakkann.co.jp" }, "geometry": { "type": "Point", "coordinates": [ 139.643385347885072, 35.887598959131715 ] } },
{ "type": "Feature", "properties": { "内容": "ことぶきハウス浦和【通所介護】さいたま市さいたま市浦和区東岸町３－１１１F", "url": "https://www.kaigokensaku.mhlw.go.jp/11/index.php?action_kouhyou_detail_004_kani=true&JigyosyoCd=1176520151-00&ServiceCd=150&Type=search", "url2": "https://kotobuki-dayservice.com/" }, "geometry": { "type": "Point", "coordinates": [ 139.6618722, 35.855828 ] } },
{ "type": "Feature", "properties": { "内容": "デイサービス　ふあり常盤【通所介護】埼玉県さいたま市浦和区北浦和5-15-45サービス付き高齢者向け住宅　至誠ノ杜", "url": "https://www.kaigokensaku.mhlw.go.jp/11/index.php?action_kouhyou_detail_004_kani=true&JigyosyoCd=1176515292-00&ServiceCd=150&Type=search", "url2": null }, "geometry": { "type": "Point", "coordinates": [ 139.63894, 35.8758734 ] } },
{ "type": "Feature", "properties": { "内容": "浦和ケアセンターそよ風【通所介護】埼玉県さいたま市浦和区本太2-1-2", "url": "https://www.kaigokensaku.mhlw.go.jp/11/index.php?action_kouhyou_detail_004_kani=true&JigyosyoCd=1176510525-00&ServiceCd=150&Type=search", "url2": null }, "geometry": { "type": "Point", "coordinates": [ 139.657858799999985, 35.8626932 ] } },
{ "type": "Feature", "properties": { "内容": "癒しのデイサービス浦和【通所介護】埼玉県さいたま市浦和区本太3-24-6", "url": "https://www.kaigokensaku.mhlw.go.jp/11/index.php?action_kouhyou_detail_004_kani=true&JigyosyoCd=1176507612-00&ServiceCd=150&Type=search", "url2": "http://www.riei.co.jp" }, "geometry": { "type": "Point", "coordinates": [ 139.655019353087226, 35.867378239340582 ] } },
{ "type": "Feature", "properties": { "内容": "コンパスウォーク上木崎【通所介護】埼玉県さいたま市浦和区上木崎2-2-3", "url": "https://www.kaigokensaku.mhlw.go.jp/11/index.php?action_kouhyou_detail_004_kani=true&JigyosyoCd=1176517710-00&ServiceCd=150&Type=search", "url2": "https://kinoukaifuku.com/shop/shop_info/kanto/saitama/110001/110001_042/110001_042.html" }, "geometry": { "type": "Point", "coordinates": [ 139.63968, 35.8860167 ] } },
{ "type": "Feature", "properties": { "内容": "康成デイサービスリハステーション【通所介護】さいたま市浦和区常盤９－４－８康成クリニック２F", "url": "https://www.kaigokensaku.mhlw.go.jp/11/index.php?action_kouhyou_detail_004_kani=true&JigyosyoCd=1176505491-00&ServiceCd=150&Type=search", "url2": null }, "geometry": { "type": "Point", "coordinates": [ 139.646307, 35.8670926 ] } },
{ "type": "Feature", "properties": { "内容": "リハビリ交流型デイサービスありがたい与野【通所介護】埼玉県さいたま市浦和区6-37-17", "url": "https://www.kaigokensaku.mhlw.go.jp/11/index.php?action_kouhyou_detail_004_kani=true&JigyosyoCd=1176520920-00&ServiceCd=150&Type=search", "url2": "https://arigatai.org/" }, "geometry": { "type": "Point", "coordinates": [ 139.649882100000013, 35.8875638 ] } },
{ "type": "Feature", "properties": { "内容": "コンパスウォーク北浦和【通所介護】元町１－１４－１", "url": "https://www.kaigokensaku.mhlw.go.jp/11/index.php?action_kouhyou_detail_004_kani=true&JigyosyoCd=1176517967-00&ServiceCd=150&Type=search", "url2": "https://www.famstation.jp/" }, "geometry": { "type": "Point", "coordinates": [ 139.652790354604861, 35.869533536403004 ] } },
{ "type": "Feature", "properties": { "内容": "でいとれセンターひばり武蔵浦和【通所介護】埼玉県さいたま市南区鹿手袋4-31-17クラブハウス3F", "url": "https://www.kaigokensaku.mhlw.go.jp/11/index.php?action_kouhyou_detail_004_kani=true&JigyosyoCd=1176505988-00&ServiceCd=150&Type=search", "url2": "http://hibari-care.com" }, "geometry": { "type": "Point", "coordinates": [ 139.639941499999964, 35.8473916 ] } },
{ "type": "Feature", "properties": { "内容": "ジェクサー・プラチナジム南浦和【通所介護】埼玉県さいたま市南区南浦和2-34-9", "url": "https://www.kaigokensaku.mhlw.go.jp/11/index.php?action_kouhyou_detail_004_kani=true&JigyosyoCd=1176511945-00&ServiceCd=150&Type=search", "url2": "https://www.jresports.co.jp" }, "geometry": { "type": "Point", "coordinates": [ 139.67189129999997, 35.849603 ] } },
{ "type": "Feature", "properties": { "内容": "活々道場　ひばり根岸【通所介護】さいたま市南区根岸３－１４－８ディアセブン1階テナント", "url": "https://www.kaigokensaku.mhlw.go.jp/11/index.php?action_kouhyou_detail_004_kani=true&JigyosyoCd=1176510228-00&ServiceCd=150&Type=search", "url2": "http://www.hibari-care.com/" }, "geometry": { "type": "Point", "coordinates": [ 139.662939599999959, 35.8408426 ] } },
{ "type": "Feature", "properties": { "内容": "でいとれセンターひばり浦和中央【通所介護】埼玉県さいたま市南区鹿手袋3-15-13", "url": "https://www.kaigokensaku.mhlw.go.jp/11/index.php?action_kouhyou_detail_004_kani=true&JigyosyoCd=1176518197-00&ServiceCd=150&Type=search", "url2": "http://www.hibari-care.com" }, "geometry": { "type": "Point", "coordinates": [ 139.642324699999989, 35.8493675 ] } },
{ "type": "Feature", "properties": { "内容": "ジェクサー・プラチナジム　コトニア武蔵浦和【通所介護】埼玉県さいたま市南区鹿手袋3-15-21", "url": "https://www.kaigokensaku.mhlw.go.jp/11/index.php?action_kouhyou_detail_004_kani=true&JigyosyoCd=1176516936-00&ServiceCd=150&Type=search", "url2": "https://www.jexer.jp/platinagym/index.html" }, "geometry": { "type": "Point", "coordinates": [ 139.642202130986618, 35.849228417808334 ] } },
{ "type": "Feature", "properties": { "内容": "ジェクサー・プラチナジム武蔵浦和【通所介護】埼玉県さいたま市南区内谷6-5-2", "url": "https://www.kaigokensaku.mhlw.go.jp/11/index.php?action_kouhyou_detail_004_kani=true&JigyosyoCd=1176515961-00&ServiceCd=150&Type=search", "url2": "https://www.jexer.jp/platinagym/index.html" }, "geometry": { "type": "Point", "coordinates": [ 139.65175210000001, 35.8368445 ] } },
{ "type": "Feature", "properties": { "内容": "デイサービスセンター　トレセン六辻【通所介護】さいたま市南区根岸5-8-1", "url": "https://www.kaigokensaku.mhlw.go.jp/11/index.php?action_kouhyou_detail_004_kani=true&JigyosyoCd=1176516274-00&ServiceCd=150&Type=search", "url2": "http://maple.gravitycrop.com/" }, "geometry": { "type": "Point", "coordinates": [ 139.658967699999948, 35.8424284 ] } },
{ "type": "Feature", "properties": { "内容": "ツクイさいたま辻【通所介護】埼玉県さいたま市南区辻6-6-7", "url": "https://www.kaigokensaku.mhlw.go.jp/11/index.php?action_kouhyou_detail_004_kani=true&JigyosyoCd=1176516076-00&ServiceCd=150&Type=search", "url2": "saitama-tsuji@tsukui.net" }, "geometry": { "type": "Point", "coordinates": [ 139.6563009613769, 35.832872107822197 ] } },
{ "type": "Feature", "properties": { "内容": "デイサービスセンター　けやきホームズ【通所介護】さいたま市南区鹿手袋7-13-4", "url": "https://www.kaigokensaku.mhlw.go.jp/11/index.php?action_kouhyou_detail_004_kani=true&JigyosyoCd=1176501359-00&ServiceCd=150&Type=search", "url2": "http://www.koyuzinkai.com" }, "geometry": { "type": "Point", "coordinates": [ 139.635411299999987, 35.8471 ] } },
{ "type": "Feature", "properties": { "内容": "デイサービスセンター　　ル・レーヴ南浦和【通所介護】埼玉県さいたま市南区大谷口967-7", "url": "https://www.kaigokensaku.mhlw.go.jp/11/index.php?action_kouhyou_detail_004_kani=true&JigyosyoCd=1176506044-00&ServiceCd=150&Type=search", "url2": "http://www.medicaldesign.jp" }, "geometry": { "type": "Point", "coordinates": [ 139.681398400000035, 35.8634127 ] } },
{ "type": "Feature", "properties": { "内容": "デイサービスわかくさ【通所介護】さいたま市南区太田窪１９７７－１ケアサポートセンター", "url": "https://www.kaigokensaku.mhlw.go.jp/11/index.php?action_kouhyou_detail_004_kani=true&JigyosyoCd=1176500567-00&ServiceCd=150&Type=search", "url2": "http://www.wakakusa-hospital.com" }, "geometry": { "type": "Point", "coordinates": [ 139.6815292, 35.8528667 ] } },
{ "type": "Feature", "properties": { "内容": "武蔵浦和ケアセンターそよ風【通所介護】埼玉県さいたま市南区内谷５－５－２６", "url": "https://www.kaigokensaku.mhlw.go.jp/11/index.php?action_kouhyou_detail_004_kani=true&JigyosyoCd=1176505517-00&ServiceCd=150&Type=search", "url2": "http://www.unimat-rc.co.jp/" }, "geometry": { "type": "Point", "coordinates": [ 139.644308200000069, 35.8329655 ] } },
{ "type": "Feature", "properties": { "内容": "ニチイケアセンター大谷口【通所介護】埼玉県さいたま市南区大谷口5322", "url": "https://www.kaigokensaku.mhlw.go.jp/11/index.php?action_kouhyou_detail_004_kani=true&JigyosyoCd=1176505079-00&ServiceCd=150&Type=search", "url2": "http://www.nichiigakkan.co.jp" }, "geometry": { "type": "Point", "coordinates": [ 139.69274740000003, 35.8617768 ] } },
{ "type": "Feature", "properties": { "内容": "アズハイムテラス浦和円正寺【通所介護】太田窪3517-11", "url": "https://www.kaigokensaku.mhlw.go.jp/11/index.php?action_kouhyou_detail_004_kani=true&JigyosyoCd=1176516944-00&ServiceCd=150&Type=search", "url2": "https://www.as-partners.co.jp/" }, "geometry": { "type": "Point", "coordinates": [ 139.692967900000014, 35.850449 ] } },
{ "type": "Feature", "properties": { "内容": "でいとれセンターひばり曲本【通所介護】埼玉県さいたま市南区曲本5-8-3カシワ商事ビル201", "url": "https://www.kaigokensaku.mhlw.go.jp/11/index.php?action_kouhyou_detail_004_kani=true&JigyosyoCd=1176507935-00&ServiceCd=150&Type=search", "url2": null }, "geometry": { "type": "Point", "coordinates": [ 139.644669099999987, 35.8379787 ] } },
{ "type": "Feature", "properties": { "内容": "レコードブック南浦和【通所介護】文蔵4-12-6田口ビル1階", "url": "https://www.kaigokensaku.mhlw.go.jp/11/index.php?action_kouhyou_detail_004_kani=true&JigyosyoCd=1176521027-00&ServiceCd=150&Type=search", "url2": "https://www.recordbook.jp/facility/minamiurawa/" }, "geometry": { "type": "Point", "coordinates": [ 139.6720362, 35.8373581 ] } },
{ "type": "Feature", "properties": { "内容": "ことぶきハウス【通所介護】埼玉県さいたま市南区白幡３－２－７オリオンビル１Ｆ", "url": "https://www.kaigokensaku.mhlw.go.jp/11/index.php?action_kouhyou_detail_004_kani=true&JigyosyoCd=1176517116-00&ServiceCd=150&Type=search", "url2": "https://kotobuki-house.net/" }, "geometry": { "type": "Point", "coordinates": [ 139.6533619, 35.8442868 ] } },
{ "type": "Feature", "properties": { "内容": "ゆらＦｉｔ【通所介護】埼玉県さいたま市南区文蔵３－１－２松岡第二ビル　１Ｆ", "url": "https://www.kaigokensaku.mhlw.go.jp/11/index.php?action_kouhyou_detail_004_kani=true&JigyosyoCd=1176516951-00&ServiceCd=150&Type=search", "url2": "http://yurafit.com" }, "geometry": { "type": "Point", "coordinates": [ 139.674424600000066, 35.8422382 ] } },
{ "type": "Feature", "properties": { "内容": "社会福祉法人　潤青会　こもれびの丘デイサービスセンター【通所介護】広ヶ谷戸130－1", "url": "https://www.kaigokensaku.mhlw.go.jp/11/index.php?action_kouhyou_detail_004_kani=true&JigyosyoCd=1176513891-00&ServiceCd=150&Type=search", "url2": null }, "geometry": { "type": "Point", "coordinates": [ 139.686595114433317, 35.860590294025769 ] } },
{ "type": "Feature", "properties": { "内容": "コンパスウォーク南浦和【通所介護】埼玉県さいたま市南区広ケ谷戸249-3", "url": "https://www.kaigokensaku.mhlw.go.jp/11/index.php?action_kouhyou_detail_004_kani=true&JigyosyoCd=1176520649-00&ServiceCd=150&Type=search", "url2": "https://keigo-group.co.jp/shop/saitamaken/2493/" }, "geometry": { "type": "Point", "coordinates": [ 139.686293799999987, 35.8617223 ] } },
{ "type": "Feature", "properties": { "内容": "のぞみリハビリテーション【通所介護】埼玉県さいたま市南区四谷3-13-15セントエルモ武蔵浦和1F", "url": "https://www.kaigokensaku.mhlw.go.jp/11/index.php?action_kouhyou_detail_004_kani=true&JigyosyoCd=1176517736-00&ServiceCd=150&Type=search", "url2": "http://wantstaff.net" }, "geometry": { "type": "Point", "coordinates": [ 139.638201154716739, 35.839144183330539 ] } },
{ "type": "Feature", "properties": { "内容": "デイサービス　ソラスト武蔵浦和【通所介護】埼玉県さいたま市南区白幡４－１９－１第二春日ビル１階", "url": "https://www.kaigokensaku.mhlw.go.jp/11/index.php?action_kouhyou_detail_004_kani=true&JigyosyoCd=1176503256-00&ServiceCd=150&Type=search", "url2": "http://www.solasto.co.jp/" }, "geometry": { "type": "Point", "coordinates": [ 139.652981, 35.8420579 ] } },
{ "type": "Feature", "properties": { "内容": "デイサービスセンターエクラシア武蔵浦和【通所介護】鹿手袋4-5-10エクラシア武蔵浦和", "url": "https://www.kaigokensaku.mhlw.go.jp/11/index.php?action_kouhyou_detail_004_kani=true&JigyosyoCd=1176521019-00&ServiceCd=150&Type=search", "url2": null }, "geometry": { "type": "Point", "coordinates": [ 139.6388968, 35.8491307 ] } },
{ "type": "Feature", "properties": { "内容": "コープみらい　さいたまデイサービスセンター【通所介護】さいたま市南区根岸2-15-2", "url": "https://www.kaigokensaku.mhlw.go.jp/11/index.php?action_kouhyou_detail_004_kani=true&JigyosyoCd=1176506887-00&ServiceCd=150&Type=search", "url2": "http://mirai.coopnet.or.jp/" }, "geometry": { "type": "Point", "coordinates": [ 139.665347699999984, 35.8421286 ] } },
{ "type": "Feature", "properties": { "内容": "あすなろデイサービス浦和【通所介護】埼玉県さいたま市南区辻7-13-15", "url": "https://www.kaigokensaku.mhlw.go.jp/11/index.php?action_kouhyou_detail_004_kani=true&JigyosyoCd=1176500922-00&ServiceCd=150&Type=search", "url2": "http://www15.ocn.ne.jp/~asunaro1/" }, "geometry": { "type": "Point", "coordinates": [ 139.6652702, 35.8326881 ] } },
{ "type": "Feature", "properties": { "内容": "デイサービスセンターエクラシア南浦和【通所介護】辻7-2-2", "url": "https://www.kaigokensaku.mhlw.go.jp/11/index.php?action_kouhyou_detail_004_kani=true&JigyosyoCd=1176514196-00&ServiceCd=150&Type=search", "url2": null }, "geometry": { "type": "Point", "coordinates": [ 139.6679433, 35.8354443 ] } },
{ "type": "Feature", "properties": { "内容": "リハビリの家　東浦和【通所介護】埼玉県さいたま市緑区芝原1-13-5イルミーナみどり", "url": "https://www.kaigokensaku.mhlw.go.jp/11/index.php?action_kouhyou_detail_004_kani=true&JigyosyoCd=1176508677-00&ServiceCd=150&Type=search", "url2": "http://rehabili-home.com/index.htm" }, "geometry": { "type": "Point", "coordinates": [ 139.689537499197399, 35.879461999916735 ] } },
{ "type": "Feature", "properties": { "内容": "ツクイさいたま東浦和【通所介護】埼玉県さいたま市緑区東浦和3－14－3", "url": "https://www.kaigokensaku.mhlw.go.jp/11/index.php?action_kouhyou_detail_004_kani=true&JigyosyoCd=1176503199-00&ServiceCd=150&Type=search", "url2": "http://www.tsukui.net" }, "geometry": { "type": "Point", "coordinates": [ 139.697080199999959, 35.8652986 ] } },
{ "type": "Feature", "properties": { "内容": "デイサービス　はぐ【通所介護】三室897-13", "url": "https://www.kaigokensaku.mhlw.go.jp/11/index.php?action_kouhyou_detail_004_kani=true&JigyosyoCd=1176517801-00&ServiceCd=150&Type=search", "url2": "https://risecare-hagu.com/" }, "geometry": { "type": "Point", "coordinates": [ 139.669443799999954, 35.8897624 ] } },
{ "type": "Feature", "properties": { "内容": "夢たまデイサービス【通所介護】さいたま市緑区三室1290-3", "url": "https://www.kaigokensaku.mhlw.go.jp/11/index.php?action_kouhyou_detail_004_kani=true&JigyosyoCd=1176507349-00&ServiceCd=150&Type=search", "url2": "http://tamagoyumetama.web.fc2.com/" }, "geometry": { "type": "Point", "coordinates": [ 139.674547286508187, 35.880335163374745 ] } },
{ "type": "Feature", "properties": { "内容": "デイサービスもんたろう【通所介護】埼玉県さいたま市緑区大字大門230-1", "url": "https://www.kaigokensaku.mhlw.go.jp/11/index.php?action_kouhyou_detail_004_kani=true&JigyosyoCd=1176507281-00&ServiceCd=150&Type=search", "url2": "https://www.montaro.co.jp/" }, "geometry": { "type": "Point", "coordinates": [ 139.735907, 35.872259400000026 ] } },
{ "type": "Feature", "properties": { "内容": "コンパスウォーク東浦和【通所介護】埼玉県さいたま市緑区馬場2-4-9", "url": "https://www.kaigokensaku.mhlw.go.jp/11/index.php?action_kouhyou_detail_004_kani=true&JigyosyoCd=1176517058-00&ServiceCd=150&Type=search", "url2": null }, "geometry": { "type": "Point", "coordinates": [ 139.684769500000016, 35.8885014 ] } },
{ "type": "Feature", "properties": { "内容": "デイサービス　スマイルリハビリセンター【通所介護】埼玉県さいたま市緑区松木３－１６－１１", "url": "https://www.kaigokensaku.mhlw.go.jp/11/index.php?action_kouhyou_detail_004_kani=true&JigyosyoCd=1176507141-00&ServiceCd=150&Type=search", "url2": "http://www.rehabilitation.pro/" }, "geometry": { "type": "Point", "coordinates": [ 139.688291599999957, 35.8838381 ] } },
{ "type": "Feature", "properties": { "内容": "リバティハウスデイサービスセンター【通所介護】埼玉県さいたま市緑区松木３－２９－５", "url": "https://www.kaigokensaku.mhlw.go.jp/11/index.php?action_kouhyou_detail_004_kani=true&JigyosyoCd=1170100562-00&ServiceCd=150&Type=search", "url2": "http://www.liberty-swc.or.jp" }, "geometry": { "type": "Point", "coordinates": [ 139.690380299999987, 35.8836631 ] } },
{ "type": "Feature", "properties": { "内容": "あんしん介護デイサービス浦和三室【通所介護】埼玉県さいたま市緑区三室2146-1", "url": "https://www.kaigokensaku.mhlw.go.jp/11/index.php?action_kouhyou_detail_004_kani=true&JigyosyoCd=1176517728-00&ServiceCd=150&Type=search", "url2": "http://anshin-k.info" }, "geometry": { "type": "Point", "coordinates": [ 139.673272200000014, 35.8847436 ] } },
{ "type": "Feature", "properties": { "内容": "デイサービスセンター遊・東浦和【通所介護】埼玉県さいたま市緑区大間木550-1", "url": "https://www.kaigokensaku.mhlw.go.jp/11/index.php?action_kouhyou_detail_004_kani=true&JigyosyoCd=1176503959-00&ServiceCd=150&Type=search", "url2": null }, "geometry": { "type": "Point", "coordinates": [ 139.6986243, 35.873456 ] } },
{ "type": "Feature", "properties": { "内容": "さいたまケアコミュニティそよ風【通所介護】埼玉県さいたま市緑区道祖土1-7-39さいたまケアコミュニティそよ風", "url": "https://www.kaigokensaku.mhlw.go.jp/11/index.php?action_kouhyou_detail_004_kani=true&JigyosyoCd=1176504056-00&ServiceCd=150&Type=search", "url2": "https://www.sykzco.jp" }, "geometry": { "type": "Point", "coordinates": [ 139.6689963, 35.8762417 ] } },
{ "type": "Feature", "properties": { "内容": "浦和みその翔裕館【通所介護】埼玉県さいたま市緑区大門2574", "url": "https://www.kaigokensaku.mhlw.go.jp/11/index.php?action_kouhyou_detail_004_kani=true&JigyosyoCd=1176518627-00&ServiceCd=150&Type=search", "url2": "www.sanga-kaigo.co.jp" }, "geometry": { "type": "Point", "coordinates": [ 139.730715300000014, 35.883843 ] } },
{ "type": "Feature", "properties": { "内容": "スマイルハウス　デイサービスセンター【通所介護】埼玉県さいたま市緑区大字大崎字北口2160番地", "url": "https://www.kaigokensaku.mhlw.go.jp/11/index.php?action_kouhyou_detail_004_kani=true&JigyosyoCd=1170100497-00&ServiceCd=150&Type=search", "url2": "http://smile-house.or.jp/" }, "geometry": { "type": "Point", "coordinates": [ 139.705778399999986, 35.8887045 ] } },
{ "type": "Feature", "properties": { "内容": "デイサービス　ソラスト東浦和【通所介護】埼玉県さいたま市緑区東浦和7-24-28サンスプリング5号館101号", "url": "https://www.kaigokensaku.mhlw.go.jp/11/index.php?action_kouhyou_detail_004_kani=true&JigyosyoCd=1176506648-00&ServiceCd=150&Type=search", "url2": "http://www.solasto.co.jp/" }, "geometry": { "type": "Point", "coordinates": [ 139.703863204893423, 35.871512022698603 ] } },
{ "type": "Feature", "properties": { "内容": "かがやきデイサービス東浦和【通所介護】東浦和4-26-9", "url": "https://www.kaigokensaku.mhlw.go.jp/11/index.php?action_kouhyou_detail_004_kani=true&JigyosyoCd=1176511705-00&ServiceCd=150&Type=search", "url2": "http://www.nagoyakaclub.jp/" }, "geometry": { "type": "Point", "coordinates": [ 139.700168699999949, 35.8688177 ] } },
{ "type": "Feature", "properties": { "内容": "リハデイありがたい浦和【通所介護】さいたま市緑区三室1209-10三室クリニックビル4階", "url": "https://www.kaigokensaku.mhlw.go.jp/11/index.php?action_kouhyou_detail_004_kani=true&JigyosyoCd=1176517348-00&ServiceCd=150&Type=search", "url2": "http://arigatai.org/" }, "geometry": { "type": "Point", "coordinates": [ 139.673141871163921, 35.879831572079325 ] } },
{ "type": "Feature", "properties": { "内容": "ぴゅあガーデンみどりの郷【通所介護】埼玉県さいたま市緑区間宮４９７", "url": "https://www.kaigokensaku.mhlw.go.jp/11/index.php?action_kouhyou_detail_004_kani=true&JigyosyoCd=1176503074-00&ServiceCd=150&Type=search", "url2": "http://www.pure-homes.com/" }, "geometry": { "type": "Point", "coordinates": [ 139.720821900000033, 35.8789806 ] } },
{ "type": "Feature", "properties": { "内容": "デイサービスセンターエクラシア北浦和【通所介護】埼玉県さいたま市緑区道祖土2-4-17エクラシア北浦和", "url": "https://www.kaigokensaku.mhlw.go.jp/11/index.php?action_kouhyou_detail_004_kani=true&JigyosyoCd=1176517892-00&ServiceCd=150&Type=search", "url2": null }, "geometry": { "type": "Point", "coordinates": [ 139.6681479, 35.8808207 ] } },
{ "type": "Feature", "properties": { "内容": "ハッピーデイBali浦和【通所介護】中尾3175", "url": "https://www.kaigokensaku.mhlw.go.jp/11/index.php?action_kouhyou_detail_004_kani=true&JigyosyoCd=1176520995-00&ServiceCd=150&Type=search", "url2": "http://samuesu.jp" }, "geometry": { "type": "Point", "coordinates": [ 139.691386256731818, 35.866210071350942 ] } },
{ "type": "Feature", "properties": { "内容": "ケアサービスわかくさ【通所介護】さいたま市岩槻区大字飯塚１１９８－２", "url": "https://www.kaigokensaku.mhlw.go.jp/11/index.php?action_kouhyou_detail_004_kani=true&JigyosyoCd=1176516910-00&ServiceCd=150&Type=search", "url2": "http://wakakusa.ciao.jp/" }, "geometry": { "type": "Point", "coordinates": [ 139.721761, 35.9374021 ] } },
{ "type": "Feature", "properties": { "内容": "すてっぷトレーニングセンター岩槻【通所介護】上里1-1-53", "url": "https://www.kaigokensaku.mhlw.go.jp/11/index.php?action_kouhyou_detail_004_kani=true&JigyosyoCd=1176521175-00&ServiceCd=150&Type=search", "url2": null }, "geometry": { "type": "Point", "coordinates": [ 139.744314, 35.968619 ] } },
{ "type": "Feature", "properties": { "内容": "かがやきデイサービス岩槻【通所介護】埼玉県さいたま市岩槻区加倉4-26-29かがやきデイサービス岩槻", "url": "https://www.kaigokensaku.mhlw.go.jp/11/index.php?action_kouhyou_detail_004_kani=true&JigyosyoCd=1176511606-00&ServiceCd=150&Type=search", "url2": "http://www.ymmd.co.jp" }, "geometry": { "type": "Point", "coordinates": [ 139.689181299999973, 35.9415451 ] } },
{ "type": "Feature", "properties": { "内容": "あしすとリハ南平野【通所介護】南平野3-21-12", "url": "https://www.kaigokensaku.mhlw.go.jp/11/index.php?action_kouhyou_detail_004_kani=true&JigyosyoCd=1176516985-00&ServiceCd=150&Type=search", "url2": "http://www.medicalassist-s.com" }, "geometry": { "type": "Point", "coordinates": [ 139.715186200000062, 35.9519248 ] } },
{ "type": "Feature", "properties": { "内容": "ドーミーCareLevi岩槻【通所介護】埼玉県さいたま市岩槻区本町1-1-2", "url": "https://www.kaigokensaku.mhlw.go.jp/11/index.php?action_kouhyou_detail_004_kani=true&JigyosyoCd=1176519195-00&ServiceCd=150&Type=search", "url2": "https://www.dormy-senior.com" }, "geometry": { "type": "Point", "coordinates": [ 139.6925334, 35.9495926 ] } },
{ "type": "Feature", "properties": { "内容": "デイサービスセンター　メープル岩槻本町【通所介護】さいたま市岩槻区本町1-15-8", "url": "https://www.kaigokensaku.mhlw.go.jp/11/index.php?action_kouhyou_detail_004_kani=true&JigyosyoCd=1176510244-00&ServiceCd=150&Type=search", "url2": "http://maple.gravitycrop.com/" }, "geometry": { "type": "Point", "coordinates": [ 139.692414, 35.9454974 ] } },
{ "type": "Feature", "properties": { "内容": "デイサービスセンター　トレセン南平野【通所介護】埼玉県さいたま市岩槻区南平野3-25-28　2Ｆ", "url": "https://www.kaigokensaku.mhlw.go.jp/11/index.php?action_kouhyou_detail_004_kani=true&JigyosyoCd=1176517975-00&ServiceCd=150&Type=search", "url2": "http://maple.gravitycrop.com/" }, "geometry": { "type": "Point", "coordinates": [ 139.716899099999978, 35.9530038 ] } },
{ "type": "Feature", "properties": { "内容": "デイサービスセンター　トレセン東岩槻【通所介護】埼玉県さいたま市岩槻区東岩槻2-1-6", "url": "https://www.kaigokensaku.mhlw.go.jp/11/index.php?action_kouhyou_detail_004_kani=true&JigyosyoCd=1176513651-00&ServiceCd=150&Type=search", "url2": "http://www.tracen.gravitycrop.com/" }, "geometry": { "type": "Point", "coordinates": [ 139.709244600000034, 35.9653006 ] } },
{ "type": "Feature", "properties": { "内容": "デイサービスセンター岩槻名栗園【通所介護】さいたま市岩槻区諏訪三丁目2-2", "url": "https://www.kaigokensaku.mhlw.go.jp/11/index.php?action_kouhyou_detail_004_kani=true&JigyosyoCd=1176506747-00&ServiceCd=150&Type=search", "url2": "http://www.nagurien.or.jp" }, "geometry": { "type": "Point", "coordinates": [ 139.707544428172241, 35.967549741419234 ] } },
{ "type": "Feature", "properties": { "内容": "岩槻まきば園デイサービスセンター【通所介護】さいたま市岩槻区横根１３７５", "url": "https://www.kaigokensaku.mhlw.go.jp/11/index.php?action_kouhyou_detail_004_kani=true&JigyosyoCd=1170700650-00&ServiceCd=150&Type=search", "url2": "http://makibaen.com" }, "geometry": { "type": "Point", "coordinates": [ 139.706593800000064, 35.921523 ] } },
{ "type": "Feature", "properties": { "内容": "あしすとリハ【通所介護】埼玉県さいたま市岩槻区上野63-1", "url": "https://www.kaigokensaku.mhlw.go.jp/11/index.php?action_kouhyou_detail_004_kani=true&JigyosyoCd=1176514105-00&ServiceCd=150&Type=search", "url2": "http://www.medicalassist-s.com" }, "geometry": { "type": "Point", "coordinates": [ 139.701731381892387, 35.967821667257816 ] } },
{ "type": "Feature", "properties": { "内容": "ツクイさいたま岩槻【通所介護】さいたま市岩槻区上野2-6-4", "url": "https://www.kaigokensaku.mhlw.go.jp/11/index.php?action_kouhyou_detail_004_kani=true&JigyosyoCd=1176514022-00&ServiceCd=150&Type=search", "url2": "saitama-iwatsuki@tsukui.net" }, "geometry": { "type": "Point", "coordinates": [ 139.701407417860423, 35.971471005942675 ] } },
{ "type": "Feature", "properties": { "内容": "機能訓練型通所介護ひなの槻【通所介護】さいたま市岩槻区裏慈恩寺40-3", "url": "https://www.kaigokensaku.mhlw.go.jp/11/index.php?action_kouhyou_detail_004_kani=true&JigyosyoCd=1176507448-00&ServiceCd=150&Type=search", "url2": "http://www.harunoki.or.jp/tsuki/" }, "geometry": { "type": "Point", "coordinates": [ 139.701447507548551, 35.978852786410684 ] } },
{ "type": "Feature", "properties": { "内容": "デイサービスセンター　彩幸の杜【通所介護】埼玉県さいたま市岩槻区増長378番地1", "url": "https://www.kaigokensaku.mhlw.go.jp/11/index.php?action_kouhyou_detail_004_kani=true&JigyosyoCd=1176508222-00&ServiceCd=150&Type=search", "url2": "http://www.taikoukai.or.jp" }, "geometry": { "type": "Point", "coordinates": [ 139.738744799999949, 35.944414 ] } },
{ "type": "Feature", "properties": { "内容": "デイサービスセンター　しらさぎ【通所介護】さいたま市岩槻区真福寺１４６５ケアハウスしらさぎ", "url": "https://www.kaigokensaku.mhlw.go.jp/11/index.php?action_kouhyou_detail_004_kani=true&JigyosyoCd=1170700338-00&ServiceCd=150&Type=search", "url2": "https://www.shirasagi-care.com" }, "geometry": { "type": "Point", "coordinates": [ 139.71341480000001, 35.9340995 ] } },
{ "type": "Feature", "properties": { "内容": "デイサービスセンター白鶴ホーム【通所介護】さいたま市岩槻区宮町１丁目５番１２号", "url": "https://www.kaigokensaku.mhlw.go.jp/11/index.php?action_kouhyou_detail_004_kani=true&JigyosyoCd=1170700171-00&ServiceCd=150&Type=search", "url2": "http://www.hakutsuru.or.jp/" }, "geometry": { "type": "Point", "coordinates": [ 139.698365400000057, 35.9586181 ] } },
{ "type": "Feature", "properties": { "内容": "ヒューマンサポート岩槻デイサービスセンター【通所介護】埼玉県さいたま市岩槻区上野6-3-10", "url": "https://www.kaigokensaku.mhlw.go.jp/11/index.php?action_kouhyou_detail_004_kani=true&JigyosyoCd=1176512778-00&ServiceCd=150&Type=search", "url2": "http://nhs-day.jp/" }, "geometry": { "type": "Point", "coordinates": [ 139.69732010000007, 35.9765072 ] } },
{ "type": "Feature", "properties": { "内容": "デイサービス　うらら岩槻【通所介護】埼玉県さいたま市岩槻区飯塚１２０５－１うらら岩槻", "url": "https://www.kaigokensaku.mhlw.go.jp/11/index.php?action_kouhyou_detail_004_kani=true&JigyosyoCd=1170700551-00&ServiceCd=150&Type=search", "url2": "www.matsunaga.gr.jp/urara_iwatsuki/" }, "geometry": { "type": "Point", "coordinates": [ 139.720461099999966, 35.9368327 ] } },
{ "type": "Feature", "properties": { "内容": "リハビリセンター・フローラ【通所介護】埼玉県さいたま市岩槻区仲町一丁目９番７号", "url": "https://www.kaigokensaku.mhlw.go.jp/11/index.php?action_kouhyou_detail_004_kani=true&JigyosyoCd=1176507570-00&ServiceCd=150&Type=search", "url2": "https://flora-cl.jp/" }, "geometry": { "type": "Point", "coordinates": [ 139.701537899999948, 35.946928 ] } },
{ "type": "Feature", "properties": { "内容": "セントラルライフケアステーション岩槻【通所介護】埼玉県さいたま市岩槻区西町1-1-26ﾋｭｰﾏﾝｽｸｴｱ岩槻ﾌﾟﾚﾐｱﾑﾀﾜｰ", "url": "https://www.kaigokensaku.mhlw.go.jp/11/index.php?action_kouhyou_detail_004_kani=true&JigyosyoCd=1176509451-00&ServiceCd=150&Type=search", "url2": "https://www.central.co.jp/lp/lifecare/" }, "geometry": { "type": "Point", "coordinates": [ 139.691576199999986, 35.9502787 ] } },
{ "type": "Feature", "properties": { "内容": "笑美の桜【通所介護】埼玉県さいたま市岩槻区馬込1330-1", "url": "https://www.kaigokensaku.mhlw.go.jp/11/index.php?action_kouhyou_detail_004_kani=true&JigyosyoCd=1176518643-00&ServiceCd=150&Type=search", "url2": "http://syoubiｰsakura.com/" }, "geometry": { "type": "Point", "coordinates": [ 139.658931372152722, 35.971501829714114 ] } },
{ "type": "Feature", "properties": { "内容": "半日リハビリデイフローラ岩槻【通所介護】埼玉県さいたま市岩槻区西原台1-4-84", "url": "https://www.kaigokensaku.mhlw.go.jp/11/index.php?action_kouhyou_detail_004_kani=true&JigyosyoCd=1176513396-00&ServiceCd=150&Type=search", "url2": "http://www.kanto-medical.com" }, "geometry": { "type": "Point", "coordinates": [ 139.68657840000003, 35.9465916 ] } },
{ "type": "Feature", "properties": { "内容": "コンパスウォーク岩槻【通所介護】埼玉県さいたま市岩槻区東町2ｰ6ｰ7", "url": "https://www.kaigokensaku.mhlw.go.jp/11/index.php?action_kouhyou_detail_004_kani=true&JigyosyoCd=1176517124-00&ServiceCd=150&Type=search", "url2": "http://kinoukaifuku.com/" }, "geometry": { "type": "Point", "coordinates": [ 139.702365699999973, 35.9440729 ] } },
{ "type": "Feature", "properties": { "内容": "カモミール【通所介護】埼玉県さいたま市岩槻区大谷４５７－１", "url": "https://www.kaigokensaku.mhlw.go.jp/11/index.php?action_kouhyou_detail_004_kani=true&JigyosyoCd=1176515839-00&ServiceCd=150&Type=search", "url2": "http://www.up-ness.com/" }, "geometry": { "type": "Point", "coordinates": [ 139.739850400000023, 35.9395452 ] } },
{ "type": "Feature", "properties": { "内容": "東岩槻ケアセンターそよ風【通所介護】埼玉県さいたま市岩槻区表慈恩寺６２５－１", "url": "https://www.kaigokensaku.mhlw.go.jp/11/index.php?action_kouhyou_detail_004_kani=true&JigyosyoCd=1176506705-00&ServiceCd=150&Type=search", "url2": "https://www.unimat-rc.co.jp/" }, "geometry": { "type": "Point", "coordinates": [ 139.70678620000001, 35.9721885 ] } },
{ "type": "Feature", "properties": { "内容": "早稲田イーライフ岩槻【通所介護】埼玉県さいたま市岩槻区本町1丁目18-16神田ビル1F", "url": "https://www.kaigokensaku.mhlw.go.jp/11/index.php?action_kouhyou_detail_004_kani=true&JigyosyoCd=1176520961-00&ServiceCd=150&Type=search", "url2": "https://e-life-saitama.net/" }, "geometry": { "type": "Point", "coordinates": [ 139.6944447, 35.9471672 ] } },
{ "type": "Feature", "properties": { "内容": "介護老人福祉施設　小江戸の庭【通所介護】埼玉県川越市小仙波８２３－１", "url": "https://www.kaigokensaku.mhlw.go.jp/11/index.php?action_kouhyou_detail_004_kani=true&JigyosyoCd=1170405987-00&ServiceCd=150&Type=search", "url2": "www.junseikai.org" }, "geometry": { "type": "Point", "coordinates": [ 139.5045773, 35.9166468 ] } },
{ "type": "Feature", "properties": { "内容": "リハデイ・すまいる【通所介護】埼玉県川越市石田243-1", "url": "https://www.kaigokensaku.mhlw.go.jp/11/index.php?action_kouhyou_detail_004_kani=true&JigyosyoCd=1170403172-00&ServiceCd=150&Type=search", "url2": "https://www.smile-land.com" }, "geometry": { "type": "Point", "coordinates": [ 139.483426, 35.9383736 ] } },
{ "type": "Feature", "properties": { "内容": "すまいる・フィットネス　川越【通所介護】川越市諏訪町2-4", "url": "https://www.kaigokensaku.mhlw.go.jp/11/index.php?action_kouhyou_detail_004_kani=true&JigyosyoCd=1170402695-00&ServiceCd=150&Type=search", "url2": "https://www.smile-land.com" }, "geometry": { "type": "Point", "coordinates": [ 139.498367174535389, 35.880164903815597 ] } },
{ "type": "Feature", "properties": { "内容": "ツクイ川越氷川【通所介護】川越市氷川町143-2", "url": "https://www.kaigokensaku.mhlw.go.jp/11/index.php?action_kouhyou_detail_004_kani=true&JigyosyoCd=1170401341-00&ServiceCd=150&Type=search", "url2": null }, "geometry": { "type": "Point", "coordinates": [ 139.488987, 35.9289224 ] } },
{ "type": "Feature", "properties": { "内容": "扇河岸ケアセンターそよ風【通所介護】埼玉県川越市扇河岸３８－２", "url": "https://www.kaigokensaku.mhlw.go.jp/11/index.php?action_kouhyou_detail_004_kani=true&JigyosyoCd=1170403255-00&ServiceCd=150&Type=search", "url2": "http://www.sykz.co.jp" }, "geometry": { "type": "Point", "coordinates": [ 139.4974623, 35.898510100000017 ] } },
{ "type": "Feature", "properties": { "内容": "レッツ倶楽部川越大手町【通所介護】埼玉県川越市大手町4番地5メゾン・ド・大手町1階", "url": "https://www.kaigokensaku.mhlw.go.jp/11/index.php?action_kouhyou_detail_004_kani=true&JigyosyoCd=1170405342-00&ServiceCd=150&Type=search", "url2": "https://www.lets-club.jp/shop/kawagoeotemachi/" }, "geometry": { "type": "Point", "coordinates": [ 139.485227400000014, 35.9231373 ] } },
{ "type": "Feature", "properties": { "内容": "レッツ俱楽部川越野田町【通所介護】野田町2-2-1", "url": "https://www.kaigokensaku.mhlw.go.jp/11/index.php?action_kouhyou_detail_004_kani=true&JigyosyoCd=1170405425-00&ServiceCd=150&Type=search", "url2": "https://www.lets-club.jp>shop>kawagoenodamachi" }, "geometry": { "type": "Point", "coordinates": [ 140.452942, 37.7564896 ] } },
{ "type": "Feature", "properties": { "内容": "かがやきデイサービス川越仙波【通所介護】埼玉県川越市仙波町3-12-5", "url": "https://www.kaigokensaku.mhlw.go.jp/11/index.php?action_kouhyou_detail_004_kani=true&JigyosyoCd=1170403685-00&ServiceCd=150&Type=search", "url2": "http://www.nagoyakaclub.jp/kawagoesenba/" }, "geometry": { "type": "Point", "coordinates": [ 139.497100700000033, 35.9184408 ] } },
{ "type": "Feature", "properties": { "内容": "デイサービス　みなみかぜ【通所介護】埼玉県川越市大字吉田２０４番地２", "url": "https://www.kaigokensaku.mhlw.go.jp/11/index.php?action_kouhyou_detail_004_kani=true&JigyosyoCd=1170400376-00&ServiceCd=150&Type=search", "url2": "http://minamikaze.or.jp/" }, "geometry": { "type": "Point", "coordinates": [ 139.426018800000065, 35.9286754 ] } },
{ "type": "Feature", "properties": { "内容": "デイサービスセンターエクラシア川越【通所介護】埼玉県川越市大塚1-32-18エクラシアカワゴエ", "url": "https://www.kaigokensaku.mhlw.go.jp/11/index.php?action_kouhyou_detail_004_kani=true&JigyosyoCd=1170405979-00&ServiceCd=150&Type=search", "url2": "www.eclasia.co.jp/company/about/" }, "geometry": { "type": "Point", "coordinates": [ 139.459607, 35.8953999 ] } },
{ "type": "Feature", "properties": { "内容": "ニチイケアセンター岸町【通所介護】川越市岸町3-11-2", "url": "https://www.kaigokensaku.mhlw.go.jp/11/index.php?action_kouhyou_detail_004_kani=true&JigyosyoCd=1170402752-00&ServiceCd=150&Type=search", "url2": "http://www.nichiigakkan.co.jp" }, "geometry": { "type": "Point", "coordinates": [ 139.4842668, 35.8960853 ] } },
{ "type": "Feature", "properties": { "内容": "社会福祉法人　芳清会　デイサービスセンター　八瀬の里【通所介護】埼玉県川越市大字増形164番地", "url": "https://www.kaigokensaku.mhlw.go.jp/11/index.php?action_kouhyou_detail_004_kani=true&JigyosyoCd=1170401762-00&ServiceCd=150&Type=search", "url2": "https://www.houseikai-y.jp/" }, "geometry": { "type": "Point", "coordinates": [ 139.436178899999959, 35.8907319 ] } },
{ "type": "Feature", "properties": { "内容": "デイサービスセンターエクラシア川越伊勢原【通所介護】埼玉県川越市的場827-1", "url": "https://www.kaigokensaku.mhlw.go.jp/11/index.php?action_kouhyou_detail_004_kani=true&JigyosyoCd=1170405946-00&ServiceCd=150&Type=search", "url2": "https://www.eclasia.co.jp/company/about/" }, "geometry": { "type": "Point", "coordinates": [ 139.4314004, 35.91406 ] } },
{ "type": "Feature", "properties": { "内容": "デイサービスセンターここしあ【通所介護】小ヶ谷88番地", "url": "https://www.kaigokensaku.mhlw.go.jp/11/index.php?action_kouhyou_detail_004_kani=true&JigyosyoCd=1170404774-00&ServiceCd=150&Type=search", "url2": "https://www.cocoscia.com/" }, "geometry": { "type": "Point", "coordinates": [ 139.4555973, 35.9151852 ] } },
{ "type": "Feature", "properties": { "内容": "元気アップリビング【通所介護】埼玉県川越市今成４丁目１０－１５", "url": "https://www.kaigokensaku.mhlw.go.jp/11/index.php?action_kouhyou_detail_004_kani=true&JigyosyoCd=1170404840-00&ServiceCd=150&Type=search", "url2": "https://www.alife.co.jp/" }, "geometry": { "type": "Point", "coordinates": [ 139.466359, 35.9181761 ] } },
{ "type": "Feature", "properties": { "内容": "医療法人真正会ケアラウンジ南大塚【通所介護】埼玉県川越市南台2-11-4南台ハイツ１F", "url": "https://www.kaigokensaku.mhlw.go.jp/11/index.php?action_kouhyou_detail_004_kani=true&JigyosyoCd=1170401242-00&ServiceCd=150&Type=search", "url2": "http://www.kasumi-gr.com/" }, "geometry": { "type": "Point", "coordinates": [ 139.4538982, 35.8908388 ] } },
{ "type": "Feature", "properties": { "内容": "すみれの里・川越デイサービスセンター【通所介護】川越市古谷本郷1487-1特別養護老人ホーム　すみれの里・川越", "url": "https://www.kaigokensaku.mhlw.go.jp/11/index.php?action_kouhyou_detail_004_kani=true&JigyosyoCd=1170400327-00&ServiceCd=150&Type=search", "url2": "http://kawatsuru-g.jp/sumire/" }, "geometry": { "type": "Point", "coordinates": [ 139.55272081338353, 35.90149237197577 ] } },
{ "type": "Feature", "properties": { "内容": "デイサービスセンターぽぷらの樹【通所介護】川越市大字牛子字東町708番地１", "url": "https://www.kaigokensaku.mhlw.go.jp/11/index.php?action_kouhyou_detail_004_kani=true&JigyosyoCd=1170400517-00&ServiceCd=150&Type=search", "url2": "http://seihoukai.jpn.org/" }, "geometry": { "type": "Point", "coordinates": [ 139.506811800000037, 35.8928724 ] } },
{ "type": "Feature", "properties": { "内容": "蔵の町・川越　デイサービスセンター【通所介護】埼玉県川越市末広町1丁目2番１", "url": "https://www.kaigokensaku.mhlw.go.jp/11/index.php?action_kouhyou_detail_004_kani=true&JigyosyoCd=1170401705-00&ServiceCd=150&Type=search", "url2": "https://www.kawatsuru-g.jp" }, "geometry": { "type": "Point", "coordinates": [ 139.47908, 35.9214871 ] } },
{ "type": "Feature", "properties": { "内容": "デイサービスりこ【通所介護】埼玉県川越市六軒町1-18-15デイサービスりこ", "url": "https://www.kaigokensaku.mhlw.go.jp/11/index.php?action_kouhyou_detail_004_kani=true&JigyosyoCd=1170405037-00&ServiceCd=150&Type=search", "url2": "komachi7.wixsite.com" }, "geometry": { "type": "Point", "coordinates": [ 139.479158399999989, 35.9163016 ] } },
{ "type": "Feature", "properties": { "内容": "あずみ苑　小室【通所介護】川越市小室441", "url": "https://www.kaigokensaku.mhlw.go.jp/11/index.php?action_kouhyou_detail_004_kani=true&JigyosyoCd=1170401937-00&ServiceCd=150&Type=search", "url2": "http://www.leopalace21.co.jp/" }, "geometry": { "type": "Point", "coordinates": [ 139.464225899999974, 35.9164624 ] } },
{ "type": "Feature", "properties": { "内容": "アズハイム川越デイサービスセンター【通所介護】今福843-1", "url": "https://www.kaigokensaku.mhlw.go.jp/11/index.php?action_kouhyou_detail_004_kani=true&JigyosyoCd=1170402513-00&ServiceCd=150&Type=search", "url2": "www.as-heim.com" }, "geometry": { "type": "Point", "coordinates": [ 139.476122, 35.8856146 ] } },
{ "type": "Feature", "properties": { "内容": "デイサービスセンター遊・川越南大塚【通所介護】埼玉県川越市むさし野３８－１９", "url": "https://www.kaigokensaku.mhlw.go.jp/11/index.php?action_kouhyou_detail_004_kani=true&JigyosyoCd=1170402422-00&ServiceCd=150&Type=search", "url2": "http://kaigo.alsok.co.jp/facilty/search/detail/161" }, "geometry": { "type": "Point", "coordinates": [ 139.4622713, 35.8907853 ] } },
{ "type": "Feature", "properties": { "内容": "真正会デイサービスセンター真【通所介護】埼玉県川越市安比奈新田292-1", "url": "https://www.kaigokensaku.mhlw.go.jp/11/index.php?action_kouhyou_detail_004_kani=true&JigyosyoCd=1170400178-00&ServiceCd=150&Type=search", "url2": "http://www.shinjukai.or.jp" }, "geometry": { "type": "Point", "coordinates": [ 139.418041200000062, 35.9007718 ] } },
{ "type": "Feature", "properties": { "内容": "真正会　デイサービスセンター寿【通所介護】埼玉県川越市安比奈新田293-1", "url": "https://www.kaigokensaku.mhlw.go.jp/11/index.php?action_kouhyou_detail_004_kani=true&JigyosyoCd=1170405136-00&ServiceCd=150&Type=search", "url2": "http://www.shinjukai.or.jp" }, "geometry": { "type": "Point", "coordinates": [ 139.4177609, 35.900635 ] } },
{ "type": "Feature", "properties": { "内容": "ケアセンターさくら草【通所介護】埼玉県川越市笠幡１７０７－８", "url": "https://www.kaigokensaku.mhlw.go.jp/11/index.php?action_kouhyou_detail_004_kani=true&JigyosyoCd=1170402430-00&ServiceCd=150&Type=search", "url2": "https://www.gemutlich.net/" }, "geometry": { "type": "Point", "coordinates": [ 139.411695, 35.9164661 ] } },
{ "type": "Feature", "properties": { "内容": "南古谷ケアセンターそよ風【通所介護】埼玉県川越市大字久下戸1971-2", "url": "https://www.kaigokensaku.mhlw.go.jp/11/index.php?action_kouhyou_detail_004_kani=true&JigyosyoCd=1170400491-00&ServiceCd=150&Type=search", "url2": null }, "geometry": { "type": "Point", "coordinates": [ 139.52837610000006, 35.897617 ] } },
{ "type": "Feature", "properties": { "内容": "真正会デイサービスセンター小仙波【通所介護】埼玉県川越市小仙波９４７－１", "url": "https://www.kaigokensaku.mhlw.go.jp/11/index.php?action_kouhyou_detail_004_kani=true&JigyosyoCd=1170401465-00&ServiceCd=150&Type=search", "url2": "http://www.shinjukai.or.jp" }, "geometry": { "type": "Point", "coordinates": [ 139.5031308, 35.9165719 ] } },
{ "type": "Feature", "properties": { "内容": "川越キングス・ガーデン【通所介護】埼玉県川越市大字天沼新田247番地２", "url": "https://www.kaigokensaku.mhlw.go.jp/11/index.php?action_kouhyou_detail_004_kani=true&JigyosyoCd=1170400228-00&ServiceCd=150&Type=search", "url2": "http://www.kawagoekg.or.jp/" }, "geometry": { "type": "Point", "coordinates": [ 139.430447632323762, 35.938268000075702 ] } },
{ "type": "Feature", "properties": { "内容": "真正会デイサービスセンターよしの【通所介護】埼玉県川越市鴨田3355-1", "url": "https://www.kaigokensaku.mhlw.go.jp/11/index.php?action_kouhyou_detail_004_kani=true&JigyosyoCd=1170400855-00&ServiceCd=150&Type=search", "url2": "http://www.shinjukai.or.jp" }, "geometry": { "type": "Point", "coordinates": [ 139.523681500000066, 35.9392607 ] } },
{ "type": "Feature", "properties": { "内容": "新宿ケアセンターそよ風【通所介護】埼玉県川越市新宿町６－３３－２", "url": "https://www.kaigokensaku.mhlw.go.jp/11/index.php?action_kouhyou_detail_004_kani=true&JigyosyoCd=1170403156-00&ServiceCd=150&Type=search", "url2": "https://www.sykz.co.jp/shisetsu-zaitaku/112591" }, "geometry": { "type": "Point", "coordinates": [ 139.474034299999971, 35.8936658 ] } },
{ "type": "Feature", "properties": { "内容": "新宿デイサービスこまち【通所介護】川越市新宿町6丁目22番地23", "url": "https://www.kaigokensaku.mhlw.go.jp/11/index.php?action_kouhyou_detail_004_kani=true&JigyosyoCd=1170402836-00&ServiceCd=150&Type=search", "url2": null }, "geometry": { "type": "Point", "coordinates": [ 139.474686900000052, 35.8956406 ] } },
{ "type": "Feature", "properties": { "内容": "デイサービス　リベルテ旭町【通所介護】埼玉県川越市旭町3-2-15e-cubeBldg1階", "url": "https://www.kaigokensaku.mhlw.go.jp/11/index.php?action_kouhyou_detail_004_kani=true&JigyosyoCd=1170405516-00&ServiceCd=150&Type=search", "url2": "https://enoki-group-e-cubecare.jp/" }, "geometry": { "type": "Point", "coordinates": [ 139.473674499999987, 35.8971626 ] } },
{ "type": "Feature", "properties": { "内容": "デイサービスリベルテ【通所介護】埼玉県川越市岸町3-5-29（１階）", "url": "https://www.kaigokensaku.mhlw.go.jp/11/index.php?action_kouhyou_detail_004_kani=true&JigyosyoCd=1170404048-00&ServiceCd=150&Type=search", "url2": "https://enoki-group-e-cubecare.jp/" }, "geometry": { "type": "Point", "coordinates": [ 139.486302799999976, 35.8946661 ] } },
{ "type": "Feature", "properties": { "内容": "デイサービスセンター遊・川越新河岸【通所介護】埼玉県川越市砂870-4", "url": "https://www.kaigokensaku.mhlw.go.jp/11/index.php?action_kouhyou_detail_004_kani=true&JigyosyoCd=1170402059-00&ServiceCd=150&Type=search", "url2": "https://kaigo.alsok.co.jp/facility/search/detail/165" }, "geometry": { "type": "Point", "coordinates": [ 139.494321600000035, 35.8921472 ] } },
{ "type": "Feature", "properties": { "内容": "デイサービスおひさま【通所介護】川越市的場2-10-6", "url": "https://www.kaigokensaku.mhlw.go.jp/11/index.php?action_kouhyou_detail_004_kani=true&JigyosyoCd=1170403123-00&ServiceCd=150&Type=search", "url2": "https://www.shaohisama.com/" }, "geometry": { "type": "Point", "coordinates": [ 139.428390591587771, 35.917143627695424 ] } },
{ "type": "Feature", "properties": { "内容": "エクラシア川越高階【通所介護】藤間742", "url": "https://www.kaigokensaku.mhlw.go.jp/11/index.php?action_kouhyou_detail_004_kani=true&JigyosyoCd=1170405953-00&ServiceCd=150&Type=search", "url2": null }, "geometry": { "type": "Point", "coordinates": [ 139.5021749, 35.8736363 ] } },
{ "type": "Feature", "properties": { "内容": "かしの木苑デイサービス【通所介護】笠幡3685-40", "url": "https://www.kaigokensaku.mhlw.go.jp/11/index.php?action_kouhyou_detail_004_kani=true&JigyosyoCd=1170405540-00&ServiceCd=150&Type=search", "url2": "https://saitamafukushinet.com/kashinoki-en/" }, "geometry": { "type": "Point", "coordinates": [ 139.4025105, 35.9049886 ] } },
{ "type": "Feature", "properties": { "内容": "鯨井ナーシングホームデイサービスセンター【通所介護】埼玉県川越市大字鯨井新田9-1鯨井ナーシングホーム", "url": "https://www.kaigokensaku.mhlw.go.jp/11/index.php?action_kouhyou_detail_004_kani=true&JigyosyoCd=1170404089-00&ServiceCd=150&Type=search", "url2": "http://www.kawatsuru-g.jp/kujirai/index.html" }, "geometry": { "type": "Point", "coordinates": [ 139.4227972, 35.935146300000014 ] } },
{ "type": "Feature", "properties": { "内容": "デイサービス昭和の里　川越中台【通所介護】埼玉県川越市中台3-18-11", "url": "https://www.kaigokensaku.mhlw.go.jp/11/index.php?action_kouhyou_detail_004_kani=true&JigyosyoCd=1170405359-00&ServiceCd=150&Type=search", "url2": null }, "geometry": { "type": "Point", "coordinates": [ 139.4701182, 35.8888494 ] } },
{ "type": "Feature", "properties": { "内容": "フクト２１　デイサービス　アイリス【通所介護】埼玉県川越市府川２４３－２", "url": "https://www.kaigokensaku.mhlw.go.jp/11/index.php?action_kouhyou_detail_004_kani=true&JigyosyoCd=1170400913-00&ServiceCd=150&Type=search", "url2": "http://fukuto21.or.ne.jp" }, "geometry": { "type": "Point", "coordinates": [ 139.48212060000003, 35.9444365 ] } },
{ "type": "Feature", "properties": { "内容": "エクラシア川越藤間【通所介護】埼玉県川越市藤間343-2エクラシア川越藤間", "url": "https://www.kaigokensaku.mhlw.go.jp/11/index.php?action_kouhyou_detail_004_kani=true&JigyosyoCd=1170405961-00&ServiceCd=150&Type=search", "url2": null }, "geometry": { "type": "Point", "coordinates": [ 139.503860800000012, 35.8849798 ] } },
{ "type": "Feature", "properties": { "内容": "エクラシア川越新宿【通所介護】新宿町1-5-13エクラシア川越新宿", "url": "https://www.kaigokensaku.mhlw.go.jp/11/index.php?action_kouhyou_detail_004_kani=true&JigyosyoCd=1170405920-00&ServiceCd=150&Type=search", "url2": "https://www.eclasia.co.jp/" }, "geometry": { "type": "Point", "coordinates": [ 139.7115507, 35.6879824 ] } },
{ "type": "Feature", "properties": { "内容": "コンパスウォーク川越中福【通所介護】埼玉県川越市中福７６６－９", "url": "https://www.kaigokensaku.mhlw.go.jp/11/index.php?action_kouhyou_detail_004_kani=true&JigyosyoCd=1170405300-00&ServiceCd=150&Type=search", "url2": "https://compasswalk-kawagoe-nakafuku.jp/" }, "geometry": { "type": "Point", "coordinates": [ 139.472482500000012, 35.8701265 ] } },
{ "type": "Feature", "properties": { "内容": "デイサービスセンター　すまいる小江戸【通所介護】埼玉県川越市下老袋742-1すまいる小江戸", "url": "https://www.kaigokensaku.mhlw.go.jp/11/index.php?action_kouhyou_detail_004_kani=true&JigyosyoCd=1170404501-00&ServiceCd=150&Type=search", "url2": "https://www.royalk.jp/koedo/" }, "geometry": { "type": "Point", "coordinates": [ 139.532272499999976, 35.9376612 ] } },
{ "type": "Feature", "properties": { "内容": "デイサービスセンター　ケアサポートかわごえソレイユ【通所介護】埼玉県川越市今福476-2", "url": "https://www.kaigokensaku.mhlw.go.jp/11/index.php?action_kouhyou_detail_004_kani=true&JigyosyoCd=1170406050-00&ServiceCd=150&Type=search", "url2": "https://www.care-support.biz/" }, "geometry": { "type": "Point", "coordinates": [ 139.473261, 35.8755292 ] } },
{ "type": "Feature", "properties": { "内容": "リハビリデイサービス元気アップ倶楽部【通所介護】埼玉県川越市南大塚2丁目5-1リリービル１Ｆ", "url": "https://www.kaigokensaku.mhlw.go.jp/11/index.php?action_kouhyou_detail_004_kani=true&JigyosyoCd=1170403966-00&ServiceCd=150&Type=search", "url2": "https://www.alife.co.jp/" }, "geometry": { "type": "Point", "coordinates": [ 139.4539883, 35.895265 ] } },
{ "type": "Feature", "properties": { "内容": "ツクイ川越的場【通所介護】埼玉県川越市的場1330-12", "url": "https://www.kaigokensaku.mhlw.go.jp/11/index.php?action_kouhyou_detail_004_kani=true&JigyosyoCd=1170402851-00&ServiceCd=150&Type=search", "url2": "https://corp.tsukui.net" }, "geometry": { "type": "Point", "coordinates": [ 139.4376064, 35.9173576 ] } },
{ "type": "Feature", "properties": { "内容": "みゅーじっくけあけいおん【通所介護】福田５９－１", "url": "https://www.kaigokensaku.mhlw.go.jp/11/index.php?action_kouhyou_detail_004_kani=true&JigyosyoCd=1170405276-00&ServiceCd=150&Type=search", "url2": "https://kawagoe-openup.jp" }, "geometry": { "type": "Point", "coordinates": [ 137.8699039, 34.6736592 ] } },
{ "type": "Feature", "properties": { "内容": "さわやか小堤リハビリデイサービス【通所介護】埼玉県川越市小堤912-6", "url": "https://www.kaigokensaku.mhlw.go.jp/11/index.php?action_kouhyou_detail_004_kani=true&JigyosyoCd=1170405706-00&ServiceCd=150&Type=search", "url2": null }, "geometry": { "type": "Point", "coordinates": [ 139.4239543, 35.9371916 ] } },
{ "type": "Feature", "properties": { "内容": "デイサービスLinoこまち【通所介護】埼玉県川越市小室４７８－１", "url": "https://www.kaigokensaku.mhlw.go.jp/11/index.php?action_kouhyou_detail_004_kani=true&JigyosyoCd=1170404006-00&ServiceCd=150&Type=search", "url2": "https://komachi7.wixsite.com/komachi" }, "geometry": { "type": "Point", "coordinates": [ 139.464759100000038, 35.9181205 ] } },
{ "type": "Feature", "properties": { "内容": "ケアステーションあさひ妻沼【通所介護】埼玉県熊谷市上根119-1", "url": "https://www.kaigokensaku.mhlw.go.jp/11/index.php?action_kouhyou_detail_004_kani=true&JigyosyoCd=1173102623-00&ServiceCd=150&Type=search", "url2": "http://www.vati.co.jp/" }, "geometry": { "type": "Point", "coordinates": [ 139.377639, 36.2113413 ] } },
{ "type": "Feature", "properties": { "内容": "てぃーだの希望【通所介護】埼玉県熊谷市奈良新田393ー1", "url": "https://www.kaigokensaku.mhlw.go.jp/11/index.php?action_kouhyou_detail_004_kani=true&JigyosyoCd=1173138874-00&ServiceCd=150&Type=search", "url2": "http://www.esperanza2011.com/company/" }, "geometry": { "type": "Point", "coordinates": [ 139.36624, 36.189073 ] } },
{ "type": "Feature", "properties": { "内容": "デイサービス　ほのか【通所介護】埼玉県熊谷市善ケ島632-1", "url": "https://www.kaigokensaku.mhlw.go.jp/11/index.php?action_kouhyou_detail_004_kani=true&JigyosyoCd=1173102326-00&ServiceCd=150&Type=search", "url2": "http://www.honoka0701.jp/philosophy/" }, "geometry": { "type": "Point", "coordinates": [ 139.40269962760803, 36.219983016031833 ] } },
{ "type": "Feature", "properties": { "内容": "デイサービスセンター　いこいの里【通所介護】埼玉県熊谷市原井155-2", "url": "https://www.kaigokensaku.mhlw.go.jp/11/index.php?action_kouhyou_detail_004_kani=true&JigyosyoCd=1174500601-00&ServiceCd=150&Type=search", "url2": "http://www.hakuju-kai.org" }, "geometry": { "type": "Point", "coordinates": [ 139.351400099999978, 36.2024111 ] } },
{ "type": "Feature", "properties": { "内容": "埼玉県熊谷市美土里町一丁目１８０番地【通所介護】埼玉県熊谷市美土里町一丁目１８０番地", "url": "https://www.kaigokensaku.mhlw.go.jp/11/index.php?action_kouhyou_detail_004_kani=true&JigyosyoCd=1173103027-00&ServiceCd=150&Type=search", "url2": null }, "geometry": { "type": "Point", "coordinates": [ 139.314550700000041, 36.1698027 ] } },
{ "type": "Feature", "properties": { "内容": "デイサービスセンター船木台【通所介護】埼玉県熊谷市船木台2-5-11", "url": "https://www.kaigokensaku.mhlw.go.jp/11/index.php?action_kouhyou_detail_004_kani=true&JigyosyoCd=1173102359-00&ServiceCd=150&Type=search", "url2": null }, "geometry": { "type": "Point", "coordinates": [ 139.418741196388311, 36.075755766868681 ] } },
{ "type": "Feature", "properties": { "内容": "医療法人恵貴会　グッティースマイルケア【通所介護】埼玉県熊谷市曙町5-39", "url": "https://www.kaigokensaku.mhlw.go.jp/11/index.php?action_kouhyou_detail_004_kani=true&JigyosyoCd=1173103720-00&ServiceCd=150&Type=search", "url2": "https://goottee-sc.com" }, "geometry": { "type": "Point", "coordinates": [ 139.3942825, 36.1370941 ] } },
{ "type": "Feature", "properties": { "内容": "ケアステーションあさひ熊谷【通所介護】埼玉県熊谷市中西4-20-45", "url": "https://www.kaigokensaku.mhlw.go.jp/11/index.php?action_kouhyou_detail_004_kani=true&JigyosyoCd=1173102292-00&ServiceCd=150&Type=search", "url2": "http://www.vati.co.jp/" }, "geometry": { "type": "Point", "coordinates": [ 139.399126499999966, 36.1483127 ] } },
{ "type": "Feature", "properties": { "内容": "クイーンズビラデイサービスセンター【通所介護】埼玉県熊谷市太井1777-1", "url": "https://www.kaigokensaku.mhlw.go.jp/11/index.php?action_kouhyou_detail_004_kani=true&JigyosyoCd=1173100734-00&ServiceCd=150&Type=search", "url2": "http://www.queensvilla.com" }, "geometry": { "type": "Point", "coordinates": [ 139.421531400000049, 36.1177339 ] } },
{ "type": "Feature", "properties": { "内容": "西田リハデイサービス【通所介護】末広2丁目122番地", "url": "https://www.kaigokensaku.mhlw.go.jp/11/index.php?action_kouhyou_detail_004_kani=true&JigyosyoCd=1173102680-00&ServiceCd=150&Type=search", "url2": "https://nishida-reha.com" }, "geometry": { "type": "Point", "coordinates": [ 139.392826200017907, 36.14575466281665 ] } },
{ "type": "Feature", "properties": { "内容": "永寿苑デイサービスセンター【通所介護】熊谷市西別府１５９９－５", "url": "https://www.kaigokensaku.mhlw.go.jp/11/index.php?action_kouhyou_detail_004_kani=true&JigyosyoCd=1173100171-00&ServiceCd=150&Type=search", "url2": "http://www.eijuen.jp/" }, "geometry": { "type": "Point", "coordinates": [ 139.331673899999942, 36.1915871 ] } },
{ "type": "Feature", "properties": { "内容": "エスポワール通所介護事業所【通所介護】埼玉県熊谷市上之2806-2エスポワール熊谷", "url": "https://www.kaigokensaku.mhlw.go.jp/11/index.php?action_kouhyou_detail_004_kani=true&JigyosyoCd=1173103068-00&ServiceCd=150&Type=search", "url2": "http://www.i-k-m.com" }, "geometry": { "type": "Point", "coordinates": [ 139.405053100000032, 36.1538624 ] } },
{ "type": "Feature", "properties": { "内容": "熊谷ケアセンターそよ風【通所介護】埼玉県熊谷市中央5-5-16", "url": "https://www.kaigokensaku.mhlw.go.jp/11/index.php?action_kouhyou_detail_004_kani=true&JigyosyoCd=1173100429-00&ServiceCd=150&Type=search", "url2": "http://www.sykz.co.jp/" }, "geometry": { "type": "Point", "coordinates": [ 139.392957300000035, 36.1581894 ] } },
{ "type": "Feature", "properties": { "内容": "はなぶさ苑中央デイサービスセンター【通所介護】埼玉県熊谷市箱田5丁目11番1号", "url": "https://www.kaigokensaku.mhlw.go.jp/11/index.php?action_kouhyou_detail_004_kani=true&JigyosyoCd=1173103340-00&ServiceCd=150&Type=search", "url2": "http://hanabusaen.com" }, "geometry": { "type": "Point", "coordinates": [ 139.39238279999995, 36.1513872 ] } },
{ "type": "Feature", "properties": { "内容": "はなぶさ苑東部デイサービスセンター【通所介護】埼玉県熊谷市戸出１９０", "url": "https://www.kaigokensaku.mhlw.go.jp/11/index.php?action_kouhyou_detail_004_kani=true&JigyosyoCd=1173102110-00&ServiceCd=150&Type=search", "url2": "http://hanabusaen.com" }, "geometry": { "type": "Point", "coordinates": [ 139.413444900000059, 36.1386362 ] } },
{ "type": "Feature", "properties": { "内容": "はなぶさ苑妻沼デイサービスセンター【通所介護】埼玉県熊谷市弥藤吾281番地2", "url": "https://www.kaigokensaku.mhlw.go.jp/11/index.php?action_kouhyou_detail_004_kani=true&JigyosyoCd=1173103712-00&ServiceCd=150&Type=search", "url2": "http:/hanabusaen.com" }, "geometry": { "type": "Point", "coordinates": [ 139.3802497, 36.2214613 ] } },
{ "type": "Feature", "properties": { "内容": "はなぶさ苑荒川デイサービスセンター【通所介護】埼玉県熊谷市伊勢町３７５番地１", "url": "https://www.kaigokensaku.mhlw.go.jp/11/index.php?action_kouhyou_detail_004_kani=true&JigyosyoCd=1173100916-00&ServiceCd=150&Type=search", "url2": "http://hanabusaen.com" }, "geometry": { "type": "Point", "coordinates": [ 139.3771233, 36.1435902 ] } },
{ "type": "Feature", "properties": { "内容": "はなぶさ温泉デイサービスセンター【通所介護】埼玉県熊谷市玉井346番地１", "url": "https://www.kaigokensaku.mhlw.go.jp/11/index.php?action_kouhyou_detail_004_kani=true&JigyosyoCd=1173100098-00&ServiceCd=150&Type=search", "url2": "http://hanabusaen.com" }, "geometry": { "type": "Point", "coordinates": [ 139.352749460990907, 36.170354646436223 ] } },
{ "type": "Feature", "properties": { "内容": "樹楽めぬまリハ【通所介護】埼玉県熊谷市妻沼383-1", "url": "https://www.kaigokensaku.mhlw.go.jp/11/index.php?action_kouhyou_detail_004_kani=true&JigyosyoCd=1173138544-00&ServiceCd=150&Type=search", "url2": "https://kuma-r.net" }, "geometry": { "type": "Point", "coordinates": [ 139.3844552, 36.2229321 ] } },
{ "type": "Feature", "properties": { "内容": "ケアネット熊谷サービスセンター【通所介護】熊谷市中奈良1224-19", "url": "https://www.kaigokensaku.mhlw.go.jp/11/index.php?action_kouhyou_detail_004_kani=true&JigyosyoCd=1173100668-00&ServiceCd=150&Type=search", "url2": "http://www.carenet.fujitsu.com" }, "geometry": { "type": "Point", "coordinates": [ 139.3706575, 36.1878661 ] } },
{ "type": "Feature", "properties": { "内容": "はぐさ桃園　新館【通所介護】埼玉県熊谷市下奈良1507-6", "url": "https://www.kaigokensaku.mhlw.go.jp/11/index.php?action_kouhyou_detail_004_kani=true&JigyosyoCd=1173103498-00&ServiceCd=150&Type=search", "url2": "https://hagusa-touen.jp/" }, "geometry": { "type": "Point", "coordinates": [ 139.375692800000024, 36.1966846 ] } },
{ "type": "Feature", "properties": { "内容": "はぐさ桃園本館【通所介護】埼玉県熊谷市下奈良1507番地1", "url": "https://www.kaigokensaku.mhlw.go.jp/11/index.php?action_kouhyou_detail_004_kani=true&JigyosyoCd=1173100577-00&ServiceCd=150&Type=search", "url2": "https://hagusa-touen.jp/" }, "geometry": { "type": "Point", "coordinates": [ 139.3756677, 36.1966954 ] } },
{ "type": "Feature", "properties": { "内容": "熊谷南ケアセンターそよ風【通所介護】埼玉県熊谷市大麻生７６５", "url": "https://www.kaigokensaku.mhlw.go.jp/11/index.php?action_kouhyou_detail_004_kani=true&JigyosyoCd=1173100965-00&ServiceCd=150&Type=search", "url2": "httpps://www.corp.sykz.co.jp/" }, "geometry": { "type": "Point", "coordinates": [ 139.3256585, 36.1453688 ] } },
{ "type": "Feature", "properties": { "内容": "熊谷ホームデイサービスセンター【通所介護】埼玉県熊谷市新堀1140", "url": "https://www.kaigokensaku.mhlw.go.jp/11/index.php?action_kouhyou_detail_004_kani=true&JigyosyoCd=1173101393-00&ServiceCd=150&Type=search", "url2": "http://www.syouninkai.com" }, "geometry": { "type": "Point", "coordinates": [ 139.319800100000066, 36.1744413 ] } },
{ "type": "Feature", "properties": { "内容": "村岡茶楼ＳＲ【通所介護】埼玉県熊谷市村岡５３７－１", "url": "https://www.kaigokensaku.mhlw.go.jp/11/index.php?action_kouhyou_detail_004_kani=true&JigyosyoCd=1173102318-00&ServiceCd=150&Type=search", "url2": "https://socialwork-honpo.com/service/social_hompo/" }, "geometry": { "type": "Point", "coordinates": [ 139.377740899999907, 36.1262561 ] } },
{ "type": "Feature", "properties": { "内容": "デイホーム孫の手・めぬま【通所介護】埼玉県熊谷市妻沼東2丁目24", "url": "https://www.kaigokensaku.mhlw.go.jp/11/index.php?action_kouhyou_detail_004_kani=true&JigyosyoCd=1173103811-00&ServiceCd=150&Type=search", "url2": "https://magonote-inc.jp/service/day/saitama/menuma/" }, "geometry": { "type": "Point", "coordinates": [ 139.3839394, 36.2206968 ] } },
{ "type": "Feature", "properties": { "内容": "デイサービス　ルーエ【通所介護】埼玉県熊谷市川原明戸471-3", "url": "https://www.kaigokensaku.mhlw.go.jp/11/index.php?action_kouhyou_detail_004_kani=true&JigyosyoCd=1173102433-00&ServiceCd=150&Type=search", "url2": "https://asanohakai.or.jp" }, "geometry": { "type": "Point", "coordinates": [ 139.3157294, 36.141906 ] } },
{ "type": "Feature", "properties": { "内容": "ヘリテイジＣＣＲＣ【通所介護】小江川228番地", "url": "https://www.kaigokensaku.mhlw.go.jp/11/index.php?action_kouhyou_detail_004_kani=true&JigyosyoCd=1173138684-00&ServiceCd=150&Type=search", "url2": "https://www.hotel-heritage.co.jp/" }, "geometry": { "type": "Point", "coordinates": [ 139.340293200000019, 36.0933108 ] } },
{ "type": "Feature", "properties": { "内容": "通所介護事業所　上川原んち【通所介護】埼玉県熊谷市小島４４９番地１", "url": "https://www.kaigokensaku.mhlw.go.jp/11/index.php?action_kouhyou_detail_004_kani=true&JigyosyoCd=1173101849-00&ServiceCd=150&Type=search", "url2": "http://www.natoliｆe.com/" }, "geometry": { "type": "Point", "coordinates": [ 139.337719200000038, 36.1554104 ] } },
{ "type": "Feature", "properties": { "内容": "ハッピーデイHawaii籠原新堀【通所介護】新堀1039-2", "url": "https://www.kaigokensaku.mhlw.go.jp/11/index.php?action_kouhyou_detail_004_kani=true&JigyosyoCd=1173103522-00&ServiceCd=150&Type=search", "url2": "http://samuesu.jp/index.html" }, "geometry": { "type": "Point", "coordinates": [ 139.329538299999967, 36.1784689 ] } },
{ "type": "Feature", "properties": { "内容": "デイサービスセンター玉の緒【通所介護】埼玉県熊谷市大塚１７９番地２", "url": "https://www.kaigokensaku.mhlw.go.jp/11/index.php?action_kouhyou_detail_004_kani=true&JigyosyoCd=1173100130-00&ServiceCd=150&Type=search", "url2": "http://www.tamanoo.jp" }, "geometry": { "type": "Point", "coordinates": [ 139.419749899999942, 36.167431 ] } },
{ "type": "Feature", "properties": { "内容": "ラブアンドスマイル妻沼【通所介護】埼玉県熊谷市妻沼2522-5", "url": "https://www.kaigokensaku.mhlw.go.jp/11/index.php?action_kouhyou_detail_004_kani=true&JigyosyoCd=1173103654-00&ServiceCd=150&Type=search", "url2": "yamahirogroup.co.jp" }, "geometry": { "type": "Point", "coordinates": [ 139.375204526819033, 36.233402995370845 ] } },
{ "type": "Feature", "properties": { "内容": "デイサービスあやめの郷船木台【通所介護】埼玉県熊谷市船木台3丁目1番20", "url": "https://www.kaigokensaku.mhlw.go.jp/11/index.php?action_kouhyou_detail_004_kani=true&JigyosyoCd=1173138569-00&ServiceCd=150&Type=search", "url2": "https://d-hlt.co.jp/" }, "geometry": { "type": "Point", "coordinates": [ 139.4154349, 36.0777969 ] } },
{ "type": "Feature", "properties": { "内容": "いずみ熊谷【通所介護】熊谷市平戸212-1", "url": "https://www.kaigokensaku.mhlw.go.jp/11/index.php?action_kouhyou_detail_004_kani=true&JigyosyoCd=1173102441-00&ServiceCd=150&Type=search", "url2": "http://www.oh-izumi.or.jp/kumagaya/" }, "geometry": { "type": "Point", "coordinates": [ 139.412411300000031, 36.1439857 ] } },
{ "type": "Feature", "properties": { "内容": "デイサービスセンター　たちばな【通所介護】熊谷市万吉１７５６－１３０", "url": "https://www.kaigokensaku.mhlw.go.jp/11/index.php?action_kouhyou_detail_004_kani=true&JigyosyoCd=1173100387-00&ServiceCd=150&Type=search", "url2": "https://www.risshotachibana.or.jp/" }, "geometry": { "type": "Point", "coordinates": [ 139.365917099999933, 36.1116996 ] } },
{ "type": "Feature", "properties": { "内容": "広瀬デイサービスセンターのぞみ館【通所介護】熊谷市広瀬381番地", "url": "https://www.kaigokensaku.mhlw.go.jp/11/index.php?action_kouhyou_detail_004_kani=true&JigyosyoCd=1173103415-00&ServiceCd=150&Type=search", "url2": "https://www.nozomikai.jp" }, "geometry": { "type": "Point", "coordinates": [ 139.356835142241351, 36.150123888102954 ] } },
{ "type": "Feature", "properties": { "内容": "日本シニアライフ株式会社ホールディングスレジデンス熊谷市西野【通所介護】埼玉県熊谷市西野15日本シニアライフホールディングス株式会社レジデンス熊谷西野", "url": "https://www.kaigokensaku.mhlw.go.jp/11/index.php?action_kouhyou_detail_004_kani=true&JigyosyoCd=1173138924-00&ServiceCd=150&Type=search", "url2": "http://senir-life.jp/" }, "geometry": { "type": "Point", "coordinates": [ 139.3739838, 36.201479 ] } },
{ "type": "Feature", "properties": { "内容": "デイサービスセンター　サンヴィレッジ【通所介護】埼玉県熊谷市津田１５６０－１", "url": "https://www.kaigokensaku.mhlw.go.jp/11/index.php?action_kouhyou_detail_004_kani=true&JigyosyoCd=1174500148-00&ServiceCd=150&Type=search", "url2": "http://www.seiifu-kai.or.jp" }, "geometry": { "type": "Point", "coordinates": [ 139.425654200000054, 36.0952205 ] } },
{ "type": "Feature", "properties": { "内容": "コンパスウォーク妻沼【通所介護】埼玉県熊谷市妻沼中央10-11階", "url": "https://www.kaigokensaku.mhlw.go.jp/11/index.php?action_kouhyou_detail_004_kani=true&JigyosyoCd=1173138916-00&ServiceCd=150&Type=search", "url2": "https://keigo-group.co.jp/shop/saitamaken/0101/" }, "geometry": { "type": "Point", "coordinates": [ 139.3699904, 36.2249587 ] } },
{ "type": "Feature", "properties": { "内容": "ニチイケアセンター熊谷【通所介護】埼玉県熊谷市玉井1-53", "url": "https://www.kaigokensaku.mhlw.go.jp/11/index.php?action_kouhyou_detail_004_kani=true&JigyosyoCd=1173100502-00&ServiceCd=150&Type=search", "url2": "http://www.nichiigakkann.co.jp" }, "geometry": { "type": "Point", "coordinates": [ 139.336044021109473, 36.178496723240094 ] } },
{ "type": "Feature", "properties": { "内容": "デイサービスセンター神根苑【通所介護】埼玉県熊谷市太井399-1", "url": "https://www.kaigokensaku.mhlw.go.jp/11/index.php?action_kouhyou_detail_004_kani=true&JigyosyoCd=1173100189-00&ServiceCd=150&Type=search", "url2": null }, "geometry": { "type": "Point", "coordinates": [ 139.43076880000001, 36.1239749 ] } },
{ "type": "Feature", "properties": { "内容": "デイサービス富士第2【通所介護】埼玉県熊谷市原島1289-1", "url": "https://www.kaigokensaku.mhlw.go.jp/11/index.php?action_kouhyou_detail_004_kani=true&JigyosyoCd=1173102896-00&ServiceCd=150&Type=search", "url2": null }, "geometry": { "type": "Point", "coordinates": [ 139.36663022209018, 36.161931865685808 ] } },
{ "type": "Feature", "properties": { "内容": "ふれあい熊谷デイサービスセンター【通所介護】埼玉県熊谷市美土里町1丁目196番1", "url": "https://www.kaigokensaku.mhlw.go.jp/11/index.php?action_kouhyou_detail_004_kani=true&JigyosyoCd=1173103605-00&ServiceCd=150&Type=search", "url2": "https://hanawashakaifukushi1.jimdofree.com/" }, "geometry": { "type": "Point", "coordinates": [ 139.317081, 36.1709193 ] } },
{ "type": "Feature", "properties": { "内容": "デイサービスセンター富士【通所介護】埼玉県熊谷市原島1番地4", "url": "https://www.kaigokensaku.mhlw.go.jp/11/index.php?action_kouhyou_detail_004_kani=true&JigyosyoCd=1173102011-00&ServiceCd=150&Type=search", "url2": null }, "geometry": { "type": "Point", "coordinates": [ 139.361496474035675, 36.163763847354048 ] } },
{ "type": "Feature", "properties": { "内容": "デイサービス　　朱雀ほーむ【通所介護】埼玉県熊谷市御正新田1114-1サービス付き高齢者向け住宅　麒麟ほーむ", "url": "https://www.kaigokensaku.mhlw.go.jp/11/index.php?action_kouhyou_detail_004_kani=true&JigyosyoCd=1173103241-00&ServiceCd=150&Type=search", "url2": "https://www.ayanokuni.co.jp" }, "geometry": { "type": "Point", "coordinates": [ 139.3626514, 36.1170613 ] } },
{ "type": "Feature", "properties": { "内容": "ディバシティ熊谷【通所介護】埼玉県熊谷市原島1110-1", "url": "https://www.kaigokensaku.mhlw.go.jp/11/index.php?action_kouhyou_detail_004_kani=true&JigyosyoCd=1173138551-00&ServiceCd=150&Type=search", "url2": "https://www.azisaicc.co.jp" }, "geometry": { "type": "Point", "coordinates": [ 139.3716612, 36.1649634 ] } },
{ "type": "Feature", "properties": { "内容": "デイサービスセンター　もろちゃんち【通所介護】熊谷市銀座四丁目５番１９号", "url": "https://www.kaigokensaku.mhlw.go.jp/11/index.php?action_kouhyou_detail_004_kani=true&JigyosyoCd=1173101104-00&ServiceCd=150&Type=search", "url2": null }, "geometry": { "type": "Point", "coordinates": [ 139.400122858529727, 36.139242022456322 ] } },
{ "type": "Feature", "properties": { "内容": "ダイアナデイサービスセンター【通所介護】埼玉県熊谷市野原461番地7", "url": "https://www.kaigokensaku.mhlw.go.jp/11/index.php?action_kouhyou_detail_004_kani=true&JigyosyoCd=1173102821-00&ServiceCd=150&Type=search", "url2": null }, "geometry": { "type": "Point", "coordinates": [ 139.3609615, 36.1019928 ] } },
{ "type": "Feature", "properties": { "内容": "ケアステーションあさひ熊谷船木台【通所介護】埼玉県熊谷市船木台3丁目1-18", "url": "https://www.kaigokensaku.mhlw.go.jp/11/index.php?action_kouhyou_detail_004_kani=true&JigyosyoCd=1173102649-00&ServiceCd=150&Type=search", "url2": "http://www.vati.co.jp/" }, "geometry": { "type": "Point", "coordinates": [ 139.415494699999954, 36.0781418 ] } },
{ "type": "Feature", "properties": { "内容": "デイサービストミヨ・クマガヤ【通所介護】埼玉県熊谷市久下２０７１－１", "url": "https://www.kaigokensaku.mhlw.go.jp/11/index.php?action_kouhyou_detail_004_kani=true&JigyosyoCd=1173138791-00&ServiceCd=150&Type=search", "url2": "oneresort.co.jp" }, "geometry": { "type": "Point", "coordinates": [ 139.399582590608702, 36.131481139845015 ] } },
{ "type": "Feature", "properties": { "内容": "デイサービスいろいろ【通所介護】埼玉県川口市上青木6-6-2セブンズハイツ1F", "url": "https://www.kaigokensaku.mhlw.go.jp/11/index.php?action_kouhyou_detail_004_kani=true&JigyosyoCd=1170210163-00&ServiceCd=150&Type=search", "url2": null }, "geometry": { "type": "Point", "coordinates": [ 139.717851599999989, 35.8349129 ] } },
{ "type": "Feature", "properties": { "内容": "老人デイサービス　春輝苑【通所介護】埼玉県川口市3丁目20番15号", "url": "https://www.kaigokensaku.mhlw.go.jp/11/index.php?action_kouhyou_detail_004_kani=true&JigyosyoCd=1170208399-00&ServiceCd=150&Type=search", "url2": "https//www.syunkien.com" }, "geometry": { "type": "Point", "coordinates": [ 139.7290011, 35.8132593 ] } },
{ "type": "Feature", "properties": { "内容": "リハビリデイサービスnagomiプラスきゅうぽら店【通所介護】埼玉県川口市中青木2-19-6メゾンクララ1F", "url": "https://www.kaigokensaku.mhlw.go.jp/11/index.php?action_kouhyou_detail_004_kani=true&JigyosyoCd=1170209827-00&ServiceCd=150&Type=search", "url2": "https://cupola.0040.jp/" }, "geometry": { "type": "Point", "coordinates": [ 139.720873299999965, 35.8112685 ] } },
{ "type": "Feature", "properties": { "内容": "リハビリデイサービス銀齢アルク　柳崎【通所介護】埼玉県川口市北園町14-6", "url": "https://www.kaigokensaku.mhlw.go.jp/11/index.php?action_kouhyou_detail_004_kani=true&JigyosyoCd=1170210213-00&ServiceCd=150&Type=search", "url2": "https://rehabili-ginrei.com/" }, "geometry": { "type": "Point", "coordinates": [ 139.703735, 35.8559735 ] } },
{ "type": "Feature", "properties": { "内容": "ツクイ川口安行【通所介護】埼玉県川口市安行領家654-5", "url": "https://www.kaigokensaku.mhlw.go.jp/11/index.php?action_kouhyou_detail_004_kani=true&JigyosyoCd=1170202236-00&ServiceCd=150&Type=search", "url2": "http://www.tsukui.net" }, "geometry": { "type": "Point", "coordinates": [ 139.766027300000019, 35.8428402 ] } },
{ "type": "Feature", "properties": { "内容": "ケアパートナー　川口【通所介護】埼玉県川口市差間三丁目１７番４１号", "url": "https://www.kaigokensaku.mhlw.go.jp/11/index.php?action_kouhyou_detail_004_kani=true&JigyosyoCd=1170200610-00&ServiceCd=150&Type=search", "url2": "http://www.care-partnar.com/" }, "geometry": { "type": "Point", "coordinates": [ 139.731987022090152, 35.870784623057766 ] } },
{ "type": "Feature", "properties": { "内容": "在宅ケアサービス　ソラスト川口【通所介護】埼玉県川口市弥平２－２２－１０", "url": "https://www.kaigokensaku.mhlw.go.jp/11/index.php?action_kouhyou_detail_004_kani=true&JigyosyoCd=1170203143-00&ServiceCd=150&Type=search", "url2": "http://www.solasto.co.jp/" }, "geometry": { "type": "Point", "coordinates": [ 139.752046699999937, 35.8007594 ] } },
{ "type": "Feature", "properties": { "内容": "リハビリデイサービス銀鈴アルク東領家店【通所介護】埼玉県川口市東領家3-23-3", "url": "https://www.kaigokensaku.mhlw.go.jp/11/index.php?action_kouhyou_detail_004_kani=true&JigyosyoCd=1170210148-00&ServiceCd=150&Type=search", "url2": "https://rehabili-ginrei.com/ginrei/about/" }, "geometry": { "type": "Point", "coordinates": [ 139.7521997, 35.7928271 ] } },
{ "type": "Feature", "properties": { "内容": "デイリハステーション　トーラス【通所介護】埼玉県川口市前川1-16-10　1階", "url": "https://www.kaigokensaku.mhlw.go.jp/11/index.php?action_kouhyou_detail_004_kani=true&JigyosyoCd=1170209843-00&ServiceCd=150&Type=search", "url2": "https://dayrihast-torus.wixsite.com/torus/" }, "geometry": { "type": "Point", "coordinates": [ 139.710167848365643, 35.835514556299501 ] } },
{ "type": "Feature", "properties": { "内容": "リハビリデイサービス　銀齢【通所介護】埼玉県川口市芝中田2－33－1リファレンス蕨1F", "url": "https://www.kaigokensaku.mhlw.go.jp/11/index.php?action_kouhyou_detail_004_kani=true&JigyosyoCd=1170205668-00&ServiceCd=150&Type=search", "url2": null }, "geometry": { "type": "Point", "coordinates": [ 139.703597400000064, 35.8302476 ] } },
{ "type": "Feature", "properties": { "内容": "リハプライド川口並【通所介護】埼玉県川口市並木2-33-10", "url": "https://www.kaigokensaku.mhlw.go.jp/11/index.php?action_kouhyou_detail_004_kani=true&JigyosyoCd=1170210130-00&ServiceCd=150&Type=search", "url2": "https://www.rehapride.co.jp/kawaguchinamiki/" }, "geometry": { "type": "Point", "coordinates": [ 139.707605377909857, 35.813929445863309 ] } },
{ "type": "Feature", "properties": { "内容": "デイサービス　リハステップ道合【通所介護】埼玉県川口市道合476-1", "url": "https://www.kaigokensaku.mhlw.go.jp/11/index.php?action_kouhyou_detail_004_kani=true&JigyosyoCd=1170209231-00&ServiceCd=150&Type=search", "url2": "https://www.rehastep.jp/" }, "geometry": { "type": "Point", "coordinates": [ 139.717008145368993, 35.851102369388698 ] } },
{ "type": "Feature", "properties": { "内容": "星風会デイサービスセンター川口【通所介護】上青木1-23-18", "url": "https://www.kaigokensaku.mhlw.go.jp/11/index.php?action_kouhyou_detail_004_kani=true&JigyosyoCd=1170208803-00&ServiceCd=150&Type=search", "url2": null }, "geometry": { "type": "Point", "coordinates": [ 139.723013600000058, 35.8229303 ] } },
{ "type": "Feature", "properties": { "内容": "デイサービスセンター春香苑【通所介護】埼玉県川口市末広3-3-30", "url": "https://www.kaigokensaku.mhlw.go.jp/11/index.php?action_kouhyou_detail_004_kani=true&JigyosyoCd=1170203614-00&ServiceCd=150&Type=search", "url2": "http//www.suehirokai.com" }, "geometry": { "type": "Point", "coordinates": [ 139.741947399999958, 35.8072413 ] } },
{ "type": "Feature", "properties": { "内容": "デイルームJUN【通所介護】埼玉県川口市中青木1-6-1", "url": "https://www.kaigokensaku.mhlw.go.jp/11/index.php?action_kouhyou_detail_004_kani=true&JigyosyoCd=1170201519-00&ServiceCd=150&Type=search", "url2": "http://jun-jun-jun.com" }, "geometry": { "type": "Point", "coordinates": [ 139.7216436, 35.8078545 ] } },
{ "type": "Feature", "properties": { "内容": "ライフデザインきらり【通所介護】埼玉県川口市西青木4-1-3", "url": "https://www.kaigokensaku.mhlw.go.jp/11/index.php?action_kouhyou_detail_004_kani=true&JigyosyoCd=1170205429-00&ServiceCd=150&Type=search", "url2": "https://www.life-d.co.jp" }, "geometry": { "type": "Point", "coordinates": [ 139.709677699999929, 35.8193939 ] } },
{ "type": "Feature", "properties": { "内容": "デイサービスさしま【通所介護】川口市差間323番地", "url": "https://www.kaigokensaku.mhlw.go.jp/11/index.php?action_kouhyou_detail_004_kani=true&JigyosyoCd=1170205189-00&ServiceCd=150&Type=search", "url2": "http://kaigo.vis.ne.jp/" }, "geometry": { "type": "Point", "coordinates": [ 139.726041399999986, 35.8697149 ] } },
{ "type": "Feature", "properties": { "内容": "デイサービスセンター戸塚　シニアフィットプラス【通所介護】埼玉県川口市戸塚南２丁目１９番２０号ウェルハウス戸塚", "url": "https://www.kaigokensaku.mhlw.go.jp/11/index.php?action_kouhyou_detail_004_kani=true&JigyosyoCd=1170204364-00&ServiceCd=150&Type=search", "url2": "http://www.wellhouse1600.jp" }, "geometry": { "type": "Point", "coordinates": [ 139.751227200000017, 35.8619153 ] } },
{ "type": "Feature", "properties": { "内容": "デイサービスみちあい【通所介護】埼玉県川口市道合874-4", "url": "https://www.kaigokensaku.mhlw.go.jp/11/index.php?action_kouhyou_detail_004_kani=true&JigyosyoCd=1170205650-00&ServiceCd=150&Type=search", "url2": "https://michiai.jp/index.php" }, "geometry": { "type": "Point", "coordinates": [ 139.721266300000025, 35.8513488 ] } },
{ "type": "Feature", "properties": { "内容": "水縁デイサービス【通所介護】埼玉県川口市桜町４－２－１４桜マンション１０１号", "url": "https://www.kaigokensaku.mhlw.go.jp/11/index.php?action_kouhyou_detail_004_kani=true&JigyosyoCd=1172000414-00&ServiceCd=150&Type=search", "url2": null }, "geometry": { "type": "Point", "coordinates": [ 139.742969099999982, 35.8397799 ] } },
{ "type": "Feature", "properties": { "内容": "癒しのデイサービス八幡木【通所介護】埼玉県川口市八幡木2-31-33", "url": "https://www.kaigokensaku.mhlw.go.jp/11/index.php?action_kouhyou_detail_004_kani=true&JigyosyoCd=1170206773-00&ServiceCd=150&Type=search", "url2": "http://www.c-24.jp/" }, "geometry": { "type": "Point", "coordinates": [ 139.7498187, 35.8148624 ] } },
{ "type": "Feature", "properties": { "内容": "ヒューマンライフケア武南【通所介護】埼玉県川口市南鳩ヶ谷6丁目4-4ウィステリアヤハギ1階", "url": "https://www.kaigokensaku.mhlw.go.jp/11/index.php?action_kouhyou_detail_004_kani=true&JigyosyoCd=1170209785-00&ServiceCd=150&Type=search", "url2": "https://kaigo.human-lifecare.jp/facilities/ds033_Bunan/summary.html" }, "geometry": { "type": "Point", "coordinates": [ 139.7361235, 35.8176068 ] } },
{ "type": "Feature", "properties": { "内容": "ブルーミングケア川口中央【通所介護】埼玉県川口市神戸151-2", "url": "https://www.kaigokensaku.mhlw.go.jp/11/index.php?action_kouhyou_detail_004_kani=true&JigyosyoCd=1170208480-00&ServiceCd=150&Type=search", "url2": null }, "geometry": { "type": "Point", "coordinates": [ 139.724110268122871, 35.855215985818674 ] } },
{ "type": "Feature", "properties": { "内容": "かがやきデイサービス川口根岸【通所介護】埼玉県川口市安行領根岸1002-1", "url": "https://www.kaigokensaku.mhlw.go.jp/11/index.php?action_kouhyou_detail_004_kani=true&JigyosyoCd=1170206559-00&ServiceCd=150&Type=search", "url2": "http://www.nagoyakaclub.jp/kawaguchinegishi/" }, "geometry": { "type": "Point", "coordinates": [ 139.709331629469233, 35.847880599246139 ] } },
{ "type": "Feature", "properties": { "内容": "デイサービスセンター　リバー・イン【通所介護】埼玉県川口市上青木５－５－５４", "url": "https://www.kaigokensaku.mhlw.go.jp/11/index.php?action_kouhyou_detail_004_kani=true&JigyosyoCd=1170201261-00&ServiceCd=150&Type=search", "url2": "https://nagurien.or.jp" }, "geometry": { "type": "Point", "coordinates": [ 139.7246093, 35.8314531 ] } },
{ "type": "Feature", "properties": { "内容": "デイサービスセンターほっとみるく【通所介護】川口市柳崎3-19-8", "url": "https://www.kaigokensaku.mhlw.go.jp/11/index.php?action_kouhyou_detail_004_kani=true&JigyosyoCd=1170201485-00&ServiceCd=150&Type=search", "url2": "https://hotmilk-kaigo.com/" }, "geometry": { "type": "Point", "coordinates": [ 139.697588799999949, 35.8562831 ] } },
{ "type": "Feature", "properties": { "内容": "ブルーミングケア川口安行原【通所介護】埼玉県川口市安行原2722-1", "url": "https://www.kaigokensaku.mhlw.go.jp/11/index.php?action_kouhyou_detail_004_kani=true&JigyosyoCd=1170207888-00&ServiceCd=150&Type=search", "url2": null }, "geometry": { "type": "Point", "coordinates": [ 139.761336366270484, 35.835978202172377 ] } },
{ "type": "Feature", "properties": { "内容": "特別養護老人ホームひかり苑デイホームたんぽぽ【通所介護】埼玉県川口市坂下町４－１６－３", "url": "https://www.kaigokensaku.mhlw.go.jp/11/index.php?action_kouhyou_detail_004_kani=true&JigyosyoCd=1172000059-00&ServiceCd=150&Type=search", "url2": "http://www.hikari-en.com/index.html" }, "geometry": { "type": "Point", "coordinates": [ 139.738861, 35.8256185 ] } },
{ "type": "Feature", "properties": { "内容": "パイステップ【通所介護】埼玉県川口市中青木1-5-2バロンヒルズ川口1階", "url": "https://www.kaigokensaku.mhlw.go.jp/11/index.php?action_kouhyou_detail_004_kani=true&JigyosyoCd=1170210361-00&ServiceCd=150&Type=search", "url2": "https://paistep.jp/" }, "geometry": { "type": "Point", "coordinates": [ 139.7216, 35.808558 ] } },
{ "type": "Feature", "properties": { "内容": "特定非営利活動法人医療福祉介護支援協会　デイサービスみらい【通所介護】埼玉県川口市朝日3-9-4", "url": "https://www.kaigokensaku.mhlw.go.jp/11/index.php?action_kouhyou_detail_004_kani=true&JigyosyoCd=1170202509-00&ServiceCd=150&Type=search", "url2": null }, "geometry": { "type": "Point", "coordinates": [ 139.736731, 35.812668 ] } },
{ "type": "Feature", "properties": { "内容": "たんぽぽ介護サービス朝日【通所介護】埼玉県川口市朝日６－１６－７", "url": "https://www.kaigokensaku.mhlw.go.jp/11/index.php?action_kouhyou_detail_004_kani=true&JigyosyoCd=1170203002-00&ServiceCd=150&Type=search", "url2": "http://www.tanpopo-kaigo.jp/" }, "geometry": { "type": "Point", "coordinates": [ 139.745555400000057, 35.8056223 ] } },
{ "type": "Feature", "properties": { "内容": "デイサービスかみね【通所介護】埼玉県川口市安行領根岸１２６０", "url": "https://www.kaigokensaku.mhlw.go.jp/11/index.php?action_kouhyou_detail_004_kani=true&JigyosyoCd=1170202731-00&ServiceCd=150&Type=search", "url2": "http://kaigo.vis.ne.jp/" }, "geometry": { "type": "Point", "coordinates": [ 139.715026399999942, 35.8467231 ] } },
{ "type": "Feature", "properties": { "内容": "ツクイ川口元郷【通所介護】川口市元郷　1-1-3（所在地はホームページでご確認ください。）掲載されている地図とは異なります。川口元郷駅１番出口すぐです。", "url": "https://www.kaigokensaku.mhlw.go.jp/11/index.php?action_kouhyou_detail_004_kani=true&JigyosyoCd=1170204802-00&ServiceCd=150&Type=search", "url2": "http://www.tsukui.net/" }, "geometry": { "type": "Point", "coordinates": [ 139.729433384625253, 35.799353705987336 ] } },
{ "type": "Feature", "properties": { "内容": "ツクイ川口戸塚【通所介護】埼玉県川口市戸塚4-11-25", "url": "https://www.kaigokensaku.mhlw.go.jp/11/index.php?action_kouhyou_detail_004_kani=true&JigyosyoCd=1170202582-00&ServiceCd=150&Type=search", "url2": "https://www.tsukui.net" }, "geometry": { "type": "Point", "coordinates": [ 139.7428094, 35.8675611 ] } },
{ "type": "Feature", "properties": { "内容": "川口市通所介護事業所「社会福祉センター」【通所介護】埼玉県川口市大字道合１４２１番地神根福祉センター", "url": "https://www.kaigokensaku.mhlw.go.jp/11/index.php?action_kouhyou_detail_004_kani=true&JigyosyoCd=1170200552-00&ServiceCd=150&Type=search", "url2": "http://www.fukushi-kawaguchi.jp/" }, "geometry": { "type": "Point", "coordinates": [ 139.718320400000039, 35.8524863 ] } },
{ "type": "Feature", "properties": { "内容": "脳トレ麻雀デイサービス・ウェルチャオ川口前川【通所介護】埼玉県川口市前川1-13-1野尻第2ビル1F", "url": "https://www.kaigokensaku.mhlw.go.jp/11/index.php?action_kouhyou_detail_004_kani=true&JigyosyoCd=1170209116-00&ServiceCd=150&Type=search", "url2": "https://www.welchao.com/" }, "geometry": { "type": "Point", "coordinates": [ 139.710175, 35.832798 ] } },
{ "type": "Feature", "properties": { "内容": "あいりんぐステップ【通所介護】埼玉県川口市芝3-4-13", "url": "https://www.kaigokensaku.mhlw.go.jp/11/index.php?action_kouhyou_detail_004_kani=true&JigyosyoCd=1171900895-00&ServiceCd=150&Type=search", "url2": null }, "geometry": { "type": "Point", "coordinates": [ 139.696333090865522, 35.834855079358121 ] } },
{ "type": "Feature", "properties": { "内容": "でいぱんda【通所介護】仲町5-25", "url": "https://www.kaigokensaku.mhlw.go.jp/11/index.php?action_kouhyou_detail_004_kani=true&JigyosyoCd=1170209108-00&ServiceCd=150&Type=search", "url2": null }, "geometry": { "type": "Point", "coordinates": [ 139.7043869, 35.8066998 ] } },
{ "type": "Feature", "properties": { "内容": "さわやかデイサービスしばゆり【通所介護】川口市芝1-23-5　ルミエール3番館1階", "url": "https://www.kaigokensaku.mhlw.go.jp/11/index.php?action_kouhyou_detail_004_kani=true&JigyosyoCd=1170203168-00&ServiceCd=150&Type=search", "url2": "http://www.tepco-partners.co.jp/" }, "geometry": { "type": "Point", "coordinates": [ 139.703163600000039, 35.8324499 ] } },
{ "type": "Feature", "properties": { "内容": "ジョイリハSPA柳崎【通所介護】埼玉県川口市柳崎1-2-23　メゾン並木1階部", "url": "https://www.kaigokensaku.mhlw.go.jp/11/index.php?action_kouhyou_detail_004_kani=true&JigyosyoCd=1170209868-00&ServiceCd=150&Type=search", "url2": "https://joyreha.co.jp/shop/%E3%82%B8%E3%83%A7%E3%82%A4%E3%83%AA%E3%83%8F%E6%9F%B3%E5%B4%8E/" }, "geometry": { "type": "Point", "coordinates": [ 139.7020685, 35.8486016 ] } },
{ "type": "Feature", "properties": { "内容": "リハプライド安行【通所介護】埼玉県川口市安行原1271-40", "url": "https://www.kaigokensaku.mhlw.go.jp/11/index.php?action_kouhyou_detail_004_kani=true&JigyosyoCd=1170210064-00&ServiceCd=150&Type=search", "url2": "https://www.rehapride.co.jp/angyo/" }, "geometry": { "type": "Point", "coordinates": [ 139.7731353, 35.8403162 ] } },
{ "type": "Feature", "properties": { "内容": "スマイルリハビリセンターフィジオ【通所介護】埼玉県川口市赤井1-10-2", "url": "https://www.kaigokensaku.mhlw.go.jp/11/index.php?action_kouhyou_detail_004_kani=true&JigyosyoCd=1170205387-00&ServiceCd=150&Type=search", "url2": "http://kawaguchi.rehabilitation.pro/" }, "geometry": { "type": "Point", "coordinates": [ 139.747632399999929, 35.8272712 ] } },
{ "type": "Feature", "properties": { "内容": "ツクイ川口赤井【通所介護】埼玉県川口市赤井590-1", "url": "https://www.kaigokensaku.mhlw.go.jp/11/index.php?action_kouhyou_detail_004_kani=true&JigyosyoCd=1170209710-00&ServiceCd=150&Type=search", "url2": "http://www.tsukui.net" }, "geometry": { "type": "Point", "coordinates": [ 139.753400551589976, 35.831620830580029 ] } },
{ "type": "Feature", "properties": { "内容": "川口市通所介護事業所「新郷れんげそう」【通所介護】埼玉県川口市大字赤井１０５５番地川口市高齢者総合福祉センターサンテピア", "url": "https://www.kaigokensaku.mhlw.go.jp/11/index.php?action_kouhyou_detail_004_kani=true&JigyosyoCd=1170200537-00&ServiceCd=150&Type=search", "url2": "http://www.fukushi-kawaguchi.jp/" }, "geometry": { "type": "Point", "coordinates": [ 139.748810274343896, 35.83392443010802 ] } },
{ "type": "Feature", "properties": { "内容": "かがやきデイサービス川口朝日【通所介護】埼玉県川口市朝日３丁目13番19号", "url": "https://www.kaigokensaku.mhlw.go.jp/11/index.php?action_kouhyou_detail_004_kani=true&JigyosyoCd=1170209991-00&ServiceCd=150&Type=search", "url2": "http://www.ymmd-scc.jp/location/kawaguchiasahi/" }, "geometry": { "type": "Point", "coordinates": [ 139.736916799999989, 35.8101896 ] } },
{ "type": "Feature", "properties": { "内容": "フィットネスデイ　PONOPONO西青木【通所介護】埼玉県川口市西青木2-12-2池田ビル1F", "url": "https://www.kaigokensaku.mhlw.go.jp/11/index.php?action_kouhyou_detail_004_kani=true&JigyosyoCd=1170208696-00&ServiceCd=150&Type=search", "url2": "ponopono-fit.com/company.html" }, "geometry": { "type": "Point", "coordinates": [ 139.713706900000034, 35.8162093 ] } },
{ "type": "Feature", "properties": { "内容": "かわぐち翔裕園　デイサービスセンター【通所介護】埼玉県川口市赤芝新田１１４－１", "url": "https://www.kaigokensaku.mhlw.go.jp/11/index.php?action_kouhyou_detail_004_kani=true&JigyosyoCd=1170204158-00&ServiceCd=150&Type=search", "url2": "http://www.genkimuragroup.jp/genkimura/kawaguchi/" }, "geometry": { "type": "Point", "coordinates": [ 139.749020299999984, 35.8539036 ] } },
{ "type": "Feature", "properties": { "内容": "デイ秋桜の丘【通所介護】埼玉県川口市芝中田2-26-24", "url": "https://www.kaigokensaku.mhlw.go.jp/11/index.php?action_kouhyou_detail_004_kani=true&JigyosyoCd=1170210197-00&ServiceCd=150&Type=search", "url2": "http://carecosmos,info" }, "geometry": { "type": "Point", "coordinates": [ 139.704621300000014, 35.8271999 ] } },
{ "type": "Feature", "properties": { "内容": "介護老人福祉施設　ベルホーム【通所介護】埼玉県川口市辻９５８番地", "url": "https://www.kaigokensaku.mhlw.go.jp/11/index.php?action_kouhyou_detail_004_kani=true&JigyosyoCd=1172000174-00&ServiceCd=150&Type=search", "url2": "https://www.bellhome.jp/" }, "geometry": { "type": "Point", "coordinates": [ 139.73298090000003, 35.8282956 ] } },
{ "type": "Feature", "properties": { "内容": "リハビリデイサービスありがたい川口草加【通所介護】埼玉県川口市安行北谷617－1リハビリデイサービスありがたい", "url": "https://www.kaigokensaku.mhlw.go.jp/11/index.php?action_kouhyou_detail_004_kani=true&JigyosyoCd=1170209405-00&ServiceCd=150&Type=search", "url2": "https://arigatai.org/" }, "geometry": { "type": "Point", "coordinates": [ 139.7745832, 35.8377037 ] } },
{ "type": "Feature", "properties": { "内容": "デイサービスセンターケアサポートかわぐち【通所介護】川口市榛松1-8-5", "url": "https://www.kaigokensaku.mhlw.go.jp/11/index.php?action_kouhyou_detail_004_kani=true&JigyosyoCd=1170203903-00&ServiceCd=150&Type=search", "url2": "http://www.care-support.biz/" }, "geometry": { "type": "Point", "coordinates": [ 139.772694199999933, 35.8205348 ] } },
{ "type": "Feature", "properties": { "内容": "フィットネスデイ　PONOPONO【通所介護】川口市本蓮2-26-5本栄ビル1F", "url": "https://www.kaigokensaku.mhlw.go.jp/11/index.php?action_kouhyou_detail_004_kani=true&JigyosyoCd=1170205718-00&ServiceCd=150&Type=search", "url2": "http://ponopono-fit.com/" }, "geometry": { "type": "Point", "coordinates": [ 139.763245099999949, 35.8192095 ] } },
{ "type": "Feature", "properties": { "内容": "癒しのデイサービス西川口【通所介護】埼玉県川口市並木3-17-5PARKSQUARE西川口　1階", "url": "https://www.kaigokensaku.mhlw.go.jp/11/index.php?action_kouhyou_detail_004_kani=true&JigyosyoCd=1170205635-00&ServiceCd=150&Type=search", "url2": "https://riei-kaigo.jp/service/day-nishikawaguchi/" }, "geometry": { "type": "Point", "coordinates": [ 139.703158900000062, 35.8181162 ] } },
{ "type": "Feature", "properties": { "内容": "シルバーホクソン　デイサービスふぁいん前川【通所介護】埼玉県川口市前上町7-8", "url": "https://www.kaigokensaku.mhlw.go.jp/11/index.php?action_kouhyou_detail_004_kani=true&JigyosyoCd=1170205692-00&ServiceCd=150&Type=search", "url2": "http://www.hoxon.net" }, "geometry": { "type": "Point", "coordinates": [ 139.712552974220216, 35.835521139214741 ] } },
{ "type": "Feature", "properties": { "内容": "ビーステップ川口　デイサービス彩【通所介護】埼玉県川口市領家1-24-1", "url": "https://www.kaigokensaku.mhlw.go.jp/11/index.php?action_kouhyou_detail_004_kani=true&JigyosyoCd=1170203929-00&ServiceCd=150&Type=search", "url2": "https://bestep.co.jp/" }, "geometry": { "type": "Point", "coordinates": [ 139.7451585, 35.7957238 ] } },
{ "type": "Feature", "properties": { "内容": "アースサポート東川口【通所介護】埼玉県川口市戸塚東1丁目10番4号", "url": "https://www.kaigokensaku.mhlw.go.jp/11/index.php?action_kouhyou_detail_004_kani=true&JigyosyoCd=1170205676-00&ServiceCd=150&Type=search", "url2": "https://www.earthsupport.co.jp/" }, "geometry": { "type": "Point", "coordinates": [ 139.748975200000018, 35.8750817 ] } },
{ "type": "Feature", "properties": { "内容": "ブルーミングケア川口新郷【通所介護】埼玉県川口市新堀697-1", "url": "https://www.kaigokensaku.mhlw.go.jp/11/index.php?action_kouhyou_detail_004_kani=true&JigyosyoCd=1170209777-00&ServiceCd=150&Type=search", "url2": null }, "geometry": { "type": "Point", "coordinates": [ 139.779015500000014, 35.8286902 ] } },
{ "type": "Feature", "properties": { "内容": "鳩ケ谷ケアセンターそよ風【通所介護】埼玉県川口市大字里1218", "url": "https://www.kaigokensaku.mhlw.go.jp/11/index.php?action_kouhyou_detail_004_kani=true&JigyosyoCd=1172000430-00&ServiceCd=150&Type=search", "url2": "sykz.co.jp" }, "geometry": { "type": "Point", "coordinates": [ 139.732489, 35.8319881 ] } },
{ "type": "Feature", "properties": { "内容": "デイサービスセンターしあわせ峯【通所介護】埼玉県川口市大字峯１３７１－１", "url": "https://www.kaigokensaku.mhlw.go.jp/11/index.php?action_kouhyou_detail_004_kani=true&JigyosyoCd=1170205361-00&ServiceCd=150&Type=search", "url2": "http://www.creizu.jp" }, "geometry": { "type": "Point", "coordinates": [ 139.7727466, 35.8349878 ] } },
{ "type": "Feature", "properties": { "内容": "ぴゅあ　でいりぞーとおはな【通所介護】埼玉県川口市上青木西2-4-8", "url": "https://www.kaigokensaku.mhlw.go.jp/11/index.php?action_kouhyou_detail_004_kani=true&JigyosyoCd=1170203580-00&ServiceCd=150&Type=search", "url2": "https://www.pure-homes.com" }, "geometry": { "type": "Point", "coordinates": [ 139.713935499999934, 35.8254318 ] } },
{ "type": "Feature", "properties": { "内容": "川口南ケアセンターそよ風【通所介護】埼玉県川口市南町2-8-29", "url": "https://www.kaigokensaku.mhlw.go.jp/11/index.php?action_kouhyou_detail_004_kani=true&JigyosyoCd=1170208894-00&ServiceCd=150&Type=search", "url2": null }, "geometry": { "type": "Point", "coordinates": [ 139.703331104368601, 35.805086566830234 ] } },
{ "type": "Feature", "properties": { "内容": "ニチイケアセンター川口領家【通所介護】埼玉県川口市領家２－１３－１３", "url": "https://www.kaigokensaku.mhlw.go.jp/11/index.php?action_kouhyou_detail_004_kani=true&JigyosyoCd=1170201097-00&ServiceCd=150&Type=search", "url2": "http://www.nichiigakkan.co.jp" }, "geometry": { "type": "Point", "coordinates": [ 139.741906100000051, 35.7941101 ] } },
{ "type": "Feature", "properties": { "内容": "フィットネスデイPONOPONO南鳩ヶ谷【通所介護】埼玉県川口市南鳩ヶ谷3-22-21メゾンKM1F", "url": "https://www.kaigokensaku.mhlw.go.jp/11/index.php?action_kouhyou_detail_004_kani=true&JigyosyoCd=1170210395-00&ServiceCd=150&Type=search", "url2": null }, "geometry": { "type": "Point", "coordinates": [ 139.7404192, 35.8142681 ] } },
{ "type": "Feature", "properties": { "内容": "ロイヤルデイサービスセンター【通所介護】埼玉県川口市青木2-5-24", "url": "https://www.kaigokensaku.mhlw.go.jp/11/index.php?action_kouhyou_detail_004_kani=true&JigyosyoCd=1170204059-00&ServiceCd=150&Type=search", "url2": "http://www.royalk.jp/" }, "geometry": { "type": "Point", "coordinates": [ 139.726168199999961, 35.8081185 ] } },
{ "type": "Feature", "properties": { "内容": "デイサービスセンターウェルハウス安行【通所介護】埼玉県川口市安行領家654番地1", "url": "https://www.kaigokensaku.mhlw.go.jp/11/index.php?action_kouhyou_detail_004_kani=true&JigyosyoCd=1170208381-00&ServiceCd=150&Type=search", "url2": "http://www.wellhouse1600.jp" }, "geometry": { "type": "Point", "coordinates": [ 139.765538600000014, 35.8428752 ] } },
{ "type": "Feature", "properties": { "内容": "ゆめふる川口店【通所介護】埼玉県川口市芝5-1-8グレースマンション芝1F", "url": "https://www.kaigokensaku.mhlw.go.jp/11/index.php?action_kouhyou_detail_004_kani=true&JigyosyoCd=1170200859-00&ServiceCd=150&Type=search", "url2": "http://www.yasashiite.com/subdomains/section/085/" }, "geometry": { "type": "Point", "coordinates": [ 139.69121240000004, 35.830053099999986 ] } },
{ "type": "Feature", "properties": { "内容": "グランヴィデイサービスセンター【通所介護】埼玉県川口市前川3-39-15", "url": "https://www.kaigokensaku.mhlw.go.jp/11/index.php?action_kouhyou_detail_004_kani=true&JigyosyoCd=1170205296-00&ServiceCd=150&Type=search", "url2": null }, "geometry": { "type": "Point", "coordinates": [ 139.710482500000012, 35.8413487 ] } },
{ "type": "Feature", "properties": { "内容": "デイサービスリバティ【通所介護】埼玉県川口市上青木西4-22-16", "url": "https://www.kaigokensaku.mhlw.go.jp/11/index.php?action_kouhyou_detail_004_kani=true&JigyosyoCd=1170210460-00&ServiceCd=150&Type=search", "url2": null }, "geometry": { "type": "Point", "coordinates": [ 139.7135102, 35.8303328 ] } },
{ "type": "Feature", "properties": { "内容": "コンパスウォーク川口柳崎【通所介護】埼玉県川口市柳崎4-2-19", "url": "https://www.kaigokensaku.mhlw.go.jp/11/index.php?action_kouhyou_detail_004_kani=true&JigyosyoCd=1170208928-00&ServiceCd=150&Type=search", "url2": "https://kinoukaifuku.com/?p=3199" }, "geometry": { "type": "Point", "coordinates": [ 139.702013, 35.8559395 ] } },
{ "type": "Feature", "properties": { "内容": "コスモスブリーズ　デイ【通所介護】埼玉県川口市上青木西5-6-6", "url": "https://www.kaigokensaku.mhlw.go.jp/11/index.php?action_kouhyou_detail_004_kani=true&JigyosyoCd=1170209561-00&ServiceCd=150&Type=search", "url2": "http://carecosmos.info/" }, "geometry": { "type": "Point", "coordinates": [ 139.714234283991999, 35.832111124755365 ] } },
{ "type": "Feature", "properties": { "内容": "ベターライフ差間【通所介護】埼玉県川口市差間446-2", "url": "https://www.kaigokensaku.mhlw.go.jp/11/index.php?action_kouhyou_detail_004_kani=true&JigyosyoCd=1170208787-00&ServiceCd=150&Type=search", "url2": "http://kan-fukushi-service.co.jp" }, "geometry": { "type": "Point", "coordinates": [ 139.728047718429053, 35.868596767358206 ] } },
{ "type": "Feature", "properties": { "内容": "コンパスウォーク川口戸塚【通所介護】川口市戸塚鋏町10－35", "url": "https://www.kaigokensaku.mhlw.go.jp/11/index.php?action_kouhyou_detail_004_kani=true&JigyosyoCd=1170209454-00&ServiceCd=150&Type=search", "url2": "https://keigo-group.co.jp/shop/saitamaken/2598/" }, "geometry": { "type": "Point", "coordinates": [ 139.758399700000012, 35.8671889 ] } },
{ "type": "Feature", "properties": { "内容": "リハビリデイサービス銀齢アルク上根橋【通所介護】埼玉県川口市大字安行領根岸2957ライオンズマンション川口根岸台1F", "url": "https://www.kaigokensaku.mhlw.go.jp/11/index.php?action_kouhyou_detail_004_kani=true&JigyosyoCd=1170209330-00&ServiceCd=150&Type=search", "url2": "https://rehabili-ginrei.com/aluk/" }, "geometry": { "type": "Point", "coordinates": [ 139.7225882, 35.8371956 ] } },
{ "type": "Feature", "properties": { "内容": "デイサービスセンターひだまりの郷　南前川【通所介護】埼玉県川口市南前川2-26-1", "url": "https://www.kaigokensaku.mhlw.go.jp/11/index.php?action_kouhyou_detail_004_kani=true&JigyosyoCd=1170209660-00&ServiceCd=150&Type=search", "url2": "https://www.kamiaoki-hidamari.com" }, "geometry": { "type": "Point", "coordinates": [ 139.709287015483085, 35.829654332163123 ] } },
{ "type": "Feature", "properties": { "内容": "川口ケアセンターそよ風【通所介護】埼玉県川口市東本郷1267-1", "url": "https://www.kaigokensaku.mhlw.go.jp/11/index.php?action_kouhyou_detail_004_kani=true&JigyosyoCd=1170201188-00&ServiceCd=150&Type=search", "url2": "https://corp.sykz.co.jp/" }, "geometry": { "type": "Point", "coordinates": [ 139.762950400000022, 35.8283717 ] } },
{ "type": "Feature", "properties": { "内容": "ピュアハウス青い鳥【通所介護】埼玉県川口市芝下2-5-8", "url": "https://www.kaigokensaku.mhlw.go.jp/11/index.php?action_kouhyou_detail_004_kani=true&JigyosyoCd=1170202012-00&ServiceCd=150&Type=search", "url2": "http://www8.plala.or.jp/ksc-hukushi/page009.html" }, "geometry": { "type": "Point", "coordinates": [ 139.701539, 35.8377186 ] } },
{ "type": "Feature", "properties": { "内容": "川口明生苑デイサービスセンター【通所介護】埼玉県川口市上青木3-10-17ハートランド川口明生苑1F", "url": "https://www.kaigokensaku.mhlw.go.jp/11/index.php?action_kouhyou_detail_004_kani=true&JigyosyoCd=1170203283-00&ServiceCd=150&Type=search", "url2": "http://www.fukushi-e.com" }, "geometry": { "type": "Point", "coordinates": [ 139.7223758, 35.8271312 ] } },
{ "type": "Feature", "properties": { "内容": "緑風苑デイサービスセンター【通所介護】行田市須加１５２９", "url": "https://www.kaigokensaku.mhlw.go.jp/11/index.php?action_kouhyou_detail_004_kani=true&JigyosyoCd=1173700095-00&ServiceCd=150&Type=search", "url2": "http://www.seikoukai.com" }, "geometry": { "type": "Point", "coordinates": [ 139.488728600000059, 36.1847617 ] } },
{ "type": "Feature", "properties": { "内容": "社会医療法人壮幸会　介護保険施設　心春（こはる）【通所介護】行田市持田2426", "url": "https://www.kaigokensaku.mhlw.go.jp/11/index.php?action_kouhyou_detail_004_kani=true&JigyosyoCd=1173700632-00&ServiceCd=150&Type=search", "url2": "https://www.facebook.com/koharu1800/" }, "geometry": { "type": "Point", "coordinates": [ 139.434579, 36.1307796 ] } },
{ "type": "Feature", "properties": { "内容": "ひだまりの夢【通所介護】持田2357-1", "url": "https://www.kaigokensaku.mhlw.go.jp/11/index.php?action_kouhyou_detail_004_kani=true&JigyosyoCd=1173700897-00&ServiceCd=150&Type=search", "url2": "www.komorebi2010.com" }, "geometry": { "type": "Point", "coordinates": [ 131.519368799999938, 32.1482383 ] } },
{ "type": "Feature", "properties": { "内容": "デイサロンさきたま【通所介護】埼玉県行田市長野1-3-2", "url": "https://www.kaigokensaku.mhlw.go.jp/11/index.php?action_kouhyou_detail_004_kani=true&JigyosyoCd=1173701366-00&ServiceCd=150&Type=search", "url2": "https://asia-medca.jp/" }, "geometry": { "type": "Point", "coordinates": [ 139.469239499999986, 36.1437897 ] } },
{ "type": "Feature", "properties": { "内容": "あずみ苑行田【通所介護】埼玉県行田市門井町３－２－１", "url": "https://www.kaigokensaku.mhlw.go.jp/11/index.php?action_kouhyou_detail_004_kani=true&JigyosyoCd=1173700608-00&ServiceCd=150&Type=search", "url2": "http://www.leopalace21.co.jp/" }, "geometry": { "type": "Point", "coordinates": [ 139.442575600000026, 36.1253778 ] } },
{ "type": "Feature", "properties": { "内容": "フルークデイサービスセンター【通所介護】埼玉県行田市野1087番地1", "url": "https://www.kaigokensaku.mhlw.go.jp/11/index.php?action_kouhyou_detail_004_kani=true&JigyosyoCd=1173701176-00&ServiceCd=150&Type=search", "url2": null }, "geometry": { "type": "Point", "coordinates": [ 139.492671600000023, 36.106227 ] } },
{ "type": "Feature", "properties": { "内容": "行田ケアセンターそよ風【通所介護】埼玉県行田市天満８－２９", "url": "https://www.kaigokensaku.mhlw.go.jp/11/index.php?action_kouhyou_detail_004_kani=true&JigyosyoCd=1173700236-00&ServiceCd=150&Type=search", "url2": null }, "geometry": { "type": "Point", "coordinates": [ 139.458403699999963, 36.1359463 ] } },
{ "type": "Feature", "properties": { "内容": "ふぁみぃゆデイサービスセンター【通所介護】埼玉県行田市大字下須戸75番地", "url": "https://www.kaigokensaku.mhlw.go.jp/11/index.php?action_kouhyou_detail_004_kani=true&JigyosyoCd=1173700509-00&ServiceCd=150&Type=search", "url2": "http://famille-gyoda.com/" }, "geometry": { "type": "Point", "coordinates": [ 139.509701, 36.1392122 ] } },
{ "type": "Feature", "properties": { "内容": "緑風苑デイサービスセンター　うららか【通所介護】埼玉県行田市佐間１４６９－１", "url": "https://www.kaigokensaku.mhlw.go.jp/11/index.php?action_kouhyou_detail_004_kani=true&JigyosyoCd=1173700657-00&ServiceCd=150&Type=search", "url2": "http://www.seikoukai.com" }, "geometry": { "type": "Point", "coordinates": [ 139.472266799999943, 36.1292397 ] } },
{ "type": "Feature", "properties": { "内容": "南河原福祉の里　老人デイサービスセンター【通所介護】埼玉県行田市大字馬見塚６９３", "url": "https://www.kaigokensaku.mhlw.go.jp/11/index.php?action_kouhyou_detail_004_kani=true&JigyosyoCd=1173600196-00&ServiceCd=150&Type=search", "url2": "https://hirakata-okina.com/" }, "geometry": { "type": "Point", "coordinates": [ 139.440193278048667, 36.169541830232738 ] } },
{ "type": "Feature", "properties": { "内容": "まきば園デイサービスセンター【通所介護】埼玉県行田市白川戸２７５", "url": "https://www.kaigokensaku.mhlw.go.jp/11/index.php?action_kouhyou_detail_004_kani=true&JigyosyoCd=1173700178-00&ServiceCd=150&Type=search", "url2": "https://makibaen.com/" }, "geometry": { "type": "Point", "coordinates": [ 139.468198900000061, 36.1624025 ] } },
{ "type": "Feature", "properties": { "内容": "デイサービス松の家行田【通所介護】埼玉県行田市向町24-3", "url": "https://www.kaigokensaku.mhlw.go.jp/11/index.php?action_kouhyou_detail_004_kani=true&JigyosyoCd=1173701234-00&ServiceCd=150&Type=search", "url2": "http://www.matsunoie.com/" }, "geometry": { "type": "Point", "coordinates": [ 139.4674561, 36.1375171 ] } },
{ "type": "Feature", "properties": { "内容": "デイサービス富士行田【通所介護】埼玉県行田市斎条１５０３番地", "url": "https://www.kaigokensaku.mhlw.go.jp/11/index.php?action_kouhyou_detail_004_kani=true&JigyosyoCd=1173701085-00&ServiceCd=150&Type=search", "url2": null }, "geometry": { "type": "Point", "coordinates": [ 139.458397900000023, 36.1725995 ] } },
{ "type": "Feature", "properties": { "内容": "ケアステーションあさひ行田【通所介護】埼玉県行田市持田2539-1ふるさとホーム行田", "url": "https://www.kaigokensaku.mhlw.go.jp/11/index.php?action_kouhyou_detail_004_kani=true&JigyosyoCd=1173700822-00&ServiceCd=150&Type=search", "url2": null }, "geometry": { "type": "Point", "coordinates": [ 139.423869200000013, 36.1398641 ] } },
{ "type": "Feature", "properties": { "内容": "デイサービスこころ行田【通所介護】長野２－６－２７シルバーリゾートこころ・行田", "url": "https://www.kaigokensaku.mhlw.go.jp/11/index.php?action_kouhyou_detail_004_kani=true&JigyosyoCd=1173701143-00&ServiceCd=150&Type=search", "url2": "https://www.oneresort.co.jp/" }, "geometry": { "type": "Point", "coordinates": [ 138.1950371, 36.6485258 ] } },
{ "type": "Feature", "properties": { "内容": "ケアステーションあさひ行田第弐【通所介護】埼玉県行田市藤原町2-22-3", "url": "https://www.kaigokensaku.mhlw.go.jp/11/index.php?action_kouhyou_detail_004_kani=true&JigyosyoCd=1173700855-00&ServiceCd=150&Type=search", "url2": "https://www.vati.co.jp/" }, "geometry": { "type": "Point", "coordinates": [ 139.4856823, 36.1479293 ] } },
{ "type": "Feature", "properties": { "内容": "秩父市影森デイサービスセンター【通所介護】埼玉県秩父市上影森759番地2影森福祉交流センター", "url": "https://www.kaigokensaku.mhlw.go.jp/11/index.php?action_kouhyou_detail_004_kani=true&JigyosyoCd=1174901296-00&ServiceCd=150&Type=search", "url2": null }, "geometry": { "type": "Point", "coordinates": [ 139.066124800000011, 35.9810236 ] } },
{ "type": "Feature", "properties": { "内容": "あるるデイサービス【通所介護】秩父市黒谷１７２９番地", "url": "https://www.kaigokensaku.mhlw.go.jp/11/index.php?action_kouhyou_detail_004_kani=true&JigyosyoCd=1174900744-00&ServiceCd=150&Type=search", "url2": "http://ameblo.jp/aruru0408/" }, "geometry": { "type": "Point", "coordinates": [ 139.115549800000053, 36.0450352 ] } },
{ "type": "Feature", "properties": { "内容": "秩父デイサービスセンター【通所介護】埼玉県秩父市桜木町１３－１２", "url": "https://www.kaigokensaku.mhlw.go.jp/11/index.php?action_kouhyou_detail_004_kani=true&JigyosyoCd=1174900694-00&ServiceCd=150&Type=search", "url2": "http://www.shirasuna-keijien.or.jp" }, "geometry": { "type": "Point", "coordinates": [ 139.08225010000001, 36.0039817 ] } },
{ "type": "Feature", "properties": { "内容": "デイサービスセンター　燦々【通所介護】秩父市吉田久長１９３", "url": "https://www.kaigokensaku.mhlw.go.jp/11/index.php?action_kouhyou_detail_004_kani=true&JigyosyoCd=1174800456-00&ServiceCd=150&Type=search", "url2": null }, "geometry": { "type": "Point", "coordinates": [ 139.046033500000021, 36.0498475 ] } },
{ "type": "Feature", "properties": { "内容": "デイサービスみやじの里【通所介護】秩父市上宮地町16-24", "url": "https://www.kaigokensaku.mhlw.go.jp/11/index.php?action_kouhyou_detail_004_kani=true&JigyosyoCd=1174901270-00&ServiceCd=150&Type=search", "url2": null }, "geometry": { "type": "Point", "coordinates": [ 139.088503658335867, 36.002023150380275 ] } },
{ "type": "Feature", "properties": { "内容": "寺尾デイサービスセンター【通所介護】埼玉県秩父市寺尾720番地", "url": "https://www.kaigokensaku.mhlw.go.jp/11/index.php?action_kouhyou_detail_004_kani=true&JigyosyoCd=1174901171-00&ServiceCd=150&Type=search", "url2": null }, "geometry": { "type": "Point", "coordinates": [ 139.090178650281473, 36.039851157052809 ] } },
{ "type": "Feature", "properties": { "内容": "あずみ苑秩父(公園橋）【通所介護】埼玉県秩父市中村町3-1-33", "url": "https://www.kaigokensaku.mhlw.go.jp/11/index.php?action_kouhyou_detail_004_kani=true&JigyosyoCd=1174900660-00&ServiceCd=150&Type=search", "url2": "http://www.leopalace21.co.jp/silver.html" }, "geometry": { "type": "Point", "coordinates": [ 139.0747862, 35.9986739 ] } },
{ "type": "Feature", "properties": { "内容": "和泉の森デイサービスセンター【通所介護】埼玉県秩父市和泉町１６番地", "url": "https://www.kaigokensaku.mhlw.go.jp/11/index.php?action_kouhyou_detail_004_kani=true&JigyosyoCd=1174800167-00&ServiceCd=150&Type=search", "url2": "http://www.chichibu-seihoukai.net" }, "geometry": { "type": "Point", "coordinates": [ 139.065507882011332, 35.983279027956861 ] } },
{ "type": "Feature", "properties": { "内容": "秩父市高篠デイサービスセンター【通所介護】秩父市栃谷３６９番地１", "url": "https://www.kaigokensaku.mhlw.go.jp/11/index.php?action_kouhyou_detail_004_kani=true&JigyosyoCd=1174900793-00&ServiceCd=150&Type=search", "url2": "http://www.chichibu.ne.jp/~honobono/takashinod1.htm" }, "geometry": { "type": "Point", "coordinates": [ 139.118336199999931, 36.0272458 ] } },
{ "type": "Feature", "properties": { "内容": "蒔田デイサービスセンター【通所介護】埼玉県秩父市蒔田１９７７番地", "url": "https://www.kaigokensaku.mhlw.go.jp/11/index.php?action_kouhyou_detail_004_kani=true&JigyosyoCd=1174900181-00&ServiceCd=150&Type=search", "url2": "http://www.chichibu.ne.jp/~honobono" }, "geometry": { "type": "Point", "coordinates": [ 139.0826604, 36.0323728 ] } },
{ "type": "Feature", "properties": { "内容": "コンパスウォーク秩父【通所介護】埼玉県秩父市大野原1029-1", "url": "https://www.kaigokensaku.mhlw.go.jp/11/index.php?action_kouhyou_detail_004_kani=true&JigyosyoCd=1174901312-00&ServiceCd=150&Type=search", "url2": "https://keigo-group.co.jp/shop/saitamaken/10291/" }, "geometry": { "type": "Point", "coordinates": [ 139.101630428836017, 36.021793958030791 ] } },
{ "type": "Feature", "properties": { "内容": "社会福祉法人秩父福祉会白砂恵慈園（太田デイ）【通所介護】埼玉県秩父市伊古田288-6", "url": "https://www.kaigokensaku.mhlw.go.jp/11/index.php?action_kouhyou_detail_004_kani=true&JigyosyoCd=1174900066-00&ServiceCd=150&Type=search", "url2": "http.//www.sirasuna-keijienn.or.jp/group/ota-dayservice" }, "geometry": { "type": "Point", "coordinates": [ 139.058612900000071, 36.0478618 ] } },
{ "type": "Feature", "properties": { "内容": "有限会社大島介護デイサービスセンターなごみ苑【通所介護】秩父市寺尾44番地4", "url": "https://www.kaigokensaku.mhlw.go.jp/11/index.php?action_kouhyou_detail_004_kani=true&JigyosyoCd=1174800431-00&ServiceCd=150&Type=search", "url2": null }, "geometry": { "type": "Point", "coordinates": [ 139.094586541032413, 36.050574116052253 ] } },
{ "type": "Feature", "properties": { "内容": "デイサービス桜新館【通所介護】埼玉県所沢市山口1529-23", "url": "https://www.kaigokensaku.mhlw.go.jp/11/index.php?action_kouhyou_detail_004_kani=true&JigyosyoCd=1172506337-00&ServiceCd=150&Type=search", "url2": "https://www.dayservicesakura.jp/" }, "geometry": { "type": "Point", "coordinates": [ 139.434904200000034, 35.776956 ] } },
{ "type": "Feature", "properties": { "内容": "デイサービスおうえん【通所介護】埼玉県所沢市中富750-8", "url": "https://www.kaigokensaku.mhlw.go.jp/11/index.php?action_kouhyou_detail_004_kani=true&JigyosyoCd=1172701334-00&ServiceCd=150&Type=search", "url2": "http://www.auen.jp" }, "geometry": { "type": "Point", "coordinates": [ 139.475292200000013, 35.8221744 ] } },
{ "type": "Feature", "properties": { "内容": "デイサービスなぎさ新所沢【通所介護】埼玉県所沢市泉町1797-51デイサービスなぎさ新所沢", "url": "https://www.kaigokensaku.mhlw.go.jp/11/index.php?action_kouhyou_detail_004_kani=true&JigyosyoCd=1172505339-00&ServiceCd=150&Type=search", "url2": null }, "geometry": { "type": "Point", "coordinates": [ 139.459864582218387, 35.801339575030887 ] } },
{ "type": "Feature", "properties": { "内容": "デイサービス桜参番館【通所介護】埼玉県所沢市山口５２９４番地リバージュビル１階Ｂ号室", "url": "https://www.kaigokensaku.mhlw.go.jp/11/index.php?action_kouhyou_detail_004_kani=true&JigyosyoCd=1172505362-00&ServiceCd=150&Type=search", "url2": "http://www.dayservicesakura.jp/" }, "geometry": { "type": "Point", "coordinates": [ 139.432155599999987, 35.7806485 ] } },
{ "type": "Feature", "properties": { "内容": "ジョイリハ狭山ヶ丘【通所介護】所沢市東狭山ヶ丘1-7-27サンリッチ狭山ヶ丘１F", "url": "https://www.kaigokensaku.mhlw.go.jp/11/index.php?action_kouhyou_detail_004_kani=true&JigyosyoCd=1172503482-00&ServiceCd=150&Type=search", "url2": "http://www.okamoto-group.co.jp/joyreha/" }, "geometry": { "type": "Point", "coordinates": [ 139.418311300000028, 35.8115694 ] } },
{ "type": "Feature", "properties": { "内容": "カルチャー倶楽部東所沢【通所介護】東所沢1-4-15ソレイユシャドー１F", "url": "https://www.kaigokensaku.mhlw.go.jp/11/index.php?action_kouhyou_detail_004_kani=true&JigyosyoCd=1172506303-00&ServiceCd=150&Type=search", "url2": "http://www.culture-club.net/" }, "geometry": { "type": "Point", "coordinates": [ 139.5126093, 35.797054 ] } },
{ "type": "Feature", "properties": { "内容": "カルチャー倶楽部狭山ヶ丘【通所介護】東狭山ヶ丘1-10-1", "url": "https://www.kaigokensaku.mhlw.go.jp/11/index.php?action_kouhyou_detail_004_kani=true&JigyosyoCd=1172505701-00&ServiceCd=150&Type=search", "url2": "http://www.culture-club.net" }, "geometry": { "type": "Point", "coordinates": [ 139.417792121633596, 35.811823718040323 ] } },
{ "type": "Feature", "properties": { "内容": "デイサービスアリスの広場【通所介護】埼玉県所沢市小手指元町2-29-120", "url": "https://www.kaigokensaku.mhlw.go.jp/11/index.php?action_kouhyou_detail_004_kani=true&JigyosyoCd=1172506360-00&ServiceCd=150&Type=search", "url2": "https://www.yumeclub.jp/" }, "geometry": { "type": "Point", "coordinates": [ 139.4339639, 35.7916642 ] } },
{ "type": "Feature", "properties": { "内容": "デイサービス　アンミッコ【通所介護】埼玉県所沢市大字中富1639-1", "url": "https://www.kaigokensaku.mhlw.go.jp/11/index.php?action_kouhyou_detail_004_kani=true&JigyosyoCd=1172505594-00&ServiceCd=150&Type=search", "url2": "www.ammicco.or.jp" }, "geometry": { "type": "Point", "coordinates": [ 139.481674399999946, 35.8173111 ] } },
{ "type": "Feature", "properties": { "内容": "かがやきデイサービス東所沢【通所介護】埼玉県所沢市下安松200-1", "url": "https://www.kaigokensaku.mhlw.go.jp/11/index.php?action_kouhyou_detail_004_kani=true&JigyosyoCd=1172504456-00&ServiceCd=150&Type=search", "url2": null }, "geometry": { "type": "Point", "coordinates": [ 139.508951200000013, 35.7854225 ] } },
{ "type": "Feature", "properties": { "内容": "デイサービスセンターさくら通所介護事業所【通所介護】埼玉県所沢市小手指町4-18-1", "url": "https://www.kaigokensaku.mhlw.go.jp/11/index.php?action_kouhyou_detail_004_kani=true&JigyosyoCd=1172500371-00&ServiceCd=150&Type=search", "url2": "http://www.kuwanomi.or.jp" }, "geometry": { "type": "Point", "coordinates": [ 139.43572375643609, 35.797050800794715 ] } },
{ "type": "Feature", "properties": { "内容": "デイサービスセンター　ケアカレッジ【通所介護】埼玉県所沢市三ケ島五丁目1445番地6", "url": "https://www.kaigokensaku.mhlw.go.jp/11/index.php?action_kouhyou_detail_004_kani=true&JigyosyoCd=1172504597-00&ServiceCd=150&Type=search", "url2": "https://naebafukushikai.com/facilities/facility/137" }, "geometry": { "type": "Point", "coordinates": [ 139.405510400000026, 35.794597877754335 ] } },
{ "type": "Feature", "properties": { "内容": "ツクイ所沢中富【通所介護】所沢市中富1579-5", "url": "https://www.kaigokensaku.mhlw.go.jp/11/index.php?action_kouhyou_detail_004_kani=true&JigyosyoCd=1172502195-00&ServiceCd=150&Type=search", "url2": "http://www.tsukui.net/" }, "geometry": { "type": "Point", "coordinates": [ 139.481170976087952, 35.811879492830542 ] } },
{ "type": "Feature", "properties": { "内容": "デイサービス若竹【通所介護】所沢市上山口２０７１－１　コスモピアＴＭ１階", "url": "https://www.kaigokensaku.mhlw.go.jp/11/index.php?action_kouhyou_detail_004_kani=true&JigyosyoCd=1172502500-00&ServiceCd=150&Type=search", "url2": "http://wakatake.sayamako.com/" }, "geometry": { "type": "Point", "coordinates": [ 139.4220762, 35.7738407 ] } },
{ "type": "Feature", "properties": { "内容": "デイサービス　俊英館　ライフケア【通所介護】埼玉県所沢市下富９４６－２", "url": "https://www.kaigokensaku.mhlw.go.jp/11/index.php?action_kouhyou_detail_004_kani=true&JigyosyoCd=1172504985-00&ServiceCd=150&Type=search", "url2": "http://www.shuneikan-lifecare.com/" }, "geometry": { "type": "Point", "coordinates": [ 139.45718916682381, 35.836771158718193 ] } },
{ "type": "Feature", "properties": { "内容": "つじ栗【通所介護】所沢市東狭山ヶ丘4-2696-1", "url": "https://www.kaigokensaku.mhlw.go.jp/11/index.php?action_kouhyou_detail_004_kani=true&JigyosyoCd=1172503193-00&ServiceCd=150&Type=search", "url2": null }, "geometry": { "type": "Point", "coordinates": [ 139.426332799999955, 35.8106058 ] } },
{ "type": "Feature", "properties": { "内容": "健寿園デイサービスセンター【通所介護】所沢市北中2-301-1", "url": "https://www.kaigokensaku.mhlw.go.jp/11/index.php?action_kouhyou_detail_004_kani=true&JigyosyoCd=1172500298-00&ServiceCd=150&Type=search", "url2": "https://anshinkai-gr.jp" }, "geometry": { "type": "Point", "coordinates": [ 139.432940499999972, 35.8136276 ] } },
{ "type": "Feature", "properties": { "内容": "所沢やすらぎの里デイサービスセンター【通所介護】埼玉県所沢市東狭山ヶ丘５丁目９２８－１", "url": "https://www.kaigokensaku.mhlw.go.jp/11/index.php?action_kouhyou_detail_004_kani=true&JigyosyoCd=1172500462-00&ServiceCd=150&Type=search", "url2": "https://www.anshinkai-gr.jp" }, "geometry": { "type": "Point", "coordinates": [ 139.432887700000038, 35.814022 ] } },
{ "type": "Feature", "properties": { "内容": "所沢市立新所沢けやき通り老人デイサービスセンター【通所介護】埼玉県所沢市緑町４－２８－３５－１", "url": "https://www.kaigokensaku.mhlw.go.jp/11/index.php?action_kouhyou_detail_004_kani=true&JigyosyoCd=1172501072-00&ServiceCd=150&Type=search", "url2": "http://www.wakasakai.com/keyaki/index.html" }, "geometry": { "type": "Point", "coordinates": [ 139.448164499999962, 35.8065757 ] } },
{ "type": "Feature", "properties": { "内容": "デイセンターゆうらく東所沢【通所介護】埼玉県所沢市東所沢５－１４－５", "url": "https://www.kaigokensaku.mhlw.go.jp/11/index.php?action_kouhyou_detail_004_kani=true&JigyosyoCd=1172503300-00&ServiceCd=150&Type=search", "url2": "https://eastmanrights.co.jp/" }, "geometry": { "type": "Point", "coordinates": [ 139.519686699850809, 35.796505923679014 ] } },
{ "type": "Feature", "properties": { "内容": "デイサービスセンター　ところの苑【通所介護】埼玉県所沢市久米1538-2", "url": "https://www.kaigokensaku.mhlw.go.jp/11/index.php?action_kouhyou_detail_004_kani=true&JigyosyoCd=1172501841-00&ServiceCd=150&Type=search", "url2": "http://www.tangokai.jp" }, "geometry": { "type": "Point", "coordinates": [ 139.466466399999945, 35.7800716 ] } },
{ "type": "Feature", "properties": { "内容": "指定通所介護事業所デイサービスセンターアグリン【通所介護】埼玉県所沢市荒幡106-6", "url": "https://www.kaigokensaku.mhlw.go.jp/11/index.php?action_kouhyou_detail_004_kani=true&JigyosyoCd=1172500603-00&ServiceCd=150&Type=search", "url2": "https://anshinkai-gr.jp/dongurinosono" }, "geometry": { "type": "Point", "coordinates": [ 139.453787, 35.780099 ] } },
{ "type": "Feature", "properties": { "内容": "所沢ケアセンターそよ風【通所介護】埼玉県所沢市上新井5丁目7番地の１２", "url": "https://www.kaigokensaku.mhlw.go.jp/11/index.php?action_kouhyou_detail_004_kani=true&JigyosyoCd=1172501767-00&ServiceCd=150&Type=search", "url2": "https://www.sykz.co.jp" }, "geometry": { "type": "Point", "coordinates": [ 139.455692, 35.7940608 ] } },
{ "type": "Feature", "properties": { "内容": "所沢市立ところ荘老人デイサービスセンター【通所介護】埼玉県所沢市宮本町1-2-35", "url": "https://www.kaigokensaku.mhlw.go.jp/11/index.php?action_kouhyou_detail_004_kani=true&JigyosyoCd=1172503094-00&ServiceCd=150&Type=search", "url2": "http://anshinkai-gr.jp" }, "geometry": { "type": "Point", "coordinates": [ 139.464219, 35.7940028 ] } },
{ "type": "Feature", "properties": { "内容": "所沢西ケアセンターそよ風【通所介護】所沢市三ヶ島4-2138-1", "url": "https://www.kaigokensaku.mhlw.go.jp/11/index.php?action_kouhyou_detail_004_kani=true&JigyosyoCd=1172503425-00&ServiceCd=150&Type=search", "url2": "https://corp.sykz.co.jp/" }, "geometry": { "type": "Point", "coordinates": [ 139.411626299999966, 35.8013482 ] } },
{ "type": "Feature", "properties": { "内容": "デイサービスセンターなかとみロイヤルの園【通所介護】埼玉県所沢市中富南2丁目27番地の10", "url": "https://www.kaigokensaku.mhlw.go.jp/11/index.php?action_kouhyou_detail_004_kani=true&JigyosyoCd=1172500488-00&ServiceCd=150&Type=search", "url2": "https://www.wam-town.jp/tokorozawa-sono/service_day-nakatomi.html" }, "geometry": { "type": "Point", "coordinates": [ 139.492108319001773, 35.810808498799979 ] } },
{ "type": "Feature", "properties": { "内容": "パワーエイジ所沢【通所介護】埼玉県所沢市星の宮2-1-37", "url": "https://www.kaigokensaku.mhlw.go.jp/11/index.php?action_kouhyou_detail_004_kani=true&JigyosyoCd=1172502518-00&ServiceCd=150&Type=search", "url2": "http://www.colture-club.net" }, "geometry": { "type": "Point", "coordinates": [ 139.4633943, 35.7855734 ] } },
{ "type": "Feature", "properties": { "内容": "東所沢みどりの郷　指定通所介護事業所【通所介護】埼玉県所沢市坂之下941-3東所沢みどりの郷", "url": "https://www.kaigokensaku.mhlw.go.jp/11/index.php?action_kouhyou_detail_004_kani=true&JigyosyoCd=1172500389-00&ServiceCd=150&Type=search", "url2": null }, "geometry": { "type": "Point", "coordinates": [ 139.5265465, 35.8057613 ] } },
{ "type": "Feature", "properties": { "内容": "ちろりん村デイサービスセンター【通所介護】所沢市下安松858-3新倉ハイツ１０１", "url": "https://www.kaigokensaku.mhlw.go.jp/11/index.php?action_kouhyou_detail_004_kani=true&JigyosyoCd=1172501866-00&ServiceCd=150&Type=search", "url2": null }, "geometry": { "type": "Point", "coordinates": [ 139.504557299999988, 35.785405 ] } },
{ "type": "Feature", "properties": { "内容": "デイサービス　アリス・ストリート【通所介護】埼玉県所沢市大字下安松８８８番地1新倉ビル", "url": "https://www.kaigokensaku.mhlw.go.jp/11/index.php?action_kouhyou_detail_004_kani=true&JigyosyoCd=1172502039-00&ServiceCd=150&Type=search", "url2": "http://www16.ocn.ne.jp/~alice-st/" }, "geometry": { "type": "Point", "coordinates": [ 139.496010699999943, 35.7919913 ] } },
{ "type": "Feature", "properties": { "内容": "ニチイケアセンター所沢【通所介護】所沢市荒幡１９５－１", "url": "https://www.kaigokensaku.mhlw.go.jp/11/index.php?action_kouhyou_detail_004_kani=true&JigyosyoCd=1172503367-00&ServiceCd=150&Type=search", "url2": "http://www.nichiigakkan.co.jp" }, "geometry": { "type": "Point", "coordinates": [ 139.451337200000012, 35.7799017 ] } },
{ "type": "Feature", "properties": { "内容": "デイサービスセンターロイヤルの園【通所介護】埼玉県所沢市北野3丁目1番地18", "url": "https://www.kaigokensaku.mhlw.go.jp/11/index.php?action_kouhyou_detail_004_kani=true&JigyosyoCd=1172500454-00&ServiceCd=150&Type=search", "url2": "http://www.wam-town.jp/tokorozawa-sono/" }, "geometry": { "type": "Point", "coordinates": [ 139.419847900000036, 35.7966491 ] } },
{ "type": "Feature", "properties": { "内容": "デイサービスセンター　飛鳥野の里【通所介護】所沢市神米金５０５－１", "url": "https://www.kaigokensaku.mhlw.go.jp/11/index.php?action_kouhyou_detail_004_kani=true&JigyosyoCd=1172501031-00&ServiceCd=150&Type=search", "url2": "http://care-net.biz/11/asukano" }, "geometry": { "type": "Point", "coordinates": [ 139.453530199999932, 35.8218544 ] } },
{ "type": "Feature", "properties": { "内容": "デイサービス　きたえるーむ所沢松郷【通所介護】埼玉県所沢市松郷78", "url": "https://www.kaigokensaku.mhlw.go.jp/11/index.php?action_kouhyou_detail_004_kani=true&JigyosyoCd=1172504563-00&ServiceCd=150&Type=search", "url2": "https://www.sincere-ltd.com/" }, "geometry": { "type": "Point", "coordinates": [ 139.499579700000027, 35.7942537 ] } },
{ "type": "Feature", "properties": { "内容": "アースサポート所沢【通所介護】埼玉県所沢市並木3丁目1番地6-107", "url": "https://www.kaigokensaku.mhlw.go.jp/11/index.php?action_kouhyou_detail_004_kani=true&JigyosyoCd=1172503151-00&ServiceCd=150&Type=search", "url2": "https://www.earthsupport.co.jp/" }, "geometry": { "type": "Point", "coordinates": [ 139.469182199999977, 35.8008852 ] } },
{ "type": "Feature", "properties": { "内容": "株式会社　アリスの夢　デイサービスセンター『とことこ』【通所介護】埼玉県所沢市小手指町３丁目１１番地１０　メイゾン小手指壱番館", "url": "https://www.kaigokensaku.mhlw.go.jp/11/index.php?action_kouhyou_detail_004_kani=true&JigyosyoCd=1172502104-00&ServiceCd=150&Type=search", "url2": "http://www.alice-no-yume.co.jp" }, "geometry": { "type": "Point", "coordinates": [ 139.434805399999959, 35.8007219 ] } },
{ "type": "Feature", "properties": { "内容": "デイサービス　アリスの夢【通所介護】所沢市小手指南4-13-6", "url": "https://www.kaigokensaku.mhlw.go.jp/11/index.php?action_kouhyou_detail_004_kani=true&JigyosyoCd=1172501247-00&ServiceCd=150&Type=search", "url2": "http://www.alice-no-yume.co.jp/" }, "geometry": { "type": "Point", "coordinates": [ 139.43229980000001, 35.787292 ] } },
{ "type": "Feature", "properties": { "内容": "千寿里　指定通所介護事業所【通所介護】埼玉県所沢市坂之下1153-1", "url": "https://www.kaigokensaku.mhlw.go.jp/11/index.php?action_kouhyou_detail_004_kani=true&JigyosyoCd=1172500769-00&ServiceCd=150&Type=search", "url2": "http://www.senjyunosato.net/" }, "geometry": { "type": "Point", "coordinates": [ 139.5346958, 35.8121802 ] } },
{ "type": "Feature", "properties": { "内容": "ゼストライフ所沢狭山ヶ丘【通所介護】埼玉県所沢市狭山ヶ丘1-3003-109桜ビル1F", "url": "https://www.kaigokensaku.mhlw.go.jp/11/index.php?action_kouhyou_detail_004_kani=true&JigyosyoCd=1172506402-00&ServiceCd=150&Type=search", "url2": "zestlife.jp" }, "geometry": { "type": "Point", "coordinates": [ 139.4150832, 35.8094362 ] } },
{ "type": "Feature", "properties": { "内容": "アクアメイト所沢通所介護事業所【通所介護】埼玉県所沢市下富1271-39", "url": "https://www.kaigokensaku.mhlw.go.jp/11/index.php?action_kouhyou_detail_004_kani=true&JigyosyoCd=1172503458-00&ServiceCd=150&Type=search", "url2": "http://aquamate.exblog.jp/15350644/" }, "geometry": { "type": "Point", "coordinates": [ 139.452952399999958, 35.8241069 ] } },
{ "type": "Feature", "properties": { "内容": "西ところざわ翔裕館【通所介護】東狭山ヶ丘4-2680-3", "url": "https://www.kaigokensaku.mhlw.go.jp/11/index.php?action_kouhyou_detail_004_kani=true&JigyosyoCd=1172505768-00&ServiceCd=150&Type=search", "url2": null }, "geometry": { "type": "Point", "coordinates": [ 139.4237274, 35.8157519 ] } },
{ "type": "Feature", "properties": { "内容": "デイサービスまーのぽっけ【通所介護】埼玉県所沢市けやき台１－１９－１１", "url": "https://www.kaigokensaku.mhlw.go.jp/11/index.php?action_kouhyou_detail_004_kani=true&JigyosyoCd=1172504621-00&ServiceCd=150&Type=search", "url2": null }, "geometry": { "type": "Point", "coordinates": [ 139.453154349737588, 35.799317596766237 ] } },
{ "type": "Feature", "properties": { "内容": "デイサービスセンターケア・リンク【通所介護】埼玉県所沢市下安松５６５－１", "url": "https://www.kaigokensaku.mhlw.go.jp/11/index.php?action_kouhyou_detail_004_kani=true&JigyosyoCd=1172502492-00&ServiceCd=150&Type=search", "url2": "http://www.medical-care-link.com/" }, "geometry": { "type": "Point", "coordinates": [ 139.4966468, 35.788835 ] } },
{ "type": "Feature", "properties": { "内容": "デイサービスセンターひまわり【通所介護】埼玉県所沢市中新井４３８", "url": "https://www.kaigokensaku.mhlw.go.jp/11/index.php?action_kouhyou_detail_004_kani=true&JigyosyoCd=1172500124-00&ServiceCd=150&Type=search", "url2": "http://www.dsc-himawari.net" }, "geometry": { "type": "Point", "coordinates": [ 139.471534066439858, 35.819006051756887 ] } },
{ "type": "Feature", "properties": { "内容": "共生型デイサービス　デイテラス所沢【通所介護】埼玉県所沢市上新井1-23-1Kプラザ101", "url": "https://www.kaigokensaku.mhlw.go.jp/11/index.php?action_kouhyou_detail_004_kani=true&JigyosyoCd=1172505818-00&ServiceCd=150&Type=search", "url2": "http://day-terrace.jp/" }, "geometry": { "type": "Point", "coordinates": [ 139.448824816532863, 35.791586078321437 ] } },
{ "type": "Feature", "properties": { "内容": "デイサービス幸せふくろう所沢【通所介護】埼玉県所沢市くすのき台3-12-1", "url": "https://www.kaigokensaku.mhlw.go.jp/11/index.php?action_kouhyou_detail_004_kani=true&JigyosyoCd=1172504894-00&ServiceCd=150&Type=search", "url2": "http://www.yu-seien.com" }, "geometry": { "type": "Point", "coordinates": [ 139.478548400000022, 35.7877208 ] } },
{ "type": "Feature", "properties": { "内容": "デイサービスセンター蘭風園【通所介護】埼玉県飯能市永田５２７番地２", "url": "https://www.kaigokensaku.mhlw.go.jp/11/index.php?action_kouhyou_detail_004_kani=true&JigyosyoCd=1172600189-00&ServiceCd=150&Type=search", "url2": "http://www.genseikai.or.jp/" }, "geometry": { "type": "Point", "coordinates": [ 139.2958539, 35.8616292 ] } },
{ "type": "Feature", "properties": { "内容": "ベテラン館ましばデイサービス【通所介護】埼玉県飯能市緑町８番地３", "url": "https://www.kaigokensaku.mhlw.go.jp/11/index.php?action_kouhyou_detail_004_kani=true&JigyosyoCd=1172600668-00&ServiceCd=150&Type=search", "url2": "http://www.mashibamed.com/veterankanmashiba/" }, "geometry": { "type": "Point", "coordinates": [ 139.331953099999964, 35.8533813 ] } },
{ "type": "Feature", "properties": { "内容": "デイサービスセンター　サンタの森【通所介護】埼玉県飯能市大字矢颪３９８番地１", "url": "https://www.kaigokensaku.mhlw.go.jp/11/index.php?action_kouhyou_detail_004_kani=true&JigyosyoCd=1172600569-00&ServiceCd=150&Type=search", "url2": "http://santa-no-mori.jimdo.com" }, "geometry": { "type": "Point", "coordinates": [ 139.317921390295311, 35.841475325065019 ] } },
{ "type": "Feature", "properties": { "内容": "デイサービスぬくもりの館【通所介護】飯能市落合290-4", "url": "https://www.kaigokensaku.mhlw.go.jp/11/index.php?action_kouhyou_detail_004_kani=true&JigyosyoCd=1172600270-00&ServiceCd=150&Type=search", "url2": "http://care-net.biz/11/tanpopo/" }, "geometry": { "type": "Point", "coordinates": [ 139.321841340475459, 35.833879561355062 ] } },
{ "type": "Feature", "properties": { "内容": "ベテラン館はらいちばデイサービス【通所介護】埼玉県飯能市原市場555-1", "url": "https://www.kaigokensaku.mhlw.go.jp/11/index.php?action_kouhyou_detail_004_kani=true&JigyosyoCd=1172601062-00&ServiceCd=150&Type=search", "url2": null }, "geometry": { "type": "Point", "coordinates": [ 139.233972839286793, 35.868207379985009 ] } },
{ "type": "Feature", "properties": { "内容": "元気アップ俱楽部飯能【通所介護】埼玉県飯能市飯能489-2", "url": "https://www.kaigokensaku.mhlw.go.jp/11/index.php?action_kouhyou_detail_004_kani=true&JigyosyoCd=1172601153-00&ServiceCd=150&Type=search", "url2": "http://yamatekaigo.jp" }, "geometry": { "type": "Point", "coordinates": [ 139.300620883120018, 35.858006335535478 ] } },
{ "type": "Feature", "properties": { "内容": "デイサービスセンター　サンタヴィレッジ【通所介護】埼玉県飯能市飯能１１９９－１", "url": "https://www.kaigokensaku.mhlw.go.jp/11/index.php?action_kouhyou_detail_004_kani=true&JigyosyoCd=1172600767-00&ServiceCd=150&Type=search", "url2": "https://santa-no-mori.jimdofree.com" }, "geometry": { "type": "Point", "coordinates": [ 139.304875199999969, 35.8592492 ] } },
{ "type": "Feature", "properties": { "内容": "デイサービスセンターもみの木【通所介護】矢颪398-1", "url": "https://www.kaigokensaku.mhlw.go.jp/11/index.php?action_kouhyou_detail_004_kani=true&JigyosyoCd=1172601187-00&ServiceCd=150&Type=search", "url2": "https://santa-no-mori.jimdo.com/" }, "geometry": { "type": "Point", "coordinates": [ 139.31809233558198, 35.841124065442123 ] } },
{ "type": "Feature", "properties": { "内容": "デイサービス　田園倶楽部【通所介護】埼玉県飯能市落合126", "url": "https://www.kaigokensaku.mhlw.go.jp/11/index.php?action_kouhyou_detail_004_kani=true&JigyosyoCd=1172600601-00&ServiceCd=150&Type=search", "url2": "http://care-net.biz/11/tanpopo/" }, "geometry": { "type": "Point", "coordinates": [ 139.322043399999984, 35.8364469 ] } },
{ "type": "Feature", "properties": { "内容": "みるみるリハビリデイサービス　飯能店【通所介護】埼玉県飯能市柳町13-3", "url": "https://www.kaigokensaku.mhlw.go.jp/11/index.php?action_kouhyou_detail_004_kani=true&JigyosyoCd=1172601252-00&ServiceCd=150&Type=search", "url2": "https://r.goope.jp/mirumiru/" }, "geometry": { "type": "Point", "coordinates": [ 139.3245364, 35.8514429 ] } },
{ "type": "Feature", "properties": { "内容": "飯能ケアセンターそよ風【通所介護】埼玉県飯能市笠縫358番地", "url": "https://www.kaigokensaku.mhlw.go.jp/11/index.php?action_kouhyou_detail_004_kani=true&JigyosyoCd=1172600627-00&ServiceCd=150&Type=search", "url2": null }, "geometry": { "type": "Point", "coordinates": [ 139.333144899999979, 35.8475903 ] } },
{ "type": "Feature", "properties": { "内容": "無門関【通所介護】埼玉県飯能市芦苅場781番地シルバーハウス希望の園", "url": "https://www.kaigokensaku.mhlw.go.jp/11/index.php?action_kouhyou_detail_004_kani=true&JigyosyoCd=1172600353-00&ServiceCd=150&Type=search", "url2": "https://nagurien.or.jp" }, "geometry": { "type": "Point", "coordinates": [ 139.356978300000037, 35.8670748 ] } },
{ "type": "Feature", "properties": { "内容": "利根いこいの里デイサービスセンター【通所介護】埼玉県加須市大越１９３３", "url": "https://www.kaigokensaku.mhlw.go.jp/11/index.php?action_kouhyou_detail_004_kani=true&JigyosyoCd=1173800184-00&ServiceCd=150&Type=search", "url2": "http://www.junseikai.org/toneikoi/indextoneikoi.html" }, "geometry": { "type": "Point", "coordinates": [ 139.620583500000066, 36.1778183 ] } },
{ "type": "Feature", "properties": { "内容": "デイサービスラスベガス加須【通所介護】埼玉県加須市諏訪1丁目6番28号", "url": "https://www.kaigokensaku.mhlw.go.jp/11/index.php?action_kouhyou_detail_004_kani=true&JigyosyoCd=1173801380-00&ServiceCd=150&Type=search", "url2": "hhtp://las-vegas.jp" }, "geometry": { "type": "Point", "coordinates": [ 139.59918719999996, 36.1307033 ] } },
{ "type": "Feature", "properties": { "内容": "デイサービスセンター久下さん家【通所介護】埼玉県加須市久下三丁目５番地１", "url": "https://www.kaigokensaku.mhlw.go.jp/11/index.php?action_kouhyou_detail_004_kani=true&JigyosyoCd=1173801612-00&ServiceCd=150&Type=search", "url2": "https://heimat-kuge.or.jp/" }, "geometry": { "type": "Point", "coordinates": [ 139.6139729, 36.1229256 ] } },
{ "type": "Feature", "properties": { "内容": "デイサービスセンターふれ愛の郷【通所介護】埼玉県加須市新川通１７９－１", "url": "https://www.kaigokensaku.mhlw.go.jp/11/index.php?action_kouhyou_detail_004_kani=true&JigyosyoCd=1173600139-00&ServiceCd=150&Type=search", "url2": "http://keiaikai-j.jp" }, "geometry": { "type": "Point", "coordinates": [ 139.6705902, 36.1592668 ] } },
{ "type": "Feature", "properties": { "内容": "みずほの里　通所介護【通所介護】加須市大字平永142", "url": "https://www.kaigokensaku.mhlw.go.jp/11/index.php?action_kouhyou_detail_004_kani=true&JigyosyoCd=1173800093-00&ServiceCd=150&Type=search", "url2": "http://www.sakitamakai.jp/" }, "geometry": { "type": "Point", "coordinates": [ 139.569553700000029, 36.1259989 ] } },
{ "type": "Feature", "properties": { "内容": "多賀谷寿光園デイサービスセンター【通所介護】埼玉県加須市上崎2037-1", "url": "https://www.kaigokensaku.mhlw.go.jp/11/index.php?action_kouhyou_detail_004_kani=true&JigyosyoCd=1173600162-00&ServiceCd=150&Type=search", "url2": "http://www.jukouen.or.jp/" }, "geometry": { "type": "Point", "coordinates": [ 139.5465289, 36.1110474 ] } },
{ "type": "Feature", "properties": { "内容": "みつまたデイサービスセンター【通所介護】埼玉県加須市北小浜５７２", "url": "https://www.kaigokensaku.mhlw.go.jp/11/index.php?action_kouhyou_detail_004_kani=true&JigyosyoCd=1173800077-00&ServiceCd=150&Type=search", "url2": "https://www.mitsumata-hoikuen.jp/" }, "geometry": { "type": "Point", "coordinates": [ 139.607805439286835, 36.128655089209921 ] } },
{ "type": "Feature", "properties": { "内容": "ディサービスセンター　なかよし【通所介護】埼玉県加須市飯積1904番地1", "url": "https://www.kaigokensaku.mhlw.go.jp/11/index.php?action_kouhyou_detail_004_kani=true&JigyosyoCd=1173800747-00&ServiceCd=150&Type=search", "url2": null }, "geometry": { "type": "Point", "coordinates": [ 139.6649453, 36.1879109 ] } },
{ "type": "Feature", "properties": { "内容": "ライゼ清輝苑デイサービスセンター【通所介護】埼玉県加須市陽光台2－８８３－７５", "url": "https://www.kaigokensaku.mhlw.go.jp/11/index.php?action_kouhyou_detail_004_kani=true&JigyosyoCd=1173600329-00&ServiceCd=150&Type=search", "url2": "https://sw-kouwakai.or.jp/" }, "geometry": { "type": "Point", "coordinates": [ 139.6803185, 36.1909886 ] } },
{ "type": "Feature", "properties": { "内容": "愛の泉デイサービスセンター【通所介護】埼玉県加須市大字水深869-1", "url": "https://www.kaigokensaku.mhlw.go.jp/11/index.php?action_kouhyou_detail_004_kani=true&JigyosyoCd=1173800135-00&ServiceCd=150&Type=search", "url2": "http://www.ainoizumi.com" }, "geometry": { "type": "Point", "coordinates": [ 139.636592820376507, 36.09535570502895 ] } },
{ "type": "Feature", "properties": { "内容": "特定非営利活動法人　ハッピーハウス【通所介護】埼玉県加須市礼羽468-1", "url": "https://www.kaigokensaku.mhlw.go.jp/11/index.php?action_kouhyou_detail_004_kani=true&JigyosyoCd=1173801471-00&ServiceCd=150&Type=search", "url2": "info@happy-house-raiha.com" }, "geometry": { "type": "Point", "coordinates": [ 139.587071359385675, 36.125827569320791 ] } },
{ "type": "Feature", "properties": { "内容": "リゾ・ライフ　デイサービスセンター【通所介護】埼玉県加須市砂原２８７番地１住宅型有料老人ホーム　リゾ・ライフ", "url": "https://www.kaigokensaku.mhlw.go.jp/11/index.php?action_kouhyou_detail_004_kani=true&JigyosyoCd=1173801562-00&ServiceCd=150&Type=search", "url2": "https://wisteria-nursing.jp/rizo-life/" }, "geometry": { "type": "Point", "coordinates": [ 139.6679695, 36.1512309 ] } },
{ "type": "Feature", "properties": { "内容": "コンパスウォーク加須【通所介護】北小浜40-7", "url": "https://www.kaigokensaku.mhlw.go.jp/11/index.php?action_kouhyou_detail_004_kani=true&JigyosyoCd=1173801463-00&ServiceCd=150&Type=search", "url2": null }, "geometry": { "type": "Point", "coordinates": [ 139.61271830000004, 36.1258204 ] } },
{ "type": "Feature", "properties": { "内容": "リハビリセンター渓【通所介護】加須市馬内554-1", "url": "https://www.kaigokensaku.mhlw.go.jp/11/index.php?action_kouhyou_detail_004_kani=true&JigyosyoCd=1173800580-00&ServiceCd=150&Type=search", "url2": "http://www.reflax.co.jp" }, "geometry": { "type": "Point", "coordinates": [ 139.577710799999977, 36.1342482 ] } },
{ "type": "Feature", "properties": { "内容": "加須ケアセンターそよ風【通所介護】加須市花崎3-5-1", "url": "https://www.kaigokensaku.mhlw.go.jp/11/index.php?action_kouhyou_detail_004_kani=true&JigyosyoCd=1173800408-00&ServiceCd=150&Type=search", "url2": "https://www.sykz.co.jp/shisetsu-zaitaku/111811" }, "geometry": { "type": "Point", "coordinates": [ 139.618070699999947, 36.1118687 ] } },
{ "type": "Feature", "properties": { "内容": "山崎デイサービス【通所介護】埼玉県加須市根古屋642番地10・２階", "url": "https://www.kaigokensaku.mhlw.go.jp/11/index.php?action_kouhyou_detail_004_kani=true&JigyosyoCd=1173801646-00&ServiceCd=150&Type=search", "url2": "https://kisaiyamazaki.com/" }, "geometry": { "type": "Point", "coordinates": [ 139.5831187, 36.101512 ] } },
{ "type": "Feature", "properties": { "内容": "藤の里北川辺デイサービス【通所介護】埼玉県加須市柳生50-1藤の里北川辺介護サービスセンター", "url": "https://www.kaigokensaku.mhlw.go.jp/11/index.php?action_kouhyou_detail_004_kani=true&JigyosyoCd=1173801521-00&ServiceCd=150&Type=search", "url2": "http://hp.kaipoke.biz/3hm/" }, "geometry": { "type": "Point", "coordinates": [ 139.6672519, 36.1901365 ] } },
{ "type": "Feature", "properties": { "内容": "デイサービスつむぎ【通所介護】埼玉県本庄市児玉町児玉1568番地1", "url": "https://www.kaigokensaku.mhlw.go.jp/11/index.php?action_kouhyou_detail_004_kani=true&JigyosyoCd=1174302024-00&ServiceCd=150&Type=search", "url2": "https://wisteria-f.co.jp/" }, "geometry": { "type": "Point", "coordinates": [ 139.1512482, 36.1883041 ] } },
{ "type": "Feature", "properties": { "内容": "あずみ苑本庄【通所介護】埼玉県本庄市西冨田739-1", "url": "https://www.kaigokensaku.mhlw.go.jp/11/index.php?action_kouhyou_detail_004_kani=true&JigyosyoCd=1174300804-00&ServiceCd=150&Type=search", "url2": "https://www.azumien.jp/search/honjyo/" }, "geometry": { "type": "Point", "coordinates": [ 139.1680265, 36.2324871 ] } },
{ "type": "Feature", "properties": { "内容": "オレンジデイサービスセンター【通所介護】埼玉県本庄市東台２丁目６番２９号", "url": "https://www.kaigokensaku.mhlw.go.jp/11/index.php?action_kouhyou_detail_004_kani=true&JigyosyoCd=1174300689-00&ServiceCd=150&Type=search", "url2": "http://orange-honjo.com" }, "geometry": { "type": "Point", "coordinates": [ 139.197053500000038, 36.2360101 ] } },
{ "type": "Feature", "properties": { "内容": "デイサービスセンター　ゆうわの里児玉【通所介護】埼玉県本庄市児玉町吉田林２０３番地１デイサービスセンター　ゆうわの里", "url": "https://www.kaigokensaku.mhlw.go.jp/11/index.php?action_kouhyou_detail_004_kani=true&JigyosyoCd=1174301752-00&ServiceCd=150&Type=search", "url2": "yuuwa-no-sato.com" }, "geometry": { "type": "Point", "coordinates": [ 139.137177248657281, 36.197269349765925 ] } },
{ "type": "Feature", "properties": { "内容": "デイサービスセンター　ゆう【通所介護】埼玉県本庄市児玉町長沖２０２－１", "url": "https://www.kaigokensaku.mhlw.go.jp/11/index.php?action_kouhyou_detail_004_kani=true&JigyosyoCd=1174200822-00&ServiceCd=150&Type=search", "url2": null }, "geometry": { "type": "Point", "coordinates": [ 139.1250546, 36.1794366 ] } },
{ "type": "Feature", "properties": { "内容": "デイハウス　笑顔工房【通所介護】埼玉県本庄市北堀１４８６－１", "url": "https://www.kaigokensaku.mhlw.go.jp/11/index.php?action_kouhyou_detail_004_kani=true&JigyosyoCd=1174301315-00&ServiceCd=150&Type=search", "url2": "http:／／ｗｗｗ．ｋｏｍｏｒｅｂｉ2010.com" }, "geometry": { "type": "Point", "coordinates": [ 139.187660316255233, 36.223984320750375 ] } },
{ "type": "Feature", "properties": { "内容": "デイリゾートしふくのおと【通所介護】埼玉県本庄市北堀1799－1リゾートハウス　シフクノオト", "url": "https://www.kaigokensaku.mhlw.go.jp/11/index.php?action_kouhyou_detail_004_kani=true&JigyosyoCd=1174301976-00&ServiceCd=150&Type=search", "url2": "https://www.innocent-world.com" }, "geometry": { "type": "Point", "coordinates": [ 139.18665230000002, 36.2244486 ] } },
{ "type": "Feature", "properties": { "内容": "くるみデイサービス【通所介護】埼玉県本庄市小島6-8-3", "url": "https://www.kaigokensaku.mhlw.go.jp/11/index.php?action_kouhyou_detail_004_kani=true&JigyosyoCd=1174301778-00&ServiceCd=150&Type=search", "url2": null }, "geometry": { "type": "Point", "coordinates": [ 139.176514200000014, 36.2474834 ] } },
{ "type": "Feature", "properties": { "内容": "デイサービスセンター　ほのぼの館【通所介護】埼玉県本庄市児玉町児玉２４４６－１", "url": "https://www.kaigokensaku.mhlw.go.jp/11/index.php?action_kouhyou_detail_004_kani=true&JigyosyoCd=1174300788-00&ServiceCd=150&Type=search", "url2": null }, "geometry": { "type": "Point", "coordinates": [ 139.136499700000059, 36.1908925 ] } },
{ "type": "Feature", "properties": { "内容": "デイサービスセンター　ファイン児玉【通所介護】児玉町児玉南４－１－１１", "url": "https://www.kaigokensaku.mhlw.go.jp/11/index.php?action_kouhyou_detail_004_kani=true&JigyosyoCd=1174301711-00&ServiceCd=150&Type=search", "url2": "http://finekaigo.com/" }, "geometry": { "type": "Point", "coordinates": [ 139.129987412936401, 36.182103665995918 ] } },
{ "type": "Feature", "properties": { "内容": "デイサービスセンターマロニエ【通所介護】埼玉県本庄市今井１３２５番地１０", "url": "https://www.kaigokensaku.mhlw.go.jp/11/index.php?action_kouhyou_detail_004_kani=true&JigyosyoCd=1174300770-00&ServiceCd=150&Type=search", "url2": "http://d-maronie.com" }, "geometry": { "type": "Point", "coordinates": [ 139.148492900000065, 36.2223375 ] } },
{ "type": "Feature", "properties": { "内容": "デイサービスセンターチューリップほんじょう【通所介護】埼玉県本庄市若泉２丁目８番３３号", "url": "https://www.kaigokensaku.mhlw.go.jp/11/index.php?action_kouhyou_detail_004_kani=true&JigyosyoCd=1174301257-00&ServiceCd=150&Type=search", "url2": "http://tulip-mari.co.jp" }, "geometry": { "type": "Point", "coordinates": [ 139.184124200000042, 36.2472921 ] } },
{ "type": "Feature", "properties": { "内容": "デイサービスセンターチューリップこだま【通所介護】埼玉県本庄市児玉町児玉南2-11-6", "url": "https://www.kaigokensaku.mhlw.go.jp/11/index.php?action_kouhyou_detail_004_kani=true&JigyosyoCd=1174301729-00&ServiceCd=150&Type=search", "url2": "//tulip-mari.co.jp" }, "geometry": { "type": "Point", "coordinates": [ 139.1323569, 36.1853916 ] } },
{ "type": "Feature", "properties": { "内容": "デイサービスオリーブ【通所介護】児玉町児玉1664-1", "url": "https://www.kaigokensaku.mhlw.go.jp/11/index.php?action_kouhyou_detail_004_kani=true&JigyosyoCd=1174301877-00&ServiceCd=150&Type=search", "url2": null }, "geometry": { "type": "Point", "coordinates": [ 139.1502888, 36.1890251 ] } },
{ "type": "Feature", "properties": { "内容": "デイサービスコットン【通所介護】児玉町金屋1222-8", "url": "https://www.kaigokensaku.mhlw.go.jp/11/index.php?action_kouhyou_detail_004_kani=true&JigyosyoCd=1174301612-00&ServiceCd=150&Type=search", "url2": null }, "geometry": { "type": "Point", "coordinates": [ 139.124644410975606, 36.190264989443023 ] } },
{ "type": "Feature", "properties": { "内容": "ビックベン本庄チェルシー【通所介護】埼玉県本庄市朝日町2丁目16-31ビックベン本庄チェルシー", "url": "https://www.kaigokensaku.mhlw.go.jp/11/index.php?action_kouhyou_detail_004_kani=true&JigyosyoCd=1174301984-00&ServiceCd=150&Type=search", "url2": "http://windsor-bigben.jp" }, "geometry": { "type": "Point", "coordinates": [ 139.196867120237727, 36.229140216548437 ] } },
{ "type": "Feature", "properties": { "内容": "児玉デイサービスセンター【通所介護】埼玉県本庄市児玉町金屋1302-1", "url": "https://www.kaigokensaku.mhlw.go.jp/11/index.php?action_kouhyou_detail_004_kani=true&JigyosyoCd=1174200194-00&ServiceCd=150&Type=search", "url2": "https://www.orthobiose.org/" }, "geometry": { "type": "Point", "coordinates": [ 139.1223388, 36.1960579 ] } },
{ "type": "Feature", "properties": { "内容": "シャロームデイサービスセンター【通所介護】埼玉県本庄市今井1245番地１", "url": "https://www.kaigokensaku.mhlw.go.jp/11/index.php?action_kouhyou_detail_004_kani=true&JigyosyoCd=1174300085-00&ServiceCd=150&Type=search", "url2": "http://www.hakujukai.org/" }, "geometry": { "type": "Point", "coordinates": [ 139.151159300000018, 36.2229902 ] } },
{ "type": "Feature", "properties": { "内容": "デイサービスセンタースマイルひまわり児玉【通所介護】埼玉県本庄市児玉町入浅見８３８－３", "url": "https://www.kaigokensaku.mhlw.go.jp/11/index.php?action_kouhyou_detail_004_kani=true&JigyosyoCd=1174301588-00&ServiceCd=150&Type=search", "url2": "smilehimawari.com" }, "geometry": { "type": "Point", "coordinates": [ 139.154678205509981, 36.205197071050129 ] } },
{ "type": "Feature", "properties": { "内容": "ベルデイサービスセンター【通所介護】埼玉県本庄市児玉町八幡山274番地1", "url": "https://www.kaigokensaku.mhlw.go.jp/11/index.php?action_kouhyou_detail_004_kani=true&JigyosyoCd=1174301190-00&ServiceCd=150&Type=search", "url2": null }, "geometry": { "type": "Point", "coordinates": [ 139.1301565, 36.195743 ] } },
{ "type": "Feature", "properties": { "内容": "ふれあいデイサービスセンター【通所介護】埼玉県本庄市児玉町吉田林402番地2", "url": "https://www.kaigokensaku.mhlw.go.jp/11/index.php?action_kouhyou_detail_004_kani=true&JigyosyoCd=1174301380-00&ServiceCd=150&Type=search", "url2": "https://hanawa878.co,jp" }, "geometry": { "type": "Point", "coordinates": [ 139.132876404060426, 36.199696847438766 ] } },
{ "type": "Feature", "properties": { "内容": "デイサービスハートランド・アイリ本庄Ⅱ【通所介護】埼玉県本庄市児玉町児玉1216番地2", "url": "https://www.kaigokensaku.mhlw.go.jp/11/index.php?action_kouhyou_detail_004_kani=true&JigyosyoCd=1174301687-00&ServiceCd=150&Type=search", "url2": "https://ygood.jp/" }, "geometry": { "type": "Point", "coordinates": [ 139.141364820311736, 36.184900835568946 ] } },
{ "type": "Feature", "properties": { "内容": "本庄デイ・サービスセンター【通所介護】埼玉県本庄市小和瀬１６６６番地", "url": "https://www.kaigokensaku.mhlw.go.jp/11/index.php?action_kouhyou_detail_004_kani=true&JigyosyoCd=1174300200-00&ServiceCd=150&Type=search", "url2": "http://www.anseifukushikai/or.jp/" }, "geometry": { "type": "Point", "coordinates": [ 139.235762900000026, 36.2457385 ] } },
{ "type": "Feature", "properties": { "内容": "ふれあい本庄デイサービスセンター【通所介護】埼玉県本庄市若泉1-1-39", "url": "https://www.kaigokensaku.mhlw.go.jp/11/index.php?action_kouhyou_detail_004_kani=true&JigyosyoCd=1174301695-00&ServiceCd=150&Type=search", "url2": "https://hanawas878.co.jp" }, "geometry": { "type": "Point", "coordinates": [ 139.18507139999997, 36.2438895 ] } },
{ "type": "Feature", "properties": { "内容": "花咲デイサービスセンター【通所介護】埼玉県本庄市下野堂1-18-8", "url": "https://www.kaigokensaku.mhlw.go.jp/11/index.php?action_kouhyou_detail_004_kani=true&JigyosyoCd=1174301745-00&ServiceCd=150&Type=search", "url2": "https://www.happinesslife-saitama.com/" }, "geometry": { "type": "Point", "coordinates": [ 139.165849799999933, 36.2501508 ] } },
{ "type": "Feature", "properties": { "内容": "デイサービスシナモン【通所介護】埼玉県本庄市北堀705番地1医療法人桂水会", "url": "https://www.kaigokensaku.mhlw.go.jp/11/index.php?action_kouhyou_detail_004_kani=true&JigyosyoCd=1174301943-00&ServiceCd=150&Type=search", "url2": "http://www.cinnamon.co.jp/" }, "geometry": { "type": "Point", "coordinates": [ 139.18958, 36.2247764 ] } },
{ "type": "Feature", "properties": { "内容": "ポプリデイサービスセンター【通所介護】本庄市栗崎26-1", "url": "https://www.kaigokensaku.mhlw.go.jp/11/index.php?action_kouhyou_detail_004_kani=true&JigyosyoCd=1174300630-00&ServiceCd=150&Type=search", "url2": null }, "geometry": { "type": "Point", "coordinates": [ 139.19117140000003, 36.2166976 ] } },
{ "type": "Feature", "properties": { "内容": "デイサービスセンター一期一会【通所介護】埼玉県本庄市児玉町吉田林976番地4", "url": "https://www.kaigokensaku.mhlw.go.jp/11/index.php?action_kouhyou_detail_004_kani=true&JigyosyoCd=1174301166-00&ServiceCd=150&Type=search", "url2": "http://hanawa878.co.jp" }, "geometry": { "type": "Point", "coordinates": [ 139.141808160079989, 36.194601579037354 ] } },
{ "type": "Feature", "properties": { "内容": "ケアステーションあさひ本庄【通所介護】埼玉県本庄市見福3-2-22", "url": "https://www.kaigokensaku.mhlw.go.jp/11/index.php?action_kouhyou_detail_004_kani=true&JigyosyoCd=1174300853-00&ServiceCd=150&Type=search", "url2": "http://www.vati.co.jp/" }, "geometry": { "type": "Point", "coordinates": [ 139.1806057, 36.2293627 ] } },
{ "type": "Feature", "properties": { "内容": "デイサービスセンターまどか【通所介護】埼玉県本庄市小島南３－１－５", "url": "https://www.kaigokensaku.mhlw.go.jp/11/index.php?action_kouhyou_detail_004_kani=true&JigyosyoCd=1174300051-00&ServiceCd=150&Type=search", "url2": "http://ojimaminamihoiku.com/" }, "geometry": { "type": "Point", "coordinates": [ 139.167570800000021, 36.241616900000018 ] } },
{ "type": "Feature", "properties": { "内容": "デイサービスセンターどりーむ下浅見【通所介護】埼玉県本庄市児玉町下浅見823-4", "url": "https://www.kaigokensaku.mhlw.go.jp/11/index.php?action_kouhyou_detail_004_kani=true&JigyosyoCd=1174300937-00&ServiceCd=150&Type=search", "url2": "http://dream-3.jp" }, "geometry": { "type": "Point", "coordinates": [ 139.162850100000014, 36.2082891 ] } },
{ "type": "Feature", "properties": { "内容": "ケアセンターベル【通所介護】埼玉県本庄市万年寺2-8-43", "url": "https://www.kaigokensaku.mhlw.go.jp/11/index.php?action_kouhyou_detail_004_kani=true&JigyosyoCd=1174301059-00&ServiceCd=150&Type=search", "url2": "http://carecenter-bell.com/" }, "geometry": { "type": "Point", "coordinates": [ 139.161082299999947, 36.252729600000016 ] } },
{ "type": "Feature", "properties": { "内容": "ケアセンター早稲田の森【通所介護】埼玉県本庄市児玉町高関179-1ケアセンター早稲田の森", "url": "https://www.kaigokensaku.mhlw.go.jp/11/index.php?action_kouhyou_detail_004_kani=true&JigyosyoCd=1174301349-00&ServiceCd=150&Type=search", "url2": null }, "geometry": { "type": "Point", "coordinates": [ 139.162166151481642, 36.218340590863058 ] } },
{ "type": "Feature", "properties": { "内容": "ふれあい早稲田デイサービスセンター【通所介護】埼玉県本庄市西富田643-1", "url": "https://www.kaigokensaku.mhlw.go.jp/11/index.php?action_kouhyou_detail_004_kani=true&JigyosyoCd=1174301794-00&ServiceCd=150&Type=search", "url2": "https://hanawa878.co.jp" }, "geometry": { "type": "Point", "coordinates": [ 139.166605571411139, 36.227077744149646 ] } },
{ "type": "Feature", "properties": { "内容": "コミュニケーション型デイサービス笑を【通所介護】埼玉県本庄市北堀1796", "url": "https://www.kaigokensaku.mhlw.go.jp/11/index.php?action_kouhyou_detail_004_kani=true&JigyosyoCd=1174301869-00&ServiceCd=150&Type=search", "url2": "https://warawo.ygood.jp/" }, "geometry": { "type": "Point", "coordinates": [ 139.18699, 36.2246851 ] } },
{ "type": "Feature", "properties": { "内容": "デイサービスセンターケアリフ本庄【通所介護】本庄市早稲田の杜4-16-12", "url": "https://www.kaigokensaku.mhlw.go.jp/11/index.php?action_kouhyou_detail_004_kani=true&JigyosyoCd=1174301208-00&ServiceCd=150&Type=search", "url2": "http://www.lifeplan-kaigo.jp/" }, "geometry": { "type": "Point", "coordinates": [ 139.185785635551412, 36.225638846716464 ] } },
{ "type": "Feature", "properties": { "内容": "リハガーデンてくてく【通所介護】埼玉県本庄市西富田426-1", "url": "https://www.kaigokensaku.mhlw.go.jp/11/index.php?action_kouhyou_detail_004_kani=true&JigyosyoCd=1174301810-00&ServiceCd=150&Type=search", "url2": "https://www.facebook.com/shinya.tekuteku/?locale=ja_JP" }, "geometry": { "type": "Point", "coordinates": [ 139.1683103, 36.2294157 ] } },
{ "type": "Feature", "properties": { "内容": "デイサービス結いの心Honjo【通所介護】児玉町金屋274-1", "url": "https://www.kaigokensaku.mhlw.go.jp/11/index.php?action_kouhyou_detail_004_kani=true&JigyosyoCd=1174302107-00&ServiceCd=150&Type=search", "url2": "https://www.yuinokokoro.com" }, "geometry": { "type": "Point", "coordinates": [ 139.1228012, 36.1830538 ] } },
{ "type": "Feature", "properties": { "内容": "デイサービス　こなぎ【通所介護】埼玉県本庄市小島2-7-38-2", "url": "https://www.kaigokensaku.mhlw.go.jp/11/index.php?action_kouhyou_detail_004_kani=true&JigyosyoCd=1174302081-00&ServiceCd=150&Type=search", "url2": "https://konagi2021.wixsite.com/konagi-kaigo" }, "geometry": { "type": "Point", "coordinates": [ 139.1694468, 36.2476292 ] } },
{ "type": "Feature", "properties": { "内容": "通所介護ベル本庄児玉【通所介護】埼玉県本庄市児玉町児玉２３７８番地３", "url": "https://www.kaigokensaku.mhlw.go.jp/11/index.php?action_kouhyou_detail_004_kani=true&JigyosyoCd=1174302040-00&ServiceCd=150&Type=search", "url2": null }, "geometry": { "type": "Point", "coordinates": [ 139.140557409823998, 36.190791968605197 ] } },
{ "type": "Feature", "properties": { "内容": "ルロワリハビリデイサービスセンター【通所介護】埼玉県東松山市下野本1465-5", "url": "https://www.kaigokensaku.mhlw.go.jp/11/index.php?action_kouhyou_detail_004_kani=true&JigyosyoCd=1173300326-00&ServiceCd=150&Type=search", "url2": "http://www.leroy.or.jp" }, "geometry": { "type": "Point", "coordinates": [ 139.420604168786696, 36.022554697990657 ] } },
{ "type": "Feature", "properties": { "内容": "デイサービスふくしのまち東松山【通所介護】埼玉県東松山市高坂2丁目１２番地16", "url": "https://www.kaigokensaku.mhlw.go.jp/11/index.php?action_kouhyou_detail_004_kani=true&JigyosyoCd=1173301498-00&ServiceCd=150&Type=search", "url2": "https://www.youism.jp/" }, "geometry": { "type": "Point", "coordinates": [ 139.400089400000013, 36.0044014 ] } },
{ "type": "Feature", "properties": { "内容": "デイサービスセンターひだまり【通所介護】埼玉県東松山市松山町２丁目1264-1", "url": "https://www.kaigokensaku.mhlw.go.jp/11/index.php?action_kouhyou_detail_004_kani=true&JigyosyoCd=1173300664-00&ServiceCd=150&Type=search", "url2": "https://www.saisyo.co.jp" }, "geometry": { "type": "Point", "coordinates": [ 139.390603911531088, 36.044566649807642 ] } },
{ "type": "Feature", "properties": { "内容": "ブルーミングケア高坂【通所介護】高坂５丁目１３番地１１", "url": "https://www.kaigokensaku.mhlw.go.jp/11/index.php?action_kouhyou_detail_004_kani=true&JigyosyoCd=1173301308-00&ServiceCd=150&Type=search", "url2": null }, "geometry": { "type": "Point", "coordinates": [ 139.401058099999972, 35.997192721338799 ] } },
{ "type": "Feature", "properties": { "内容": "あずみ苑　東松山【通所介護】埼玉県東松山市松山1220-4", "url": "https://www.kaigokensaku.mhlw.go.jp/11/index.php?action_kouhyou_detail_004_kani=true&JigyosyoCd=1173300656-00&ServiceCd=150&Type=search", "url2": "http://www.azumien.jp" }, "geometry": { "type": "Point", "coordinates": [ 139.415315, 36.0513589 ] } },
{ "type": "Feature", "properties": { "内容": "ブルーミングケア市ノ川あかり【通所介護】東松山市美原町３丁目１－１", "url": "https://www.kaigokensaku.mhlw.go.jp/11/index.php?action_kouhyou_detail_004_kani=true&JigyosyoCd=1173301274-00&ServiceCd=150&Type=search", "url2": null }, "geometry": { "type": "Point", "coordinates": [ 139.399447634918289, 36.050906027653205 ] } },
{ "type": "Feature", "properties": { "内容": "ゆずリハビリデイサービスセンター【通所介護】埼玉県東松山市下野本1465", "url": "https://www.kaigokensaku.mhlw.go.jp/11/index.php?action_kouhyou_detail_004_kani=true&JigyosyoCd=1173301001-00&ServiceCd=150&Type=search", "url2": "www.leroy.or.jp" }, "geometry": { "type": "Point", "coordinates": [ 139.420562600000039, 36.0226453 ] } },
{ "type": "Feature", "properties": { "内容": "ひだまりの郷デイサービス【通所介護】石橋1039-6", "url": "https://www.kaigokensaku.mhlw.go.jp/11/index.php?action_kouhyou_detail_004_kani=true&JigyosyoCd=1173301290-00&ServiceCd=150&Type=search", "url2": null }, "geometry": { "type": "Point", "coordinates": [ 139.384089200000062, 36.0266748 ] } },
{ "type": "Feature", "properties": { "内容": "東松山ホームデイサービスセンター【通所介護】埼玉県東松山市大字石橋１７１６", "url": "https://www.kaigokensaku.mhlw.go.jp/11/index.php?action_kouhyou_detail_004_kani=true&JigyosyoCd=1173300177-00&ServiceCd=150&Type=search", "url2": "http://www.higashimatuyamahome.or.jp" }, "geometry": { "type": "Point", "coordinates": [ 139.379977599999961, 36.0412149 ] } },
{ "type": "Feature", "properties": { "内容": "デイサービス楽らく【通所介護】埼玉県東松山市下唐子1574‐1", "url": "https://www.kaigokensaku.mhlw.go.jp/11/index.php?action_kouhyou_detail_004_kani=true&JigyosyoCd=1173300649-00&ServiceCd=150&Type=search", "url2": "http://tsuji-hojun-clinic.com/" }, "geometry": { "type": "Point", "coordinates": [ 139.361789278466972, 36.030895113501352 ] } },
{ "type": "Feature", "properties": { "内容": "デイサービスセンターひがしまつやま寿苑【通所介護】東松山市柏崎６２９－１", "url": "https://www.kaigokensaku.mhlw.go.jp/11/index.php?action_kouhyou_detail_004_kani=true&JigyosyoCd=1173300946-00&ServiceCd=150&Type=search", "url2": "http://care-net.biz/11/ihmk-jp/" }, "geometry": { "type": "Point", "coordinates": [ 139.421617800000035, 36.0268422 ] } },
{ "type": "Feature", "properties": { "内容": "東松山市総合福祉エリアデイサービスセンター【通所介護】埼玉県東松山市大字松山2183", "url": "https://www.kaigokensaku.mhlw.go.jp/11/index.php?action_kouhyou_detail_004_kani=true&JigyosyoCd=1173300425-00&ServiceCd=150&Type=search", "url2": "https://www.smile-shakyo.jp/" }, "geometry": { "type": "Point", "coordinates": [ 139.40182470000002, 36.0528113 ] } },
{ "type": "Feature", "properties": { "内容": "元気アップ倶楽部高坂【通所介護】元宿2-22-8", "url": "https://www.kaigokensaku.mhlw.go.jp/11/index.php?action_kouhyou_detail_004_kani=true&JigyosyoCd=1173301456-00&ServiceCd=150&Type=search", "url2": null }, "geometry": { "type": "Point", "coordinates": [ 139.393462199999988, 36.0025902 ] } },
{ "type": "Feature", "properties": { "内容": "デイサービスｅｎｎｅ【通所介護】埼玉県東松山市高坂3-26-11", "url": "https://www.kaigokensaku.mhlw.go.jp/11/index.php?action_kouhyou_detail_004_kani=true&JigyosyoCd=1173301555-00&ServiceCd=150&Type=search", "url2": "http://3speace.com/" }, "geometry": { "type": "Point", "coordinates": [ 139.4043189, 36.0015659 ] } },
{ "type": "Feature", "properties": { "内容": "コンパスウォーク豊春【通所介護】埼玉県春日部市上蛭田240-11豊春マンション1階", "url": "https://www.kaigokensaku.mhlw.go.jp/11/index.php?action_kouhyou_detail_004_kani=true&JigyosyoCd=1170604191-00&ServiceCd=150&Type=search", "url2": "https://keigo-group.co.jp/shop/saitamaken/24011/" }, "geometry": { "type": "Point", "coordinates": [ 139.727150599999987, 35.9694409 ] } },
{ "type": "Feature", "properties": { "内容": "社会福祉法人春日部市社会福祉協議会あしすと春日部デイサービスセンター【通所介護】埼玉県春日部市中央２丁目２４番地１", "url": "https://www.kaigokensaku.mhlw.go.jp/11/index.php?action_kouhyou_detail_004_kani=true&JigyosyoCd=1170601676-00&ServiceCd=150&Type=search", "url2": "http://www.kasukabeshishakyo.or.jp" }, "geometry": { "type": "Point", "coordinates": [ 139.74559869999996, 35.9771011 ] } },
{ "type": "Feature", "properties": { "内容": "あしすとリハ春日部【通所介護】埼玉県春日部市大枝1016-1", "url": "https://www.kaigokensaku.mhlw.go.jp/11/index.php?action_kouhyou_detail_004_kani=true&JigyosyoCd=1170604159-00&ServiceCd=150&Type=search", "url2": "https://medicalassist-s.com/" }, "geometry": { "type": "Point", "coordinates": [ 139.781226830363494, 35.940664702314237 ] } },
{ "type": "Feature", "properties": { "内容": "デイサービスセンター　エクラシア春日部【通所介護】埼玉県春日部市南５丁目１－５２", "url": "https://www.kaigokensaku.mhlw.go.jp/11/index.php?action_kouhyou_detail_004_kani=true&JigyosyoCd=1170602880-00&ServiceCd=150&Type=search", "url2": null }, "geometry": { "type": "Point", "coordinates": [ 139.7592612779099, 35.969906819914009 ] } },
{ "type": "Feature", "properties": { "内容": "デイサービスセンターエンタメかすかべ【通所介護】埼玉県春日部市浜川戸1-11-14", "url": "https://www.kaigokensaku.mhlw.go.jp/11/index.php?action_kouhyou_detail_004_kani=true&JigyosyoCd=1170603581-00&ServiceCd=150&Type=search", "url2": "https://daretame.co.jp" }, "geometry": { "type": "Point", "coordinates": [ 139.740637900000024, 35.9824422 ] } },
{ "type": "Feature", "properties": { "内容": "デイサービス円居【通所介護】一ノ割4丁目15番7-4号", "url": "https://www.kaigokensaku.mhlw.go.jp/11/index.php?action_kouhyou_detail_004_kani=true&JigyosyoCd=1170603888-00&ServiceCd=150&Type=search", "url2": null }, "geometry": { "type": "Point", "coordinates": [ 139.759296799999987, 35.9643052 ] } },
{ "type": "Feature", "properties": { "内容": "デイサービスセンター絆【通所介護】埼玉県春日部市南５－５－６７　サザンビルA", "url": "https://www.kaigokensaku.mhlw.go.jp/11/index.php?action_kouhyou_detail_004_kani=true&JigyosyoCd=1170602120-00&ServiceCd=150&Type=search", "url2": "http://www.kizuna-gold.jp/" }, "geometry": { "type": "Point", "coordinates": [ 139.760615799999982, 35.9677887 ] } },
{ "type": "Feature", "properties": { "内容": "レッツ倶楽部春日部【通所介護】埼玉県春日部市中央6-8-22ガーデンフィール8番館1F", "url": "https://www.kaigokensaku.mhlw.go.jp/11/index.php?action_kouhyou_detail_004_kani=true&JigyosyoCd=1170604001-00&ServiceCd=150&Type=search", "url2": "https://www.lets-club.jp/shop/kasukabe/" }, "geometry": { "type": "Point", "coordinates": [ 139.750542599999989, 35.9748952 ] } },
{ "type": "Feature", "properties": { "内容": "百合の郷【通所介護】埼玉県春日部市大畑407-2", "url": "https://www.kaigokensaku.mhlw.go.jp/11/index.php?action_kouhyou_detail_004_kani=true&JigyosyoCd=1170600157-00&ServiceCd=150&Type=search", "url2": null }, "geometry": { "type": "Point", "coordinates": [ 139.7722948, 35.9445664 ] } },
{ "type": "Feature", "properties": { "内容": "かがやきデイサービス春日部【通所介護】埼玉県春日部市中央５－７－１２", "url": "https://www.kaigokensaku.mhlw.go.jp/11/index.php?action_kouhyou_detail_004_kani=true&JigyosyoCd=1170602575-00&ServiceCd=150&Type=search", "url2": "http://www.ymmd.co.jp" }, "geometry": { "type": "Point", "coordinates": [ 139.751597163754241, 35.972330247366983 ] } },
{ "type": "Feature", "properties": { "内容": "デイサービスセンター豊潤館【通所介護】埼玉県春日部市花積２６７－７", "url": "https://www.kaigokensaku.mhlw.go.jp/11/index.php?action_kouhyou_detail_004_kani=true&JigyosyoCd=1170600868-00&ServiceCd=150&Type=search", "url2": "http://houjunkan.imwg.jp/" }, "geometry": { "type": "Point", "coordinates": [ 139.719446400000038, 35.9671171 ] } },
{ "type": "Feature", "properties": { "内容": "ニチイケアセンター友輪【通所介護】埼玉県春日部市八丁目４６８－１", "url": "https://www.kaigokensaku.mhlw.go.jp/11/index.php?action_kouhyou_detail_004_kani=true&JigyosyoCd=1170600231-00&ServiceCd=150&Type=search", "url2": "http://www.nichiigakkan.co.jp" }, "geometry": { "type": "Point", "coordinates": [ 139.759025100000031, 35.9875803 ] } },
{ "type": "Feature", "properties": { "内容": "春日部ケアセンターそよ風【通所介護】埼玉県春日部市牛島391", "url": "https://www.kaigokensaku.mhlw.go.jp/11/index.php?action_kouhyou_detail_004_kani=true&JigyosyoCd=1170601122-00&ServiceCd=150&Type=search", "url2": "https://corp.sykz.co.jp/" }, "geometry": { "type": "Point", "coordinates": [ 139.773063, 35.9824064 ] } },
{ "type": "Feature", "properties": { "内容": "武里ひばりデイサービス【通所介護】埼玉県春日部市大場287-1", "url": "https://www.kaigokensaku.mhlw.go.jp/11/index.php?action_kouhyou_detail_004_kani=true&JigyosyoCd=1170600686-00&ServiceCd=150&Type=search", "url2": null }, "geometry": { "type": "Point", "coordinates": [ 139.766463326458762, 35.950288146970429 ] } },
{ "type": "Feature", "properties": { "内容": "縁「ゆかり」内牧センター【通所介護】埼玉県春日部市内牧字四方谷４９９８番地１", "url": "https://www.kaigokensaku.mhlw.go.jp/11/index.php?action_kouhyou_detail_004_kani=true&JigyosyoCd=1170602989-00&ServiceCd=150&Type=search", "url2": null }, "geometry": { "type": "Point", "coordinates": [ 139.733728225851934, 35.994410173165917 ] } },
{ "type": "Feature", "properties": { "内容": "縁「ゆかり」【通所介護】埼玉県春日部市永沼2158-1", "url": "https://www.kaigokensaku.mhlw.go.jp/11/index.php?action_kouhyou_detail_004_kani=true&JigyosyoCd=1170601957-00&ServiceCd=150&Type=search", "url2": "http://www.yukari-kaigo.jp/" }, "geometry": { "type": "Point", "coordinates": [ 139.7970057, 35.9777435 ] } },
{ "type": "Feature", "properties": { "内容": "縁「ゆかり」介護予防センター【通所介護】埼玉県春日部市永沼2160番地", "url": "https://www.kaigokensaku.mhlw.go.jp/11/index.php?action_kouhyou_detail_004_kani=true&JigyosyoCd=1170603227-00&ServiceCd=150&Type=search", "url2": "http://www.yukari-kaigo.jp/" }, "geometry": { "type": "Point", "coordinates": [ 139.786451100000022, 35.977574 ] } },
{ "type": "Feature", "properties": { "内容": "武里まきば園【通所介護】埼玉県春日部市武里中野705", "url": "https://www.kaigokensaku.mhlw.go.jp/11/index.php?action_kouhyou_detail_004_kani=true&JigyosyoCd=1170603045-00&ServiceCd=150&Type=search", "url2": "http://makibaen.com/" }, "geometry": { "type": "Point", "coordinates": [ 139.7569426, 35.9487711 ] } },
{ "type": "Feature", "properties": { "内容": "デイサービス友・とも【通所介護】埼玉県春日部市一ノ割下沖1086-1", "url": "https://www.kaigokensaku.mhlw.go.jp/11/index.php?action_kouhyou_detail_004_kani=true&JigyosyoCd=1170604175-00&ServiceCd=150&Type=search", "url2": null }, "geometry": { "type": "Point", "coordinates": [ 139.7588189, 35.9615246 ] } },
{ "type": "Feature", "properties": { "内容": "コンパスウォーク北春日部【通所介護】埼玉県春日部市栄町2−２０６コーポ野村102", "url": "https://www.kaigokensaku.mhlw.go.jp/11/index.php?action_kouhyou_detail_004_kani=true&JigyosyoCd=1170603763-00&ServiceCd=150&Type=search", "url2": "https://keigo-group.co.jp/shop/saitamaken/11008/" }, "geometry": { "type": "Point", "coordinates": [ 139.73239, 35.9883754 ] } },
{ "type": "Feature", "properties": { "内容": "アズハイム春日部デイサービスセンター【通所介護】埼玉県春日部市中央2丁目20番地5", "url": "https://www.kaigokensaku.mhlw.go.jp/11/index.php?action_kouhyou_detail_004_kani=true&JigyosyoCd=1170604290-00&ServiceCd=150&Type=search", "url2": "https://www.as-partners.co.jp/" }, "geometry": { "type": "Point", "coordinates": [ 139.7486778, 35.975103 ] } },
{ "type": "Feature", "properties": { "内容": "孝楽園デイサービスセンター【通所介護】埼玉県春日部市赤沼字堂面２９５番地在宅複合施設孝楽園", "url": "https://www.kaigokensaku.mhlw.go.jp/11/index.php?action_kouhyou_detail_004_kani=true&JigyosyoCd=1170600421-00&ServiceCd=150&Type=search", "url2": "https://www.korakukai.jp/" }, "geometry": { "type": "Point", "coordinates": [ 139.797050743763748, 35.95154797050958 ] } },
{ "type": "Feature", "properties": { "内容": "マリーゴールド【通所介護】埼玉県春日部市増田新田３９１－２１", "url": "https://www.kaigokensaku.mhlw.go.jp/11/index.php?action_kouhyou_detail_004_kani=true&JigyosyoCd=1170600462-00&ServiceCd=150&Type=search", "url2": "http://www.up-ness.com" }, "geometry": { "type": "Point", "coordinates": [ 139.753362399999986, 35.9470074 ] } },
{ "type": "Feature", "properties": { "内容": "デイサービスセンター　ヒューマンサポート春日部【通所介護】埼玉県春日部市備後西5-1-44", "url": "https://www.kaigokensaku.mhlw.go.jp/11/index.php?action_kouhyou_detail_004_kani=true&JigyosyoCd=1170601809-00&ServiceCd=150&Type=search", "url2": "http://n-h-s.jp/kasukabe" }, "geometry": { "type": "Point", "coordinates": [ 139.762705899999986, 35.9572758 ] } },
{ "type": "Feature", "properties": { "内容": "あいはな【通所介護】埼玉県春日部市谷原新田１４２７－１", "url": "https://www.kaigokensaku.mhlw.go.jp/11/index.php?action_kouhyou_detail_004_kani=true&JigyosyoCd=1170601247-00&ServiceCd=150&Type=search", "url2": "http://www.up-ness.com" }, "geometry": { "type": "Point", "coordinates": [ 139.753329099999974, 35.9472379 ] } },
{ "type": "Feature", "properties": { "内容": "デイサービスあすなろの郷【通所介護】埼玉県春日部市銚子口1133ー1", "url": "https://www.kaigokensaku.mhlw.go.jp/11/index.php?action_kouhyou_detail_004_kani=true&JigyosyoCd=1170601544-00&ServiceCd=150&Type=search", "url2": "https://www.asunarokai.or.jp/" }, "geometry": { "type": "Point", "coordinates": [ 139.7877468, 35.9619323 ] } },
{ "type": "Feature", "properties": { "内容": "アップネス【通所介護】埼玉県春日部市大枝５５２－１", "url": "https://www.kaigokensaku.mhlw.go.jp/11/index.php?action_kouhyou_detail_004_kani=true&JigyosyoCd=1170604027-00&ServiceCd=150&Type=search", "url2": "http://www.up-ness.com/" }, "geometry": { "type": "Point", "coordinates": [ 139.7728957, 35.9418149 ] } },
{ "type": "Feature", "properties": { "内容": "コンパスウォーク八木崎【通所介護】埼玉県春日部市粕壁5626-1", "url": "https://www.kaigokensaku.mhlw.go.jp/11/index.php?action_kouhyou_detail_004_kani=true&JigyosyoCd=1170603789-00&ServiceCd=150&Type=search", "url2": "https://keigo-group.co.jp/shop/saitamaken/19409/" }, "geometry": { "type": "Point", "coordinates": [ 139.7441414, 35.9821654 ] } },
{ "type": "Feature", "properties": { "内容": "地域リハビリケアセンター　こんぱすエイト【通所介護】八丁目1127-1", "url": "https://www.kaigokensaku.mhlw.go.jp/11/index.php?action_kouhyou_detail_004_kani=true&JigyosyoCd=1170603441-00&ServiceCd=150&Type=search", "url2": "www.compass100.Jp" }, "geometry": { "type": "Point", "coordinates": [ 139.76670630000001, 35.9909382 ] } },
{ "type": "Feature", "properties": { "内容": "地域リハビリケアセンターこんぱす春日部【通所介護】埼玉県春日部市梅田1丁目6-19", "url": "https://www.kaigokensaku.mhlw.go.jp/11/index.php?action_kouhyou_detail_004_kani=true&JigyosyoCd=1170602773-00&ServiceCd=150&Type=search", "url2": "http://www.compass100.jp" }, "geometry": { "type": "Point", "coordinates": [ 139.747665, 35.9870887 ] } },
{ "type": "Feature", "properties": { "内容": "デイサービスこはるびより【通所介護】埼玉県春日部市南五丁目６番地７号", "url": "https://www.kaigokensaku.mhlw.go.jp/11/index.php?action_kouhyou_detail_004_kani=true&JigyosyoCd=1170603466-00&ServiceCd=150&Type=search", "url2": "https://humancareservice.co.jp" }, "geometry": { "type": "Point", "coordinates": [ 139.758805465650994, 35.966643688819765 ] } },
{ "type": "Feature", "properties": { "内容": "ブルーミングケア南桜井【通所介護】埼玉県春日部市大衾567－1", "url": "https://www.kaigokensaku.mhlw.go.jp/11/index.php?action_kouhyou_detail_004_kani=true&JigyosyoCd=1170603862-00&ServiceCd=150&Type=search", "url2": null }, "geometry": { "type": "Point", "coordinates": [ 139.8100604, 35.983578 ] } },
{ "type": "Feature", "properties": { "内容": "デイサービスセンター　庄和和合【通所介護】春日部市金崎５２７－１", "url": "https://www.kaigokensaku.mhlw.go.jp/11/index.php?action_kouhyou_detail_004_kani=true&JigyosyoCd=1170601569-00&ServiceCd=150&Type=search", "url2": "http://www.shouwa-wagou.or.jp/" }, "geometry": { "type": "Point", "coordinates": [ 139.80601, 35.9930059 ] } },
{ "type": "Feature", "properties": { "内容": "フィットネスデイ　リズム【通所介護】谷原3-18-3", "url": "https://www.kaigokensaku.mhlw.go.jp/11/index.php?action_kouhyou_detail_004_kani=true&JigyosyoCd=1170602484-00&ServiceCd=150&Type=search", "url2": null }, "geometry": { "type": "Point", "coordinates": [ 139.752101204893506, 35.969647595514367 ] } },
{ "type": "Feature", "properties": { "内容": "さくらデイサービスセンター【通所介護】埼玉県春日部市大場７４８番地１", "url": "https://www.kaigokensaku.mhlw.go.jp/11/index.php?action_kouhyou_detail_004_kani=true&JigyosyoCd=1170601973-00&ServiceCd=150&Type=search", "url2": "http://www.saitama-sakura.com" }, "geometry": { "type": "Point", "coordinates": [ 139.762399280715613, 35.946448758772135 ] } },
{ "type": "Feature", "properties": { "内容": "デイサービス沙羅双樹【通所介護】春日部市谷原三丁目１３番５号", "url": "https://www.kaigokensaku.mhlw.go.jp/11/index.php?action_kouhyou_detail_004_kani=true&JigyosyoCd=1170602179-00&ServiceCd=150&Type=search", "url2": "https://www.amacya.jp" }, "geometry": { "type": "Point", "coordinates": [ 139.749665171827701, 35.970233658457239 ] } },
{ "type": "Feature", "properties": { "内容": "デイサービスセンター　ふれあい【通所介護】春日部市米島967-1", "url": "https://www.kaigokensaku.mhlw.go.jp/11/index.php?action_kouhyou_detail_004_kani=true&JigyosyoCd=1171100603-00&ServiceCd=150&Type=search", "url2": "http://www.nursingcarecenter.co.jp/" }, "geometry": { "type": "Point", "coordinates": [ 139.81529421534421, 35.978812327196238 ] } },
{ "type": "Feature", "properties": { "内容": "水辺の園　しおり【通所介護】埼玉県春日部市本田町2-319", "url": "https://www.kaigokensaku.mhlw.go.jp/11/index.php?action_kouhyou_detail_004_kani=true&JigyosyoCd=1170601155-00&ServiceCd=150&Type=search", "url2": "https://www.shiori-kasukabe.com/" }, "geometry": { "type": "Point", "coordinates": [ 139.774032600000027, 35.969944 ] } },
{ "type": "Feature", "properties": { "内容": "デイサービス源喜【通所介護】埼玉県春日部市谷原新田2220番地", "url": "https://www.kaigokensaku.mhlw.go.jp/11/index.php?action_kouhyou_detail_004_kani=true&JigyosyoCd=1170604324-00&ServiceCd=150&Type=search", "url2": "genki-kaigo.co.jp" }, "geometry": { "type": "Point", "coordinates": [ 139.740978253967313, 35.967165901170155 ] } },
{ "type": "Feature", "properties": { "内容": "あずみ苑南桜井【通所介護】埼玉県春日部市米島1165-2", "url": "https://www.kaigokensaku.mhlw.go.jp/11/index.php?action_kouhyou_detail_004_kani=true&JigyosyoCd=1170601320-00&ServiceCd=150&Type=search", "url2": "https://www.azumien.jp/search/minamisakurai/" }, "geometry": { "type": "Point", "coordinates": [ 139.808222552778602, 35.978321 ] } },
{ "type": "Feature", "properties": { "内容": "ツクイ春日部【通所介護】埼玉県春日部市栄町3-82", "url": "https://www.kaigokensaku.mhlw.go.jp/11/index.php?action_kouhyou_detail_004_kani=true&JigyosyoCd=1170601775-00&ServiceCd=150&Type=search", "url2": "http://www.tsukui.net" }, "geometry": { "type": "Point", "coordinates": [ 139.7345269, 35.9895793 ] } },
{ "type": "Feature", "properties": { "内容": "あずみ苑入間川【通所介護】埼玉県狭山市入間川3177-1", "url": "https://www.kaigokensaku.mhlw.go.jp/11/index.php?action_kouhyou_detail_004_kani=true&JigyosyoCd=1172701151-00&ServiceCd=150&Type=search", "url2": "https://www.az-lifecare.co.jp/" }, "geometry": { "type": "Point", "coordinates": [ 139.423023100000023, 35.8417437 ] } },
{ "type": "Feature", "properties": { "内容": "デイサービス　ハピネス狭山【通所介護】埼玉県狭山市富士見２－１６－８", "url": "https://www.kaigokensaku.mhlw.go.jp/11/index.php?action_kouhyou_detail_004_kani=true&JigyosyoCd=1172700484-00&ServiceCd=150&Type=search", "url2": "http://www.hapinesu-sayama.com/" }, "geometry": { "type": "Point", "coordinates": [ 139.4244701, 35.847343 ] } },
{ "type": "Feature", "properties": { "内容": "デイホームあすなろ【通所介護】埼玉県狭山市青柳２３－２", "url": "https://www.kaigokensaku.mhlw.go.jp/11/index.php?action_kouhyou_detail_004_kani=true&JigyosyoCd=1172700963-00&ServiceCd=150&Type=search", "url2": "http://3810.co.jp/smile" }, "geometry": { "type": "Point", "coordinates": [ 139.444290599999931, 35.864141 ] } },
{ "type": "Feature", "properties": { "内容": "むさしの園デイサービスセンター富士見【通所介護】埼玉県狭山市富士見２丁目４番地１１", "url": "https://www.kaigokensaku.mhlw.go.jp/11/index.php?action_kouhyou_detail_004_kani=true&JigyosyoCd=1172701458-00&ServiceCd=150&Type=search", "url2": "https://www.e-musashinoen.com/service/fujimi/" }, "geometry": { "type": "Point", "coordinates": [ 139.4193927, 35.8471374 ] } },
{ "type": "Feature", "properties": { "内容": "デイサービスセンターさくら【通所介護】狭山市大字加佐志１０４番地", "url": "https://www.kaigokensaku.mhlw.go.jp/11/index.php?action_kouhyou_detail_004_kani=true&JigyosyoCd=1172700583-00&ServiceCd=150&Type=search", "url2": "http://www.sakura-toku.com/" }, "geometry": { "type": "Point", "coordinates": [ 139.43373280000003, 35.8675545 ] } },
{ "type": "Feature", "properties": { "内容": "デイホーム明和ひだまり館【通所介護】埼玉県狭山市狭山台3-25-1", "url": "https://www.kaigokensaku.mhlw.go.jp/11/index.php?action_kouhyou_detail_004_kani=true&JigyosyoCd=1172702142-00&ServiceCd=150&Type=search", "url2": "https://3810.co.jp/" }, "geometry": { "type": "Point", "coordinates": [ 139.4331719, 35.8565257 ] } },
{ "type": "Feature", "properties": { "内容": "通所介護事業所　デイサービスつつじの園【通所介護】狭山市柏原１１８５－６", "url": "https://www.kaigokensaku.mhlw.go.jp/11/index.php?action_kouhyou_detail_004_kani=true&JigyosyoCd=1172700286-00&ServiceCd=150&Type=search", "url2": "http://tutujinoen.jp/" }, "geometry": { "type": "Point", "coordinates": [ 139.402338200000031, 35.8765277 ] } },
{ "type": "Feature", "properties": { "内容": "デイサービスファインケア狭山【通所介護】埼玉県狭山市入間川3-24-15小林ビル1F", "url": "https://www.kaigokensaku.mhlw.go.jp/11/index.php?action_kouhyou_detail_004_kani=true&JigyosyoCd=1172702076-00&ServiceCd=150&Type=search", "url2": "http://www.finecare.co.jp/" }, "geometry": { "type": "Point", "coordinates": [ 139.404933, 35.8572747 ] } },
{ "type": "Feature", "properties": { "内容": "あおぞらデイサービス狭山【通所介護】埼玉県狭山市富士見1-23-14", "url": "https://www.kaigokensaku.mhlw.go.jp/11/index.php?action_kouhyou_detail_004_kani=true&JigyosyoCd=1172701565-00&ServiceCd=150&Type=search", "url2": "http://www.finecare.co.jp" }, "geometry": { "type": "Point", "coordinates": [ 139.4211285, 35.8514842 ] } },
{ "type": "Feature", "properties": { "内容": "通所介護事業所　ジョアン宮地の里【通所介護】埼玉県狭山市大字笹井1568-2", "url": "https://www.kaigokensaku.mhlw.go.jp/11/index.php?action_kouhyou_detail_004_kani=true&JigyosyoCd=1172700955-00&ServiceCd=150&Type=search", "url2": "http://www.sakaekai.or.jp/" }, "geometry": { "type": "Point", "coordinates": [ 139.372430500000064, 35.8553045 ] } },
{ "type": "Feature", "properties": { "内容": "コンパスウォーク狭山台【通所介護】埼玉県狭山市狭山台２－１４－２", "url": "https://www.kaigokensaku.mhlw.go.jp/11/index.php?action_kouhyou_detail_004_kani=true&JigyosyoCd=1172702282-00&ServiceCd=150&Type=search", "url2": "https://compasswalk-kawagoe-nakafuku.jp/" }, "geometry": { "type": "Point", "coordinates": [ 139.4349805, 35.8573258 ] } },
{ "type": "Feature", "properties": { "内容": "デイホームわ～くわっく狭山【通所介護】埼玉県狭山市富士見1-11-15生活クラブ生協狭山生活館", "url": "https://www.kaigokensaku.mhlw.go.jp/11/index.php?action_kouhyou_detail_004_kani=true&JigyosyoCd=1172702092-00&ServiceCd=150&Type=search", "url2": null }, "geometry": { "type": "Point", "coordinates": [ 139.4160937, 35.8531678 ] } },
{ "type": "Feature", "properties": { "内容": "むさしの園　デイサービスセンター【通所介護】狭山市南入曽１０４４－１", "url": "https://www.kaigokensaku.mhlw.go.jp/11/index.php?action_kouhyou_detail_004_kani=true&JigyosyoCd=1172700252-00&ServiceCd=150&Type=search", "url2": "http://www.shifukunokai.org/" }, "geometry": { "type": "Point", "coordinates": [ 139.433028899999954, 35.8225488 ] } },
{ "type": "Feature", "properties": { "内容": "デイサービスセンターケアサポートさやま【通所介護】埼玉県狭山市柏原2935", "url": "https://www.kaigokensaku.mhlw.go.jp/11/index.php?action_kouhyou_detail_004_kani=true&JigyosyoCd=1172701607-00&ServiceCd=150&Type=search", "url2": "https://www.care-support.biz/" }, "geometry": { "type": "Point", "coordinates": [ 139.404682800000046, 35.8671263 ] } },
{ "type": "Feature", "properties": { "内容": "デイサービスセンター　エクラシ狭山【通所介護】埼玉県狭山市富士見1-26-12", "url": "https://www.kaigokensaku.mhlw.go.jp/11/index.php?action_kouhyou_detail_004_kani=true&JigyosyoCd=1172701847-00&ServiceCd=150&Type=search", "url2": null }, "geometry": { "type": "Point", "coordinates": [ 139.4197489, 35.8510799 ] } },
{ "type": "Feature", "properties": { "内容": "あずみ苑狭山【通所介護】埼玉県狭山市大字笹井2936-1", "url": "https://www.kaigokensaku.mhlw.go.jp/11/index.php?action_kouhyou_detail_004_kani=true&JigyosyoCd=1172701094-00&ServiceCd=150&Type=search", "url2": "http://www.azumien.jp" }, "geometry": { "type": "Point", "coordinates": [ 139.366872699999931, 35.8468692 ] } },
{ "type": "Feature", "properties": { "内容": "でいさーびすあいな羽生【通所介護】埼玉県羽生市西5-13-7", "url": "https://www.kaigokensaku.mhlw.go.jp/11/index.php?action_kouhyou_detail_004_kani=true&JigyosyoCd=1173900844-00&ServiceCd=150&Type=search", "url2": "http://www.laulea.life/" }, "geometry": { "type": "Point", "coordinates": [ 139.5285445625656, 36.175488063822073 ] } },
{ "type": "Feature", "properties": { "内容": "ディバシティ羽生【通所介護】埼玉県羽生市中岩瀬188", "url": "https://www.kaigokensaku.mhlw.go.jp/11/index.php?action_kouhyou_detail_004_kani=true&JigyosyoCd=1173900737-00&ServiceCd=150&Type=search", "url2": "https://azisaicc.co.jp" }, "geometry": { "type": "Point", "coordinates": [ 139.533727199999987, 36.163303 ] } },
{ "type": "Feature", "properties": { "内容": "シティ・オブ・ホープ　デイサービスセンター【通所介護】羽生市大字上新郷5555番地1", "url": "https://www.kaigokensaku.mhlw.go.jp/11/index.php?action_kouhyou_detail_004_kani=true&JigyosyoCd=1173900224-00&ServiceCd=150&Type=search", "url2": "https://sw-kouwakai.or.jp" }, "geometry": { "type": "Point", "coordinates": [ 139.504066200000011, 36.1753522 ] } },
{ "type": "Feature", "properties": { "内容": "カノープス☆デイサービスセンター【通所介護】埼玉県羽生市大字本川俣1384番地1", "url": "https://www.kaigokensaku.mhlw.go.jp/11/index.php?action_kouhyou_detail_004_kani=true&JigyosyoCd=1173900679-00&ServiceCd=150&Type=search", "url2": "http://www.hanyushi-ishikai.jp" }, "geometry": { "type": "Point", "coordinates": [ 139.5350482, 36.1892548 ] } },
{ "type": "Feature", "properties": { "内容": "デイサービスセンター　くわの実【通所介護】埼玉県羽生市大字下新郷660", "url": "https://www.kaigokensaku.mhlw.go.jp/11/index.php?action_kouhyou_detail_004_kani=true&JigyosyoCd=1173900042-00&ServiceCd=150&Type=search", "url2": "https://hanyu-fukushikai.jp/" }, "geometry": { "type": "Point", "coordinates": [ 139.5242518, 36.1442648 ] } },
{ "type": "Feature", "properties": { "内容": "薫藤園デイサービス事業所【通所介護】埼玉県羽生市大字秀安351", "url": "https://www.kaigokensaku.mhlw.go.jp/11/index.php?action_kouhyou_detail_004_kani=true&JigyosyoCd=1173900141-00&ServiceCd=150&Type=search", "url2": "http://www.sakitamakai.jp/kuntouen/" }, "geometry": { "type": "Point", "coordinates": [ 139.55125959999998, 36.1604581 ] } },
{ "type": "Feature", "properties": { "内容": "清輝苑デイサービスセンター【通所介護】埼玉県羽生市下村君1169番地", "url": "https://www.kaigokensaku.mhlw.go.jp/11/index.php?action_kouhyou_detail_004_kani=true&JigyosyoCd=1173900125-00&ServiceCd=150&Type=search", "url2": "https://sw-kouwakai.or.jp/" }, "geometry": { "type": "Point", "coordinates": [ 139.587357800000063, 36.1925859 ] } },
{ "type": "Feature", "properties": { "内容": "デイサービスセンター彩優【通所介護】埼玉県羽生市桑崎533番地3", "url": "https://www.kaigokensaku.mhlw.go.jp/11/index.php?action_kouhyou_detail_004_kani=true&JigyosyoCd=1173900661-00&ServiceCd=150&Type=search", "url2": "http://www.attch.com" }, "geometry": { "type": "Point", "coordinates": [ 139.515777349168388, 36.173644140389321 ] } },
{ "type": "Feature", "properties": { "内容": "株式会社アズ・ライフケア　あずみ苑羽生【通所介護】埼玉県羽生市中央3-3-21", "url": "https://www.kaigokensaku.mhlw.go.jp/11/index.php?action_kouhyou_detail_004_kani=true&JigyosyoCd=1173900349-00&ServiceCd=150&Type=search", "url2": "https://www.azumien.jp/" }, "geometry": { "type": "Point", "coordinates": [ 139.539846, 36.1714982 ] } },
{ "type": "Feature", "properties": { "内容": "デイサービス　てねる【通所介護】埼玉県鴻巣市前砂1003番1", "url": "https://www.kaigokensaku.mhlw.go.jp/11/index.php?action_kouhyou_detail_004_kani=true&JigyosyoCd=1171701293-00&ServiceCd=150&Type=search", "url2": "http://tener.or.jp/" }, "geometry": { "type": "Point", "coordinates": [ 139.468441701882966, 36.08885710937269 ] } },
{ "type": "Feature", "properties": { "内容": "北こうのすケアセンターそよ風【通所介護】埼玉県鴻巣市箕田419-2", "url": "https://www.kaigokensaku.mhlw.go.jp/11/index.php?action_kouhyou_detail_004_kani=true&JigyosyoCd=1171701764-00&ServiceCd=150&Type=search", "url2": "https://www.sykz.co.jp/" }, "geometry": { "type": "Point", "coordinates": [ 139.474668, 36.0842699 ] } },
{ "type": "Feature", "properties": { "内容": "川里苑【通所介護】埼玉県鴻巣市屈巣５１５８", "url": "https://www.kaigokensaku.mhlw.go.jp/11/index.php?action_kouhyou_detail_004_kani=true&JigyosyoCd=1173600105-00&ServiceCd=150&Type=search", "url2": "http://www.kawasatoen.info" }, "geometry": { "type": "Point", "coordinates": [ 139.520929900000027, 36.0822259 ] } },
{ "type": "Feature", "properties": { "内容": "社会福祉法人元気村　馬室たんぽぽ翔裕園デイサービスセンター【通所介護】埼玉県鴻巣市原馬室3335", "url": "https://www.kaigokensaku.mhlw.go.jp/11/index.php?action_kouhyou_detail_004_kani=true&JigyosyoCd=1171700360-00&ServiceCd=150&Type=search", "url2": "http://www.genki-mura.com/genkimura/m_tanpopo/" }, "geometry": { "type": "Point", "coordinates": [ 139.512872335009746, 36.036858700020233 ] } },
{ "type": "Feature", "properties": { "内容": "デイサービスセンター吹上苑【通所介護】埼玉県鴻巣市下忍4461", "url": "https://www.kaigokensaku.mhlw.go.jp/11/index.php?action_kouhyou_detail_004_kani=true&JigyosyoCd=1171300070-00&ServiceCd=150&Type=search", "url2": "http://www.egarite.or.jp" }, "geometry": { "type": "Point", "coordinates": [ 139.46793260000004, 36.1029542 ] } },
{ "type": "Feature", "properties": { "内容": "鴻巣まきば園デイサービスセンター【通所介護】埼玉県鴻巣市前砂５１７－１", "url": "https://www.kaigokensaku.mhlw.go.jp/11/index.php?action_kouhyou_detail_004_kani=true&JigyosyoCd=1171700642-00&ServiceCd=150&Type=search", "url2": "https://makibaen.com/" }, "geometry": { "type": "Point", "coordinates": [ 139.463166900000033, 36.093583 ] } },
{ "type": "Feature", "properties": { "内容": "さくらの里【通所介護】大芦1800-1", "url": "https://www.kaigokensaku.mhlw.go.jp/11/index.php?action_kouhyou_detail_004_kani=true&JigyosyoCd=1171701723-00&ServiceCd=150&Type=search", "url2": null }, "geometry": { "type": "Point", "coordinates": [ 139.4426403, 36.0913624 ] } },
{ "type": "Feature", "properties": { "内容": "ソレアード鴻巣【通所介護】埼玉県鴻巣市上谷141-1", "url": "https://www.kaigokensaku.mhlw.go.jp/11/index.php?action_kouhyou_detail_004_kani=true&JigyosyoCd=1171700311-00&ServiceCd=150&Type=search", "url2": "http://www.soleado.jp/" }, "geometry": { "type": "Point", "coordinates": [ 139.538681799999949, 36.0529742 ] } },
{ "type": "Feature", "properties": { "内容": "こうのすケアセンターそよ風【通所介護】埼玉県鴻巣市天神4-32-1", "url": "https://www.kaigokensaku.mhlw.go.jp/11/index.php?action_kouhyou_detail_004_kani=true&JigyosyoCd=1171700261-00&ServiceCd=150&Type=search", "url2": "https://corp.sykz.co.jp/" }, "geometry": { "type": "Point", "coordinates": [ 139.524530300000038, 36.0607811 ] } },
{ "type": "Feature", "properties": { "内容": "こうのすタンポポ翔裕園デイサービスセンター【通所介護】埼玉県鴻巣市郷地１７４６－１", "url": "https://www.kaigokensaku.mhlw.go.jp/11/index.php?action_kouhyou_detail_004_kani=true&JigyosyoCd=1171700576-00&ServiceCd=150&Type=search", "url2": "http://www.genkimuragroup.jp/genkimura/k_tanpopo/" }, "geometry": { "type": "Point", "coordinates": [ 139.53079589999993, 36.0734828 ] } },
{ "type": "Feature", "properties": { "内容": "介護のさくら【通所介護】埼玉県鴻巣市箕田３８２０番地", "url": "https://www.kaigokensaku.mhlw.go.jp/11/index.php?action_kouhyou_detail_004_kani=true&JigyosyoCd=1171701715-00&ServiceCd=150&Type=search", "url2": "http://kaigonosakura.info/" }, "geometry": { "type": "Point", "coordinates": [ 139.4935721, 36.0717216 ] } },
{ "type": "Feature", "properties": { "内容": "デイサービスセンターソレイユ燦燦【通所介護】埼玉県鴻巣市北新宿609デイサービスセンターソレイユ燦燦", "url": "https://www.kaigokensaku.mhlw.go.jp/11/index.php?action_kouhyou_detail_004_kani=true&JigyosyoCd=1171701343-00&ServiceCd=150&Type=search", "url2": "www.shomezon.jp" }, "geometry": { "type": "Point", "coordinates": [ 139.437198657008366, 36.113704644380185 ] } },
{ "type": "Feature", "properties": { "内容": "北こうのす翔裕園デイサービスセンター【通所介護】埼玉県鴻巣市箕田3523番", "url": "https://www.kaigokensaku.mhlw.go.jp/11/index.php?action_kouhyou_detail_004_kani=true&JigyosyoCd=1171701947-00&ServiceCd=150&Type=search", "url2": "https://www.genkimuragroup.jp/facilitylist/kitakonosu/" }, "geometry": { "type": "Point", "coordinates": [ 139.4885577, 36.0782938 ] } },
{ "type": "Feature", "properties": { "内容": "特別養護老人ホーム翔裕園デイサービスセンターB型【通所介護】上谷687-1", "url": "https://www.kaigokensaku.mhlw.go.jp/11/index.php?action_kouhyou_detail_004_kani=true&JigyosyoCd=1171700147-00&ServiceCd=150&Type=search", "url2": "https://www.genkimuragroup.jp/facilitylist/shoyuen/" }, "geometry": { "type": "Point", "coordinates": [ 139.5463777, 36.0605263 ] } },
{ "type": "Feature", "properties": { "内容": "デイサービスさくら苑　上柴【通所介護】東方3798-2デイサービスさくら苑　上柴", "url": "https://www.kaigokensaku.mhlw.go.jp/11/index.php?action_kouhyou_detail_004_kani=true&JigyosyoCd=1174602001-00&ServiceCd=150&Type=search", "url2": "https://www.sakuraen-fukaya.com" }, "geometry": { "type": "Point", "coordinates": [ 139.31476710000004, 36.1793796 ] } },
{ "type": "Feature", "properties": { "内容": "デイサービスセンターはなぞの村【通所介護】埼玉県深谷市永田１４４０", "url": "https://www.kaigokensaku.mhlw.go.jp/11/index.php?action_kouhyou_detail_004_kani=true&JigyosyoCd=1174601672-00&ServiceCd=150&Type=search", "url2": null }, "geometry": { "type": "Point", "coordinates": [ 139.256894099999954, 36.1354727 ] } },
{ "type": "Feature", "properties": { "内容": "デイサービス　ラスベガス　深谷【通所介護】埼玉県深谷市武蔵野2283番6", "url": "https://www.kaigokensaku.mhlw.go.jp/11/index.php?action_kouhyou_detail_004_kani=true&JigyosyoCd=1174602621-00&ServiceCd=150&Type=search", "url2": null }, "geometry": { "type": "Point", "coordinates": [ 139.218274800000017, 36.1441551 ] } },
{ "type": "Feature", "properties": { "内容": "デイサービスセンター　ビッグベンメイフェア【通所介護】埼玉県深谷市国済寺334-4デイサービスセンター　ビッグベンメイフェア", "url": "https://www.kaigokensaku.mhlw.go.jp/11/index.php?action_kouhyou_detail_004_kani=true&JigyosyoCd=1174602274-00&ServiceCd=150&Type=search", "url2": "http://windsor-bigben.jp" }, "geometry": { "type": "Point", "coordinates": [ 139.296887300633216, 36.19084915081968 ] } },
{ "type": "Feature", "properties": { "内容": "デイサービスセンタービッグベン【通所介護】埼玉県深谷市武蔵野字流2405-1", "url": "https://www.kaigokensaku.mhlw.go.jp/11/index.php?action_kouhyou_detail_004_kani=true&JigyosyoCd=1174601300-00&ServiceCd=150&Type=search", "url2": "http://windsor-bigben.jp" }, "geometry": { "type": "Point", "coordinates": [ 139.218556090876746, 36.146350358337536 ] } },
{ "type": "Feature", "properties": { "内容": "深谷地域福祉事業所　デイサービスだんらん【通所介護】深谷市原郷691-1", "url": "https://www.kaigokensaku.mhlw.go.jp/11/index.php?action_kouhyou_detail_004_kani=true&JigyosyoCd=1174600344-00&ServiceCd=150&Type=search", "url2": null }, "geometry": { "type": "Point", "coordinates": [ 139.300073200000043, 36.204413 ] } },
{ "type": "Feature", "properties": { "内容": "デイサービスセンタービッグベンハイドパーク【通所介護】埼玉県深谷市武蔵野2416-3", "url": "https://www.kaigokensaku.mhlw.go.jp/11/index.php?action_kouhyou_detail_004_kani=true&JigyosyoCd=1174601714-00&ServiceCd=150&Type=search", "url2": "http://windsor-bigben.jp" }, "geometry": { "type": "Point", "coordinates": [ 139.2160877, 36.1454814 ] } },
{ "type": "Feature", "properties": { "内容": "デイサービス　咲楽【通所介護】埼玉県深谷市高畑203-1", "url": "https://www.kaigokensaku.mhlw.go.jp/11/index.php?action_kouhyou_detail_004_kani=true&JigyosyoCd=1174601433-00&ServiceCd=150&Type=search", "url2": null }, "geometry": { "type": "Point", "coordinates": [ 139.286396299999979, 36.2155783 ] } },
{ "type": "Feature", "properties": { "内容": "福寿園デイサービスセンターおかべ【通所介護】埼玉県深谷市岡部1305-1", "url": "https://www.kaigokensaku.mhlw.go.jp/11/index.php?action_kouhyou_detail_004_kani=true&JigyosyoCd=1174600997-00&ServiceCd=150&Type=search", "url2": "https://hukujuen.jp" }, "geometry": { "type": "Point", "coordinates": [ 139.248104499999954, 36.2034784 ] } },
{ "type": "Feature", "properties": { "内容": "エンゼルデイサービスセンター【通所介護】埼玉県深谷市今泉625番地", "url": "https://www.kaigokensaku.mhlw.go.jp/11/index.php?action_kouhyou_detail_004_kani=true&JigyosyoCd=1174500627-00&ServiceCd=150&Type=search", "url2": "http://www.enzel.jp" }, "geometry": { "type": "Point", "coordinates": [ 139.209497400000032, 36.1846462 ] } },
{ "type": "Feature", "properties": { "内容": "トゥルーハートまごころ【通所介護】埼玉県深谷市西田20番地", "url": "https://www.kaigokensaku.mhlw.go.jp/11/index.php?action_kouhyou_detail_004_kani=true&JigyosyoCd=1174602266-00&ServiceCd=150&Type=search", "url2": "http://magokoro1.web.fc2.com" }, "geometry": { "type": "Point", "coordinates": [ 139.222875499999986, 36.2238016 ] } },
{ "type": "Feature", "properties": { "内容": "ケアホームいろは【通所介護】武蔵野624", "url": "https://www.kaigokensaku.mhlw.go.jp/11/index.php?action_kouhyou_detail_004_kani=true&JigyosyoCd=1174602985-00&ServiceCd=150&Type=search", "url2": null }, "geometry": { "type": "Point", "coordinates": [ 139.5660882, 35.7176916 ] } },
{ "type": "Feature", "properties": { "内容": "深谷市デイサービスセンター清風苑【通所介護】埼玉県深谷市本田４９１４番地３", "url": "https://www.kaigokensaku.mhlw.go.jp/11/index.php?action_kouhyou_detail_004_kani=true&JigyosyoCd=1174500098-00&ServiceCd=150&Type=search", "url2": "https://seifuuen.com/" }, "geometry": { "type": "Point", "coordinates": [ 139.284137, 36.1203555 ] } },
{ "type": "Feature", "properties": { "内容": "桜寿鶴ことぶきデイサービスセンター【通所介護】埼玉県深谷市上柴町東７丁目２２－２５", "url": "https://www.kaigokensaku.mhlw.go.jp/11/index.php?action_kouhyou_detail_004_kani=true&JigyosyoCd=1174602191-00&ServiceCd=150&Type=search", "url2": "https://www.ne.jp/asahi/kotobuki/family/" }, "geometry": { "type": "Point", "coordinates": [ 139.2999853, 36.1733658 ] } },
{ "type": "Feature", "properties": { "内容": "ふれあい深谷デイサービスセンター【通所介護】埼玉県深谷市本郷字北1366-15", "url": "https://www.kaigokensaku.mhlw.go.jp/11/index.php?action_kouhyou_detail_004_kani=true&JigyosyoCd=1174603017-00&ServiceCd=150&Type=search", "url2": "https://hanawa878.co.jp" }, "geometry": { "type": "Point", "coordinates": [ 139.217195579762262, 36.176552605451683 ] } },
{ "type": "Feature", "properties": { "内容": "デイサービスセンター　プランツ【通所介護】埼玉県深谷市後榛沢140－1", "url": "https://www.kaigokensaku.mhlw.go.jp/11/index.php?action_kouhyou_detail_004_kani=true&JigyosyoCd=1174603074-00&ServiceCd=150&Type=search", "url2": null }, "geometry": { "type": "Point", "coordinates": [ 139.202790563501082, 36.201917920569841 ] } },
{ "type": "Feature", "properties": { "内容": "デイサービスセンターこころ【通所介護】埼玉県深谷市国済寺477-1", "url": "https://www.kaigokensaku.mhlw.go.jp/11/index.php?action_kouhyou_detail_004_kani=true&JigyosyoCd=1174602399-00&ServiceCd=150&Type=search", "url2": null }, "geometry": { "type": "Point", "coordinates": [ 139.299585602902198, 36.189649903821127 ] } },
{ "type": "Feature", "properties": { "内容": "株式会社あたたかい手【通所介護】埼玉県深谷市山河573-1", "url": "https://www.kaigokensaku.mhlw.go.jp/11/index.php?action_kouhyou_detail_004_kani=true&JigyosyoCd=1174602795-00&ServiceCd=150&Type=search", "url2": null }, "geometry": { "type": "Point", "coordinates": [ 139.2309359, 36.197049 ] } },
{ "type": "Feature", "properties": { "内容": "デイサービスセンター　ミモレット【通所介護】埼玉県深谷市上柴町東５－３－５ミモレットヒルズ", "url": "https://www.kaigokensaku.mhlw.go.jp/11/index.php?action_kouhyou_detail_004_kani=true&JigyosyoCd=1174601847-00&ServiceCd=150&Type=search", "url2": "www.atatakaite.net/" }, "geometry": { "type": "Point", "coordinates": [ 139.300615599999986, 36.1795236 ] } },
{ "type": "Feature", "properties": { "内容": "デイサービスセンター　エーデルワイス【通所介護】埼玉県深谷市上野台3207－4住宅型有料老人ホーム　エーデルワイス", "url": "https://www.kaigokensaku.mhlw.go.jp/11/index.php?action_kouhyou_detail_004_kani=true&JigyosyoCd=1174602233-00&ServiceCd=150&Type=search", "url2": "atatakaite7685@outlook.jp" }, "geometry": { "type": "Point", "coordinates": [ 139.2705343, 36.1837921 ] } },
{ "type": "Feature", "properties": { "内容": "デイサービスセンターぷれみあむ【通所介護】埼玉県深谷市武蔵野1801番地", "url": "https://www.kaigokensaku.mhlw.go.jp/11/index.php?action_kouhyou_detail_004_kani=true&JigyosyoCd=1174602936-00&ServiceCd=150&Type=search", "url2": "https://premium-dayservice.com" }, "geometry": { "type": "Point", "coordinates": [ 139.215976751305703, 36.134583922404211 ] } },
{ "type": "Feature", "properties": { "内容": "デイサービスセンターえがおの里【通所介護】埼玉県深谷市小前田２７９９－５", "url": "https://www.kaigokensaku.mhlw.go.jp/11/index.php?action_kouhyou_detail_004_kani=true&JigyosyoCd=1174501237-00&ServiceCd=150&Type=search", "url2": "https://zaitakufukushi.com" }, "geometry": { "type": "Point", "coordinates": [ 139.229923500000041, 36.1363163 ] } },
{ "type": "Feature", "properties": { "内容": "デイリゾートＭＯＭＯＹＡオアフ【通所介護】埼玉県深谷市折之口２３４－５", "url": "https://www.kaigokensaku.mhlw.go.jp/11/index.php?action_kouhyou_detail_004_kani=true&JigyosyoCd=1174600526-00&ServiceCd=150&Type=search", "url2": "http://www.momoya-eimi.com/" }, "geometry": { "type": "Point", "coordinates": [ 139.278512500000033, 36.1626611 ] } },
{ "type": "Feature", "properties": { "内容": "デイリハセンターうちリハ　折之口店【通所介護】埼玉県深谷市折之口270-1", "url": "https://www.kaigokensaku.mhlw.go.jp/11/index.php?action_kouhyou_detail_004_kani=true&JigyosyoCd=1174602738-00&ServiceCd=150&Type=search", "url2": "https://waichi.hp.gogo.jp/pc/" }, "geometry": { "type": "Point", "coordinates": [ 139.27920421597733, 36.164679349879151 ] } },
{ "type": "Feature", "properties": { "内容": "通所介護　あかつき【通所介護】埼玉県深谷市東方2737番1", "url": "https://www.kaigokensaku.mhlw.go.jp/11/index.php?action_kouhyou_detail_004_kani=true&JigyosyoCd=1174600229-00&ServiceCd=150&Type=search", "url2": "http://akatsuki.yugenkai.or.jp/" }, "geometry": { "type": "Point", "coordinates": [ 139.324812032893618, 36.191209690139395 ] } },
{ "type": "Feature", "properties": { "内容": "デイサービスセンターふじさわ苑【通所介護】深谷市人見2028-3", "url": "https://www.kaigokensaku.mhlw.go.jp/11/index.php?action_kouhyou_detail_004_kani=true&JigyosyoCd=1174600245-00&ServiceCd=150&Type=search", "url2": "https://www.fujisawaen.jp/" }, "geometry": { "type": "Point", "coordinates": [ 139.263427399999955, 36.1630221 ] } },
{ "type": "Feature", "properties": { "内容": "むさし愛光園デイサービスセンター【通所介護】深谷市大谷241", "url": "https://www.kaigokensaku.mhlw.go.jp/11/index.php?action_kouhyou_detail_004_kani=true&JigyosyoCd=1174600187-00&ServiceCd=150&Type=search", "url2": "https://musashiaikoen-2.jimdosite.com/" }, "geometry": { "type": "Point", "coordinates": [ 139.2556925, 36.1544009 ] } },
{ "type": "Feature", "properties": { "内容": "デイサービスセンターゆりの郷【通所介護】埼玉県深谷市岡222-1", "url": "https://www.kaigokensaku.mhlw.go.jp/11/index.php?action_kouhyou_detail_004_kani=true&JigyosyoCd=1174601425-00&ServiceCd=150&Type=search", "url2": null }, "geometry": { "type": "Point", "coordinates": [ 139.243798, 36.210631 ] } },
{ "type": "Feature", "properties": { "内容": "デイサービスセンターケアリフ深谷【通所介護】埼玉県深谷市柏合951-1", "url": "https://www.kaigokensaku.mhlw.go.jp/11/index.php?action_kouhyou_detail_004_kani=true&JigyosyoCd=1174602928-00&ServiceCd=150&Type=search", "url2": "https://lifeplan-kaigo.jp/" }, "geometry": { "type": "Point", "coordinates": [ 139.257513499999988, 36.181263 ] } },
{ "type": "Feature", "properties": { "内容": "デイサービスさくら苑深谷【通所介護】埼玉県深谷市東方4294-8", "url": "https://www.kaigokensaku.mhlw.go.jp/11/index.php?action_kouhyou_detail_004_kani=true&JigyosyoCd=1174601540-00&ServiceCd=150&Type=search", "url2": null }, "geometry": { "type": "Point", "coordinates": [ 139.315647600000034, 36.1786797 ] } },
{ "type": "Feature", "properties": { "内容": "ハローステーション上柴【通所介護】埼玉県深谷市上柴町東1-16-8", "url": "https://www.kaigokensaku.mhlw.go.jp/11/index.php?action_kouhyou_detail_004_kani=true&JigyosyoCd=1174602837-00&ServiceCd=150&Type=search", "url2": null }, "geometry": { "type": "Point", "coordinates": [ 139.304644200000041, 36.1840122 ] } },
{ "type": "Feature", "properties": { "内容": "デイサービスライムライフ【通所介護】埼玉県深谷市緑ヶ丘11番33号", "url": "https://www.kaigokensaku.mhlw.go.jp/11/index.php?action_kouhyou_detail_004_kani=true&JigyosyoCd=1174602613-00&ServiceCd=150&Type=search", "url2": "https://www.rhymelife.co.jp/" }, "geometry": { "type": "Point", "coordinates": [ 139.290479399999981, 36.186021 ] } },
{ "type": "Feature", "properties": { "内容": "あねとすデイサービストレーニングセンター【通所介護】埼玉県深谷市上野台3180番地1", "url": "https://www.kaigokensaku.mhlw.go.jp/11/index.php?action_kouhyou_detail_004_kani=true&JigyosyoCd=1174602019-00&ServiceCd=150&Type=search", "url2": "https://www.anetosu.jp/" }, "geometry": { "type": "Point", "coordinates": [ 139.27346952513119, 36.188097265784599 ] } },
{ "type": "Feature", "properties": { "内容": "デイサービスセンターcasafirst【通所介護】埼玉県深谷市東大沼３００カーサファースト", "url": "https://www.kaigokensaku.mhlw.go.jp/11/index.php?action_kouhyou_detail_004_kani=true&JigyosyoCd=1174602449-00&ServiceCd=150&Type=search", "url2": null }, "geometry": { "type": "Point", "coordinates": [ 139.281803437438725, 36.200994730963423 ] } },
{ "type": "Feature", "properties": { "内容": "デイサービスセンターcasafirstsur【通所介護】東大沼３０３－３", "url": "https://www.kaigokensaku.mhlw.go.jp/11/index.php?action_kouhyou_detail_004_kani=true&JigyosyoCd=1174602746-00&ServiceCd=150&Type=search", "url2": null }, "geometry": { "type": "Point", "coordinates": [ 139.2816676, 36.2008634 ] } },
{ "type": "Feature", "properties": { "内容": "だいちリハビリテーション研究所【通所介護】埼玉県深谷市岡3320-2", "url": "https://www.kaigokensaku.mhlw.go.jp/11/index.php?action_kouhyou_detail_004_kani=true&JigyosyoCd=1174602704-00&ServiceCd=150&Type=search", "url2": null }, "geometry": { "type": "Point", "coordinates": [ 139.238494, 36.216119500000026 ] } },
{ "type": "Feature", "properties": { "内容": "ツクイ深谷【通所介護】埼玉県深谷市稲荷町1-10-28", "url": "https://www.kaigokensaku.mhlw.go.jp/11/index.php?action_kouhyou_detail_004_kani=true&JigyosyoCd=1174602910-00&ServiceCd=150&Type=search", "url2": "https//www.tsukui.net" }, "geometry": { "type": "Point", "coordinates": [ 139.286538574799323, 36.192636466819295 ] } },
{ "type": "Feature", "properties": { "内容": "ハワイアンビレッヂデイサービス倶楽部【通所介護】埼玉県深谷市東方3705番地2", "url": "https://www.kaigokensaku.mhlw.go.jp/11/index.php?action_kouhyou_detail_004_kani=true&JigyosyoCd=1174602225-00&ServiceCd=150&Type=search", "url2": null }, "geometry": { "type": "Point", "coordinates": [ 139.321361, 36.1772605 ] } },
{ "type": "Feature", "properties": { "内容": "デイサービス　ウェルネステラス深谷【通所介護】埼玉県深谷市人見861", "url": "https://www.kaigokensaku.mhlw.go.jp/11/index.php?action_kouhyou_detail_004_kani=true&JigyosyoCd=1174602183-00&ServiceCd=150&Type=search", "url2": "https://www.wellness-terrace.co.jp/" }, "geometry": { "type": "Point", "coordinates": [ 139.2680441, 36.1581838 ] } },
{ "type": "Feature", "properties": { "内容": "デイサービス　ひびき【通所介護】埼玉県深谷市長在家３９７６", "url": "https://www.kaigokensaku.mhlw.go.jp/11/index.php?action_kouhyou_detail_004_kani=true&JigyosyoCd=1174601201-00&ServiceCd=150&Type=search", "url2": "http://hibiki-r.com/" }, "geometry": { "type": "Point", "coordinates": [ 139.288795700000037, 36.1541982 ] } },
{ "type": "Feature", "properties": { "内容": "デイサービスセンターみんなの里【通所介護】埼玉県深谷市瀬山629番地2", "url": "https://www.kaigokensaku.mhlw.go.jp/11/index.php?action_kouhyou_detail_004_kani=true&JigyosyoCd=1174600930-00&ServiceCd=150&Type=search", "url2": "http://minna.chiharuya.com/" }, "geometry": { "type": "Point", "coordinates": [ 139.314034157672154, 36.147100168760815 ] } },
{ "type": "Feature", "properties": { "内容": "デイサービスセンターかぐや姫【通所介護】深谷市小前田2670-1", "url": "https://www.kaigokensaku.mhlw.go.jp/11/index.php?action_kouhyou_detail_004_kani=true&JigyosyoCd=1174600906-00&ServiceCd=150&Type=search", "url2": "http://flowervilla.or.jp/" }, "geometry": { "type": "Point", "coordinates": [ 139.217478445368897, 36.134097900741111 ] } },
{ "type": "Feature", "properties": { "内容": "コンパスウォーク深谷【通所介護】埼玉県深谷市上野台3395-2", "url": "https://www.kaigokensaku.mhlw.go.jp/11/index.php?action_kouhyou_detail_004_kani=true&JigyosyoCd=1174602639-00&ServiceCd=150&Type=search", "url2": "http://www.compass-japan.net/" }, "geometry": { "type": "Point", "coordinates": [ 139.271441, 36.1891285 ] } },
{ "type": "Feature", "properties": { "内容": "なでしこデイサービスセンター岡部【通所介護】埼玉県深谷市岡3322番地1", "url": "https://www.kaigokensaku.mhlw.go.jp/11/index.php?action_kouhyou_detail_004_kani=true&JigyosyoCd=1174501195-00&ServiceCd=150&Type=search", "url2": "www.h-nadeshiko.com" }, "geometry": { "type": "Point", "coordinates": [ 139.238785399999983, 36.21638 ] } },
{ "type": "Feature", "properties": { "内容": "ケアステーションあさひ深谷第弐【通所介護】埼玉県深谷市国済寺字西曲輪602-1", "url": "https://www.kaigokensaku.mhlw.go.jp/11/index.php?action_kouhyou_detail_004_kani=true&JigyosyoCd=1174601409-00&ServiceCd=150&Type=search", "url2": "http://www.vati.co.jp/" }, "geometry": { "type": "Point", "coordinates": [ 139.300626299999976, 36.1931307 ] } },
{ "type": "Feature", "properties": { "内容": "西島デイサービスセンターのぞみ館【通所介護】埼玉県深谷市西島81番地グレイスコート", "url": "https://www.kaigokensaku.mhlw.go.jp/11/index.php?action_kouhyou_detail_004_kani=true&JigyosyoCd=1174600476-00&ServiceCd=150&Type=search", "url2": "https://www.nozomikai.jp" }, "geometry": { "type": "Point", "coordinates": [ 139.286610500000052, 36.2055264 ] } },
{ "type": "Feature", "properties": { "内容": "止揚の杜デイサービスセンター【通所介護】埼玉県深谷市岡336番地1止揚の杜", "url": "https://www.kaigokensaku.mhlw.go.jp/11/index.php?action_kouhyou_detail_004_kani=true&JigyosyoCd=1174601508-00&ServiceCd=150&Type=search", "url2": "https://www.nozomikai.jp" }, "geometry": { "type": "Point", "coordinates": [ 139.241056174760416, 36.215957164796237 ] } },
{ "type": "Feature", "properties": { "内容": "針ヶ谷デイサービスセンターのぞみ館【通所介護】深谷市針ヶ谷８０６番地５", "url": "https://www.kaigokensaku.mhlw.go.jp/11/index.php?action_kouhyou_detail_004_kani=true&JigyosyoCd=1174601250-00&ServiceCd=150&Type=search", "url2": "https://www.nozomikai.jp/jutaku/euodia1.html#04" }, "geometry": { "type": "Point", "coordinates": [ 139.225603699999965, 36.1835664 ] } },
{ "type": "Feature", "properties": { "内容": "ゆうらくデイサービスセンターのぞみ館【通所介護】埼玉県深谷市上原547", "url": "https://www.kaigokensaku.mhlw.go.jp/11/index.php?action_kouhyou_detail_004_kani=true&JigyosyoCd=1174603025-00&ServiceCd=150&Type=search", "url2": "https://nozomikai.jp" }, "geometry": { "type": "Point", "coordinates": [ 139.2734204, 36.1529195 ] } },
{ "type": "Feature", "properties": { "内容": "デイサービス　ル　リアン【通所介護】埼玉県深谷市新戒1252番地1", "url": "https://www.kaigokensaku.mhlw.go.jp/11/index.php?action_kouhyou_detail_004_kani=true&JigyosyoCd=1174602563-00&ServiceCd=150&Type=search", "url2": "https://lelien-fukaya.com/" }, "geometry": { "type": "Point", "coordinates": [ 139.283370391401633, 36.229363190506362 ] } },
{ "type": "Feature", "properties": { "内容": "デイサービスセンター野の花【通所介護】埼玉県深谷市東方１３０２番地１", "url": "https://www.kaigokensaku.mhlw.go.jp/11/index.php?action_kouhyou_detail_004_kani=true&JigyosyoCd=1174601029-00&ServiceCd=150&Type=search", "url2": null }, "geometry": { "type": "Point", "coordinates": [ 139.3181356, 36.2024082 ] } },
{ "type": "Feature", "properties": { "内容": "ケアステーションハートフレンド【通所介護】埼玉県深谷市東方町2-15-5ハートフレンド", "url": "https://www.kaigokensaku.mhlw.go.jp/11/index.php?action_kouhyou_detail_004_kani=true&JigyosyoCd=1174602761-00&ServiceCd=150&Type=search", "url2": "http://3810.co.jp/smile" }, "geometry": { "type": "Point", "coordinates": [ 139.315005, 36.189201 ] } },
{ "type": "Feature", "properties": { "内容": "デイサービスどんぐり【通所介護】2560-6", "url": "https://www.kaigokensaku.mhlw.go.jp/11/index.php?action_kouhyou_detail_004_kani=true&JigyosyoCd=1174602472-00&ServiceCd=150&Type=search", "url2": null }, "geometry": { "type": "Point", "coordinates": [ 139.2822, 36.192604 ] } },
{ "type": "Feature", "properties": { "内容": "ケアステーション虹色【通所介護】埼玉県深谷市東方町4－1－1ケアステーション虹色", "url": "https://www.kaigokensaku.mhlw.go.jp/11/index.php?action_kouhyou_detail_004_kani=true&JigyosyoCd=1174603165-00&ServiceCd=150&Type=search", "url2": "https://3810.co.jp/smile/index.html" }, "geometry": { "type": "Point", "coordinates": [ 139.581479300000012, 35.5268681 ] } },
{ "type": "Feature", "properties": { "内容": "デイサービス喜楽里【通所介護】埼玉県深谷市折之口７０２", "url": "https://www.kaigokensaku.mhlw.go.jp/11/index.php?action_kouhyou_detail_004_kani=true&JigyosyoCd=1174602415-00&ServiceCd=150&Type=search", "url2": null }, "geometry": { "type": "Point", "coordinates": [ -8.24389, 53.41291 ] } },
{ "type": "Feature", "properties": { "内容": "大谷デイサービスセンターのぞみ館【通所介護】大谷2369番地1", "url": "https://www.kaigokensaku.mhlw.go.jp/11/index.php?action_kouhyou_detail_004_kani=true&JigyosyoCd=1174602803-00&ServiceCd=150&Type=search", "url2": "https://www.nozomikai.jp" }, "geometry": { "type": "Point", "coordinates": [ 139.245143399999989, 36.1616858 ] } },
{ "type": "Feature", "properties": { "内容": "デイサービスセンタービッグベン岡部【通所介護】埼玉県深谷市岡2548-2", "url": "https://www.kaigokensaku.mhlw.go.jp/11/index.php?action_kouhyou_detail_004_kani=true&JigyosyoCd=1174601854-00&ServiceCd=150&Type=search", "url2": "http://windsor-bigben.jp" }, "geometry": { "type": "Point", "coordinates": [ 139.2347608, 36.2073364 ] } },
{ "type": "Feature", "properties": { "内容": "デイサービスセンター　花園【通所介護】深谷市永田　1447-2", "url": "https://www.kaigokensaku.mhlw.go.jp/11/index.php?action_kouhyou_detail_004_kani=true&JigyosyoCd=1174500536-00&ServiceCd=150&Type=search", "url2": "https://nagashima-kaigo.com/" }, "geometry": { "type": "Point", "coordinates": [ 139.257316299999957, 36.1351894 ] } },
{ "type": "Feature", "properties": { "内容": "デイサービスセンターはなえみ【通所介護】埼玉県深谷市小前田１３４４番地１", "url": "https://www.kaigokensaku.mhlw.go.jp/11/index.php?action_kouhyou_detail_004_kani=true&JigyosyoCd=1174602647-00&ServiceCd=150&Type=search", "url2": "https://www.innocent-world.com" }, "geometry": { "type": "Point", "coordinates": [ 139.2251923, 36.1275973 ] } },
{ "type": "Feature", "properties": { "内容": "ディバシティ深谷【通所介護】埼玉県深谷市宿根1441-3", "url": "https://www.kaigokensaku.mhlw.go.jp/11/index.php?action_kouhyou_detail_004_kani=true&JigyosyoCd=1174602407-00&ServiceCd=150&Type=search", "url2": "https://azisaicc.co.jp/" }, "geometry": { "type": "Point", "coordinates": [ 139.260834100000011, 36.1964355 ] } },
{ "type": "Feature", "properties": { "内容": "ソレイユ照照【通所介護】埼玉県深谷市原郷４２８－２", "url": "https://www.kaigokensaku.mhlw.go.jp/11/index.php?action_kouhyou_detail_004_kani=true&JigyosyoCd=1174602423-00&ServiceCd=150&Type=search", "url2": "http://www.shomezon.jp" }, "geometry": { "type": "Point", "coordinates": [ 139.294266711639466, 36.201043671185403 ] } },
{ "type": "Feature", "properties": { "内容": "ケアステーションあさひ深谷【通所介護】埼玉県深谷市宿根1499-3", "url": "https://www.kaigokensaku.mhlw.go.jp/11/index.php?action_kouhyou_detail_004_kani=true&JigyosyoCd=1174600765-00&ServiceCd=150&Type=search", "url2": "http://www.vati.co.jp/" }, "geometry": { "type": "Point", "coordinates": [ 139.258367899999939, 36.1982847 ] } },
{ "type": "Feature", "properties": { "内容": "フィットネス.Aoi【通所介護】埼玉県上尾市中妻5丁目11番地２ライフサイエンスセンター内", "url": "https://www.kaigokensaku.mhlw.go.jp/11/index.php?action_kouhyou_detail_004_kani=true&JigyosyoCd=1171603143-00&ServiceCd=150&Type=search", "url2": null }, "geometry": { "type": "Point", "coordinates": [ 139.5669704, 35.9880005 ] } },
{ "type": "Feature", "properties": { "内容": "デイサービスセンター恵和園【通所介護】埼玉県上尾市大字領家３７１－１", "url": "https://www.kaigokensaku.mhlw.go.jp/11/index.php?action_kouhyou_detail_004_kani=true&JigyosyoCd=1171601014-00&ServiceCd=150&Type=search", "url2": "http://keiwaen.jp/" }, "geometry": { "type": "Point", "coordinates": [ 139.538302, 35.968098 ] } },
{ "type": "Feature", "properties": { "内容": "あげお共生の家【通所介護】埼玉県上尾市瓦葺1965-1あげお共生の家", "url": "https://www.kaigokensaku.mhlw.go.jp/11/index.php?action_kouhyou_detail_004_kani=true&JigyosyoCd=1171602558-00&ServiceCd=150&Type=search", "url2": "http://kouaika.jp" }, "geometry": { "type": "Point", "coordinates": [ 139.641188100000022, 35.9550055 ] } },
{ "type": "Feature", "properties": { "内容": "上尾ケアセンターそよ風【通所介護】埼玉県上尾市上尾村1167-1", "url": "https://www.kaigokensaku.mhlw.go.jp/11/index.php?action_kouhyou_detail_004_kani=true&JigyosyoCd=1171601519-00&ServiceCd=150&Type=search", "url2": "http://www.unimat-soyokaze.co.jp" }, "geometry": { "type": "Point", "coordinates": [ 139.5952244, 35.9834883 ] } },
{ "type": "Feature", "properties": { "内容": "デイサービスセンター向山【通所介護】埼玉県上尾市向山一丁目１４番地７", "url": "https://www.kaigokensaku.mhlw.go.jp/11/index.php?action_kouhyou_detail_004_kani=true&JigyosyoCd=1171600941-00&ServiceCd=150&Type=search", "url2": "http://anshinkai-gr.jp/chikushikai/dayservicemukoyama" }, "geometry": { "type": "Point", "coordinates": [ 139.58479796137695, 35.960838562669032 ] } },
{ "type": "Feature", "properties": { "内容": "ケアパートナー上尾【通所介護】埼玉県上尾市上５４７－２", "url": "https://www.kaigokensaku.mhlw.go.jp/11/index.php?action_kouhyou_detail_004_kani=true&JigyosyoCd=1171601162-00&ServiceCd=150&Type=search", "url2": "http://www.care-partner.com/" }, "geometry": { "type": "Point", "coordinates": [ 139.577733599999988, 35.9990032 ] } },
{ "type": "Feature", "properties": { "内容": "デイサービスラスベガス上尾【通所介護】瓦葺１１５９－３", "url": "https://www.kaigokensaku.mhlw.go.jp/11/index.php?action_kouhyou_detail_004_kani=true&JigyosyoCd=1171602210-00&ServiceCd=150&Type=search", "url2": "lasvegas1@arena-wold.co.jp" }, "geometry": { "type": "Point", "coordinates": [ 139.632955199999969, 35.9666781 ] } },
{ "type": "Feature", "properties": { "内容": "通所介護事業所　葺きの里【通所介護】上尾市大字瓦葺2143番2", "url": "https://www.kaigokensaku.mhlw.go.jp/11/index.php?action_kouhyou_detail_004_kani=true&JigyosyoCd=1171600149-00&ServiceCd=150&Type=search", "url2": "http://www.fukinosato.org/" }, "geometry": { "type": "Point", "coordinates": [ 139.648173499999984, 35.9571917 ] } },
{ "type": "Feature", "properties": { "内容": "かがやきデイサービス上尾二ツ宮【通所介護】埼玉県上尾市二ツ宮937番４かがやきデイサービス上尾二ツ宮", "url": "https://www.kaigokensaku.mhlw.go.jp/11/index.php?action_kouhyou_detail_004_kani=true&JigyosyoCd=1171602194-00&ServiceCd=150&Type=search", "url2": "http//:www.ymmd.co.jp" }, "geometry": { "type": "Point", "coordinates": [ 139.6035293, 35.9815638 ] } },
{ "type": "Feature", "properties": { "内容": "デイサービス　あけぼの【通所介護】埼玉県上尾市大字上野567番地", "url": "https://www.kaigokensaku.mhlw.go.jp/11/index.php?action_kouhyou_detail_004_kani=true&JigyosyoCd=1171600099-00&ServiceCd=150&Type=search", "url2": "http://www.s-akebono.or.jp" }, "geometry": { "type": "Point", "coordinates": [ 139.5620755, 35.9424608 ] } },
{ "type": "Feature", "properties": { "内容": "オカダの学校　上尾校【通所介護】大谷本郷642-1", "url": "https://www.kaigokensaku.mhlw.go.jp/11/index.php?action_kouhyou_detail_004_kani=true&JigyosyoCd=1171602947-00&ServiceCd=150&Type=search", "url2": "http://www.kaigo-okadanogakkou.com/" }, "geometry": { "type": "Point", "coordinates": [ 139.582337, 35.9577051 ] } },
{ "type": "Feature", "properties": { "内容": "リハビリデイ上尾ひまわり【通所介護】埼玉県上尾市小泉六丁目33番地１メディカルケア上尾ひまわり", "url": "https://www.kaigokensaku.mhlw.go.jp/11/index.php?action_kouhyou_detail_004_kani=true&JigyosyoCd=1171601238-00&ServiceCd=150&Type=search", "url2": "http://ひまわりケアサポート.com/" }, "geometry": { "type": "Point", "coordinates": [ 139.564238378768437, 35.972633959159403 ] } },
{ "type": "Feature", "properties": { "内容": "リハビリデイサービスフルール上尾【通所介護】埼玉県上尾市今泉三丁目5番地7フルール上尾", "url": "https://www.kaigokensaku.mhlw.go.jp/11/index.php?action_kouhyou_detail_004_kani=true&JigyosyoCd=1171602525-00&ServiceCd=150&Type=search", "url2": "http://fleur-ageo.jp/" }, "geometry": { "type": "Point", "coordinates": [ 139.575738099999967, 35.9634016 ] } },
{ "type": "Feature", "properties": { "内容": "通所介護事業所　新生ホーム【通所介護】埼玉県上尾市大字平方領々家213-1", "url": "https://www.kaigokensaku.mhlw.go.jp/11/index.php?action_kouhyou_detail_004_kani=true&JigyosyoCd=1171600164-00&ServiceCd=150&Type=search", "url2": "http://www.shinsei-home.or.jp/" }, "geometry": { "type": "Point", "coordinates": [ 139.570905499999981, 35.9466072 ] } },
{ "type": "Feature", "properties": { "内容": "ふじなみデイサービスセンター【通所介護】埼玉県上尾市藤波3-266-1", "url": "https://www.kaigokensaku.mhlw.go.jp/11/index.php?action_kouhyou_detail_004_kani=true&JigyosyoCd=1171601972-00&ServiceCd=150&Type=search", "url2": "http://www.elusa-ageo.jp" }, "geometry": { "type": "Point", "coordinates": [ 139.549011800000017, 35.990911700000034 ] } },
{ "type": "Feature", "properties": { "内容": "しののめデイサービスセンター【通所介護】埼玉県上尾市大字平塚字大砂２１４１", "url": "https://www.kaigokensaku.mhlw.go.jp/11/index.php?action_kouhyou_detail_004_kani=true&JigyosyoCd=1171600438-00&ServiceCd=150&Type=search", "url2": "http://sinonomekaigo.com" }, "geometry": { "type": "Point", "coordinates": [ 139.593205500000067, 35.9773805 ] } },
{ "type": "Feature", "properties": { "内容": "デイサービスセンター夢咲良【通所介護】埼玉県上尾市泉台3-21-3", "url": "https://www.kaigokensaku.mhlw.go.jp/11/index.php?action_kouhyou_detail_004_kani=true&JigyosyoCd=1171602475-00&ServiceCd=150&Type=search", "url2": "https://joinus-i.com/" }, "geometry": { "type": "Point", "coordinates": [ 139.55230610000001, 35.9910146 ] } },
{ "type": "Feature", "properties": { "内容": "指定通所介護事業所　上尾くるみ【通所介護】埼玉県上尾市緑丘３－６－１９", "url": "https://www.kaigokensaku.mhlw.go.jp/11/index.php?action_kouhyou_detail_004_kani=true&JigyosyoCd=1171600867-00&ServiceCd=150&Type=search", "url2": "http://www.hakushinkai.jp/" }, "geometry": { "type": "Point", "coordinates": [ 139.582287044813484, 35.98760037176929 ] } },
{ "type": "Feature", "properties": { "内容": "医療法人　博シン会　デイリハくるみ【通所介護】埼玉県上尾市上野1159-1", "url": "https://www.kaigokensaku.mhlw.go.jp/11/index.php?action_kouhyou_detail_004_kani=true&JigyosyoCd=1171601253-00&ServiceCd=150&Type=search", "url2": "http://www.yuzawaiin.com" }, "geometry": { "type": "Point", "coordinates": [ 139.558002426428146, 35.937632505682934 ] } },
{ "type": "Feature", "properties": { "内容": "リハビリデイサービス　アクティ【通所介護】埼玉県上尾市中分１－２１－２", "url": "https://www.kaigokensaku.mhlw.go.jp/11/index.php?action_kouhyou_detail_004_kani=true&JigyosyoCd=1171602657-00&ServiceCd=150&Type=search", "url2": "http://www.acty-dayreha.jp" }, "geometry": { "type": "Point", "coordinates": [ 139.559956100000022, 35.9710782 ] } },
{ "type": "Feature", "properties": { "内容": "みんないっしょの一歩【通所介護】埼玉県上尾市中妻４－１－１１", "url": "https://www.kaigokensaku.mhlw.go.jp/11/index.php?action_kouhyou_detail_004_kani=true&JigyosyoCd=1171602350-00&ServiceCd=150&Type=search", "url2": "http://reha-ippo.net/minnaissho/" }, "geometry": { "type": "Point", "coordinates": [ 139.5675675, 35.9815205 ] } },
{ "type": "Feature", "properties": { "内容": "デイサービスセンター　パストーン浅間台【通所介護】埼玉県上尾市浅間台２－１７－１", "url": "https://www.kaigokensaku.mhlw.go.jp/11/index.php?action_kouhyou_detail_004_kani=true&JigyosyoCd=1171600610-00&ServiceCd=150&Type=search", "url2": "https://bweb.pep.ne.jp/passetemps/" }, "geometry": { "type": "Point", "coordinates": [ 139.574354299999982, 35.9797384 ] } },
{ "type": "Feature", "properties": { "内容": "リプラスデイサービス上尾【通所介護】埼玉県上尾市本町6丁目12番19号", "url": "https://www.kaigokensaku.mhlw.go.jp/11/index.php?action_kouhyou_detail_004_kani=true&JigyosyoCd=1171603093-00&ServiceCd=150&Type=search", "url2": "https://www.saint-care.com/replus/" }, "geometry": { "type": "Point", "coordinates": [ 139.5923085, 35.985205 ] } },
{ "type": "Feature", "properties": { "内容": "ツクイ　上尾原市【通所介護】埼玉県上尾市原市３３３６原市団地4-19-105", "url": "https://www.kaigokensaku.mhlw.go.jp/11/index.php?action_kouhyou_detail_004_kani=true&JigyosyoCd=1171600727-00&ServiceCd=150&Type=search", "url2": "http://www.tsukui.net/home-care/2194/" }, "geometry": { "type": "Point", "coordinates": [ 139.631085900000016, 35.9653281 ] } },
{ "type": "Feature", "properties": { "内容": "リハビリホーム一歩【通所介護】埼玉県上尾市上尾下859-1", "url": "https://www.kaigokensaku.mhlw.go.jp/11/index.php?action_kouhyou_detail_004_kani=true&JigyosyoCd=1171601618-00&ServiceCd=150&Type=search", "url2": "http://www.reha-ippo.net" }, "geometry": { "type": "Point", "coordinates": [ 139.609344306915006, 35.972520306458392 ] } },
{ "type": "Feature", "properties": { "内容": "幸せな鍵しっぽ【通所介護】埼玉県上尾市春日一丁目47番5号サンシティ山田ビル1階101号", "url": "https://www.kaigokensaku.mhlw.go.jp/11/index.php?action_kouhyou_detail_004_kani=true&JigyosyoCd=1171602749-00&ServiceCd=150&Type=search", "url2": null }, "geometry": { "type": "Point", "coordinates": [ 139.580120599999987, 35.977945200000015 ] } },
{ "type": "Feature", "properties": { "内容": "ソフトリハフルール【通所介護】埼玉県上尾市川二丁目4-2", "url": "https://www.kaigokensaku.mhlw.go.jp/11/index.php?action_kouhyou_detail_004_kani=true&JigyosyoCd=1171602814-00&ServiceCd=150&Type=search", "url2": "http://fleur-ageo.jp/soft-reha/" }, "geometry": { "type": "Point", "coordinates": [ 139.578832, 35.9657422 ] } },
{ "type": "Feature", "properties": { "内容": "あけぼしデイ＆リハ【通所介護】埼玉県上尾市原市4352", "url": "https://www.kaigokensaku.mhlw.go.jp/11/index.php?action_kouhyou_detail_004_kani=true&JigyosyoCd=1171602384-00&ServiceCd=150&Type=search", "url2": "https://grateful-kaigo.com/" }, "geometry": { "type": "Point", "coordinates": [ 139.632069683744817, 35.955467398590045 ] } },
{ "type": "Feature", "properties": { "内容": "健康サポートげんきプレミアムケア上尾原市【通所介護】埼玉県上尾市原市998-1", "url": "https://www.kaigokensaku.mhlw.go.jp/11/index.php?action_kouhyou_detail_004_kani=true&JigyosyoCd=1171602582-00&ServiceCd=150&Type=search", "url2": "https://kaigo-next.com/search/detail/9001/" }, "geometry": { "type": "Point", "coordinates": [ 139.61554110000003, 35.972290199999989 ] } },
{ "type": "Feature", "properties": { "内容": "リハビリＤＯ【通所介護】上尾市大字平塚1061番地9", "url": "https://www.kaigokensaku.mhlw.go.jp/11/index.php?action_kouhyou_detail_004_kani=true&JigyosyoCd=1171602434-00&ServiceCd=150&Type=search", "url2": null }, "geometry": { "type": "Point", "coordinates": [ 139.6134257, 35.9846357 ] } },
{ "type": "Feature", "properties": { "内容": "ツクイ上尾大久保【通所介護】埼玉県上尾市上1072-3", "url": "https://www.kaigokensaku.mhlw.go.jp/11/index.php?action_kouhyou_detail_004_kani=true&JigyosyoCd=1171600818-00&ServiceCd=150&Type=search", "url2": "ツクイ" }, "geometry": { "type": "Point", "coordinates": [ 139.576041600000053, 36.0087661 ] } },
{ "type": "Feature", "properties": { "内容": "リハガーデン【通所介護】埼玉県上尾市愛宕二丁目６番１０号", "url": "https://www.kaigokensaku.mhlw.go.jp/11/index.php?action_kouhyou_detail_004_kani=true&JigyosyoCd=1171602483-00&ServiceCd=150&Type=search", "url2": null }, "geometry": { "type": "Point", "coordinates": [ 139.597877700000026, 35.9691093 ] } },
{ "type": "Feature", "properties": { "内容": "あずみ苑上尾【通所介護】埼玉県上尾市大字上野221-9", "url": "https://www.kaigokensaku.mhlw.go.jp/11/index.php?action_kouhyou_detail_004_kani=true&JigyosyoCd=1171601089-00&ServiceCd=150&Type=search", "url2": "https://www.azumien.jp/search/ageo/" }, "geometry": { "type": "Point", "coordinates": [ 139.5613437, 35.9488106 ] } },
{ "type": "Feature", "properties": { "内容": "日々トレ　はると　上尾本町【通所介護】上尾市本町2-13-8　根貝戸団地1F", "url": "https://www.kaigokensaku.mhlw.go.jp/11/index.php?action_kouhyou_detail_004_kani=true&JigyosyoCd=1171601733-00&ServiceCd=150&Type=search", "url2": "http://www.arrow-net.com" }, "geometry": { "type": "Point", "coordinates": [ 139.598511845518033, 35.977739447445238 ] } },
{ "type": "Feature", "properties": { "内容": "日々トレはると小敷谷【通所介護】埼玉県上尾市小敷谷696-1アティス1Ｆアティス1Ｆ", "url": "https://www.kaigokensaku.mhlw.go.jp/11/index.php?action_kouhyou_detail_004_kani=true&JigyosyoCd=1171602301-00&ServiceCd=150&Type=search", "url2": null }, "geometry": { "type": "Point", "coordinates": [ 139.56464230000006, 35.9569806 ] } },
{ "type": "Feature", "properties": { "内容": "リハプライド草加稲荷【通所介護】埼玉県草加市稲荷5-1-31穂積ビル1F", "url": "https://www.kaigokensaku.mhlw.go.jp/11/index.php?action_kouhyou_detail_004_kani=true&JigyosyoCd=1171803529-00&ServiceCd=150&Type=search", "url2": "https://rehapride.co.jp/sokainari/" }, "geometry": { "type": "Point", "coordinates": [ 139.8213848, 35.836802 ] } },
{ "type": "Feature", "properties": { "内容": "デイサービスセンターてしろ【通所介護】埼玉県草加市手代２－１２－１１", "url": "https://www.kaigokensaku.mhlw.go.jp/11/index.php?action_kouhyou_detail_004_kani=true&JigyosyoCd=1171801234-00&ServiceCd=150&Type=search", "url2": "http://www.shinko-kai.or.jp" }, "geometry": { "type": "Point", "coordinates": [ 139.814618200000041, 35.8225386 ] } },
{ "type": "Feature", "properties": { "内容": "ニチイケアセンター　草加稲荷【通所介護】埼玉県草加市稲荷4-4-36", "url": "https://www.kaigokensaku.mhlw.go.jp/11/index.php?action_kouhyou_detail_004_kani=true&JigyosyoCd=1171800244-00&ServiceCd=150&Type=search", "url2": "http://www.nichiigakkan.co.jp" }, "geometry": { "type": "Point", "coordinates": [ 139.823683699999947, 35.8332538 ] } },
{ "type": "Feature", "properties": { "内容": "デイサービスラスベガス草加【通所介護】埼玉県草加市高砂１－１２－４３グランデール青木１Ｆ", "url": "https://www.kaigokensaku.mhlw.go.jp/11/index.php?action_kouhyou_detail_004_kani=true&JigyosyoCd=1171802513-00&ServiceCd=150&Type=search", "url2": null }, "geometry": { "type": "Point", "coordinates": [ 139.803962082803309, 35.824856363914769 ] } },
{ "type": "Feature", "properties": { "内容": "草加ケアセンターそよ風【通所介護】草加市新栄3-11-3", "url": "https://www.kaigokensaku.mhlw.go.jp/11/index.php?action_kouhyou_detail_004_kani=true&JigyosyoCd=1171801762-00&ServiceCd=150&Type=search", "url2": "http://www.sykz.co.jp" }, "geometry": { "type": "Point", "coordinates": [ 139.766557499999976, 35.8593427 ] } },
{ "type": "Feature", "properties": { "内容": "きたえるーむ草加松原【通所介護】埼玉県草加市花栗四丁目14-24", "url": "https://www.kaigokensaku.mhlw.go.jp/11/index.php?action_kouhyou_detail_004_kani=true&JigyosyoCd=1171803289-00&ServiceCd=150&Type=search", "url2": "https://kitaeroom.com/shop/post-57.shtml" }, "geometry": { "type": "Point", "coordinates": [ 139.7921887, 35.8402539 ] } },
{ "type": "Feature", "properties": { "内容": "すっきりリハビリデイサービス【通所介護】埼玉県草加市氷川町2113-2", "url": "https://www.kaigokensaku.mhlw.go.jp/11/index.php?action_kouhyou_detail_004_kani=true&JigyosyoCd=1171801960-00&ServiceCd=150&Type=search", "url2": "https://oasis-care.site/" }, "geometry": { "type": "Point", "coordinates": [ 139.799520900000061, 35.82732080000001 ] } },
{ "type": "Feature", "properties": { "内容": "デイサービスセンター　フェリス【通所介護】埼玉県草加市長栄二丁目１番地８", "url": "https://www.kaigokensaku.mhlw.go.jp/11/index.php?action_kouhyou_detail_004_kani=true&JigyosyoCd=1171801382-00&ServiceCd=150&Type=search", "url2": "http://camellia-kai.com" }, "geometry": { "type": "Point", "coordinates": [ 139.782457745954844, 35.855147271718096 ] } },
{ "type": "Feature", "properties": { "内容": "癒しのデイサービス草加安行【通所介護】草加市原町3-14-38", "url": "https://www.kaigokensaku.mhlw.go.jp/11/index.php?action_kouhyou_detail_004_kani=true&JigyosyoCd=1171801663-00&ServiceCd=150&Type=search", "url2": "http://www.riei.co.jp/communicare/sisetu/souka/index.html" }, "geometry": { "type": "Point", "coordinates": [ 139.774404299999986, 35.851122 ] } },
{ "type": "Feature", "properties": { "内容": "ケアパートナー草加【通所介護】埼玉県草加市長栄1-791-1", "url": "https://www.kaigokensaku.mhlw.go.jp/11/index.php?action_kouhyou_detail_004_kani=true&JigyosyoCd=1171801101-00&ServiceCd=150&Type=search", "url2": "http://www.care-partner.com/" }, "geometry": { "type": "Point", "coordinates": [ 139.784619799999973, 35.8567941 ] } },
{ "type": "Feature", "properties": { "内容": "通所介護事業所　草加キングス・ガーデン【通所介護】埼玉県草加市遊馬町185番地", "url": "https://www.kaigokensaku.mhlw.go.jp/11/index.php?action_kouhyou_detail_004_kani=true&JigyosyoCd=1171800574-00&ServiceCd=150&Type=search", "url2": "http://www.jcn-knt.jp/~sokakg/" }, "geometry": { "type": "Point", "coordinates": [ 139.776566199999934, 35.8174356 ] } },
{ "type": "Feature", "properties": { "内容": "ツクイ草加八幡【通所介護】埼玉県草加市八幡町１３４２－１", "url": "https://www.kaigokensaku.mhlw.go.jp/11/index.php?action_kouhyou_detail_004_kani=true&JigyosyoCd=1171803255-00&ServiceCd=150&Type=search", "url2": null }, "geometry": { "type": "Point", "coordinates": [ 139.8100404, 35.8530032 ] } },
{ "type": "Feature", "properties": { "内容": "ケアサポートそうか【通所介護】草加市瀬崎3-28-5", "url": "https://www.kaigokensaku.mhlw.go.jp/11/index.php?action_kouhyou_detail_004_kani=true&JigyosyoCd=1171801184-00&ServiceCd=150&Type=search", "url2": "http://www.care-support.biz" }, "geometry": { "type": "Point", "coordinates": [ 139.804989403010495, 35.812066337900745 ] } },
{ "type": "Feature", "properties": { "内容": "ツクイ　草加原町【通所介護】埼玉県草加市原町2-4-3", "url": "https://www.kaigokensaku.mhlw.go.jp/11/index.php?action_kouhyou_detail_004_kani=true&JigyosyoCd=1171803164-00&ServiceCd=150&Type=search", "url2": "https：//www.tsukui.net" }, "geometry": { "type": "Point", "coordinates": [ 139.776264700000013, 35.8477736 ] } },
{ "type": "Feature", "properties": { "内容": "デイサービスセンターあおやぎ【通所介護】埼玉県草加市青柳8-52-34", "url": "https://www.kaigokensaku.mhlw.go.jp/11/index.php?action_kouhyou_detail_004_kani=true&JigyosyoCd=1171800137-00&ServiceCd=150&Type=search", "url2": "http://www.shinko-kai.or.jp" }, "geometry": { "type": "Point", "coordinates": [ 139.81859170000007, 35.8606997 ] } },
{ "type": "Feature", "properties": { "内容": "デイサービス　さわやかたすけあい草加【通所介護】埼玉県草加市谷塚町828-12", "url": "https://www.kaigokensaku.mhlw.go.jp/11/index.php?action_kouhyou_detail_004_kani=true&JigyosyoCd=1171803412-00&ServiceCd=150&Type=search", "url2": null }, "geometry": { "type": "Point", "coordinates": [ 139.8003366, 35.8168649 ] } },
{ "type": "Feature", "properties": { "内容": "柳島リハビリセンター【通所介護】草加市柳島町１", "url": "https://www.kaigokensaku.mhlw.go.jp/11/index.php?action_kouhyou_detail_004_kani=true&JigyosyoCd=1171801770-00&ServiceCd=150&Type=search", "url2": "https://myreha.jp/" }, "geometry": { "type": "Point", "coordinates": [ 139.787312499999985, 35.8165392 ] } },
{ "type": "Feature", "properties": { "内容": "デイサービスセンター　アートフェリス【通所介護】埼玉県草加市松原一丁目８番１５号", "url": "https://www.kaigokensaku.mhlw.go.jp/11/index.php?action_kouhyou_detail_004_kani=true&JigyosyoCd=1171802299-00&ServiceCd=150&Type=search", "url2": "https://camellia-kai.com/" }, "geometry": { "type": "Point", "coordinates": [ 139.800463300000047, 35.8407938 ] } },
{ "type": "Feature", "properties": { "内容": "草加明生苑デイサービスセンター【通所介護】埼玉県草加市旭町3-5-25", "url": "https://www.kaigokensaku.mhlw.go.jp/11/index.php?action_kouhyou_detail_004_kani=true&JigyosyoCd=1171800988-00&ServiceCd=150&Type=search", "url2": "http://www.fukushi-e.com/" }, "geometry": { "type": "Point", "coordinates": [ 139.796655, 35.8523089 ] } },
{ "type": "Feature", "properties": { "内容": "ブルーミングケア草加青柳【通所介護】埼玉県草加市6-37-7", "url": "https://www.kaigokensaku.mhlw.go.jp/11/index.php?action_kouhyou_detail_004_kani=true&JigyosyoCd=1171802950-00&ServiceCd=150&Type=search", "url2": null }, "geometry": { "type": "Point", "coordinates": [ 139.8230012, 35.8516534 ] } },
{ "type": "Feature", "properties": { "内容": "デイホームわ～くわっく草加【通所介護】埼玉県草加市草加1-18-13生活クラブ草加生活館2階", "url": "https://www.kaigokensaku.mhlw.go.jp/11/index.php?action_kouhyou_detail_004_kani=true&JigyosyoCd=1171802463-00&ServiceCd=150&Type=search", "url2": "https://ccs.hp.peraichi.com/dayhome_souka" }, "geometry": { "type": "Point", "coordinates": [ 139.802149395106568, 35.836590451119605 ] } },
{ "type": "Feature", "properties": { "内容": "コンパスウォーク草加清門【通所介護】埼玉県草加市清門2-22-6", "url": "https://www.kaigokensaku.mhlw.go.jp/11/index.php?action_kouhyou_detail_004_kani=true&JigyosyoCd=1171803370-00&ServiceCd=150&Type=search", "url2": "https://s-cleans.jp/" }, "geometry": { "type": "Point", "coordinates": [ 139.781513499999988, 35.8505499 ] } },
{ "type": "Feature", "properties": { "内容": "デイサービスセンタークォーターヴィレッジ【通所介護】埼玉県草加市柿木町1084番", "url": "https://www.kaigokensaku.mhlw.go.jp/11/index.php?action_kouhyou_detail_004_kani=true&JigyosyoCd=1171800921-00&ServiceCd=150&Type=search", "url2": "http://care-net.biz/11/q-village/" }, "geometry": { "type": "Point", "coordinates": [ 139.825313300000062, 35.86432150000001 ] } },
{ "type": "Feature", "properties": { "内容": "ブルーミングケア草加親水公園【通所介護】埼玉県草加市新里町1269-4", "url": "https://www.kaigokensaku.mhlw.go.jp/11/index.php?action_kouhyou_detail_004_kani=true&JigyosyoCd=1171803503-00&ServiceCd=150&Type=search", "url2": null }, "geometry": { "type": "Point", "coordinates": [ 139.7772024, 35.8143961 ] } },
{ "type": "Feature", "properties": { "内容": "デイサービス　桜花乃郷　南草加【通所介護】埼玉県草加市草加2-1-3", "url": "https://www.kaigokensaku.mhlw.go.jp/11/index.php?action_kouhyou_detail_004_kani=true&JigyosyoCd=1171802943-00&ServiceCd=150&Type=search", "url2": null }, "geometry": { "type": "Point", "coordinates": [ 139.800889344180291, 35.833124471441657 ] } },
{ "type": "Feature", "properties": { "内容": "デイサービスセンター　フェリス　八幡【通所介護】埼玉県草加市八幡町332番1号", "url": "https://www.kaigokensaku.mhlw.go.jp/11/index.php?action_kouhyou_detail_004_kani=true&JigyosyoCd=1171801994-00&ServiceCd=150&Type=search", "url2": "http：www.soukafukusikai.jp/" }, "geometry": { "type": "Point", "coordinates": [ 139.81679748299905, 35.848997218171 ] } },
{ "type": "Feature", "properties": { "内容": "デイサービス　ソラスト草加【通所介護】埼玉県草加市草加1-10-1グリーンヒルズ1階", "url": "https://www.kaigokensaku.mhlw.go.jp/11/index.php?action_kouhyou_detail_004_kani=true&JigyosyoCd=1171802034-00&ServiceCd=150&Type=search", "url2": "https://solasto-kaigo.com/service/dayservice/souka" }, "geometry": { "type": "Point", "coordinates": [ 139.801041199999986, 35.8345891 ] } },
{ "type": "Feature", "properties": { "内容": "ツクイ　草加遊馬【通所介護】草加市遊馬町744-1", "url": "https://www.kaigokensaku.mhlw.go.jp/11/index.php?action_kouhyou_detail_004_kani=true&JigyosyoCd=1171802240-00&ServiceCd=150&Type=search", "url2": "ｈｔｔp：//www.tsukui.net" }, "geometry": { "type": "Point", "coordinates": [ 139.780657448162856, 35.820903094344096 ] } },
{ "type": "Feature", "properties": { "内容": "デイサービスセンター　ラフェスタサガミチョウ【通所介護】相模町5-351-1", "url": "https://www.kaigokensaku.mhlw.go.jp/11/index.php?action_kouhyou_detail_004_kani=true&JigyosyoCd=1170805244-00&ServiceCd=150&Type=search", "url2": "https://garnesh.jp/" }, "geometry": { "type": "Point", "coordinates": [ 139.8125082, 35.8869266 ] } },
{ "type": "Feature", "properties": { "内容": "リハタイム越谷【通所介護】埼玉県越谷市赤山町一丁目156番10号", "url": "https://www.kaigokensaku.mhlw.go.jp/11/index.php?action_kouhyou_detail_004_kani=true&JigyosyoCd=1170805319-00&ServiceCd=150&Type=search", "url2": "https://nr-service.jp" }, "geometry": { "type": "Point", "coordinates": [ 139.7832441, 35.8877165 ] } },
{ "type": "Feature", "properties": { "内容": "デイサービス飛鳥【通所介護】埼玉県越谷市袋山249-8", "url": "https://www.kaigokensaku.mhlw.go.jp/11/index.php?action_kouhyou_detail_004_kani=true&JigyosyoCd=1170802662-00&ServiceCd=150&Type=search", "url2": "asuka-care.com" }, "geometry": { "type": "Point", "coordinates": [ 139.773756806894994, 35.922991724675342 ] } },
{ "type": "Feature", "properties": { "内容": "ケアセンターつどい　せんげん台【通所介護】埼玉県越谷市千間台西4-3-14", "url": "https://www.kaigokensaku.mhlw.go.jp/11/index.php?action_kouhyou_detail_004_kani=true&JigyosyoCd=1170800971-00&ServiceCd=150&Type=search", "url2": "http://www.mcp-sengendai.com/" }, "geometry": { "type": "Point", "coordinates": [ 139.764981499999976, 35.9354315 ] } },
{ "type": "Feature", "properties": { "内容": "コンパスウォーク越谷【通所介護】千間台西5-15-10MKハイツ101", "url": "https://www.kaigokensaku.mhlw.go.jp/11/index.php?action_kouhyou_detail_004_kani=true&JigyosyoCd=1170804841-00&ServiceCd=150&Type=search", "url2": "https://keigo-group.co.jp/shop/saitamaken/51510/" }, "geometry": { "type": "Point", "coordinates": [ 139.7643722, 35.927183 ] } },
{ "type": "Feature", "properties": { "内容": "アズハイム越谷蒲生デイサービスセンター【通所介護】蒲生西町1-5-3", "url": "https://www.kaigokensaku.mhlw.go.jp/11/index.php?action_kouhyou_detail_004_kani=true&JigyosyoCd=1170803926-00&ServiceCd=150&Type=search", "url2": "http://www.as-heim.com" }, "geometry": { "type": "Point", "coordinates": [ 139.7948336, 35.8614012 ] } },
{ "type": "Feature", "properties": { "内容": "デイサービスセンターケアサポートこしがや【通所介護】埼玉県越谷市東越谷6-15-11", "url": "https://www.kaigokensaku.mhlw.go.jp/11/index.php?action_kouhyou_detail_004_kani=true&JigyosyoCd=1170800872-00&ServiceCd=150&Type=search", "url2": "http://www.care-support.biz" }, "geometry": { "type": "Point", "coordinates": [ 139.800258799999938, 35.898361 ] } },
{ "type": "Feature", "properties": { "内容": "越谷なごみの郷【通所介護】埼玉県越谷市川柳町3-60-1", "url": "https://www.kaigokensaku.mhlw.go.jp/11/index.php?action_kouhyou_detail_004_kani=true&JigyosyoCd=1170800195-00&ServiceCd=150&Type=search", "url2": "http://www.k-nagomi.or.jp" }, "geometry": { "type": "Point", "coordinates": [ 139.813128199999937, 35.8639797 ] } },
{ "type": "Feature", "properties": { "内容": "リハタイム蒲生【通所介護】埼玉県越谷市蒲生茜町42－3臼倉マンション1階", "url": "https://www.kaigokensaku.mhlw.go.jp/11/index.php?action_kouhyou_detail_004_kani=true&JigyosyoCd=1170805152-00&ServiceCd=150&Type=search", "url2": "https://nr-service.jp/" }, "geometry": { "type": "Point", "coordinates": [ 139.787473013491848, 35.86872582515614 ] } },
{ "type": "Feature", "properties": { "内容": "ツクイ　北越谷【通所介護】埼玉県越谷市北越谷3-15-29", "url": "https://www.kaigokensaku.mhlw.go.jp/11/index.php?action_kouhyou_detail_004_kani=true&JigyosyoCd=1170801813-00&ServiceCd=150&Type=search", "url2": "http://www.tsukui.net" }, "geometry": { "type": "Point", "coordinates": [ 139.773827799999907, 35.9017125 ] } },
{ "type": "Feature", "properties": { "内容": "MILKYジム＆デイレイクタウン【通所介護】埼玉県越谷市レイクタウン4-3", "url": "https://www.kaigokensaku.mhlw.go.jp/11/index.php?action_kouhyou_detail_004_kani=true&JigyosyoCd=1170803918-00&ServiceCd=150&Type=search", "url2": "http://www.milkywaygroup.org/intro/en24.html" }, "geometry": { "type": "Point", "coordinates": [ 139.826391454683261, 35.876350958165531 ] } },
{ "type": "Feature", "properties": { "内容": "通所介護事業所かけはし【通所介護】越谷市蒲生2-9-30", "url": "https://www.kaigokensaku.mhlw.go.jp/11/index.php?action_kouhyou_detail_004_kani=true&JigyosyoCd=1170800476-00&ServiceCd=150&Type=search", "url2": "https://kishinkai.or.jp/" }, "geometry": { "type": "Point", "coordinates": [ 139.801665400000047, 35.8613022 ] } },
{ "type": "Feature", "properties": { "内容": "パナソニックエイジフリーケアセンター東越谷・デイサービス【通所介護】東越谷7-15-3", "url": "https://www.kaigokensaku.mhlw.go.jp/11/index.php?action_kouhyou_detail_004_kani=true&JigyosyoCd=1170803769-00&ServiceCd=150&Type=search", "url2": "https://panasonic.co.jp/paf" }, "geometry": { "type": "Point", "coordinates": [ 139.8031174, 35.8935818 ] } },
{ "type": "Feature", "properties": { "内容": "リハビリ特化型デイサービス　グリーンガーデン大道【通所介護】埼玉県越谷市大字大道547", "url": "https://www.kaigokensaku.mhlw.go.jp/11/index.php?action_kouhyou_detail_004_kani=true&JigyosyoCd=1170803934-00&ServiceCd=150&Type=search", "url2": "http://www.greengarden-ohmichi.jp/" }, "geometry": { "type": "Point", "coordinates": [ 139.761154831352201, 35.921923762717554 ] } },
{ "type": "Feature", "properties": { "内容": "あずみ苑蒲生【通所介護】埼玉県越谷市蒲生4-17-1", "url": "https://www.kaigokensaku.mhlw.go.jp/11/index.php?action_kouhyou_detail_004_kani=true&JigyosyoCd=1170801425-00&ServiceCd=150&Type=search", "url2": "https://www.az-lifecare.co.jp/" }, "geometry": { "type": "Point", "coordinates": [ 139.8047554, 35.8682779 ] } },
{ "type": "Feature", "properties": { "内容": "美と健康のデイサービス　ソラーレ＆ひだまり【通所介護】埼玉県越谷市赤山町５－９－１７", "url": "https://www.kaigokensaku.mhlw.go.jp/11/index.php?action_kouhyou_detail_004_kani=true&JigyosyoCd=1170802126-00&ServiceCd=150&Type=search", "url2": "https://www.solare-hidamari.com/" }, "geometry": { "type": "Point", "coordinates": [ 139.783744100000035, 35.8841487 ] } },
{ "type": "Feature", "properties": { "内容": "ニチイケアセンター茜【通所介護】埼玉県越谷市新越谷1丁目69番地9", "url": "https://www.kaigokensaku.mhlw.go.jp/11/index.php?action_kouhyou_detail_004_kani=true&JigyosyoCd=1170801045-00&ServiceCd=150&Type=search", "url2": "http://www.nichiigakkan.co.jp" }, "geometry": { "type": "Point", "coordinates": [ 139.784649899999977, 35.8716506 ] } },
{ "type": "Feature", "properties": { "内容": "レッツ倶楽部せんげん台【通所介護】埼玉県越谷市千間台西五丁目８番地３", "url": "https://www.kaigokensaku.mhlw.go.jp/11/index.php?action_kouhyou_detail_004_kani=true&JigyosyoCd=1170805129-00&ServiceCd=150&Type=search", "url2": "https://www.lets-club.jp/shop/sengendai/" }, "geometry": { "type": "Point", "coordinates": [ 139.765779852944974, 35.930566502917451 ] } },
{ "type": "Feature", "properties": { "内容": "デイサービスさわらび【通所介護】越谷市南荻島1987番地新館3階", "url": "https://www.kaigokensaku.mhlw.go.jp/11/index.php?action_kouhyou_detail_004_kani=true&JigyosyoCd=1170801458-00&ServiceCd=150&Type=search", "url2": "http://www.koshigaya-home.or.jp" }, "geometry": { "type": "Point", "coordinates": [ 139.760544918994242, 35.902617626843991 ] } },
{ "type": "Feature", "properties": { "内容": "憩いの里通所介護事業所【通所介護】越谷市増森１－８５", "url": "https://www.kaigokensaku.mhlw.go.jp/11/index.php?action_kouhyou_detail_004_kani=true&JigyosyoCd=1170800286-00&ServiceCd=150&Type=search", "url2": "https://kishinkai.or.jp" }, "geometry": { "type": "Point", "coordinates": [ 139.8207903, 35.9003807 ] } },
{ "type": "Feature", "properties": { "内容": "越谷ケアセンターそよ風【通所介護】埼玉県越谷市東大沢4-31-12", "url": "https://www.kaigokensaku.mhlw.go.jp/11/index.php?action_kouhyou_detail_004_kani=true&JigyosyoCd=1170800435-00&ServiceCd=150&Type=search", "url2": "https://sykz.co.jp" }, "geometry": { "type": "Point", "coordinates": [ 139.79161, 35.9076384 ] } },
{ "type": "Feature", "properties": { "内容": "大袋ケアコミュニティそよ風【通所介護】埼玉県越谷市下間久里1078-1大袋ケアコミュニティそよ風", "url": "https://www.kaigokensaku.mhlw.go.jp/11/index.php?action_kouhyou_detail_004_kani=true&JigyosyoCd=1170804353-00&ServiceCd=150&Type=search", "url2": null }, "geometry": { "type": "Point", "coordinates": [ 139.780218599999984, 35.9245072 ] } },
{ "type": "Feature", "properties": { "内容": "リハタイム南越谷【通所介護】埼玉県越谷市瓦曾根2-8-66グランドール岸1F", "url": "https://www.kaigokensaku.mhlw.go.jp/11/index.php?action_kouhyou_detail_004_kani=true&JigyosyoCd=1170804932-00&ServiceCd=150&Type=search", "url2": "https://nr-service.jp/" }, "geometry": { "type": "Point", "coordinates": [ 139.792907692590347, 35.880699467696317 ] } },
{ "type": "Feature", "properties": { "内容": "デイサービスセンター言葉の森【通所介護】埼玉県越谷市宮本町３－６３－１", "url": "https://www.kaigokensaku.mhlw.go.jp/11/index.php?action_kouhyou_detail_004_kani=true&JigyosyoCd=1170804718-00&ServiceCd=150&Type=search", "url2": "https://ishizue-group.co.jp/service/kotobanomori" }, "geometry": { "type": "Point", "coordinates": [ 139.776548700000035, 35.8907075 ] } },
{ "type": "Feature", "properties": { "内容": "デイサービス　笑顔の家【通所介護】埼玉県越谷市東大沢2-23-2", "url": "https://www.kaigokensaku.mhlw.go.jp/11/index.php?action_kouhyou_detail_004_kani=true&JigyosyoCd=1170802308-00&ServiceCd=150&Type=search", "url2": "egaonoie.net" }, "geometry": { "type": "Point", "coordinates": [ 139.761829300000045, 35.9303628 ] } },
{ "type": "Feature", "properties": { "内容": "あすなろデイサービス越谷【通所介護】埼玉県越谷市平方393-2", "url": "https://www.kaigokensaku.mhlw.go.jp/11/index.php?action_kouhyou_detail_004_kani=true&JigyosyoCd=1170801193-00&ServiceCd=150&Type=search", "url2": "http://www.i-ll-group.co.jp" }, "geometry": { "type": "Point", "coordinates": [ 139.784249100000011, 35.9553381 ] } },
{ "type": "Feature", "properties": { "内容": "デイサービスセンター　キャンベルホーム【通所介護】埼玉県越谷市大字大吉552-1", "url": "https://www.kaigokensaku.mhlw.go.jp/11/index.php?action_kouhyou_detail_004_kani=true&JigyosyoCd=1170800617-00&ServiceCd=150&Type=search", "url2": "https://www.ooyoshikai.jp" }, "geometry": { "type": "Point", "coordinates": [ 139.803088099999968, 35.9178025 ] } },
{ "type": "Feature", "properties": { "内容": "デイサービスひかり【通所介護】埼玉県越谷市大字恩間新田386番地1", "url": "https://www.kaigokensaku.mhlw.go.jp/11/index.php?action_kouhyou_detail_004_kani=true&JigyosyoCd=1170804635-00&ServiceCd=150&Type=search", "url2": null }, "geometry": { "type": "Point", "coordinates": [ 139.7581801, 35.9401002 ] } },
{ "type": "Feature", "properties": { "内容": "指定通所介護事業所　ひまわり【通所介護】埼玉県越谷市川柳町1-305", "url": "https://www.kaigokensaku.mhlw.go.jp/11/index.php?action_kouhyou_detail_004_kani=true&JigyosyoCd=1170801599-00&ServiceCd=150&Type=search", "url2": "http://www.kagayaki-group.com" }, "geometry": { "type": "Point", "coordinates": [ 139.8086922, 35.872959 ] } },
{ "type": "Feature", "properties": { "内容": "デイサービスセンター　クローバーホーム【通所介護】増林5445-1", "url": "https://www.kaigokensaku.mhlw.go.jp/11/index.php?action_kouhyou_detail_004_kani=true&JigyosyoCd=1170803876-00&ServiceCd=150&Type=search", "url2": "http://www.ooyoshikai.jp" }, "geometry": { "type": "Point", "coordinates": [ 139.811812902253564, 35.895799378313122 ] } },
{ "type": "Feature", "properties": { "内容": "デイサービス　ソラスト北越谷【通所介護】埼玉県越谷市花田3-4-16メゾンパントラン１階", "url": "https://www.kaigokensaku.mhlw.go.jp/11/index.php?action_kouhyou_detail_004_kani=true&JigyosyoCd=1170802324-00&ServiceCd=150&Type=search", "url2": null }, "geometry": { "type": "Point", "coordinates": [ 139.798405799999955, 35.9074957 ] } },
{ "type": "Feature", "properties": { "内容": "デイサービスセンターこころ【通所介護】埼玉県越谷市千間台西1-6-2", "url": "https://www.kaigokensaku.mhlw.go.jp/11/index.php?action_kouhyou_detail_004_kani=true&JigyosyoCd=1170803439-00&ServiceCd=150&Type=search", "url2": "https://www.ripple-c.jp" }, "geometry": { "type": "Point", "coordinates": [ 139.7718145, 35.9343849 ] } },
{ "type": "Feature", "properties": { "内容": "けやきデイサービス【通所介護】埼玉県越谷市下間久里788-1", "url": "https://www.kaigokensaku.mhlw.go.jp/11/index.php?action_kouhyou_detail_004_kani=true&JigyosyoCd=1170804478-00&ServiceCd=150&Type=search", "url2": null }, "geometry": { "type": "Point", "coordinates": [ 139.785676680950928, 35.930199634620557 ] } },
{ "type": "Feature", "properties": { "内容": "デイサービスココファン南越谷【通所介護】新越谷1丁目-68-1", "url": "https://www.kaigokensaku.mhlw.go.jp/11/index.php?action_kouhyou_detail_004_kani=true&JigyosyoCd=1170804114-00&ServiceCd=150&Type=search", "url2": "http://www.cocofump.co.jp/" }, "geometry": { "type": "Point", "coordinates": [ 139.7845199, 35.871217 ] } },
{ "type": "Feature", "properties": { "内容": "ツクイ南越谷【通所介護】新越谷1-28-3", "url": "https://www.kaigokensaku.mhlw.go.jp/11/index.php?action_kouhyou_detail_004_kani=true&JigyosyoCd=1170803306-00&ServiceCd=150&Type=search", "url2": "https://corp.tsukui.net" }, "geometry": { "type": "Point", "coordinates": [ 139.781383300000016, 35.8754727 ] } },
{ "type": "Feature", "properties": { "内容": "デイサービスセンター　みちみち【通所介護】埼玉県越谷市大字船渡2046", "url": "https://www.kaigokensaku.mhlw.go.jp/11/index.php?action_kouhyou_detail_004_kani=true&JigyosyoCd=1170801730-00&ServiceCd=150&Type=search", "url2": "http://www.mitimiti.jp/" }, "geometry": { "type": "Point", "coordinates": [ 139.799945500000035, 35.9413348 ] } },
{ "type": "Feature", "properties": { "内容": "リハタイム大袋【通所介護】埼玉県越谷市袋山200-26", "url": "https://www.kaigokensaku.mhlw.go.jp/11/index.php?action_kouhyou_detail_004_kani=true&JigyosyoCd=1170805004-00&ServiceCd=150&Type=search", "url2": "https://nr-service.jp/" }, "geometry": { "type": "Point", "coordinates": [ 139.7733403, 35.9203991 ] } },
{ "type": "Feature", "properties": { "内容": "デイサービスセンターあいあい【通所介護】埼玉県越谷市大竹831-1", "url": "https://www.kaigokensaku.mhlw.go.jp/11/index.php?action_kouhyou_detail_004_kani=true&JigyosyoCd=1170800443-00&ServiceCd=150&Type=search", "url2": "http://www.i-ai.co.jp" }, "geometry": { "type": "Point", "coordinates": [ 139.764165700000035, 35.9252805 ] } },
{ "type": "Feature", "properties": { "内容": "越谷西ケアセンターそよ風【通所介護】埼玉県越谷市南荻島565-1", "url": "https://www.kaigokensaku.mhlw.go.jp/11/index.php?action_kouhyou_detail_004_kani=true&JigyosyoCd=1170801573-00&ServiceCd=150&Type=search", "url2": "https://corp.sykz.co.jp" }, "geometry": { "type": "Point", "coordinates": [ 139.7668971, 35.9113986 ] } },
{ "type": "Feature", "properties": { "内容": "リハセンターあいあい【通所介護】越谷市赤山町2-27", "url": "https://www.kaigokensaku.mhlw.go.jp/11/index.php?action_kouhyou_detail_004_kani=true&JigyosyoCd=1170802340-00&ServiceCd=150&Type=search", "url2": "http://www.i-ai.co.jp/" }, "geometry": { "type": "Point", "coordinates": [ 139.7833746, 35.8851097 ] } },
{ "type": "Feature", "properties": { "内容": "越谷リハビリケアセンター【通所介護】埼玉県越谷市大字増林4403番地1", "url": "https://www.kaigokensaku.mhlw.go.jp/11/index.php?action_kouhyou_detail_004_kani=true&JigyosyoCd=1170802910-00&ServiceCd=150&Type=search", "url2": "https://rehabhome-recruit.com/" }, "geometry": { "type": "Point", "coordinates": [ 139.823660502963293, 35.906987643211103 ] } },
{ "type": "Feature", "properties": { "内容": "デイサービスはまゆう【通所介護】埼玉県越谷市赤山町２－２３５－２", "url": "https://www.kaigokensaku.mhlw.go.jp/11/index.php?action_kouhyou_detail_004_kani=true&JigyosyoCd=1170803595-00&ServiceCd=150&Type=search", "url2": "http://human-and-nature.co.jp/hamayu/" }, "geometry": { "type": "Point", "coordinates": [ 139.777869600000031, 35.886101 ] } },
{ "type": "Feature", "properties": { "内容": "nozomiこしがや【通所介護】東大沢1‐17-2", "url": "https://www.kaigokensaku.mhlw.go.jp/11/index.php?action_kouhyou_detail_004_kani=true&JigyosyoCd=1170804197-00&ServiceCd=150&Type=search", "url2": "https://ripple-c.jp/nozomi" }, "geometry": { "type": "Point", "coordinates": [ 139.5390214, 35.6724656 ] } },
{ "type": "Feature", "properties": { "内容": "初動負荷トレーニング　デイサービス　カノン【通所介護】埼玉県越谷市大沢3212-1", "url": "https://www.kaigokensaku.mhlw.go.jp/11/index.php?action_kouhyou_detail_004_kani=true&JigyosyoCd=1170804809-00&ServiceCd=150&Type=search", "url2": "https://koshigaya-kanon.com/" }, "geometry": { "type": "Point", "coordinates": [ 139.791776700000014, 35.9052684 ] } },
{ "type": "Feature", "properties": { "内容": "癒しのデイサービス越谷【通所介護】埼玉県越谷市花田3-4-9", "url": "https://www.kaigokensaku.mhlw.go.jp/11/index.php?action_kouhyou_detail_004_kani=true&JigyosyoCd=1170802050-00&ServiceCd=150&Type=search", "url2": "https://riei-kaigo.jp/service/day-koshigaya/" }, "geometry": { "type": "Point", "coordinates": [ 139.799178, 35.9078984 ] } },
{ "type": "Feature", "properties": { "内容": "AIAIレイクタウン【通所介護】埼玉県越谷市大成町7丁目155-1", "url": "https://www.kaigokensaku.mhlw.go.jp/11/index.php?action_kouhyou_detail_004_kani=true&JigyosyoCd=1170804874-00&ServiceCd=150&Type=search", "url2": "https://www.i-ai.co.jp/" }, "geometry": { "type": "Point", "coordinates": [ 139.830775213381003, 35.884154076696355 ] } },
{ "type": "Feature", "properties": { "内容": "デイサービスケアセンターあいあい【通所介護】越谷市赤山町２丁目２７", "url": "https://www.kaigokensaku.mhlw.go.jp/11/index.php?action_kouhyou_detail_004_kani=true&JigyosyoCd=1170801615-00&ServiceCd=150&Type=search", "url2": "http://www.i-ai.co.jp/index.html" }, "geometry": { "type": "Point", "coordinates": [ 139.783375, 35.88511 ] } },
{ "type": "Feature", "properties": { "内容": "デイサービスセンターエクラシア越谷大成【通所介護】埼玉県越谷市大成町1-2247-1エクラシア越谷大成", "url": "https://www.kaigokensaku.mhlw.go.jp/11/index.php?action_kouhyou_detail_004_kani=true&JigyosyoCd=1170805210-00&ServiceCd=150&Type=search", "url2": "https://www.welloff.co.jp/wp/facility/%e3%82%a8%e3%82%af%e3%83%a9%e3%82%b7%e3%82%a2%e8%b6%8a%e8%b0%b7%e5%a4%a7%e6%88%90/" }, "geometry": { "type": "Point", "coordinates": [ 139.8190117, 35.8901838 ] } },
{ "type": "Feature", "properties": { "内容": "白小鳩橋デイサービスセンター【通所介護】相模町7-3928-1", "url": "https://www.kaigokensaku.mhlw.go.jp/11/index.php?action_kouhyou_detail_004_kani=true&JigyosyoCd=1170803520-00&ServiceCd=150&Type=search", "url2": "ｈｔｔｐ：//ｗｗｗ.fukushi-e.com/" }, "geometry": { "type": "Point", "coordinates": [ 139.7988676, 35.8876375 ] } },
{ "type": "Feature", "properties": { "内容": "リハビリデイたから越谷店【通所介護】埼玉県越谷市平方1710-2", "url": "https://www.kaigokensaku.mhlw.go.jp/11/index.php?action_kouhyou_detail_004_kani=true&JigyosyoCd=1170804866-00&ServiceCd=150&Type=search", "url2": "https://argento-h.com/" }, "geometry": { "type": "Point", "coordinates": [ 139.7812406, 35.9451334 ] } },
{ "type": "Feature", "properties": { "内容": "緒隣シエロ越谷【通所介護】埼玉県越谷市南越谷3-3-5", "url": "https://www.kaigokensaku.mhlw.go.jp/11/index.php?action_kouhyou_detail_004_kani=true&JigyosyoCd=1170805368-00&ServiceCd=150&Type=search", "url2": "https://www.cielo.jp.net/" }, "geometry": { "type": "Point", "coordinates": [ 139.788227299999988, 35.8796708 ] } },
{ "type": "Feature", "properties": { "内容": "ソレイルミナーレ越谷蒲生【通所介護】埼玉県越谷市蒲生南町15－5", "url": "https://www.kaigokensaku.mhlw.go.jp/11/index.php?action_kouhyou_detail_004_kani=true&JigyosyoCd=1170805111-00&ServiceCd=150&Type=search", "url2": "https://s-cwi.com/" }, "geometry": { "type": "Point", "coordinates": [ 139.806808100000012, 35.857011799999981 ] } },
{ "type": "Feature", "properties": { "内容": "機能訓練特化型デイサービス　アクア【通所介護】中央5丁目9-14ミヨシビル１F", "url": "https://www.kaigokensaku.mhlw.go.jp/11/index.php?action_kouhyou_detail_004_kani=true&JigyosyoCd=1171401225-00&ServiceCd=150&Type=search", "url2": null }, "geometry": { "type": "Point", "coordinates": [ 139.665248600000012, 35.6983543 ] } },
{ "type": "Feature", "properties": { "内容": "ベストケア【通所介護】埼玉県蕨市塚越7-24-13メゾンワラビ101号", "url": "https://www.kaigokensaku.mhlw.go.jp/11/index.php?action_kouhyou_detail_004_kani=true&JigyosyoCd=1171401076-00&ServiceCd=150&Type=search", "url2": "http://bc-warabi.com/" }, "geometry": { "type": "Point", "coordinates": [ 139.70660010000006, 35.8213574 ] } },
{ "type": "Feature", "properties": { "内容": "ルネサンス元氣ジム蕨【通所介護】埼玉県蕨市中央1丁目20番12号", "url": "https://www.kaigokensaku.mhlw.go.jp/11/index.php?action_kouhyou_detail_004_kani=true&JigyosyoCd=1171400987-00&ServiceCd=150&Type=search", "url2": "http://kaigo.s-re.jp/genki/warabi.html" }, "geometry": { "type": "Point", "coordinates": [ 139.693836928836049, 35.823196158145706 ] } },
{ "type": "Feature", "properties": { "内容": "蕨デイサービスセンター【通所介護】蕨市北町５－１２－５", "url": "https://www.kaigokensaku.mhlw.go.jp/11/index.php?action_kouhyou_detail_004_kani=true&JigyosyoCd=1171400052-00&ServiceCd=150&Type=search", "url2": "https://neikoukai.or.jp/" }, "geometry": { "type": "Point", "coordinates": [ 139.66930590000004, 35.8347518 ] } },
{ "type": "Feature", "properties": { "内容": "らしくデイサービスセンター【通所介護】埼玉県蕨市塚越2-2-6天仁ビル1F", "url": "https://www.kaigokensaku.mhlw.go.jp/11/index.php?action_kouhyou_detail_004_kani=true&JigyosyoCd=1171401142-00&ServiceCd=150&Type=search", "url2": "https://www.2nd-home.co.jp" }, "geometry": { "type": "Point", "coordinates": [ 139.69356529999996, 35.828251 ] } },
{ "type": "Feature", "properties": { "内容": "塚越デイサービスセンターないとう【通所介護】蕨市塚越７－２４－１４", "url": "https://www.kaigokensaku.mhlw.go.jp/11/index.php?action_kouhyou_detail_004_kani=true&JigyosyoCd=1171400177-00&ServiceCd=150&Type=search", "url2": "https://neikoukai.or.jp/" }, "geometry": { "type": "Point", "coordinates": [ 139.7066251, 35.8212213 ] } },
{ "type": "Feature", "properties": { "内容": "デイサービス　道【通所介護】埼玉県蕨市南町2-28-14ローズマンション1F", "url": "https://www.kaigokensaku.mhlw.go.jp/11/index.php?action_kouhyou_detail_004_kani=true&JigyosyoCd=1171400466-00&ServiceCd=150&Type=search", "url2": "http://maximum.jp.net/" }, "geometry": { "type": "Point", "coordinates": [ 139.696481700000049, 35.8175884 ] } },
{ "type": "Feature", "properties": { "内容": "デイサービスセンター四季/フォーシーズン夏【通所介護】埼玉県蕨市中央3-24-20-1Fセントラルパーク", "url": "https://www.kaigokensaku.mhlw.go.jp/11/index.php?action_kouhyou_detail_004_kani=true&JigyosyoCd=1171400375-00&ServiceCd=150&Type=search", "url2": null }, "geometry": { "type": "Point", "coordinates": [ 139.686174100000017, 35.824265 ] } },
{ "type": "Feature", "properties": { "内容": "デイ＆リハビリ　こころ塚越【通所介護】埼玉県蕨市塚越7-10-3アドリーム塚越1階", "url": "https://www.kaigokensaku.mhlw.go.jp/11/index.php?action_kouhyou_detail_004_kani=true&JigyosyoCd=1171401068-00&ServiceCd=150&Type=search", "url2": "https://irisfrere.co.jp/daycare/tsukagoshi/" }, "geometry": { "type": "Point", "coordinates": [ 139.706544500000064, 35.8241569 ] } },
{ "type": "Feature", "properties": { "内容": "デイサービス　虹の駅【通所介護】埼玉県蕨市南町2-21-7メゾンカトレア", "url": "https://www.kaigokensaku.mhlw.go.jp/11/index.php?action_kouhyou_detail_004_kani=true&JigyosyoCd=1171401134-00&ServiceCd=150&Type=search", "url2": null }, "geometry": { "type": "Point", "coordinates": [ 139.6962737, 35.819249 ] } },
{ "type": "Feature", "properties": { "内容": "ケアステーション恵み・わらび【通所介護】埼玉県蕨市南町３－１３－１　１Ｆ", "url": "https://www.kaigokensaku.mhlw.go.jp/11/index.php?action_kouhyou_detail_004_kani=true&JigyosyoCd=1171400680-00&ServiceCd=150&Type=search", "url2": null }, "geometry": { "type": "Point", "coordinates": [ 139.6979679, 35.8167501 ] } },
{ "type": "Feature", "properties": { "内容": "リハビリデイサービス銀齢アルク蕨南町【通所介護】埼玉県蕨市南町2-10-12アゼリア1階", "url": "https://www.kaigokensaku.mhlw.go.jp/11/index.php?action_kouhyou_detail_004_kani=true&JigyosyoCd=1171401217-00&ServiceCd=150&Type=search", "url2": "https://rehabili-ginrei.com/" }, "geometry": { "type": "Point", "coordinates": [ 139.6955945, 35.8208216 ] } },
{ "type": "Feature", "properties": { "内容": "デイサービスはぐ蕨【通所介護】蕨市北町5-12-35ストークマンション114", "url": "https://www.kaigokensaku.mhlw.go.jp/11/index.php?action_kouhyou_detail_004_kani=true&JigyosyoCd=1171401191-00&ServiceCd=150&Type=search", "url2": null }, "geometry": { "type": "Point", "coordinates": [ 139.670041, 35.8346975 ] } },
{ "type": "Feature", "properties": { "内容": "デイサービスセンター　ケアサポートわらび【通所介護】蕨市中央6-6-20", "url": "https://www.kaigokensaku.mhlw.go.jp/11/index.php?action_kouhyou_detail_004_kani=true&JigyosyoCd=1171400698-00&ServiceCd=150&Type=search", "url2": "http://www.care-support.biz" }, "geometry": { "type": "Point", "coordinates": [ 139.683674500000052, 35.8203544 ] } },
{ "type": "Feature", "properties": { "内容": "コンパスウォーク蕨北町【通所介護】埼玉県蕨市北町1-10-16", "url": "https://www.kaigokensaku.mhlw.go.jp/11/index.php?action_kouhyou_detail_004_kani=true&JigyosyoCd=1171401209-00&ServiceCd=150&Type=search", "url2": "https://keigo-group.co.jp/shop/saitamaken/11016/" }, "geometry": { "type": "Point", "coordinates": [ 139.6835185, 35.8278882 ] } },
{ "type": "Feature", "properties": { "内容": "デイわらび＆リハ【通所介護】塚越1-12-5", "url": "https://www.kaigokensaku.mhlw.go.jp/11/index.php?action_kouhyou_detail_004_kani=true&JigyosyoCd=1171400508-00&ServiceCd=150&Type=search", "url2": "http://carecosmos.info" }, "geometry": { "type": "Point", "coordinates": [ 139.6952287, 35.825814200000018 ] } },
{ "type": "Feature", "properties": { "内容": "まちのリハビリ室　わらびベース【通所介護】埼玉県蕨市中央5-9-20", "url": "https://www.kaigokensaku.mhlw.go.jp/11/index.php?action_kouhyou_detail_004_kani=true&JigyosyoCd=1171401175-00&ServiceCd=150&Type=search", "url2": "https://machino-reha.com/" }, "geometry": { "type": "Point", "coordinates": [ 139.6797633, 35.8239604 ] } },
{ "type": "Feature", "properties": { "内容": "いきいきタウンとだ【通所介護】埼玉県戸田市喜沢南2-5-23", "url": "https://www.kaigokensaku.mhlw.go.jp/11/index.php?action_kouhyou_detail_004_kani=true&JigyosyoCd=1171900564-00&ServiceCd=150&Type=search", "url2": "http://www.shafuku-pal.or.jp/" }, "geometry": { "type": "Point", "coordinates": [ 139.6913075, 35.8070316 ] } },
{ "type": "Feature", "properties": { "内容": "リハビリデイ秋【通所介護】埼玉県戸田市上戸田5-4-2-1F", "url": "https://www.kaigokensaku.mhlw.go.jp/11/index.php?action_kouhyou_detail_004_kani=true&JigyosyoCd=1171900523-00&ServiceCd=150&Type=search", "url2": null }, "geometry": { "type": "Point", "coordinates": [ 139.674022700000023, 35.8145827 ] } },
{ "type": "Feature", "properties": { "内容": "イオンスマイル戸田店【通所介護】埼玉県戸田市笹目南町19-17", "url": "https://www.kaigokensaku.mhlw.go.jp/11/index.php?action_kouhyou_detail_004_kani=true&JigyosyoCd=1171902099-00&ServiceCd=150&Type=search", "url2": null }, "geometry": { "type": "Point", "coordinates": [ 139.654076799999984, 35.812894600000021 ] } },
{ "type": "Feature", "properties": { "内容": "ぴゅあでい　浪漫【通所介護】戸田市喜沢1-12-2", "url": "https://www.kaigokensaku.mhlw.go.jp/11/index.php?action_kouhyou_detail_004_kani=true&JigyosyoCd=1171901042-00&ServiceCd=150&Type=search", "url2": "http://www.pure-homes.com" }, "geometry": { "type": "Point", "coordinates": [ 139.698470499999985, 35.8139362 ] } },
{ "type": "Feature", "properties": { "内容": "ふれあいランド戸田【通所介護】埼玉県戸田市大字上戸田５番地の４", "url": "https://www.kaigokensaku.mhlw.go.jp/11/index.php?action_kouhyou_detail_004_kani=true&JigyosyoCd=1171900168-00&ServiceCd=150&Type=search", "url2": "https://www.toda-fukushinomori.or.jp" }, "geometry": { "type": "Point", "coordinates": [ 139.673731099999941, 35.8145438 ] } },
{ "type": "Feature", "properties": { "内容": "ソレアード戸田　デイサービスセンター【通所介護】埼玉県戸田市美女木8-21-17", "url": "https://www.kaigokensaku.mhlw.go.jp/11/index.php?action_kouhyou_detail_004_kani=true&JigyosyoCd=1171900663-00&ServiceCd=150&Type=search", "url2": "http://www.soleado.jp/" }, "geometry": { "type": "Point", "coordinates": [ 139.63208439999994, 35.8291993 ] } },
{ "type": "Feature", "properties": { "内容": "ともいきケア戸田【通所介護】中町2-14-25カタクラマンション1F", "url": "https://www.kaigokensaku.mhlw.go.jp/11/index.php?action_kouhyou_detail_004_kani=true&JigyosyoCd=1171902024-00&ServiceCd=150&Type=search", "url2": "https://tomoikicare.com/" }, "geometry": { "type": "Point", "coordinates": [ 139.364521599999989, 35.4430701 ] } },
{ "type": "Feature", "properties": { "内容": "デイサービスセンター遊・戸田【通所介護】埼玉県戸田市笹目1-13-24", "url": "https://www.kaigokensaku.mhlw.go.jp/11/index.php?action_kouhyou_detail_004_kani=true&JigyosyoCd=1171900770-00&ServiceCd=150&Type=search", "url2": null }, "geometry": { "type": "Point", "coordinates": [ 139.657215800000017, 35.8181039 ] } },
{ "type": "Feature", "properties": { "内容": "社会福祉法人優美会　デイサービスとだ優和の杜【通所介護】埼玉県戸田市新曽南4-2-35", "url": "https://www.kaigokensaku.mhlw.go.jp/11/index.php?action_kouhyou_detail_004_kani=true&JigyosyoCd=1171901265-00&ServiceCd=150&Type=search", "url2": "http://www.toda_yuuwanomori" }, "geometry": { "type": "Point", "coordinates": [ 139.663126700000021, 35.8064697 ] } },
{ "type": "Feature", "properties": { "内容": "かがやきデイサービスセンター戸田公園【通所介護】埼玉県戸田市喜沢二丁目２５－１かがやきデイサービス戸田公園", "url": "https://www.kaigokensaku.mhlw.go.jp/11/index.php?action_kouhyou_detail_004_kani=true&JigyosyoCd=1171901422-00&ServiceCd=150&Type=search", "url2": "http://www.nagoyakaclub.jp/todakoen/" }, "geometry": { "type": "Point", "coordinates": [ 139.6935211, 35.8096368 ] } },
{ "type": "Feature", "properties": { "内容": "戸田ケアコミュニティそよ風【通所介護】戸田市氷川町２－１６－２３", "url": "https://www.kaigokensaku.mhlw.go.jp/11/index.php?action_kouhyou_detail_004_kani=true&JigyosyoCd=1171900853-00&ServiceCd=150&Type=search", "url2": "http://www.unimat-rc.co.jp" }, "geometry": { "type": "Point", "coordinates": [ 139.657865899999933, 35.8119715 ] } },
{ "type": "Feature", "properties": { "内容": "ゼストライフ戸田笹目【通所介護】埼玉県戸田市笹目2-7-8", "url": "https://www.kaigokensaku.mhlw.go.jp/11/index.php?action_kouhyou_detail_004_kani=true&JigyosyoCd=1171901984-00&ServiceCd=150&Type=search", "url2": "http://zestlife.jp/todasasame/" }, "geometry": { "type": "Point", "coordinates": [ 139.654566499999987, 35.8131696 ] } },
{ "type": "Feature", "properties": { "内容": "デイサービスもと【通所介護】埼玉県戸田市新曽南2－12－14ﾌﾟﾘﾍﾞｰﾙ戸田Ⅱ１階", "url": "https://www.kaigokensaku.mhlw.go.jp/11/index.php?action_kouhyou_detail_004_kani=true&JigyosyoCd=1171901935-00&ServiceCd=150&Type=search", "url2": null }, "geometry": { "type": "Point", "coordinates": [ 139.663046, 35.8113565 ] } },
{ "type": "Feature", "properties": { "内容": "ソラスト戸田【通所介護】埼玉県戸田市喜沢１丁目３０－５ブライトンⅠ", "url": "https://www.kaigokensaku.mhlw.go.jp/11/index.php?action_kouhyou_detail_004_kani=true&JigyosyoCd=1171901414-00&ServiceCd=150&Type=search", "url2": null }, "geometry": { "type": "Point", "coordinates": [ 139.693998700000066, 35.813439 ] } },
{ "type": "Feature", "properties": { "内容": "シーキャビン　戸田【通所介護】埼玉県戸田市中町1-24-4", "url": "https://www.kaigokensaku.mhlw.go.jp/11/index.php?action_kouhyou_detail_004_kani=true&JigyosyoCd=1171901513-00&ServiceCd=150&Type=search", "url2": null }, "geometry": { "type": "Point", "coordinates": [ 139.691937899999971, 35.8108005 ] } },
{ "type": "Feature", "properties": { "内容": "樹楽　団らんの家　戸田【通所介護】埼玉県戸田市喜沢２－９－９コスモプレイス喜沢１０１", "url": "https://www.kaigokensaku.mhlw.go.jp/11/index.php?action_kouhyou_detail_004_kani=true&JigyosyoCd=1171901554-00&ServiceCd=150&Type=search", "url2": "https://www.kiraku-ac.com/shisetsu/list/saitama/toda/" }, "geometry": { "type": "Point", "coordinates": [ 139.6961607, 35.8096804 ] } },
{ "type": "Feature", "properties": { "内容": "デイサービス一笑苑戸田【通所介護】埼玉県戸田市笹目5-19-4", "url": "https://www.kaigokensaku.mhlw.go.jp/11/index.php?action_kouhyou_detail_004_kani=true&JigyosyoCd=1171902065-00&ServiceCd=150&Type=search", "url2": null }, "geometry": { "type": "Point", "coordinates": [ 139.6528614, 35.8170017 ] } },
{ "type": "Feature", "properties": { "内容": "リハビリデイサービス・笑【通所介護】埼玉県戸田市上戸田2-36-12シティライブ戸田公園1Ｆ", "url": "https://www.kaigokensaku.mhlw.go.jp/11/index.php?action_kouhyou_detail_004_kani=true&JigyosyoCd=1171900960-00&ServiceCd=150&Type=search", "url2": "lupinus-care.jimdo.com" }, "geometry": { "type": "Point", "coordinates": [ 139.67778629999998, 35.8143718 ] } },
{ "type": "Feature", "properties": { "内容": "スマイルデイサービス・時【通所介護】埼玉県戸田市本町２－１０－１　１F-A", "url": "https://www.kaigokensaku.mhlw.go.jp/11/index.php?action_kouhyou_detail_004_kani=true&JigyosyoCd=1171900606-00&ServiceCd=150&Type=search", "url2": null }, "geometry": { "type": "Point", "coordinates": [ 139.677114299999971, 35.8093336 ] } },
{ "type": "Feature", "properties": { "内容": "ツクイ戸田笹目【通所介護】戸田市笹目6-24-39", "url": "https://www.kaigokensaku.mhlw.go.jp/11/index.php?action_kouhyou_detail_004_kani=true&JigyosyoCd=1171901034-00&ServiceCd=150&Type=search", "url2": "http://www.tsukui.net" }, "geometry": { "type": "Point", "coordinates": [ 139.646897500000023, 35.8113241 ] } },
{ "type": "Feature", "properties": { "内容": "ロランジュの樹【通所介護】埼玉県戸田市中町2-12-12コーポ吉田104", "url": "https://www.kaigokensaku.mhlw.go.jp/11/index.php?action_kouhyou_detail_004_kani=true&JigyosyoCd=1171901604-00&ServiceCd=150&Type=search", "url2": "lorangenoki.com" }, "geometry": { "type": "Point", "coordinates": [ 139.691796299999965, 35.8098451 ] } },
{ "type": "Feature", "properties": { "内容": "ファミタウン戸田公園【通所介護】埼玉県戸田市下戸田１－１８－２パティオ戸田公園２F", "url": "https://www.kaigokensaku.mhlw.go.jp/11/index.php?action_kouhyou_detail_004_kani=true&JigyosyoCd=1171901794-00&ServiceCd=150&Type=search", "url2": "https://www.famitown-todakouen.com/" }, "geometry": { "type": "Point", "coordinates": [ 139.684446500000035, 35.8128141 ] } },
{ "type": "Feature", "properties": { "内容": "リラクサイズ武蔵藤沢【通所介護】埼玉県入間市東藤沢７－３２－８小林ハイツ１F", "url": "https://www.kaigokensaku.mhlw.go.jp/11/index.php?action_kouhyou_detail_004_kani=true&JigyosyoCd=1172802108-00&ServiceCd=150&Type=search", "url2": "nr-service.jp" }, "geometry": { "type": "Point", "coordinates": [ 139.410766, 35.8130361 ] } },
{ "type": "Feature", "properties": { "内容": "コンパスウォーク入間下藤沢【通所介護】埼玉県入間市下藤沢2-32-6", "url": "https://www.kaigokensaku.mhlw.go.jp/11/index.php?action_kouhyou_detail_004_kani=true&JigyosyoCd=1172802041-00&ServiceCd=150&Type=search", "url2": null }, "geometry": { "type": "Point", "coordinates": [ 139.407326399999988, 35.8194648 ] } },
{ "type": "Feature", "properties": { "内容": "Rootz'入間【通所介護】豊岡2-1-1サイオス1階", "url": "https://www.kaigokensaku.mhlw.go.jp/11/index.php?action_kouhyou_detail_004_kani=true&JigyosyoCd=1172802207-00&ServiceCd=150&Type=search", "url2": "https://rootz.jp/" }, "geometry": { "type": "Point", "coordinates": [ 139.3869081, 35.836225 ] } },
{ "type": "Feature", "properties": { "内容": "カラダ改善フィットネス　ストライド入間【通所介護】埼玉県入間市豊岡1-3-18リアライズ入間駅前ビルA棟6階", "url": "https://www.kaigokensaku.mhlw.go.jp/11/index.php?action_kouhyou_detail_004_kani=true&JigyosyoCd=1172801985-00&ServiceCd=150&Type=search", "url2": "https://stryde.jp/" }, "geometry": { "type": "Point", "coordinates": [ 139.3887324, 35.8393589 ] } },
{ "type": "Feature", "properties": { "内容": "デイサービス　アンミッコ宮前【通所介護】埼玉県入間市宮前町９－２０", "url": "https://www.kaigokensaku.mhlw.go.jp/11/index.php?action_kouhyou_detail_004_kani=true&JigyosyoCd=1172801530-00&ServiceCd=150&Type=search", "url2": "http://www.ammicco.or.jp" }, "geometry": { "type": "Point", "coordinates": [ 139.3774138, 35.8449003 ] } },
{ "type": "Feature", "properties": { "内容": "社会福祉法人　世希泉会　デイサービスセンターマナ【通所介護】埼玉県入間市扇町屋3丁目5番30号", "url": "https://www.kaigokensaku.mhlw.go.jp/11/index.php?action_kouhyou_detail_004_kani=true&JigyosyoCd=1172800268-00&ServiceCd=150&Type=search", "url2": "http://www.caremanna.or.jp" }, "geometry": { "type": "Point", "coordinates": [ 139.381764, 35.8308882 ] } },
{ "type": "Feature", "properties": { "内容": "杏花里デイサービスセンター【通所介護】入間市新光115-5", "url": "https://www.kaigokensaku.mhlw.go.jp/11/index.php?action_kouhyou_detail_004_kani=true&JigyosyoCd=1172800318-00&ServiceCd=150&Type=search", "url2": "http://anjyukai.or.jp/" }, "geometry": { "type": "Point", "coordinates": [ 139.347090699999967, 35.8506182 ] } },
{ "type": "Feature", "properties": { "内容": "おおぎデイサービスセンター【通所介護】入間市東町４－１－８０", "url": "https://www.kaigokensaku.mhlw.go.jp/11/index.php?action_kouhyou_detail_004_kani=true&JigyosyoCd=1172800094-00&ServiceCd=150&Type=search", "url2": "http://www.iruma-oogi.or.jp" }, "geometry": { "type": "Point", "coordinates": [ 139.403820099999962, 35.8327054 ] } },
{ "type": "Feature", "properties": { "内容": "入間デイサービスセンター【通所介護】埼玉県入間市大字小谷田１６５６番地１", "url": "https://www.kaigokensaku.mhlw.go.jp/11/index.php?action_kouhyou_detail_004_kani=true&JigyosyoCd=1172800326-00&ServiceCd=150&Type=search", "url2": "https://www.eijinkai.jp/irumaday/" }, "geometry": { "type": "Point", "coordinates": [ 139.367820299999948, 35.8325265 ] } },
{ "type": "Feature", "properties": { "内容": "デイサービス・宅老所　里の家【通所介護】埼玉県入間市仏子284-10", "url": "https://www.kaigokensaku.mhlw.go.jp/11/index.php?action_kouhyou_detail_004_kani=true&JigyosyoCd=1172800631-00&ServiceCd=150&Type=search", "url2": null }, "geometry": { "type": "Point", "coordinates": [ 139.348746600000027, 35.8348618 ] } },
{ "type": "Feature", "properties": { "内容": "デイサービス入間つつじの園【通所介護】埼玉県入間市宮寺２４６７番地", "url": "https://www.kaigokensaku.mhlw.go.jp/11/index.php?action_kouhyou_detail_004_kani=true&JigyosyoCd=1172801407-00&ServiceCd=150&Type=search", "url2": "https://syafuku-seiwa.or.jp/" }, "geometry": { "type": "Point", "coordinates": [ 139.380591542250045, 35.797550502559488 ] } },
{ "type": "Feature", "properties": { "内容": "デイサービスセンター虹【通所介護】扇台4-5-19", "url": "https://www.kaigokensaku.mhlw.go.jp/11/index.php?action_kouhyou_detail_004_kani=true&JigyosyoCd=1172801266-00&ServiceCd=150&Type=search", "url2": "http://www.iruma-oogi.or.jp/index.html" }, "geometry": { "type": "Point", "coordinates": [ 139.389178500000014, 35.8262769 ] } },
{ "type": "Feature", "properties": { "内容": "杏樹苑デイサービスセンター【通所介護】入間市上藤沢851-1", "url": "https://www.kaigokensaku.mhlw.go.jp/11/index.php?action_kouhyou_detail_004_kani=true&JigyosyoCd=1172800151-00&ServiceCd=150&Type=search", "url2": "http://anjyukai.or.jp/" }, "geometry": { "type": "Point", "coordinates": [ 139.388189199999943, 35.8104937 ] } },
{ "type": "Feature", "properties": { "内容": "扇揚苑デイサービスセンター【通所介護】埼玉県入間市中神８５３－１", "url": "https://www.kaigokensaku.mhlw.go.jp/11/index.php?action_kouhyou_detail_004_kani=true&JigyosyoCd=1172800581-00&ServiceCd=150&Type=search", "url2": "http://www.iruma-oogi.or.jp" }, "geometry": { "type": "Point", "coordinates": [ 139.3553551, 35.8106232 ] } },
{ "type": "Feature", "properties": { "内容": "朝光苑デイサービスセンター【通所介護】埼玉県朝霞市青葉台１丁目１０番３２号", "url": "https://www.kaigokensaku.mhlw.go.jp/11/index.php?action_kouhyou_detail_004_kani=true&JigyosyoCd=1172100545-00&ServiceCd=150&Type=search", "url2": "http://www.choukouen.com" }, "geometry": { "type": "Point", "coordinates": [ 139.590403199999969, 35.7904588 ] } },
{ "type": "Feature", "properties": { "内容": "SOMPOケア朝霞デイサービス【通所介護】埼玉県朝霞市根岸台3-6-12大興ビル1F", "url": "https://www.kaigokensaku.mhlw.go.jp/11/index.php?action_kouhyou_detail_004_kani=true&JigyosyoCd=1172101360-00&ServiceCd=150&Type=search", "url2": "https://www.sompocare.com/service/zaitaku/kaigo/Z000303?service=dayservice" }, "geometry": { "type": "Point", "coordinates": [ 139.61056480000002, 35.8063211 ] } },
{ "type": "Feature", "properties": { "内容": "朝霞ケアセンターそよ風【通所介護】埼玉県朝霞市溝沼1050-1", "url": "https://www.kaigokensaku.mhlw.go.jp/11/index.php?action_kouhyou_detail_004_kani=true&JigyosyoCd=1172100834-00&ServiceCd=150&Type=search", "url2": "http://www.sykz.co.jp/" }, "geometry": { "type": "Point", "coordinates": [ 139.586858600000028, 35.8066981 ] } },
{ "type": "Feature", "properties": { "内容": "ミアヘルサデイサービス朝霞【通所介護】埼玉県朝霞市三原1-11-22ミアヘルサオアシス朝霞１階", "url": "https://www.kaigokensaku.mhlw.go.jp/11/index.php?action_kouhyou_detail_004_kani=true&JigyosyoCd=1172101162-00&ServiceCd=150&Type=search", "url2": "http://www.merhalsa.jp" }, "geometry": { "type": "Point", "coordinates": [ 139.5776333, 35.8118449 ] } },
{ "type": "Feature", "properties": { "内容": "デイサービスセンター笑楽【通所介護】朝霞市膝折町1-2-8", "url": "https://www.kaigokensaku.mhlw.go.jp/11/index.php?action_kouhyou_detail_004_kani=true&JigyosyoCd=1172100719-00&ServiceCd=150&Type=search", "url2": "http://ds-waraku.com" }, "geometry": { "type": "Point", "coordinates": [ 139.585837746032695, 35.797059332532221 ] } },
{ "type": "Feature", "properties": { "内容": "デイサービスセンター　ハレルヤ【通所介護】埼玉県朝霞市溝沼１丁目５番６号", "url": "https://www.kaigokensaku.mhlw.go.jp/11/index.php?action_kouhyou_detail_004_kani=true&JigyosyoCd=1172100388-00&ServiceCd=150&Type=search", "url2": "https://yamayanagi.or.jp/hallelujah/" }, "geometry": { "type": "Point", "coordinates": [ 139.5892725, 35.7997741 ] } },
{ "type": "Feature", "properties": { "内容": "セレクトケアプラザ株式会社アカデミーサロン朝霞【通所介護】東弁財3-14-7ＷＪ・Ａ-12　１Ｆ", "url": "https://www.kaigokensaku.mhlw.go.jp/11/index.php?action_kouhyou_detail_004_kani=true&JigyosyoCd=1172101451-00&ServiceCd=150&Type=search", "url2": "http://www.scplaza.co.jp/" }, "geometry": { "type": "Point", "coordinates": [ 139.585553, 35.810731 ] } },
{ "type": "Feature", "properties": { "内容": "セレクトケアプラザ株式会社アカデミーサロン溝沼【通所介護】埼玉県朝霞市溝沼760朝霞溝沼医療センター1F", "url": "https://www.kaigokensaku.mhlw.go.jp/11/index.php?action_kouhyou_detail_004_kani=true&JigyosyoCd=1172101444-00&ServiceCd=150&Type=search", "url2": "http://www.scplaza.co.jp/" }, "geometry": { "type": "Point", "coordinates": [ 139.582717300000013, 35.8044901 ] } },
{ "type": "Feature", "properties": { "内容": "デイサービスセンター安心のおせわ～く広場【通所介護】埼玉県朝霞市西原一丁目７番１号", "url": "https://www.kaigokensaku.mhlw.go.jp/11/index.php?action_kouhyou_detail_004_kani=true&JigyosyoCd=1172100453-00&ServiceCd=150&Type=search", "url2": "http://www.lundal.co.jp/" }, "geometry": { "type": "Point", "coordinates": [ 139.588280400000031, 35.817133 ] } },
{ "type": "Feature", "properties": { "内容": "ビーナスプラス朝霞【通所介護】埼玉県朝霞市本町1-36-22グランドクレスト1F", "url": "https://www.kaigokensaku.mhlw.go.jp/11/index.php?action_kouhyou_detail_004_kani=true&JigyosyoCd=1172101766-00&ServiceCd=150&Type=search", "url2": "https://www.venus-comrade.co.jp/office/plus_asaka/" }, "geometry": { "type": "Point", "coordinates": [ 139.594009199999988, 35.8044581 ] } },
{ "type": "Feature", "properties": { "内容": "ツクイ志木中宗岡【平成25年度新規事業所】【通所介護】志木市中宗岡3--26-36", "url": "https://www.kaigokensaku.mhlw.go.jp/11/index.php?action_kouhyou_detail_004_kani=true&JigyosyoCd=1172200519-00&ServiceCd=150&Type=search", "url2": "http://www.tsukui.net" }, "geometry": { "type": "Point", "coordinates": [ 139.593209800000068, 35.8404998 ] } },
{ "type": "Feature", "properties": { "内容": "通所介護事業所　ブロン【通所介護】埼玉県志木市本町２丁目１０番５０号", "url": "https://www.kaigokensaku.mhlw.go.jp/11/index.php?action_kouhyou_detail_004_kani=true&JigyosyoCd=1172200097-00&ServiceCd=150&Type=search", "url2": "https://bron.or.jp" }, "geometry": { "type": "Point", "coordinates": [ 139.5821221, 35.8338699 ] } },
{ "type": "Feature", "properties": { "内容": "デイサービスセンター　ケアサポートしき【通所介護】埼玉県志木市上宗岡5-19-44イルミーナしき", "url": "https://www.kaigokensaku.mhlw.go.jp/11/index.php?action_kouhyou_detail_004_kani=true&JigyosyoCd=1172200568-00&ServiceCd=150&Type=search", "url2": "https://www.care-support.biz/" }, "geometry": { "type": "Point", "coordinates": [ 139.5842721, 35.8470293 ] } },
{ "type": "Feature", "properties": { "内容": "カインドケア志木【通所介護】本町１－１１－４１イネージュ1階", "url": "https://www.kaigokensaku.mhlw.go.jp/11/index.php?action_kouhyou_detail_004_kani=true&JigyosyoCd=1172200840-00&ServiceCd=150&Type=search", "url2": null }, "geometry": { "type": "Point", "coordinates": [ 139.984607099999948, 35.6995838 ] } },
{ "type": "Feature", "properties": { "内容": "デイサービスセンター　遊・志木上宗岡【通所介護】埼玉県志木市上宗岡3-6-36", "url": "https://www.kaigokensaku.mhlw.go.jp/11/index.php?action_kouhyou_detail_004_kani=true&JigyosyoCd=1172200337-00&ServiceCd=150&Type=search", "url2": "ds_kamimuneoka@kaigo.aisok.co.jp" }, "geometry": { "type": "Point", "coordinates": [ 139.5801689, 35.8505651 ] } },
{ "type": "Feature", "properties": { "内容": "志木ナーシングホーム【通所介護】埼玉県志木市柏町1-6-74", "url": "https://www.kaigokensaku.mhlw.go.jp/11/index.php?action_kouhyou_detail_004_kani=true&JigyosyoCd=1172200931-00&ServiceCd=150&Type=search", "url2": "http://www.kawatsuru-g.jp/" }, "geometry": { "type": "Point", "coordinates": [ 139.5757524, 35.8368333 ] } },
{ "type": "Feature", "properties": { "内容": "特別養護老人ホーム　志木の里【通所介護】埼玉県志木市柏町1-6-73", "url": "https://www.kaigokensaku.mhlw.go.jp/11/index.php?action_kouhyou_detail_004_kani=true&JigyosyoCd=1172200667-00&ServiceCd=150&Type=search", "url2": "http://www.kawatsuru-g.jp/" }, "geometry": { "type": "Point", "coordinates": [ 139.576153100000056, 35.8356752 ] } },
{ "type": "Feature", "properties": { "内容": "デイサービスセンター　志木瑞穂の森【通所介護】埼玉県志木市中宗岡3-16-53", "url": "https://www.kaigokensaku.mhlw.go.jp/11/index.php?action_kouhyou_detail_004_kani=true&JigyosyoCd=1172200634-00&ServiceCd=150&Type=search", "url2": "http://www.sakura-mizuhokai.or.jp" }, "geometry": { "type": "Point", "coordinates": [ 139.599652009786951, 35.83747856274082 ] } },
{ "type": "Feature", "properties": { "内容": "デイサービスセンター遊・志木中宗岡【通所介護】埼玉県志木市中宗岡1-19-61", "url": "https://www.kaigokensaku.mhlw.go.jp/11/index.php?action_kouhyou_detail_004_kani=true&JigyosyoCd=1172200238-00&ServiceCd=150&Type=search", "url2": "https://alsok.kaigo.co.jp" }, "geometry": { "type": "Point", "coordinates": [ 139.5868485, 35.8422705 ] } },
{ "type": "Feature", "properties": { "内容": "デイサービスセンター健康倶楽部志木幸町【通所介護】志木市幸町２－４－１６", "url": "https://www.kaigokensaku.mhlw.go.jp/11/index.php?action_kouhyou_detail_004_kani=true&JigyosyoCd=1172200352-00&ServiceCd=150&Type=search", "url2": "http://aimushiki.com/" }, "geometry": { "type": "Point", "coordinates": [ 139.568718, 35.8259236 ] } },
{ "type": "Feature", "properties": { "内容": "ケアヴィレッジライフ埼玉志木【通所介護】上宗岡5-1-37", "url": "https://www.kaigokensaku.mhlw.go.jp/11/index.php?action_kouhyou_detail_004_kani=true&JigyosyoCd=1172201053-00&ServiceCd=150&Type=search", "url2": null }, "geometry": { "type": "Point", "coordinates": [ 139.583096672036021, 35.842716869188457 ] } },
{ "type": "Feature", "properties": { "内容": "デイこころ【通所介護】中宗岡2-1-41こころ介護事業所", "url": "https://www.kaigokensaku.mhlw.go.jp/11/index.php?action_kouhyou_detail_004_kani=true&JigyosyoCd=1172201038-00&ServiceCd=150&Type=search", "url2": "https://kokoro-levron.com/" }, "geometry": { "type": "Point", "coordinates": [ 139.5886224, 35.8392854 ] } },
{ "type": "Feature", "properties": { "内容": "ゆめあい和光高齢者福祉センター【通所介護】埼玉県和光市南1丁目23番1号総合福祉会館２階", "url": "https://www.kaigokensaku.mhlw.go.jp/11/index.php?action_kouhyou_detail_004_kani=true&JigyosyoCd=1172300582-00&ServiceCd=150&Type=search", "url2": "http://www.wako-shakyo.or.jp" }, "geometry": { "type": "Point", "coordinates": [ 139.6026776, 35.7718077 ] } },
{ "type": "Feature", "properties": { "内容": "カインドケア和光【通所介護】埼玉県和光市下新倉2-3-6GIRASOL　WakoⅡ　1階", "url": "https://www.kaigokensaku.mhlw.go.jp/11/index.php?action_kouhyou_detail_004_kani=true&JigyosyoCd=1172300780-00&ServiceCd=150&Type=search", "url2": "https://www.kind-care.biz" }, "geometry": { "type": "Point", "coordinates": [ 139.6181952, 35.7877807 ] } },
{ "type": "Feature", "properties": { "内容": "エスケアステーション和光　デイサービス【通所介護】埼玉県和光市白子三丁目25番8号", "url": "https://www.kaigokensaku.mhlw.go.jp/11/index.php?action_kouhyou_detail_004_kani=true&JigyosyoCd=1172300640-00&ServiceCd=150&Type=search", "url2": "htt:/www.s-caremate.co.jp" }, "geometry": { "type": "Point", "coordinates": [ 139.631288367459092, 35.786442623490558 ] } },
{ "type": "Feature", "properties": { "内容": "ニチイケアセンター和光みなみ【通所介護】埼玉県和光市南１－２０－３５", "url": "https://www.kaigokensaku.mhlw.go.jp/11/index.php?action_kouhyou_detail_004_kani=true&JigyosyoCd=1172300152-00&ServiceCd=150&Type=search", "url2": "http://www.nichiigakkan.co.jp" }, "geometry": { "type": "Point", "coordinates": [ 139.605640799999946, 35.7722509 ] } },
{ "type": "Feature", "properties": { "内容": "ミアヘルサデイサービス和光【通所介護】埼玉県和光市新倉2-5-49", "url": "https://www.kaigokensaku.mhlw.go.jp/11/index.php?action_kouhyou_detail_004_kani=true&JigyosyoCd=1172300467-00&ServiceCd=150&Type=search", "url2": "https://www.merhalsa.jp/" }, "geometry": { "type": "Point", "coordinates": [ 139.619608500000027, 35.7942286 ] } },
{ "type": "Feature", "properties": { "内容": "デイサービス　ケアサポートわこう【通所介護】埼玉県和光市下新倉2-38-12", "url": "https://www.kaigokensaku.mhlw.go.jp/11/index.php?action_kouhyou_detail_004_kani=true&JigyosyoCd=1172300590-00&ServiceCd=150&Type=search", "url2": "http://www.care-support.biz" }, "geometry": { "type": "Point", "coordinates": [ 139.621980500000063, 35.7894044 ] } },
{ "type": "Feature", "properties": { "内容": "リーシェガーデン和光デイサービスセンター【通所介護】埼玉県和光市丸山台2-11-1", "url": "https://www.kaigokensaku.mhlw.go.jp/11/index.php?action_kouhyou_detail_004_kani=true&JigyosyoCd=1172300566-00&ServiceCd=150&Type=search", "url2": "https://www.ej-welfare.jp/" }, "geometry": { "type": "Point", "coordinates": [ 139.617140400000011, 35.7841683 ] } },
{ "type": "Feature", "properties": { "内容": "デイホームさわやか学舎【通所介護】新座市野火止二丁目７番１７号", "url": "https://www.kaigokensaku.mhlw.go.jp/11/index.php?action_kouhyou_detail_004_kani=true&JigyosyoCd=1175101284-00&ServiceCd=150&Type=search", "url2": "http://npo-sawayaka.or.jp/" }, "geometry": { "type": "Point", "coordinates": [ 139.559780600000067, 35.7874838 ] } },
{ "type": "Feature", "properties": { "内容": "かがやきデイサービス新座新堀【通所介護】新堀一丁目13番地32号", "url": "https://www.kaigokensaku.mhlw.go.jp/11/index.php?action_kouhyou_detail_004_kani=true&JigyosyoCd=1175102332-00&ServiceCd=150&Type=search", "url2": "http://www.ymmd.co.jp" }, "geometry": { "type": "Point", "coordinates": [ 139.532379600000013, 35.7710106 ] } },
{ "type": "Feature", "properties": { "内容": "コンパスウォーク新座栄【通所介護】埼玉県新座市栄４－５－３３KRマンション１階", "url": "https://www.kaigokensaku.mhlw.go.jp/11/index.php?action_kouhyou_detail_004_kani=true&JigyosyoCd=1175102274-00&ServiceCd=150&Type=search", "url2": null }, "geometry": { "type": "Point", "coordinates": [ 139.584076900000014, 35.774947 ] } },
{ "type": "Feature", "properties": { "内容": "通所介護事業所　菜々の郷【通所介護】埼玉県新座市馬場１丁目２番３５号", "url": "https://www.kaigokensaku.mhlw.go.jp/11/index.php?action_kouhyou_detail_004_kani=true&JigyosyoCd=1175101045-00&ServiceCd=150&Type=search", "url2": "http://www.niizafukushikai.or.jp" }, "geometry": { "type": "Point", "coordinates": [ 139.569963199999961, 35.7848788 ] } },
{ "type": "Feature", "properties": { "内容": "デイサービスセンター　りんりん【通所介護】埼玉県新座市堀ノ内3－1－13", "url": "https://www.kaigokensaku.mhlw.go.jp/11/index.php?action_kouhyou_detail_004_kani=true&JigyosyoCd=1175101995-00&ServiceCd=150&Type=search", "url2": "https://rinrindayservice.studio.site/" }, "geometry": { "type": "Point", "coordinates": [ 139.559075200000052, 35.7790182 ] } },
{ "type": "Feature", "properties": { "内容": "ミアヘルサデイサービス新座【通所介護】埼玉県新座市北野3-18-24", "url": "https://www.kaigokensaku.mhlw.go.jp/11/index.php?action_kouhyou_detail_004_kani=true&JigyosyoCd=1175101755-00&ServiceCd=150&Type=search", "url2": "http://www.merhalsa.jp" }, "geometry": { "type": "Point", "coordinates": [ 139.564950650262517, 35.81894433208101 ] } },
{ "type": "Feature", "properties": { "内容": "ケアサポートにいざ【通所介護】埼玉県新座市大和田1-8-2", "url": "https://www.kaigokensaku.mhlw.go.jp/11/index.php?action_kouhyou_detail_004_kani=true&JigyosyoCd=1175101516-00&ServiceCd=150&Type=search", "url2": "http//www.care-support.biz" }, "geometry": { "type": "Point", "coordinates": [ 139.551583899999969, 35.8069313 ] } },
{ "type": "Feature", "properties": { "内容": "老人デイサービスセンター晴和苑【通所介護】埼玉県新座市東３－７－２６", "url": "https://www.kaigokensaku.mhlw.go.jp/11/index.php?action_kouhyou_detail_004_kani=true&JigyosyoCd=1175100369-00&ServiceCd=150&Type=search", "url2": "http://www.seiwaen.jp/" }, "geometry": { "type": "Point", "coordinates": [ 139.572404099999972, 35.8147999 ] } },
{ "type": "Feature", "properties": { "内容": "デイサービスセンターみかんの里中野【通所介護】埼玉県新座市中野1-17-33", "url": "https://www.kaigokensaku.mhlw.go.jp/11/index.php?action_kouhyou_detail_004_kani=true&JigyosyoCd=1175100880-00&ServiceCd=150&Type=search", "url2": "http://mikann-sato.jp/" }, "geometry": { "type": "Point", "coordinates": [ 139.538689799999929, 35.8206237 ] } },
{ "type": "Feature", "properties": { "内容": "通所介護事業所　みかんの里【通所介護】埼玉県新座市中野1-17-33", "url": "https://www.kaigokensaku.mhlw.go.jp/11/index.php?action_kouhyou_detail_004_kani=true&JigyosyoCd=1175100245-00&ServiceCd=150&Type=search", "url2": "http://mikann-sato.jp/" }, "geometry": { "type": "Point", "coordinates": [ 139.538689799999929, 35.8206237 ] } },
{ "type": "Feature", "properties": { "内容": "デイサービスココファン新座石神【通所介護】埼玉県新座市石神1－6－7学研ココファン新座石神", "url": "https://www.kaigokensaku.mhlw.go.jp/11/index.php?action_kouhyou_detail_004_kani=true&JigyosyoCd=1175101615-00&ServiceCd=150&Type=search", "url2": "hyyp://www.cocofump.co.jp" }, "geometry": { "type": "Point", "coordinates": [ 139.55137160000001, 35.7715459 ] } },
{ "type": "Feature", "properties": { "内容": "アシストMIZUHO【通所介護】埼玉県新座市新座1-12-7", "url": "https://www.kaigokensaku.mhlw.go.jp/11/index.php?action_kouhyou_detail_004_kani=true&JigyosyoCd=1175102217-00&ServiceCd=150&Type=search", "url2": "https://mizuhokai.or.jp/shiki-mizuhono-sato/kyoyaku/index10.html" }, "geometry": { "type": "Point", "coordinates": [ 139.5598866, 35.8180647 ] } },
{ "type": "Feature", "properties": { "内容": "かがやきデイサービス新座中央【通所介護】野火止1-14-22", "url": "https://www.kaigokensaku.mhlw.go.jp/11/index.php?action_kouhyou_detail_004_kani=true&JigyosyoCd=1175101730-00&ServiceCd=150&Type=search", "url2": null }, "geometry": { "type": "Point", "coordinates": [ 139.568383399999988, 35.7926666 ] } },
{ "type": "Feature", "properties": { "内容": "ヒューマンライフケア栄の湯【通所介護】新座市栄２－１０－８", "url": "https://www.kaigokensaku.mhlw.go.jp/11/index.php?action_kouhyou_detail_004_kani=true&JigyosyoCd=1175101466-00&ServiceCd=150&Type=search", "url2": "https://kaigo.human-lifecare.jp/facilities/ds034_Sakae/summary.html" }, "geometry": { "type": "Point", "coordinates": [ 139.576947877551731, 35.774057174193558 ] } },
{ "type": "Feature", "properties": { "内容": "健康倶楽部新座【通所介護】埼玉県新座市中野1－5－5", "url": "https://www.kaigokensaku.mhlw.go.jp/11/index.php?action_kouhyou_detail_004_kani=true&JigyosyoCd=1175100781-00&ServiceCd=150&Type=search", "url2": "http://care-net-.biz-kenkou-club/index.htm" }, "geometry": { "type": "Point", "coordinates": [ 139.5449423, 35.8167244 ] } },
{ "type": "Feature", "properties": { "内容": "新座ケアセンターそよ風【通所介護】埼玉県新座市野寺２－５－１９", "url": "https://www.kaigokensaku.mhlw.go.jp/11/index.php?action_kouhyou_detail_004_kani=true&JigyosyoCd=1175100963-00&ServiceCd=150&Type=search", "url2": "http://www.soyokaze-mcj.com" }, "geometry": { "type": "Point", "coordinates": [ 139.5600336, 35.7666086 ] } },
{ "type": "Feature", "properties": { "内容": "ツクイ新座【通所介護】埼玉県新座市道場2-6-3", "url": "https://www.kaigokensaku.mhlw.go.jp/11/index.php?action_kouhyou_detail_004_kani=true&JigyosyoCd=1175102084-00&ServiceCd=150&Type=search", "url2": "https://www.tsukui.net/" }, "geometry": { "type": "Point", "coordinates": [ 139.563074639425622, 35.77410568036656 ] } },
{ "type": "Feature", "properties": { "内容": "ビーナスプラスにいざ志木【通所介護】埼玉県新座市東北2-25-11かきの木マンション1階", "url": "https://www.kaigokensaku.mhlw.go.jp/11/index.php?action_kouhyou_detail_004_kani=true&JigyosyoCd=1175102399-00&ServiceCd=150&Type=search", "url2": null }, "geometry": { "type": "Point", "coordinates": [ 139.574700400000012, 35.819442 ] } },
{ "type": "Feature", "properties": { "内容": "ご長寿くらぶ新座・西堀【通所介護】埼玉県新座市西堀2-15-10", "url": "https://www.kaigokensaku.mhlw.go.jp/11/index.php?action_kouhyou_detail_004_kani=true&JigyosyoCd=1175102183-00&ServiceCd=150&Type=search", "url2": "http://gocyoujuclub.com/" }, "geometry": { "type": "Point", "coordinates": [ 139.5391372, 35.7747976 ] } },
{ "type": "Feature", "properties": { "内容": "ブルーミングケア新座片山【通所介護】埼玉県新座市片山3-18-4", "url": "https://www.kaigokensaku.mhlw.go.jp/11/index.php?action_kouhyou_detail_004_kani=true&JigyosyoCd=1175102308-00&ServiceCd=150&Type=search", "url2": "https://www.bmc-mlab.com/" }, "geometry": { "type": "Point", "coordinates": [ 139.565042382278449, 35.764523292465398 ] } },
{ "type": "Feature", "properties": { "内容": "こもれびとぴあ桶西【通所介護】埼玉県桶川市川田谷6222-3", "url": "https://www.kaigokensaku.mhlw.go.jp/11/index.php?action_kouhyou_detail_004_kani=true&JigyosyoCd=1175201449-00&ServiceCd=150&Type=search", "url2": "https://primehouse-y2m.com/" }, "geometry": { "type": "Point", "coordinates": [ 139.53258740000004, 36.012112 ] } },
{ "type": "Feature", "properties": { "内容": "デイサービスあいの里【通所介護】埼玉県桶川市加納８４－１０", "url": "https://www.kaigokensaku.mhlw.go.jp/11/index.php?action_kouhyou_detail_004_kani=true&JigyosyoCd=1175201118-00&ServiceCd=150&Type=search", "url2": "https://www.ainosato.net/" }, "geometry": { "type": "Point", "coordinates": [ 139.55476242394252, 36.012686967098375 ] } },
{ "type": "Feature", "properties": { "内容": "HYAKU-WAKU桶川【通所介護】埼玉県桶川市泉1-8-17", "url": "https://www.kaigokensaku.mhlw.go.jp/11/index.php?action_kouhyou_detail_004_kani=true&JigyosyoCd=1175200722-00&ServiceCd=150&Type=search", "url2": "http://eijuso.com/" }, "geometry": { "type": "Point", "coordinates": [ 139.557092984177984, 36.000023595847416 ] } },
{ "type": "Feature", "properties": { "内容": "桶川ケアセンターそよ風【通所介護】埼玉県桶川市上日出谷1245-2", "url": "https://www.kaigokensaku.mhlw.go.jp/11/index.php?action_kouhyou_detail_004_kani=true&JigyosyoCd=1175200409-00&ServiceCd=150&Type=search", "url2": "http://www.sykz.co.jp" }, "geometry": { "type": "Point", "coordinates": [ 139.548194700000067, 36.0050488 ] } },
{ "type": "Feature", "properties": { "内容": "自律介護　デイライフケア　あゆみ　桶川店【通所介護】埼玉県桶川市加納93番地1", "url": "https://www.kaigokensaku.mhlw.go.jp/11/index.php?action_kouhyou_detail_004_kani=true&JigyosyoCd=1175201340-00&ServiceCd=150&Type=search", "url2": "https://www.y-iqs.com/ayumi/" }, "geometry": { "type": "Point", "coordinates": [ 139.554895913491805, 36.014967972551865 ] } },
{ "type": "Feature", "properties": { "内容": "コンパスウォーク桶川プレミア【通所介護】埼玉県桶川市西2‐5‐7", "url": "https://www.kaigokensaku.mhlw.go.jp/11/index.php?action_kouhyou_detail_004_kani=true&JigyosyoCd=1175201266-00&ServiceCd=150&Type=search", "url2": "https://fukushi.heart-service.com/page.php?gr=service03" }, "geometry": { "type": "Point", "coordinates": [ 139.557956499999989, 36.005646900000016 ] } },
{ "type": "Feature", "properties": { "内容": "桶川ひまわりケアサポート【通所介護】埼玉県桶川市坂田西3-54-1", "url": "https://www.kaigokensaku.mhlw.go.jp/11/index.php?action_kouhyou_detail_004_kani=true&JigyosyoCd=1175200789-00&ServiceCd=150&Type=search", "url2": "http://ひまわりケアサポート.com/" }, "geometry": { "type": "Point", "coordinates": [ 139.57183329999998, 36.0154515 ] } },
{ "type": "Feature", "properties": { "内容": "クイーンズビラ桶川デイサービスセンター【通所介護】埼玉県桶川市坂田845-1", "url": "https://www.kaigokensaku.mhlw.go.jp/11/index.php?action_kouhyou_detail_004_kani=true&JigyosyoCd=1175200888-00&ServiceCd=150&Type=search", "url2": "okegawa@queensvilla.com" }, "geometry": { "type": "Point", "coordinates": [ 139.578719532940681, 36.022645393655395 ] } },
{ "type": "Feature", "properties": { "内容": "リハビリデイサービス　アクティ桶川【通所介護】埼玉県桶川市鴨川1丁目5－8", "url": "https://www.kaigokensaku.mhlw.go.jp/11/index.php?action_kouhyou_detail_004_kani=true&JigyosyoCd=1175201233-00&ServiceCd=150&Type=search", "url2": "http://acty-dayreha.jp" }, "geometry": { "type": "Point", "coordinates": [ 139.559807, 35.9958212 ] } },
{ "type": "Feature", "properties": { "内容": "デイサービス　山ぼうし【通所介護】埼玉県桶川市寿２－１６－１９", "url": "https://www.kaigokensaku.mhlw.go.jp/11/index.php?action_kouhyou_detail_004_kani=true&JigyosyoCd=1175200706-00&ServiceCd=150&Type=search", "url2": null }, "geometry": { "type": "Point", "coordinates": [ 139.568562500000013, 36.0030287 ] } },
{ "type": "Feature", "properties": { "内容": "サ－ビス付高齢者向け住宅　エクラシア桶川【通所介護】埼玉県桶川市坂田西3-1-2エクラシア桶川", "url": "https://www.kaigokensaku.mhlw.go.jp/11/index.php?action_kouhyou_detail_004_kani=true&JigyosyoCd=1175201100-00&ServiceCd=150&Type=search", "url2": null }, "geometry": { "type": "Point", "coordinates": [ 139.5665081, 36.0135182 ] } },
{ "type": "Feature", "properties": { "内容": "日々トレはると桶川下日出谷【通所介護】埼玉県桶川市下日出谷943-179桶川日出谷住宅1F", "url": "https://www.kaigokensaku.mhlw.go.jp/11/index.php?action_kouhyou_detail_004_kani=true&JigyosyoCd=1175201167-00&ServiceCd=150&Type=search", "url2": "http://www.arrow-net.com/" }, "geometry": { "type": "Point", "coordinates": [ 139.550562899999989, 36.0023225 ] } },
{ "type": "Feature", "properties": { "内容": "デイサービスセンター遊・菖蒲【通所介護】埼玉県久喜市菖蒲町下栢間2362", "url": "https://www.kaigokensaku.mhlw.go.jp/11/index.php?action_kouhyou_detail_004_kani=true&JigyosyoCd=1170500746-00&ServiceCd=150&Type=search", "url2": "https://kaigo.alsok.co.jp/facility/search/?prefecture_id=11&service_category_cate=service_category_care&service_category_care=service_category_0&q=%E8%8F%96%E8%92%B2" }, "geometry": { "type": "Point", "coordinates": [ 139.5888774, 36.0337837 ] } },
{ "type": "Feature", "properties": { "内容": "全研リビング久喜弐番館【通所介護】埼玉県久喜市本町5-10-25", "url": "https://www.kaigokensaku.mhlw.go.jp/11/index.php?action_kouhyou_detail_004_kani=true&JigyosyoCd=1170901803-00&ServiceCd=150&Type=search", "url2": "https://www.zenken-living.jp" }, "geometry": { "type": "Point", "coordinates": [ 139.665019300000012, 36.0711638 ] } },
{ "type": "Feature", "properties": { "内容": "全研リビング久喜壱番館【通所介護】埼玉県久喜市本町5-10-26", "url": "https://www.kaigokensaku.mhlw.go.jp/11/index.php?action_kouhyou_detail_004_kani=true&JigyosyoCd=1170901795-00&ServiceCd=150&Type=search", "url2": "https://www.zenken-living.jp" }, "geometry": { "type": "Point", "coordinates": [ 139.6648399, 36.0713232 ] } },
{ "type": "Feature", "properties": { "内容": "全研リビング久喜参番館【通所介護】埼玉県久喜市鷲宮6-5-19", "url": "https://www.kaigokensaku.mhlw.go.jp/11/index.php?action_kouhyou_detail_004_kani=true&JigyosyoCd=1170901829-00&ServiceCd=150&Type=search", "url2": "https://www.zenken-living.jp" }, "geometry": { "type": "Point", "coordinates": [ 139.6725745, 36.1000592 ] } },
{ "type": "Feature", "properties": { "内容": "久喜ケアセンターそよ風【通所介護】埼玉県久喜市青葉5-18-4", "url": "https://www.kaigokensaku.mhlw.go.jp/11/index.php?action_kouhyou_detail_004_kani=true&JigyosyoCd=1170901712-00&ServiceCd=150&Type=search", "url2": "https://www.unimat-rc.co.jp/" }, "geometry": { "type": "Point", "coordinates": [ 139.6961581, 36.0659821 ] } },
{ "type": "Feature", "properties": { "内容": "指定通所介護事業所久喜の里【通所介護】久喜市下早見１７２８番地１", "url": "https://www.kaigokensaku.mhlw.go.jp/11/index.php?action_kouhyou_detail_004_kani=true&JigyosyoCd=1170900060-00&ServiceCd=150&Type=search", "url2": "kukinosa@wonder.ocn.ne.jp" }, "geometry": { "type": "Point", "coordinates": [ 139.653595, 36.0506833 ] } },
{ "type": "Feature", "properties": { "内容": "鶴寿荘デイサービスセンター【通所介護】埼玉県久喜市北青柳1364", "url": "https://www.kaigokensaku.mhlw.go.jp/11/index.php?action_kouhyou_detail_004_kani=true&JigyosyoCd=1170900185-00&ServiceCd=150&Type=search", "url2": "http://www9.ocn.ne.jp/~kakuju/" }, "geometry": { "type": "Point", "coordinates": [ 139.661486100000047, 36.0518941 ] } },
{ "type": "Feature", "properties": { "内容": "デイサービスCORE【通所介護】埼玉県久喜市栗原2丁目1‐10", "url": "https://www.kaigokensaku.mhlw.go.jp/11/index.php?action_kouhyou_detail_004_kani=true&JigyosyoCd=1170900938-00&ServiceCd=150&Type=search", "url2": "http://core-happy.jp/" }, "geometry": { "type": "Point", "coordinates": [ 139.70276530000001, 36.073572100000014 ] } },
{ "type": "Feature", "properties": { "内容": "ゆとり野デイサービスセンター【通所介護】久喜市菖蒲町上大崎736番地", "url": "https://www.kaigokensaku.mhlw.go.jp/11/index.php?action_kouhyou_detail_004_kani=true&JigyosyoCd=1170500530-00&ServiceCd=150&Type=search", "url2": "http://www.syoubunosato.jp" }, "geometry": { "type": "Point", "coordinates": [ 139.604326971966572, 36.058824926738623 ] } },
{ "type": "Feature", "properties": { "内容": "しょうぶの里デイサービスセンター【通所介護】久喜市菖蒲町下栢間２８１５番地１", "url": "https://www.kaigokensaku.mhlw.go.jp/11/index.php?action_kouhyou_detail_004_kani=true&JigyosyoCd=1170500191-00&ServiceCd=150&Type=search", "url2": "http://www.syoubunosato.jp" }, "geometry": { "type": "Point", "coordinates": [ 139.574351200000024, 36.0369052 ] } },
{ "type": "Feature", "properties": { "内容": "コンパスウォーク南栗橋【通所介護】埼玉県久喜市南栗橋１丁目１番地５川村ビル１階", "url": "https://www.kaigokensaku.mhlw.go.jp/11/index.php?action_kouhyou_detail_004_kani=true&JigyosyoCd=1170901837-00&ServiceCd=150&Type=search", "url2": null }, "geometry": { "type": "Point", "coordinates": [ 139.713622, 36.1131034 ] } },
{ "type": "Feature", "properties": { "内容": "ふれあいデイサービスセンター鶴寿【通所介護】埼玉県久喜市青毛753-1ふれあいセンター久喜内", "url": "https://www.kaigokensaku.mhlw.go.jp/11/index.php?action_kouhyou_detail_004_kani=true&JigyosyoCd=1170900193-00&ServiceCd=150&Type=search", "url2": "http://www.kakuju.saitama.jp/" }, "geometry": { "type": "Point", "coordinates": [ 139.693265900000029, 36.0722608 ] } },
{ "type": "Feature", "properties": { "内容": "栗橋翔裕園デイサービスセンター【通所介護】埼玉県久喜市栗橋310-1", "url": "https://www.kaigokensaku.mhlw.go.jp/11/index.php?action_kouhyou_detail_004_kani=true&JigyosyoCd=1171100298-00&ServiceCd=150&Type=search", "url2": "https://www.genkimuragroup.jp/facilitylist/kurihashi/" }, "geometry": { "type": "Point", "coordinates": [ 139.703554899999972, 36.1257159 ] } },
{ "type": "Feature", "properties": { "内容": "社会福祉法人　大樹会　デイサービス鷲宮苑【通所介護】埼玉県久喜市上川崎607番地", "url": "https://www.kaigokensaku.mhlw.go.jp/11/index.php?action_kouhyou_detail_004_kani=true&JigyosyoCd=1171100413-00&ServiceCd=150&Type=search", "url2": "https://taijukai.com" }, "geometry": { "type": "Point", "coordinates": [ 139.692324099999951, 36.0805459 ] } },
{ "type": "Feature", "properties": { "内容": "デイサービスセンター恒寿苑【通所介護】埼玉県久喜市中妻902-1", "url": "https://www.kaigokensaku.mhlw.go.jp/11/index.php?action_kouhyou_detail_004_kani=true&JigyosyoCd=1171100330-00&ServiceCd=150&Type=search", "url2": "http://www.koujuen.com" }, "geometry": { "type": "Point", "coordinates": [ 139.645174600000018, 36.0886193 ] } },
{ "type": "Feature", "properties": { "内容": "デイサービスあんしん久喜和華の館【通所介護】埼玉県久喜市本町1-3-16", "url": "https://www.kaigokensaku.mhlw.go.jp/11/index.php?action_kouhyou_detail_004_kani=true&JigyosyoCd=1170901407-00&ServiceCd=150&Type=search", "url2": "http://hp.kaipoke.biz/5a3/98379/base_0004.html" }, "geometry": { "type": "Point", "coordinates": [ -8.24389, 53.41291 ] } },
{ "type": "Feature", "properties": { "内容": "ソレアード久喜　デイサービスセンター【通所介護】埼玉県久喜市栗原1-15-10", "url": "https://www.kaigokensaku.mhlw.go.jp/11/index.php?action_kouhyou_detail_004_kani=true&JigyosyoCd=1170900532-00&ServiceCd=150&Type=search", "url2": "http://www.soleado.jp/" }, "geometry": { "type": "Point", "coordinates": [ 139.704298800000061, 36.0682589 ] } },
{ "type": "Feature", "properties": { "内容": "デイサービスセンターきらら【通所介護】埼玉県久喜市伊坂北2-15-15", "url": "https://www.kaigokensaku.mhlw.go.jp/11/index.php?action_kouhyou_detail_004_kani=true&JigyosyoCd=1171100710-00&ServiceCd=150&Type=search", "url2": "http://keiaikai-j.jp" }, "geometry": { "type": "Point", "coordinates": [ 139.692908200000034, 36.1407582 ] } },
{ "type": "Feature", "properties": { "内容": "ツクイ久喜【通所介護】埼玉県久喜市上町10-12", "url": "https://www.kaigokensaku.mhlw.go.jp/11/index.php?action_kouhyou_detail_004_kani=true&JigyosyoCd=1170901571-00&ServiceCd=150&Type=search", "url2": "https://corp.tsukui.net" }, "geometry": { "type": "Point", "coordinates": [ 139.658396215164061, 36.070732323466906 ] } },
{ "type": "Feature", "properties": { "内容": "埼玉県久喜市南栗橋9丁目9番地１【通所介護】埼玉県久喜市南栗橋9丁目9番地１", "url": "https://www.kaigokensaku.mhlw.go.jp/11/index.php?action_kouhyou_detail_004_kani=true&JigyosyoCd=1170901753-00&ServiceCd=150&Type=search", "url2": "https://sincere-gri.com/048_minamikurihashids/service.html" }, "geometry": { "type": "Point", "coordinates": [ 139.7066299, 36.1118985 ] } },
{ "type": "Feature", "properties": { "内容": "シルバーベターライフ菖蒲【通所介護】埼玉県久喜市菖蒲町菖蒲112-1", "url": "https://www.kaigokensaku.mhlw.go.jp/11/index.php?action_kouhyou_detail_004_kani=true&JigyosyoCd=1170901530-00&ServiceCd=150&Type=search", "url2": "http://kan-fukushi-service.co.jp" }, "geometry": { "type": "Point", "coordinates": [ 139.602802124467416, 36.062841783141423 ] } },
{ "type": "Feature", "properties": { "内容": "しょうぶ翔裕園デイサービスセンター【通所介護】埼玉県久喜市菖蒲町菖蒲5205番", "url": "https://www.kaigokensaku.mhlw.go.jp/11/index.php?action_kouhyou_detail_004_kani=true&JigyosyoCd=1170901548-00&ServiceCd=150&Type=search", "url2": "https://www.genkimuragroup.jp/genkimura/shobu" }, "geometry": { "type": "Point", "coordinates": [ 139.606963, 36.0727506 ] } },
{ "type": "Feature", "properties": { "内容": "コンパスウォーク久喜菖蒲【通所介護】菖蒲町下栢間2741-1", "url": "https://www.kaigokensaku.mhlw.go.jp/11/index.php?action_kouhyou_detail_004_kani=true&JigyosyoCd=1170901977-00&ServiceCd=150&Type=search", "url2": null }, "geometry": { "type": "Point", "coordinates": [ 139.5775643, 36.0357216 ] } },
{ "type": "Feature", "properties": { "内容": "エルダリゾートショッピングクラブ【通所介護】埼玉県久喜市久本寺谷田７番地1アリオモール２F", "url": "https://www.kaigokensaku.mhlw.go.jp/11/index.php?action_kouhyou_detail_004_kani=true&JigyosyoCd=1170901951-00&ServiceCd=150&Type=search", "url2": null }, "geometry": { "type": "Point", "coordinates": [ 139.661608072491475, 36.078784194864291 ] } },
{ "type": "Feature", "properties": { "内容": "プラウドビラ栗橋デイセンター【通所介護】埼玉県久喜市佐間787-5プラウドビラ栗橋", "url": "https://www.kaigokensaku.mhlw.go.jp/11/index.php?action_kouhyou_detail_004_kani=true&JigyosyoCd=1170900763-00&ServiceCd=150&Type=search", "url2": null }, "geometry": { "type": "Point", "coordinates": [ 139.682503200000014, 36.1231145 ] } },
{ "type": "Feature", "properties": { "内容": "ツクイ北本【通所介護】北本市本宿2-63-1", "url": "https://www.kaigokensaku.mhlw.go.jp/11/index.php?action_kouhyou_detail_004_kani=true&JigyosyoCd=1175300522-00&ServiceCd=150&Type=search", "url2": "http://www.tsukui.net" }, "geometry": { "type": "Point", "coordinates": [ 139.53898270000002, 36.029971 ] } },
{ "type": "Feature", "properties": { "内容": "デイサービス　ココファン北本【通所介護】北本市中央2-95", "url": "https://www.kaigokensaku.mhlw.go.jp/11/index.php?action_kouhyou_detail_004_kani=true&JigyosyoCd=1175300647-00&ServiceCd=150&Type=search", "url2": "kitamoto-tsusho@cocofump.co.jp" }, "geometry": { "type": "Point", "coordinates": [ 139.533299599999964, 36.03059 ] } },
{ "type": "Feature", "properties": { "内容": "北本ひまわりANNEX【通所介護】埼玉県北本市中丸7-52-4", "url": "https://www.kaigokensaku.mhlw.go.jp/11/index.php?action_kouhyou_detail_004_kani=true&JigyosyoCd=1175300985-00&ServiceCd=150&Type=search", "url2": null }, "geometry": { "type": "Point", "coordinates": [ 139.5530196, 36.0179385 ] } },
{ "type": "Feature", "properties": { "内容": "北本市社会福祉協議会【通所介護】北本市高尾1丁目180番地北本市総合福祉センター", "url": "https://www.kaigokensaku.mhlw.go.jp/11/index.php?action_kouhyou_detail_004_kani=true&JigyosyoCd=1175300357-00&ServiceCd=150&Type=search", "url2": "http://wwwb.jnc.ne.jp/kita-sha/" }, "geometry": { "type": "Point", "coordinates": [ 139.519131499999958, 36.0265341 ] } },
{ "type": "Feature", "properties": { "内容": "かがやきデイサービス北本【通所介護】埼玉県北本市西高尾3-83-1", "url": "https://www.kaigokensaku.mhlw.go.jp/11/index.php?action_kouhyou_detail_004_kani=true&JigyosyoCd=1175300746-00&ServiceCd=150&Type=search", "url2": "www.ymmd.co.jp" }, "geometry": { "type": "Point", "coordinates": [ 139.526368899999966, 36.0309854 ] } },
{ "type": "Feature", "properties": { "内容": "あずみ苑北本【通所介護】本町7-156-1", "url": "https://www.kaigokensaku.mhlw.go.jp/11/index.php?action_kouhyou_detail_004_kani=true&JigyosyoCd=1175300449-00&ServiceCd=150&Type=search", "url2": "https://www.azumien.jp" }, "geometry": { "type": "Point", "coordinates": [ 139.983484800000014, 35.7044555 ] } },
{ "type": "Feature", "properties": { "内容": "早稲田イーライフ北本【通所介護】埼玉県北本市本宿８－４０", "url": "https://www.kaigokensaku.mhlw.go.jp/11/index.php?action_kouhyou_detail_004_kani=true&JigyosyoCd=1175300860-00&ServiceCd=150&Type=search", "url2": null }, "geometry": { "type": "Point", "coordinates": [ 139.5400521, 36.0259149 ] } },
{ "type": "Feature", "properties": { "内容": "デイサービスセンターきたもと寿苑【通所介護】埼玉県北本市二ツ家３丁目１１３－３", "url": "https://www.kaigokensaku.mhlw.go.jp/11/index.php?action_kouhyou_detail_004_kani=true&JigyosyoCd=1175300720-00&ServiceCd=150&Type=search", "url2": "http://care-net.biz/11/ikmk-jp/" }, "geometry": { "type": "Point", "coordinates": [ 139.552447890652473, 36.014538330101225 ] } },
{ "type": "Feature", "properties": { "内容": "ニチイケアセンター北本【通所介護】埼玉県北本市北本３丁目１１２番", "url": "https://www.kaigokensaku.mhlw.go.jp/11/index.php?action_kouhyou_detail_004_kani=true&JigyosyoCd=1175300605-00&ServiceCd=150&Type=search", "url2": "http://www.nichiigakkan.co.jp" }, "geometry": { "type": "Point", "coordinates": [ 139.536846400000059, 36.034787100000017 ] } },
{ "type": "Feature", "properties": { "内容": "デイサービス松の家【通所介護】埼玉県北本市東間６－６１", "url": "https://www.kaigokensaku.mhlw.go.jp/11/index.php?action_kouhyou_detail_004_kani=true&JigyosyoCd=1175300431-00&ServiceCd=150&Type=search", "url2": "https://matsunoie.com/kitamoto/" }, "geometry": { "type": "Point", "coordinates": [ 139.527407899999957, 36.0429496 ] } },
{ "type": "Feature", "properties": { "内容": "日々トレはると北本二ツ家【通所介護】埼玉県北本市二ツ家4-88-1北本ショッピングプラザE棟203号", "url": "https://www.kaigokensaku.mhlw.go.jp/11/index.php?action_kouhyou_detail_004_kani=true&JigyosyoCd=1175301041-00&ServiceCd=150&Type=search", "url2": "https://www.arrow-net.com/kaigo.html" }, "geometry": { "type": "Point", "coordinates": [ 139.5532213, 36.0118229 ] } },
{ "type": "Feature", "properties": { "内容": "あずみ苑　八潮【通所介護】八條3636-1", "url": "https://www.kaigokensaku.mhlw.go.jp/11/index.php?action_kouhyou_detail_004_kani=true&JigyosyoCd=1171000399-00&ServiceCd=150&Type=search", "url2": "https://www.azumien.jp/" }, "geometry": { "type": "Point", "coordinates": [ 139.8416679, 35.8436336 ] } },
{ "type": "Feature", "properties": { "内容": "ヴィレク-ル【通所介護】八潮市大字八條字幸ノ宮2627番地", "url": "https://www.kaigokensaku.mhlw.go.jp/11/index.php?action_kouhyou_detail_004_kani=true&JigyosyoCd=1171000910-00&ServiceCd=150&Type=search", "url2": null }, "geometry": { "type": "Point", "coordinates": [ 139.8419, 35.84007 ] } },
{ "type": "Feature", "properties": { "内容": "デイサービスぽっかぽか【通所介護】埼玉県八潮市大字八條５０番地", "url": "https://www.kaigokensaku.mhlw.go.jp/11/index.php?action_kouhyou_detail_004_kani=true&JigyosyoCd=1171000225-00&ServiceCd=150&Type=search", "url2": "http://www4.ocn.ne.jp/~eiwapoka" }, "geometry": { "type": "Point", "coordinates": [ 139.838229400000046, 35.8574533 ] } },
{ "type": "Feature", "properties": { "内容": "ベストケア・デイサービスセンター八潮【通所介護】埼玉県八潮市中央３丁目１２番１３号MーArk　１階", "url": "https://www.kaigokensaku.mhlw.go.jp/11/index.php?action_kouhyou_detail_004_kani=true&JigyosyoCd=1171000647-00&ServiceCd=150&Type=search", "url2": "http://www.best-care.jp/" }, "geometry": { "type": "Point", "coordinates": [ 139.8318031, 35.820697400000014 ] } },
{ "type": "Feature", "properties": { "内容": "デイサービスセンターやしお寿苑【通所介護】埼玉県八潮市大字八條字入谷294-4", "url": "https://www.kaigokensaku.mhlw.go.jp/11/index.php?action_kouhyou_detail_004_kani=true&JigyosyoCd=1171000142-00&ServiceCd=150&Type=search", "url2": "http://yashiokotobukien.jp/" }, "geometry": { "type": "Point", "coordinates": [ 139.835190454908826, 35.853205514917846 ] } },
{ "type": "Feature", "properties": { "内容": "やしお苑【通所介護】埼玉県八潮市南川崎210-1", "url": "https://www.kaigokensaku.mhlw.go.jp/11/index.php?action_kouhyou_detail_004_kani=true&JigyosyoCd=1171000092-00&ServiceCd=150&Type=search", "url2": "https://www.nagurien.or.jp" }, "geometry": { "type": "Point", "coordinates": [ 139.860568100000023, 35.8116599 ] } },
{ "type": "Feature", "properties": { "内容": "フォセットデイサービス八潮【通所介護】埼玉県八潮市古新田568-1フォセットデイサービス八潮", "url": "https://www.kaigokensaku.mhlw.go.jp/11/index.php?action_kouhyou_detail_004_kani=true&JigyosyoCd=1171000753-00&ServiceCd=150&Type=search", "url2": "http://www.e-fossette.jp" }, "geometry": { "type": "Point", "coordinates": [ 139.846258611947746, 35.802162994946165 ] } },
{ "type": "Feature", "properties": { "内容": "八潮ケアセンターそよ風【通所介護】埼玉県八潮市中央3-1-12", "url": "https://www.kaigokensaku.mhlw.go.jp/11/index.php?action_kouhyou_detail_004_kani=true&JigyosyoCd=1171000175-00&ServiceCd=150&Type=search", "url2": null }, "geometry": { "type": "Point", "coordinates": [ 139.833014, 35.8215417 ] } },
{ "type": "Feature", "properties": { "内容": "ブルーミングケア八潮大瀬【通所介護】埼玉県八潮市大瀬4-21-2", "url": "https://www.kaigokensaku.mhlw.go.jp/11/index.php?action_kouhyou_detail_004_kani=true&JigyosyoCd=1171000795-00&ServiceCd=150&Type=search", "url2": null }, "geometry": { "type": "Point", "coordinates": [ 139.850231099999974, 35.8039937 ] } },
{ "type": "Feature", "properties": { "内容": "ご長寿くらぶ八潮みもざ【通所介護】埼玉県八潮市大字二丁目1293-18", "url": "https://www.kaigokensaku.mhlw.go.jp/11/index.php?action_kouhyou_detail_004_kani=true&JigyosyoCd=1171000928-00&ServiceCd=150&Type=search", "url2": null }, "geometry": { "type": "Point", "coordinates": [ 139.8432096, 35.8189951 ] } },
{ "type": "Feature", "properties": { "内容": "ツクイ八潮緑町【通所介護】埼玉県八潮市緑町3丁目1-1", "url": "https://www.kaigokensaku.mhlw.go.jp/11/index.php?action_kouhyou_detail_004_kani=true&JigyosyoCd=1171000209-00&ServiceCd=150&Type=search", "url2": "http://www.tsukui.net" }, "geometry": { "type": "Point", "coordinates": [ 139.832159094689928, 35.829475609439207 ] } },
{ "type": "Feature", "properties": { "内容": "デイサービスだいね鶴瀬【通所介護】埼玉県富士見市関沢１－２－３０", "url": "https://www.kaigokensaku.mhlw.go.jp/11/index.php?action_kouhyou_detail_004_kani=true&JigyosyoCd=1172901181-00&ServiceCd=150&Type=search", "url2": "www.daineinc.com" }, "geometry": { "type": "Point", "coordinates": [ 139.54226, 35.8444532 ] } },
{ "type": "Feature", "properties": { "内容": "富士見ケアセンターそよ風【通所介護】埼玉県富士見市大字鶴馬3547-12", "url": "https://www.kaigokensaku.mhlw.go.jp/11/index.php?action_kouhyou_detail_004_kani=true&JigyosyoCd=1172900845-00&ServiceCd=150&Type=search", "url2": null }, "geometry": { "type": "Point", "coordinates": [ 139.5353864, 35.8430515 ] } },
{ "type": "Feature", "properties": { "内容": "コンパスウオーク鶴瀬東【通所介護】鶴瀬東2-20-6", "url": "https://www.kaigokensaku.mhlw.go.jp/11/index.php?action_kouhyou_detail_004_kani=true&JigyosyoCd=1172901330-00&ServiceCd=150&Type=search", "url2": "https://kinoukaifuku.com/?p=3347" }, "geometry": { "type": "Point", "coordinates": [ 139.538050199999986, 35.8496864 ] } },
{ "type": "Feature", "properties": { "内容": "ニチイケアセンター鶴瀬【通所介護】富士見市鶴馬１－２６－７", "url": "https://www.kaigokensaku.mhlw.go.jp/11/index.php?action_kouhyou_detail_004_kani=true&JigyosyoCd=1172900563-00&ServiceCd=150&Type=search", "url2": "http://www.nichiigakkan.co.jp" }, "geometry": { "type": "Point", "coordinates": [ 139.544035500000064, 35.8507286 ] } },
{ "type": "Feature", "properties": { "内容": "レッツ倶楽部　鶴瀬【通所介護】埼玉県富士見市大字鶴馬2615-1", "url": "https://www.kaigokensaku.mhlw.go.jp/11/index.php?action_kouhyou_detail_004_kani=true&JigyosyoCd=1172901504-00&ServiceCd=150&Type=search", "url2": "https://www.lets-club.jp/shop/tsuruse/" }, "geometry": { "type": "Point", "coordinates": [ 139.538281899999987, 35.8436287 ] } },
{ "type": "Feature", "properties": { "内容": "こぶしの里デイサービスセンター【通所介護】富士見市上南畑２８３６", "url": "https://www.kaigokensaku.mhlw.go.jp/11/index.php?action_kouhyou_detail_004_kani=true&JigyosyoCd=1172900712-00&ServiceCd=150&Type=search", "url2": "http://www.kawatsuru-g.jp" }, "geometry": { "type": "Point", "coordinates": [ 139.551965, 35.8595361 ] } },
{ "type": "Feature", "properties": { "内容": "デイサービスセンターむさしの【通所介護】埼玉県富士見市大字南畑新田１６番地１", "url": "https://www.kaigokensaku.mhlw.go.jp/11/index.php?action_kouhyou_detail_004_kani=true&JigyosyoCd=1172900340-00&ServiceCd=150&Type=search", "url2": "http://www.f-musashino.jp" }, "geometry": { "type": "Point", "coordinates": [ 139.563999599999988, 35.8714987 ] } },
{ "type": "Feature", "properties": { "内容": "通い処　三四五【通所介護】埼玉県富士見市諏訪2-5-9", "url": "https://www.kaigokensaku.mhlw.go.jp/11/index.php?action_kouhyou_detail_004_kani=true&JigyosyoCd=1172901199-00&ServiceCd=150&Type=search", "url2": "http://3810.co.jp/" }, "geometry": { "type": "Point", "coordinates": [ 139.550648799999976, 35.8521259 ] } },
{ "type": "Feature", "properties": { "内容": "The　DS【通所介護】富士見市勝瀬743-1", "url": "https://www.kaigokensaku.mhlw.go.jp/11/index.php?action_kouhyou_detail_004_kani=true&JigyosyoCd=1172900464-00&ServiceCd=150&Type=search", "url2": "http://ip.tosp.co.jp/i.asp?I=servant3810" }, "geometry": { "type": "Point", "coordinates": [ 139.536226865081744, 35.86456823580999 ] } },
{ "type": "Feature", "properties": { "内容": "デイサービスセンターふじみ苑【通所介護】埼玉県富士見市大字鶴馬３３６０番地１", "url": "https://www.kaigokensaku.mhlw.go.jp/11/index.php?action_kouhyou_detail_004_kani=true&JigyosyoCd=1172900506-00&ServiceCd=150&Type=search", "url2": "http://www.fujimi-en.or.jp" }, "geometry": { "type": "Point", "coordinates": [ 139.5552457, 35.8518038 ] } },
{ "type": "Feature", "properties": { "内容": "株式会社アズ・ライフケア　あずみ苑みずほ【通所介護】埼玉県富士見市鶴馬3-8-2", "url": "https://www.kaigokensaku.mhlw.go.jp/11/index.php?action_kouhyou_detail_004_kani=true&JigyosyoCd=1172900530-00&ServiceCd=150&Type=search", "url2": "http://www.leopalace21.co.jp/silver.html" }, "geometry": { "type": "Point", "coordinates": [ 139.549843600000031, 35.8471792 ] } },
{ "type": "Feature", "properties": { "内容": "デイサービスかたくりの里みずほ台【通所介護】埼玉県富士見市東みずほ台2-15-13", "url": "https://www.kaigokensaku.mhlw.go.jp/11/index.php?action_kouhyou_detail_004_kani=true&JigyosyoCd=1172901355-00&ServiceCd=150&Type=search", "url2": null }, "geometry": { "type": "Point", "coordinates": [ 139.5533654, 35.840928 ] } },
{ "type": "Feature", "properties": { "内容": "羽沢ナーシングホーム　デイサービスセンター【通所介護】埼玉県富士見市羽沢3丁目1-27", "url": "https://www.kaigokensaku.mhlw.go.jp/11/index.php?action_kouhyou_detail_004_kani=true&JigyosyoCd=1172901249-00&ServiceCd=150&Type=search", "url2": "http://www.kawatsuru-g.jp" }, "geometry": { "type": "Point", "coordinates": [ 139.544929599999932, 35.8560891 ] } },
{ "type": "Feature", "properties": { "内容": "リハドットコムズ三郷【通所介護】埼玉県三郷市上彦名567-3", "url": "https://www.kaigokensaku.mhlw.go.jp/11/index.php?action_kouhyou_detail_004_kani=true&JigyosyoCd=1171202201-00&ServiceCd=150&Type=search", "url2": null }, "geometry": { "type": "Point", "coordinates": [ 139.860426, 35.851707 ] } },
{ "type": "Feature", "properties": { "内容": "デイサービスセンターわせだ【通所介護】埼玉県三郷市早稲田5-20-5ご隠居長屋和楽久みさと早稲田", "url": "https://www.kaigokensaku.mhlw.go.jp/11/index.php?action_kouhyou_detail_004_kani=true&JigyosyoCd=1171202185-00&ServiceCd=150&Type=search", "url2": null }, "geometry": { "type": "Point", "coordinates": [ 139.879435300000011, 35.8541965 ] } },
{ "type": "Feature", "properties": { "内容": "デイサービスセンター采女の里【通所介護】埼玉県三郷市采女一丁目63番地２", "url": "https://www.kaigokensaku.mhlw.go.jp/11/index.php?action_kouhyou_detail_004_kani=true&JigyosyoCd=1171201468-00&ServiceCd=150&Type=search", "url2": "http://www.sukoyaka-fu.or.jp" }, "geometry": { "type": "Point", "coordinates": [ 139.8599461, 35.8583941 ] } },
{ "type": "Feature", "properties": { "内容": "デイサービスセンターなごみ【通所介護】鷹野4-260-3", "url": "https://www.kaigokensaku.mhlw.go.jp/11/index.php?action_kouhyou_detail_004_kani=true&JigyosyoCd=1171201443-00&ServiceCd=150&Type=search", "url2": "http://www.sukoyaka-fu.or.jp/" }, "geometry": { "type": "Point", "coordinates": [ 139.881133299999988, 35.8003142 ] } },
{ "type": "Feature", "properties": { "内容": "デイサロンみさと【通所介護】埼玉県三郷市戸ヶ崎1-224-2", "url": "https://www.kaigokensaku.mhlw.go.jp/11/index.php?action_kouhyou_detail_004_kani=true&JigyosyoCd=1171200825-00&ServiceCd=150&Type=search", "url2": "http://www.assc.co.jp" }, "geometry": { "type": "Point", "coordinates": [ 139.86554, 35.8075438 ] } },
{ "type": "Feature", "properties": { "内容": "デイサービスケアリッツ三郷【通所介護】埼玉県三郷市鷹野5-259-1ケアリッツレジデンス三郷", "url": "https://www.kaigokensaku.mhlw.go.jp/11/index.php?action_kouhyou_detail_004_kani=true&JigyosyoCd=1171201476-00&ServiceCd=150&Type=search", "url2": "https://www.careritz.co.jp/station/branch/dayservice-misato/" }, "geometry": { "type": "Point", "coordinates": [ 139.8789327, 35.7980105 ] } },
{ "type": "Feature", "properties": { "内容": "癒しのデイサービス三郷南【通所介護】埼玉県三郷市戸ヶ崎１－３４０－１", "url": "https://www.kaigokensaku.mhlw.go.jp/11/index.php?action_kouhyou_detail_004_kani=true&JigyosyoCd=1171201062-00&ServiceCd=150&Type=search", "url2": "http://www.c-24.jp/" }, "geometry": { "type": "Point", "coordinates": [ 139.86619, 35.805333 ] } },
{ "type": "Feature", "properties": { "内容": "さくらデイサービス新三郷【通所介護】埼玉県三郷市采女１丁目１５７番地１", "url": "https://www.kaigokensaku.mhlw.go.jp/11/index.php?action_kouhyou_detail_004_kani=true&JigyosyoCd=1171201211-00&ServiceCd=150&Type=search", "url2": null }, "geometry": { "type": "Point", "coordinates": [ 139.861084716550238, 35.860374712841882 ] } },
{ "type": "Feature", "properties": { "内容": "三郷藤光苑デイサービスセンター【通所介護】彦野１－２０２", "url": "https://www.kaigokensaku.mhlw.go.jp/11/index.php?action_kouhyou_detail_004_kani=true&JigyosyoCd=1171201708-00&ServiceCd=150&Type=search", "url2": "http://www.misatotoukouen.or.jp" }, "geometry": { "type": "Point", "coordinates": [ 139.851442899999938, 35.8414999 ] } },
{ "type": "Feature", "properties": { "内容": "デイサービス純誠会わせだ【通所介護】早稲田2丁目17番地16", "url": "https://www.kaigokensaku.mhlw.go.jp/11/index.php?action_kouhyou_detail_004_kani=true&JigyosyoCd=1171201880-00&ServiceCd=150&Type=search", "url2": "http://junseikai.com" }, "geometry": { "type": "Point", "coordinates": [ 139.884402, 35.8488148 ] } },
{ "type": "Feature", "properties": { "内容": "デイサービスセンター悠久苑【通所介護】埼玉県三郷市新和2丁目375番地", "url": "https://www.kaigokensaku.mhlw.go.jp/11/index.php?action_kouhyou_detail_004_kani=true&JigyosyoCd=1171200411-00&ServiceCd=150&Type=search", "url2": null }, "geometry": { "type": "Point", "coordinates": [ 139.884688033729617, 35.818832973190162 ] } },
{ "type": "Feature", "properties": { "内容": "三郷リハビリセンター【通所介護】埼玉県三郷市鷹野5-225-1", "url": "https://www.kaigokensaku.mhlw.go.jp/11/index.php?action_kouhyou_detail_004_kani=true&JigyosyoCd=1171201831-00&ServiceCd=150&Type=search", "url2": "https://www.myreha.jp/" }, "geometry": { "type": "Point", "coordinates": [ 139.877515600000038, 35.7981102 ] } },
{ "type": "Feature", "properties": { "内容": "デイサービスセンター　ケアサポートみさと【通所介護】三郷市戸ヶ崎３－１５３－４", "url": "https://www.kaigokensaku.mhlw.go.jp/11/index.php?action_kouhyou_detail_004_kani=true&JigyosyoCd=1171200965-00&ServiceCd=150&Type=search", "url2": null }, "geometry": { "type": "Point", "coordinates": [ 139.87137580000001, 35.8022001 ] } },
{ "type": "Feature", "properties": { "内容": "パナソニックエイジフリーケアセンター埼玉三郷・デイサービス【通所介護】茂田井1243-1", "url": "https://www.kaigokensaku.mhlw.go.jp/11/index.php?action_kouhyou_detail_004_kani=true&JigyosyoCd=1171201534-00&ServiceCd=150&Type=search", "url2": "https://panasonic.co.jp/es/pesaf/" }, "geometry": { "type": "Point", "coordinates": [ 139.884997, 35.837251 ] } },
{ "type": "Feature", "properties": { "内容": "ブルーミングケア三郷高州【通所介護】埼玉県三郷市高州２丁目４２５番３号", "url": "https://www.kaigokensaku.mhlw.go.jp/11/index.php?action_kouhyou_detail_004_kani=true&JigyosyoCd=1171201575-00&ServiceCd=150&Type=search", "url2": null }, "geometry": { "type": "Point", "coordinates": [ 139.883712818111462, 35.787472144684955 ] } },
{ "type": "Feature", "properties": { "内容": "ツクイ三郷早稲田【通所介護】埼玉県三郷市早稲田5-18-22", "url": "https://www.kaigokensaku.mhlw.go.jp/11/index.php?action_kouhyou_detail_004_kani=true&JigyosyoCd=1171202094-00&ServiceCd=150&Type=search", "url2": "https://www.tsukui.net/home-care/2804/" }, "geometry": { "type": "Point", "coordinates": [ 139.880680484655727, 35.854619663347165 ] } },
{ "type": "Feature", "properties": { "内容": "三郷ケアセンターそよ風【通所介護】埼玉県三郷市戸ヶ崎1-628", "url": "https://www.kaigokensaku.mhlw.go.jp/11/index.php?action_kouhyou_detail_004_kani=true&JigyosyoCd=1171201187-00&ServiceCd=150&Type=search", "url2": null }, "geometry": { "type": "Point", "coordinates": [ 139.870409, 35.8081661 ] } },
{ "type": "Feature", "properties": { "内容": "デイ＆リハビリ　こころ三郷駅前【通所介護】埼玉県三郷市三郷1-5-9三増ビル1階", "url": "https://www.kaigokensaku.mhlw.go.jp/11/index.php?action_kouhyou_detail_004_kani=true&JigyosyoCd=1171201617-00&ServiceCd=150&Type=search", "url2": "https://irisfrere.co.jp" }, "geometry": { "type": "Point", "coordinates": [ 139.88516960000004, 35.84299 ] } },
{ "type": "Feature", "properties": { "内容": "ファミリア三郷【通所介護】埼玉県三郷市早稲田6丁目33-50", "url": "https://www.kaigokensaku.mhlw.go.jp/11/index.php?action_kouhyou_detail_004_kani=true&JigyosyoCd=1171202136-00&ServiceCd=150&Type=search", "url2": "https://toho-familiar.com" }, "geometry": { "type": "Point", "coordinates": [ 139.8806136, 35.8572646 ] } },
{ "type": "Feature", "properties": { "内容": "デイサービスサナサンテ三郷【通所介護】埼玉県三郷市鷹野5-259-1", "url": "https://www.kaigokensaku.mhlw.go.jp/11/index.php?action_kouhyou_detail_004_kani=true&JigyosyoCd=1171202227-00&ServiceCd=150&Type=search", "url2": null }, "geometry": { "type": "Point", "coordinates": [ 139.8789327, 35.7980105 ] } },
{ "type": "Feature", "properties": { "内容": "エクラシア三郷南【通所介護】埼玉県三郷市戸ヶ崎2-202", "url": "https://www.kaigokensaku.mhlw.go.jp/11/index.php?action_kouhyou_detail_004_kani=true&JigyosyoCd=1171201815-00&ServiceCd=150&Type=search", "url2": "http://www.welloff.co.jp" }, "geometry": { "type": "Point", "coordinates": [ 139.8654259, 35.8032782 ] } },
{ "type": "Feature", "properties": { "内容": "レコードブックみさと団地【通所介護】埼玉県三郷市彦成3-7-1-101", "url": "https://www.kaigokensaku.mhlw.go.jp/11/index.php?action_kouhyou_detail_004_kani=true&JigyosyoCd=1171202193-00&ServiceCd=150&Type=search", "url2": "https://www.recordbook.jp/facility/misatodanchi/" }, "geometry": { "type": "Point", "coordinates": [ 139.860714300000012, 35.8562575 ] } },
{ "type": "Feature", "properties": { "内容": "コンパスウォーク蓮田【通所介護】蓮田5-262", "url": "https://www.kaigokensaku.mhlw.go.jp/11/index.php?action_kouhyou_detail_004_kani=true&JigyosyoCd=1175700887-00&ServiceCd=150&Type=search", "url2": null }, "geometry": { "type": "Point", "coordinates": [ 139.652628199999981, 35.9684973 ] } },
{ "type": "Feature", "properties": { "内容": "健康ステーション【通所介護】東6丁目2番11", "url": "https://www.kaigokensaku.mhlw.go.jp/11/index.php?action_kouhyou_detail_004_kani=true&JigyosyoCd=1175700929-00&ServiceCd=150&Type=search", "url2": null }, "geometry": { "type": "Point", "coordinates": [ 140.019580099999985, 35.7568209 ] } },
{ "type": "Feature", "properties": { "内容": "通所介護事業所　吾亦紅【通所介護】埼玉県蓮田市大字閏戸１８８５番地", "url": "https://www.kaigokensaku.mhlw.go.jp/11/index.php?action_kouhyou_detail_004_kani=true&JigyosyoCd=1175700077-00&ServiceCd=150&Type=search", "url2": "http://www.kissyou.or.jp/" }, "geometry": { "type": "Point", "coordinates": [ 139.639627300000029, 36.0043324 ] } },
{ "type": "Feature", "properties": { "内容": "あしすとリハ蓮田【通所介護】埼玉県蓮田市黒浜1230－1", "url": "https://www.kaigokensaku.mhlw.go.jp/11/index.php?action_kouhyou_detail_004_kani=true&JigyosyoCd=1175701042-00&ServiceCd=150&Type=search", "url2": "https://medicalassist-s.com/" }, "geometry": { "type": "Point", "coordinates": [ 139.669674750936736, 35.98584617582123 ] } },
{ "type": "Feature", "properties": { "内容": "すてっぷリハビリセンター【通所介護】埼玉県蓮田市蓮田2-33-1", "url": "https://www.kaigokensaku.mhlw.go.jp/11/index.php?action_kouhyou_detail_004_kani=true&JigyosyoCd=1175700846-00&ServiceCd=150&Type=search", "url2": null }, "geometry": { "type": "Point", "coordinates": [ 139.651750200000038, 35.9744759 ] } },
{ "type": "Feature", "properties": { "内容": "デイサービス　フローラ蓮田【通所介護】蓮田市大字黒浜3561-2", "url": "https://www.kaigokensaku.mhlw.go.jp/11/index.php?action_kouhyou_detail_004_kani=true&JigyosyoCd=1175700390-00&ServiceCd=150&Type=search", "url2": "http://center.flora-home.com/" }, "geometry": { "type": "Point", "coordinates": [ 139.662563800000044, 35.9969428 ] } },
{ "type": "Feature", "properties": { "内容": "和が家のくらしとシゴトバデイ　うるひら【通所介護】井沼988-1", "url": "https://www.kaigokensaku.mhlw.go.jp/11/index.php?action_kouhyou_detail_004_kani=true&JigyosyoCd=1175700911-00&ServiceCd=150&Type=search", "url2": "http://wagaya-group.com" }, "geometry": { "type": "Point", "coordinates": [ 139.6243101, 36.0229351 ] } },
{ "type": "Feature", "properties": { "内容": "ブルーミングケア蓮田馬込【通所介護】埼玉県蓮田市馬込4-110", "url": "https://www.kaigokensaku.mhlw.go.jp/11/index.php?action_kouhyou_detail_004_kani=true&JigyosyoCd=1175700861-00&ServiceCd=150&Type=search", "url2": null }, "geometry": { "type": "Point", "coordinates": [ 139.660671799999989, 35.9730831 ] } },
{ "type": "Feature", "properties": { "内容": "デイサービスセンター遊・蓮田【通所介護】埼玉県蓮田市東2－1－25", "url": "https://www.kaigokensaku.mhlw.go.jp/11/index.php?action_kouhyou_detail_004_kani=true&JigyosyoCd=1175700622-00&ServiceCd=150&Type=search", "url2": "http://www.wis-net.co.jp" }, "geometry": { "type": "Point", "coordinates": [ 139.6555128, 35.9850583 ] } },
{ "type": "Feature", "properties": { "内容": "コンパスウォーク坂戸仲町【通所介護】埼玉県坂戸市仲町9－13－2", "url": "https://www.kaigokensaku.mhlw.go.jp/11/index.php?action_kouhyou_detail_004_kani=true&JigyosyoCd=1176001590-00&ServiceCd=150&Type=search", "url2": "https://heart-service.com/" }, "geometry": { "type": "Point", "coordinates": [ 139.395818100000014, 35.9642065 ] } },
{ "type": "Feature", "properties": { "内容": "ニチイケアセンター千代田【通所介護】埼玉県坂戸市千代田4-1-15", "url": "https://www.kaigokensaku.mhlw.go.jp/11/index.php?action_kouhyou_detail_004_kani=true&JigyosyoCd=1176000683-00&ServiceCd=150&Type=search", "url2": "http://www.nichiigakkan.co.jp" }, "geometry": { "type": "Point", "coordinates": [ 139.407316572352585, 35.955753037935345 ] } },
{ "type": "Feature", "properties": { "内容": "シャロームデイサービスセンター【通所介護】埼玉県坂戸市大字新堀字毛地１番地１", "url": "https://www.kaigokensaku.mhlw.go.jp/11/index.php?action_kouhyou_detail_004_kani=true&JigyosyoCd=1176000154-00&ServiceCd=150&Type=search", "url2": "https://www.shalom7h.or.jp/" }, "geometry": { "type": "Point", "coordinates": [ 139.370897980825958, 35.962229714633018 ] } },
{ "type": "Feature", "properties": { "内容": "デイサービスセンターエクラシア坂戸【通所介護】埼玉県坂戸市浅羽野3-5-2", "url": "https://www.kaigokensaku.mhlw.go.jp/11/index.php?action_kouhyou_detail_004_kani=true&JigyosyoCd=1176001103-00&ServiceCd=150&Type=search", "url2": "http://ameblo.jp/e-sakado0401/" }, "geometry": { "type": "Point", "coordinates": [ 139.379657674799319, 35.949821459717526 ] } },
{ "type": "Feature", "properties": { "内容": "ツクイ坂戸石井【通所介護】埼玉県坂戸市石井2924", "url": "https://www.kaigokensaku.mhlw.go.jp/11/index.php?action_kouhyou_detail_004_kani=true&JigyosyoCd=1176001269-00&ServiceCd=150&Type=search", "url2": "https://www.tsukui.net/search/2678/detail.html" }, "geometry": { "type": "Point", "coordinates": [ 139.410554465606651, 35.960091305507731 ] } },
{ "type": "Feature", "properties": { "内容": "多和目苑デイサービス【通所介護】埼玉県坂戸市多和目83－2", "url": "https://www.kaigokensaku.mhlw.go.jp/11/index.php?action_kouhyou_detail_004_kani=true&JigyosyoCd=1176001178-00&ServiceCd=150&Type=search", "url2": null }, "geometry": { "type": "Point", "coordinates": [ 139.341587800000013, 35.9266282 ] } },
{ "type": "Feature", "properties": { "内容": "早稲田イーライフ坂戸【通所介護】埼玉県坂戸市厚川60-1", "url": "https://www.kaigokensaku.mhlw.go.jp/11/index.php?action_kouhyou_detail_004_kani=true&JigyosyoCd=1176001608-00&ServiceCd=150&Type=search", "url2": "https://elife-sakado.com" }, "geometry": { "type": "Point", "coordinates": [ 139.3398497, 35.9401996 ] } },
{ "type": "Feature", "properties": { "内容": "ケアセンターさくら【通所介護】坂戸市上吉田203-1", "url": "https://www.kaigokensaku.mhlw.go.jp/11/index.php?action_kouhyou_detail_004_kani=true&JigyosyoCd=1176000402-00&ServiceCd=150&Type=search", "url2": "https://gemutlich.net/" }, "geometry": { "type": "Point", "coordinates": [ 139.395623099999966, 35.9800193 ] } },
{ "type": "Feature", "properties": { "内容": "デイサービス好日の家片柳【通所介護】埼玉県坂戸市片柳1624-2", "url": "https://www.kaigokensaku.mhlw.go.jp/11/index.php?action_kouhyou_detail_004_kani=true&JigyosyoCd=1176001459-00&ServiceCd=150&Type=search", "url2": "https://kyujukai.com/kojitsu_day/" }, "geometry": { "type": "Point", "coordinates": [ 139.408319176057432, 35.975104858725118 ] } },
{ "type": "Feature", "properties": { "内容": "デイサービスmoi【通所介護】埼玉県坂戸市南町6-1", "url": "https://www.kaigokensaku.mhlw.go.jp/11/index.php?action_kouhyou_detail_004_kani=true&JigyosyoCd=1176001392-00&ServiceCd=150&Type=search", "url2": "https://3speace.com/" }, "geometry": { "type": "Point", "coordinates": [ 139.393489, 35.9533737 ] } },
{ "type": "Feature", "properties": { "内容": "ニチイケアセンター北坂戸【通所介護】埼玉県坂戸市末広町17-23", "url": "https://www.kaigokensaku.mhlw.go.jp/11/index.php?action_kouhyou_detail_004_kani=true&JigyosyoCd=1176000550-00&ServiceCd=150&Type=search", "url2": "http://www.nichiigakkann.co.jp" }, "geometry": { "type": "Point", "coordinates": [ 139.398817199999939, 35.977889 ] } },
{ "type": "Feature", "properties": { "内容": "幸手ケアセンターそよ風【通所介護】埼玉県幸手市千塚993-1", "url": "https://www.kaigokensaku.mhlw.go.jp/11/index.php?action_kouhyou_detail_004_kani=true&JigyosyoCd=1176100376-00&ServiceCd=150&Type=search", "url2": "https://corp.sykz.co.jp/" }, "geometry": { "type": "Point", "coordinates": [ 139.7022711, 36.0897771 ] } },
{ "type": "Feature", "properties": { "内容": "ヒューマンサポート幸手デイサービスセンター【通所介護】幸手市北1-13-20", "url": "https://www.kaigokensaku.mhlw.go.jp/11/index.php?action_kouhyou_detail_004_kani=true&JigyosyoCd=1176100442-00&ServiceCd=150&Type=search", "url2": "https://n-h-s.jp/wp/" }, "geometry": { "type": "Point", "coordinates": [ 139.721008001852368, 36.084442858987771 ] } },
{ "type": "Feature", "properties": { "内容": "デイサービスセンターダレタメさって【通所介護】埼玉県幸手市東2-41-10", "url": "https://www.kaigokensaku.mhlw.go.jp/11/index.php?action_kouhyou_detail_004_kani=true&JigyosyoCd=1176100913-00&ServiceCd=150&Type=search", "url2": "https://daretame.co.jp" }, "geometry": { "type": "Point", "coordinates": [ 139.725808105627948, 36.072761926303954 ] } },
{ "type": "Feature", "properties": { "内容": "デイサービス　フローラ幸手【通所介護】埼玉県幸手市上吉羽92-1", "url": "https://www.kaigokensaku.mhlw.go.jp/11/index.php?action_kouhyou_detail_004_kani=true&JigyosyoCd=1176100400-00&ServiceCd=150&Type=search", "url2": "http://satte.flora-home.com/" }, "geometry": { "type": "Point", "coordinates": [ 139.731886851099688, 36.070599834242216 ] } },
{ "type": "Feature", "properties": { "内容": "デイサービスセンターきららの杜幸手【通所介護】埼玉県幸手市下川崎谷中317-1", "url": "https://www.kaigokensaku.mhlw.go.jp/11/index.php?action_kouhyou_detail_004_kani=true&JigyosyoCd=1176100764-00&ServiceCd=150&Type=search", "url2": "http://lalatirano.com/kiraranomori-satte/" }, "geometry": { "type": "Point", "coordinates": [ 139.706381299999947, 36.0837682 ] } },
{ "type": "Feature", "properties": { "内容": "デイサービスさっての里【通所介護】埼玉県幸手市松石６番1", "url": "https://www.kaigokensaku.mhlw.go.jp/11/index.php?action_kouhyou_detail_004_kani=true&JigyosyoCd=1176100848-00&ServiceCd=150&Type=search", "url2": "http://miyukikai.sun.bindcloud.jp/" }, "geometry": { "type": "Point", "coordinates": [ 139.708935699198946, 36.09700682662335 ] } },
{ "type": "Feature", "properties": { "内容": "しらさぎ苑通所介護センター【通所介護】埼玉県幸手市大字下吉羽1250番地1", "url": "https://www.kaigokensaku.mhlw.go.jp/11/index.php?action_kouhyou_detail_004_kani=true&JigyosyoCd=1176100038-00&ServiceCd=150&Type=search", "url2": "sirasagi@kouwakai-saitama.jp" }, "geometry": { "type": "Point", "coordinates": [ 139.759217279068054, 36.070721683169971 ] } },
{ "type": "Feature", "properties": { "内容": "あすなろデイサービス幸手【通所介護】埼玉県幸手市南3-23-30", "url": "https://www.kaigokensaku.mhlw.go.jp/11/index.php?action_kouhyou_detail_004_kani=true&JigyosyoCd=1176100905-00&ServiceCd=150&Type=search", "url2": "http://www.i-ll-group.co.jp/ash/homeguide/satte.html" }, "geometry": { "type": "Point", "coordinates": [ 139.710781499999939, 36.0727974 ] } },
{ "type": "Feature", "properties": { "内容": "ひらすかの郷通所介護センター【通所介護】埼玉県幸手市平須賀2-224", "url": "https://www.kaigokensaku.mhlw.go.jp/11/index.php?action_kouhyou_detail_004_kani=true&JigyosyoCd=1176100483-00&ServiceCd=150&Type=search", "url2": "http://www.kowakai.or.jp" }, "geometry": { "type": "Point", "coordinates": [ 139.734652800000049, 36.05262 ] } },
{ "type": "Feature", "properties": { "内容": "株式会社ツクイ幸手【通所介護】埼玉県幸手市栄3-6", "url": "https://www.kaigokensaku.mhlw.go.jp/11/index.php?action_kouhyou_detail_004_kani=true&JigyosyoCd=1176100616-00&ServiceCd=150&Type=search", "url2": "https：//www.tsukui.net/home-care/2414" }, "geometry": { "type": "Point", "coordinates": [ 139.7196614, 36.0569664 ] } },
{ "type": "Feature", "properties": { "内容": "デイサービスセンターみどりの風鶴ヶ島【通所介護】鶴ヶ島市上広谷543番1", "url": "https://www.kaigokensaku.mhlw.go.jp/11/index.php?action_kouhyou_detail_004_kani=true&JigyosyoCd=1176200481-00&ServiceCd=150&Type=search", "url2": "http://inahonomichi.com" }, "geometry": { "type": "Point", "coordinates": [ 139.414431499999978, 35.9383927 ] } },
{ "type": "Feature", "properties": { "内容": "リハケーション・すまいる【通所介護】埼玉県鶴ヶ島市南町３丁目１番地１２", "url": "https://www.kaigokensaku.mhlw.go.jp/11/index.php?action_kouhyou_detail_004_kani=true&JigyosyoCd=1176201091-00&ServiceCd=150&Type=search", "url2": "https://www.smile-land.com" }, "geometry": { "type": "Point", "coordinates": [ 139.4061419, 35.9222237 ] } },
{ "type": "Feature", "properties": { "内容": "デイサービス　ベルグルー【通所介護】埼玉県鶴ヶ島市藤金881-23", "url": "https://www.kaigokensaku.mhlw.go.jp/11/index.php?action_kouhyou_detail_004_kani=true&JigyosyoCd=1176200176-00&ServiceCd=150&Type=search", "url2": "http://belgrue.moo.jp/index.html" }, "geometry": { "type": "Point", "coordinates": [ 139.403802400000018, 35.9439776 ] } },
{ "type": "Feature", "properties": { "内容": "さわやか上広谷リハビリデイサービス【通所介護】埼玉県鶴ヶ島市大字上広谷5-5長谷部ハイツ1Ｆ", "url": "https://www.kaigokensaku.mhlw.go.jp/11/index.php?action_kouhyou_detail_004_kani=true&JigyosyoCd=1176200895-00&ServiceCd=150&Type=search", "url2": null }, "geometry": { "type": "Point", "coordinates": [ 139.4263995, 35.9398012 ] } },
{ "type": "Feature", "properties": { "内容": "みどりの郷あすか鶴ヶ島デイセンター【通所介護】埼玉県鶴ヶ島市脚折1468-1", "url": "https://www.kaigokensaku.mhlw.go.jp/11/index.php?action_kouhyou_detail_004_kani=true&JigyosyoCd=1176201216-00&ServiceCd=150&Type=search", "url2": "https://www.kotonear.com/akri/facility.html" }, "geometry": { "type": "Point", "coordinates": [ 139.3936606, 35.9407904 ] } },
{ "type": "Feature", "properties": { "内容": "鶴ヶ丘の里デイサービスセンター【通所介護】埼玉県鶴ヶ島市鶴ヶ丘27-7", "url": "https://www.kaigokensaku.mhlw.go.jp/11/index.php?action_kouhyou_detail_004_kani=true&JigyosyoCd=1176200994-00&ServiceCd=150&Type=search", "url2": "www.kawatsuru-g.jp" }, "geometry": { "type": "Point", "coordinates": [ 139.4177459, 35.9333746 ] } },
{ "type": "Feature", "properties": { "内容": "清光苑デイサービスセンター【通所介護】埼玉県鶴ヶ島市大字三ツ木855-1", "url": "https://www.kaigokensaku.mhlw.go.jp/11/index.php?action_kouhyou_detail_004_kani=true&JigyosyoCd=1176201208-00&ServiceCd=150&Type=search", "url2": "seikouen-net.sakura.ne.jp" }, "geometry": { "type": "Point", "coordinates": [ 139.3886805, 35.9240197 ] } },
{ "type": "Feature", "properties": { "内容": "デイサービス　はるかぜ【通所介護】埼玉県鶴ヶ島市上広谷722-11", "url": "https://www.kaigokensaku.mhlw.go.jp/11/index.php?action_kouhyou_detail_004_kani=true&JigyosyoCd=1176200234-00&ServiceCd=150&Type=search", "url2": null }, "geometry": { "type": "Point", "coordinates": [ 139.4158536, 35.9447194 ] } },
{ "type": "Feature", "properties": { "内容": "鶴ヶ島ナーシングホーム【通所介護】埼玉県鶴ヶ島市上広谷60番地13", "url": "https://www.kaigokensaku.mhlw.go.jp/11/index.php?action_kouhyou_detail_004_kani=true&JigyosyoCd=1176200606-00&ServiceCd=150&Type=search", "url2": "https://www.kawatsuru-g.jp" }, "geometry": { "type": "Point", "coordinates": [ 139.4234495, 35.9398208 ] } },
{ "type": "Feature", "properties": { "内容": "花椿【通所介護】埼玉県鶴ヶ島市上広谷238-16", "url": "https://www.kaigokensaku.mhlw.go.jp/11/index.php?action_kouhyou_detail_004_kani=true&JigyosyoCd=1176200424-00&ServiceCd=150&Type=search", "url2": null }, "geometry": { "type": "Point", "coordinates": [ 139.41600276422875, 35.934298712039805 ] } },
{ "type": "Feature", "properties": { "内容": "ご長寿くらぶ　埼玉・鶴ヶ島【通所介護】埼玉県鶴ヶ島市上広谷467-1", "url": "https://www.kaigokensaku.mhlw.go.jp/11/index.php?action_kouhyou_detail_004_kani=true&JigyosyoCd=1176201174-00&ServiceCd=150&Type=search", "url2": "http;//gotyouiuclub.com/" }, "geometry": { "type": "Point", "coordinates": [ 139.4171842, 35.9416238 ] } },
{ "type": "Feature", "properties": { "内容": "鶴ヶ島ケアセンターそよ風【通所介護】埼玉県鶴ヶ島市松ヶ丘3-16-11", "url": "https://www.kaigokensaku.mhlw.go.jp/11/index.php?action_kouhyou_detail_004_kani=true&JigyosyoCd=1176200416-00&ServiceCd=150&Type=search", "url2": null }, "geometry": { "type": "Point", "coordinates": [ 139.417669599999954, 35.9242703 ] } },
{ "type": "Feature", "properties": { "内容": "ふるさとけあ　のんびり倶楽部【通所介護】埼玉県日高市大字原宿91番地1", "url": "https://www.kaigokensaku.mhlw.go.jp/11/index.php?action_kouhyou_detail_004_kani=true&JigyosyoCd=1176300620-00&ServiceCd=150&Type=search", "url2": null }, "geometry": { "type": "Point", "coordinates": [ 139.33522640000001, 35.9024439 ] } },
{ "type": "Feature", "properties": { "内容": "ふるさとけあ　お茶の間倶楽部【通所介護】埼玉県日高市鹿山389-1", "url": "https://www.kaigokensaku.mhlw.go.jp/11/index.php?action_kouhyou_detail_004_kani=true&JigyosyoCd=1176300448-00&ServiceCd=150&Type=search", "url2": null }, "geometry": { "type": "Point", "coordinates": [ 139.344386799999938, 35.8985393 ] } },
{ "type": "Feature", "properties": { "内容": "ふるさとけあ　かやま倶楽部【通所介護】埼玉県日高市鹿山389-1", "url": "https://www.kaigokensaku.mhlw.go.jp/11/index.php?action_kouhyou_detail_004_kani=true&JigyosyoCd=1176300380-00&ServiceCd=150&Type=search", "url2": "https://furusato-care.jp/" }, "geometry": { "type": "Point", "coordinates": [ 139.344386799999938, 35.8985393 ] } },
{ "type": "Feature", "properties": { "内容": "介護支援デイセンター　ゆうらくの里【通所介護】埼玉県日高市四本木一丁目2番地4", "url": "https://www.kaigokensaku.mhlw.go.jp/11/index.php?action_kouhyou_detail_004_kani=true&JigyosyoCd=1176300166-00&ServiceCd=150&Type=search", "url2": "https://eastmanrights.co.jp" }, "geometry": { "type": "Point", "coordinates": [ 139.335245710085246, 35.897707800817209 ] } },
{ "type": "Feature", "properties": { "内容": "デイサービス　清流苑【通所介護】埼玉県日高市横手４０１－５", "url": "https://www.kaigokensaku.mhlw.go.jp/11/index.php?action_kouhyou_detail_004_kani=true&JigyosyoCd=1176300331-00&ServiceCd=150&Type=search", "url2": "http://seiryuen-musashikai.com/" }, "geometry": { "type": "Point", "coordinates": [ 139.28869080000004, 35.8814707 ] } },
{ "type": "Feature", "properties": { "内容": "あさひリハパーク【通所介護】埼玉県日高市駒寺野新田２５６－６", "url": "https://www.kaigokensaku.mhlw.go.jp/11/index.php?action_kouhyou_detail_004_kani=true&JigyosyoCd=1176300273-00&ServiceCd=150&Type=search", "url2": "https://www.kouwakai-seigaen.com/" }, "geometry": { "type": "Point", "coordinates": [ 139.365120796542357, 35.919548473787842 ] } },
{ "type": "Feature", "properties": { "内容": "デイサービスセンター清雅園【通所介護】埼玉県日高市森戸新田９９－２", "url": "https://www.kaigokensaku.mhlw.go.jp/11/index.php?action_kouhyou_detail_004_kani=true&JigyosyoCd=1176300083-00&ServiceCd=150&Type=search", "url2": "https://www.kouwakai-seigaen.com/" }, "geometry": { "type": "Point", "coordinates": [ 139.373570699999959, 35.9117522 ] } },
{ "type": "Feature", "properties": { "内容": "みるみるリハビリデイサービス【通所介護】埼玉県日高市鹿山280番地3", "url": "https://www.kaigokensaku.mhlw.go.jp/11/index.php?action_kouhyou_detail_004_kani=true&JigyosyoCd=1176300760-00&ServiceCd=150&Type=search", "url2": "https://r.goope.jp/mirumiru/" }, "geometry": { "type": "Point", "coordinates": [ 139.3441971, 35.8975595 ] } },
{ "type": "Feature", "properties": { "内容": "ベテラン館　横手台　通所介護【通所介護】埼玉県日高市横手2丁目16番5", "url": "https://www.kaigokensaku.mhlw.go.jp/11/index.php?action_kouhyou_detail_004_kani=true&JigyosyoCd=1176300638-00&ServiceCd=150&Type=search", "url2": "http://mashibamed.com" }, "geometry": { "type": "Point", "coordinates": [ 139.284224699999982, 35.8727305 ] } },
{ "type": "Feature", "properties": { "内容": "武蔵台健幸塾　ENFIT【通所介護】埼玉県日高市武蔵台1-26-9", "url": "https://www.kaigokensaku.mhlw.go.jp/11/index.php?action_kouhyou_detail_004_kani=true&JigyosyoCd=1176300786-00&ServiceCd=150&Type=search", "url2": null }, "geometry": { "type": "Point", "coordinates": [ 139.302419, 35.8804413 ] } },
{ "type": "Feature", "properties": { "内容": "ベテラン館こまがわデイサービス【通所介護】埼玉県日高市四本木2-5-1ベテラン館こまがわ", "url": "https://www.kaigokensaku.mhlw.go.jp/11/index.php?action_kouhyou_detail_004_kani=true&JigyosyoCd=1176300653-00&ServiceCd=150&Type=search", "url2": "mashibamed.com" }, "geometry": { "type": "Point", "coordinates": [ 139.333515499999976, 35.8984112 ] } },
{ "type": "Feature", "properties": { "内容": "ツクイ吉川美南【通所介護】吉川市美南4-5-2", "url": "https://www.kaigokensaku.mhlw.go.jp/11/index.php?action_kouhyou_detail_004_kani=true&JigyosyoCd=1171200544-00&ServiceCd=150&Type=search", "url2": "http://www.tsukui.net" }, "geometry": { "type": "Point", "coordinates": [ 139.848684331013487, 35.863232246644806 ] } },
{ "type": "Feature", "properties": { "内容": "株式会社アズ・ライフケア　あずみ苑吉川【通所介護】埼玉県吉川市保931-1", "url": "https://www.kaigokensaku.mhlw.go.jp/11/index.php?action_kouhyou_detail_004_kani=true&JigyosyoCd=1176400396-00&ServiceCd=150&Type=search", "url2": "https://www.azumien.jp/search/yoshikawa/" }, "geometry": { "type": "Point", "coordinates": [ 139.85726139999997, 35.8831749 ] } },
{ "type": "Feature", "properties": { "内容": "デイサービス　花びより【通所介護】埼玉県吉川市大字木売588番地2", "url": "https://www.kaigokensaku.mhlw.go.jp/11/index.php?action_kouhyou_detail_004_kani=true&JigyosyoCd=1176400792-00&ServiceCd=150&Type=search", "url2": "http://objective-inc.com/" }, "geometry": { "type": "Point", "coordinates": [ 139.852033200000051, 35.8787871 ] } },
{ "type": "Feature", "properties": { "内容": "ケアパートナー吉川【通所介護】埼玉県吉川市道庭1丁目12-12", "url": "https://www.kaigokensaku.mhlw.go.jp/11/index.php?action_kouhyou_detail_004_kani=true&JigyosyoCd=1176400404-00&ServiceCd=150&Type=search", "url2": "http://www.care-partnar.com/" }, "geometry": { "type": "Point", "coordinates": [ 139.844104001852401, 35.8610974 ] } },
{ "type": "Feature", "properties": { "内容": "ふくしあ吉川【通所介護】吉川市須賀246複合型施設吉川いろ彩", "url": "https://www.kaigokensaku.mhlw.go.jp/11/index.php?action_kouhyou_detail_004_kani=true&JigyosyoCd=1176401014-00&ServiceCd=150&Type=search", "url2": "http://www.fukushia-7.com/" }, "geometry": { "type": "Point", "coordinates": [ 139.835532699999959, 35.898451199999982 ] } },
{ "type": "Feature", "properties": { "内容": "吉川リハビリセンター【通所介護】吉川市道庭1-4-12", "url": "https://www.kaigokensaku.mhlw.go.jp/11/index.php?action_kouhyou_detail_004_kani=true&JigyosyoCd=1176400511-00&ServiceCd=150&Type=search", "url2": "https://www.myreha.jp/" }, "geometry": { "type": "Point", "coordinates": [ 139.8425095, 35.8617028 ] } },
{ "type": "Feature", "properties": { "内容": "コンパスウォーク吉川【通所介護】栄町704", "url": "https://www.kaigokensaku.mhlw.go.jp/11/index.php?action_kouhyou_detail_004_kani=true&JigyosyoCd=1176400917-00&ServiceCd=150&Type=search", "url2": "https://keigo-group.co.jp/shop/saitamaken/0704/" }, "geometry": { "type": "Point", "coordinates": [ 139.846953, 35.8857177 ] } },
{ "type": "Feature", "properties": { "内容": "みやこデイサービス【通所介護】埼玉県吉川市上笹塚1-14", "url": "https://www.kaigokensaku.mhlw.go.jp/11/index.php?action_kouhyou_detail_004_kani=true&JigyosyoCd=1176400834-00&ServiceCd=150&Type=search", "url2": "http://www.miyako-group.jp" }, "geometry": { "type": "Point", "coordinates": [ 139.857666164695729, 35.903144702491829 ] } },
{ "type": "Feature", "properties": { "内容": "コンパスウォーク吉川高富【通所介護】埼玉県吉川市高富1－13－6", "url": "https://www.kaigokensaku.mhlw.go.jp/11/index.php?action_kouhyou_detail_004_kani=true&JigyosyoCd=1176400941-00&ServiceCd=150&Type=search", "url2": null }, "geometry": { "type": "Point", "coordinates": [ 139.844412540475446, 35.872322117174463 ] } },
{ "type": "Feature", "properties": { "内容": "ほほえみケアセンター中丸デイサービス【通所介護】埼玉県ふじみ野市中丸２－２－１３", "url": "https://www.kaigokensaku.mhlw.go.jp/11/index.php?action_kouhyou_detail_004_kani=true&JigyosyoCd=1173001635-00&ServiceCd=150&Type=search", "url2": "https://hohoemi-care.jp" }, "geometry": { "type": "Point", "coordinates": [ 139.531189343287394, 35.877588363901673 ] } },
{ "type": "Feature", "properties": { "内容": "ツクイふじみ野亀久保【通所介護】亀久保2-4-13", "url": "https://www.kaigokensaku.mhlw.go.jp/11/index.php?action_kouhyou_detail_004_kani=true&JigyosyoCd=1173001197-00&ServiceCd=150&Type=search", "url2": "https://www.tsukui.net/home-care/2670/" }, "geometry": { "type": "Point", "coordinates": [ 139.507652, 35.8613457 ] } },
{ "type": "Feature", "properties": { "内容": "ケアサポートふじみの【通所介護】埼玉県ふじみ野市長宮2丁目4-6", "url": "https://www.kaigokensaku.mhlw.go.jp/11/index.php?action_kouhyou_detail_004_kani=true&JigyosyoCd=1173000744-00&ServiceCd=150&Type=search", "url2": "http://www.care-sapport.biz/" }, "geometry": { "type": "Point", "coordinates": [ 139.528807699999987, 35.8778638 ] } },
{ "type": "Feature", "properties": { "内容": "おおいケアセンターそよ風【通所介護】埼玉県ふじみ野市うれし野1-8-30", "url": "https://www.kaigokensaku.mhlw.go.jp/11/index.php?action_kouhyou_detail_004_kani=true&JigyosyoCd=1172400754-00&ServiceCd=150&Type=search", "url2": "https://www.sykz.co.jp/" }, "geometry": { "type": "Point", "coordinates": [ 139.519306300000011, 35.854117 ] } },
{ "type": "Feature", "properties": { "内容": "パナソニックエイジフリーケアセンターふじみ野・デイサービス【通所介護】埼玉県ふじみ野市上福岡6-4-5メディカルセンター上福岡1F", "url": "https://www.kaigokensaku.mhlw.go.jp/11/index.php?action_kouhyou_detail_004_kani=true&JigyosyoCd=1173001650-00&ServiceCd=150&Type=search", "url2": "https://sumai.panasonic.jp/agefree/map/detail.php?id=440&_gl=1*1y255rc*_gcl_au*MTQxMjU5MDI1MC4xNzYzODU1MzE3" }, "geometry": { "type": "Point", "coordinates": [ 139.510094221040333, 35.87191196333913 ] } },
{ "type": "Feature", "properties": { "内容": "あいずの森デイサービスセンター【通所介護】埼玉県ふじみ野市駒林元町２丁目１番３５号", "url": "https://www.kaigokensaku.mhlw.go.jp/11/index.php?action_kouhyou_detail_004_kani=true&JigyosyoCd=1173000488-00&ServiceCd=150&Type=search", "url2": null }, "geometry": { "type": "Point", "coordinates": [ 139.525566917791025, 35.866936884660042 ] } },
{ "type": "Feature", "properties": { "内容": "R&B【通所介護】埼玉県ふじみ野市大井中央４－１８－２６", "url": "https://www.kaigokensaku.mhlw.go.jp/11/index.php?action_kouhyou_detail_004_kani=true&JigyosyoCd=1173000876-00&ServiceCd=150&Type=search", "url2": "http://tosp@so@jp/i@asp?l=servant3810" }, "geometry": { "type": "Point", "coordinates": [ 139.50493270000004, 35.8616567 ] } },
{ "type": "Feature", "properties": { "内容": "上野台ナーシングホーム　デイサービスセンター【通所介護】埼玉県ふじみ野市上野台２-１５-２３", "url": "https://www.kaigokensaku.mhlw.go.jp/11/index.php?action_kouhyou_detail_004_kani=true&JigyosyoCd=1173000991-00&ServiceCd=150&Type=search", "url2": "http://ｋａｗａｔｓｕｒｕ-ｇ.ｊｐ" }, "geometry": { "type": "Point", "coordinates": [ 139.520839, 35.8771081 ] } },
{ "type": "Feature", "properties": { "内容": "レッツ俱楽部上福岡【通所介護】埼玉県ふじみ野市上福岡５丁目６−１９", "url": "https://www.kaigokensaku.mhlw.go.jp/11/index.php?action_kouhyou_detail_004_kani=true&JigyosyoCd=1173001593-00&ServiceCd=150&Type=search", "url2": "https://www.lets-club.jp/shop/kamifukuoka/" }, "geometry": { "type": "Point", "coordinates": [ 139.5114102, 35.8694643 ] } },
{ "type": "Feature", "properties": { "内容": "デイサービスラスベガスふじみ野【通所介護】苗間378-4", "url": "https://www.kaigokensaku.mhlw.go.jp/11/index.php?action_kouhyou_detail_004_kani=true&JigyosyoCd=1173001106-00&ServiceCd=150&Type=search", "url2": null }, "geometry": { "type": "Point", "coordinates": [ 139.527713278790316, 35.858712128182518 ] } },
{ "type": "Feature", "properties": { "内容": "社会福祉法人　崇徳会　マザーアース【通所介護】埼玉県ふじみ野市大井６２１－１", "url": "https://www.kaigokensaku.mhlw.go.jp/11/index.php?action_kouhyou_detail_004_kani=true&JigyosyoCd=1172400358-00&ServiceCd=150&Type=search", "url2": "http://mother-earth.or.jp" }, "geometry": { "type": "Point", "coordinates": [ 139.525934099999972, 35.8497504 ] } },
{ "type": "Feature", "properties": { "内容": "あやめの里　デイサービスセンター【通所介護】埼玉県ふじみ野市中福岡263", "url": "https://www.kaigokensaku.mhlw.go.jp/11/index.php?action_kouhyou_detail_004_kani=true&JigyosyoCd=1173000314-00&ServiceCd=150&Type=search", "url2": "https://kawatsuru-g.jp/ayame/" }, "geometry": { "type": "Point", "coordinates": [ 139.5360937, 35.8747191 ] } },
{ "type": "Feature", "properties": { "内容": "富家デイサービスセンター苗間【通所介護】埼玉県ふじみ野市苗間２９１番地２", "url": "https://www.kaigokensaku.mhlw.go.jp/11/index.php?action_kouhyou_detail_004_kani=true&JigyosyoCd=1173001312-00&ServiceCd=150&Type=search", "url2": null }, "geometry": { "type": "Point", "coordinates": [ 139.527544799999987, 35.8585244 ] } },
{ "type": "Feature", "properties": { "内容": "コンパスウォーク白岡【通所介護】西1丁目13番2", "url": "https://www.kaigokensaku.mhlw.go.jp/11/index.php?action_kouhyou_detail_004_kani=true&JigyosyoCd=1176600466-00&ServiceCd=150&Type=search", "url2": "https://keigo-group.co.jp/shop/saitamaken/1132/" }, "geometry": { "type": "Point", "coordinates": [ 139.4345794, 35.6969493 ] } },
{ "type": "Feature", "properties": { "内容": "光乃里指定通所介護事業所【通所介護】埼玉県白岡市荒井新田３５９－１", "url": "https://www.kaigokensaku.mhlw.go.jp/11/index.php?action_kouhyou_detail_004_kani=true&JigyosyoCd=1170500167-00&ServiceCd=150&Type=search", "url2": "http://www.hikarinosato.jp" }, "geometry": { "type": "Point", "coordinates": [ 139.622953599999988, 36.042231 ] } },
{ "type": "Feature", "properties": { "内容": "ツクイ白岡東【通所介護】埼玉県白岡市白岡東12-4", "url": "https://www.kaigokensaku.mhlw.go.jp/11/index.php?action_kouhyou_detail_004_kani=true&JigyosyoCd=1176600375-00&ServiceCd=150&Type=search", "url2": "https://www.tsukui.net/home-care/2774/" }, "geometry": { "type": "Point", "coordinates": [ 139.6611173, 36.0201778 ] } },
{ "type": "Feature", "properties": { "内容": "デイサービスセンターいち里【通所介護】埼玉県白岡市下野田1119番地1", "url": "https://www.kaigokensaku.mhlw.go.jp/11/index.php?action_kouhyou_detail_004_kani=true&JigyosyoCd=1176600318-00&ServiceCd=150&Type=search", "url2": "http://www.e-crea.biz" }, "geometry": { "type": "Point", "coordinates": [ 139.688387299999931, 36.026048300000014 ] } },
{ "type": "Feature", "properties": { "内容": "ソレアード新白岡　通所介護事業所【通所介護】埼玉県白岡市新白岡8-12-3", "url": "https://www.kaigokensaku.mhlw.go.jp/11/index.php?action_kouhyou_detail_004_kani=true&JigyosyoCd=1170500498-00&ServiceCd=150&Type=search", "url2": "http://www.soleado.jp/" }, "geometry": { "type": "Point", "coordinates": [ 139.670060976799022, 36.036175710539723 ] } },
{ "type": "Feature", "properties": { "内容": "デイサービスセンター　アクア【通所介護】埼玉県白岡市白岡１０２５番地５", "url": "https://www.kaigokensaku.mhlw.go.jp/11/index.php?action_kouhyou_detail_004_kani=true&JigyosyoCd=1176600011-00&ServiceCd=150&Type=search", "url2": "http://www.e-crea.biz" }, "geometry": { "type": "Point", "coordinates": [ 139.660204300000032, 36.0190929 ] } },
{ "type": "Feature", "properties": { "内容": "特定非営利活動法人　白岡町地域支援いちょうの木【通所介護】埼玉県白岡市上野田55-4", "url": "https://www.kaigokensaku.mhlw.go.jp/11/index.php?action_kouhyou_detail_004_kani=true&JigyosyoCd=1176600219-00&ServiceCd=150&Type=search", "url2": "www.ichonoki.jp/" }, "geometry": { "type": "Point", "coordinates": [ 139.6941435, 36.0131374 ] } },
{ "type": "Feature", "properties": { "内容": "おおるり介護保険サービス事業所【通所介護】埼玉県白岡市上野田1741-1ケアハウスおおるり", "url": "https://www.kaigokensaku.mhlw.go.jp/11/index.php?action_kouhyou_detail_004_kani=true&JigyosyoCd=1170500274-00&ServiceCd=150&Type=search", "url2": "http://www.o-ruri.com" }, "geometry": { "type": "Point", "coordinates": [ 139.702214404907181, 36.01347913300463 ] } },
{ "type": "Feature", "properties": { "内容": "ﾃﾞｲｻｰﾋﾞｽｺｱｼﾗｵｶｺﾝﾃﾞｨｼｮﾆﾝｸﾞｻﾎﾟｰﾄ【通所介護】埼玉県白岡市高岩９９０－１", "url": "https://www.kaigokensaku.mhlw.go.jp/11/index.php?action_kouhyou_detail_004_kani=true&JigyosyoCd=1176600045-00&ServiceCd=150&Type=search", "url2": null }, "geometry": { "type": "Point", "coordinates": [ 139.67888819999996, 36.0399037 ] } },
{ "type": "Feature", "properties": { "内容": "レッツ倶楽部伊奈町学園【通所介護】埼玉県北足立郡伊奈町学園2－144", "url": "https://www.kaigokensaku.mhlw.go.jp/11/index.php?action_kouhyou_detail_004_kani=true&JigyosyoCd=1171300732-00&ServiceCd=150&Type=search", "url2": "https://www.lets-club.jp/shop/inamachigakuen/" }, "geometry": { "type": "Point", "coordinates": [ 139.611767500000013, 36.0112211 ] } },
{ "type": "Feature", "properties": { "内容": "和が家の古民家デイ　いぶき【通所介護】埼玉県北足立郡伊奈町中央４丁目337番地", "url": "https://www.kaigokensaku.mhlw.go.jp/11/index.php?action_kouhyou_detail_004_kani=true&JigyosyoCd=1171300773-00&ServiceCd=150&Type=search", "url2": "https://wagaya-group.jp" }, "geometry": { "type": "Point", "coordinates": [ 139.6228959, 36.0010056 ] } },
{ "type": "Feature", "properties": { "内容": "あずみ苑伊奈【通所介護】埼玉県北足立郡伊奈町小室1024-1", "url": "https://www.kaigokensaku.mhlw.go.jp/11/index.php?action_kouhyou_detail_004_kani=true&JigyosyoCd=1171300377-00&ServiceCd=150&Type=search", "url2": "http://www.leopalace21.co.jp/silver" }, "geometry": { "type": "Point", "coordinates": [ 139.625797, 35.9811172 ] } },
{ "type": "Feature", "properties": { "内容": "デイサービスセンター喜楽里【通所介護】埼玉県北足立郡伊奈町小室５０４７－５", "url": "https://www.kaigokensaku.mhlw.go.jp/11/index.php?action_kouhyou_detail_004_kani=true&JigyosyoCd=1171300591-00&ServiceCd=150&Type=search", "url2": "http://shinsyukai.or.jp/" }, "geometry": { "type": "Point", "coordinates": [ 139.617297300000018, 35.9938986 ] } },
{ "type": "Feature", "properties": { "内容": "デイサービスセンター　ふくろうの杜【通所介護】埼玉県北足立郡伊奈町大字小室字大山上１０３０４-８", "url": "https://www.kaigokensaku.mhlw.go.jp/11/index.php?action_kouhyou_detail_004_kani=true&JigyosyoCd=1171300484-00&ServiceCd=150&Type=search", "url2": "http://cp-ina.co.jp/" }, "geometry": { "type": "Point", "coordinates": [ 139.619852436392677, 35.991080818134279 ] } },
{ "type": "Feature", "properties": { "内容": "こむろん家【通所介護】埼玉県北足立郡伊奈町小室１０１４５－１", "url": "https://www.kaigokensaku.mhlw.go.jp/11/index.php?action_kouhyou_detail_004_kani=true&JigyosyoCd=1171300187-00&ServiceCd=150&Type=search", "url2": "http://www.taijukai.com" }, "geometry": { "type": "Point", "coordinates": [ 139.612622699999946, 35.9937597 ] } },
{ "type": "Feature", "properties": { "内容": "半日型デイサービスリハ専さかえの杜【通所介護】埼玉県北足立郡伊奈町栄4-262", "url": "https://www.kaigokensaku.mhlw.go.jp/11/index.php?action_kouhyou_detail_004_kani=true&JigyosyoCd=1171300781-00&ServiceCd=150&Type=search", "url2": "https://rihasen.com/" }, "geometry": { "type": "Point", "coordinates": [ 139.640745900000013, 35.9819482 ] } },
{ "type": "Feature", "properties": { "内容": "ふぉれすと伊奈デイサービス【通所介護】埼玉県北足立郡伊奈町大字大針656－1", "url": "https://www.kaigokensaku.mhlw.go.jp/11/index.php?action_kouhyou_detail_004_kani=true&JigyosyoCd=1171300807-00&ServiceCd=150&Type=search", "url2": null }, "geometry": { "type": "Point", "coordinates": [ 139.61445877301108, 36.00531315320594 ] } },
{ "type": "Feature", "properties": { "内容": "デイサービスセンターみちみち伊奈北【通所介護】埼玉県北足立郡伊奈町大字小針新宿368-1", "url": "https://www.kaigokensaku.mhlw.go.jp/11/index.php?action_kouhyou_detail_004_kani=true&JigyosyoCd=1171300567-00&ServiceCd=150&Type=search", "url2": "https://kousaikai-swc.jp/mitimiti-inakita/" }, "geometry": { "type": "Point", "coordinates": [ 139.597338199999967, 36.008803400000019 ] } },
{ "type": "Feature", "properties": { "内容": "コンパスウォーク伊奈【通所介護】埼玉県北足立郡伊那町寿3丁目８４番地1サンライズINA1階", "url": "https://www.kaigokensaku.mhlw.go.jp/11/index.php?action_kouhyou_detail_004_kani=true&JigyosyoCd=1171300765-00&ServiceCd=150&Type=search", "url2": null }, "geometry": { "type": "Point", "coordinates": [ 139.6049753, 36.008779 ] } },
{ "type": "Feature", "properties": { "内容": "トータルリハビリReStart【通所介護】埼玉県入間郡三芳町北永井891-12トータルリハビリReStart", "url": "https://www.kaigokensaku.mhlw.go.jp/11/index.php?action_kouhyou_detail_004_kani=true&JigyosyoCd=1172401521-00&ServiceCd=150&Type=search", "url2": "https://next-stage-restart.co.jp/" }, "geometry": { "type": "Point", "coordinates": [ 139.5158711, 35.8452082 ] } },
{ "type": "Feature", "properties": { "内容": "デイサービスリゾートケア・２４【通所介護】埼玉県三芳町北永井706-4", "url": "https://www.kaigokensaku.mhlw.go.jp/11/index.php?action_kouhyou_detail_004_kani=true&JigyosyoCd=1172401265-00&ServiceCd=150&Type=search", "url2": "https//care24.co.jp" }, "geometry": { "type": "Point", "coordinates": [ 139.520885769280824, 35.836163990930842 ] } },
{ "type": "Feature", "properties": { "内容": "みよし翔裕館【通所介護】埼玉県入間郡三芳町大字上富吉拓496-1", "url": "https://www.kaigokensaku.mhlw.go.jp/11/index.php?action_kouhyou_detail_004_kani=true&JigyosyoCd=1172401422-00&ServiceCd=150&Type=search", "url2": "http://www.sangajapan.jp" }, "geometry": { "type": "Point", "coordinates": [ 139.5116117, 35.822303 ] } },
{ "type": "Feature", "properties": { "内容": "リハトレ明和【通所介護】埼玉県入間郡三芳町藤久保197-20", "url": "https://www.kaigokensaku.mhlw.go.jp/11/index.php?action_kouhyou_detail_004_kani=true&JigyosyoCd=1172401182-00&ServiceCd=150&Type=search", "url2": "http://hp.kaipoke.biz/bad/" }, "geometry": { "type": "Point", "coordinates": [ 139.529020299999956, 35.8407933 ] } },
{ "type": "Feature", "properties": { "内容": "デイサービスセンター　みずほ苑【通所介護】埼玉県入間郡三芳町大字竹間沢７３５－１特別養護老人ホーム　みずほ苑", "url": "https://www.kaigokensaku.mhlw.go.jp/11/index.php?action_kouhyou_detail_004_kani=true&JigyosyoCd=1172400226-00&ServiceCd=150&Type=search", "url2": "http://www.mizuhoen.com" }, "geometry": { "type": "Point", "coordinates": [ 139.5476529, 35.8292508 ] } },
{ "type": "Feature", "properties": { "内容": "ななふく苑【通所介護】埼玉県入間郡毛呂山町西大久保766-1", "url": "https://www.kaigokensaku.mhlw.go.jp/11/index.php?action_kouhyou_detail_004_kani=true&JigyosyoCd=1172400572-00&ServiceCd=150&Type=search", "url2": "http://www.donguri.or.jp/" }, "geometry": { "type": "Point", "coordinates": [ 139.3538026, 35.9470899 ] } },
{ "type": "Feature", "properties": { "内容": "リハビリ型デイサービス　豆の木【通所介護】埼玉県入間郡毛呂山町長瀬1875-1", "url": "https://www.kaigokensaku.mhlw.go.jp/11/index.php?action_kouhyou_detail_004_kani=true&JigyosyoCd=1172401190-00&ServiceCd=150&Type=search", "url2": "http//kazamidori-care.co.jp" }, "geometry": { "type": "Point", "coordinates": [ 139.3214944, 35.9389482 ] } },
{ "type": "Feature", "properties": { "内容": "リハ研　毛呂山【通所介護】埼玉県入間郡毛呂山町毛呂本郷１３２７－３", "url": "https://www.kaigokensaku.mhlw.go.jp/11/index.php?action_kouhyou_detail_004_kani=true&JigyosyoCd=1172401505-00&ServiceCd=150&Type=search", "url2": null }, "geometry": { "type": "Point", "coordinates": [ 139.305693200000036, 35.942212 ] } },
{ "type": "Feature", "properties": { "内容": "木もれ陽【通所介護】埼玉県入間郡毛呂山町大字西戸字前原661番地1", "url": "https://www.kaigokensaku.mhlw.go.jp/11/index.php?action_kouhyou_detail_004_kani=true&JigyosyoCd=1172401315-00&ServiceCd=150&Type=search", "url2": "https://www.komorebi-asahi.jp" }, "geometry": { "type": "Point", "coordinates": [ 139.334997610661503, 35.956321103300127 ] } },
{ "type": "Feature", "properties": { "内容": "ケアハウス薫風園デイサービスセンター【通所介護】埼玉県入間郡毛呂山町大字毛呂本郷字沢又691番地", "url": "https://www.kaigokensaku.mhlw.go.jp/11/index.php?action_kouhyou_detail_004_kani=true&JigyosyoCd=1172401240-00&ServiceCd=150&Type=search", "url2": "http://www.marukikinen-wmc.or.jp" }, "geometry": { "type": "Point", "coordinates": [ 139.306654, 35.9381802 ] } },
{ "type": "Feature", "properties": { "内容": "悠久園デイサービスセンター【通所介護】入間郡毛呂山町南台5-38-5", "url": "https://www.kaigokensaku.mhlw.go.jp/11/index.php?action_kouhyou_detail_004_kani=true&JigyosyoCd=1172400283-00&ServiceCd=150&Type=search", "url2": "http://www2.ocn.ne.jp/^ikusin/" }, "geometry": { "type": "Point", "coordinates": [ 139.329846399999951, 35.9399984 ] } },
{ "type": "Feature", "properties": { "内容": "デイサービス陽気な鶴さん【通所介護】埼玉県入間郡毛呂山町西戸839-1", "url": "https://www.kaigokensaku.mhlw.go.jp/11/index.php?action_kouhyou_detail_004_kani=true&JigyosyoCd=1172401224-00&ServiceCd=150&Type=search", "url2": null }, "geometry": { "type": "Point", "coordinates": [ -8.24389, 53.41291 ] } },
{ "type": "Feature", "properties": { "内容": "さわやか毛呂山リハビリデイサービス【通所介護】前久保109-24-103ベルゴールド中井103", "url": "https://www.kaigokensaku.mhlw.go.jp/11/index.php?action_kouhyou_detail_004_kani=true&JigyosyoCd=1172401273-00&ServiceCd=150&Type=search", "url2": null }, "geometry": { "type": "Point", "coordinates": [ 139.3267559, 35.947594 ] } },
{ "type": "Feature", "properties": { "内容": "デイサービス松風【通所介護】埼玉県入間郡越生町大字津久根209−2", "url": "https://www.kaigokensaku.mhlw.go.jp/11/index.php?action_kouhyou_detail_004_kani=true&JigyosyoCd=1172401398-00&ServiceCd=150&Type=search", "url2": "http://hp.kaipoke.biz/6vx/index.html" }, "geometry": { "type": "Point", "coordinates": [ 139.27681408040209, 35.972902523579833 ] } },
{ "type": "Feature", "properties": { "内容": "光の丘【通所介護】埼玉県入間郡越生町大字上野3078番地5", "url": "https://www.kaigokensaku.mhlw.go.jp/11/index.php?action_kouhyou_detail_004_kani=true&JigyosyoCd=1172400309-00&ServiceCd=150&Type=search", "url2": "http://www.hikari-ogose.com/" }, "geometry": { "type": "Point", "coordinates": [ 139.29588590000003, 35.9465271 ] } },
{ "type": "Feature", "properties": { "内容": "四季の郷越生デイサービスセンター【通所介護】埼玉県入間郡越生町鹿下623-1", "url": "https://www.kaigokensaku.mhlw.go.jp/11/index.php?action_kouhyou_detail_004_kani=true&JigyosyoCd=1172401554-00&ServiceCd=150&Type=search", "url2": "http://towa-kai.or.jp/ogose/" }, "geometry": { "type": "Point", "coordinates": [ 139.285292, 35.9813965 ] } },
{ "type": "Feature", "properties": { "内容": "リハビリデイサービスなめがわ【通所介護】埼玉県比企郡滑川町羽尾1041-7", "url": "https://www.kaigokensaku.mhlw.go.jp/11/index.php?action_kouhyou_detail_004_kani=true&JigyosyoCd=1173202324-00&ServiceCd=150&Type=search", "url2": "https://www.kokoro.or.jp/rihabiliday/" }, "geometry": { "type": "Point", "coordinates": [ 139.372097500000024, 36.049960200000015 ] } },
{ "type": "Feature", "properties": { "内容": "らんざん苑　デイサービスセンター【通所介護】埼玉県比企郡嵐山町大字越畑1371-1", "url": "https://www.kaigokensaku.mhlw.go.jp/11/index.php?action_kouhyou_detail_004_kani=true&JigyosyoCd=1173200179-00&ServiceCd=150&Type=search", "url2": "http:/www.ranzanen.or.jp" }, "geometry": { "type": "Point", "coordinates": [ 139.308661499999971, 36.0817177 ] } },
{ "type": "Feature", "properties": { "内容": "デイサービスしあわせの鐘【通所介護】平澤134-6", "url": "https://www.kaigokensaku.mhlw.go.jp/11/index.php?action_kouhyou_detail_004_kani=true&JigyosyoCd=1173202183-00&ServiceCd=150&Type=search", "url2": "https://h-bell.co.jp/" }, "geometry": { "type": "Point", "coordinates": [ 139.321207100000038, 36.043201915838416 ] } },
{ "type": "Feature", "properties": { "内容": "デイサービス　ふるさと【通所介護】埼玉県比企郡嵐山町大字古里１１６９番地１", "url": "https://www.kaigokensaku.mhlw.go.jp/11/index.php?action_kouhyou_detail_004_kani=true&JigyosyoCd=1173201151-00&ServiceCd=150&Type=search", "url2": "http://www.dayservice.co.jp/" }, "geometry": { "type": "Point", "coordinates": [ 139.2919819, 36.1000338 ] } },
{ "type": "Feature", "properties": { "内容": "和紙の里桜の森デイサービス【通所介護】埼玉県比企郡小川町腰越字大久保295番地1", "url": "https://www.kaigokensaku.mhlw.go.jp/11/index.php?action_kouhyou_detail_004_kani=true&JigyosyoCd=1173202266-00&ServiceCd=150&Type=search", "url2": null }, "geometry": { "type": "Point", "coordinates": [ 139.241868908043898, 36.050661839297923 ] } },
{ "type": "Feature", "properties": { "内容": "和紙の里デイサービス【通所介護】埼玉県比企郡小川町腰越1078-1", "url": "https://www.kaigokensaku.mhlw.go.jp/11/index.php?action_kouhyou_detail_004_kani=true&JigyosyoCd=1173201748-00&ServiceCd=150&Type=search", "url2": "http://hp.kaipoke.biz/w4w/68918/base_0004.html" }, "geometry": { "type": "Point", "coordinates": [ 139.228029769172764, 36.046014020665446 ] } },
{ "type": "Feature", "properties": { "内容": "リハビリデイサービスかたくり和気あいあい【通所介護】埼玉県比企郡小川町靭負111-1", "url": "https://www.kaigokensaku.mhlw.go.jp/11/index.php?action_kouhyou_detail_004_kani=true&JigyosyoCd=1173202290-00&ServiceCd=150&Type=search", "url2": null }, "geometry": { "type": "Point", "coordinates": [ 139.243164400000069, 36.0732257 ] } },
{ "type": "Feature", "properties": { "内容": "デイサービス眞美の郷【通所介護】埼玉県比企郡小川町東小川2-22-5", "url": "https://www.kaigokensaku.mhlw.go.jp/11/index.php?action_kouhyou_detail_004_kani=true&JigyosyoCd=1173202480-00&ServiceCd=150&Type=search", "url2": "http://mamie-hp.or.jp" }, "geometry": { "type": "Point", "coordinates": [ 139.2898467, 36.0535774 ] } },
{ "type": "Feature", "properties": { "内容": "通所介護事業所　彩香らんど「田舎の家」【通所介護】埼玉県比企郡小川町大字下里706番地1", "url": "https://www.kaigokensaku.mhlw.go.jp/11/index.php?action_kouhyou_detail_004_kani=true&JigyosyoCd=1173200252-00&ServiceCd=150&Type=search", "url2": "http://care-net.biz/11/saikouland/" }, "geometry": { "type": "Point", "coordinates": [ 139.2813411, 36.0431272 ] } },
{ "type": "Feature", "properties": { "内容": "デイサービスセンター　ほほえみ日記【通所介護】比企郡小川町靭負681-1", "url": "https://www.kaigokensaku.mhlw.go.jp/11/index.php?action_kouhyou_detail_004_kani=true&JigyosyoCd=1173201763-00&ServiceCd=150&Type=search", "url2": "http://www.smile-hohoemi.co.jp/" }, "geometry": { "type": "Point", "coordinates": [ 139.2378009889471, 36.075674832279603 ] } },
{ "type": "Feature", "properties": { "内容": "あきやま苑小川デイサービスセンター【通所介護】埼玉県比企郡小川町大字青山１４６９－３", "url": "https://www.kaigokensaku.mhlw.go.jp/11/index.php?action_kouhyou_detail_004_kani=true&JigyosyoCd=1173200823-00&ServiceCd=150&Type=search", "url2": "http://eijyukai-akiyamaen.jp" }, "geometry": { "type": "Point", "coordinates": [ 139.246119099999987, 36.0456175 ] } },
{ "type": "Feature", "properties": { "内容": "デイサービスひまわり【通所介護】比企郡小川町下横田615-1", "url": "https://www.kaigokensaku.mhlw.go.jp/11/index.php?action_kouhyou_detail_004_kani=true&JigyosyoCd=1173200708-00&ServiceCd=150&Type=search", "url2": null }, "geometry": { "type": "Point", "coordinates": [ 139.29697740000006, 36.0712576 ] } },
{ "type": "Feature", "properties": { "内容": "ふれあい四津山デイサービスセンター【通所介護】埼玉県比企郡小川町高見６１４－１", "url": "https://www.kaigokensaku.mhlw.go.jp/11/index.php?action_kouhyou_detail_004_kani=true&JigyosyoCd=1173201383-00&ServiceCd=150&Type=search", "url2": null }, "geometry": { "type": "Point", "coordinates": [ 139.2684236, 36.0897127 ] } },
{ "type": "Feature", "properties": { "内容": "社会福祉法人川島町社会福祉協議会通所介護事業所【通所介護】埼玉県比企郡川島町大字曲師４０２－１", "url": "https://www.kaigokensaku.mhlw.go.jp/11/index.php?action_kouhyou_detail_004_kani=true&JigyosyoCd=1173200419-00&ServiceCd=150&Type=search", "url2": "https://www.kawajima-shakyo.or.jp/" }, "geometry": { "type": "Point", "coordinates": [ 139.503293224467484, 35.961675888211715 ] } },
{ "type": "Feature", "properties": { "内容": "リハビリデイサービスいちご【通所介護】埼玉県比企郡吉見町谷口143-1", "url": "https://www.kaigokensaku.mhlw.go.jp/11/index.php?action_kouhyou_detail_004_kani=true&JigyosyoCd=1173201854-00&ServiceCd=150&Type=search", "url2": null }, "geometry": { "type": "Point", "coordinates": [ 139.465545900000052, 36.0380397 ] } },
{ "type": "Feature", "properties": { "内容": "常磐苑　デイサービスセンター【通所介護】埼玉県比企郡吉見町大字北吉見３５０", "url": "https://www.kaigokensaku.mhlw.go.jp/11/index.php?action_kouhyou_detail_004_kani=true&JigyosyoCd=1173200724-00&ServiceCd=150&Type=search", "url2": "http://tokiwafukushikai.jp" }, "geometry": { "type": "Point", "coordinates": [ 139.4202259, 36.0401353 ] } },
{ "type": "Feature", "properties": { "内容": "JA埼玉中央　いきいきデイサービスなごみ【通所介護】埼玉県比企郡吉見町大字前河内71-1介護センター", "url": "https://www.kaigokensaku.mhlw.go.jp/11/index.php?action_kouhyou_detail_004_kani=true&JigyosyoCd=1173202209-00&ServiceCd=150&Type=search", "url2": "http//www.ja-sc.or.jp" }, "geometry": { "type": "Point", "coordinates": [ 139.4562637, 36.026765800000014 ] } },
{ "type": "Feature", "properties": { "内容": "介護支援センター心　吉見【通所介護】埼玉県比企郡吉見町東野6-6-25", "url": "https://www.kaigokensaku.mhlw.go.jp/11/index.php?action_kouhyou_detail_004_kani=true&JigyosyoCd=1173202050-00&ServiceCd=150&Type=search", "url2": "http://care-cocoro.jp" }, "geometry": { "type": "Point", "coordinates": [ 139.473554645368949, 36.037602413593795 ] } },
{ "type": "Feature", "properties": { "内容": "デイサービスセンター　豆の家【通所介護】埼玉県比企郡鳩山町大豆戸１５４－４", "url": "https://www.kaigokensaku.mhlw.go.jp/11/index.php?action_kouhyou_detail_004_kani=true&JigyosyoCd=1173201797-00&ServiceCd=150&Type=search", "url2": "http://kazamidori-care.co.jp" }, "geometry": { "type": "Point", "coordinates": [ 139.336790645368978, 35.976686148104406 ] } },
{ "type": "Feature", "properties": { "内容": "シニアフィットネス《沙羅》【通所介護】埼玉県比企郡鳩山熊井76-1", "url": "https://www.kaigokensaku.mhlw.go.jp/11/index.php?action_kouhyou_detail_004_kani=true&JigyosyoCd=1173202449-00&ServiceCd=150&Type=search", "url2": "www.sara-hatoyama-lp.com" }, "geometry": { "type": "Point", "coordinates": [ 139.331958899999989, 35.9856815 ] } },
{ "type": "Feature", "properties": { "内容": "デイサービスセンターポラリス【通所介護】比企郡鳩山町大字石坂1515-273", "url": "https://www.kaigokensaku.mhlw.go.jp/11/index.php?action_kouhyou_detail_004_kani=true&JigyosyoCd=1173201821-00&ServiceCd=150&Type=search", "url2": "http://www.ｈａｔｏｐｏｒａ.com" }, "geometry": { "type": "Point", "coordinates": [ 139.353149600000052, 35.9799887 ] } },
{ "type": "Feature", "properties": { "内容": "ことぶきパラダイスホーム【通所介護】埼玉県比企郡ときがわ町大字日影286-1", "url": "https://www.kaigokensaku.mhlw.go.jp/11/index.php?action_kouhyou_detail_004_kani=true&JigyosyoCd=1173200989-00&ServiceCd=150&Type=search", "url2": "https://www.ne.jp/asahi/kotobuki/family/" }, "geometry": { "type": "Point", "coordinates": [ 139.263029299999971, 36.0298086 ] } },
{ "type": "Feature", "properties": { "内容": "デイサービス　ふきのとう【通所介護】埼玉県比企郡ときがわ町玉川4783-1", "url": "https://www.kaigokensaku.mhlw.go.jp/11/index.php?action_kouhyou_detail_004_kani=true&JigyosyoCd=1173201318-00&ServiceCd=150&Type=search", "url2": null }, "geometry": { "type": "Point", "coordinates": [ 139.304375590737891, 36.018999403799363 ] } },
{ "type": "Feature", "properties": { "内容": "社会福祉法人織舩会横瀬デイサービスセンター【通所介護】埼玉県秩父郡横瀬町大字横瀬5806番地の1", "url": "https://www.kaigokensaku.mhlw.go.jp/11/index.php?action_kouhyou_detail_004_kani=true&JigyosyoCd=1174800274-00&ServiceCd=150&Type=search", "url2": "https://sites.google.com/wellhaim.or.jp/yokoze-day/%E3%83%9B%E3%83%BC%E3%83%A0" }, "geometry": { "type": "Point", "coordinates": [ 139.110138499999948, 36.0054178 ] } },
{ "type": "Feature", "properties": { "内容": "コンパスウォーク横瀬町【通所介護】埼玉県秩父郡横瀬町大字横瀬2014-1", "url": "https://www.kaigokensaku.mhlw.go.jp/11/index.php?action_kouhyou_detail_004_kani=true&JigyosyoCd=1174801272-00&ServiceCd=150&Type=search", "url2": "https://keigo-group.co.jp/shop/saitamaken/020141/" }, "geometry": { "type": "Point", "coordinates": [ 139.1033841, 35.9863612 ] } },
{ "type": "Feature", "properties": { "内容": "デイサービスセンター　悠う湯ホーム【通所介護】秩父郡皆野町下日野沢３９０６－３", "url": "https://www.kaigokensaku.mhlw.go.jp/11/index.php?action_kouhyou_detail_004_kani=true&JigyosyoCd=1174800043-00&ServiceCd=150&Type=search", "url2": "https://minano-fukushikai.jp/" }, "geometry": { "type": "Point", "coordinates": [ 139.070746200000031, 36.081815600000034 ] } },
{ "type": "Feature", "properties": { "内容": "デイサービスセンター大浜【通所介護】埼玉県秩父郡皆野町皆野302-2", "url": "https://www.kaigokensaku.mhlw.go.jp/11/index.php?action_kouhyou_detail_004_kani=true&JigyosyoCd=1174800589-00&ServiceCd=150&Type=search", "url2": "http://minano-fukushikai.jp" }, "geometry": { "type": "Point", "coordinates": [ 139.089228100000014, 36.0663707 ] } },
{ "type": "Feature", "properties": { "内容": "デイサービス　ももとせ学校【通所介護】埼玉県秩父郡皆野町金沢２６４２", "url": "https://www.kaigokensaku.mhlw.go.jp/11/index.php?action_kouhyou_detail_004_kani=true&JigyosyoCd=1174801132-00&ServiceCd=150&Type=search", "url2": "http://momotosegakkou.com/" }, "geometry": { "type": "Point", "coordinates": [ 139.079274, 36.1093866 ] } },
{ "type": "Feature", "properties": { "内容": "デイサービスセンターしあわせの森【通所介護】埼玉県秩父郡長瀞町大字長瀞293", "url": "https://www.kaigokensaku.mhlw.go.jp/11/index.php?action_kouhyou_detail_004_kani=true&JigyosyoCd=1174801041-00&ServiceCd=150&Type=search", "url2": "https://shiawasenomori.hp.peraichi.com" }, "geometry": { "type": "Point", "coordinates": [ 139.111271693501294, 36.100684315473593 ] } },
{ "type": "Feature", "properties": { "内容": "デイサービスセンターかわも【通所介護】埼玉県秩父郡長瀞町大字長瀞427-1", "url": "https://www.kaigokensaku.mhlw.go.jp/11/index.php?action_kouhyou_detail_004_kani=true&JigyosyoCd=1174801082-00&ServiceCd=150&Type=search", "url2": "http://www.asone2014.co.jp" }, "geometry": { "type": "Point", "coordinates": [ 139.113484853641467, 36.096049575155646 ] } },
{ "type": "Feature", "properties": { "内容": "花菖蒲・両神デイサービスセンター【通所介護】埼玉県秩父郡小鹿野町両神薄１０６０－１", "url": "https://www.kaigokensaku.mhlw.go.jp/11/index.php?action_kouhyou_detail_004_kani=true&JigyosyoCd=1174800720-00&ServiceCd=150&Type=search", "url2": "http://www.chichibu-seihoukai.net" }, "geometry": { "type": "Point", "coordinates": [ 138.977868599999965, 36.021137 ] } },
{ "type": "Feature", "properties": { "内容": "小鹿野町小鹿野デイサービスセンター【通所介護】埼玉県秩父郡小鹿野町下小鹿野２５５１番地", "url": "https://www.kaigokensaku.mhlw.go.jp/11/index.php?action_kouhyou_detail_004_kani=true&JigyosyoCd=1174801264-00&ServiceCd=150&Type=search", "url2": "http://www.care-net.biz//11/oganofuku/" }, "geometry": { "type": "Point", "coordinates": [ 139.013849, 36.0158287 ] } },
{ "type": "Feature", "properties": { "内容": "湯ざくらデイサービスセンター【通所介護】埼玉県児玉郡美里町猪俣2356湯ざくらデイサービスセンター", "url": "https://www.kaigokensaku.mhlw.go.jp/11/index.php?action_kouhyou_detail_004_kani=true&JigyosyoCd=1174201804-00&ServiceCd=150&Type=search", "url2": null }, "geometry": { "type": "Point", "coordinates": [ 139.187388098273857, 36.151666690876127 ] } },
{ "type": "Feature", "properties": { "内容": "デイサービスセンター　チューリップ【通所介護】埼玉県児玉郡美里町大字阿那志７７５", "url": "https://www.kaigokensaku.mhlw.go.jp/11/index.php?action_kouhyou_detail_004_kani=true&JigyosyoCd=1174200780-00&ServiceCd=150&Type=search", "url2": "https//tulip-mari.co.jp" }, "geometry": { "type": "Point", "coordinates": [ 139.17858769999998, 36.1897833 ] } },
{ "type": "Feature", "properties": { "内容": "デイサービスセンター　むさし【通所介護】児玉郡美里町大字小茂田６９３", "url": "https://www.kaigokensaku.mhlw.go.jp/11/index.php?action_kouhyou_detail_004_kani=true&JigyosyoCd=1174201101-00&ServiceCd=150&Type=search", "url2": null }, "geometry": { "type": "Point", "coordinates": [ 139.194199, 36.2071209 ] } },
{ "type": "Feature", "properties": { "内容": "デイサービスセンターことのは【通所介護】埼玉県児玉郡美里町大字沼上285-2ケアホームことのは", "url": "https://www.kaigokensaku.mhlw.go.jp/11/index.php?action_kouhyou_detail_004_kani=true&JigyosyoCd=1174201630-00&ServiceCd=150&Type=search", "url2": null }, "geometry": { "type": "Point", "coordinates": [ 139.158755217860403, 36.189144256997615 ] } },
{ "type": "Feature", "properties": { "内容": "合同会社サン【通所介護】埼玉県児玉郡美里町大字木部８０番地１", "url": "https://www.kaigokensaku.mhlw.go.jp/11/index.php?action_kouhyou_detail_004_kani=true&JigyosyoCd=1174201762-00&ServiceCd=150&Type=search", "url2": null }, "geometry": { "type": "Point", "coordinates": [ 139.171855, 36.1695458 ] } },
{ "type": "Feature", "properties": { "内容": "ふれあい美里デイサービスセンター【通所介護】埼玉県児玉郡美里町大字中里新田221-2", "url": "https://www.kaigokensaku.mhlw.go.jp/11/index.php?action_kouhyou_detail_004_kani=true&JigyosyoCd=1174201663-00&ServiceCd=150&Type=search", "url2": "https://hanawa878.co.jp" }, "geometry": { "type": "Point", "coordinates": [ 139.171465014257137, 36.165358134809416 ] } },
{ "type": "Feature", "properties": { "内容": "ももよの丘デイサービスセンター【通所介護】埼玉県児玉郡美里町大字白石２３２３－１", "url": "https://www.kaigokensaku.mhlw.go.jp/11/index.php?action_kouhyou_detail_004_kani=true&JigyosyoCd=1174200392-00&ServiceCd=150&Type=search", "url2": "https://www.momoyonooka.info/" }, "geometry": { "type": "Point", "coordinates": [ 139.178772, 36.1547154 ] } },
{ "type": "Feature", "properties": { "内容": "デイサービスセンター「けいあい」【通所介護】埼玉県児玉郡美里町大字小茂田７４９", "url": "https://www.kaigokensaku.mhlw.go.jp/11/index.php?action_kouhyou_detail_004_kani=true&JigyosyoCd=1174200376-00&ServiceCd=150&Type=search", "url2": "https://www.misatokai.com/" }, "geometry": { "type": "Point", "coordinates": [ 139.191368900000043, 36.2052125 ] } },
{ "type": "Feature", "properties": { "内容": "デイサービスセンターどりーむ北十条【通所介護】埼玉県児玉郡美里町北十条３－５", "url": "https://www.kaigokensaku.mhlw.go.jp/11/index.php?action_kouhyou_detail_004_kani=true&JigyosyoCd=1174201200-00&ServiceCd=150&Type=search", "url2": "http://dream-3.jp" }, "geometry": { "type": "Point", "coordinates": [ 139.1635781, 36.1975236 ] } },
{ "type": "Feature", "properties": { "内容": "デイサービスセンター　コピーヌ【通所介護】埼玉県児玉郡美里町沼上711", "url": "https://www.kaigokensaku.mhlw.go.jp/11/index.php?action_kouhyou_detail_004_kani=true&JigyosyoCd=1174201416-00&ServiceCd=150&Type=search", "url2": "https://www.jsdl.co.jp/index.html" }, "geometry": { "type": "Point", "coordinates": [ 139.1645866, 36.1889135 ] } },
{ "type": "Feature", "properties": { "内容": "デイサービスセンター　ゆうわの里神川【通所介護】埼玉県児玉郡神川町八日市３０３番地１", "url": "https://www.kaigokensaku.mhlw.go.jp/11/index.php?action_kouhyou_detail_004_kani=true&JigyosyoCd=1174201614-00&ServiceCd=150&Type=search", "url2": "yuuwa-no-sato.com" }, "geometry": { "type": "Point", "coordinates": [ 139.120954203874248, 36.208647083340566 ] } },
{ "type": "Feature", "properties": { "内容": "デイサービスセンター　ゆうわの里本館【通所介護】埼玉県児玉郡神川町関口163-4", "url": "https://www.kaigokensaku.mhlw.go.jp/11/index.php?action_kouhyou_detail_004_kani=true&JigyosyoCd=1174201853-00&ServiceCd=150&Type=search", "url2": "https://yuuwa-no-sato.net" }, "geometry": { "type": "Point", "coordinates": [ 139.0981332, 36.2228792 ] } },
{ "type": "Feature", "properties": { "内容": "ケアステーションあさひ神川【通所介護】埼玉県児玉郡神川町大字元阿保911-1", "url": "https://www.kaigokensaku.mhlw.go.jp/11/index.php?action_kouhyou_detail_004_kani=true&JigyosyoCd=1174201358-00&ServiceCd=150&Type=search", "url2": "http://www.vati.co.jp/" }, "geometry": { "type": "Point", "coordinates": [ 139.110916, 36.223081 ] } },
{ "type": "Feature", "properties": { "内容": "デイサービスセンターガイア【通所介護】埼玉県児玉郡神川町八日市６４－７", "url": "https://www.kaigokensaku.mhlw.go.jp/11/index.php?action_kouhyou_detail_004_kani=true&JigyosyoCd=1174200772-00&ServiceCd=150&Type=search", "url2": "http://gaia-kaigo.com" }, "geometry": { "type": "Point", "coordinates": [ 139.117515750743109, 36.215953825901522 ] } },
{ "type": "Feature", "properties": { "内容": "はなわデイサービス【通所介護】埼玉県児玉郡神川町原新田上堀南１４６番地３", "url": "https://www.kaigokensaku.mhlw.go.jp/11/index.php?action_kouhyou_detail_004_kani=true&JigyosyoCd=1174201127-00&ServiceCd=150&Type=search", "url2": "https://hanawa878.co.jp" }, "geometry": { "type": "Point", "coordinates": [ 139.124075585749779, 36.217585398080338 ] } },
{ "type": "Feature", "properties": { "内容": "デイサービスセンター八日市【通所介護】埼玉県児玉郡神川町八日市428-3", "url": "https://www.kaigokensaku.mhlw.go.jp/11/index.php?action_kouhyou_detail_004_kani=true&JigyosyoCd=1174201705-00&ServiceCd=150&Type=search", "url2": "https://koshino-kaigo.com" }, "geometry": { "type": "Point", "coordinates": [ 139.117579889481931, 36.21175241121167 ] } },
{ "type": "Feature", "properties": { "内容": "デイサービスセンターだんだん【通所介護】埼玉県児玉郡神川町八日市64-8", "url": "https://www.kaigokensaku.mhlw.go.jp/11/index.php?action_kouhyou_detail_004_kani=true&JigyosyoCd=1174200939-00&ServiceCd=150&Type=search", "url2": "https://koshino-kaigo.com" }, "geometry": { "type": "Point", "coordinates": [ 139.11747779021303, 36.216401646563007 ] } },
{ "type": "Feature", "properties": { "内容": "デイサービスセンターペンタス【通所介護】埼玉県児玉郡神川町八日市２４－４デイサービスセンターペンタス", "url": "https://www.kaigokensaku.mhlw.go.jp/11/index.php?action_kouhyou_detail_004_kani=true&JigyosyoCd=1174201390-00&ServiceCd=150&Type=search", "url2": null }, "geometry": { "type": "Point", "coordinates": [ 139.115874100000042, 36.213274 ] } },
{ "type": "Feature", "properties": { "内容": "デイサービスセンターさくらの郷【通所介護】埼玉県児玉郡神川町八日市216", "url": "https://www.kaigokensaku.mhlw.go.jp/11/index.php?action_kouhyou_detail_004_kani=true&JigyosyoCd=1174201341-00&ServiceCd=150&Type=search", "url2": null }, "geometry": { "type": "Point", "coordinates": [ 139.1145587, 36.2126561 ] } },
{ "type": "Feature", "properties": { "内容": "いずみ【通所介護】埼玉県児玉郡神川町大字上阿久原567番地", "url": "https://www.kaigokensaku.mhlw.go.jp/11/index.php?action_kouhyou_detail_004_kani=true&JigyosyoCd=1174200350-00&ServiceCd=150&Type=search", "url2": "http://www.oh-izumi.or.jp/" }, "geometry": { "type": "Point", "coordinates": [ 139.053719300000012, 36.1466645 ] } },
{ "type": "Feature", "properties": { "内容": "デイサービス結いの心【通所介護】埼玉県児玉郡神川町関口133-1", "url": "https://www.kaigokensaku.mhlw.go.jp/11/index.php?action_kouhyou_detail_004_kani=true&JigyosyoCd=1174201697-00&ServiceCd=150&Type=search", "url2": "https://www.yuinokokoro.com" }, "geometry": { "type": "Point", "coordinates": [ 139.103752394581619, 36.21952657592616 ] } },
{ "type": "Feature", "properties": { "内容": "デイサービスセンター　ファイン上里【通所介護】埼玉県児玉郡上里町七本木2867-7", "url": "https://www.kaigokensaku.mhlw.go.jp/11/index.php?action_kouhyou_detail_004_kani=true&JigyosyoCd=1174201580-00&ServiceCd=150&Type=search", "url2": null }, "geometry": { "type": "Point", "coordinates": [ 139.147784300000012, 36.2346863 ] } },
{ "type": "Feature", "properties": { "内容": "デイサービスセンター　チューリップかみさと【通所介護】埼玉県児玉郡上里町三町848-2", "url": "https://www.kaigokensaku.mhlw.go.jp/11/index.php?action_kouhyou_detail_004_kani=true&JigyosyoCd=1174201119-00&ServiceCd=150&Type=search", "url2": "https://tulip-mari.co.jp" }, "geometry": { "type": "Point", "coordinates": [ 139.1304553, 36.2337637 ] } },
{ "type": "Feature", "properties": { "内容": "デイサービスセンターみぶな【通所介護】埼玉県児玉郡上里町大字三町835-1", "url": "https://www.kaigokensaku.mhlw.go.jp/11/index.php?action_kouhyou_detail_004_kani=true&JigyosyoCd=1174201499-00&ServiceCd=150&Type=search", "url2": null }, "geometry": { "type": "Point", "coordinates": [ 139.1307334, 36.2349956 ] } },
{ "type": "Feature", "properties": { "内容": "かみさとデイサービスセンター【通所介護】埼玉県児玉郡上里町大字堤４８７番地ー１", "url": "https://www.kaigokensaku.mhlw.go.jp/11/index.php?action_kouhyou_detail_004_kani=true&JigyosyoCd=1174200368-00&ServiceCd=150&Type=search", "url2": "http://www.rupinasu.info" }, "geometry": { "type": "Point", "coordinates": [ 139.129794, 36.2410907 ] } },
{ "type": "Feature", "properties": { "内容": "えいがの里デイサービスセンター【通所介護】埼玉県児玉郡上里町大字三町19－4", "url": "https://www.kaigokensaku.mhlw.go.jp/11/index.php?action_kouhyou_detail_004_kani=true&JigyosyoCd=1174200137-00&ServiceCd=150&Type=search", "url2": "https：//www.eiganosato.com" }, "geometry": { "type": "Point", "coordinates": [ 139.133507799999961, 36.2328777 ] } },
{ "type": "Feature", "properties": { "内容": "デイサービスセンター　ポピー【通所介護】児玉郡上里町大字金久保777", "url": "https://www.kaigokensaku.mhlw.go.jp/11/index.php?action_kouhyou_detail_004_kani=true&JigyosyoCd=1174200541-00&ServiceCd=150&Type=search", "url2": "http://www.hpmix.com/home/meiseikai/" }, "geometry": { "type": "Point", "coordinates": [ 139.132276400000023, 36.2654719 ] } },
{ "type": "Feature", "properties": { "内容": "ツクイ上里【通所介護】埼玉県児玉郡上里町七本木3518-1", "url": "https://www.kaigokensaku.mhlw.go.jp/11/index.php?action_kouhyou_detail_004_kani=true&JigyosyoCd=1174201838-00&ServiceCd=150&Type=search", "url2": "http：//www.tsukui.net" }, "geometry": { "type": "Point", "coordinates": [ 139.154252904151889, 36.242847268049488 ] } },
{ "type": "Feature", "properties": { "内容": "たちばなデイサービスセンター【通所介護】児玉郡上里町大字大御堂８０６－１", "url": "https://www.kaigokensaku.mhlw.go.jp/11/index.php?action_kouhyou_detail_004_kani=true&JigyosyoCd=1174200319-00&ServiceCd=150&Type=search", "url2": "http://www.tokuyou-tachibana.or.jp" }, "geometry": { "type": "Point", "coordinates": [ 139.124850299999906, 36.2314693 ] } },
{ "type": "Feature", "properties": { "内容": "デイサービスセンターランタナ【通所介護】埼玉県児玉郡上里町大字神保原町999番地シルバーホームランタナ", "url": "https://www.kaigokensaku.mhlw.go.jp/11/index.php?action_kouhyou_detail_004_kani=true&JigyosyoCd=1174201549-00&ServiceCd=150&Type=search", "url2": null }, "geometry": { "type": "Point", "coordinates": [ 139.15399960000002, 36.2606674 ] } },
{ "type": "Feature", "properties": { "内容": "ふれあい上里デイサービスセンター【通所介護】埼玉県児玉郡上里町嘉美607-1", "url": "https://www.kaigokensaku.mhlw.go.jp/11/index.php?action_kouhyou_detail_004_kani=true&JigyosyoCd=1174201895-00&ServiceCd=150&Type=search", "url2": "http://hanawa878.co.jp" }, "geometry": { "type": "Point", "coordinates": [ 139.1454829, 36.2274984 ] } },
{ "type": "Feature", "properties": { "内容": "えがおデイリハセンター【通所介護】埼玉県児玉郡上里町神保原町354番地21階", "url": "https://www.kaigokensaku.mhlw.go.jp/11/index.php?action_kouhyou_detail_004_kani=true&JigyosyoCd=1174201796-00&ServiceCd=150&Type=search", "url2": "https://www.happinesslife-saitama.com/" }, "geometry": { "type": "Point", "coordinates": [ 139.1477006, 36.2552011 ] } },
{ "type": "Feature", "properties": { "内容": "笑ふくデイサービス【通所介護】上里町七本木5333", "url": "https://www.kaigokensaku.mhlw.go.jp/11/index.php?action_kouhyou_detail_004_kani=true&JigyosyoCd=1174201879-00&ServiceCd=150&Type=search", "url2": "https://www.happinesslife-saitama.com" }, "geometry": { "type": "Point", "coordinates": [ 139.1504995, 36.2499557 ] } },
{ "type": "Feature", "properties": { "内容": "はぴねすデイサービス【通所介護】埼玉県児玉郡上里町大字七本木3684番地2", "url": "https://www.kaigokensaku.mhlw.go.jp/11/index.php?action_kouhyou_detail_004_kani=true&JigyosyoCd=1174201382-00&ServiceCd=150&Type=search", "url2": "https://www.happinesslife-saitama.com/" }, "geometry": { "type": "Point", "coordinates": [ 139.155075099999976, 36.23988880000001 ] } },
{ "type": "Feature", "properties": { "内容": "ポプリ上里デイサービスセンター【通所介護】埼玉県児玉郡上里町神保原町325番地5", "url": "https://www.kaigokensaku.mhlw.go.jp/11/index.php?action_kouhyou_detail_004_kani=true&JigyosyoCd=1174201648-00&ServiceCd=150&Type=search", "url2": null }, "geometry": { "type": "Point", "coordinates": [ 139.1443951, 36.2525929 ] } },
{ "type": "Feature", "properties": { "内容": "ディバシティ上里【通所介護】埼玉県児玉郡上里町七本木３５２９－７", "url": "https://www.kaigokensaku.mhlw.go.jp/11/index.php?action_kouhyou_detail_004_kani=true&JigyosyoCd=1174201424-00&ServiceCd=150&Type=search", "url2": "http://www.azisaicc.co.jp/" }, "geometry": { "type": "Point", "coordinates": [ 139.157013767459148, 36.246355710876209 ] } },
{ "type": "Feature", "properties": { "内容": "てるてるとてくてく【通所介護】埼玉県児玉郡上里町金久保359-1イオンタウン上里１Ｆ", "url": "https://www.kaigokensaku.mhlw.go.jp/11/index.php?action_kouhyou_detail_004_kani=true&JigyosyoCd=1174201788-00&ServiceCd=150&Type=search", "url2": "https://teruteru-day.amebaownd.com/" }, "geometry": { "type": "Point", "coordinates": [ 139.136462658061106, 36.260154949888971 ] } },
{ "type": "Feature", "properties": { "内容": "ひだまりの里【通所介護】埼玉県児玉郡上里町七本木5559", "url": "https://www.kaigokensaku.mhlw.go.jp/11/index.php?action_kouhyou_detail_004_kani=true&JigyosyoCd=1174201010-00&ServiceCd=150&Type=search", "url2": "http://www.komorebi2010.com" }, "geometry": { "type": "Point", "coordinates": [ 139.14548606204076, 36.251307102994886 ] } },
{ "type": "Feature", "properties": { "内容": "デイサービスセンタービッグベンマナーハウス【通所介護】埼玉県大里郡寄居町保田原217-1", "url": "https://www.kaigokensaku.mhlw.go.jp/11/index.php?action_kouhyou_detail_004_kani=true&JigyosyoCd=1174501674-00&ServiceCd=150&Type=search", "url2": "http://windsor-bigben.jp" }, "geometry": { "type": "Point", "coordinates": [ 139.212206899999956, 36.1139941 ] } },
{ "type": "Feature", "properties": { "内容": "デイサービスセンターゆうが立原【通所介護】埼玉県大里郡寄居町大字立原350-11", "url": "https://www.kaigokensaku.mhlw.go.jp/11/index.php?action_kouhyou_detail_004_kani=true&JigyosyoCd=1174501385-00&ServiceCd=150&Type=search", "url2": null }, "geometry": { "type": "Point", "coordinates": [ 139.18658019999998, 36.1019812 ] } },
{ "type": "Feature", "properties": { "内容": "デイサービスセンター花ぞの【通所介護】埼玉県大里郡寄居町大字用土２４４０番地５", "url": "https://www.kaigokensaku.mhlw.go.jp/11/index.php?action_kouhyou_detail_004_kani=true&JigyosyoCd=1174501310-00&ServiceCd=150&Type=search", "url2": "http://hana-zono.or.jp" }, "geometry": { "type": "Point", "coordinates": [ 139.2019775, 36.1553909 ] } },
{ "type": "Feature", "properties": { "内容": "ケアーステーション　よりいほうむ【通所介護】埼玉県大里郡寄居町大字折原256-1", "url": "https://www.kaigokensaku.mhlw.go.jp/11/index.php?action_kouhyou_detail_004_kani=true&JigyosyoCd=1174501351-00&ServiceCd=150&Type=search", "url2": null }, "geometry": { "type": "Point", "coordinates": [ 139.18241880000005, 36.1106827 ] } },
{ "type": "Feature", "properties": { "内容": "はぐくみデイサービスセンター【通所介護】埼玉県大里郡寄居町末野527-1", "url": "https://www.kaigokensaku.mhlw.go.jp/11/index.php?action_kouhyou_detail_004_kani=true&JigyosyoCd=1174501807-00&ServiceCd=150&Type=search", "url2": "hagukumukai.jp" }, "geometry": { "type": "Point", "coordinates": [ 139.1625014, 36.1225067 ] } },
{ "type": "Feature", "properties": { "内容": "おぶすまの里【通所介護】埼玉県大里郡寄居町牟礼1508-1", "url": "https://www.kaigokensaku.mhlw.go.jp/11/index.php?action_kouhyou_detail_004_kani=true&JigyosyoCd=1174501484-00&ServiceCd=150&Type=search", "url2": "http://meiwa-obusuma.o.oo7.jp" }, "geometry": { "type": "Point", "coordinates": [ 139.256381681367458, 36.105696658597665 ] } },
{ "type": "Feature", "properties": { "内容": "デイサービスセンターやまゆり【通所介護】埼玉県大里郡寄居町大字寄居1148番地1", "url": "https://www.kaigokensaku.mhlw.go.jp/11/index.php?action_kouhyou_detail_004_kani=true&JigyosyoCd=1174501658-00&ServiceCd=150&Type=search", "url2": "https://yamayuri.co.jp/" }, "geometry": { "type": "Point", "coordinates": [ 139.191183566903618, 36.118830800351205 ] } },
{ "type": "Feature", "properties": { "内容": "リハ研【通所介護】埼玉県大里郡寄居町牟礼670ー１", "url": "https://www.kaigokensaku.mhlw.go.jp/11/index.php?action_kouhyou_detail_004_kani=true&JigyosyoCd=1174501823-00&ServiceCd=150&Type=search", "url2": null }, "geometry": { "type": "Point", "coordinates": [ 139.256207100000012, 36.1048124 ] } },
{ "type": "Feature", "properties": { "内容": "デイサービス　たんぽぽ【通所介護】埼玉県大里郡寄居町寄居433-2", "url": "https://www.kaigokensaku.mhlw.go.jp/11/index.php?action_kouhyou_detail_004_kani=true&JigyosyoCd=1174501211-00&ServiceCd=150&Type=search", "url2": "http://www14.plala.or.jp/yorii-tanpopo" }, "geometry": { "type": "Point", "coordinates": [ 139.190881699999977, 36.1121465 ] } },
{ "type": "Feature", "properties": { "内容": "デイサービスルピナス【通所介護】埼玉県大里郡寄居町大字西ノ入3129-1", "url": "https://www.kaigokensaku.mhlw.go.jp/11/index.php?action_kouhyou_detail_004_kani=true&JigyosyoCd=1174501781-00&ServiceCd=150&Type=search", "url2": null }, "geometry": { "type": "Point", "coordinates": [ 139.1980228, 36.0813005 ] } },
{ "type": "Feature", "properties": { "内容": "ユウネスデイサービスセンター【通所介護】埼玉県大里郡寄居町大字保田原３０１", "url": "https://www.kaigokensaku.mhlw.go.jp/11/index.php?action_kouhyou_detail_004_kani=true&JigyosyoCd=1174500296-00&ServiceCd=150&Type=search", "url2": "http://eijyukai-akiyamaen.jp" }, "geometry": { "type": "Point", "coordinates": [ 139.214995300000055, 36.1180324 ] } },
{ "type": "Feature", "properties": { "内容": "通所介護事業所　かきの木苑【通所介護】埼玉県大里郡寄居町赤浜2787-2", "url": "https://www.kaigokensaku.mhlw.go.jp/11/index.php?action_kouhyou_detail_004_kani=true&JigyosyoCd=1174501815-00&ServiceCd=150&Type=search", "url2": null }, "geometry": { "type": "Point", "coordinates": [ 139.2664414, 36.1182985 ] } },
{ "type": "Feature", "properties": { "内容": "じゅうたくがたゆうりょうろうじんほーむさんらいと【通所介護】鉢形9-1", "url": "https://www.kaigokensaku.mhlw.go.jp/11/index.php?action_kouhyou_detail_004_kani=true&JigyosyoCd=1174501864-00&ServiceCd=150&Type=search", "url2": null }, "geometry": { "type": "Point", "coordinates": [ 139.209867295460953, 36.113084941387449 ] } },
{ "type": "Feature", "properties": { "内容": "ハートフルステーションリンク【通所介護】埼玉県大里郡寄居町大字末野1710-1", "url": "https://www.kaigokensaku.mhlw.go.jp/11/index.php?action_kouhyou_detail_004_kani=true&JigyosyoCd=1174501625-00&ServiceCd=150&Type=search", "url2": "http://www.link-ygs.com" }, "geometry": { "type": "Point", "coordinates": [ 139.176127, 36.119623 ] } },
{ "type": "Feature", "properties": { "内容": "よりあいの家くるみ【通所介護】埼玉県大里郡寄居町桜沢691-6", "url": "https://www.kaigokensaku.mhlw.go.jp/11/index.php?action_kouhyou_detail_004_kani=true&JigyosyoCd=1174501526-00&ServiceCd=150&Type=search", "url2": null }, "geometry": { "type": "Point", "coordinates": [ 139.199178001713534, 36.124467693460794 ] } },
{ "type": "Feature", "properties": { "内容": "コンパスウォーク宮代町【通所介護】埼玉県南埼玉郡宮代町中央3-2-23パークビレッジ1Ｆ", "url": "https://www.kaigokensaku.mhlw.go.jp/11/index.php?action_kouhyou_detail_004_kani=true&JigyosyoCd=1170501140-00&ServiceCd=150&Type=search", "url2": null }, "geometry": { "type": "Point", "coordinates": [ 139.7233124, 36.0249269 ] } },
{ "type": "Feature", "properties": { "内容": "指定通所介護事業所みどりの森【通所介護】埼玉県南埼玉郡宮代町和戸１７８０－１特別養護老人ホームみどりの森", "url": "https://www.kaigokensaku.mhlw.go.jp/11/index.php?action_kouhyou_detail_004_kani=true&JigyosyoCd=1170500233-00&ServiceCd=150&Type=search", "url2": "http://mitsunami.or.jp/" }, "geometry": { "type": "Point", "coordinates": [ 139.695075, 36.055188 ] } },
{ "type": "Feature", "properties": { "内容": "グリーンライフ宮代デイサービスセンター【通所介護】埼玉県南埼玉郡宮代町須賀1300", "url": "https://www.kaigokensaku.mhlw.go.jp/11/index.php?action_kouhyou_detail_004_kani=true&JigyosyoCd=1170501165-00&ServiceCd=150&Type=search", "url2": "http://www.greenlife-inc.co.jp" }, "geometry": { "type": "Point", "coordinates": [ 139.701654100000013, 36.0357635 ] } },
{ "type": "Feature", "properties": { "内容": "デイサービス　ゆうわ【通所介護】埼玉県南埼玉郡宮代町和戸2丁目6-35住宅型有料老人ホーム　友和の里", "url": "https://www.kaigokensaku.mhlw.go.jp/11/index.php?action_kouhyou_detail_004_kani=true&JigyosyoCd=1170501066-00&ServiceCd=150&Type=search", "url2": null }, "geometry": { "type": "Point", "coordinates": [ 139.696761174868811, 36.043316049920705 ] } },
{ "type": "Feature", "properties": { "内容": "もみの木通所介護センター【通所介護】埼玉県南埼玉郡宮代町道佛3-17-14", "url": "https://www.kaigokensaku.mhlw.go.jp/11/index.php?action_kouhyou_detail_004_kani=true&JigyosyoCd=1170500100-00&ServiceCd=150&Type=search", "url2": "http://www.shinzenkai.net/" }, "geometry": { "type": "Point", "coordinates": [ 139.7315734, 36.0147908 ] } },
{ "type": "Feature", "properties": { "内容": "ご長寿くらぶ埼玉・杉戸【通所介護】埼玉県北葛飾郡杉戸町内田3-1-26", "url": "https://www.kaigokensaku.mhlw.go.jp/11/index.php?action_kouhyou_detail_004_kani=true&JigyosyoCd=1171102112-00&ServiceCd=150&Type=search", "url2": null }, "geometry": { "type": "Point", "coordinates": [ 139.73260760307312, 36.033071367478286 ] } },
{ "type": "Feature", "properties": { "内容": "すぎと翔裕館【通所介護】埼玉県北葛飾郡杉戸町下高野2828番地5", "url": "https://www.kaigokensaku.mhlw.go.jp/11/index.php?action_kouhyou_detail_004_kani=true&JigyosyoCd=1171101940-00&ServiceCd=150&Type=search", "url2": "https://www.sanga-kaigo.co.jp" }, "geometry": { "type": "Point", "coordinates": [ 139.720154760713172, 36.045344280031919 ] } },
{ "type": "Feature", "properties": { "内容": "めぐリハビリデイサービス杉戸【通所介護】埼玉県北葛飾郡杉戸町清地1-10-7", "url": "https://www.kaigokensaku.mhlw.go.jp/11/index.php?action_kouhyou_detail_004_kani=true&JigyosyoCd=1171101981-00&ServiceCd=150&Type=search", "url2": "https://megu-group.com/" }, "geometry": { "type": "Point", "coordinates": [ 139.7318927, 36.0272062 ] } },
{ "type": "Feature", "properties": { "内容": "ヒューマンサポート杉戸本島デイサービスセンター【通所介護】埼玉県北葛飾郡杉戸町本島611-1", "url": "https://www.kaigokensaku.mhlw.go.jp/11/index.php?action_kouhyou_detail_004_kani=true&JigyosyoCd=1171102039-00&ServiceCd=150&Type=search", "url2": "https://n-h-s.jp/wp/" }, "geometry": { "type": "Point", "coordinates": [ 139.748861398825284, 36.047581888648629 ] } },
{ "type": "Feature", "properties": { "内容": "デイサービス東埼玉【通所介護】埼玉県北葛飾郡杉戸町清地２－１－２", "url": "https://www.kaigokensaku.mhlw.go.jp/11/index.php?action_kouhyou_detail_004_kani=true&JigyosyoCd=1171100694-00&ServiceCd=150&Type=search", "url2": "http://www.jinai.jp" }, "geometry": { "type": "Point", "coordinates": [ 139.735995300000013, 36.0270397 ] } },
{ "type": "Feature", "properties": { "内容": "デイサービスセンターダレタメすぎと【通所介護】埼玉県北葛飾郡杉戸町杉戸1-9-9", "url": "https://www.kaigokensaku.mhlw.go.jp/11/index.php?action_kouhyou_detail_004_kani=true&JigyosyoCd=1171101841-00&ServiceCd=150&Type=search", "url2": "https://daretame.co.jp/" }, "geometry": { "type": "Point", "coordinates": [ 139.721201599999972, 36.0326803 ] } },
{ "type": "Feature", "properties": { "内容": "デイサービスセンターもみの木杉戸高野台【通所介護】埼玉県北葛飾郡杉戸町下野435", "url": "https://www.kaigokensaku.mhlw.go.jp/11/index.php?action_kouhyou_detail_004_kani=true&JigyosyoCd=1171100926-00&ServiceCd=150&Type=search", "url2": "http://www.shinzenkai.net/" }, "geometry": { "type": "Point", "coordinates": [ 139.705718700000034, 36.0550244 ] } },
{ "type": "Feature", "properties": { "内容": "SOMPOケア　杉戸　デイサービス【通所介護】埼玉県北葛飾郡杉戸町下野914-6", "url": "https://www.kaigokensaku.mhlw.go.jp/11/index.php?action_kouhyou_detail_004_kani=true&JigyosyoCd=1171101833-00&ServiceCd=150&Type=search", "url2": "https://www.sompocare.com" }, "geometry": { "type": "Point", "coordinates": [ 139.704143599999952, 36.0594905 ] } },
{ "type": "Feature", "properties": { "内容": "デイサービス穂の華【通所介護】埼玉県北葛飾郡松伏町大川戸菱沼1747-1", "url": "https://www.kaigokensaku.mhlw.go.jp/11/index.php?action_kouhyou_detail_004_kani=true&JigyosyoCd=1171101775-00&ServiceCd=150&Type=search", "url2": "https://mindhome.jimdo.com/" }, "geometry": { "type": "Point", "coordinates": [ 139.816345, 35.9422935 ] } },
{ "type": "Feature", "properties": { "内容": "デイサービス穂の華ゆめみ野店【通所介護】埼玉県北葛飾郡松伏町ゆめみ野東2-5-15", "url": "https://www.kaigokensaku.mhlw.go.jp/11/index.php?action_kouhyou_detail_004_kani=true&JigyosyoCd=1171101874-00&ServiceCd=150&Type=search", "url2": "https://mindhome.jimdo.com/" }, "geometry": { "type": "Point", "coordinates": [ 139.8284965, 35.9248397 ] } }
]
}
