{
"type": "FeatureCollection",
"name": "geo_11_特定施設入居者生活介護（有料老人ホーム）",
"crs": { "type": "name", "properties": { "name": "urn:ogc:def:crs:OGC:1.3:CRS84" } },
"features": [
{ "type": "Feature", "properties": { "内容": "ホームステーション指扇【特定施設入居者生活介護（有料老人ホーム）】埼玉県さいたま市西区大字土屋242-1", "url": "https://www.kaigokensaku.mhlw.go.jp/11/index.php?action_kouhyou_detail_004_kani=true&JigyosyoCd=1176508610-00&ServiceCd=331&Type=search", "url2": "https://ｗｗｗ.life-silver.com" }, "geometry": { "type": "Point", "coordinates": [ 139.570521, 35.9102312 ] } },
{ "type": "Feature", "properties": { "内容": "さわやかおおみや館【特定施設入居者生活介護（有料老人ホーム）】内野本郷1082-1", "url": "https://www.kaigokensaku.mhlw.go.jp/11/index.php?action_kouhyou_detail_004_kani=true&JigyosyoCd=1176514006-00&ServiceCd=331&Type=search", "url2": "http://www.sawayakaciub.jp/oomiyakan/" }, "geometry": { "type": "Point", "coordinates": [ 139.5896409, 35.9329011 ] } },
{ "type": "Feature", "properties": { "内容": "SOMPOケアラヴィーレ西大宮【特定施設入居者生活介護（有料老人ホーム）】西大宮1-18-1イルヴィラージュ西大宮　2階～5階", "url": "https://www.kaigokensaku.mhlw.go.jp/11/index.php?action_kouhyou_detail_004_kani=true&JigyosyoCd=1176516787-00&ServiceCd=331&Type=search", "url2": "ｈｔｔｐｓ://www.sompocare.com" }, "geometry": { "type": "Point", "coordinates": [ 139.5789691, 35.9221916 ] } },
{ "type": "Feature", "properties": { "内容": "ハーモニーライフ大宮【特定施設入居者生活介護（有料老人ホーム）】三橋6-322-1ハーモニーライフ大宮", "url": "https://www.kaigokensaku.mhlw.go.jp/11/index.php?action_kouhyou_detail_004_kani=true&JigyosyoCd=1176514451-00&ServiceCd=331&Type=search", "url2": "https://mcp-net.jp/" }, "geometry": { "type": "Point", "coordinates": [ 139.592003695106513, 35.914239447727901 ] } },
{ "type": "Feature", "properties": { "内容": "介護付有料老人ホーム　プレザンメゾンさいたま指扇【特定施設入居者生活介護（有料老人ホーム）】埼玉県さいたま市西区土屋１７２９－１", "url": "https://www.kaigokensaku.mhlw.go.jp/11/index.php?action_kouhyou_detail_004_kani=true&JigyosyoCd=1176510350-00&ServiceCd=331&Type=search", "url2": null }, "geometry": { "type": "Point", "coordinates": [ 139.570781, 35.9124826 ] } },
{ "type": "Feature", "properties": { "内容": "介護付有料老人ホーム　みんなの家・三橋６丁目【特定施設入居者生活介護（有料老人ホーム）】埼玉県さいたま市西区三橋6-393-1", "url": "https://www.kaigokensaku.mhlw.go.jp/11/index.php?action_kouhyou_detail_004_kani=true&JigyosyoCd=1176510004-00&ServiceCd=331&Type=search", "url2": "https://kaigo.alsok.co.jp/facility/search/detail/116" }, "geometry": { "type": "Point", "coordinates": [ 139.586090799999965, 35.9144956 ] } },
{ "type": "Feature", "properties": { "内容": "介護付有料老人ホームすこや家・大宮佐知川【特定施設入居者生活介護（有料老人ホーム）】埼玉県さいたま市西区佐知川1144-1", "url": "https://www.kaigokensaku.mhlw.go.jp/11/index.php?action_kouhyou_detail_004_kani=true&JigyosyoCd=1176504346-00&ServiceCd=331&Type=search", "url2": null }, "geometry": { "type": "Point", "coordinates": [ 139.583721800000035, 35.900098 ] } },
{ "type": "Feature", "properties": { "内容": "サービス付き高齢者向け住宅　特定施設　三橋ナーシングホーム【特定施設入居者生活介護（有料老人ホーム）】埼玉県さいたま市西区三橋５－５６０－１", "url": "https://www.kaigokensaku.mhlw.go.jp/11/index.php?action_kouhyou_detail_004_kani=true&JigyosyoCd=1176514675-00&ServiceCd=331&Type=search", "url2": "ｈｔｔｐ://www.kawatsu-g.jp" }, "geometry": { "type": "Point", "coordinates": [ 139.5945484, 35.9037616 ] } },
{ "type": "Feature", "properties": { "内容": "ニチイケアセンター内野本郷【特定施設入居者生活介護（有料老人ホーム）】埼玉県さいたま市西区内野本郷1085-1", "url": "https://www.kaigokensaku.mhlw.go.jp/11/index.php?action_kouhyou_detail_004_kani=true&JigyosyoCd=1176509659-00&ServiceCd=331&Type=search", "url2": null }, "geometry": { "type": "Point", "coordinates": [ 139.589420499999989, 35.9334903 ] } },
{ "type": "Feature", "properties": { "内容": "介護付有料老人ホーム　みんなの家・大宮内野本郷【特定施設入居者生活介護（有料老人ホーム）】埼玉県さいたま市西区大字内野本郷477-1", "url": "https://www.kaigokensaku.mhlw.go.jp/11/index.php?action_kouhyou_detail_004_kani=true&JigyosyoCd=1176514055-00&ServiceCd=331&Type=search", "url2": "https://kaigo.alsok.co.jp" }, "geometry": { "type": "Point", "coordinates": [ 139.592098699999951, 35.9364391 ] } },
{ "type": "Feature", "properties": { "内容": "ル・レーヴ大宮北【特定施設入居者生活介護（有料老人ホーム）】埼玉県さいたま市北区吉野町1-37-5", "url": "https://www.kaigokensaku.mhlw.go.jp/11/index.php?action_kouhyou_detail_004_kani=true&JigyosyoCd=1176509584-00&ServiceCd=331&Type=search", "url2": "http://www.ej-welfare.jp" }, "geometry": { "type": "Point", "coordinates": [ 139.61533780000002, 35.9514073 ] } },
{ "type": "Feature", "properties": { "内容": "リアンレーヴ大宮【特定施設入居者生活介護（有料老人ホーム）】埼玉県さいたま市北区植竹町１丁目７６６－１", "url": "https://www.kaigokensaku.mhlw.go.jp/11/index.php?action_kouhyou_detail_004_kani=true&JigyosyoCd=1176515631-00&ServiceCd=331&Type=search", "url2": "http://www.kinoshita-kaigo.co.jp/facility/service_housing/lien-reve_omiya.html" }, "geometry": { "type": "Point", "coordinates": [ 139.622354299999984, 35.9277478 ] } },
{ "type": "Feature", "properties": { "内容": "ニチイホーム　大宮公園【特定施設入居者生活介護（有料老人ホーム）】埼玉県さいたま市北区植竹町1丁目69番地ニチイホーム大宮公園", "url": "https://www.kaigokensaku.mhlw.go.jp/11/index.php?action_kouhyou_detail_004_kani=true&JigyosyoCd=1176512430-00&ServiceCd=331&Type=search", "url2": "https://www.nichii-carepalace.co.jp" }, "geometry": { "type": "Point", "coordinates": [ 139.626520600000049, 35.9226153 ] } },
{ "type": "Feature", "properties": { "内容": "ラ・ナシカさいたま【特定施設入居者生活介護（有料老人ホーム）】埼玉県さいたま市北区奈良町22番9号", "url": "https://www.kaigokensaku.mhlw.go.jp/11/index.php?action_kouhyou_detail_004_kani=true&JigyosyoCd=1176512240-00&ServiceCd=331&Type=search", "url2": "http://www.lanassica.jp/introduction/saitama/" }, "geometry": { "type": "Point", "coordinates": [ 139.603859838588278, 35.944168054588921 ] } },
{ "type": "Feature", "properties": { "内容": "アンサンブル大宮日進【特定施設入居者生活介護（有料老人ホーム）】埼玉県さいたま市北区日進町2丁目1914－1アンサンブル大宮日進", "url": "https://www.kaigokensaku.mhlw.go.jp/11/index.php?action_kouhyou_detail_004_kani=true&JigyosyoCd=1176510715-00&ServiceCd=331&Type=search", "url2": "https://mcs-ensemble.com/facilities/omiya_nisshin/ｚ" }, "geometry": { "type": "Point", "coordinates": [ 139.608463799999981, 35.933068400000018 ] } },
{ "type": "Feature", "properties": { "内容": "ベストライフ大宮北【特定施設入居者生活介護（有料老人ホーム）】埼玉県さいたま市北区吉野町1-45-10", "url": "https://www.kaigokensaku.mhlw.go.jp/11/index.php?action_kouhyou_detail_004_kani=true&JigyosyoCd=1176518288-00&ServiceCd=331&Type=search", "url2": null }, "geometry": { "type": "Point", "coordinates": [ 139.618746499999986, 35.9512242 ] } },
{ "type": "Feature", "properties": { "内容": "介護付有料老人ホーム　みんなの家・土呂栄光荘【特定施設入居者生活介護（有料老人ホーム）】埼玉県さいたま市北区土呂町1520-1", "url": "https://www.kaigokensaku.mhlw.go.jp/11/index.php?action_kouhyou_detail_004_kani=true&JigyosyoCd=1176510863-00&ServiceCd=331&Type=search", "url2": null }, "geometry": { "type": "Point", "coordinates": [ 139.637355800000023, 35.927456499999984 ] } },
{ "type": "Feature", "properties": { "内容": "介護付有料老人ホーム　すこや家・大宮日進【特定施設入居者生活介護（有料老人ホーム）】埼玉県さいたま市北区日進町1-198-4", "url": "https://www.kaigokensaku.mhlw.go.jp/11/index.php?action_kouhyou_detail_004_kani=true&JigyosyoCd=1176504858-00&ServiceCd=331&Type=search", "url2": "https://kaigo.alsok.co.jp" }, "geometry": { "type": "Point", "coordinates": [ 139.59724540000002, 35.9220752 ] } },
{ "type": "Feature", "properties": { "内容": "ニチイホーム大宮【特定施設入居者生活介護（有料老人ホーム）】埼玉県さいたま市北区日進町2-1334", "url": "https://www.kaigokensaku.mhlw.go.jp/11/index.php?action_kouhyou_detail_004_kani=true&JigyosyoCd=1176507778-00&ServiceCd=331&Type=search", "url2": "http://www.nichii-carepalace.co.jp" }, "geometry": { "type": "Point", "coordinates": [ 139.601428400000032, 35.928391 ] } },
{ "type": "Feature", "properties": { "内容": "有料老人ホーム　サニーライフ埼玉【特定施設入居者生活介護（有料老人ホーム）】埼玉県さいたま市北区宮原町２丁目１２４番地７", "url": "https://www.kaigokensaku.mhlw.go.jp/11/index.php?action_kouhyou_detail_004_kani=true&JigyosyoCd=1176502498-00&ServiceCd=331&Type=search", "url2": "http://www.sunnylife-group.co.jp" }, "geometry": { "type": "Point", "coordinates": [ 139.61984576441796, 35.942596159829378 ] } },
{ "type": "Feature", "properties": { "内容": "ボンセジュール大宮【特定施設入居者生活介護（有料老人ホーム）】埼玉県さいたま市北区大成町4-210ボンセジュール大宮", "url": "https://www.kaigokensaku.mhlw.go.jp/11/index.php?action_kouhyou_detail_004_kani=true&JigyosyoCd=1176510178-00&ServiceCd=331&Type=search", "url2": "http://www.benesse-style-care.co.jp/" }, "geometry": { "type": "Point", "coordinates": [ 139.614313300000049, 35.9204485 ] } },
{ "type": "Feature", "properties": { "内容": "介護付有料老人ホーム　みんなの家・大宮櫛引【特定施設入居者生活介護（有料老人ホーム）】埼玉県さいたま市北区櫛引町2-137-1", "url": "https://www.kaigokensaku.mhlw.go.jp/11/index.php?action_kouhyou_detail_004_kani=true&JigyosyoCd=1176510616-00&ServiceCd=331&Type=search", "url2": null }, "geometry": { "type": "Point", "coordinates": [ 139.605887700000039, 35.9173293 ] } },
{ "type": "Feature", "properties": { "内容": "夢眠おおみやきた【特定施設入居者生活介護（有料老人ホーム）】吉野町2-214-3", "url": "https://www.kaigokensaku.mhlw.go.jp/11/index.php?action_kouhyou_detail_004_kani=true&JigyosyoCd=1176519658-00&ServiceCd=331&Type=search", "url2": "http://muminhome.jp/omiyakita/" }, "geometry": { "type": "Point", "coordinates": [ 139.604758944251785, 35.959831767219526 ] } },
{ "type": "Feature", "properties": { "内容": "有料老人ホームソラスト大宮【特定施設入居者生活介護（有料老人ホーム）】宮原町1-46-1ソラスト大宮", "url": "https://www.kaigokensaku.mhlw.go.jp/11/index.php?action_kouhyou_detail_004_kani=true&JigyosyoCd=1176518528-00&ServiceCd=331&Type=search", "url2": "https://www.solasto.co.jp/" }, "geometry": { "type": "Point", "coordinates": [ 139.618216, 35.9327961 ] } },
{ "type": "Feature", "properties": { "内容": "ライフコミューン大宮北【特定施設入居者生活介護（有料老人ホーム）】埼玉県さいたま市北区別所町16-3", "url": "https://www.kaigokensaku.mhlw.go.jp/11/index.php?action_kouhyou_detail_004_kani=true&JigyosyoCd=1170300410-00&ServiceCd=331&Type=search", "url2": "https://www.lifecom.co.jp/sisetu/saitama/map_oomiya_n.html" }, "geometry": { "type": "Point", "coordinates": [ 139.601055699999961, 35.952276 ] } },
{ "type": "Feature", "properties": { "内容": "応援家族大宮【特定施設入居者生活介護（有料老人ホーム）】3-590応援家族大宮", "url": "https://www.kaigokensaku.mhlw.go.jp/11/index.php?action_kouhyou_detail_004_kani=true&JigyosyoCd=1176515623-00&ServiceCd=331&Type=search", "url2": "http//www.kinoshita-kaigo.co.jp/" }, "geometry": { "type": "Point", "coordinates": [ 139.602139582881136, 35.938959461731741 ] } },
{ "type": "Feature", "properties": { "内容": "ザ・クラシックメデカマンション大宮【特定施設入居者生活介護（有料老人ホーム）】埼玉県さいたま市北区櫛引町2丁目488‐1", "url": "https://www.kaigokensaku.mhlw.go.jp/11/index.php?action_kouhyou_detail_004_kani=true&JigyosyoCd=1176521878-00&ServiceCd=331&Type=search", "url2": "http://cmm-omiya.jp/" }, "geometry": { "type": "Point", "coordinates": [ 139.607548142327886, 35.920551061153617 ] } },
{ "type": "Feature", "properties": { "内容": "有料老人ホーム　サニーライフ大宮【特定施設入居者生活介護（有料老人ホーム）】埼玉県さいたま市大宮区三橋１丁目５０７番地２号", "url": "https://www.kaigokensaku.mhlw.go.jp/11/index.php?action_kouhyou_detail_004_kani=true&JigyosyoCd=1176502944-00&ServiceCd=331&Type=search", "url2": "http://www.sunnylife-group.co.jp" }, "geometry": { "type": "Point", "coordinates": [ 139.60296429999994, 35.9100108 ] } },
{ "type": "Feature", "properties": { "内容": "介護付有料老人ホームみんなの家・新都心【特定施設入居者生活介護（有料老人ホーム）】埼玉県さいたま市大宮区上小町1440-2", "url": "https://www.kaigokensaku.mhlw.go.jp/11/index.php?action_kouhyou_detail_004_kani=true&JigyosyoCd=1176507687-00&ServiceCd=331&Type=search", "url2": null }, "geometry": { "type": "Point", "coordinates": [ 139.61684690000007, 35.8948745 ] } },
{ "type": "Feature", "properties": { "内容": "そんぽの家大宮【特定施設入居者生活介護（有料老人ホーム）】埼玉県さいたま市大宮区三橋２－５６１－１", "url": "https://www.kaigokensaku.mhlw.go.jp/11/index.php?action_kouhyou_detail_004_kani=true&JigyosyoCd=1176503835-00&ServiceCd=331&Type=search", "url2": "https://www.sompocare.com/" }, "geometry": { "type": "Point", "coordinates": [ 139.599123299999974, 35.8984097 ] } },
{ "type": "Feature", "properties": { "内容": "ニチイホームさいたま新都心【特定施設入居者生活介護（有料老人ホーム）】埼玉県さいたま市大宮区吉敷町4-255-1", "url": "https://www.kaigokensaku.mhlw.go.jp/11/index.php?action_kouhyou_detail_004_kani=true&JigyosyoCd=1176514113-00&ServiceCd=331&Type=search", "url2": "https://www.nichii-carepalace.co.jp" }, "geometry": { "type": "Point", "coordinates": [ 139.638345299999969, 35.8955663 ] } },
{ "type": "Feature", "properties": { "内容": "ライフコミューン大宮東【特定施設入居者生活介護（有料老人ホーム）】埼玉県さいたま市大宮区天沼町2-150-1", "url": "https://www.kaigokensaku.mhlw.go.jp/11/index.php?action_kouhyou_detail_004_kani=true&JigyosyoCd=1176501128-00&ServiceCd=331&Type=search", "url2": "http://www.kinoshita-kaigo.co.jp/facilities/state/saitama/omiyahigashi.html" }, "geometry": { "type": "Point", "coordinates": [ 139.636972900000046, 35.9031292 ] } },
{ "type": "Feature", "properties": { "内容": "ベストライフ大宮【特定施設入居者生活介護（有料老人ホーム）】埼玉県さいたま市大宮区上小町1151－1", "url": "https://www.kaigokensaku.mhlw.go.jp/11/index.php?action_kouhyou_detail_004_kani=true&JigyosyoCd=1176518346-00&ServiceCd=331&Type=search", "url2": null }, "geometry": { "type": "Point", "coordinates": [ 139.6145642, 35.8980454 ] } },
{ "type": "Feature", "properties": { "内容": "有料老人ホーム　大宮やわらぎ苑【特定施設入居者生活介護（有料老人ホーム）】埼玉県さいたま市大宮区上小町４６４", "url": "https://www.kaigokensaku.mhlw.go.jp/11/index.php?action_kouhyou_detail_004_kani=true&JigyosyoCd=1176508883-00&ServiceCd=331&Type=search", "url2": "https://www.sunnylife-group.co.jp" }, "geometry": { "type": "Point", "coordinates": [ 139.608941700000059, 35.9018707 ] } },
{ "type": "Feature", "properties": { "内容": "メディカル・リハビリホームまどか大宮【特定施設入居者生活介護（有料老人ホーム）】埼玉県さいたま市大宮区浅間町二丁目183番地", "url": "https://www.kaigokensaku.mhlw.go.jp/11/index.php?action_kouhyou_detail_004_kani=true&JigyosyoCd=1176505426-00&ServiceCd=331&Type=search", "url2": "http://www.benesse-style-care.co.jp/" }, "geometry": { "type": "Point", "coordinates": [ 139.635339599999952, 35.9025598 ] } },
{ "type": "Feature", "properties": { "内容": "イリーゼ大宮櫛引【特定施設入居者生活介護（有料老人ホーム）】櫛引町1-127-1", "url": "https://www.kaigokensaku.mhlw.go.jp/11/index.php?action_kouhyou_detail_004_kani=true&JigyosyoCd=1176512455-00&ServiceCd=331&Type=search", "url2": "https://irs.jp" }, "geometry": { "type": "Point", "coordinates": [ 139.609642203704823, 35.90681359532114 ] } },
{ "type": "Feature", "properties": { "内容": "アンサンブル大宮【特定施設入居者生活介護（有料老人ホーム）】埼玉県さいたま市大宮区上小町９６０-５", "url": "https://www.kaigokensaku.mhlw.go.jp/11/index.php?action_kouhyou_detail_004_kani=true&JigyosyoCd=1176505038-00&ServiceCd=331&Type=search", "url2": "http://www.mcsg.co.jp" }, "geometry": { "type": "Point", "coordinates": [ 139.609844599999974, 35.8976879 ] } },
{ "type": "Feature", "properties": { "内容": "グランパル美園【特定施設入居者生活介護（有料老人ホーム）】桜木町4-692-1301", "url": "https://www.kaigokensaku.mhlw.go.jp/11/index.php?action_kouhyou_detail_004_kani=true&JigyosyoCd=1176519815-00&ServiceCd=331&Type=search", "url2": "http:www.wellness-sa.jp" }, "geometry": { "type": "Point", "coordinates": [ 139.6191071, 35.8994501 ] } },
{ "type": "Feature", "properties": { "内容": "介護付有料老人ホーム　みんなの家・三橋４丁目【特定施設入居者生活介護（有料老人ホーム）】埼玉県さいたま市大宮区三橋4-59-1", "url": "https://www.kaigokensaku.mhlw.go.jp/11/index.php?action_kouhyou_detail_004_kani=true&JigyosyoCd=1176514584-00&ServiceCd=331&Type=search", "url2": null }, "geometry": { "type": "Point", "coordinates": [ 139.59913651387788, 35.897634336839715 ] } },
{ "type": "Feature", "properties": { "内容": "ライブラリ東大宮二番館【特定施設入居者生活介護（有料老人ホーム）】埼玉県さいたま市見沼区東大宮4-53-1ライブラリ東大宮二番館", "url": "https://www.kaigokensaku.mhlw.go.jp/11/index.php?action_kouhyou_detail_004_kani=true&JigyosyoCd=1176521415-00&ServiceCd=331&Type=search", "url2": "http://www.living-platform.com/" }, "geometry": { "type": "Point", "coordinates": [ 139.63606506029663, 35.953530420796305 ] } },
{ "type": "Feature", "properties": { "内容": "ＳＯＭＰＯケア　ラヴィーレ大宮弐番館【特定施設入居者生活介護（有料老人ホーム）】埼玉県さいたま市見沼区中川1062-1ＳＯＭＰＯケア　ラヴィーレ大宮弐番館", "url": "https://www.kaigokensaku.mhlw.go.jp/11/index.php?action_kouhyou_detail_004_kani=true&JigyosyoCd=1176516779-00&ServiceCd=331&Type=search", "url2": "https://www.sompocare.com" }, "geometry": { "type": "Point", "coordinates": [ 139.6518079, 35.9108172 ] } },
{ "type": "Feature", "properties": { "内容": "大宮東ケアパークそよ風【特定施設入居者生活介護（有料老人ホーム）】埼玉県さいたま市見沼区南中野1117-3", "url": "https://www.kaigokensaku.mhlw.go.jp/11/index.php?action_kouhyou_detail_004_kani=true&JigyosyoCd=1176513743-00&ServiceCd=331&Type=search", "url2": "http://www.sykz.co.jp" }, "geometry": { "type": "Point", "coordinates": [ 139.6590519, 35.9052596 ] } },
{ "type": "Feature", "properties": { "内容": "そんぽの家　大宮見沼【特定施設入居者生活介護（有料老人ホーム）】埼玉県さいたま市見沼区大字南中丸317-2そんぽの家大宮見沼", "url": "https://www.kaigokensaku.mhlw.go.jp/11/index.php?action_kouhyou_detail_004_kani=true&JigyosyoCd=1176504411-00&ServiceCd=331&Type=search", "url2": "http://www.sompocare-message.jp" }, "geometry": { "type": "Point", "coordinates": [ 139.653102, 35.9183718 ] } },
{ "type": "Feature", "properties": { "内容": "そんぽの家大和田【特定施設入居者生活介護（有料老人ホーム）】埼玉県さいたま市見沼区大和田町1-1002", "url": "https://www.kaigokensaku.mhlw.go.jp/11/index.php?action_kouhyou_detail_004_kani=true&JigyosyoCd=1176518767-00&ServiceCd=331&Type=search", "url2": "https://www.sompocare.com" }, "geometry": { "type": "Point", "coordinates": [ 139.6488359, 35.9266048 ] } },
{ "type": "Feature", "properties": { "内容": "SOMPOケアラヴィーレ大宮【特定施設入居者生活介護（有料老人ホーム）】埼玉県さいたま市見沼区中川1090-1", "url": "https://www.kaigokensaku.mhlw.go.jp/11/index.php?action_kouhyou_detail_004_kani=true&JigyosyoCd=1176516753-00&ServiceCd=331&Type=search", "url2": "https://www.sompocare.com/" }, "geometry": { "type": "Point", "coordinates": [ 139.651319, 35.9112532 ] } },
{ "type": "Feature", "properties": { "内容": "介護付有料老人ホーム　みんなの家・大和田【特定施設入居者生活介護（有料老人ホーム）】埼玉県さいたま市見沼区大和田町1-525-1", "url": "https://www.kaigokensaku.mhlw.go.jp/11/index.php?action_kouhyou_detail_004_kani=true&JigyosyoCd=1176510723-00&ServiceCd=331&Type=search", "url2": "https://kaigo.alsok.co.jp" }, "geometry": { "type": "Point", "coordinates": [ 139.644903820395058, 35.924802525267069 ] } },
{ "type": "Feature", "properties": { "内容": "介護付有料老人ホームみんなの家・南中丸【特定施設入居者生活介護（有料老人ホーム）】さいたま市見沼区南中丸206-6", "url": "https://www.kaigokensaku.mhlw.go.jp/11/index.php?action_kouhyou_detail_004_kani=true&JigyosyoCd=1176509618-00&ServiceCd=331&Type=search", "url2": null }, "geometry": { "type": "Point", "coordinates": [ 139.650477300000034, 35.9160943 ] } },
{ "type": "Feature", "properties": { "内容": "介護付有料老人ホーム　みんなの家・七里新堤【特定施設入居者生活介護（有料老人ホーム）】埼玉県さいたま市見沼区大字新堤116-1", "url": "https://www.kaigokensaku.mhlw.go.jp/11/index.php?action_kouhyou_detail_004_kani=true&JigyosyoCd=1176510517-00&ServiceCd=331&Type=search", "url2": "https://kaigo.alsok.co.jp" }, "geometry": { "type": "Point", "coordinates": [ 139.673238698147571, 35.928513178229153 ] } },
{ "type": "Feature", "properties": { "内容": "介護付有料老人ホーム　みんなの家・南中野【特定施設入居者生活介護（有料老人ホーム）】埼玉県さいたま市見沼区南中野1051－1", "url": "https://www.kaigokensaku.mhlw.go.jp/11/index.php?action_kouhyou_detail_004_kani=true&JigyosyoCd=1176508602-00&ServiceCd=331&Type=search", "url2": null }, "geometry": { "type": "Point", "coordinates": [ 139.667073100000039, 35.9151698 ] } },
{ "type": "Feature", "properties": { "内容": "ベストライフ東大宮【特定施設入居者生活介護（有料老人ホーム）】埼玉県さいたま市見沼区東大宮6-9-2", "url": "https://www.kaigokensaku.mhlw.go.jp/11/index.php?action_kouhyou_detail_004_kani=true&JigyosyoCd=1176518353-00&ServiceCd=331&Type=search", "url2": null }, "geometry": { "type": "Point", "coordinates": [ 139.64772, 35.9530898 ] } },
{ "type": "Feature", "properties": { "内容": "ニチイケアセンター堀崎【特定施設入居者生活介護（有料老人ホーム）】埼玉県さいたま市見沼区堀崎町1228-1", "url": "https://www.kaigokensaku.mhlw.go.jp/11/index.php?action_kouhyou_detail_004_kani=true&JigyosyoCd=1176510012-00&ServiceCd=331&Type=search", "url2": "http://www.nichiigakkan.co.jp" }, "geometry": { "type": "Point", "coordinates": [ 139.653787400000027, 35.9404247 ] } },
{ "type": "Feature", "properties": { "内容": "ソラスト大宮東〔平成23年度新規事業所〕【特定施設入居者生活介護（有料老人ホーム）】さいたま市見沼区大谷6", "url": "https://www.kaigokensaku.mhlw.go.jp/11/index.php?action_kouhyou_detail_004_kani=true&JigyosyoCd=1176510020-00&ServiceCd=331&Type=search", "url2": null }, "geometry": { "type": "Point", "coordinates": [ 139.665012339429808, 35.919610451122075 ] } },
{ "type": "Feature", "properties": { "内容": "ロイヤルレジデンス大宮【特定施設入居者生活介護（有料老人ホーム）】埼玉県さいたま市見沼区蓮沼75-2", "url": "https://www.kaigokensaku.mhlw.go.jp/11/index.php?action_kouhyou_detail_004_kani=true&JigyosyoCd=1176508842-00&ServiceCd=331&Type=search", "url2": "http://www.syasouken.com/center/oomiya/" }, "geometry": { "type": "Point", "coordinates": [ 139.661719690212976, 35.919922974832531 ] } },
{ "type": "Feature", "properties": { "内容": "ブランシエール大宮公園【特定施設入居者生活介護（有料老人ホーム）】埼玉県さいたま市見沼区大和田町1-1275ブランシエール大宮公園", "url": "https://www.kaigokensaku.mhlw.go.jp/11/index.php?action_kouhyou_detail_004_kani=true&JigyosyoCd=1176519377-00&ServiceCd=331&Type=search", "url2": "https://www.haseko-senior.co.jp/home/omiya/" }, "geometry": { "type": "Point", "coordinates": [ 139.651256, 35.92558 ] } },
{ "type": "Feature", "properties": { "内容": "聖蹟プライムケアコート東大宮【特定施設入居者生活介護（有料老人ホーム）】さいたま市見沼区春野２丁目１０番２５号", "url": "https://www.kaigokensaku.mhlw.go.jp/11/index.php?action_kouhyou_detail_004_kani=true&JigyosyoCd=1176507927-00&ServiceCd=331&Type=search", "url2": "http://www.seiekiprime.com" }, "geometry": { "type": "Point", "coordinates": [ 139.660933399999976, 35.9578923 ] } },
{ "type": "Feature", "properties": { "内容": "ニチイケアセンター大谷【特定施設入居者生活介護（有料老人ホーム）】さいたま市見沼区大谷１７７－７", "url": "https://www.kaigokensaku.mhlw.go.jp/11/index.php?action_kouhyou_detail_004_kani=true&JigyosyoCd=1176509865-00&ServiceCd=331&Type=search", "url2": "http://www.nichiigakkan.co.jp" }, "geometry": { "type": "Point", "coordinates": [ 139.668353499999967, 35.9179973 ] } },
{ "type": "Feature", "properties": { "内容": "ソラスト大宮見沼【特定施設入居者生活介護（有料老人ホーム）】南中丸630", "url": "https://www.kaigokensaku.mhlw.go.jp/11/index.php?action_kouhyou_detail_004_kani=true&JigyosyoCd=1176509527-00&ServiceCd=331&Type=search", "url2": "http://solasto-kaigo.com/" }, "geometry": { "type": "Point", "coordinates": [ 139.6544246, 35.9149887 ] } },
{ "type": "Feature", "properties": { "内容": "介護付有料老人ホームみんなの家・与野公園【特定施設入居者生活介護（有料老人ホーム）】埼玉県さいたま市中央区本町東5-6-5", "url": "https://www.kaigokensaku.mhlw.go.jp/11/index.php?action_kouhyou_detail_004_kani=true&JigyosyoCd=1176514063-00&ServiceCd=331&Type=search", "url2": null }, "geometry": { "type": "Point", "coordinates": [ 139.621090657672056, 35.887934214227791 ] } },
{ "type": "Feature", "properties": { "内容": "そんぽの家　南与野【特定施設入居者生活介護（有料老人ホーム）】埼玉県さいたま市中央区鈴谷4-9-11", "url": "https://www.kaigokensaku.mhlw.go.jp/11/index.php?action_kouhyou_detail_004_kani=true&JigyosyoCd=1176504890-00&ServiceCd=331&Type=search", "url2": "http://www.sompocare-message.jp/" }, "geometry": { "type": "Point", "coordinates": [ 139.621603300000061, 35.8736355 ] } },
{ "type": "Feature", "properties": { "内容": "ライフコミューン南与野【特定施設入居者生活介護（有料老人ホーム）】埼玉県さいたま市中央区鈴谷2-1234-5", "url": "https://www.kaigokensaku.mhlw.go.jp/11/index.php?action_kouhyou_detail_004_kani=true&JigyosyoCd=1176502019-00&ServiceCd=331&Type=search", "url2": "https://www.kinoshita-kaigo.co.jp/facilities/saitama/minamiyono.html" }, "geometry": { "type": "Point", "coordinates": [ 139.63081109999996, 35.8696613 ] } },
{ "type": "Feature", "properties": { "内容": "有料老人ホーム　サニーライフ与野本町【特定施設入居者生活介護（有料老人ホーム）】埼玉県さいたま市中央区円阿弥四丁目7番21号", "url": "https://www.kaigokensaku.mhlw.go.jp/11/index.php?action_kouhyou_detail_004_kani=true&JigyosyoCd=1176515615-00&ServiceCd=331&Type=search", "url2": "http://www.sunnylife-group.co.jp" }, "geometry": { "type": "Point", "coordinates": [ 139.609084100000018, 35.8889833 ] } },
{ "type": "Feature", "properties": { "内容": "メディカルケアホーム与野中央【特定施設入居者生活介護（有料老人ホーム）】埼玉県さいたま市中央区上峰三丁目6-2", "url": "https://www.kaigokensaku.mhlw.go.jp/11/index.php?action_kouhyou_detail_004_kani=true&JigyosyoCd=1176510400-00&ServiceCd=331&Type=search", "url2": "https://hakushinkai.jp/facilities/yono_central.html" }, "geometry": { "type": "Point", "coordinates": [ 139.620872800000029, 35.8735105 ] } },
{ "type": "Feature", "properties": { "内容": "介護付有料老人ホーム　ソラストさいたま中央【特定施設入居者生活介護（有料老人ホーム）】埼玉県さいたま市中央区鈴谷8-2-5介護付有料老人ホーム　ソラストさいたま中央", "url": "https://www.kaigokensaku.mhlw.go.jp/11/index.php?action_kouhyou_detail_004_kani=true&JigyosyoCd=1176518536-00&ServiceCd=331&Type=search", "url2": "http://solasto-kaigo.com/" }, "geometry": { "type": "Point", "coordinates": [ 139.626733699999988, 35.8768963 ] } },
{ "type": "Feature", "properties": { "内容": "ベストライフ与野【特定施設入居者生活介護（有料老人ホーム）】埼玉県さいたま市中央区上落合8-10-13", "url": "https://www.kaigokensaku.mhlw.go.jp/11/index.php?action_kouhyou_detail_004_kani=true&JigyosyoCd=1176518361-00&ServiceCd=331&Type=search", "url2": null }, "geometry": { "type": "Point", "coordinates": [ 139.6218003, 35.8983043 ] } },
{ "type": "Feature", "properties": { "内容": "リアンレーヴさいたま新都心【特定施設入居者生活介護（有料老人ホーム）】埼玉県さいたま市中央区円阿弥三丁目２番30号リアンレーヴさいたま新都心", "url": "https://www.kaigokensaku.mhlw.go.jp/11/index.php?action_kouhyou_detail_004_kani=true&JigyosyoCd=1176515649-00&ServiceCd=331&Type=search", "url2": "https://www.kinoshita-kaigo.co.jp/facility/care_home/line_reve_shintoshin/html" }, "geometry": { "type": "Point", "coordinates": [ 139.6120084, 35.8890046 ] } },
{ "type": "Feature", "properties": { "内容": "ベストライフさいたま【特定施設入居者生活介護（有料老人ホーム）】埼玉県さいたま市中央区鈴谷5-2-5", "url": "https://www.kaigokensaku.mhlw.go.jp/11/index.php?action_kouhyou_detail_004_kani=true&JigyosyoCd=1176518379-00&ServiceCd=331&Type=search", "url2": null }, "geometry": { "type": "Point", "coordinates": [ 139.6305192, 35.870644 ] } },
{ "type": "Feature", "properties": { "内容": "家族の家ひまわり与野【特定施設入居者生活介護（有料老人ホーム）】鈴谷3-8-3", "url": "https://www.kaigokensaku.mhlw.go.jp/11/index.php?action_kouhyou_detail_004_kani=true&JigyosyoCd=1176504825-00&ServiceCd=331&Type=search", "url2": "https://saneido.co.jp/nursinghome/yono/" }, "geometry": { "type": "Point", "coordinates": [ 139.627339, 35.866828 ] } },
{ "type": "Feature", "properties": { "内容": "まどかさいたま新都心【特定施設入居者生活介護（有料老人ホーム）】埼玉県さいたま市中央区上落合四丁目2番16号", "url": "https://www.kaigokensaku.mhlw.go.jp/11/index.php?action_kouhyou_detail_004_kani=true&JigyosyoCd=1176503678-00&ServiceCd=331&Type=search", "url2": "http://www.benesse-style-care.co.jp/" }, "geometry": { "type": "Point", "coordinates": [ 139.626526799999965, 35.8934582 ] } },
{ "type": "Feature", "properties": { "内容": "介護付有料老人ホーム　みんなの家・中央区円阿弥【特定施設入居者生活介護（有料老人ホーム）】埼玉県さいたま市中央区円阿弥5-5-17", "url": "https://www.kaigokensaku.mhlw.go.jp/11/index.php?action_kouhyou_detail_004_kani=true&JigyosyoCd=1176512604-00&ServiceCd=331&Type=search", "url2": "https://kaigo.alsok.co.jp/facility/search/detail/218" }, "geometry": { "type": "Point", "coordinates": [ 139.606636900000012, 35.8914329 ] } },
{ "type": "Feature", "properties": { "内容": "有料老人ホーム　サニーライフ北与野【特定施設入居者生活介護（有料老人ホーム）】埼玉県さいたま市中央区上落合2-9-11", "url": "https://www.kaigokensaku.mhlw.go.jp/11/index.php?action_kouhyou_detail_004_kani=true&JigyosyoCd=1176502571-00&ServiceCd=331&Type=search", "url2": "http://www.sunnylife-group.co.jp" }, "geometry": { "type": "Point", "coordinates": [ 139.626252, 35.8898475 ] } },
{ "type": "Feature", "properties": { "内容": "ラヴィーレ北浦和【特定施設入居者生活介護（有料老人ホーム）】埼玉県さいたま市桜区下大久保81-2", "url": "https://www.kaigokensaku.mhlw.go.jp/11/index.php?action_kouhyou_detail_004_kani=true&JigyosyoCd=1176518759-00&ServiceCd=331&Type=search", "url2": "https://www.sompocare.com/" }, "geometry": { "type": "Point", "coordinates": [ 139.610515099999986, 35.8605094 ] } },
{ "type": "Feature", "properties": { "内容": "介護付き有料老人ホーム　プレザンメゾンさいたま南与野【特定施設入居者生活介護（有料老人ホーム）】埼玉県さいたま市桜区南元宿1-2-29プレザンメゾンさいたま南与野", "url": "https://www.kaigokensaku.mhlw.go.jp/11/index.php?action_kouhyou_detail_004_kani=true&JigyosyoCd=1176510871-00&ServiceCd=331&Type=search", "url2": "https://www.tanoshii-ie.jp/single032/" }, "geometry": { "type": "Point", "coordinates": [ 139.6279635, 35.8601968 ] } },
{ "type": "Feature", "properties": { "内容": "ニチイホーム　与野本町【特定施設入居者生活介護（有料老人ホーム）】埼玉県さいたま市桜区上大久保932番1", "url": "https://www.kaigokensaku.mhlw.go.jp/11/index.php?action_kouhyou_detail_004_kani=true&JigyosyoCd=1176512919-00&ServiceCd=331&Type=search", "url2": "https://www.nichii-carepalace.co.jp" }, "geometry": { "type": "Point", "coordinates": [ 139.61177050080255, 35.873281282112885 ] } },
{ "type": "Feature", "properties": { "内容": "介護付有料老人ホーム　みんなの家・中浦和【特定施設入居者生活介護（有料老人ホーム）】埼玉県さいたま市桜区西堀6-9-1", "url": "https://www.kaigokensaku.mhlw.go.jp/11/index.php?action_kouhyou_detail_004_kani=true&JigyosyoCd=1176514121-00&ServiceCd=331&Type=search", "url2": null }, "geometry": { "type": "Point", "coordinates": [ 139.628593, 35.8564596 ] } },
{ "type": "Feature", "properties": { "内容": "浦和さくら翔裕館【特定施設入居者生活介護（有料老人ホーム）】埼玉県さいたま市桜区桜田２丁目９−１０浦和さくら翔裕館", "url": "https://www.kaigokensaku.mhlw.go.jp/11/index.php?action_kouhyou_detail_004_kani=true&JigyosyoCd=1176518619-00&ServiceCd=331&Type=search", "url2": "https://www.sanga-kaigo.co.jp/" }, "geometry": { "type": "Point", "coordinates": [ 139.6216334, 35.8514817 ] } },
{ "type": "Feature", "properties": { "内容": "アズハイム中浦和【特定施設入居者生活介護（有料老人ホーム）】埼玉県さいたま市桜区西堀2-21-9", "url": "https://www.kaigokensaku.mhlw.go.jp/11/index.php?action_kouhyou_detail_004_kani=true&JigyosyoCd=1176505061-00&ServiceCd=331&Type=search", "url2": "http://www.as-heim.com" }, "geometry": { "type": "Point", "coordinates": [ 139.632208600000013, 35.8545186 ] } },
{ "type": "Feature", "properties": { "内容": "学研ココファン　中浦和【特定施設入居者生活介護（有料老人ホーム）】西堀2-11-30", "url": "https://www.kaigokensaku.mhlw.go.jp/11/index.php?action_kouhyou_detail_004_kani=true&JigyosyoCd=1176520623-00&ServiceCd=331&Type=search", "url2": "https://www.cocofump.co.jp/" }, "geometry": { "type": "Point", "coordinates": [ 139.633737376616409, 35.854588026600538 ] } },
{ "type": "Feature", "properties": { "内容": "有料老人ホーム　サニーライフさいたま桜【特定施設入居者生活介護（有料老人ホーム）】埼玉県さいたま市桜区栄和1丁目23番12号", "url": "https://www.kaigokensaku.mhlw.go.jp/11/index.php?action_kouhyou_detail_004_kani=true&JigyosyoCd=1176516191-00&ServiceCd=331&Type=search", "url2": "http://www.sunnylife-group.co.jp" }, "geometry": { "type": "Point", "coordinates": [ 139.614504500000066, 35.8610646 ] } },
{ "type": "Feature", "properties": { "内容": "エクラシア南与野【特定施設入居者生活介護（有料老人ホーム）】埼玉県さいたま市桜区栄和2-24-18エクラシア南与野", "url": "https://www.kaigokensaku.mhlw.go.jp/11/index.php?action_kouhyou_detail_004_kani=true&JigyosyoCd=1176519856-00&ServiceCd=331&Type=search", "url2": "http://www.welloff.co.jp/" }, "geometry": { "type": "Point", "coordinates": [ 139.6156757, 35.8626999 ] } },
{ "type": "Feature", "properties": { "内容": "リハビリホームまどか中浦和【特定施設入居者生活介護（有料老人ホーム）】埼玉県さいたま市桜区西堀一丁目18番26号", "url": "https://www.kaigokensaku.mhlw.go.jp/11/index.php?action_kouhyou_detail_004_kani=true&JigyosyoCd=1176503132-00&ServiceCd=331&Type=search", "url2": "http://www.benesse-style-care.co.jp/" }, "geometry": { "type": "Point", "coordinates": [ 139.635730500000022, 35.8548991 ] } },
{ "type": "Feature", "properties": { "内容": "あずみ苑グランデ桜【特定施設入居者生活介護（有料老人ホーム）】埼玉県さいたま市桜区栄和6-14-3", "url": "https://www.kaigokensaku.mhlw.go.jp/11/index.php?action_kouhyou_detail_004_kani=true&JigyosyoCd=1176515656-00&ServiceCd=331&Type=search", "url2": "http://www.azumien.jp" }, "geometry": { "type": "Point", "coordinates": [ 139.611623644924947, 35.8612895 ] } },
{ "type": "Feature", "properties": { "内容": "リアンレーヴ北浦和【特定施設入居者生活介護（有料老人ホーム）】瀬ケ崎4-12-1", "url": "https://www.kaigokensaku.mhlw.go.jp/11/index.php?action_kouhyou_detail_004_kani=true&JigyosyoCd=1176519146-00&ServiceCd=331&Type=search", "url2": "https://www.kinoshita-kaigo.co.jp/facility/care_home/lien-reve_kitaurawa.html" }, "geometry": { "type": "Point", "coordinates": [ 139.664692862425369, 35.877534012969086 ] } },
{ "type": "Feature", "properties": { "内容": "ニチイホーム　北浦和【特定施設入居者生活介護（有料老人ホーム）】埼玉県さいたま市浦和区大東2丁目3番11号", "url": "https://www.kaigokensaku.mhlw.go.jp/11/index.php?action_kouhyou_detail_004_kani=true&JigyosyoCd=1176514170-00&ServiceCd=331&Type=search", "url2": "https://www.nichii-carepalace.co.jp" }, "geometry": { "type": "Point", "coordinates": [ 139.662774500000069, 35.8809909 ] } },
{ "type": "Feature", "properties": { "内容": "ソナーレ浦和【特定施設入居者生活介護（有料老人ホーム）】東高砂町26-17", "url": "https://www.kaigokensaku.mhlw.go.jp/11/index.php?action_kouhyou_detail_004_kani=true&JigyosyoCd=1176515821-00&ServiceCd=331&Type=search", "url2": "http://.lifecaredesign.co.jp" }, "geometry": { "type": "Point", "coordinates": [ 139.6622671, 35.8585735 ] } },
{ "type": "Feature", "properties": { "内容": "木下の介護　リアンレーヴ浦和【特定施設入居者生活介護（有料老人ホーム）】埼玉県さいたま市浦和区前地3-5-2リアンレーヴ浦和", "url": "https://www.kaigokensaku.mhlw.go.jp/11/index.php?action_kouhyou_detail_004_kani=true&JigyosyoCd=1176516548-00&ServiceCd=331&Type=search", "url2": "http://www.kinoshita-kaigo.co.jp/facility/lien_reve_urawa.html" }, "geometry": { "type": "Point", "coordinates": [ 139.663080700000023, 35.8602018 ] } },
{ "type": "Feature", "properties": { "内容": "まどか浦和上木崎【特定施設入居者生活介護（有料老人ホーム）】埼玉県さいたま市浦和区上木崎4丁目7番28号", "url": "https://www.kaigokensaku.mhlw.go.jp/11/index.php?action_kouhyou_detail_004_kani=true&JigyosyoCd=1176509733-00&ServiceCd=331&Type=search", "url2": "http://www.benesse-style-care.co.jp/" }, "geometry": { "type": "Point", "coordinates": [ 139.645461899999987, 35.8854595 ] } },
{ "type": "Feature", "properties": { "内容": "メディカル・リハビリホームまどか北浦和【特定施設入居者生活介護（有料老人ホーム）】埼玉県さいたま市浦和区本太三丁目36番18号", "url": "https://www.kaigokensaku.mhlw.go.jp/11/index.php?action_kouhyou_detail_004_kani=true&JigyosyoCd=1176503553-00&ServiceCd=331&Type=search", "url2": "http://www.benesse-style-care.co.jp/" }, "geometry": { "type": "Point", "coordinates": [ 139.6522675, 35.8682371 ] } },
{ "type": "Feature", "properties": { "内容": "メディカル・リハビリホームまどか浦和領家【特定施設入居者生活介護（有料老人ホーム）】埼玉県さいたま市浦和区領家七丁目５番２２号", "url": "https://www.kaigokensaku.mhlw.go.jp/11/index.php?action_kouhyou_detail_004_kani=true&JigyosyoCd=1176505905-00&ServiceCd=331&Type=search", "url2": "http://www.benesse-style-care.co.jp/" }, "geometry": { "type": "Point", "coordinates": [ 139.652156, 35.8813158 ] } },
{ "type": "Feature", "properties": { "内容": "ロイヤルレジデンス浦和【特定施設入居者生活介護（有料老人ホーム）】埼玉県さいたま市浦和区上木崎3丁目3番11号", "url": "https://www.kaigokensaku.mhlw.go.jp/11/index.php?action_kouhyou_detail_004_kani=true&JigyosyoCd=1176519534-00&ServiceCd=331&Type=search", "url2": "http://www.syasouken.com" }, "geometry": { "type": "Point", "coordinates": [ 139.6436752, 35.8882782 ] } },
{ "type": "Feature", "properties": { "内容": "ジョイライフさいたま【特定施設入居者生活介護（有料老人ホーム）】埼玉県さいたま市南区文蔵3-23-5ジョイライフさいたま", "url": "https://www.kaigokensaku.mhlw.go.jp/11/index.php?action_kouhyou_detail_004_kani=true&JigyosyoCd=1176520730-00&ServiceCd=331&Type=search", "url2": "https://joylife-jp.com/" }, "geometry": { "type": "Point", "coordinates": [ 139.6740298, 35.8394492 ] } },
{ "type": "Feature", "properties": { "内容": "ＳＯＭＰＯケアラヴィーレ武蔵浦和【特定施設入居者生活介護（有料老人ホーム）】辻5-8-3ＳＯＭＰＯケアラヴィーレ武蔵浦和", "url": "https://www.kaigokensaku.mhlw.go.jp/11/index.php?action_kouhyou_detail_004_kani=true&JigyosyoCd=1176516761-00&ServiceCd=331&Type=search", "url2": "https://www.sompocare.com/" }, "geometry": { "type": "Point", "coordinates": [ 139.659254, 35.8338377 ] } },
{ "type": "Feature", "properties": { "内容": "スマイリングホーム　メディス武蔵浦和【特定施設入居者生活介護（有料老人ホーム）】埼玉県さいたま市南区鹿手袋5‐5‐6", "url": "https://www.kaigokensaku.mhlw.go.jp/11/index.php?action_kouhyou_detail_004_kani=true&JigyosyoCd=1176511507-00&ServiceCd=331&Type=search", "url2": "https://www.greenlife-inc.co.jp/facility/medis_musashiurawa/" }, "geometry": { "type": "Point", "coordinates": [ 139.642477399999962, 35.8448581 ] } },
{ "type": "Feature", "properties": { "内容": "介護付有料老人ホーム　　ル・レーヴ南浦和【特定施設入居者生活介護（有料老人ホーム）】さいたま市南区大谷口９６７－１", "url": "https://www.kaigokensaku.mhlw.go.jp/11/index.php?action_kouhyou_detail_004_kani=true&JigyosyoCd=1176506028-00&ServiceCd=331&Type=search", "url2": "http://www.ej-welfare.jp/facility/h_urawa.html" }, "geometry": { "type": "Point", "coordinates": [ 139.681398400000035, 35.8634127 ] } },
{ "type": "Feature", "properties": { "内容": "ル・レーヴ南浦和　さくら館【特定施設入居者生活介護（有料老人ホーム）】埼玉県さいたま市南区大谷口972-7", "url": "https://www.kaigokensaku.mhlw.go.jp/11/index.php?action_kouhyou_detail_004_kani=true&JigyosyoCd=1176509428-00&ServiceCd=331&Type=search", "url2": "http://www.ej-welfare.jp" }, "geometry": { "type": "Point", "coordinates": [ 139.678559800000016, 35.8625878 ] } },
{ "type": "Feature", "properties": { "内容": "ブランシエールケア武蔵浦和【特定施設入居者生活介護（有料老人ホーム）】鹿手袋4-32-30", "url": "https://www.kaigokensaku.mhlw.go.jp/11/index.php?action_kouhyou_detail_004_kani=true&JigyosyoCd=1176519385-00&ServiceCd=331&Type=search", "url2": "https://www.haseko-senior.co.jp/home/musashiurawa/" }, "geometry": { "type": "Point", "coordinates": [ 139.6406753, 35.846757 ] } },
{ "type": "Feature", "properties": { "内容": "ベストライフ南浦和【特定施設入居者生活介護（有料老人ホーム）】埼玉県さいたま市南区南浦和2-10-3", "url": "https://www.kaigokensaku.mhlw.go.jp/11/index.php?action_kouhyou_detail_004_kani=true&JigyosyoCd=1176518338-00&ServiceCd=331&Type=search", "url2": null }, "geometry": { "type": "Point", "coordinates": [ 139.673128100000014, 35.8518508 ] } },
{ "type": "Feature", "properties": { "内容": "ブランシエール南浦和【特定施設入居者生活介護（有料老人ホーム）】埼玉県さいたま市南区南本町一丁目４番１２号", "url": "https://www.kaigokensaku.mhlw.go.jp/11/index.php?action_kouhyou_detail_004_kani=true&JigyosyoCd=1176500237-00&ServiceCd=331&Type=search", "url2": "http://www.haseko-senior.co.jp" }, "geometry": { "type": "Point", "coordinates": [ 139.6693583, 35.8455784 ] } },
{ "type": "Feature", "properties": { "内容": "アズハイム南浦和【特定施設入居者生活介護（有料老人ホーム）】さいたま市南区文蔵３丁目31番12号", "url": "https://www.kaigokensaku.mhlw.go.jp/11/index.php?action_kouhyou_detail_004_kani=true&JigyosyoCd=1176508511-00&ServiceCd=331&Type=search", "url2": "http://www.as-heim.com" }, "geometry": { "type": "Point", "coordinates": [ 139.673001115344277, 35.83859220956559 ] } },
{ "type": "Feature", "properties": { "内容": "有料老人ホーム　サニーライフ南浦和【特定施設入居者生活介護（有料老人ホーム）】埼玉県さいたま市南区文蔵3丁目25番地１号", "url": "https://www.kaigokensaku.mhlw.go.jp/11/index.php?action_kouhyou_detail_004_kani=true&JigyosyoCd=1176504536-00&ServiceCd=331&Type=search", "url2": "http://www.sunnylife-group.co.jp" }, "geometry": { "type": "Point", "coordinates": [ 139.674302500000067, 35.8384598 ] } },
{ "type": "Feature", "properties": { "内容": "ボンセジュール南浦和【特定施設入居者生活介護（有料老人ホーム）】埼玉県さいたま市南区南浦和2丁目9番3号", "url": "https://www.kaigokensaku.mhlw.go.jp/11/index.php?action_kouhyou_detail_004_kani=true&JigyosyoCd=1176510186-00&ServiceCd=331&Type=search", "url2": "http://www.benesse-style-care.co.jp/" }, "geometry": { "type": "Point", "coordinates": [ 139.672513400000071, 35.8523 ] } },
{ "type": "Feature", "properties": { "内容": "グランダ武蔵浦和【特定施設入居者生活介護（有料老人ホーム）】埼玉県さいたま市南区白幡6丁目10番15号", "url": "https://www.kaigokensaku.mhlw.go.jp/11/index.php?action_kouhyou_detail_004_kani=true&JigyosyoCd=1176508537-00&ServiceCd=331&Type=search", "url2": "http://www.benesse-style-care.co.jp/" }, "geometry": { "type": "Point", "coordinates": [ 139.6523823, 35.8372316 ] } },
{ "type": "Feature", "properties": { "内容": "メディカルホームまどか武蔵浦和【特定施設入居者生活介護（有料老人ホーム）】埼玉県さいたま市南区四谷三丁目13番20号", "url": "https://www.kaigokensaku.mhlw.go.jp/11/index.php?action_kouhyou_detail_004_kani=true&JigyosyoCd=1176502795-00&ServiceCd=331&Type=search", "url2": "http://www.benesse-style-care.co.jp/" }, "geometry": { "type": "Point", "coordinates": [ 139.637747499999932, 35.8394869 ] } },
{ "type": "Feature", "properties": { "内容": "アースサポートクオリア東浦和【特定施設入居者生活介護（有料老人ホーム）】埼玉県さいたま市南区大谷口2348番地4", "url": "https://www.kaigokensaku.mhlw.go.jp/11/index.php?action_kouhyou_detail_004_kani=true&JigyosyoCd=1176509980-00&ServiceCd=331&Type=search", "url2": "https://www.earthsupport.co.jp/" }, "geometry": { "type": "Point", "coordinates": [ 139.69210309999994, 35.8595077 ] } },
{ "type": "Feature", "properties": { "内容": "ホームステーション東浦和【特定施設入居者生活介護（有料老人ホーム）】埼玉県さいたま市緑区東浦和5-27-13ホームステーション東浦和", "url": "https://www.kaigokensaku.mhlw.go.jp/11/index.php?action_kouhyou_detail_004_kani=true&JigyosyoCd=1176504288-00&ServiceCd=331&Type=search", "url2": "e-urawa@life-silver.com" }, "geometry": { "type": "Point", "coordinates": [ 139.705732, 35.8676715 ] } },
{ "type": "Feature", "properties": { "内容": "アンサンブル浦和【特定施設入居者生活介護（有料老人ホーム）】埼玉県さいたま市緑区大門1605-3アンサンブル浦和", "url": "https://www.kaigokensaku.mhlw.go.jp/11/index.php?action_kouhyou_detail_004_kani=true&JigyosyoCd=1176511499-00&ServiceCd=331&Type=search", "url2": "https：//mcs‾ensemble・com/institution/saitama/urawa/" }, "geometry": { "type": "Point", "coordinates": [ 139.7271374, 35.8833255 ] } },
{ "type": "Feature", "properties": { "内容": "アミカの郷　北浦和【特定施設入居者生活介護（有料老人ホーム）】埼玉県さいたま市緑区三室1624-1", "url": "https://www.kaigokensaku.mhlw.go.jp/11/index.php?action_kouhyou_detail_004_kani=true&JigyosyoCd=1176518429-00&ServiceCd=331&Type=search", "url2": null }, "geometry": { "type": "Point", "coordinates": [ 139.6781162, 35.8814622 ] } },
{ "type": "Feature", "properties": { "内容": "介護付き有料老人ホーム　みんなの家　東浦和２【特定施設入居者生活介護（有料老人ホーム）】埼玉県さいたま市緑区大間木1677-1", "url": "https://www.kaigokensaku.mhlw.go.jp/11/index.php?action_kouhyou_detail_004_kani=true&JigyosyoCd=1176508628-00&ServiceCd=331&Type=search", "url2": null }, "geometry": { "type": "Point", "coordinates": [ 139.711648500000024, 35.8602659 ] } },
{ "type": "Feature", "properties": { "内容": "ニチイホーム東浦和【特定施設入居者生活介護（有料老人ホーム）】埼玉県さいたま市緑区大間木816", "url": "https://www.kaigokensaku.mhlw.go.jp/11/index.php?action_kouhyou_detail_004_kani=true&JigyosyoCd=1176509915-00&ServiceCd=331&Type=search", "url2": "http://nichii-home.jp" }, "geometry": { "type": "Point", "coordinates": [ 139.69154709999998, 35.8731366 ] } },
{ "type": "Feature", "properties": { "内容": "介護付有料老人ホームすこや家・東浦和【特定施設入居者生活介護（有料老人ホーム）】埼玉県さいたま市緑区大間木550-1", "url": "https://www.kaigokensaku.mhlw.go.jp/11/index.php?action_kouhyou_detail_004_kani=true&JigyosyoCd=1176503934-00&ServiceCd=331&Type=search", "url2": null }, "geometry": { "type": "Point", "coordinates": [ 139.6986243, 35.873456 ] } },
{ "type": "Feature", "properties": { "内容": "さいたまケアコミュニティそよ風【特定施設入居者生活介護（有料老人ホーム）】埼玉県さいたま市緑区道祖土１－７－３９", "url": "https://www.kaigokensaku.mhlw.go.jp/11/index.php?action_kouhyou_detail_004_kani=true&JigyosyoCd=1176504049-00&ServiceCd=331&Type=search", "url2": "https://www.unimat-ｒｃ.co.jp/" }, "geometry": { "type": "Point", "coordinates": [ 139.6689963, 35.8762417 ] } },
{ "type": "Feature", "properties": { "内容": "介護付有料老人ホーム　みんなの家・東浦和３【特定施設入居者生活介護（有料老人ホーム）】埼玉県さいたま市緑区東浦和7-29-4", "url": "https://www.kaigokensaku.mhlw.go.jp/11/index.php?action_kouhyou_detail_004_kani=true&JigyosyoCd=1176509964-00&ServiceCd=331&Type=search", "url2": null }, "geometry": { "type": "Point", "coordinates": [ 139.703861700000061, 35.874001 ] } },
{ "type": "Feature", "properties": { "内容": "アズハイム東浦和【特定施設入居者生活介護（有料老人ホーム）】東浦和2丁目22-3", "url": "https://www.kaigokensaku.mhlw.go.jp/11/index.php?action_kouhyou_detail_004_kani=true&JigyosyoCd=1176508388-00&ServiceCd=331&Type=search", "url2": "http://www.as-heim.com/" }, "geometry": { "type": "Point", "coordinates": [ 139.699983362565632, 35.860965413186477 ] } },
{ "type": "Feature", "properties": { "内容": "有料老人ホーム　サニーライフ東浦和【特定施設入居者生活介護（有料老人ホーム）】さいたま市緑区東浦和８－１－２", "url": "https://www.kaigokensaku.mhlw.go.jp/11/index.php?action_kouhyou_detail_004_kani=true&JigyosyoCd=1176508107-00&ServiceCd=331&Type=search", "url2": "http://www.sunnylife-group.co.jp" }, "geometry": { "type": "Point", "coordinates": [ 139.6995243, 35.8710757 ] } },
{ "type": "Feature", "properties": { "内容": "あんしんホーム浦和芝原【特定施設入居者生活介護（有料老人ホーム）】芝原3-14-1あんしんホーム浦和芝原", "url": "https://www.kaigokensaku.mhlw.go.jp/11/index.php?action_kouhyou_detail_004_kani=true&JigyosyoCd=1176508800-00&ServiceCd=331&Type=search", "url2": "http://www.vati.co.jp/" }, "geometry": { "type": "Point", "coordinates": [ 139.694373500000012, 35.8806936 ] } },
{ "type": "Feature", "properties": { "内容": "グッドタイムナーシングホーム・東浦和【特定施設入居者生活介護（有料老人ホーム）】埼玉県さいたま市緑区東浦和3-11-3", "url": "https://www.kaigokensaku.mhlw.go.jp/11/index.php?action_kouhyou_detail_004_kani=true&JigyosyoCd=1176517819-00&ServiceCd=331&Type=search", "url2": "http://www.goodtime.com/shuto/s-higashiurawa.php" }, "geometry": { "type": "Point", "coordinates": [ 139.699211399999967, 35.8652358 ] } },
{ "type": "Feature", "properties": { "内容": "介護付有料老人ホーム　イリーゼ浦和大門【特定施設入居者生活介護（有料老人ホーム）】埼玉県さいたま市緑区大門808番地", "url": "https://www.kaigokensaku.mhlw.go.jp/11/index.php?action_kouhyou_detail_004_kani=true&JigyosyoCd=1176520599-00&ServiceCd=331&Type=search", "url2": "https://www.irs.jp/facility/urawadaimon/" }, "geometry": { "type": "Point", "coordinates": [ 139.736542899999989, 35.878961 ] } },
{ "type": "Feature", "properties": { "内容": "イリーゼ東岩槻【特定施設入居者生活介護（有料老人ホーム）】埼玉県さいたま市岩槻区東岩槻1-8-9", "url": "https://www.kaigokensaku.mhlw.go.jp/11/index.php?action_kouhyou_detail_004_kani=true&JigyosyoCd=1176519575-00&ServiceCd=331&Type=search", "url2": "https://www.irs.jp/area/saitama/saitamashiiwatsukiku/higashiiwatsuki_home.html" }, "geometry": { "type": "Point", "coordinates": [ 139.711399664418053, 35.965386219865465 ] } },
{ "type": "Feature", "properties": { "内容": "介護付有料老人ホーム　ヒューマンサポート岩槻【特定施設入居者生活介護（有料老人ホーム）】埼玉県さいたま市岩槻区上野6-3-10", "url": "https://www.kaigokensaku.mhlw.go.jp/11/index.php?action_kouhyou_detail_004_kani=true&JigyosyoCd=1176512810-00&ServiceCd=331&Type=search", "url2": "http://n-h-s.jp/iwatsuki/" }, "geometry": { "type": "Point", "coordinates": [ 139.69732010000007, 35.9765072 ] } },
{ "type": "Feature", "properties": { "内容": "メディカルホームここち東岩槻【特定施設入居者生活介護（有料老人ホーム）】埼玉県さいたま市岩槻区東岩槻二丁目1番1", "url": "https://www.kaigokensaku.mhlw.go.jp/11/index.php?action_kouhyou_detail_004_kani=true&JigyosyoCd=1176510160-00&ServiceCd=331&Type=search", "url2": "http://www.benesse-style-care.co.jp/" }, "geometry": { "type": "Point", "coordinates": [ 139.7098585, 35.9651562 ] } },
{ "type": "Feature", "properties": { "内容": "ローズ・ヴィラ【特定施設入居者生活介護（有料老人ホーム）】さいたま市岩槻区増長１１２", "url": "https://www.kaigokensaku.mhlw.go.jp/11/index.php?action_kouhyou_detail_004_kani=true&JigyosyoCd=1170700254-00&ServiceCd=331&Type=search", "url2": "http://www.bambi-rose.co.jp" }, "geometry": { "type": "Point", "coordinates": [ 139.737767100000042, 35.9454056 ] } },
{ "type": "Feature", "properties": { "内容": "介護付有料老人ホーム　メディカルフローラ岩槻【特定施設入居者生活介護（有料老人ホーム）】仲町1丁目11番5号", "url": "https://www.kaigokensaku.mhlw.go.jp/11/index.php?action_kouhyou_detail_004_kani=true&JigyosyoCd=1176516654-00&ServiceCd=331&Type=search", "url2": "www.kanto-medical.com" }, "geometry": { "type": "Point", "coordinates": [ 139.702333424357306, 35.947505227841205 ] } },
{ "type": "Feature", "properties": { "内容": "さわやかいわつき館【特定施設入居者生活介護（有料老人ホーム）】さいたま市岩槻区加倉４丁目２１番３０号さわやかいわつき館", "url": "https://www.kaigokensaku.mhlw.go.jp/11/index.php?action_kouhyou_detail_004_kani=true&JigyosyoCd=1176512463-00&ServiceCd=331&Type=search", "url2": "http://iwatsukikan.sawayakaclub.jp/" }, "geometry": { "type": "Point", "coordinates": [ 139.691411499999958, 35.9430227 ] } },
{ "type": "Feature", "properties": { "内容": "ハーモーニーライフ岩槻【特定施設入居者生活介護（有料老人ホーム）】埼玉県さいたま市岩槻区南平野1-24-6ハーモーニーライフ岩槻", "url": "https://www.kaigokensaku.mhlw.go.jp/11/index.php?action_kouhyou_detail_004_kani=true&JigyosyoCd=1176521373-00&ServiceCd=331&Type=search", "url2": "http://www.mcp-net.jp" }, "geometry": { "type": "Point", "coordinates": [ 139.713476500000013, 35.9587122 ] } },
{ "type": "Feature", "properties": { "内容": "ふるさとホーム川越【特定施設入居者生活介護（有料老人ホーム）】南大塚3-14-7", "url": "https://www.kaigokensaku.mhlw.go.jp/11/index.php?action_kouhyou_detail_004_kani=true&JigyosyoCd=1170404121-00&ServiceCd=331&Type=search", "url2": "http://www.vati.co.jp/" }, "geometry": { "type": "Point", "coordinates": [ 139.461335299999973, 35.889602 ] } },
{ "type": "Feature", "properties": { "内容": "アシステッドリビング川越【特定施設入居者生活介護（有料老人ホーム）】埼玉県川越市大字的場1174-1アシステッドリビング川越", "url": "https://www.kaigokensaku.mhlw.go.jp/11/index.php?action_kouhyou_detail_004_kani=true&JigyosyoCd=1170404626-00&ServiceCd=331&Type=search", "url2": "http://www.zenwellness.co.jp/" }, "geometry": { "type": "Point", "coordinates": [ 139.437757599999941, 35.9134753 ] } },
{ "type": "Feature", "properties": { "内容": "ホームステーションらいふ川越【特定施設入居者生活介護（有料老人ホーム）】埼玉県川越市新宿町3-20-1", "url": "https://www.kaigokensaku.mhlw.go.jp/11/index.php?action_kouhyou_detail_004_kani=true&JigyosyoCd=1170402828-00&ServiceCd=331&Type=search", "url2": "http://www.life-silver.com/" }, "geometry": { "type": "Point", "coordinates": [ 139.486136, 35.8995877 ] } },
{ "type": "Feature", "properties": { "内容": "介護付有料老人ホームすこや家・川越南大塚【特定施設入居者生活介護（有料老人ホーム）】埼玉県川越市むさし野38-19", "url": "https://www.kaigokensaku.mhlw.go.jp/11/index.php?action_kouhyou_detail_004_kani=true&JigyosyoCd=1170401614-00&ServiceCd=331&Type=search", "url2": "http://www.kaigo.alsok.co.jp" }, "geometry": { "type": "Point", "coordinates": [ 139.4622574, 35.890763 ] } },
{ "type": "Feature", "properties": { "内容": "有料老人ホーム　サニーライフ川越【特定施設入居者生活介護（有料老人ホーム）】埼玉県川越市中台2丁目20番地8", "url": "https://www.kaigokensaku.mhlw.go.jp/11/index.php?action_kouhyou_detail_004_kani=true&JigyosyoCd=1170404469-00&ServiceCd=331&Type=search", "url2": "https://www.sunnylife-group.co.jp" }, "geometry": { "type": "Point", "coordinates": [ 139.477498, 35.8902802 ] } },
{ "type": "Feature", "properties": { "内容": "アズハイム上福岡【特定施設入居者生活介護（有料老人ホーム）】埼玉県川越市清水町4番地7", "url": "https://www.kaigokensaku.mhlw.go.jp/11/index.php?action_kouhyou_detail_004_kani=true&JigyosyoCd=1170405102-00&ServiceCd=331&Type=search", "url2": "https://www.as-heim.com" }, "geometry": { "type": "Point", "coordinates": [ 139.505659138519377, 35.879835921746185 ] } },
{ "type": "Feature", "properties": { "内容": "アズハイム川越【特定施設入居者生活介護（有料老人ホーム）】埼玉県川越市今福843-1", "url": "https://www.kaigokensaku.mhlw.go.jp/11/index.php?action_kouhyou_detail_004_kani=true&JigyosyoCd=1170402810-00&ServiceCd=331&Type=search", "url2": "https://www.as-heim.com" }, "geometry": { "type": "Point", "coordinates": [ 139.476068355819706, 35.885705869971062 ] } },
{ "type": "Feature", "properties": { "内容": "スマイリングホーム　メディス川越【特定施設入居者生活介護（有料老人ホーム）】埼玉県川越市中台元町1-13-5", "url": "https://www.kaigokensaku.mhlw.go.jp/11/index.php?action_kouhyou_detail_004_kani=true&JigyosyoCd=1170405862-00&ServiceCd=331&Type=search", "url2": "http://www.greenlife-inc.co.jp/" }, "geometry": { "type": "Point", "coordinates": [ 139.4799458, 35.892637900000011 ] } },
{ "type": "Feature", "properties": { "内容": "リアンレーヴ川越【特定施設入居者生活介護（有料老人ホーム）】埼玉県川越市藤間71－2", "url": "https://www.kaigokensaku.mhlw.go.jp/11/index.php?action_kouhyou_detail_004_kani=true&JigyosyoCd=1170405532-00&ServiceCd=331&Type=search", "url2": null }, "geometry": { "type": "Point", "coordinates": [ 139.499762, 35.8882918 ] } },
{ "type": "Feature", "properties": { "内容": "介護付有料老人ホーム　円樹川越かし野台【特定施設入居者生活介護（有料老人ホーム）】埼玉県川越市かし野台2丁目－19－１", "url": "https://www.kaigokensaku.mhlw.go.jp/11/index.php?action_kouhyou_detail_004_kani=true&JigyosyoCd=1170406019-00&ServiceCd=331&Type=search", "url2": "https://www.enju-itabashiyotsuba.co.jp/facilities/kawagoe/kawagoe.html" }, "geometry": { "type": "Point", "coordinates": [ 139.441261200000014, 35.8865352 ] } },
{ "type": "Feature", "properties": { "内容": "イリーゼ川越【特定施設入居者生活介護（有料老人ホーム）】埼玉県川越市今泉106-1", "url": "https://www.kaigokensaku.mhlw.go.jp/11/index.php?action_kouhyou_detail_004_kani=true&JigyosyoCd=1170406084-00&ServiceCd=331&Type=search", "url2": "https://www.irs.jp" }, "geometry": { "type": "Point", "coordinates": [ 139.5238426, 35.8955009 ] } },
{ "type": "Feature", "properties": { "内容": "イリーゼ川越はなれ【特定施設入居者生活介護（有料老人ホーム）】埼玉県川越市中台2-1-24", "url": "https://www.kaigokensaku.mhlw.go.jp/11/index.php?action_kouhyou_detail_004_kani=true&JigyosyoCd=1170406100-00&ServiceCd=331&Type=search", "url2": "https://www.irs.jp/area/saitama/kawagoeshi/kawagoehanare_home.html" }, "geometry": { "type": "Point", "coordinates": [ 139.475137, 35.8895509 ] } },
{ "type": "Feature", "properties": { "内容": "レジデンス熊谷【特定施設入居者生活介護（有料老人ホーム）】埼玉県熊谷市太井1647－1レジデンス熊谷", "url": "https://www.kaigokensaku.mhlw.go.jp/11/index.php?action_kouhyou_detail_004_kani=true&JigyosyoCd=1173101492-00&ServiceCd=331&Type=search", "url2": "http://www.oasisnavi.com/home/guide110090.html" }, "geometry": { "type": "Point", "coordinates": [ 139.424092200000018, 36.116648 ] } },
{ "type": "Feature", "properties": { "内容": "介護付有料老人ホームみんなの家・熊谷銀座【特定施設入居者生活介護（有料老人ホーム）】埼玉県熊谷市銀座1－115－1", "url": "https://www.kaigokensaku.mhlw.go.jp/11/index.php?action_kouhyou_detail_004_kani=true&JigyosyoCd=1173103399-00&ServiceCd=331&Type=search", "url2": null }, "geometry": { "type": "Point", "coordinates": [ 139.393161100000043, 36.1417073 ] } },
{ "type": "Feature", "properties": { "内容": "サンシティ熊谷【特定施設入居者生活介護（有料老人ホーム）】埼玉県熊谷市大原3丁目6番1号", "url": "https://www.kaigokensaku.mhlw.go.jp/11/index.php?action_kouhyou_detail_004_kani=true&JigyosyoCd=1173100379-00&ServiceCd=331&Type=search", "url2": "https://hcm-suncity.co.jp/" }, "geometry": { "type": "Point", "coordinates": [ 139.374682144180298, 36.153260791098994 ] } },
{ "type": "Feature", "properties": { "内容": "さわやかくまがや館【特定施設入居者生活介護（有料老人ホーム）】埼玉県熊谷市石原1696-8", "url": "https://www.kaigokensaku.mhlw.go.jp/11/index.php?action_kouhyou_detail_004_kani=true&JigyosyoCd=1173103514-00&ServiceCd=331&Type=search", "url2": "https://www.sawayakaclub.jp" }, "geometry": { "type": "Point", "coordinates": [ 139.370959699999986, 36.1478208 ] } },
{ "type": "Feature", "properties": { "内容": "介護付有料老人ホームあにもの森【特定施設入居者生活介護（有料老人ホーム）】熊谷市野原135-1", "url": "https://www.kaigokensaku.mhlw.go.jp/11/index.php?action_kouhyou_detail_004_kani=true&JigyosyoCd=1173101815-00&ServiceCd=331&Type=search", "url2": "http://www.animonomori.co.jp/" }, "geometry": { "type": "Point", "coordinates": [ 139.354276, 36.107178 ] } },
{ "type": "Feature", "properties": { "内容": "リハビリホームボンセジュール熊谷本町【特定施設入居者生活介護（有料老人ホーム）】埼玉県熊谷市本町一丁目63番地", "url": "https://www.kaigokensaku.mhlw.go.jp/11/index.php?action_kouhyou_detail_004_kani=true&JigyosyoCd=1173138932-00&ServiceCd=331&Type=search", "url2": "https://www.benesse-style-care.co.jp" }, "geometry": { "type": "Point", "coordinates": [ 139.3849908, 36.1448189 ] } },
{ "type": "Feature", "properties": { "内容": "介護付有料老人ホーム　グリーンフォレストビレッジ「桜ガーデン」【特定施設入居者生活介護（有料老人ホーム）】熊谷市広瀬800-2", "url": "https://www.kaigokensaku.mhlw.go.jp/11/index.php?action_kouhyou_detail_004_kani=true&JigyosyoCd=1173102516-00&ServiceCd=331&Type=search", "url2": "http://www.gfv.jp" }, "geometry": { "type": "Point", "coordinates": [ 139.353038400000059, 36.147467 ] } },
{ "type": "Feature", "properties": { "内容": "ＳＯＭＰＯケアラヴィーレ川口安行【特定施設入居者生活介護（有料老人ホーム）】埼玉県川口市大字安行小山487-5", "url": "https://www.kaigokensaku.mhlw.go.jp/11/index.php?action_kouhyou_detail_004_kani=true&JigyosyoCd=1170208506-00&ServiceCd=331&Type=search", "url2": "https://wwwsompocare.com" }, "geometry": { "type": "Point", "coordinates": [ 139.776218500000027, 35.8345408 ] } },
{ "type": "Feature", "properties": { "内容": "介護付有料老人ホームみんなの家・鳩ヶ谷【特定施設入居者生活介護（有料老人ホーム）】三ツ和2-29-11", "url": "https://www.kaigokensaku.mhlw.go.jp/11/index.php?action_kouhyou_detail_004_kani=true&JigyosyoCd=1172000570-00&ServiceCd=331&Type=search", "url2": null }, "geometry": { "type": "Point", "coordinates": [ 139.742563900000022, 35.822986 ] } },
{ "type": "Feature", "properties": { "内容": "リアンレーヴ川口【特定施設入居者生活介護（有料老人ホーム）】埼玉県川口市八幡木１丁目13-12", "url": "https://www.kaigokensaku.mhlw.go.jp/11/index.php?action_kouhyou_detail_004_kani=true&JigyosyoCd=1170207987-00&ServiceCd=331&Type=search", "url2": "http://www.kinoshita-kaigo.co.jp/facilities/state/saitama/post-28.html" }, "geometry": { "type": "Point", "coordinates": [ 139.74648209999998, 35.8207132 ] } },
{ "type": "Feature", "properties": { "内容": "SOMPOケア　ラヴィーレ南浦和【特定施設入居者生活介護（有料老人ホーム）】埼玉県川口市大字小谷場３７番1", "url": "https://www.kaigokensaku.mhlw.go.jp/11/index.php?action_kouhyou_detail_004_kani=true&JigyosyoCd=1170208498-00&ServiceCd=331&Type=search", "url2": "https://www.sompocare.com" }, "geometry": { "type": "Point", "coordinates": [ 139.67663, 35.8421123 ] } },
{ "type": "Feature", "properties": { "内容": "有料老人　ホームサニーライフ川口赤井台【特定施設入居者生活介護（有料老人ホーム）】埼玉県川口市赤井570番地", "url": "https://www.kaigokensaku.mhlw.go.jp/11/index.php?action_kouhyou_detail_004_kani=true&JigyosyoCd=1170207730-00&ServiceCd=331&Type=search", "url2": "https://www.sunnylife-group.co.jp" }, "geometry": { "type": "Point", "coordinates": [ 139.754774819320659, 35.829765400465568 ] } },
{ "type": "Feature", "properties": { "内容": "有料老人ホーム　サニーライフ東川口【特定施設入居者生活介護（有料老人ホーム）】埼玉県川口市大字藤兵衛新田字中通168番地1", "url": "https://www.kaigokensaku.mhlw.go.jp/11/index.php?action_kouhyou_detail_004_kani=true&JigyosyoCd=1170208431-00&ServiceCd=331&Type=search", "url2": "https://www.sunnylife-group.co.jp" }, "geometry": { "type": "Point", "coordinates": [ 139.764274099999966, 35.8669806 ] } },
{ "type": "Feature", "properties": { "内容": "ライフコミューン川口【特定施設入居者生活介護（有料老人ホーム）】埼玉県川口市江戸袋1-11-27", "url": "https://www.kaigokensaku.mhlw.go.jp/11/index.php?action_kouhyou_detail_004_kani=true&JigyosyoCd=1170200446-00&ServiceCd=331&Type=search", "url2": "http://www.kinoshita-kaigo.co.jp/facilities/state/saitama/kawaguchi.html" }, "geometry": { "type": "Point", "coordinates": [ 139.755976299999929, 35.8180787 ] } },
{ "type": "Feature", "properties": { "内容": "ベストライフ鳩ケ谷【特定施設入居者生活介護（有料老人ホーム）】埼玉県川口市三ツ和1-29-32", "url": "https://www.kaigokensaku.mhlw.go.jp/11/index.php?action_kouhyou_detail_004_kani=true&JigyosyoCd=1170207946-00&ServiceCd=331&Type=search", "url2": null }, "geometry": { "type": "Point", "coordinates": [ -8.24389, 53.41291 ] } },
{ "type": "Feature", "properties": { "内容": "ニチイホーム　川口【特定施設入居者生活介護（有料老人ホーム）】埼玉県川口市本町二丁目11番地1号ニチイホーム　川口", "url": "https://www.kaigokensaku.mhlw.go.jp/11/index.php?action_kouhyou_detail_004_kani=true&JigyosyoCd=1170207599-00&ServiceCd=331&Type=search", "url2": "http://www.nichii-carepalace.co.jp" }, "geometry": { "type": "Point", "coordinates": [ 139.727658682803366, 35.798140303950817 ] } },
{ "type": "Feature", "properties": { "内容": "有料老人ホーム　サニーライフ西川口【特定施設入居者生活介護（有料老人ホーム）】埼玉県川口市西川口４－１６－５", "url": "https://www.kaigokensaku.mhlw.go.jp/11/index.php?action_kouhyou_detail_004_kani=true&JigyosyoCd=1170206575-00&ServiceCd=331&Type=search", "url2": "https:///www.sunnylife-group.co.jp" }, "geometry": { "type": "Point", "coordinates": [ 139.709574086508155, 35.809639415220445 ] } },
{ "type": "Feature", "properties": { "内容": "介護付有料老人ホームみんなの家・川口東本郷【特定施設入居者生活介護（有料老人ホーム）】埼玉県川口市大字東本郷290-1", "url": "https://www.kaigokensaku.mhlw.go.jp/11/index.php?action_kouhyou_detail_004_kani=true&JigyosyoCd=1170206815-00&ServiceCd=331&Type=search", "url2": null }, "geometry": { "type": "Point", "coordinates": [ 139.764106099999907, 35.8202788 ] } },
{ "type": "Feature", "properties": { "内容": "ONODERAナーシングヴィラ川口【特定施設入居者生活介護（有料老人ホーム）】埼玉県川口市東川口5-4-10", "url": "https://www.kaigokensaku.mhlw.go.jp/11/index.php?action_kouhyou_detail_004_kani=true&JigyosyoCd=1170209694-00&ServiceCd=331&Type=search", "url2": "https://onodera-nursinghome.com/" }, "geometry": { "type": "Point", "coordinates": [ 139.748606099999989, 35.8797163 ] } },
{ "type": "Feature", "properties": { "内容": "ベストライフ川口東【特定施設入居者生活介護（有料老人ホーム）】埼玉県川口市原町9-15", "url": "https://www.kaigokensaku.mhlw.go.jp/11/index.php?action_kouhyou_detail_004_kani=true&JigyosyoCd=1170208969-00&ServiceCd=331&Type=search", "url2": null }, "geometry": { "type": "Point", "coordinates": [ 139.707272499999988, 35.800216700000014 ] } },
{ "type": "Feature", "properties": { "内容": "ニチイケアセンター川口北【特定施設入居者生活介護（有料老人ホーム）】埼玉県川口市大字差間324番地の1", "url": "https://www.kaigokensaku.mhlw.go.jp/11/index.php?action_kouhyou_detail_004_kani=true&JigyosyoCd=1170206781-00&ServiceCd=331&Type=search", "url2": "http://www.nichiigakkan.co.jp" }, "geometry": { "type": "Point", "coordinates": [ 139.725240139503484, 35.869894582871574 ] } },
{ "type": "Feature", "properties": { "内容": "そんぽの家　東川口【特定施設入居者生活介護（有料老人ホーム）】埼玉県川口市大字木曽呂７１７－１", "url": "https://www.kaigokensaku.mhlw.go.jp/11/index.php?action_kouhyou_detail_004_kani=true&JigyosyoCd=1170202202-00&ServiceCd=331&Type=search", "url2": "https://www.sompocare.com/" }, "geometry": { "type": "Point", "coordinates": [ 139.723658399999977, 35.864596 ] } },
{ "type": "Feature", "properties": { "内容": "介護付有料老人ホーム　東川口やわらぎ苑【特定施設入居者生活介護（有料老人ホーム）】埼玉県川口市戸塚2丁目21番18号", "url": "https://www.kaigokensaku.mhlw.go.jp/11/index.php?action_kouhyou_detail_004_kani=true&JigyosyoCd=1170204547-00&ServiceCd=331&Type=search", "url2": "https://www.sunnylife-group.co.jp" }, "geometry": { "type": "Point", "coordinates": [ 139.747300399999972, 35.8743845 ] } },
{ "type": "Feature", "properties": { "内容": "ホームステーション川口【特定施設入居者生活介護（有料老人ホーム）】埼玉県川口市柳崎4-8-33", "url": "https://www.kaigokensaku.mhlw.go.jp/11/index.php?action_kouhyou_detail_004_kani=true&JigyosyoCd=1170204273-00&ServiceCd=331&Type=search", "url2": "http:/www.life-silver.com/" }, "geometry": { "type": "Point", "coordinates": [ 139.6994196, 35.8572804 ] } },
{ "type": "Feature", "properties": { "内容": "応援家族　東川口【特定施設入居者生活介護（有料老人ホーム）】埼玉県川口市東川口1丁目11番14号", "url": "https://www.kaigokensaku.mhlw.go.jp/11/index.php?action_kouhyou_detail_004_kani=true&JigyosyoCd=1170207995-00&ServiceCd=331&Type=search", "url2": "http://www.kinoshita-kaigo.co.jp/" }, "geometry": { "type": "Point", "coordinates": [ 139.74179520000007, 35.8761564 ] } },
{ "type": "Feature", "properties": { "内容": "ロイヤル川口【特定施設入居者生活介護（有料老人ホーム）】川口市青木２－５－２４", "url": "https://www.kaigokensaku.mhlw.go.jp/11/index.php?action_kouhyou_detail_004_kani=true&JigyosyoCd=1170204406-00&ServiceCd=331&Type=search", "url2": "http://www.royalk.jp" }, "geometry": { "type": "Point", "coordinates": [ 139.726168199999961, 35.8081185 ] } },
{ "type": "Feature", "properties": { "内容": "ブランシエールリボンシティ川口【特定施設入居者生活介護（有料老人ホーム）】埼玉県川口市並木元町１番６５号", "url": "https://www.kaigokensaku.mhlw.go.jp/11/index.php?action_kouhyou_detail_004_kani=true&JigyosyoCd=1170203523-00&ServiceCd=331&Type=search", "url2": "http://www.haseko-senior.co.jp/home/kawaguchi/" }, "geometry": { "type": "Point", "coordinates": [ 139.715035899999947, 35.8081793 ] } },
{ "type": "Feature", "properties": { "内容": "サンシティ東川口【特定施設入居者生活介護（有料老人ホーム）】埼玉県川口市差間2-6-50", "url": "https://www.kaigokensaku.mhlw.go.jp/11/index.php?action_kouhyou_detail_004_kani=true&JigyosyoCd=1170200644-00&ServiceCd=331&Type=search", "url2": "https://www.hcm-suncity.jp" }, "geometry": { "type": "Point", "coordinates": [ 139.725905099999977, 35.8725841 ] } },
{ "type": "Feature", "properties": { "内容": "ホームステーション川口元郷【特定施設入居者生活介護（有料老人ホーム）】埼玉県川口市元郷６－８－５", "url": "https://www.kaigokensaku.mhlw.go.jp/11/index.php?action_kouhyou_detail_004_kani=true&JigyosyoCd=1170204711-00&ServiceCd=331&Type=search", "url2": "http://www.life-silver.com/" }, "geometry": { "type": "Point", "coordinates": [ 139.744650099999944, 35.8019479 ] } },
{ "type": "Feature", "properties": { "内容": "ウェルケアテラス川口元郷【特定施設入居者生活介護（有料老人ホーム）】埼玉県川口市弥平二丁目22番2号", "url": "https://www.kaigokensaku.mhlw.go.jp/11/index.php?action_kouhyou_detail_004_kani=true&JigyosyoCd=1170206229-00&ServiceCd=331&Type=search", "url2": "http://www.sankeiwellcare.com/facilities/kawaguchi/" }, "geometry": { "type": "Point", "coordinates": [ 139.751088399999958, 35.8002067 ] } },
{ "type": "Feature", "properties": { "内容": "ヨウコーキャッスル鳩ヶ谷【特定施設入居者生活介護（有料老人ホーム）】埼玉県川口市鳩ヶ谷本町3-24-8", "url": "https://www.kaigokensaku.mhlw.go.jp/11/index.php?action_kouhyou_detail_004_kani=true&JigyosyoCd=1170210023-00&ServiceCd=331&Type=search", "url2": "https://rehabili-youko.com/" }, "geometry": { "type": "Point", "coordinates": [ 139.742953298147597, 35.834401039020229 ] } },
{ "type": "Feature", "properties": { "内容": "イルミーナかわぐち【特定施設入居者生活介護（有料老人ホーム）】川口市大字里1186-1", "url": "https://www.kaigokensaku.mhlw.go.jp/11/index.php?action_kouhyou_detail_004_kani=true&JigyosyoCd=1170206146-00&ServiceCd=331&Type=search", "url2": "https://www.care-support.biz/irumina/catalog/kawaguchi/" }, "geometry": { "type": "Point", "coordinates": [ 139.73095505399786, 35.832305598789354 ] } },
{ "type": "Feature", "properties": { "内容": "リハビリホームまどか川口本町【特定施設入居者生活介護（有料老人ホーム）】埼玉県川口市本町1丁目14番16号", "url": "https://www.kaigokensaku.mhlw.go.jp/11/index.php?action_kouhyou_detail_004_kani=true&JigyosyoCd=1170204661-00&ServiceCd=331&Type=search", "url2": "http://www.benesse-style-care.co.jp" }, "geometry": { "type": "Point", "coordinates": [ 139.725907499999948, 35.7965398 ] } },
{ "type": "Feature", "properties": { "内容": "リハビリホームまどか川口芝【特定施設入居者生活介護（有料老人ホーム）】芝西一丁目14番8号", "url": "https://www.kaigokensaku.mhlw.go.jp/11/index.php?action_kouhyou_detail_004_kani=true&JigyosyoCd=1170207011-00&ServiceCd=331&Type=search", "url2": ":http://www.benesse-style-care.co.jp/" }, "geometry": { "type": "Point", "coordinates": [ 139.684676699999955, 35.8359993 ] } },
{ "type": "Feature", "properties": { "内容": "ボンセジュール川口【特定施設入居者生活介護（有料老人ホーム）】埼玉県川口市朝日5丁目5番10号", "url": "https://www.kaigokensaku.mhlw.go.jp/11/index.php?action_kouhyou_detail_004_kani=true&JigyosyoCd=1170205221-00&ServiceCd=331&Type=search", "url2": "http://www.benesse-style-care.co.jp/" }, "geometry": { "type": "Point", "coordinates": [ 139.74805230000004, 35.8092745 ] } },
{ "type": "Feature", "properties": { "内容": "メディカル・リハビリホームまどか川口【特定施設入居者生活介護（有料老人ホーム）】埼玉県川口市青木5丁目10-10", "url": "https://www.kaigokensaku.mhlw.go.jp/11/index.php?action_kouhyou_detail_004_kani=true&JigyosyoCd=1170204612-00&ServiceCd=331&Type=search", "url2": "http://www.benesse-style-care.co.jp/" }, "geometry": { "type": "Point", "coordinates": [ 139.721807099999978, 35.8210354 ] } },
{ "type": "Feature", "properties": { "内容": "アミカの郷川口【特定施設入居者生活介護（有料老人ホーム）】本蓮1－19－21", "url": "https://www.kaigokensaku.mhlw.go.jp/11/index.php?action_kouhyou_detail_004_kani=true&JigyosyoCd=1170208985-00&ServiceCd=331&Type=search", "url2": null }, "geometry": { "type": "Point", "coordinates": [ 139.7627118, 35.8212563 ] } },
{ "type": "Feature", "properties": { "内容": "まどか南浦和【特定施設入居者生活介護（有料老人ホーム）】埼玉県川口市大字小谷場58番地", "url": "https://www.kaigokensaku.mhlw.go.jp/11/index.php?action_kouhyou_detail_004_kani=true&JigyosyoCd=1170202707-00&ServiceCd=331&Type=search", "url2": "http://www.benesse-style-care.co.jp/" }, "geometry": { "type": "Point", "coordinates": [ 139.6783464, 35.8438677 ] } },
{ "type": "Feature", "properties": { "内容": "あいらの杜川口市立医療センター前【特定施設入居者生活介護（有料老人ホーム）】西新井宿438-2", "url": "https://www.kaigokensaku.mhlw.go.jp/11/index.php?action_kouhyou_detail_004_kani=true&JigyosyoCd=1170208613-00&ServiceCd=331&Type=search", "url2": "https://www.halenosumai.jp/homes/17/" }, "geometry": { "type": "Point", "coordinates": [ 139.733095550926208, 35.84582503192884 ] } },
{ "type": "Feature", "properties": { "内容": "リハビリホームグランダ南浦和【特定施設入居者生活介護（有料老人ホーム）】埼玉県川口市大字小谷場63-2", "url": "https://www.kaigokensaku.mhlw.go.jp/11/index.php?action_kouhyou_detail_004_kani=true&JigyosyoCd=1170204950-00&ServiceCd=331&Type=search", "url2": "https://kaigo.benesse-style-care.co.jp/" }, "geometry": { "type": "Point", "coordinates": [ 139.6785698, 35.8434436 ] } },
{ "type": "Feature", "properties": { "内容": "さかえグリーンハート川口【特定施設入居者生活介護（有料老人ホーム）】埼玉県川口市東川口5丁目9番16号", "url": "https://www.kaigokensaku.mhlw.go.jp/11/index.php?action_kouhyou_detail_004_kani=true&JigyosyoCd=1170206823-00&ServiceCd=331&Type=search", "url2": "https://www.sakae-kawaguchi.jp" }, "geometry": { "type": "Point", "coordinates": [ 139.74760569999998, 35.8813865 ] } },
{ "type": "Feature", "properties": { "内容": "グランヴィ川口【特定施設入居者生活介護（有料老人ホーム）】埼玉県川口市前川3-39-15", "url": "https://www.kaigokensaku.mhlw.go.jp/11/index.php?action_kouhyou_detail_004_kani=true&JigyosyoCd=1170202335-00&ServiceCd=331&Type=search", "url2": "http://www.fukushi-e.com" }, "geometry": { "type": "Point", "coordinates": [ 139.710482500000012, 35.8413487 ] } },
{ "type": "Feature", "properties": { "内容": "ソラスト川口【特定施設入居者生活介護（有料老人ホーム）】埼玉県川口市弥平2－22－10", "url": "https://www.kaigokensaku.mhlw.go.jp/11/index.php?action_kouhyou_detail_004_kani=true&JigyosyoCd=1170203267-00&ServiceCd=331&Type=search", "url2": "https://i.ansinkaigo.jp/shokai/form/facilities/page1?utm_source=microsoft&utm_medium=cpc&campaignid=520000198&adgroupid=1312819214478336&device=c&creative=&location=138321&target=kwd-82052155900085:loc-138321&matchtype=e&keyword=%E3%82%BD%E3%83%A9%E3%82%B" }, "geometry": { "type": "Point", "coordinates": [ 139.752071300000011, 35.8006839 ] } },
{ "type": "Feature", "properties": { "内容": "グッドタイムナーシングホーム・川口新井宿【特定施設入居者生活介護（有料老人ホーム）】大字赤山1155", "url": "https://www.kaigokensaku.mhlw.go.jp/11/index.php?action_kouhyou_detail_004_kani=true&JigyosyoCd=1170208811-00&ServiceCd=331&Type=search", "url2": "http://www.goodtimehome.com/shuto/s-kawaguchiaraijuku.php" }, "geometry": { "type": "Point", "coordinates": [ 139.742070416049103, 35.843994098958234 ] } },
{ "type": "Feature", "properties": { "内容": "ベストライフ東川口【特定施設入居者生活介護（有料老人ホーム）】埼玉県川口市戸塚3-3-10ベストライフ東川口", "url": "https://www.kaigokensaku.mhlw.go.jp/11/index.php?action_kouhyou_detail_004_kani=true&JigyosyoCd=1170208951-00&ServiceCd=331&Type=search", "url2": null }, "geometry": { "type": "Point", "coordinates": [ 139.745628399999987, 35.8678279 ] } },
{ "type": "Feature", "properties": { "内容": "ライフパートナー川口【特定施設入居者生活介護（有料老人ホーム）】埼玉県川口市安行原６２-３", "url": "https://www.kaigokensaku.mhlw.go.jp/11/index.php?action_kouhyou_detail_004_kani=true&JigyosyoCd=1170205924-00&ServiceCd=331&Type=search", "url2": "https://emerald-sato.jp/" }, "geometry": { "type": "Point", "coordinates": [ 139.768012700000014, 35.8429453 ] } },
{ "type": "Feature", "properties": { "内容": "介護付き有料老人ホーム　タムスさくらヴィラ川口【特定施設入居者生活介護（有料老人ホーム）】大字榛松305-1", "url": "https://www.kaigokensaku.mhlw.go.jp/11/index.php?action_kouhyou_detail_004_kani=true&JigyosyoCd=1170207680-00&ServiceCd=331&Type=search", "url2": "https://tums-yuryo.com/sakura-villa/" }, "geometry": { "type": "Point", "coordinates": [ 139.779624, 35.8245262 ] } },
{ "type": "Feature", "properties": { "内容": "リアンレーヴ川口新井宿【特定施設入居者生活介護（有料老人ホーム）】埼玉県川口市新井宿１９－１リアンレーヴ川口新井宿", "url": "https://www.kaigokensaku.mhlw.go.jp/11/index.php?action_kouhyou_detail_004_kani=true&JigyosyoCd=1170208134-00&ServiceCd=331&Type=search", "url2": "http://www.kinoshita-kaigo.co.jp/facility/care_home/lien_reve_kawaguchiaraijyuku.html" }, "geometry": { "type": "Point", "coordinates": [ 139.73734198108977, 35.841857950615328 ] } },
{ "type": "Feature", "properties": { "内容": "イリーゼ川口宮町【特定施設入居者生活介護（有料老人ホーム）】埼玉県川口市宮町16-12イリーゼ川口宮町", "url": "https://www.kaigokensaku.mhlw.go.jp/11/index.php?action_kouhyou_detail_004_kani=true&JigyosyoCd=1170210510-00&ServiceCd=331&Type=search", "url2": "https://www.irs.jp" }, "geometry": { "type": "Point", "coordinates": [ 139.7036608, 35.8005024 ] } },
{ "type": "Feature", "properties": { "内容": "ハートランド川口明生苑【特定施設入居者生活介護（有料老人ホーム）】埼玉県川口市上青木3-10-17", "url": "https://www.kaigokensaku.mhlw.go.jp/11/index.php?action_kouhyou_detail_004_kani=true&JigyosyoCd=1170203085-00&ServiceCd=331&Type=search", "url2": "http://www/fukushi-e.com" }, "geometry": { "type": "Point", "coordinates": [ 139.7223758, 35.8271312 ] } },
{ "type": "Feature", "properties": { "内容": "介護付き有料老人ホーム　行田フラッグ【特定施設入居者生活介護（有料老人ホーム）】埼玉県行田市持田2576", "url": "https://www.kaigokensaku.mhlw.go.jp/11/index.php?action_kouhyou_detail_004_kani=true&JigyosyoCd=1173701325-00&ServiceCd=331&Type=search", "url2": "https://care-peaks.com/service/paid-nursing/" }, "geometry": { "type": "Point", "coordinates": [ 139.428030145458024, 36.139945807634035 ] } },
{ "type": "Feature", "properties": { "内容": "あすなろ行田【特定施設入居者生活介護（有料老人ホーム）】埼玉県行田市緑町8番41号", "url": "https://www.kaigokensaku.mhlw.go.jp/11/index.php?action_kouhyou_detail_004_kani=true&JigyosyoCd=1173701267-00&ServiceCd=331&Type=search", "url2": null }, "geometry": { "type": "Point", "coordinates": [ 139.467047082803333, 36.134700729923736 ] } },
{ "type": "Feature", "properties": { "内容": "ベストライフ行田【特定施設入居者生活介護（有料老人ホーム）】埼玉県行田市栄町8-32", "url": "https://www.kaigokensaku.mhlw.go.jp/11/index.php?action_kouhyou_detail_004_kani=true&JigyosyoCd=1173701283-00&ServiceCd=331&Type=search", "url2": null }, "geometry": { "type": "Point", "coordinates": [ 139.4588904, 36.145198 ] } },
{ "type": "Feature", "properties": { "内容": "さつきホーム【特定施設入居者生活介護（有料老人ホーム）】行田市荒木２１３１－３", "url": "https://www.kaigokensaku.mhlw.go.jp/11/index.php?action_kouhyou_detail_004_kani=true&JigyosyoCd=1173700376-00&ServiceCd=331&Type=search", "url2": "http://www.satsukihome.co.jp/" }, "geometry": { "type": "Point", "coordinates": [ 139.486377100000027, 36.1686218 ] } },
{ "type": "Feature", "properties": { "内容": "ガーデンハイム楓【特定施設入居者生活介護（有料老人ホーム）】埼玉県秩父市荒川上田野766番地1", "url": "https://www.kaigokensaku.mhlw.go.jp/11/index.php?action_kouhyou_detail_004_kani=true&JigyosyoCd=1174900967-00&ServiceCd=331&Type=search", "url2": "http://www.chichibu-seihoukai.net/" }, "geometry": { "type": "Point", "coordinates": [ 139.041766300000063, 35.9591918 ] } },
{ "type": "Feature", "properties": { "内容": "シンシアホーム　宮杜【特定施設入居者生活介護（有料老人ホーム）】埼玉県秩父市番場町6-4", "url": "https://www.kaigokensaku.mhlw.go.jp/11/index.php?action_kouhyou_detail_004_kani=true&JigyosyoCd=1174900975-00&ServiceCd=331&Type=search", "url2": "https://www.sincerehomemiyamori.biz/" }, "geometry": { "type": "Point", "coordinates": [ 139.08556109999995, 35.9968047 ] } },
{ "type": "Feature", "properties": { "内容": "シニアホーム武甲の郷【特定施設入居者生活介護（有料老人ホーム）】埼玉県秩父市日野田町２－１４－５", "url": "https://www.kaigokensaku.mhlw.go.jp/11/index.php?action_kouhyou_detail_004_kani=true&JigyosyoCd=1174900645-00&ServiceCd=331&Type=search", "url2": "http://www.kazahara.com" }, "geometry": { "type": "Point", "coordinates": [ 139.0802787, 35.9828337 ] } },
{ "type": "Feature", "properties": { "内容": "介護付有料老人ホーム　なかとみ悠生苑【特定施設入居者生活介護（有料老人ホーム）】埼玉県所沢市中富508-1", "url": "https://www.kaigokensaku.mhlw.go.jp/11/index.php?action_kouhyou_detail_004_kani=true&JigyosyoCd=1172505297-00&ServiceCd=331&Type=search", "url2": "https://be-health.co.jp" }, "geometry": { "type": "Point", "coordinates": [ 139.486749599999939, 35.816978200000023 ] } },
{ "type": "Feature", "properties": { "内容": "介護付き有料老人ホーム　桂の樹【特定施設入居者生活介護（有料老人ホーム）】埼玉県所沢市宮本町2-23-34", "url": "https://www.kaigokensaku.mhlw.go.jp/11/index.php?action_kouhyou_detail_004_kani=true&JigyosyoCd=1172504845-00&ServiceCd=331&Type=search", "url2": "http://tokoshin.mcp-saitamawest.jp/katsuranoki" }, "geometry": { "type": "Point", "coordinates": [ 139.460869874868763, 35.795671724247605 ] } },
{ "type": "Feature", "properties": { "内容": "リアンレーヴ新所沢【特定施設入居者生活介護（有料老人ホーム）】埼玉県所沢市緑町2-12-17", "url": "https://www.kaigokensaku.mhlw.go.jp/11/index.php?action_kouhyou_detail_004_kani=true&JigyosyoCd=1172505891-00&ServiceCd=331&Type=search", "url2": "https://www.kinoshita-kaigo.co.jp/facility/care_home/lien-reve_shin-tokorozawa.html" }, "geometry": { "type": "Point", "coordinates": [ 139.4562412, 35.8032828 ] } },
{ "type": "Feature", "properties": { "内容": "花りぼん所沢【特定施設入居者生活介護（有料老人ホーム）】下富1133番3", "url": "https://www.kaigokensaku.mhlw.go.jp/11/index.php?action_kouhyou_detail_004_kani=true&JigyosyoCd=1172505644-00&ServiceCd=331&Type=search", "url2": "https://hanaribon.net/company.html" }, "geometry": { "type": "Point", "coordinates": [ 139.4577027, 35.831069 ] } },
{ "type": "Feature", "properties": { "内容": "なかとみ東悠生苑【特定施設入居者生活介護（有料老人ホーム）】埼玉県所沢市中富1304-1", "url": "https://www.kaigokensaku.mhlw.go.jp/11/index.php?action_kouhyou_detail_004_kani=true&JigyosyoCd=1172506279-00&ServiceCd=331&Type=search", "url2": "https://be-health.co.jp/facility/nakatomi.html" }, "geometry": { "type": "Point", "coordinates": [ 139.493441710450753, 35.821144212240178 ] } },
{ "type": "Feature", "properties": { "内容": "ニチイケアセンター所沢上安松【特定施設入居者生活介護（有料老人ホーム）】埼玉県所沢市上安松字山荒久９０７番地１", "url": "https://www.kaigokensaku.mhlw.go.jp/11/index.php?action_kouhyou_detail_004_kani=true&JigyosyoCd=1172503433-00&ServiceCd=331&Type=search", "url2": "http://www.nichiigakkan.co.jp" }, "geometry": { "type": "Point", "coordinates": [ 139.487514499999946, 35.7811554 ] } },
{ "type": "Feature", "properties": { "内容": "介護付有料老人ホーム　長寿苑【特定施設入居者生活介護（有料老人ホーム）】埼玉県所沢市若狭1-2932-1", "url": "https://www.kaigokensaku.mhlw.go.jp/11/index.php?action_kouhyou_detail_004_kani=true&JigyosyoCd=1172506204-00&ServiceCd=331&Type=search", "url2": "http://www.chi-ga.jp/" }, "geometry": { "type": "Point", "coordinates": [ 139.4215452, 35.8066932 ] } },
{ "type": "Feature", "properties": { "内容": "ところざわ翔裕館Ⅰ号館【特定施設入居者生活介護（有料老人ホーム）】埼玉県所沢市下富720-1", "url": "https://www.kaigokensaku.mhlw.go.jp/11/index.php?action_kouhyou_detail_004_kani=true&JigyosyoCd=1172505776-00&ServiceCd=331&Type=search", "url2": "https://sangajapan.jp/product/tokorozawa/" }, "geometry": { "type": "Point", "coordinates": [ 139.4607978, 35.8293241 ] } },
{ "type": "Feature", "properties": { "内容": "SOMPOケア　ラヴィーレ東所沢【特定施設入居者生活介護（有料老人ホーム）】埼玉県所沢市東所沢二丁目10番地の4", "url": "https://www.kaigokensaku.mhlw.go.jp/11/index.php?action_kouhyou_detail_004_kani=true&JigyosyoCd=1172505479-00&ServiceCd=331&Type=search", "url2": "https://www.sompocare.com/service/home/kaigo/H000097/message/" }, "geometry": { "type": "Point", "coordinates": [ 139.511814500000014, 35.7996366 ] } },
{ "type": "Feature", "properties": { "内容": "リアンレーヴ西所沢【特定施設入居者生活介護（有料老人ホーム）】埼玉県所沢市上新井5-6-1リアンレーヴ西所沢", "url": "https://www.kaigokensaku.mhlw.go.jp/11/index.php?action_kouhyou_detail_004_kani=true&JigyosyoCd=1172506352-00&ServiceCd=331&Type=search", "url2": "http://www.kinoshita-kaigo.co.jp/facility/care_home/lien-reve_nishitokorozawa.html" }, "geometry": { "type": "Point", "coordinates": [ 139.451049, 35.7965674 ] } },
{ "type": "Feature", "properties": { "内容": "イリーゼ所沢西【特定施設入居者生活介護（有料老人ホーム）】埼玉県所沢市東狭山ヶ丘1-57-1", "url": "https://www.kaigokensaku.mhlw.go.jp/11/index.php?action_kouhyou_detail_004_kani=true&JigyosyoCd=1172505412-00&ServiceCd=331&Type=search", "url2": "http://www.irs.jp" }, "geometry": { "type": "Point", "coordinates": [ 139.417980599999964, 35.8143719 ] } },
{ "type": "Feature", "properties": { "内容": "ロイヤルレジデンス東所沢【特定施設入居者生活介護（有料老人ホーム）】埼玉県所沢市下安松942-1", "url": "https://www.kaigokensaku.mhlw.go.jp/11/index.php?action_kouhyou_detail_004_kani=true&JigyosyoCd=1172504449-00&ServiceCd=331&Type=search", "url2": "http://syasouken.com/center/higashi_tokorozawa/" }, "geometry": { "type": "Point", "coordinates": [ 139.5040573, 35.7905993 ] } },
{ "type": "Feature", "properties": { "内容": "武蔵野の郷【特定施設入居者生活介護（有料老人ホーム）】埼玉県所沢市大字下安松1566番1", "url": "https://www.kaigokensaku.mhlw.go.jp/11/index.php?action_kouhyou_detail_004_kani=true&JigyosyoCd=1172505867-00&ServiceCd=331&Type=search", "url2": "http://www.cedar-group.co.j/pine" }, "geometry": { "type": "Point", "coordinates": [ 139.4993896, 35.7916452 ] } },
{ "type": "Feature", "properties": { "内容": "SOMPOケア　ラヴィーレ飯能【特定施設入居者生活介護（有料老人ホーム）】埼玉県飯能市南町2-7SOMPOケア　ラヴィーレ飯能", "url": "https://www.kaigokensaku.mhlw.go.jp/11/index.php?action_kouhyou_detail_004_kani=true&JigyosyoCd=1172601096-00&ServiceCd=331&Type=search", "url2": "Https://www.sompocare.com/" }, "geometry": { "type": "Point", "coordinates": [ 139.321093099999985, 35.8492481 ] } },
{ "type": "Feature", "properties": { "内容": "ベストライフ飯能【特定施設入居者生活介護（有料老人ホーム）】埼玉県飯能市双柳1192-1ベストライフ飯能", "url": "https://www.kaigokensaku.mhlw.go.jp/11/index.php?action_kouhyou_detail_004_kani=true&JigyosyoCd=1172601138-00&ServiceCd=331&Type=search", "url2": null }, "geometry": { "type": "Point", "coordinates": [ 139.3408086, 35.854853 ] } },
{ "type": "Feature", "properties": { "内容": "有料老人ホーム　さいたま妙松苑【特定施設入居者生活介護（有料老人ホーム）】志多見２３３４－５", "url": "https://www.kaigokensaku.mhlw.go.jp/11/index.php?action_kouhyou_detail_004_kani=true&JigyosyoCd=1173801661-00&ServiceCd=331&Type=search", "url2": "https://jiunkai.org/" }, "geometry": { "type": "Point", "coordinates": [ 139.560939, 36.1352266 ] } },
{ "type": "Feature", "properties": { "内容": "アーク加須【特定施設入居者生活介護（有料老人ホーム）】埼玉県加須市南町16-22", "url": "https://www.kaigokensaku.mhlw.go.jp/11/index.php?action_kouhyou_detail_004_kani=true&JigyosyoCd=1173801653-00&ServiceCd=331&Type=search", "url2": null }, "geometry": { "type": "Point", "coordinates": [ 139.6029804, 36.1166192 ] } },
{ "type": "Feature", "properties": { "内容": "昭和の里　本庄児玉【特定施設入居者生活介護（有料老人ホーム）】埼玉県本庄市児玉町児玉1271-1", "url": "https://www.kaigokensaku.mhlw.go.jp/11/index.php?action_kouhyou_detail_004_kani=true&JigyosyoCd=1174302065-00&ServiceCd=331&Type=search", "url2": "https://d-hlt.co.jp/" }, "geometry": { "type": "Point", "coordinates": [ 139.1317225, 36.1900119 ] } },
{ "type": "Feature", "properties": { "内容": "有料老人ホーム　サニーライフ東松山【特定施設入居者生活介護（有料老人ホーム）】埼玉県東松山市材木町１６番２３号", "url": "https://www.kaigokensaku.mhlw.go.jp/11/index.php?action_kouhyou_detail_004_kani=true&JigyosyoCd=1173301100-00&ServiceCd=331&Type=search", "url2": "https://www.sunnylife-group.co.jp" }, "geometry": { "type": "Point", "coordinates": [ 139.403294599999981, 36.039346 ] } },
{ "type": "Feature", "properties": { "内容": "ヒューマンサポート東松山【特定施設入居者生活介護（有料老人ホーム）】埼玉県東松山市下野本1466-1ヒューマンサポート東松山", "url": "https://www.kaigokensaku.mhlw.go.jp/11/index.php?action_kouhyou_detail_004_kani=true&JigyosyoCd=1173301217-00&ServiceCd=331&Type=search", "url2": "http://n-h-s.jp/higashimatsuyama/" }, "geometry": { "type": "Point", "coordinates": [ 139.420893, 36.022525 ] } },
{ "type": "Feature", "properties": { "内容": "有料老人ホーム　サニーライフ　東松山弐番館【特定施設入居者生活介護（有料老人ホーム）】埼玉県東松山市加美町2-22", "url": "https://www.kaigokensaku.mhlw.go.jp/11/index.php?action_kouhyou_detail_004_kani=true&JigyosyoCd=1173301357-00&ServiceCd=331&Type=search", "url2": "https://www.sunnylife-group.co.jp" }, "geometry": { "type": "Point", "coordinates": [ 139.399383599999965, 36.046367400000015 ] } },
{ "type": "Feature", "properties": { "内容": "あんしんホーム東松山【特定施設入居者生活介護（有料老人ホーム）】上唐子1498-21", "url": "https://www.kaigokensaku.mhlw.go.jp/11/index.php?action_kouhyou_detail_004_kani=true&JigyosyoCd=1173301134-00&ServiceCd=331&Type=search", "url2": null }, "geometry": { "type": "Point", "coordinates": [ 139.334143967684781, 36.038594427613091 ] } },
{ "type": "Feature", "properties": { "内容": "アズハイム春日部【特定施設入居者生活介護（有料老人ホーム）】埼玉県春日部市中央二丁目20-5", "url": "https://www.kaigokensaku.mhlw.go.jp/11/index.php?action_kouhyou_detail_004_kani=true&JigyosyoCd=1170604308-00&ServiceCd=331&Type=search", "url2": "https://www.as-partners.co.jp/" }, "geometry": { "type": "Point", "coordinates": [ 139.748966728234791, 35.9751225163889 ] } },
{ "type": "Feature", "properties": { "内容": "有料老人ホーム　サニーライフ春日部【特定施設入居者生活介護（有料老人ホーム）】埼玉県春日部市粕壁東五丁目13番28号", "url": "https://www.kaigokensaku.mhlw.go.jp/11/index.php?action_kouhyou_detail_004_kani=true&JigyosyoCd=1170603995-00&ServiceCd=331&Type=search", "url2": "https://www.sunnylife-group.co.jp/" }, "geometry": { "type": "Point", "coordinates": [ 139.7637704, 35.975957 ] } },
{ "type": "Feature", "properties": { "内容": "家族の家ひまわり春日部【特定施設入居者生活介護（有料老人ホーム）】埼玉県春日部市粕壁6040-1", "url": "https://www.kaigokensaku.mhlw.go.jp/11/index.php?action_kouhyou_detail_004_kani=true&JigyosyoCd=1170601700-00&ServiceCd=331&Type=search", "url2": "http://www.saneido.co.jp/kaigo/kasukabe/info/outline/" }, "geometry": { "type": "Point", "coordinates": [ 139.7454428, 35.985277 ] } },
{ "type": "Feature", "properties": { "内容": "介護付有料老人ホーム　ヒューマンサポート春日部【特定施設入居者生活介護（有料老人ホーム）】埼玉県春日部市備後西5丁目1－44", "url": "https://www.kaigokensaku.mhlw.go.jp/11/index.php?action_kouhyou_detail_004_kani=true&JigyosyoCd=1170601791-00&ServiceCd=331&Type=search", "url2": "http://www.n.h.s.jp/kasukabe" }, "geometry": { "type": "Point", "coordinates": [ 139.762705899999986, 35.9572758 ] } },
{ "type": "Feature", "properties": { "内容": "リアンレーヴ春日部【特定施設入居者生活介護（有料老人ホーム）】埼玉県春日部市南中曽根442-1", "url": "https://www.kaigokensaku.mhlw.go.jp/11/index.php?action_kouhyou_detail_004_kani=true&JigyosyoCd=1170603730-00&ServiceCd=331&Type=search", "url2": "https://www.kinoshita-kaigo.co.jp/facility/care₋home/lien₋reve₋kasukabe.html" }, "geometry": { "type": "Point", "coordinates": [ 139.73092070000007, 35.9699476 ] } },
{ "type": "Feature", "properties": { "内容": "ヒューマンサポート春日部中央【特定施設入居者生活介護（有料老人ホーム）】春日部市豊町1-4-5", "url": "https://www.kaigokensaku.mhlw.go.jp/11/index.php?action_kouhyou_detail_004_kani=true&JigyosyoCd=1170602104-00&ServiceCd=331&Type=search", "url2": "http://www.n-h-s.jp/kasukabe-chuou/" }, "geometry": { "type": "Point", "coordinates": [ 139.741127, 35.9729379 ] } },
{ "type": "Feature", "properties": { "内容": "応援家族　庄和館【特定施設入居者生活介護（有料老人ホーム）】埼玉県春日部市西金野井64-24", "url": "https://www.kaigokensaku.mhlw.go.jp/11/index.php?action_kouhyou_detail_004_kani=true&JigyosyoCd=1170603318-00&ServiceCd=331&Type=search", "url2": "https://www.kinoshita-kaigo.co.jp/facility/care_home/support-family_harmony-life-syouwakan.html" }, "geometry": { "type": "Point", "coordinates": [ 139.812187499999936, 35.9838069 ] } },
{ "type": "Feature", "properties": { "内容": "ふるさとホーム武里【特定施設入居者生活介護（有料老人ホーム）】埼玉県春日部市大畑116-1", "url": "https://www.kaigokensaku.mhlw.go.jp/11/index.php?action_kouhyou_detail_004_kani=true&JigyosyoCd=1170602971-00&ServiceCd=331&Type=search", "url2": "http://www.vati.co.jp" }, "geometry": { "type": "Point", "coordinates": [ 139.774940497761605, 35.946704504556223 ] } },
{ "type": "Feature", "properties": { "内容": "株式会社　木下の介護　リアンレーヴ狭山【特定施設入居者生活介護（有料老人ホーム）】埼玉県狭山市富士見二丁目7番12号株式会社　木下の介護　リアンレーヴ狭山", "url": "https://www.kaigokensaku.mhlw.go.jp/11/index.php?action_kouhyou_detail_004_kani=true&JigyosyoCd=1172701938-00&ServiceCd=331&Type=search", "url2": "http://www.kinoshita-group.co.jp/" }, "geometry": { "type": "Point", "coordinates": [ 139.419875899999965, 35.8490955 ] } },
{ "type": "Feature", "properties": { "内容": "有料老人ホーム　サニーライフ狭山【特定施設入居者生活介護（有料老人ホーム）】埼玉県狭山市南入曽574-2", "url": "https://www.kaigokensaku.mhlw.go.jp/11/index.php?action_kouhyou_detail_004_kani=true&JigyosyoCd=1172701979-00&ServiceCd=331&Type=search", "url2": "https://www.sunnylife-group.co.jp" }, "geometry": { "type": "Point", "coordinates": [ 139.426384263754244, 35.834096974644822 ] } },
{ "type": "Feature", "properties": { "内容": "イリーゼ狭山【特定施設入居者生活介護（有料老人ホーム）】埼玉県狭山市笹井3-10-5", "url": "https://www.kaigokensaku.mhlw.go.jp/11/index.php?action_kouhyou_detail_004_kani=true&JigyosyoCd=1172701649-00&ServiceCd=331&Type=search", "url2": "https://www.irs.jp" }, "geometry": { "type": "Point", "coordinates": [ 139.3743187, 35.8514886 ] } },
{ "type": "Feature", "properties": { "内容": "家族倶楽部【特定施設入居者生活介護（有料老人ホーム）】埼玉県狭山市東三ツ木222番地の1", "url": "https://www.kaigokensaku.mhlw.go.jp/11/index.php?action_kouhyou_detail_004_kani=true&JigyosyoCd=1172700427-00&ServiceCd=331&Type=search", "url2": "http://www.health-network.co.jp" }, "geometry": { "type": "Point", "coordinates": [ 139.432682800000066, 35.8688516 ] } },
{ "type": "Feature", "properties": { "内容": "リアンレーヴ新狭山【特定施設入居者生活介護（有料老人ホーム）】埼玉県狭山市大字東三ツ木180-2リアンレーヴ新狭山", "url": "https://www.kaigokensaku.mhlw.go.jp/11/index.php?action_kouhyou_detail_004_kani=true&JigyosyoCd=1172702274-00&ServiceCd=331&Type=search", "url2": "https://www.kinoshita-kaigo.co.jp/facility/care_home/lien-reve_shinsayama.html" }, "geometry": { "type": "Point", "coordinates": [ 139.433881514680479, 35.868639700496175 ] } },
{ "type": "Feature", "properties": { "内容": "ＳＯＭＰＯケアラヴィーレ狭山【特定施設入居者生活介護（有料老人ホーム）】埼玉県狭山市新狭山二丁目2番地の7", "url": "https://www.kaigokensaku.mhlw.go.jp/11/index.php?action_kouhyou_detail_004_kani=true&JigyosyoCd=1172702043-00&ServiceCd=331&Type=search", "url2": "https://www.sompocare.com/" }, "geometry": { "type": "Point", "coordinates": [ 139.4346769, 35.8753757 ] } },
{ "type": "Feature", "properties": { "内容": "ふるさとホーム狭山【特定施設入居者生活介護（有料老人ホーム）】埼玉県狭山市大字笹井682-1", "url": "https://www.kaigokensaku.mhlw.go.jp/11/index.php?action_kouhyou_detail_004_kani=true&JigyosyoCd=1172701490-00&ServiceCd=331&Type=search", "url2": null }, "geometry": { "type": "Point", "coordinates": [ 139.377232700000036, 35.8635397 ] } },
{ "type": "Feature", "properties": { "内容": "ベストライフ狭山【特定施設入居者生活介護（有料老人ホーム）】埼玉県狭山市入間川1-23-10", "url": "https://www.kaigokensaku.mhlw.go.jp/11/index.php?action_kouhyou_detail_004_kani=true&JigyosyoCd=1172702340-00&ServiceCd=331&Type=search", "url2": null }, "geometry": { "type": "Point", "coordinates": [ 139.412520604893473, 35.853742632477754 ] } },
{ "type": "Feature", "properties": { "内容": "ベストライフ羽生【特定施設入居者生活介護（有料老人ホーム）】埼玉県羽生市西4-12-1", "url": "https://www.kaigokensaku.mhlw.go.jp/11/index.php?action_kouhyou_detail_004_kani=true&JigyosyoCd=1173900729-00&ServiceCd=331&Type=search", "url2": null }, "geometry": { "type": "Point", "coordinates": [ 139.6534394, 36.0209001 ] } },
{ "type": "Feature", "properties": { "内容": "介護付有料老人ホーム　ヒューマンサポート鴻巣【特定施設入居者生活介護（有料老人ホーム）】埼玉県鴻巣市滝馬室1378-1", "url": "https://www.kaigokensaku.mhlw.go.jp/11/index.php?action_kouhyou_detail_004_kani=true&JigyosyoCd=1171701608-00&ServiceCd=331&Type=search", "url2": "https://www.n-h-s.jp/" }, "geometry": { "type": "Point", "coordinates": [ 139.505874799999987, 36.0550168 ] } },
{ "type": "Feature", "properties": { "内容": "ふるさとホーム　鴻巣【特定施設入居者生活介護（有料老人ホーム）】埼玉県鴻巣市松原２丁目２番２８号ふるさとホーム　鴻巣", "url": "https://www.kaigokensaku.mhlw.go.jp/11/index.php?action_kouhyou_detail_004_kani=true&JigyosyoCd=1171701210-00&ServiceCd=331&Type=search", "url2": "http://www.vati.co.jp" }, "geometry": { "type": "Point", "coordinates": [ 139.520598507617933, 36.041538391307071 ] } },
{ "type": "Feature", "properties": { "内容": "あすなろ深谷【特定施設入居者生活介護（有料老人ホーム）】埼玉県深谷市新戒1491番地１", "url": "https://www.kaigokensaku.mhlw.go.jp/11/index.php?action_kouhyou_detail_004_kani=true&JigyosyoCd=1174603058-00&ServiceCd=331&Type=search", "url2": null }, "geometry": { "type": "Point", "coordinates": [ 139.282206800000012, 36.2306276 ] } },
{ "type": "Feature", "properties": { "内容": "スマイリングホーム　メディス深谷【特定施設入居者生活介護（有料老人ホーム）】埼玉県深谷市田所町12－6", "url": "https://www.kaigokensaku.mhlw.go.jp/11/index.php?action_kouhyou_detail_004_kani=true&JigyosyoCd=1174601771-00&ServiceCd=331&Type=search", "url2": "http://www.greenlife-inc.co.jp/facilities/detail/medis_fukaya/profile/" }, "geometry": { "type": "Point", "coordinates": [ 139.273833800000034, 36.1955826 ] } },
{ "type": "Feature", "properties": { "内容": "さわやかふか家の里【特定施設入居者生活介護（有料老人ホーム）】埼玉県深谷市国済寺461-4", "url": "https://www.kaigokensaku.mhlw.go.jp/11/index.php?action_kouhyou_detail_004_kani=true&JigyosyoCd=1174602779-00&ServiceCd=331&Type=search", "url2": "http://www.sawayakaclub.jp/fukayanosato" }, "geometry": { "type": "Point", "coordinates": [ 139.296522894323715, 36.192624677862007 ] } },
{ "type": "Feature", "properties": { "内容": "リアンレーヴ上尾【特定施設入居者生活介護（有料老人ホーム）】埼玉県上尾市壱丁目北26-1", "url": "https://www.kaigokensaku.mhlw.go.jp/11/index.php?action_kouhyou_detail_004_kani=true&JigyosyoCd=1171603192-00&ServiceCd=331&Type=search", "url2": "http://www.kinoshita-kaigo.co.jp/" }, "geometry": { "type": "Point", "coordinates": [ 139.5741878, 35.9546809 ] } },
{ "type": "Feature", "properties": { "内容": "ミモザ上尾あおき苑【特定施設入居者生活介護（有料老人ホーム）】埼玉県上尾市小泉五丁目２９番６", "url": "https://www.kaigokensaku.mhlw.go.jp/11/index.php?action_kouhyou_detail_004_kani=true&JigyosyoCd=1171602756-00&ServiceCd=331&Type=search", "url2": "https://www.mimoza-care.jp/base/ageo-aoki_4.html" }, "geometry": { "type": "Point", "coordinates": [ 139.564647799999989, 35.9780465 ] } },
{ "type": "Feature", "properties": { "内容": "ロイヤルレジデンス上平公園【特定施設入居者生活介護（有料老人ホーム）】埼玉県上尾市大字上尾村1399-1ロイヤルレジデンス上平公園", "url": "https://www.kaigokensaku.mhlw.go.jp/11/index.php?action_kouhyou_detail_004_kani=true&JigyosyoCd=1171602228-00&ServiceCd=331&Type=search", "url2": "http://www.syasouken.com" }, "geometry": { "type": "Point", "coordinates": [ 139.594936955789194, 35.991079326774759 ] } },
{ "type": "Feature", "properties": { "内容": "ロイヤルレジデンス上尾【特定施設入居者生活介護（有料老人ホーム）】埼玉県上尾市五番町2-1", "url": "https://www.kaigokensaku.mhlw.go.jp/11/index.php?action_kouhyou_detail_004_kani=true&JigyosyoCd=1171601915-00&ServiceCd=331&Type=search", "url2": "http://syasouken.com" }, "geometry": { "type": "Point", "coordinates": [ 139.620103500000027, 35.9677408 ] } },
{ "type": "Feature", "properties": { "内容": "ミモザ上尾むくのき苑【特定施設入居者生活介護（有料老人ホーム）】本町6丁目8‐12", "url": "https://www.kaigokensaku.mhlw.go.jp/11/index.php?action_kouhyou_detail_004_kani=true&JigyosyoCd=1171603242-00&ServiceCd=331&Type=search", "url2": "ageo-mukunokien@mimoza-care.jp" }, "geometry": { "type": "Point", "coordinates": [ 139.6660359, 35.6949 ] } },
{ "type": "Feature", "properties": { "内容": "らぽーる上尾【特定施設入居者生活介護（有料老人ホーム）】埼玉県上尾市地頭方422介護付有料老人ホーム　らぽーる上尾", "url": "https://www.kaigokensaku.mhlw.go.jp/11/index.php?action_kouhyou_detail_004_kani=true&JigyosyoCd=1171601303-00&ServiceCd=331&Type=search", "url2": "http://www.rapport-ageo.co.jp/" }, "geometry": { "type": "Point", "coordinates": [ 139.5719656, 35.9532364 ] } },
{ "type": "Feature", "properties": { "内容": "草加幸楽園【特定施設入居者生活介護（有料老人ホーム）】埼玉県草加市栄町3丁目1番14-3", "url": "https://www.kaigokensaku.mhlw.go.jp/11/index.php?action_kouhyou_detail_004_kani=true&JigyosyoCd=1171801838-00&ServiceCd=331&Type=search", "url2": "http://www.souka-kourakuen.com/" }, "geometry": { "type": "Point", "coordinates": [ 139.8024686, 35.84491 ] } },
{ "type": "Feature", "properties": { "内容": "カーサプラチナ草加【特定施設入居者生活介護（有料老人ホーム）】埼玉県草加市西町285-1", "url": "https://www.kaigokensaku.mhlw.go.jp/11/index.php?action_kouhyou_detail_004_kani=true&JigyosyoCd=1171800699-00&ServiceCd=331&Type=search", "url2": "http://platinum-care.jp/souka/" }, "geometry": { "type": "Point", "coordinates": [ 139.795233758860832, 35.82866605536524 ] } },
{ "type": "Feature", "properties": { "内容": "SOMPOケア　ラヴィーレ草加松原【特定施設入居者生活介護（有料老人ホーム）】中根3-31-24SOMPOケア　ラヴィーレ草加松原", "url": "https://www.kaigokensaku.mhlw.go.jp/11/index.php?action_kouhyou_detail_004_kani=true&JigyosyoCd=1171802760-00&ServiceCd=331&Type=search", "url2": "https://www.sompocare.com" }, "geometry": { "type": "Point", "coordinates": [ 139.811781600000018, 35.8464016 ] } },
{ "type": "Feature", "properties": { "内容": "ＳＯＭＰＯケアラヴィーレ草加【特定施設入居者生活介護（有料老人ホーム）】埼玉県草加市北谷3-36-8", "url": "https://www.kaigokensaku.mhlw.go.jp/11/index.php?action_kouhyou_detail_004_kani=true&JigyosyoCd=1171802778-00&ServiceCd=331&Type=search", "url2": "https://www.sompocare.com/" }, "geometry": { "type": "Point", "coordinates": [ 139.782837, 35.845837 ] } },
{ "type": "Feature", "properties": { "内容": "リアンレーヴ草加【特定施設入居者生活介護（有料老人ホーム）】埼玉県草加市松江1-17-8リアンレーヴ草加", "url": "https://www.kaigokensaku.mhlw.go.jp/11/index.php?action_kouhyou_detail_004_kani=true&JigyosyoCd=1171802828-00&ServiceCd=331&Type=search", "url2": "https://www.kinishita-kaigo.co.jp/facility/care_home/line_reve_souka.html" }, "geometry": { "type": "Point", "coordinates": [ 139.809151199999974, 35.8444718 ] } },
{ "type": "Feature", "properties": { "内容": "有料老人ホーム　サニーライフ草加【特定施設入居者生活介護（有料老人ホーム）】埼玉県草加市苗塚町470", "url": "https://www.kaigokensaku.mhlw.go.jp/11/index.php?action_kouhyou_detail_004_kani=true&JigyosyoCd=1171201807-00&ServiceCd=331&Type=search", "url2": "https://www.sunnylife-group.co.jp" }, "geometry": { "type": "Point", "coordinates": [ 139.783740099999932, 35.8324154 ] } },
{ "type": "Feature", "properties": { "内容": "あずみ苑　グランデ草加【特定施設入居者生活介護（有料老人ホーム）】埼玉県草加市新善町502番あずみ苑　グランデ草加", "url": "https://www.kaigokensaku.mhlw.go.jp/11/index.php?action_kouhyou_detail_004_kani=true&JigyosyoCd=1171802208-00&ServiceCd=331&Type=search", "url2": "http://www.azumien.jp/" }, "geometry": { "type": "Point", "coordinates": [ 139.7889252, 35.8503673 ] } },
{ "type": "Feature", "properties": { "内容": "ニチイホーム草加【特定施設入居者生活介護（有料老人ホーム）】埼玉県草加市氷川町805番2ニチイホーム草加", "url": "https://www.kaigokensaku.mhlw.go.jp/11/index.php?action_kouhyou_detail_004_kani=true&JigyosyoCd=1171802554-00&ServiceCd=331&Type=search", "url2": "https://www.nichii-carepalace.co.jp" }, "geometry": { "type": "Point", "coordinates": [ 139.796558499999946, 35.8266737 ] } },
{ "type": "Feature", "properties": { "内容": "ベストライフ草加【特定施設入居者生活介護（有料老人ホーム）】埼玉県草加市新善町253", "url": "https://www.kaigokensaku.mhlw.go.jp/11/index.php?action_kouhyou_detail_004_kani=true&JigyosyoCd=1171802968-00&ServiceCd=331&Type=search", "url2": null }, "geometry": { "type": "Point", "coordinates": [ 139.782006700000011, 35.8486528 ] } },
{ "type": "Feature", "properties": { "内容": "介護付有料老人ホームグリーンライフ草加【特定施設入居者生活介護（有料老人ホーム）】埼玉県草加市瀬崎2-27-15", "url": "https://www.kaigokensaku.mhlw.go.jp/11/index.php?action_kouhyou_detail_004_kani=true&JigyosyoCd=1171802091-00&ServiceCd=331&Type=search", "url2": "http://www.greenlife-inc.co.jp/facilities/detail/tsurunoie/profile/" }, "geometry": { "type": "Point", "coordinates": [ 139.808543900000018, 35.8145454 ] } },
{ "type": "Feature", "properties": { "内容": "メディカルホームまどか草加【特定施設入居者生活介護（有料老人ホーム）】埼玉県草加市草加２－１１－１６", "url": "https://www.kaigokensaku.mhlw.go.jp/11/index.php?action_kouhyou_detail_004_kani=true&JigyosyoCd=1171802414-00&ServiceCd=331&Type=search", "url2": "http://benesse-styl-care.co.jp/" }, "geometry": { "type": "Point", "coordinates": [ 139.796980500000018, 35.8343252 ] } },
{ "type": "Feature", "properties": { "内容": "メディカル・リハビリホームボンセジュール草加【特定施設入居者生活介護（有料老人ホーム）】埼玉県草加市氷川町2149-3", "url": "https://www.kaigokensaku.mhlw.go.jp/11/index.php?action_kouhyou_detail_004_kani=true&JigyosyoCd=1171801861-00&ServiceCd=331&Type=search", "url2": "http://www.benesse-style-care.co.jp/" }, "geometry": { "type": "Point", "coordinates": [ 139.802752300000066, 35.8300038 ] } },
{ "type": "Feature", "properties": { "内容": "草加明生苑【特定施設入居者生活介護（有料老人ホーム）】草加市旭町3-5-25", "url": "https://www.kaigokensaku.mhlw.go.jp/11/index.php?action_kouhyou_detail_004_kani=true&JigyosyoCd=1171800822-00&ServiceCd=331&Type=search", "url2": "http://www.fukushi-e.com/" }, "geometry": { "type": "Point", "coordinates": [ 139.796655, 35.8523089 ] } },
{ "type": "Feature", "properties": { "内容": "介護付有料老人ホーム　みんなの家・草加青柳【特定施設入居者生活介護（有料老人ホーム）】埼玉県草加市青柳6-27-10", "url": "https://www.kaigokensaku.mhlw.go.jp/11/index.php?action_kouhyou_detail_004_kani=true&JigyosyoCd=1171801747-00&ServiceCd=331&Type=search", "url2": "https://www.kaigo.alsok.co.jp" }, "geometry": { "type": "Point", "coordinates": [ 139.825252500000033, 35.8527426 ] } },
{ "type": "Feature", "properties": { "内容": "さわやかそう花の里【特定施設入居者生活介護（有料老人ホーム）】埼玉県草加市原町3丁目8番27号", "url": "https://www.kaigokensaku.mhlw.go.jp/11/index.php?action_kouhyou_detail_004_kani=true&JigyosyoCd=1171802844-00&ServiceCd=331&Type=search", "url2": "http://www.sawayakaclub.jp/soukanosato/" }, "geometry": { "type": "Point", "coordinates": [ 139.774034, 35.8490375 ] } },
{ "type": "Feature", "properties": { "内容": "スタイルケア南越谷【特定施設入居者生活介護（有料老人ホーム）】埼玉県越谷市瓦曽根三丁目6番57号", "url": "https://www.kaigokensaku.mhlw.go.jp/11/index.php?action_kouhyou_detail_004_kani=true&JigyosyoCd=1170801870-00&ServiceCd=331&Type=search", "url2": "http://www.shincare-style.co.jp" }, "geometry": { "type": "Point", "coordinates": [ 139.789932, 35.8812675 ] } },
{ "type": "Feature", "properties": { "内容": "そんぽの家越谷【特定施設入居者生活介護（有料老人ホーム）】埼玉県越谷市宮本町３－７８－１", "url": "https://www.kaigokensaku.mhlw.go.jp/11/index.php?action_kouhyou_detail_004_kani=true&JigyosyoCd=1170801052-00&ServiceCd=331&Type=search", "url2": "https://www.sompocare.com/" }, "geometry": { "type": "Point", "coordinates": [ 139.77593360000003, 35.888245 ] } },
{ "type": "Feature", "properties": { "内容": "介護付き有料老人ホーム　シニアの杜・越谷【特定施設入居者生活介護（有料老人ホーム）】埼玉県越谷市七左町5-1-2", "url": "https://www.kaigokensaku.mhlw.go.jp/11/index.php?action_kouhyou_detail_004_kani=true&JigyosyoCd=1170804106-00&ServiceCd=331&Type=search", "url2": "https://senior-koshigaya.wepage.com" }, "geometry": { "type": "Point", "coordinates": [ 139.776929699999982, 35.8700869 ] } },
{ "type": "Feature", "properties": { "内容": "ＳＯＭＰＯケアラヴィーレ越谷【特定施設入居者生活介護（有料老人ホーム）】埼玉県越谷市赤山町2-55-1", "url": "https://www.kaigokensaku.mhlw.go.jp/11/index.php?action_kouhyou_detail_004_kani=true&JigyosyoCd=1170804007-00&ServiceCd=331&Type=search", "url2": "https://www.sompocare.com/" }, "geometry": { "type": "Point", "coordinates": [ 139.782649699999979, 35.8847069 ] } },
{ "type": "Feature", "properties": { "内容": "ニチイケアセンター越谷【特定施設入居者生活介護（有料老人ホーム）】越谷市袋山249-6", "url": "https://www.kaigokensaku.mhlw.go.jp/11/index.php?action_kouhyou_detail_004_kani=true&JigyosyoCd=1170802225-00&ServiceCd=331&Type=search", "url2": "http://www.nichiigakkan.co.jp" }, "geometry": { "type": "Point", "coordinates": [ 139.773843, 35.9226758 ] } },
{ "type": "Feature", "properties": { "内容": "有料老人ホーム　サニーライフ越谷北【特定施設入居者生活介護（有料老人ホーム）】埼玉県越谷市大字袋山249-1", "url": "https://www.kaigokensaku.mhlw.go.jp/11/index.php?action_kouhyou_detail_004_kani=true&JigyosyoCd=1170803025-00&ServiceCd=331&Type=search", "url2": "http://www.sunnylife-group.co.jp" }, "geometry": { "type": "Point", "coordinates": [ 139.773440982664511, 35.923067027055829 ] } },
{ "type": "Feature", "properties": { "内容": "木下の介護　応援家族　越谷【特定施設入居者生活介護（有料老人ホーム）】伊原1-4-52応援家族　越谷", "url": "https://www.kaigokensaku.mhlw.go.jp/11/index.php?action_kouhyou_detail_004_kani=true&JigyosyoCd=1170803686-00&ServiceCd=331&Type=search", "url2": "http://www.kinoshita-kaigo.co.jp" }, "geometry": { "type": "Point", "coordinates": [ 139.807770299999987, 35.864038 ] } },
{ "type": "Feature", "properties": { "内容": "有料老人ホーム　サニーライフ越谷【特定施設入居者生活介護（有料老人ホーム）】埼玉県越谷市赤山町3丁目197番地1号", "url": "https://www.kaigokensaku.mhlw.go.jp/11/index.php?action_kouhyou_detail_004_kani=true&JigyosyoCd=1170800914-00&ServiceCd=331&Type=search", "url2": "httpｓ://www.sunnylife-group.co.jp" }, "geometry": { "type": "Point", "coordinates": [ 139.780252799999971, 35.8819878 ] } },
{ "type": "Feature", "properties": { "内容": "有料老人ホーム　越谷なごみ苑【特定施設入居者生活介護（有料老人ホーム）】埼玉県越谷市川柳町1-166-1", "url": "https://www.kaigokensaku.mhlw.go.jp/11/index.php?action_kouhyou_detail_004_kani=true&JigyosyoCd=1170801375-00&ServiceCd=331&Type=search", "url2": "http://www.enzeru.co.jp" }, "geometry": { "type": "Point", "coordinates": [ 139.807132820237712, 35.875132250343441 ] } },
{ "type": "Feature", "properties": { "内容": "スマイリングホーム　メディス越谷蒲生【特定施設入居者生活介護（有料老人ホーム）】埼玉県越谷市蒲生西町2-2-25", "url": "https://www.kaigokensaku.mhlw.go.jp/11/index.php?action_kouhyou_detail_004_kani=true&JigyosyoCd=1170805160-00&ServiceCd=331&Type=search", "url2": "http://www.greenlife-inc.co.jp/" }, "geometry": { "type": "Point", "coordinates": [ 139.7916046, 35.8636714 ] } },
{ "type": "Feature", "properties": { "内容": "有料老人ホーム　アペックス越谷　B棟【特定施設入居者生活介護（有料老人ホーム）】埼玉県越谷市花田１丁目３４番地２０", "url": "https://www.kaigokensaku.mhlw.go.jp/11/index.php?action_kouhyou_detail_004_kani=true&JigyosyoCd=1170801409-00&ServiceCd=331&Type=search", "url2": "apexkaigo.co.jp/index.html" }, "geometry": { "type": "Point", "coordinates": [ 139.796761699999934, 35.9039129 ] } },
{ "type": "Feature", "properties": { "内容": "ベストライフ越谷【特定施設入居者生活介護（有料老人ホーム）】埼玉県越谷市大沢2-13-40", "url": "https://www.kaigokensaku.mhlw.go.jp/11/index.php?action_kouhyou_detail_004_kani=true&JigyosyoCd=1170804221-00&ServiceCd=331&Type=search", "url2": null }, "geometry": { "type": "Point", "coordinates": [ 139.7844972, 35.9012245 ] } },
{ "type": "Feature", "properties": { "内容": "エルケア株式会社エルケアホームガーデン埼玉越谷【特定施設入居者生活介護（有料老人ホーム）】埼玉県越谷市千間台西3-2-15", "url": "https://www.kaigokensaku.mhlw.go.jp/11/index.php?action_kouhyou_detail_004_kani=true&JigyosyoCd=1170804825-00&ServiceCd=331&Type=search", "url2": "https://www.l-care.jp/koshigaya/" }, "geometry": { "type": "Point", "coordinates": [ 139.768490617999277, 35.932273593906309 ] } },
{ "type": "Feature", "properties": { "内容": "蒲生めいせい【特定施設入居者生活介護（有料老人ホーム）】埼玉県越谷市大字蒲生3795-1", "url": "https://www.kaigokensaku.mhlw.go.jp/11/index.php?action_kouhyou_detail_004_kani=true&JigyosyoCd=1170802803-00&ServiceCd=331&Type=search", "url2": "http://www.fukushi-e.com/" }, "geometry": { "type": "Point", "coordinates": [ 139.79304832125402, 35.859743040924229 ] } },
{ "type": "Feature", "properties": { "内容": "白小鳩橋めいせい【特定施設入居者生活介護（有料老人ホーム）】相模町7-3928-1", "url": "https://www.kaigokensaku.mhlw.go.jp/11/index.php?action_kouhyou_detail_004_kani=true&JigyosyoCd=1170802811-00&ServiceCd=331&Type=search", "url2": "ｈｔｔｐ：//www.fukushi-e.com/" }, "geometry": { "type": "Point", "coordinates": [ 139.798858654492165, 35.887435092183964 ] } },
{ "type": "Feature", "properties": { "内容": "有料老人ホーム　アペックス越谷　Ａ棟【特定施設入居者生活介護（有料老人ホーム）】埼玉県越谷市花田1-35-14アペックス越谷", "url": "https://www.kaigokensaku.mhlw.go.jp/11/index.php?action_kouhyou_detail_004_kani=true&JigyosyoCd=1170800351-00&ServiceCd=331&Type=search", "url2": "http://www1.neweb.ne.jp/wb/apex/" }, "geometry": { "type": "Point", "coordinates": [ 139.7973422, 35.9038851 ] } },
{ "type": "Feature", "properties": { "内容": "アミカの郷越谷【特定施設入居者生活介護（有料老人ホーム）】埼玉県越谷市宮本町3-142-1", "url": "https://www.kaigokensaku.mhlw.go.jp/11/index.php?action_kouhyou_detail_004_kani=true&JigyosyoCd=1170804247-00&ServiceCd=331&Type=search", "url2": null }, "geometry": { "type": "Point", "coordinates": [ 139.7775339, 35.8862452 ] } },
{ "type": "Feature", "properties": { "内容": "イリーゼ北越谷【特定施設入居者生活介護（有料老人ホーム）】埼玉県越谷市大道53-1イリーゼ北越谷", "url": "https://www.kaigokensaku.mhlw.go.jp/11/index.php?action_kouhyou_detail_004_kani=true&JigyosyoCd=1170805376-00&ServiceCd=331&Type=search", "url2": "https://www.irs.jp/area/saitama/koshigayashi/kitakoshigaya_home.html" }, "geometry": { "type": "Point", "coordinates": [ 139.7572817, 35.9215939 ] } },
{ "type": "Feature", "properties": { "内容": "ライフコミューン蕨【特定施設入居者生活介護（有料老人ホーム）】埼玉県蕨市北町2-6-12", "url": "https://www.kaigokensaku.mhlw.go.jp/11/index.php?action_kouhyou_detail_004_kani=true&JigyosyoCd=1171400201-00&ServiceCd=331&Type=search", "url2": "https://www.lifecom.co.jp/sisetu/saitama/map_warabi.html" }, "geometry": { "type": "Point", "coordinates": [ 139.6792024, 35.8265283 ] } },
{ "type": "Feature", "properties": { "内容": "わらび花の郷【特定施設入居者生活介護（有料老人ホーム）】埼玉県蕨市北町一丁目２２番１１号わらび花の郷", "url": "https://www.kaigokensaku.mhlw.go.jp/11/index.php?action_kouhyou_detail_004_kani=true&JigyosyoCd=1171401167-00&ServiceCd=331&Type=search", "url2": "https://www.cedar-group.co.jp/pine" }, "geometry": { "type": "Point", "coordinates": [ 139.682905140475469, 35.830668757422615 ] } },
{ "type": "Feature", "properties": { "内容": "グリーンライフ蕨【特定施設入居者生活介護（有料老人ホーム）】蕨市塚越一丁目１１番4号グリーンライフ蕨", "url": "https://www.kaigokensaku.mhlw.go.jp/11/index.php?action_kouhyou_detail_004_kani=true&JigyosyoCd=1171400763-00&ServiceCd=331&Type=search", "url2": "www.greenlife-inc.co.jp/facilities/detail/gl_warabi/" }, "geometry": { "type": "Point", "coordinates": [ 139.693800154631049, 35.825437484190374 ] } },
{ "type": "Feature", "properties": { "内容": "リハビリホームまどか蕨【特定施設入居者生活介護（有料老人ホーム）】埼玉県蕨市南町二丁目11番10号", "url": "https://www.kaigokensaku.mhlw.go.jp/11/index.php?action_kouhyou_detail_004_kani=true&JigyosyoCd=1171400383-00&ServiceCd=331&Type=search", "url2": "http://www.benesse-style-care.co.jp/" }, "geometry": { "type": "Point", "coordinates": [ 139.6966122, 35.8201602 ] } },
{ "type": "Feature", "properties": { "内容": "SOMPOケアラヴィーレ戸田【特定施設入居者生活介護（有料老人ホーム）】埼玉県戸田市大字新曽297－2", "url": "https://www.kaigokensaku.mhlw.go.jp/11/index.php?action_kouhyou_detail_004_kani=true&JigyosyoCd=1171901778-00&ServiceCd=331&Type=search", "url2": "https://www.sompocare.com/" }, "geometry": { "type": "Point", "coordinates": [ 139.670117495631416, 35.813059269437609 ] } },
{ "type": "Feature", "properties": { "内容": "ベストライフ戸田【特定施設入居者生活介護（有料老人ホーム）】埼玉県戸田市大字新曽393", "url": "https://www.kaigokensaku.mhlw.go.jp/11/index.php?action_kouhyou_detail_004_kani=true&JigyosyoCd=1171901919-00&ServiceCd=331&Type=search", "url2": null }, "geometry": { "type": "Point", "coordinates": [ 139.669270096295179, 35.821240945853177 ] } },
{ "type": "Feature", "properties": { "内容": "介護付有料老人ホーム　アミカの郷　戸田【特定施設入居者生活介護（有料老人ホーム）】新曽南2-8-5", "url": "https://www.kaigokensaku.mhlw.go.jp/11/index.php?action_kouhyou_detail_004_kani=true&JigyosyoCd=1171902107-00&ServiceCd=331&Type=search", "url2": null }, "geometry": { "type": "Point", "coordinates": [ 139.665119, 35.8105099 ] } },
{ "type": "Feature", "properties": { "内容": "ニチイケアセンター戸田笹目【特定施設入居者生活介護（有料老人ホーム）】埼玉県戸田市笹目南町33-13", "url": "https://www.kaigokensaku.mhlw.go.jp/11/index.php?action_kouhyou_detail_004_kani=true&JigyosyoCd=1171901521-00&ServiceCd=331&Type=search", "url2": "https://www.nichii-kaigo.jp/base/base-result/05Q53/" }, "geometry": { "type": "Point", "coordinates": [ 139.650712798147595, 35.812087629064607 ] } },
{ "type": "Feature", "properties": { "内容": "戸田ケアコミュニティそよ風【特定施設入居者生活介護（有料老人ホーム）】氷川町2-16-23", "url": "https://www.kaigokensaku.mhlw.go.jp/11/index.php?action_kouhyou_detail_004_kani=true&JigyosyoCd=1171900853-00&ServiceCd=331&Type=search", "url2": null }, "geometry": { "type": "Point", "coordinates": [ 139.802827400000012, 35.825002 ] } },
{ "type": "Feature", "properties": { "内容": "グランシア美女木【特定施設入居者生活介護（有料老人ホーム）】美女木1-32-31グランシア美女木", "url": "https://www.kaigokensaku.mhlw.go.jp/11/index.php?action_kouhyou_detail_004_kani=true&JigyosyoCd=1171901992-00&ServiceCd=331&Type=search", "url2": "https://www.grandic.co.jp" }, "geometry": { "type": "Point", "coordinates": [ 139.636595, 35.8291639 ] } },
{ "type": "Feature", "properties": { "内容": "リアンレーヴ戸田公園【特定施設入居者生活介護（有料老人ホーム）】埼玉県戸田市上戸田5-8-8", "url": "https://www.kaigokensaku.mhlw.go.jp/11/index.php?action_kouhyou_detail_004_kani=true&JigyosyoCd=1171901802-00&ServiceCd=331&Type=search", "url2": "https://www.kinoshita-kaigo.co.jp/facility/care-home/lien_reve_todakoen.html" }, "geometry": { "type": "Point", "coordinates": [ 139.673472800000013, 35.8136773 ] } },
{ "type": "Feature", "properties": { "内容": "有料老人ホーム　　サニーライフ戸田公園【特定施設入居者生活介護（有料老人ホーム）】埼玉県戸田市本町２丁目９番８号", "url": "https://www.kaigokensaku.mhlw.go.jp/11/index.php?action_kouhyou_detail_004_kani=true&JigyosyoCd=1171900630-00&ServiceCd=331&Type=search", "url2": "https://www.sunnylife-group.co.jp" }, "geometry": { "type": "Point", "coordinates": [ 139.676858700000025, 35.8101418 ] } },
{ "type": "Feature", "properties": { "内容": "リハビリホームまどか戸田【特定施設入居者生活介護（有料老人ホーム）】埼玉県戸田市大字新曽1696番地の1", "url": "https://www.kaigokensaku.mhlw.go.jp/11/index.php?action_kouhyou_detail_004_kani=true&JigyosyoCd=1171901497-00&ServiceCd=331&Type=search", "url2": "https://kaigo.benesse-style-care.co.jp/area_saitama/toda/home_m-toda" }, "geometry": { "type": "Point", "coordinates": [ 139.662596699999966, 35.8195494 ] } },
{ "type": "Feature", "properties": { "内容": "あやめの郷　戸田【特定施設入居者生活介護（有料老人ホーム）】埼玉県戸田市上戸田4-15-20", "url": "https://www.kaigokensaku.mhlw.go.jp/11/index.php?action_kouhyou_detail_004_kani=true&JigyosyoCd=1171902040-00&ServiceCd=331&Type=search", "url2": "https://d-hlt.co.jp/" }, "geometry": { "type": "Point", "coordinates": [ 139.6753912, 35.8185785 ] } },
{ "type": "Feature", "properties": { "内容": "はなことば入間藤沢【特定施設入居者生活介護（有料老人ホーム）】埼玉県入間市上藤沢396-1", "url": "https://www.kaigokensaku.mhlw.go.jp/11/index.php?action_kouhyou_detail_004_kani=true&JigyosyoCd=1172802181-00&ServiceCd=331&Type=search", "url2": "https://hanakotoba.co.jp/" }, "geometry": { "type": "Point", "coordinates": [ 139.400175499999989, 35.8212346 ] } },
{ "type": "Feature", "properties": { "内容": "有料老人ホーム　サニーライフ入間【特定施設入居者生活介護（有料老人ホーム）】埼玉県入間市高倉一丁目９番45", "url": "https://www.kaigokensaku.mhlw.go.jp/11/index.php?action_kouhyou_detail_004_kani=true&JigyosyoCd=1172801357-00&ServiceCd=331&Type=search", "url2": "https://www.sunnylife-group.co.jp" }, "geometry": { "type": "Point", "coordinates": [ 139.384908, 35.8382625 ] } },
{ "type": "Feature", "properties": { "内容": "リアンレーヴ入間【特定施設入居者生活介護（有料老人ホーム）】埼玉県入間市下藤沢3-38-2リアンレーヴ入間", "url": "https://www.kaigokensaku.mhlw.go.jp/11/index.php?action_kouhyou_detail_004_kani=true&JigyosyoCd=1172801621-00&ServiceCd=331&Type=search", "url2": "http://www.kinoshita-group.co.jp/" }, "geometry": { "type": "Point", "coordinates": [ 139.41089662090144, 35.817329744857517 ] } },
{ "type": "Feature", "properties": { "内容": "入間東幸楽園【特定施設入居者生活介護（有料老人ホーム）】扇町屋1-5-7", "url": "https://www.kaigokensaku.mhlw.go.jp/11/index.php?action_kouhyou_detail_004_kani=true&JigyosyoCd=1172801829-00&ServiceCd=331&Type=search", "url2": "http://irumahigashi-kourakuen.com/" }, "geometry": { "type": "Point", "coordinates": [ 139.385198020762601, 35.833090913852686 ] } },
{ "type": "Feature", "properties": { "内容": "SOMPOケアラヴィーレ入間【特定施設入居者生活介護（有料老人ホーム）】宮前町2-13", "url": "https://www.kaigokensaku.mhlw.go.jp/11/index.php?action_kouhyou_detail_004_kani=true&JigyosyoCd=1172801704-00&ServiceCd=331&Type=search", "url2": "https://www.sompocare.com/" }, "geometry": { "type": "Point", "coordinates": [ 139.3816941, 35.8463642 ] } },
{ "type": "Feature", "properties": { "内容": "ベストライフ武蔵藤沢【特定施設入居者生活介護（有料老人ホーム）】埼玉県入間市東町6-6-1", "url": "https://www.kaigokensaku.mhlw.go.jp/11/index.php?action_kouhyou_detail_004_kani=true&JigyosyoCd=1172802017-00&ServiceCd=331&Type=search", "url2": null }, "geometry": { "type": "Point", "coordinates": [ 139.404117699999972, 35.8294101 ] } },
{ "type": "Feature", "properties": { "内容": "入間ジョイフルホームそよ風【特定施設入居者生活介護（有料老人ホーム）】埼玉県入間市小谷田1-12-22", "url": "https://www.kaigokensaku.mhlw.go.jp/11/index.php?action_kouhyou_detail_004_kani=true&JigyosyoCd=1172801159-00&ServiceCd=331&Type=search", "url2": "http://www.sykz.co.jp" }, "geometry": { "type": "Point", "coordinates": [ 139.379025599999977, 35.821406 ] } },
{ "type": "Feature", "properties": { "内容": "ベストライフ入間【特定施設入居者生活介護（有料老人ホーム）】埼玉県入間市大字仏子910-12", "url": "https://www.kaigokensaku.mhlw.go.jp/11/index.php?action_kouhyou_detail_004_kani=true&JigyosyoCd=1172801852-00&ServiceCd=331&Type=search", "url2": null }, "geometry": { "type": "Point", "coordinates": [ 139.358500080064118, 35.839110746763303 ] } },
{ "type": "Feature", "properties": { "内容": "アズハイム入間【特定施設入居者生活介護（有料老人ホーム）】埼玉県入間市高倉2丁目4番14号", "url": "https://www.kaigokensaku.mhlw.go.jp/11/index.php?action_kouhyou_detail_004_kani=true&JigyosyoCd=1172802223-00&ServiceCd=331&Type=search", "url2": "https://www.as-heim.com" }, "geometry": { "type": "Point", "coordinates": [ 139.382393503704833, 35.8398089886146 ] } },
{ "type": "Feature", "properties": { "内容": "リアンレーヴ入間中央【特定施設入居者生活介護（有料老人ホーム）】埼玉県入間市黒須2-5-11", "url": "https://www.kaigokensaku.mhlw.go.jp/11/index.php?action_kouhyou_detail_004_kani=true&JigyosyoCd=1172801860-00&ServiceCd=331&Type=search", "url2": null }, "geometry": { "type": "Point", "coordinates": [ 139.385466900000011, 35.8462984 ] } },
{ "type": "Feature", "properties": { "内容": "イリーゼ入間【特定施設入居者生活介護（有料老人ホーム）】埼玉県入間市春日町1-10-26", "url": "https://www.kaigokensaku.mhlw.go.jp/11/index.php?action_kouhyou_detail_004_kani=true&JigyosyoCd=1172801563-00&ServiceCd=331&Type=search", "url2": "https://www.irs.jp/facility/iruma/" }, "geometry": { "type": "Point", "coordinates": [ 139.378065500000048, 35.8469117 ] } },
{ "type": "Feature", "properties": { "内容": "イリーゼ朝霞【特定施設入居者生活介護（有料老人ホーム）】埼玉県朝霞市本町1-38-7", "url": "https://www.kaigokensaku.mhlw.go.jp/11/index.php?action_kouhyou_detail_004_kani=true&JigyosyoCd=1172101279-00&ServiceCd=331&Type=search", "url2": "https://www.irs.jp/" }, "geometry": { "type": "Point", "coordinates": [ 139.596123095675466, 35.805354040232146 ] } },
{ "type": "Feature", "properties": { "内容": "ニチイホーム朝霞【特定施設入居者生活介護（有料老人ホーム）】埼玉県朝霞市朝志ヶ丘1-7-12ニチイホーム朝霞", "url": "https://www.kaigokensaku.mhlw.go.jp/11/index.php?action_kouhyou_detail_004_kani=true&JigyosyoCd=1172101246-00&ServiceCd=331&Type=search", "url2": "www.nichii-carepalace.co.jp" }, "geometry": { "type": "Point", "coordinates": [ 139.57837084669643, 35.820882607865485 ] } },
{ "type": "Feature", "properties": { "内容": "SOMPOケア　ラヴィーレ朝霞【特定施設入居者生活介護（有料老人ホーム）】埼玉県朝霞市三原五丁目3番69号ＳＯＭＰＯケアラヴィーレ朝霞", "url": "https://www.kaigokensaku.mhlw.go.jp/11/index.php?action_kouhyou_detail_004_kani=true&JigyosyoCd=1172101352-00&ServiceCd=331&Type=search", "url2": "https://www.sompocare.com" }, "geometry": { "type": "Point", "coordinates": [ 139.57508729999995, 35.8094089 ] } },
{ "type": "Feature", "properties": { "内容": "株式会社ケア21　介護付有料老人ホームプレザンメゾン朝霞【特定施設入居者生活介護（有料老人ホーム）】埼玉県朝霞市根岸台7-48-77介護付有料老人ホームプレザンメゾン朝霞", "url": "https://www.kaigokensaku.mhlw.go.jp/11/index.php?action_kouhyou_detail_004_kani=true&JigyosyoCd=1172101337-00&ServiceCd=331&Type=search", "url2": "https://www.tanoshii-ie.jp/" }, "geometry": { "type": "Point", "coordinates": [ 139.608801200000016, 35.7987276 ] } },
{ "type": "Feature", "properties": { "内容": "ベストライフ朝霞【特定施設入居者生活介護（有料老人ホーム）】埼玉県朝霞市幸町2-17-8ベストライフ朝霞", "url": "https://www.kaigokensaku.mhlw.go.jp/11/index.php?action_kouhyou_detail_004_kani=true&JigyosyoCd=1172101568-00&ServiceCd=331&Type=search", "url2": null }, "geometry": { "type": "Point", "coordinates": [ 139.5859614, 35.7923225 ] } },
{ "type": "Feature", "properties": { "内容": "朝霞ケアパークそよ風【特定施設入居者生活介護（有料老人ホーム）】埼玉県朝霞市宮戸3丁目7番5号", "url": "https://www.kaigokensaku.mhlw.go.jp/11/index.php?action_kouhyou_detail_004_kani=true&JigyosyoCd=1172101097-00&ServiceCd=331&Type=search", "url2": "http://www.sykz.co.jp" }, "geometry": { "type": "Point", "coordinates": [ 139.583501599999977, 35.8271048 ] } },
{ "type": "Feature", "properties": { "内容": "ふるさとホーム朝霞【特定施設入居者生活介護（有料老人ホーム）】埼玉県朝霞市根岸台7-42-18", "url": "https://www.kaigokensaku.mhlw.go.jp/11/index.php?action_kouhyou_detail_004_kani=true&JigyosyoCd=1172101022-00&ServiceCd=331&Type=search", "url2": "http://www.vati.co.jp/" }, "geometry": { "type": "Point", "coordinates": [ 139.6123397, 35.7974032 ] } },
{ "type": "Feature", "properties": { "内容": "ライブラリ朝霞【特定施設入居者生活介護（有料老人ホーム）】埼玉県朝霞市栄町３丁目１番33号", "url": "https://www.kaigokensaku.mhlw.go.jp/11/index.php?action_kouhyou_detail_004_kani=true&JigyosyoCd=1172101741-00&ServiceCd=331&Type=search", "url2": "https://www.living-platform.com/" }, "geometry": { "type": "Point", "coordinates": [ 139.5977239, 35.7898923 ] } },
{ "type": "Feature", "properties": { "内容": "介護付有料老人ホーム　みんなの家・朝霞膝折【特定施設入居者生活介護（有料老人ホーム）】膝折町1-9-19介護付有料老人ホーム　みんなの家・朝霞膝折", "url": "https://www.kaigokensaku.mhlw.go.jp/11/index.php?action_kouhyou_detail_004_kani=true&JigyosyoCd=1172101261-00&ServiceCd=331&Type=search", "url2": "https://kaigo.alsok.co.jp/" }, "geometry": { "type": "Point", "coordinates": [ 139.583509600000014, 35.7942732 ] } },
{ "type": "Feature", "properties": { "内容": "介護付有料老人ホームみんなの家・志木上宗岡【特定施設入居者生活介護（有料老人ホーム）】埼玉県志木市上宗岡3-6-40", "url": "https://www.kaigokensaku.mhlw.go.jp/11/index.php?action_kouhyou_detail_004_kani=true&JigyosyoCd=1172200378-00&ServiceCd=331&Type=search", "url2": null }, "geometry": { "type": "Point", "coordinates": [ 139.579708035581916, 35.850478836839365 ] } },
{ "type": "Feature", "properties": { "内容": "ＳＯＭＰＯケアラヴィーレ志木柳瀬川【特定施設入居者生活介護（有料老人ホーム）】埼玉県志木市柏町6-1-32", "url": "https://www.kaigokensaku.mhlw.go.jp/11/index.php?action_kouhyou_detail_004_kani=true&JigyosyoCd=1172200816-00&ServiceCd=331&Type=search", "url2": "https://www.sompocare.com/" }, "geometry": { "type": "Point", "coordinates": [ 139.566715199999976, 35.8321256 ] } },
{ "type": "Feature", "properties": { "内容": "介護付有料老人ホーム　すこや家・志木柏町【特定施設入居者生活介護（有料老人ホーム）】埼玉県志木市柏町3-9-19", "url": "https://www.kaigokensaku.mhlw.go.jp/11/index.php?action_kouhyou_detail_004_kani=true&JigyosyoCd=1172200295-00&ServiceCd=331&Type=search", "url2": null }, "geometry": { "type": "Point", "coordinates": [ 139.569198300000039, 35.8315035 ] } },
{ "type": "Feature", "properties": { "内容": "ニチイケアセンター志木中宗岡【特定施設入居者生活介護（有料老人ホーム）】志木市中宗岡2-20-2", "url": "https://www.kaigokensaku.mhlw.go.jp/11/index.php?action_kouhyou_detail_004_kani=true&JigyosyoCd=1172200469-00&ServiceCd=331&Type=search", "url2": "http://www.nichiigakkan.co.jp" }, "geometry": { "type": "Point", "coordinates": [ 139.589923900000031, 35.8421273 ] } },
{ "type": "Feature", "properties": { "内容": "ハートランド志木【特定施設入居者生活介護（有料老人ホーム）】上宗岡4-19-60", "url": "https://www.kaigokensaku.mhlw.go.jp/11/index.php?action_kouhyou_detail_004_kani=true&JigyosyoCd=1172201020-00&ServiceCd=331&Type=search", "url2": "https://ygood.jp" }, "geometry": { "type": "Point", "coordinates": [ 139.587042537959292, 35.847105404296251 ] } },
{ "type": "Feature", "properties": { "内容": "アミカの郷和光【特定施設入居者生活介護（有料老人ホーム）】埼玉県和光市下新倉2-38-15", "url": "https://www.kaigokensaku.mhlw.go.jp/11/index.php?action_kouhyou_detail_004_kani=true&JigyosyoCd=1172300764-00&ServiceCd=331&Type=search", "url2": null }, "geometry": { "type": "Point", "coordinates": [ 139.62205470185242, 35.789240741208332 ] } },
{ "type": "Feature", "properties": { "内容": "あすなろ新座【特定施設入居者生活介護（有料老人ホーム）】埼玉県新座市野火止8丁目16番地10", "url": "https://www.kaigokensaku.mhlw.go.jp/11/index.php?action_kouhyou_detail_004_kani=true&JigyosyoCd=1175102100-00&ServiceCd=331&Type=search", "url2": "http;//acty-net.info" }, "geometry": { "type": "Point", "coordinates": [ 139.570463474204985, 35.801347176912245 ] } },
{ "type": "Feature", "properties": { "内容": "有料老人ホーム　サニーライフ新座駅前【特定施設入居者生活介護（有料老人ホーム）】埼玉県新座市野火止五丁目５番３５号", "url": "https://www.kaigokensaku.mhlw.go.jp/11/index.php?action_kouhyou_detail_004_kani=true&JigyosyoCd=1175101912-00&ServiceCd=331&Type=search", "url2": "https://www.sunnylife-group.co.jp" }, "geometry": { "type": "Point", "coordinates": [ 139.562627300000031, 35.8104505 ] } },
{ "type": "Feature", "properties": { "内容": "有料老人ホーム　サニーライフ新座南【特定施設入居者生活介護（有料老人ホーム）】埼玉県新座市西堀2-15-60", "url": "https://www.kaigokensaku.mhlw.go.jp/11/index.php?action_kouhyou_detail_004_kani=true&JigyosyoCd=1175102092-00&ServiceCd=331&Type=search", "url2": "https：//www.sunnylife-group.co.jp" }, "geometry": { "type": "Point", "coordinates": [ 139.539137200000027, 35.7747976 ] } },
{ "type": "Feature", "properties": { "内容": "有料老人ホーム　サニーライフ新座【特定施設入居者生活介護（有料老人ホーム）】埼玉県新座市東1-7-8サニーライフ新座", "url": "https://www.kaigokensaku.mhlw.go.jp/11/index.php?action_kouhyou_detail_004_kani=true&JigyosyoCd=1175101847-00&ServiceCd=331&Type=search", "url2": "https://www.sunnylife-group.co.jp" }, "geometry": { "type": "Point", "coordinates": [ 139.5688712, 35.8094339 ] } },
{ "type": "Feature", "properties": { "内容": "ケアヴィレッジ美乃里【特定施設入居者生活介護（有料老人ホーム）】埼玉県新座市東北2丁目6-26", "url": "https://www.kaigokensaku.mhlw.go.jp/11/index.php?action_kouhyou_detail_004_kani=true&JigyosyoCd=1175101482-00&ServiceCd=331&Type=search", "url2": "http://www.sykz.co.jp/minori/" }, "geometry": { "type": "Point", "coordinates": [ 139.572293, 35.8156054 ] } },
{ "type": "Feature", "properties": { "内容": "ウェルケアテラス新座【特定施設入居者生活介護（有料老人ホーム）】野火止7-12-14", "url": "https://www.kaigokensaku.mhlw.go.jp/11/index.php?action_kouhyou_detail_004_kani=true&JigyosyoCd=1175101961-00&ServiceCd=331&Type=search", "url2": "http://www.sankeiwellcare.com/" }, "geometry": { "type": "Point", "coordinates": [ 139.566214299999984, 35.80375 ] } },
{ "type": "Feature", "properties": { "内容": "イリーゼ新座【特定施設入居者生活介護（有料老人ホーム）】埼玉県新座市栗原1-14-23", "url": "https://www.kaigokensaku.mhlw.go.jp/11/index.php?action_kouhyou_detail_004_kani=true&JigyosyoCd=1175101920-00&ServiceCd=331&Type=search", "url2": "http://www.irs.jp" }, "geometry": { "type": "Point", "coordinates": [ 139.5468558, 35.7609575 ] } },
{ "type": "Feature", "properties": { "内容": "あすなろ桶川【特定施設入居者生活介護（有料老人ホーム）】坂田西3－35－6", "url": "https://www.kaigokensaku.mhlw.go.jp/11/index.php?action_kouhyou_detail_004_kani=true&JigyosyoCd=1175201217-00&ServiceCd=331&Type=search", "url2": null }, "geometry": { "type": "Point", "coordinates": [ 139.568104799999986, 36.0153593 ] } },
{ "type": "Feature", "properties": { "内容": "介護付有料老人ホーム　ヒューマンサポート桶川【特定施設入居者生活介護（有料老人ホーム）】埼玉県桶川市坂田1558-13", "url": "https://www.kaigokensaku.mhlw.go.jp/11/index.php?action_kouhyou_detail_004_kani=true&JigyosyoCd=1175201191-00&ServiceCd=331&Type=search", "url2": "https://n-h-s.jp/" }, "geometry": { "type": "Point", "coordinates": [ 139.566478722228993, 36.011734696776543 ] } },
{ "type": "Feature", "properties": { "内容": "トミオ桶川べにばなテラス【特定施設入居者生活介護（有料老人ホーム）】桶川市鴨川1丁目8-17トミオ桶川べにばなテラス", "url": "https://www.kaigokensaku.mhlw.go.jp/11/index.php?action_kouhyou_detail_004_kani=true&JigyosyoCd=1175200755-00&ServiceCd=331&Type=search", "url2": "https://benibana.tomiocare.jp/" }, "geometry": { "type": "Point", "coordinates": [ 139.556947199999968, 35.9971695 ] } },
{ "type": "Feature", "properties": { "内容": "ふるさとホーム　桶川【特定施設入居者生活介護（有料老人ホーム）】埼玉県桶川市上日出谷南1-40-6", "url": "https://www.kaigokensaku.mhlw.go.jp/11/index.php?action_kouhyou_detail_004_kani=true&JigyosyoCd=1175200813-00&ServiceCd=331&Type=search", "url2": "http://www.vati.co.jp" }, "geometry": { "type": "Point", "coordinates": [ 139.540056276860014, 36.002563857967814 ] } },
{ "type": "Feature", "properties": { "内容": "有料老人ホーム　サニーライフ桶川【特定施設入居者生活介護（有料老人ホーム）】埼玉県桶川市西2丁目8番49号", "url": "https://www.kaigokensaku.mhlw.go.jp/11/index.php?action_kouhyou_detail_004_kani=true&JigyosyoCd=1175201464-00&ServiceCd=331&Type=search", "url2": "https:///www.sunnylife-group.co.jp" }, "geometry": { "type": "Point", "coordinates": [ 139.555688300000014, 36.0089002 ] } },
{ "type": "Feature", "properties": { "内容": "あすなろ南栗橋弐番館【特定施設入居者生活介護（有料老人ホーム）】南栗橋八丁目１番地３４号", "url": "https://www.kaigokensaku.mhlw.go.jp/11/index.php?action_kouhyou_detail_004_kani=true&JigyosyoCd=1170902025-00&ServiceCd=331&Type=search", "url2": null }, "geometry": { "type": "Point", "coordinates": [ 139.707625430024706, 36.112411492894005 ] } },
{ "type": "Feature", "properties": { "内容": "株式会社　サンガジャパン　くき翔裕館Ⅱ号館【特定施設入居者生活介護（有料老人ホーム）】埼玉県久喜市青毛4-5-7", "url": "https://www.kaigokensaku.mhlw.go.jp/11/index.php?action_kouhyou_detail_004_kani=true&JigyosyoCd=1170901886-00&ServiceCd=331&Type=search", "url2": "https://sangajapan.jp/9kuki2/kuki203/" }, "geometry": { "type": "Point", "coordinates": [ 139.703153500000013, 36.0774825 ] } },
{ "type": "Feature", "properties": { "内容": "あすなろ南栗橋【特定施設入居者生活介護（有料老人ホーム）】埼玉県久喜市南栗橋８丁目１番6", "url": "https://www.kaigokensaku.mhlw.go.jp/11/index.php?action_kouhyou_detail_004_kani=true&JigyosyoCd=1170901894-00&ServiceCd=331&Type=search", "url2": null }, "geometry": { "type": "Point", "coordinates": [ 139.7071628, 36.1117857 ] } },
{ "type": "Feature", "properties": { "内容": "くき翔裕館【特定施設入居者生活介護（有料老人ホーム）】埼玉県久喜市青毛4-3-12", "url": "https://www.kaigokensaku.mhlw.go.jp/11/index.php?action_kouhyou_detail_004_kani=true&JigyosyoCd=1170901746-00&ServiceCd=331&Type=search", "url2": "https://sangajapan.jp/kuki/kuki01/" }, "geometry": { "type": "Point", "coordinates": [ 139.7031935, 36.0779548 ] } },
{ "type": "Feature", "properties": { "内容": "介護付有料老人ホーム　メディカルフローラ久喜【特定施設入居者生活介護（有料老人ホーム）】埼玉県久喜市吉羽１丁目６番２号", "url": "https://www.kaigokensaku.mhlw.go.jp/11/index.php?action_kouhyou_detail_004_kani=true&JigyosyoCd=1170900904-00&ServiceCd=331&Type=search", "url2": "http://www.kanto-medical.com" }, "geometry": { "type": "Point", "coordinates": [ 139.682644699999969, 36.0689389 ] } },
{ "type": "Feature", "properties": { "内容": "介護付有料老人ホーム　みんなの家・久喜【特定施設入居者生活介護（有料老人ホーム）】埼玉県久喜市久喜北1-11-54", "url": "https://www.kaigokensaku.mhlw.go.jp/11/index.php?action_kouhyou_detail_004_kani=true&JigyosyoCd=1170901449-00&ServiceCd=331&Type=search", "url2": null }, "geometry": { "type": "Point", "coordinates": [ 139.676445, 36.0740077 ] } },
{ "type": "Feature", "properties": { "内容": "ベストライフ久喜【特定施設入居者生活介護（有料老人ホーム）】埼玉県久喜市桜田1-3-4", "url": "https://www.kaigokensaku.mhlw.go.jp/11/index.php?action_kouhyou_detail_004_kani=true&JigyosyoCd=1170901738-00&ServiceCd=331&Type=search", "url2": null }, "geometry": { "type": "Point", "coordinates": [ 139.6798028, 36.0905255 ] } },
{ "type": "Feature", "properties": { "内容": "ふるさとホーム東鷲宮【特定施設入居者生活介護（有料老人ホーム）】埼玉県久喜市西大輪207-5", "url": "https://www.kaigokensaku.mhlw.go.jp/11/index.php?action_kouhyou_detail_004_kani=true&JigyosyoCd=1170901498-00&ServiceCd=331&Type=search", "url2": "https://www.vati.co.jp/" }, "geometry": { "type": "Point", "coordinates": [ 139.6735959, 36.0972002 ] } },
{ "type": "Feature", "properties": { "内容": "ベストライフ北本【特定施設入居者生活介護（有料老人ホーム）】埼玉県北本市東間4-13", "url": "https://www.kaigokensaku.mhlw.go.jp/11/index.php?action_kouhyou_detail_004_kani=true&JigyosyoCd=1175300951-00&ServiceCd=331&Type=search", "url2": null }, "geometry": { "type": "Point", "coordinates": [ 139.530424306138912, 36.039310185939037 ] } },
{ "type": "Feature", "properties": { "内容": "介護付き有料老人ホーム　グレース北本【特定施設入居者生活介護（有料老人ホーム）】埼玉県北本市下石戸下511-1", "url": "https://www.kaigokensaku.mhlw.go.jp/11/index.php?action_kouhyou_detail_004_kani=true&JigyosyoCd=1175300811-00&ServiceCd=331&Type=search", "url2": "http://grace.kitamoto.or.jp/" }, "geometry": { "type": "Point", "coordinates": [ 139.540236400000026, 36.0130448 ] } },
{ "type": "Feature", "properties": { "内容": "有料老人ホーム　サニーライフ北本【特定施設入居者生活介護（有料老人ホーム）】埼玉県北本市中央一丁目89番地2", "url": "https://www.kaigokensaku.mhlw.go.jp/11/index.php?action_kouhyou_detail_004_kani=true&JigyosyoCd=1175300845-00&ServiceCd=331&Type=search", "url2": "https://www.sunnylife-group.co.jp" }, "geometry": { "type": "Point", "coordinates": [ 139.5343239, 36.0284392 ] } },
{ "type": "Feature", "properties": { "内容": "あすなろ北本【特定施設入居者生活介護（有料老人ホーム）】埼玉県北本市宮内1丁目14", "url": "https://www.kaigokensaku.mhlw.go.jp/11/index.php?action_kouhyou_detail_004_kani=true&JigyosyoCd=1175301017-00&ServiceCd=331&Type=search", "url2": null }, "geometry": { "type": "Point", "coordinates": [ 139.536912676721215, 36.040066601602291 ] } },
{ "type": "Feature", "properties": { "内容": "介護付き有料老人ホーム　ヒューマンサポート北本【特定施設入居者生活介護（有料老人ホーム）】埼玉県北本市山中1-165-1", "url": "https://www.kaigokensaku.mhlw.go.jp/11/index.php?action_kouhyou_detail_004_kani=true&JigyosyoCd=1175300969-00&ServiceCd=331&Type=search", "url2": "http://n-h-s.jp/kitamoto" }, "geometry": { "type": "Point", "coordinates": [ 139.54546270000003, 36.034883300000011 ] } },
{ "type": "Feature", "properties": { "内容": "夢眠きたもと【特定施設入居者生活介護（有料老人ホーム）】埼玉県北本市緑2丁目231-3", "url": "https://www.kaigokensaku.mhlw.go.jp/11/index.php?action_kouhyou_detail_004_kani=true&JigyosyoCd=1175300928-00&ServiceCd=331&Type=search", "url2": "http://muminhome.jp/kitamoto/" }, "geometry": { "type": "Point", "coordinates": [ 139.5367901, 36.0254471 ] } },
{ "type": "Feature", "properties": { "内容": "介護付有料老人ホーム　みんなの家・北本中丸【特定施設入居者生活介護（有料老人ホーム）】埼玉県北本市中丸6-214", "url": "https://www.kaigokensaku.mhlw.go.jp/11/index.php?action_kouhyou_detail_004_kani=true&JigyosyoCd=1175300555-00&ServiceCd=331&Type=search", "url2": null }, "geometry": { "type": "Point", "coordinates": [ 139.552621400000021, 36.0186589 ] } },
{ "type": "Feature", "properties": { "内容": "ＳＯＭＰＯケア　ラヴィーレ八潮【特定施設入居者生活介護（有料老人ホーム）】埼玉県八潮市八潮三丁目30番地8", "url": "https://www.kaigokensaku.mhlw.go.jp/11/index.php?action_kouhyou_detail_004_kani=true&JigyosyoCd=1171000779-00&ServiceCd=331&Type=search", "url2": "https://www.sompocare.com/" }, "geometry": { "type": "Point", "coordinates": [ 139.836772500000052, 35.8124458 ] } },
{ "type": "Feature", "properties": { "内容": "介護付有料老人ホーム　おおぜの郷【特定施設入居者生活介護（有料老人ホーム）】八潮市大字大瀬1658-1", "url": "https://www.kaigokensaku.mhlw.go.jp/11/index.php?action_kouhyou_detail_004_kani=true&JigyosyoCd=1171000522-00&ServiceCd=331&Type=search", "url2": null }, "geometry": { "type": "Point", "coordinates": [ 139.850263600000062, 35.8015197 ] } },
{ "type": "Feature", "properties": { "内容": "有料老人ホーム　サニーライフ八潮【特定施設入居者生活介護（有料老人ホーム）】埼玉県八潮市大瀬1600-1サニーライフ八潮", "url": "https://www.kaigokensaku.mhlw.go.jp/11/index.php?action_kouhyou_detail_004_kani=true&JigyosyoCd=1171000845-00&ServiceCd=331&Type=search", "url2": "https://www.sunnylife-group.co.jp" }, "geometry": { "type": "Point", "coordinates": [ 139.8557465, 35.797075299999989 ] } },
{ "type": "Feature", "properties": { "内容": "シルバータウンやしお【特定施設入居者生活介護（有料老人ホーム）】埼玉県八潮市大字八條９０－１", "url": "https://www.kaigokensaku.mhlw.go.jp/11/index.php?action_kouhyou_detail_004_kani=true&JigyosyoCd=1171000449-00&ServiceCd=331&Type=search", "url2": "http://www5.ocn.ne.jp/～eiwa840" }, "geometry": { "type": "Point", "coordinates": [ 139.8380072, 35.8567228 ] } },
{ "type": "Feature", "properties": { "内容": "エスケアリビング八潮【特定施設入居者生活介護（有料老人ホーム）】埼玉県八潮市大瀬5丁目10番地9", "url": "https://www.kaigokensaku.mhlw.go.jp/11/index.php?action_kouhyou_detail_004_kani=true&JigyosyoCd=1171000548-00&ServiceCd=331&Type=search", "url2": "https://www.s-caremate.co.jp/" }, "geometry": { "type": "Point", "coordinates": [ 139.843329499999982, 35.803881900000022 ] } },
{ "type": "Feature", "properties": { "内容": "ふるさとホーム八潮【特定施設入居者生活介護（有料老人ホーム）】埼玉県八潮市南川崎132-2", "url": "https://www.kaigokensaku.mhlw.go.jp/11/index.php?action_kouhyou_detail_004_kani=true&JigyosyoCd=1171000472-00&ServiceCd=331&Type=search", "url2": "http://www.vati.co.jp/" }, "geometry": { "type": "Point", "coordinates": [ 139.863758859524523, 35.812800496363558 ] } },
{ "type": "Feature", "properties": { "内容": "イリーゼ八潮【特定施設入居者生活介護（有料老人ホーム）】埼玉県八潮市八潮1-27-6", "url": "https://www.kaigokensaku.mhlw.go.jp/11/index.php?action_kouhyou_detail_004_kani=true&JigyosyoCd=1171000530-00&ServiceCd=331&Type=search", "url2": "http://www.irs.jp/facility/yashio" }, "geometry": { "type": "Point", "coordinates": [ 139.8427445, 35.813364 ] } },
{ "type": "Feature", "properties": { "内容": "木下の介護　リアンレーヴみずほ台【特定施設入居者生活介護（有料老人ホーム）】埼玉県富士見市水子4922-1リアンレーヴみずほ台　鉄骨造　お部屋数63室", "url": "https://www.kaigokensaku.mhlw.go.jp/11/index.php?action_kouhyou_detail_004_kani=true&JigyosyoCd=1172901280-00&ServiceCd=331&Type=search", "url2": "https://www.kinoshita-kaigo.co.jp/facility/care_home/lien_reve_mizuhodai.html" }, "geometry": { "type": "Point", "coordinates": [ 139.556498799999986, 35.8450935 ] } },
{ "type": "Feature", "properties": { "内容": "イリーゼふじみの【特定施設入居者生活介護（有料老人ホーム）】埼玉県富士見市羽沢３－１４－１５", "url": "https://www.kaigokensaku.mhlw.go.jp/11/index.php?action_kouhyou_detail_004_kani=true&JigyosyoCd=1172900621-00&ServiceCd=331&Type=search", "url2": "http://www.hitowa.com/care-service/" }, "geometry": { "type": "Point", "coordinates": [ 139.54170780000004, 35.8519062 ] } },
{ "type": "Feature", "properties": { "内容": "介護付有料老人ホーム　ウエルガーデンみずほ台【特定施設入居者生活介護（有料老人ホーム）】埼玉県富士見市水子5055-1ウエルガーデンみずほ台", "url": "https://www.kaigokensaku.mhlw.go.jp/11/index.php?action_kouhyou_detail_004_kani=true&JigyosyoCd=1172900944-00&ServiceCd=331&Type=search", "url2": "https://www.welcia-kaigo.co.jp/mizuhodai/" }, "geometry": { "type": "Point", "coordinates": [ 139.558321400000068, 35.8363862 ] } },
{ "type": "Feature", "properties": { "内容": "有料老人ホーム　志木シルバーハイツ第一・第二【特定施設入居者生活介護（有料老人ホーム）】第一：埼玉県富士見市針ヶ谷１丁目１６番地９", "url": "https://www.kaigokensaku.mhlw.go.jp/11/index.php?action_kouhyou_detail_004_kani=true&JigyosyoCd=1172900183-00&ServiceCd=331&Type=search", "url2": "http://www.tomikyu-silverheights.co.jp" }, "geometry": { "type": "Point", "coordinates": [ 139.557321600000023, 35.8324145 ] } },
{ "type": "Feature", "properties": { "内容": "ベストライフふじみ野【特定施設入居者生活介護（有料老人ホーム）】埼玉県富士見市上沢1-19-15", "url": "https://www.kaigokensaku.mhlw.go.jp/11/index.php?action_kouhyou_detail_004_kani=true&JigyosyoCd=1172901348-00&ServiceCd=331&Type=search", "url2": null }, "geometry": { "type": "Point", "coordinates": [ 139.5332956, 35.8537139 ] } },
{ "type": "Feature", "properties": { "内容": "羽沢ナーシングホーム【特定施設入居者生活介護（有料老人ホーム）】埼玉県富士見市羽沢3丁目1-27", "url": "https://www.kaigokensaku.mhlw.go.jp/11/index.php?action_kouhyou_detail_004_kani=true&JigyosyoCd=1172901256-00&ServiceCd=331&Type=search", "url2": "http://www.kawatsuru-g.jp" }, "geometry": { "type": "Point", "coordinates": [ 139.544929599999932, 35.8560891 ] } },
{ "type": "Feature", "properties": { "内容": "有料老人ホーム　サニーライフ三郷中央【特定施設入居者生活介護（有料老人ホーム）】埼玉県三郷市中央3丁目20番地7", "url": "https://www.kaigokensaku.mhlw.go.jp/11/index.php?action_kouhyou_detail_004_kani=true&JigyosyoCd=1171201328-00&ServiceCd=331&Type=search", "url2": "https://www.sunnylife-group.co.jp" }, "geometry": { "type": "Point", "coordinates": [ 139.877887500000043, 35.8283206 ] } },
{ "type": "Feature", "properties": { "内容": "アズハイム三郷【特定施設入居者生活介護（有料老人ホーム）】埼玉県三郷市泉二丁目1番地6アズハイム三郷", "url": "https://www.kaigokensaku.mhlw.go.jp/11/index.php?action_kouhyou_detail_004_kani=true&JigyosyoCd=1171201401-00&ServiceCd=331&Type=search", "url2": "https://www.as-partners.co.jp/" }, "geometry": { "type": "Point", "coordinates": [ 139.862125900000024, 35.8443071 ] } },
{ "type": "Feature", "properties": { "内容": "グッドタイムホーム・三郷【特定施設入居者生活介護（有料老人ホーム）】埼玉県三郷市中央3-16-7", "url": "https://www.kaigokensaku.mhlw.go.jp/11/index.php?action_kouhyou_detail_004_kani=true&JigyosyoCd=1171201864-00&ServiceCd=331&Type=search", "url2": "http:www.goodtimehome.com" }, "geometry": { "type": "Point", "coordinates": [ 139.877384, 35.8275807 ] } },
{ "type": "Feature", "properties": { "内容": "グッドタイムナーシングホーム・三郷駅前【特定施設入居者生活介護（有料老人ホーム）】埼玉県三郷市三郷2-3-1", "url": "https://www.kaigokensaku.mhlw.go.jp/11/index.php?action_kouhyou_detail_004_kani=true&JigyosyoCd=1171201856-00&ServiceCd=331&Type=search", "url2": "http://www.goodtimehome.com" }, "geometry": { "type": "Point", "coordinates": [ 139.872434200000043, 35.8548964 ] } },
{ "type": "Feature", "properties": { "内容": "ベストライフ三郷中央【特定施設入居者生活介護（有料老人ホーム）】埼玉県三郷市中央1-26-2", "url": "https://www.kaigokensaku.mhlw.go.jp/11/index.php?action_kouhyou_detail_004_kani=true&JigyosyoCd=1171201898-00&ServiceCd=331&Type=search", "url2": null }, "geometry": { "type": "Point", "coordinates": [ 139.87313, 35.8234206 ] } },
{ "type": "Feature", "properties": { "内容": "グッドタイムホーム・三郷弐番館【特定施設入居者生活介護（有料老人ホーム）】埼玉県三郷市三郷1-7-11", "url": "https://www.kaigokensaku.mhlw.go.jp/11/index.php?action_kouhyou_detail_004_kani=true&JigyosyoCd=1171201849-00&ServiceCd=331&Type=search", "url2": "www.goodtimehome.com" }, "geometry": { "type": "Point", "coordinates": [ 139.878541728490603, 35.82197670114423 ] } },
{ "type": "Feature", "properties": { "内容": "ラ・ナシカ　みさと【特定施設入居者生活介護（有料老人ホーム）】三郷市高州4丁目22-1", "url": "https://www.kaigokensaku.mhlw.go.jp/11/index.php?action_kouhyou_detail_004_kani=true&JigyosyoCd=1171201021-00&ServiceCd=331&Type=search", "url2": "https://www.cedar-group.co.jp" }, "geometry": { "type": "Point", "coordinates": [ 139.881358699999964, 35.7826304 ] } },
{ "type": "Feature", "properties": { "内容": "ミモザ三郷鷹野【特定施設入居者生活介護（有料老人ホーム）】埼玉県三郷市鷹野1-420", "url": "https://www.kaigokensaku.mhlw.go.jp/11/index.php?action_kouhyou_detail_004_kani=true&JigyosyoCd=1171201013-00&ServiceCd=331&Type=search", "url2": "m-takano@mimoza-care.jp" }, "geometry": { "type": "Point", "coordinates": [ 139.8859784, 35.8028624 ] } },
{ "type": "Feature", "properties": { "内容": "介護付有料老人ホーム　メディカルフローラ蓮田【特定施設入居者生活介護（有料老人ホーム）】蓮田市黒浜3561-52", "url": "https://www.kaigokensaku.mhlw.go.jp/11/index.php?action_kouhyou_detail_004_kani=true&JigyosyoCd=1175700333-00&ServiceCd=331&Type=search", "url2": "http://www.kanto-medhical.com" }, "geometry": { "type": "Point", "coordinates": [ 139.6626274, 35.9966063 ] } },
{ "type": "Feature", "properties": { "内容": "介護付有料老人ホームすこや家・蓮田【特定施設入居者生活介護（有料老人ホーム）】埼玉県蓮田市東2－1－4", "url": "https://www.kaigokensaku.mhlw.go.jp/11/index.php?action_kouhyou_detail_004_kani=true&JigyosyoCd=1175700432-00&ServiceCd=331&Type=search", "url2": null }, "geometry": { "type": "Point", "coordinates": [ 139.655798900000036, 35.9848694 ] } },
{ "type": "Feature", "properties": { "内容": "蓮田オークプラザ「介護館」【特定施設入居者生活介護（有料老人ホーム）】埼玉県蓮田市蓮田2丁目153番地", "url": "https://www.kaigokensaku.mhlw.go.jp/11/index.php?action_kouhyou_detail_004_kani=true&JigyosyoCd=1175700358-00&ServiceCd=331&Type=search", "url2": "http://www.oakplaza-care.jp" }, "geometry": { "type": "Point", "coordinates": [ 139.654280500000027, 35.9743595 ] } },
{ "type": "Feature", "properties": { "内容": "蓮田オークプラザ駅前温泉館【特定施設入居者生活介護（有料老人ホーム）】埼玉県蓮田市本町3番5号", "url": "https://www.kaigokensaku.mhlw.go.jp/11/index.php?action_kouhyou_detail_004_kani=true&JigyosyoCd=1175700614-00&ServiceCd=331&Type=search", "url2": "http://www.oakplaza.jp" }, "geometry": { "type": "Point", "coordinates": [ 139.651934450926205, 35.980354383738607 ] } },
{ "type": "Feature", "properties": { "内容": "グッドタイムリビング埼玉蓮田【特定施設入居者生活介護（有料老人ホーム）】埼玉県蓮田市山ノ内２番地４１グッドタイムリビング埼玉蓮田", "url": "https://www.kaigokensaku.mhlw.go.jp/11/index.php?action_kouhyou_detail_004_kani=true&JigyosyoCd=1175700572-00&ServiceCd=331&Type=search", "url2": "https://www.gtl-daiwa.co.jp/guesthouse/gtl/saitama-hasuda/" }, "geometry": { "type": "Point", "coordinates": [ 139.644213900000068, 35.9872904 ] } },
{ "type": "Feature", "properties": { "内容": "ＳＯＭＰＯケアラヴィーレ坂戸【特定施設入居者生活介護（有料老人ホーム）】埼玉県坂戸市大字石井2768-11", "url": "https://www.kaigokensaku.mhlw.go.jp/11/index.php?action_kouhyou_detail_004_kani=true&JigyosyoCd=1176001319-00&ServiceCd=331&Type=search", "url2": "https://www.sompocare.com" }, "geometry": { "type": "Point", "coordinates": [ 139.4135291, 35.9633272 ] } },
{ "type": "Feature", "properties": { "内容": "有料老人ホーム　サニーライフ坂戸【特定施設入居者生活介護（有料老人ホーム）】埼玉県坂戸市日の出町28-11", "url": "https://www.kaigokensaku.mhlw.go.jp/11/index.php?action_kouhyou_detail_004_kani=true&JigyosyoCd=1176001202-00&ServiceCd=331&Type=search", "url2": "https:///www.sunnylife-group.co/jp" }, "geometry": { "type": "Point", "coordinates": [ 139.396522672431644, 35.958190184876806 ] } },
{ "type": "Feature", "properties": { "内容": "ニチイケアセンター坂戸緑町【特定施設入居者生活介護（有料老人ホーム）】埼玉県坂戸市緑町11番地5", "url": "https://www.kaigokensaku.mhlw.go.jp/11/index.php?action_kouhyou_detail_004_kani=true&JigyosyoCd=1176001194-00&ServiceCd=331&Type=search", "url2": "www.nichiigakkan.co.jp" }, "geometry": { "type": "Point", "coordinates": [ 139.392190199999959, 35.9549367 ] } },
{ "type": "Feature", "properties": { "内容": "イリーゼ坂戸【特定施設入居者生活介護（有料老人ホーム）】埼玉県坂戸市関間2-2-15", "url": "https://www.kaigokensaku.mhlw.go.jp/11/index.php?action_kouhyou_detail_004_kani=true&JigyosyoCd=1176001616-00&ServiceCd=331&Type=search", "url2": "http://www.irs.jp" }, "geometry": { "type": "Point", "coordinates": [ 139.399596922949854, 35.954271875185974 ] } },
{ "type": "Feature", "properties": { "内容": "介護付有料老人ホームヒューマンサポート幸手【特定施設入居者生活介護（有料老人ホーム）】幸手市北1-13-20", "url": "https://www.kaigokensaku.mhlw.go.jp/11/index.php?action_kouhyou_detail_004_kani=true&JigyosyoCd=1176100459-00&ServiceCd=331&Type=search", "url2": "https://n-h-s.jp/wp/" }, "geometry": { "type": "Point", "coordinates": [ 139.721008001852368, 36.084438523734086 ] } },
{ "type": "Feature", "properties": { "内容": "ニチイケアセンター幸手千塚【特定施設入居者生活介護（有料老人ホーム）】埼玉県幸手市大字千塚138番地1", "url": "https://www.kaigokensaku.mhlw.go.jp/11/index.php?action_kouhyou_detail_004_kani=true&JigyosyoCd=1176100632-00&ServiceCd=331&Type=search", "url2": "http://www.nichiigakkan.co.jp" }, "geometry": { "type": "Point", "coordinates": [ 139.710053, 36.0887399 ] } },
{ "type": "Feature", "properties": { "内容": "ここち幸手【特定施設入居者生活介護（有料老人ホーム）】埼玉県幸手市南二丁目11-18", "url": "https://www.kaigokensaku.mhlw.go.jp/11/index.php?action_kouhyou_detail_004_kani=true&JigyosyoCd=1176100723-00&ServiceCd=331&Type=search", "url2": "http://www.benesse-style-care.co.jp/" }, "geometry": { "type": "Point", "coordinates": [ 139.71258720000003, 36.0672981 ] } },
{ "type": "Feature", "properties": { "内容": "ヒューマンサポート幸手南【特定施設入居者生活介護（有料老人ホーム）】大字幸手5353-1", "url": "https://www.kaigokensaku.mhlw.go.jp/11/index.php?action_kouhyou_detail_004_kani=true&JigyosyoCd=1176100962-00&ServiceCd=331&Type=search", "url2": "https://benesse-hs.co.jp/" }, "geometry": { "type": "Point", "coordinates": [ 139.722579499999938, 36.0612611 ] } },
{ "type": "Feature", "properties": { "内容": "ふるさとホーム鶴ヶ島三ツ木【特定施設入居者生活介護（有料老人ホーム）】埼玉県鶴ヶ島市三ツ木353-2", "url": "https://www.kaigokensaku.mhlw.go.jp/11/index.php?action_kouhyou_detail_004_kani=true&JigyosyoCd=1176200671-00&ServiceCd=331&Type=search", "url2": "http://www.vati.co.jp/" }, "geometry": { "type": "Point", "coordinates": [ 139.3921229, 35.9334791 ] } },
{ "type": "Feature", "properties": { "内容": "有料老人ホーム　サニーライフ　鶴ヶ島【特定施設入居者生活介護（有料老人ホーム）】埼玉県鶴ヶ島市脚折町4-9-10", "url": "https://www.kaigokensaku.mhlw.go.jp/11/index.php?action_kouhyou_detail_004_kani=true&JigyosyoCd=1176200853-00&ServiceCd=331&Type=search", "url2": "https://ｗｗｗ.sunnylife.group.co.jp" }, "geometry": { "type": "Point", "coordinates": [ 139.395085757415814, 35.94762230336638 ] } },
{ "type": "Feature", "properties": { "内容": "SOMPOケアラヴィーレ鶴ヶ島【特定施設入居者生活介護（有料老人ホーム）】埼玉県鶴ヶ島大字五味ヶ谷111-1SOMPOケアラヴィーレ鶴ヶ島", "url": "https://www.kaigokensaku.mhlw.go.jp/11/index.php?action_kouhyou_detail_004_kani=true&JigyosyoCd=1176200887-00&ServiceCd=331&Type=search", "url2": "https://www.sompocare.com" }, "geometry": { "type": "Point", "coordinates": [ 139.4231694, 35.9430282 ] } },
{ "type": "Feature", "properties": { "内容": "有料老人ホーム　ｻﾆｰﾗｲﾌ鶴ヶ島駅前【特定施設入居者生活介護（有料老人ホーム）】埼玉県鶴ヶ島市上広谷71-1", "url": "https://www.kaigokensaku.mhlw.go.jp/11/index.php?action_kouhyou_detail_004_kani=true&JigyosyoCd=1176201125-00&ServiceCd=331&Type=search", "url2": "https：//www.sunnylife-group.co.jp" }, "geometry": { "type": "Point", "coordinates": [ 139.4148348, 35.9411267 ] } },
{ "type": "Feature", "properties": { "内容": "ふるさとホーム鶴ヶ島【特定施設入居者生活介護（有料老人ホーム）】埼玉県鶴ヶ島市脚折1441-12", "url": "https://www.kaigokensaku.mhlw.go.jp/11/index.php?action_kouhyou_detail_004_kani=true&JigyosyoCd=1176200440-00&ServiceCd=331&Type=search", "url2": "http://www.vati.co.jp" }, "geometry": { "type": "Point", "coordinates": [ 139.3964583, 35.9390967 ] } },
{ "type": "Feature", "properties": { "内容": "ベストライフ鶴ヶ島【特定施設入居者生活介護（有料老人ホーム）】大字藤金901-4ベストライフ鶴ヶ島", "url": "https://www.kaigokensaku.mhlw.go.jp/11/index.php?action_kouhyou_detail_004_kani=true&JigyosyoCd=1176201042-00&ServiceCd=331&Type=search", "url2": null }, "geometry": { "type": "Point", "coordinates": [ 139.400813699999986, 35.9447288 ] } },
{ "type": "Feature", "properties": { "内容": "イリーゼ鶴ヶ島【特定施設入居者生活介護（有料老人ホーム）】埼玉県鶴ヶ島市松ヶ丘3-23-3", "url": "https://www.kaigokensaku.mhlw.go.jp/11/index.php?action_kouhyou_detail_004_kani=true&JigyosyoCd=1176200820-00&ServiceCd=331&Type=search", "url2": "https://www.irs.jp" }, "geometry": { "type": "Point", "coordinates": [ 139.4164855, 35.9257877 ] } },
{ "type": "Feature", "properties": { "内容": "ふるさとホーム日高【特定施設入居者生活介護（有料老人ホーム）】埼玉県日高市高萩1126‐1", "url": "https://www.kaigokensaku.mhlw.go.jp/11/index.php?action_kouhyou_detail_004_kani=true&JigyosyoCd=1176300570-00&ServiceCd=331&Type=search", "url2": "http://www.vati.co.jp/service/" }, "geometry": { "type": "Point", "coordinates": [ 139.37622115225372, 35.900712404567571 ] } },
{ "type": "Feature", "properties": { "内容": "さわやかひだか館【特定施設入居者生活介護（有料老人ホーム）】埼玉県日高市高萩1112番地2", "url": "https://www.kaigokensaku.mhlw.go.jp/11/index.php?action_kouhyou_detail_004_kani=true&JigyosyoCd=1176300679-00&ServiceCd=331&Type=search", "url2": "https://www.sawayakaclub.jp/hidakakan/" }, "geometry": { "type": "Point", "coordinates": [ 139.377268994435099, 35.899907105464465 ] } },
{ "type": "Feature", "properties": { "内容": "ツクイ・サンシャイン吉川【特定施設入居者生活介護（有料老人ホーム）】埼玉県吉川市木売２－１１－３", "url": "https://www.kaigokensaku.mhlw.go.jp/11/index.php?action_kouhyou_detail_004_kani=true&JigyosyoCd=1176400347-00&ServiceCd=331&Type=search", "url2": "http://www.tsukui.net" }, "geometry": { "type": "Point", "coordinates": [ 139.841509099999939, 35.8754427 ] } },
{ "type": "Feature", "properties": { "内容": "ラフェスタ吉川【特定施設入居者生活介護（有料老人ホーム）】埼玉県吉川市中央１－１２－３", "url": "https://www.kaigokensaku.mhlw.go.jp/11/index.php?action_kouhyou_detail_004_kani=true&JigyosyoCd=1176400867-00&ServiceCd=331&Type=search", "url2": "http://lafesta-group.com/" }, "geometry": { "type": "Point", "coordinates": [ 139.848759833960571, 35.887887078710001 ] } },
{ "type": "Feature", "properties": { "内容": "イリーゼよしかわ【特定施設入居者生活介護（有料老人ホーム）】吉川市美南4-18-3", "url": "https://www.kaigokensaku.mhlw.go.jp/11/index.php?action_kouhyou_detail_004_kani=true&JigyosyoCd=1176400487-00&ServiceCd=331&Type=search", "url2": "https://www.irs.jp/facility/yoshikawa/" }, "geometry": { "type": "Point", "coordinates": [ 139.85123109999995, 35.8647887 ] } },
{ "type": "Feature", "properties": { "内容": "ＳＯＭＰＯケア　ラヴィーレ上福岡【特定施設入居者生活介護（有料老人ホーム）】埼玉県ふじみ野市上福岡2-6-7", "url": "https://www.kaigokensaku.mhlw.go.jp/11/index.php?action_kouhyou_detail_004_kani=true&JigyosyoCd=1173001262-00&ServiceCd=331&Type=search", "url2": "https://www.sompocare.com/" }, "geometry": { "type": "Point", "coordinates": [ 139.515863242956925, 35.875078429400595 ] } },
{ "type": "Feature", "properties": { "内容": "ライフコミューンふじみ野【特定施設入居者生活介護（有料老人ホーム）】埼玉県ふじみ野市丸山４－４", "url": "https://www.kaigokensaku.mhlw.go.jp/11/index.php?action_kouhyou_detail_004_kani=true&JigyosyoCd=1173000272-00&ServiceCd=331&Type=search", "url2": "http://www.kinoshita-kaigo.co.jp/facilities/state/saitama/fujimino.html" }, "geometry": { "type": "Point", "coordinates": [ 139.516842699999984, 35.8652844 ] } },
{ "type": "Feature", "properties": { "内容": "SOMPOケアラヴィーレふじみ野【特定施設入居者生活介護（有料老人ホーム）】苗間1-7-21ＳＯＭＰＯケア　ラヴィーレふじみ野", "url": "https://www.kaigokensaku.mhlw.go.jp/11/index.php?action_kouhyou_detail_004_kani=true&JigyosyoCd=1173001254-00&ServiceCd=331&Type=search", "url2": "https://www.sompocare.com" }, "geometry": { "type": "Point", "coordinates": [ 139.52347009999994, 35.8586993 ] } },
{ "type": "Feature", "properties": { "内容": "サンベストビレッジ上福岡【特定施設入居者生活介護（有料老人ホーム）】埼玉県ふじみ野市上福岡１－１２－２９", "url": "https://www.kaigokensaku.mhlw.go.jp/11/index.php?action_kouhyou_detail_004_kani=true&JigyosyoCd=1173000561-00&ServiceCd=331&Type=search", "url2": "http://www.yamatecare.jp/" }, "geometry": { "type": "Point", "coordinates": [ 139.513712, 35.8756275 ] } },
{ "type": "Feature", "properties": { "内容": "ベストライフ上福岡【特定施設入居者生活介護（有料老人ホーム）】埼玉県ふじみ野市鶴ヶ岡3-19-77", "url": "https://www.kaigokensaku.mhlw.go.jp/11/index.php?action_kouhyou_detail_004_kani=true&JigyosyoCd=1173001429-00&ServiceCd=331&Type=search", "url2": null }, "geometry": { "type": "Point", "coordinates": [ 139.500655099999989, 35.8696477 ] } },
{ "type": "Feature", "properties": { "内容": "介護付有料老人ホーム　ふじみ野の杜【特定施設入居者生活介護（有料老人ホーム）】上福岡六丁目4番5", "url": "https://www.kaigokensaku.mhlw.go.jp/11/index.php?action_kouhyou_detail_004_kani=true&JigyosyoCd=1173001619-00&ServiceCd=331&Type=search", "url2": "https://www.chi-ga.jp/" }, "geometry": { "type": "Point", "coordinates": [ 139.510253575578446, 35.871949315295126 ] } },
{ "type": "Feature", "properties": { "内容": "ブランシエール川越南　七彩の街【特定施設入居者生活介護（有料老人ホーム）】埼玉県ふじみ野市鶴ヶ岡四丁目１６番１５号", "url": "https://www.kaigokensaku.mhlw.go.jp/11/index.php?action_kouhyou_detail_004_kani=true&JigyosyoCd=1172400804-00&ServiceCd=331&Type=search", "url2": "https://www.haseko-senior.co.jp/home/nanasai/index.html" }, "geometry": { "type": "Point", "coordinates": [ 139.501582900000017, 35.8677614 ] } },
{ "type": "Feature", "properties": { "内容": "あんしんホーム白岡【特定施設入居者生活介護（有料老人ホーム）】埼玉県白岡市小久喜８４７－１", "url": "https://www.kaigokensaku.mhlw.go.jp/11/index.php?action_kouhyou_detail_004_kani=true&JigyosyoCd=1170500894-00&ServiceCd=331&Type=search", "url2": "http://www.vati.co.jp" }, "geometry": { "type": "Point", "coordinates": [ 139.66781, 36.0114804 ] } },
{ "type": "Feature", "properties": { "内容": "介護付有料老人ホーム　ヒューマンサポート白岡【特定施設入居者生活介護（有料老人ホーム）】埼玉県白岡市白岡1066-1", "url": "https://www.kaigokensaku.mhlw.go.jp/11/index.php?action_kouhyou_detail_004_kani=true&JigyosyoCd=1176600086-00&ServiceCd=331&Type=search", "url2": "http://n-h-s.jp/shiraoka" }, "geometry": { "type": "Point", "coordinates": [ 139.660182561932402, 36.016393222438921 ] } },
{ "type": "Feature", "properties": { "内容": "介護付有料老人ホーム和み伊奈【特定施設入居者生活介護（有料老人ホーム）】埼玉県北足立郡伊奈町学園3-45", "url": "https://www.kaigokensaku.mhlw.go.jp/11/index.php?action_kouhyou_detail_004_kani=true&JigyosyoCd=1171300625-00&ServiceCd=331&Type=search", "url2": "https://nagomi753.co.jp" }, "geometry": { "type": "Point", "coordinates": [ 139.6148991, 36.0111804 ] } },
{ "type": "Feature", "properties": { "内容": "介護付有料老人ホーム　みよし悠生苑【特定施設入居者生活介護（有料老人ホーム）】埼玉県入間郡三芳町上富1550-1", "url": "https://www.kaigokensaku.mhlw.go.jp/11/index.php?action_kouhyou_detail_004_kani=true&JigyosyoCd=1172401257-00&ServiceCd=331&Type=search", "url2": "https://be-health.co.jp/" }, "geometry": { "type": "Point", "coordinates": [ 139.4969175, 35.8381787 ] } },
{ "type": "Feature", "properties": { "内容": "あすなろ毛呂山【特定施設入居者生活介護（有料老人ホーム）】埼玉県入間郡毛呂山町平山1-41-1", "url": "https://www.kaigokensaku.mhlw.go.jp/11/index.php?action_kouhyou_detail_004_kani=true&JigyosyoCd=1172401570-00&ServiceCd=331&Type=search", "url2": null }, "geometry": { "type": "Point", "coordinates": [ 139.311621309709864, 35.947405231949041 ] } },
{ "type": "Feature", "properties": { "内容": "ふるさとホーム毛呂山【特定施設入居者生活介護（有料老人ホーム）】埼玉県入間郡毛呂山町西大久保879", "url": "https://www.kaigokensaku.mhlw.go.jp/11/index.php?action_kouhyou_detail_004_kani=true&JigyosyoCd=1172401166-00&ServiceCd=331&Type=search", "url2": "http://www.vati.com.jp" }, "geometry": { "type": "Point", "coordinates": [ 139.3542582, 35.9477759 ] } },
{ "type": "Feature", "properties": { "内容": "あすなろ毛呂山弐番館【特定施設入居者生活介護（有料老人ホーム）】埼玉県入間郡毛呂山町平山一丁目41番地9", "url": "https://www.kaigokensaku.mhlw.go.jp/11/index.php?action_kouhyou_detail_004_kani=true&JigyosyoCd=1172401646-00&ServiceCd=331&Type=search", "url2": null }, "geometry": { "type": "Point", "coordinates": [ 139.311796920683946, 35.947181709793654 ] } },
{ "type": "Feature", "properties": { "内容": "ベストライフ東松山【特定施設入居者生活介護（有料老人ホーム）】月の輪3-11-2", "url": "https://www.kaigokensaku.mhlw.go.jp/11/index.php?action_kouhyou_detail_004_kani=true&JigyosyoCd=1173202308-00&ServiceCd=331&Type=search", "url2": null }, "geometry": { "type": "Point", "coordinates": [ 139.3454745, 36.0471919 ] } },
{ "type": "Feature", "properties": { "内容": "昭和の里　嵐山【特定施設入居者生活介護（有料老人ホーム）】埼玉県比企郡嵐山町大字川島1577-1", "url": "https://www.kaigokensaku.mhlw.go.jp/11/index.php?action_kouhyou_detail_004_kani=true&JigyosyoCd=1173202407-00&ServiceCd=331&Type=search", "url2": null }, "geometry": { "type": "Point", "coordinates": [ 139.3327017, 36.049006 ] } },
{ "type": "Feature", "properties": { "内容": "ふるさとホーム嵐山【特定施設入居者生活介護（有料老人ホーム）】埼玉県比企郡嵐山町菅谷72-5", "url": "https://www.kaigokensaku.mhlw.go.jp/11/index.php?action_kouhyou_detail_004_kani=true&JigyosyoCd=1173201920-00&ServiceCd=331&Type=search", "url2": "http://www.vati.co.jp/" }, "geometry": { "type": "Point", "coordinates": [ 139.324754600000034, 36.044547700000017 ] } },
{ "type": "Feature", "properties": { "内容": "イリーゼ　埼玉小川町【特定施設入居者生活介護（有料老人ホーム）】埼玉県比企郡小川町増尾460-1", "url": "https://www.kaigokensaku.mhlw.go.jp/11/index.php?action_kouhyou_detail_004_kani=true&JigyosyoCd=1173202134-00&ServiceCd=331&Type=search", "url2": "https://www.irs.jp/facility/ogawamachi/" }, "geometry": { "type": "Point", "coordinates": [ 139.252435, 36.0529085 ] } },
{ "type": "Feature", "properties": { "内容": "あんしんホーム小川【特定施設入居者生活介護（有料老人ホーム）】埼玉県比企郡小川町木部１７６－１", "url": "https://www.kaigokensaku.mhlw.go.jp/11/index.php?action_kouhyou_detail_004_kani=true&JigyosyoCd=1173201565-00&ServiceCd=331&Type=search", "url2": "http://www.vati.co.jp/" }, "geometry": { "type": "Point", "coordinates": [ 139.232946699999957, 36.070728 ] } },
{ "type": "Feature", "properties": { "内容": "あすなろ吉見【特定施設入居者生活介護（有料老人ホーム）】埼玉県比企郡吉見町下細谷370", "url": "https://www.kaigokensaku.mhlw.go.jp/11/index.php?action_kouhyou_detail_004_kani=true&JigyosyoCd=1173202365-00&ServiceCd=331&Type=search", "url2": null }, "geometry": { "type": "Point", "coordinates": [ 139.453067800000014, 36.0426151 ] } },
{ "type": "Feature", "properties": { "内容": "ふるさとホーム吉見【特定施設入居者生活介護（有料老人ホーム）】埼玉県比企郡吉見町久保田１４８９－３ふるさとホーム吉見", "url": "https://www.kaigokensaku.mhlw.go.jp/11/index.php?action_kouhyou_detail_004_kani=true&JigyosyoCd=1173201953-00&ServiceCd=331&Type=search", "url2": "http://www.vati.com" }, "geometry": { "type": "Point", "coordinates": [ 139.448590596372924, 36.037779597557439 ] } },
{ "type": "Feature", "properties": { "内容": "ふるさとホームときがわ【特定施設入居者生活介護（有料老人ホーム）】埼玉県比企郡ときがわ町五明342-1", "url": "https://www.kaigokensaku.mhlw.go.jp/11/index.php?action_kouhyou_detail_004_kani=true&JigyosyoCd=1173201987-00&ServiceCd=331&Type=search", "url2": "http://www.vati.co.jp/" }, "geometry": { "type": "Point", "coordinates": [ 139.27299185330358, 36.017397115334283 ] } },
{ "type": "Feature", "properties": { "内容": "ふるさとホーム長瀞【特定施設入居者生活介護（有料老人ホーム）】埼玉県秩父郡皆野町金崎75-7", "url": "https://www.kaigokensaku.mhlw.go.jp/11/index.php?action_kouhyou_detail_004_kani=true&JigyosyoCd=1174801009-00&ServiceCd=331&Type=search", "url2": "http://www.vati.co.jp/" }, "geometry": { "type": "Point", "coordinates": [ 139.108790399999975, 36.0826324 ] } },
{ "type": "Feature", "properties": { "内容": "ふるさとホーム美里【特定施設入居者生活介護（有料老人ホーム）】埼玉県児玉郡美里町大字駒衣605-1", "url": "https://www.kaigokensaku.mhlw.go.jp/11/index.php?action_kouhyou_detail_004_kani=true&JigyosyoCd=1174201325-00&ServiceCd=331&Type=search", "url2": "http://www.vati.co.jp/" }, "geometry": { "type": "Point", "coordinates": [ 139.172484780685636, 36.174128166913931 ] } },
{ "type": "Feature", "properties": { "内容": "ベストケアレジデンス　羽衣【特定施設入居者生活介護（有料老人ホーム）】埼玉県児玉郡神川町新里186-6", "url": "https://www.kaigokensaku.mhlw.go.jp/11/index.php?action_kouhyou_detail_004_kani=true&JigyosyoCd=1174201275-00&ServiceCd=331&Type=search", "url2": "http://bestcaregroup.jp" }, "geometry": { "type": "Point", "coordinates": [ 139.087180929885903, 36.203908861150893 ] } },
{ "type": "Feature", "properties": { "内容": "かわぐち翔裕館【特定施設入居者生活介護（有料老人ホーム）】埼玉県川口市戸塚南２丁目１８番１号かわぐち翔裕館", "url": "https://www.kaigokensaku.mhlw.go.jp/11/index.php?action_kouhyou_detail_004_kani=true&JigyosyoCd=1170209199-00&ServiceCd=331&Type=search", "url2": "https://www.sanga-kaigo.co.jp" }, "geometry": { "type": "Point", "coordinates": [ 139.751947, 35.8609645 ] } },
{ "type": "Feature", "properties": { "内容": "ふるさとホーム寄居【特定施設入居者生活介護（有料老人ホーム）】寄居町大字用土字東櫛引3732-3", "url": "https://www.kaigokensaku.mhlw.go.jp/11/index.php?action_kouhyou_detail_004_kani=true&JigyosyoCd=1174501443-00&ServiceCd=331&Type=search", "url2": "http://www.vati.co.jp" }, "geometry": { "type": "Point", "coordinates": [ 139.221421457885782, 36.159574043697617 ] } },
{ "type": "Feature", "properties": { "内容": "ハーモニーライフ宮代【特定施設入居者生活介護（有料老人ホーム）】埼玉県南埼玉郡宮代町道佛22番地", "url": "https://www.kaigokensaku.mhlw.go.jp/11/index.php?action_kouhyou_detail_004_kani=true&JigyosyoCd=1170501215-00&ServiceCd=331&Type=search", "url2": "https://mcp-net.jp/" }, "geometry": { "type": "Point", "coordinates": [ 139.7269605, 36.016996800000015 ] } }
]
}
