{
"type": "FeatureCollection",
"name": "geo_11_福祉用具貸与",
"crs": { "type": "name", "properties": { "name": "urn:ogc:def:crs:OGC:1.3:CRS84" } },
"features": [
{ "type": "Feature", "properties": { "内容": "Eケアサービス【福祉用具貸与】埼玉県さいたま市西区大字高木字亀田602-1", "url": "https://www.kaigokensaku.mhlw.go.jp/11/index.php?action_kouhyou_detail_004_kani=true&JigyosyoCd=1176520383-00&ServiceCd=170&Type=search", "url2": "http://eijusou.com/" }, "geometry": { "type": "Point", "coordinates": [ 139.567260604160992, 35.926941684818075 ] } },
{ "type": "Feature", "properties": { "内容": "介護用品の店　ヘルシーランド　たんとん【福祉用具貸与】埼玉県さいたま市北区土呂町2-12-18", "url": "https://www.kaigokensaku.mhlw.go.jp/11/index.php?action_kouhyou_detail_004_kani=true&JigyosyoCd=1176500104-00&ServiceCd=170&Type=search", "url2": null }, "geometry": { "type": "Point", "coordinates": [ 139.632796399999961, 35.9325069 ] } },
{ "type": "Feature", "properties": { "内容": "株式会社フロンティアさいたま営業所【福祉用具貸与】埼玉県さいたま市北区盆栽町406-1", "url": "https://www.kaigokensaku.mhlw.go.jp/11/index.php?action_kouhyou_detail_004_kani=true&JigyosyoCd=1176511317-00&ServiceCd=170&Type=search", "url2": "https://www.frontier-ph.com/" }, "geometry": { "type": "Point", "coordinates": [ 139.6291386, 35.9274145 ] } },
{ "type": "Feature", "properties": { "内容": "フランスベッド株式会社　メディカル大宮営業所【福祉用具貸与】埼玉県さいたま市北区別所町1122-2", "url": "https://www.kaigokensaku.mhlw.go.jp/11/index.php?action_kouhyou_detail_004_kani=true&JigyosyoCd=1176507307-00&ServiceCd=170&Type=search", "url2": "http://www.francebed.co.jp" }, "geometry": { "type": "Point", "coordinates": [ 139.602063899999962, 35.9536564 ] } },
{ "type": "Feature", "properties": { "内容": "レンタルふくしのまち　さいたま【福祉用具貸与】埼玉県さいたま市北区櫛引町2-271-1川善ビル2-A", "url": "https://www.kaigokensaku.mhlw.go.jp/11/index.php?action_kouhyou_detail_004_kani=true&JigyosyoCd=1176512646-00&ServiceCd=170&Type=search", "url2": "http://www.youism.co.jp/" }, "geometry": { "type": "Point", "coordinates": [ 139.640429, 35.8847623 ] } },
{ "type": "Feature", "properties": { "内容": "株式会社トーカイ　さいたま支店【福祉用具貸与】埼玉県さいたま市北区宮原町２丁目８５番地１", "url": "https://www.kaigokensaku.mhlw.go.jp/11/index.php?action_kouhyou_detail_004_kani=true&JigyosyoCd=1176504395-00&ServiceCd=170&Type=search", "url2": "https://www.tokai-corp.com/" }, "geometry": { "type": "Point", "coordinates": [ 139.615838, 35.9422645 ] } },
{ "type": "Feature", "properties": { "内容": "福祉用具ココファンしらかば【福祉用具貸与】埼玉県さいたま市北区吉野町2-210-1", "url": "https://www.kaigokensaku.mhlw.go.jp/11/index.php?action_kouhyou_detail_004_kani=true&JigyosyoCd=1176510830-00&ServiceCd=170&Type=search", "url2": "http://www.cocofump.co.jp" }, "geometry": { "type": "Point", "coordinates": [ 139.6068189, 35.9579309 ] } },
{ "type": "Feature", "properties": { "内容": "株式会社　こっぱ舎【福祉用具貸与】埼玉県さいたま市北区宮原町２－１２５－１４", "url": "https://www.kaigokensaku.mhlw.go.jp/11/index.php?action_kouhyou_detail_004_kani=true&JigyosyoCd=1176517694-00&ServiceCd=170&Type=search", "url2": "www.koppasha.jp" }, "geometry": { "type": "Point", "coordinates": [ 139.6192807, 35.9431275 ] } },
{ "type": "Feature", "properties": { "内容": "関東ミタカ株式会社【福祉用具貸与】吉野町1丁目2番地2", "url": "https://www.kaigokensaku.mhlw.go.jp/11/index.php?action_kouhyou_detail_004_kani=true&JigyosyoCd=1176521258-00&ServiceCd=170&Type=search", "url2": "https://kantou-mitaka.com/" }, "geometry": { "type": "Point", "coordinates": [ 139.621832500000011, 35.9466837 ] } },
{ "type": "Feature", "properties": { "内容": "株式会社東基　介護営業部　さいたま営業所【福祉用具貸与】埼玉県さいたま市北区宮原町4-16-25", "url": "https://www.kaigokensaku.mhlw.go.jp/11/index.php?action_kouhyou_detail_004_kani=true&JigyosyoCd=1176521555-00&ServiceCd=170&Type=search", "url2": "https://www.toki-net.co.jp/" }, "geometry": { "type": "Point", "coordinates": [ 139.6117451, 35.9439108 ] } },
{ "type": "Feature", "properties": { "内容": "株式会社かんきょう　大宮支店【福祉用具貸与】埼玉県さいたま市大宮区三橋一丁目326番地1", "url": "https://www.kaigokensaku.mhlw.go.jp/11/index.php?action_kouhyou_detail_004_kani=true&JigyosyoCd=1176521456-00&ServiceCd=170&Type=search", "url2": "https://www.kankyonet.co.jp/" }, "geometry": { "type": "Point", "coordinates": [ 139.602548, 35.9147661 ] } },
{ "type": "Feature", "properties": { "内容": "有限会社　ナックス【福祉用具貸与】さいたま市大宮区天沼町2-1259-7", "url": "https://www.kaigokensaku.mhlw.go.jp/11/index.php?action_kouhyou_detail_004_kani=true&JigyosyoCd=1170300584-00&ServiceCd=170&Type=search", "url2": "www.nacs-kaigo.com" }, "geometry": { "type": "Point", "coordinates": [ 139.646158499999956, 35.9016322 ] } },
{ "type": "Feature", "properties": { "内容": "株式会社ヤマシタ埼玉営業所【福祉用具貸与】埼玉県さいたま市大宮区桜木町4-686", "url": "https://www.kaigokensaku.mhlw.go.jp/11/index.php?action_kouhyou_detail_004_kani=true&JigyosyoCd=1170100281-00&ServiceCd=170&Type=search", "url2": "https://www.yco.co.jp/homecare/area/saitama_of/" }, "geometry": { "type": "Point", "coordinates": [ 139.6183909, 35.8995629 ] } },
{ "type": "Feature", "properties": { "内容": "シルバーはあと大宮【福祉用具貸与】埼玉県さいたま市大宮区浅間町1-149大泉ビル１階", "url": "https://www.kaigokensaku.mhlw.go.jp/11/index.php?action_kouhyou_detail_004_kani=true&JigyosyoCd=1176521290-00&ServiceCd=170&Type=search", "url2": "https://www.silver-heart.jp/" }, "geometry": { "type": "Point", "coordinates": [ 139.6342524, 35.904295700000034 ] } },
{ "type": "Feature", "properties": { "内容": "SOMPOケア　埼玉　福祉用具【福祉用具貸与】埼玉県さいたま市大宮区仲町3-13-1住友生命大宮第２ビル１階", "url": "https://www.kaigokensaku.mhlw.go.jp/11/index.php?action_kouhyou_detail_004_kani=true&JigyosyoCd=1176516746-00&ServiceCd=170&Type=search", "url2": "http://www.sompocare.com" }, "geometry": { "type": "Point", "coordinates": [ 139.628783953260438, 35.905603359533032 ] } },
{ "type": "Feature", "properties": { "内容": "コンパス福祉用具【福祉用具貸与】埼玉県さいたま市大宮区桜木町4-783-4", "url": "https://www.kaigokensaku.mhlw.go.jp/11/index.php?action_kouhyou_detail_004_kani=true&JigyosyoCd=1176515524-00&ServiceCd=170&Type=search", "url2": "https://keigo-group.co.jp/" }, "geometry": { "type": "Point", "coordinates": [ 139.618705361238852, 35.90120414354778 ] } },
{ "type": "Feature", "properties": { "内容": "株式会社住環境デザイン【福祉用具貸与】埼玉県さいたま市見沼区東大宮6-158-21", "url": "https://www.kaigokensaku.mhlw.go.jp/11/index.php?action_kouhyou_detail_004_kani=true&JigyosyoCd=1176505244-00&ServiceCd=170&Type=search", "url2": null }, "geometry": { "type": "Point", "coordinates": [ 139.6457882, 35.9478617 ] } },
{ "type": "Feature", "properties": { "内容": "ハピネスケア株式会社　大宮営業所【福祉用具貸与】埼玉県さいたま市見沼区中川244-4", "url": "https://www.kaigokensaku.mhlw.go.jp/11/index.php?action_kouhyou_detail_004_kani=true&JigyosyoCd=1176501896-00&ServiceCd=170&Type=search", "url2": "http://www.happiness-care.co.jp/" }, "geometry": { "type": "Point", "coordinates": [ 139.659196400000042, 35.903446 ] } },
{ "type": "Feature", "properties": { "内容": "福祉用具　もみじ【福祉用具貸与】さいたま市見沼区中川462番地26", "url": "https://www.kaigokensaku.mhlw.go.jp/11/index.php?action_kouhyou_detail_004_kani=true&JigyosyoCd=1176512356-00&ServiceCd=170&Type=search", "url2": "http://hp.kaipoke.biz/9mt/" }, "geometry": { "type": "Point", "coordinates": [ 139.654792876834904, 35.89881795481746 ] } },
{ "type": "Feature", "properties": { "内容": "フランスベッド（株）見沼営業所【福祉用具貸与】埼玉県さいたま市見沼区卸町2-6-21", "url": "https://www.kaigokensaku.mhlw.go.jp/11/index.php?action_kouhyou_detail_004_kani=true&JigyosyoCd=1176517272-00&ServiceCd=170&Type=search", "url2": "https://www.francebed.co.jp" }, "geometry": { "type": "Point", "coordinates": [ 139.678200599999968, 35.9501918 ] } },
{ "type": "Feature", "properties": { "内容": "サイホク【福祉用具貸与】埼玉県さいたま市見沼区深作3-14-26", "url": "https://www.kaigokensaku.mhlw.go.jp/11/index.php?action_kouhyou_detail_004_kani=true&JigyosyoCd=1176515052-00&ServiceCd=170&Type=search", "url2": null }, "geometry": { "type": "Point", "coordinates": [ 139.6613611, 35.9531219 ] } },
{ "type": "Feature", "properties": { "内容": "株式会社　栗原医療器械店　さいたまオフィス【福祉用具貸与】埼玉県さいたま市見沼区東大宮6-3-3", "url": "https://www.kaigokensaku.mhlw.go.jp/11/index.php?action_kouhyou_detail_004_kani=true&JigyosyoCd=1176507653-00&ServiceCd=170&Type=search", "url2": "http://www.kuribara.co.jp" }, "geometry": { "type": "Point", "coordinates": [ 139.64565719999996, 35.9522228 ] } },
{ "type": "Feature", "properties": { "内容": "有限会社　ワイ・エム・テック〔平成22年度新規事業所〕【福祉用具貸与】埼玉県さいたま市見沼区堀崎町１２６２‐5", "url": "https://www.kaigokensaku.mhlw.go.jp/11/index.php?action_kouhyou_detail_004_kani=true&JigyosyoCd=1176508453-00&ServiceCd=170&Type=search", "url2": "https://www.ym-tech.jp/" }, "geometry": { "type": "Point", "coordinates": [ 139.651818097483755, 35.942505962567203 ] } },
{ "type": "Feature", "properties": { "内容": "株式会社キガさいたま営業所【福祉用具貸与】さいたま市見沼区東大宮6-30-43", "url": "https://www.kaigokensaku.mhlw.go.jp/11/index.php?action_kouhyou_detail_004_kani=true&JigyosyoCd=1176511655-00&ServiceCd=170&Type=search", "url2": "http://www.kiga.co.jp" }, "geometry": { "type": "Point", "coordinates": [ 139.645971199999963, 35.9488899 ] } },
{ "type": "Feature", "properties": { "内容": "株式会社セリオ埼玉中央営業所【福祉用具貸与】埼玉県さいたま市見沼区深作2-8-1", "url": "https://www.kaigokensaku.mhlw.go.jp/11/index.php?action_kouhyou_detail_004_kani=true&JigyosyoCd=1176521654-00&ServiceCd=170&Type=search", "url2": "https://serio888.net/" }, "geometry": { "type": "Point", "coordinates": [ 139.666394700000012, 35.9523232 ] } },
{ "type": "Feature", "properties": { "内容": "まごころレンタル【福祉用具貸与】埼玉県さいたま市見沼区中川３２１", "url": "https://www.kaigokensaku.mhlw.go.jp/11/index.php?action_kouhyou_detail_004_kani=true&JigyosyoCd=1176519427-00&ServiceCd=170&Type=search", "url2": null }, "geometry": { "type": "Point", "coordinates": [ 139.6601114, 35.9009876 ] } },
{ "type": "Feature", "properties": { "内容": "ダスキンヘルスレント大宮ステーション【福祉用具貸与】さいたま市見沼区大和田町1-797-1", "url": "https://www.kaigokensaku.mhlw.go.jp/11/index.php?action_kouhyou_detail_004_kani=true&JigyosyoCd=1176500724-00&ServiceCd=170&Type=search", "url2": "https://healthrent.duskin.jp/index.html?utm_source=google&utm_medium=cpc&utm_campaign=201411_shimei&gclid=CjwKCAjw5pShBhB_EiwAvmnNVxDYCT8rBZlP2NCRejbhiBu9_Kkc-t7hEg8-QrQZJ_OnUe5vHxO8hxoCviMQAvD_BwE" }, "geometry": { "type": "Point", "coordinates": [ 139.65142979999996, 35.9207743 ] } },
{ "type": "Feature", "properties": { "内容": "福祉用具　匠【福祉用具貸与】埼玉県さいたま市中央区下落合3-7-1飯塚ビル102", "url": "https://www.kaigokensaku.mhlw.go.jp/11/index.php?action_kouhyou_detail_004_kani=true&JigyosyoCd=1176519542-00&ServiceCd=170&Type=search", "url2": null }, "geometry": { "type": "Point", "coordinates": [ 139.6300522, 35.8814893 ] } },
{ "type": "Feature", "properties": { "内容": "スター福祉用具サービス【福祉用具貸与】さいたま市桜区田島４－４１－８", "url": "https://www.kaigokensaku.mhlw.go.jp/11/index.php?action_kouhyou_detail_004_kani=true&JigyosyoCd=1176503884-00&ServiceCd=170&Type=search", "url2": "https://starhoumon.com" }, "geometry": { "type": "Point", "coordinates": [ 139.626781599999958, 35.8467555 ] } },
{ "type": "Feature", "properties": { "内容": "やまもと企画株式会社　関東営業部【福祉用具貸与】埼玉県さいたま市桜区町谷3丁目9番12号2F", "url": "https://www.kaigokensaku.mhlw.go.jp/11/index.php?action_kouhyou_detail_004_kani=true&JigyosyoCd=1176518411-00&ServiceCd=170&Type=search", "url2": null }, "geometry": { "type": "Point", "coordinates": [ 139.6208311, 35.8583532 ] } },
{ "type": "Feature", "properties": { "内容": "愛希【福祉用具貸与】埼玉県さいたま市桜区田島４－３８－３", "url": "https://www.kaigokensaku.mhlw.go.jp/11/index.php?action_kouhyou_detail_004_kani=true&JigyosyoCd=1176502084-00&ServiceCd=170&Type=search", "url2": "http://www.aiki-kaigo.jp/" }, "geometry": { "type": "Point", "coordinates": [ 139.627056499999981, 35.8486386 ] } },
{ "type": "Feature", "properties": { "内容": "株式会社ジェー・シー・アイ　さいたま支店【福祉用具貸与】埼玉県さいたま市桜区田島4-18-17中村分店ビル", "url": "https://www.kaigokensaku.mhlw.go.jp/11/index.php?action_kouhyou_detail_004_kani=true&JigyosyoCd=1176516399-00&ServiceCd=170&Type=search", "url2": "http://www.jci-1000nen.co.jp" }, "geometry": { "type": "Point", "coordinates": [ 139.6302321, 35.8483907 ] } },
{ "type": "Feature", "properties": { "内容": "戸田介護支援サービス【福祉用具貸与】さいたま市桜区栄和1-24-1大栄ビル101", "url": "https://www.kaigokensaku.mhlw.go.jp/11/index.php?action_kouhyou_detail_004_kani=true&JigyosyoCd=1171900143-00&ServiceCd=170&Type=search", "url2": null }, "geometry": { "type": "Point", "coordinates": [ 139.614576599999964, 35.8622228 ] } },
{ "type": "Feature", "properties": { "内容": "福祉用具とも　さいたま【福祉用具貸与】埼玉県さいたま市桜区白鍬758-1パストラルNo6　104号", "url": "https://www.kaigokensaku.mhlw.go.jp/11/index.php?action_kouhyou_detail_004_kani=true&JigyosyoCd=1176520789-00&ServiceCd=170&Type=search", "url2": null }, "geometry": { "type": "Point", "coordinates": [ 139.60766, 35.8820511 ] } },
{ "type": "Feature", "properties": { "内容": "ワーマーケア【福祉用具貸与】埼玉県さいたま市浦和区上木崎7-1-36", "url": "https://www.kaigokensaku.mhlw.go.jp/11/index.php?action_kouhyou_detail_004_kani=true&JigyosyoCd=1176521316-00&ServiceCd=170&Type=search", "url2": null }, "geometry": { "type": "Point", "coordinates": [ 139.649012209786946, 35.887755653926021 ] } },
{ "type": "Feature", "properties": { "内容": "さわやかケアうらわ・福祉用具【福祉用具貸与】さいたま市浦和区前地3－14－12　第2スミダビル3階", "url": "https://www.kaigokensaku.mhlw.go.jp/11/index.php?action_kouhyou_detail_004_kani=true&JigyosyoCd=1176505186-00&ServiceCd=170&Type=search", "url2": "https://www.welcia-partners.co.jp/" }, "geometry": { "type": "Point", "coordinates": [ 139.666055899999947, 35.8604865 ] } },
{ "type": "Feature", "properties": { "内容": "アズミメディケアセンター浦和【福祉用具貸与】埼玉県さいたま市浦和区岸町７－１－４", "url": "https://www.kaigokensaku.mhlw.go.jp/11/index.php?action_kouhyou_detail_004_kani=true&JigyosyoCd=1170101065-00&ServiceCd=170&Type=search", "url2": "https://www.azumicorp.jp/" }, "geometry": { "type": "Point", "coordinates": [ 139.654226, 35.8559743 ] } },
{ "type": "Feature", "properties": { "内容": "どんぐり【福祉用具貸与】埼玉県さいたま市浦和区常盤3-23-7大黒屋レジデンス2-102", "url": "https://www.kaigokensaku.mhlw.go.jp/11/index.php?action_kouhyou_detail_004_kani=true&JigyosyoCd=1170100745-00&ServiceCd=170&Type=search", "url2": "http://www.wis110.com/fujiken/" }, "geometry": { "type": "Point", "coordinates": [ 139.64939830000003, 35.8696618 ] } },
{ "type": "Feature", "properties": { "内容": "さいたま福祉用具相談所【福祉用具貸与】埼玉県さいたま市浦和区瀬ケ崎2－16－5", "url": "https://www.kaigokensaku.mhlw.go.jp/11/index.php?action_kouhyou_detail_004_kani=true&JigyosyoCd=1176519898-00&ServiceCd=170&Type=search", "url2": null }, "geometry": { "type": "Point", "coordinates": [ 139.653896300000014, 35.9591351 ] } },
{ "type": "Feature", "properties": { "内容": "株式会社セレモニー　あっぷるさいたま店【福祉用具貸与】埼玉県さいたま市浦和区常盤9-4-13", "url": "https://www.kaigokensaku.mhlw.go.jp/11/index.php?action_kouhyou_detail_004_kani=true&JigyosyoCd=1170100299-00&ServiceCd=170&Type=search", "url2": "http://www.fukushiyougu.jp/" }, "geometry": { "type": "Point", "coordinates": [ 139.646218099999942, 35.8677342 ] } },
{ "type": "Feature", "properties": { "内容": "福祉用具ほほえみ【福祉用具貸与】さいたま市浦和区高砂２－１－１明治安田生命浦和ビル４階", "url": "https://www.kaigokensaku.mhlw.go.jp/11/index.php?action_kouhyou_detail_004_kani=true&JigyosyoCd=1176500450-00&ServiceCd=170&Type=search", "url2": "http://therapy-hohoemi.co.jp/" }, "geometry": { "type": "Point", "coordinates": [ 139.6550231, 35.8575214 ] } },
{ "type": "Feature", "properties": { "内容": "あおぞら福祉用具【福祉用具貸与】木崎1-1-6", "url": "https://www.kaigokensaku.mhlw.go.jp/11/index.php?action_kouhyou_detail_004_kani=true&JigyosyoCd=1176520672-00&ServiceCd=170&Type=search", "url2": null }, "geometry": { "type": "Point", "coordinates": [ 139.656937, 35.8841361 ] } },
{ "type": "Feature", "properties": { "内容": "株式会社　グリーンフィールド〔平成22年度新規事業所〕【福祉用具貸与】埼玉県さいたま市浦和区木崎４丁目１７番１号バロンズキザキ1階", "url": "https://www.kaigokensaku.mhlw.go.jp/11/index.php?action_kouhyou_detail_004_kani=true&JigyosyoCd=1176508867-00&ServiceCd=170&Type=search", "url2": "http://greenfield0888.jp" }, "geometry": { "type": "Point", "coordinates": [ 139.661080099999907, 35.8865512 ] } },
{ "type": "Feature", "properties": { "内容": "株式会社ヤマシタ浦和営業所【福祉用具貸与】埼玉県さいたま市南区辻1-23-8サニーパーク壱番館１０１号室", "url": "https://www.kaigokensaku.mhlw.go.jp/11/index.php?action_kouhyou_detail_004_kani=true&JigyosyoCd=1176516977-00&ServiceCd=170&Type=search", "url2": "http://www.yco.co.jp/" }, "geometry": { "type": "Point", "coordinates": [ 139.664250544769828, 35.838766592680351 ] } },
{ "type": "Feature", "properties": { "内容": "株式会社愛安住　さいたま営業所【福祉用具貸与】埼玉県さいたま市南区文蔵2丁目2番1号　2階", "url": "https://www.kaigokensaku.mhlw.go.jp/11/index.php?action_kouhyou_detail_004_kani=true&JigyosyoCd=1176517330-00&ServiceCd=170&Type=search", "url2": "https://www.aianju.co.jp/" }, "geometry": { "type": "Point", "coordinates": [ 139.669644, 35.8444071 ] } },
{ "type": "Feature", "properties": { "内容": "フランスベッド株式会社メディカル浦和営業所【福祉用具貸与】埼玉県さいたま市南区南浦和2-2-14サントルヴィラージュ102", "url": "https://www.kaigokensaku.mhlw.go.jp/11/index.php?action_kouhyou_detail_004_kani=true&JigyosyoCd=1176515417-00&ServiceCd=170&Type=search", "url2": "http://www.francebed.co.jp/" }, "geometry": { "type": "Point", "coordinates": [ 139.668286099999932, 35.8498168 ] } },
{ "type": "Feature", "properties": { "内容": "サン＆グリーン薬局【福祉用具貸与】埼玉県さいたま市緑区松木3-16-11", "url": "https://www.kaigokensaku.mhlw.go.jp/11/index.php?action_kouhyou_detail_004_kani=true&JigyosyoCd=1176516555-00&ServiceCd=170&Type=search", "url2": "https://sun-and-green-ph.com/" }, "geometry": { "type": "Point", "coordinates": [ 139.688291599999957, 35.8838381 ] } },
{ "type": "Feature", "properties": { "内容": "株式会社ライズケアサービス【福祉用具貸与】埼玉県さいたま市緑区東浦和7-26-16", "url": "https://www.kaigokensaku.mhlw.go.jp/11/index.php?action_kouhyou_detail_004_kani=true&JigyosyoCd=1176520706-00&ServiceCd=170&Type=search", "url2": null }, "geometry": { "type": "Point", "coordinates": [ 139.703122799999989, 35.8725857 ] } },
{ "type": "Feature", "properties": { "内容": "アリス福祉用具【福祉用具貸与】さいたま市岩槻区城南１－６－５３－９", "url": "https://www.kaigokensaku.mhlw.go.jp/11/index.php?action_kouhyou_detail_004_kani=true&JigyosyoCd=1176513446-00&ServiceCd=170&Type=search", "url2": "http://arisutanaka.web.fc2.com/" }, "geometry": { "type": "Point", "coordinates": [ 139.7014438, 35.9401067 ] } },
{ "type": "Feature", "properties": { "内容": "株式会社さいたま福祉サービス本社事業所【福祉用具貸与】埼玉県さいたま市岩槻区南平野3-1-4", "url": "https://www.kaigokensaku.mhlw.go.jp/11/index.php?action_kouhyou_detail_004_kani=true&JigyosyoCd=1176504684-00&ServiceCd=170&Type=search", "url2": "http://www.saitama-fukushi.jp" }, "geometry": { "type": "Point", "coordinates": [ 139.715978838514758, 35.956610885669527 ] } },
{ "type": "Feature", "properties": { "内容": "有限会社岩槻市薬剤会事業部会「岩槻介護」【福祉用具貸与】さいたま市岩槻区東町2-6-35", "url": "https://www.kaigokensaku.mhlw.go.jp/11/index.php?action_kouhyou_detail_004_kani=true&JigyosyoCd=1170700031-00&ServiceCd=170&Type=search", "url2": null }, "geometry": { "type": "Point", "coordinates": [ 139.70220740000002, 35.9442117 ] } },
{ "type": "Feature", "properties": { "内容": "コンフォケア【福祉用具貸与】埼玉県さいたま市岩槻区岩槻6803-1", "url": "https://www.kaigokensaku.mhlw.go.jp/11/index.php?action_kouhyou_detail_004_kani=true&JigyosyoCd=1176511663-00&ServiceCd=170&Type=search", "url2": "http://さいたま介護.com" }, "geometry": { "type": "Point", "coordinates": [ 139.696776081680412, 35.964839596782866 ] } },
{ "type": "Feature", "properties": { "内容": "株式会社フロンティア　川越営業所【福祉用具貸与】富士見町3-2アビタシオン川越1階", "url": "https://www.kaigokensaku.mhlw.go.jp/11/index.php?action_kouhyou_detail_004_kani=true&JigyosyoCd=1170405011-00&ServiceCd=170&Type=search", "url2": "https://www.frontier-ph.com/company/" }, "geometry": { "type": "Point", "coordinates": [ 139.396871415485066, 35.698634492232166 ] } },
{ "type": "Feature", "properties": { "内容": "フランスベッド株式会社　メディカル川越営業所【福祉用具貸与】埼玉県川越市木野目1435-2", "url": "https://www.kaigokensaku.mhlw.go.jp/11/index.php?action_kouhyou_detail_004_kani=true&JigyosyoCd=1170405219-00&ServiceCd=170&Type=search", "url2": "https://www.francebed.co.jp/" }, "geometry": { "type": "Point", "coordinates": [ 139.5210595, 35.8978633 ] } },
{ "type": "Feature", "properties": { "内容": "株式会社イノベイションオブメディカルサービス川越営業所【福祉用具貸与】埼玉県川越市山田1641-5", "url": "https://www.kaigokensaku.mhlw.go.jp/11/index.php?action_kouhyou_detail_004_kani=true&JigyosyoCd=1170404618-00&ServiceCd=170&Type=search", "url2": "http://www.ims-inc.co.jp/" }, "geometry": { "type": "Point", "coordinates": [ 139.480183079762242, 35.942557158390642 ] } },
{ "type": "Feature", "properties": { "内容": "けあビジョン川越【福祉用具貸与】埼玉県川越市月吉町20-6月吉事務所B", "url": "https://www.kaigokensaku.mhlw.go.jp/11/index.php?action_kouhyou_detail_004_kani=true&JigyosyoCd=1170402307-00&ServiceCd=170&Type=search", "url2": "carev.kawagoe@kvisualvision.com" }, "geometry": { "type": "Point", "coordinates": [ 139.475419200000033, 35.9208565 ] } },
{ "type": "Feature", "properties": { "内容": "株式会社ヤマシタ川越営業所【福祉用具貸与】通町5‐4第一山田ビル302号", "url": "https://www.kaigokensaku.mhlw.go.jp/11/index.php?action_kouhyou_detail_004_kani=true&JigyosyoCd=1170404980-00&ServiceCd=170&Type=search", "url2": "http://www.yco.co.jp/" }, "geometry": { "type": "Point", "coordinates": [ 139.485421500000029, 35.9133385 ] } },
{ "type": "Feature", "properties": { "内容": "レンフォーム【福祉用具貸与】川越市笠幡2752番地2", "url": "https://www.kaigokensaku.mhlw.go.jp/11/index.php?action_kouhyou_detail_004_kani=true&JigyosyoCd=1170401648-00&ServiceCd=170&Type=search", "url2": null }, "geometry": { "type": "Point", "coordinates": [ 139.38681930000007, 35.9087424 ] } },
{ "type": "Feature", "properties": { "内容": "エミール川越福祉用具事業所【福祉用具貸与】川越市砂新田１－１３－１５", "url": "https://www.kaigokensaku.mhlw.go.jp/11/index.php?action_kouhyou_detail_004_kani=true&JigyosyoCd=1170401507-00&ServiceCd=170&Type=search", "url2": "http://www.emile-group.com" }, "geometry": { "type": "Point", "coordinates": [ 139.487155864036339, 35.893376512586002 ] } },
{ "type": "Feature", "properties": { "内容": "有限会社　カレント【福祉用具貸与】川越市大字笠幡4864番地8", "url": "https://www.kaigokensaku.mhlw.go.jp/11/index.php?action_kouhyou_detail_004_kani=true&JigyosyoCd=1170401630-00&ServiceCd=170&Type=search", "url2": null }, "geometry": { "type": "Point", "coordinates": [ 139.414015528186496, 35.908528685746681 ] } },
{ "type": "Feature", "properties": { "内容": "㈱やさしい住まいを考える会川越　介護ショップ歩【福祉用具貸与】埼玉県川越市鯨井1792", "url": "https://www.kaigokensaku.mhlw.go.jp/11/index.php?action_kouhyou_detail_004_kani=true&JigyosyoCd=1170403354-00&ServiceCd=170&Type=search", "url2": "http://www.yasasuma-kawagoe.com/" }, "geometry": { "type": "Point", "coordinates": [ 139.4402589, 35.9308203 ] } },
{ "type": "Feature", "properties": { "内容": "タムラ医療機器販売株式会社【福祉用具貸与】埼玉県川越市霞ケ関北２丁目２−１3", "url": "https://www.kaigokensaku.mhlw.go.jp/11/index.php?action_kouhyou_detail_004_kani=true&JigyosyoCd=1170400137-00&ServiceCd=170&Type=search", "url2": "http://www.tamurairyou.co.jp/" }, "geometry": { "type": "Point", "coordinates": [ 139.435856952203864, 35.925841063272678 ] } },
{ "type": "Feature", "properties": { "内容": "一般社団法人Hauskaa【福祉用具貸与】埼玉県川越市かすみ野１丁目１番地５Hauskaaかすみ野", "url": "https://www.kaigokensaku.mhlw.go.jp/11/index.php?action_kouhyou_detail_004_kani=true&JigyosyoCd=1170404675-00&ServiceCd=170&Type=search", "url2": "http://hauskaa.jp/" }, "geometry": { "type": "Point", "coordinates": [ 139.418435600000066, 35.9048989 ] } },
{ "type": "Feature", "properties": { "内容": "福祉用具　リベルテ【福祉用具貸与】埼玉県川越市むさし野4-2BLオフィスe", "url": "https://www.kaigokensaku.mhlw.go.jp/11/index.php?action_kouhyou_detail_004_kani=true&JigyosyoCd=1170403776-00&ServiceCd=170&Type=search", "url2": "https://enoki-group-e-cubecare.jp/" }, "geometry": { "type": "Point", "coordinates": [ 139.472393939533958, 35.89227661119368 ] } },
{ "type": "Feature", "properties": { "内容": "エフビー介護サービス株式会社　川越営業所【福祉用具貸与】埼玉県川越市岸町2-14-14", "url": "https://www.kaigokensaku.mhlw.go.jp/11/index.php?action_kouhyou_detail_004_kani=true&JigyosyoCd=1170404352-00&ServiceCd=170&Type=search", "url2": "http://www.fb-kaigo.co.jp/" }, "geometry": { "type": "Point", "coordinates": [ 139.489466399999969, 35.8965465 ] } },
{ "type": "Feature", "properties": { "内容": "パナソニックエイジフリーショップ川越【福祉用具貸与】埼玉県川越市上寺山494-1", "url": "https://www.kaigokensaku.mhlw.go.jp/11/index.php?action_kouhyou_detail_004_kani=true&JigyosyoCd=1170405110-00&ServiceCd=170&Type=search", "url2": null }, "geometry": { "type": "Point", "coordinates": [ 139.467750995788492, 35.935737808548666 ] } },
{ "type": "Feature", "properties": { "内容": "株式会社セリオ埼玉西営業所【福祉用具貸与】埼玉県川越市的場1丁目15-13", "url": "https://www.kaigokensaku.mhlw.go.jp/11/index.php?action_kouhyou_detail_004_kani=true&JigyosyoCd=1170405185-00&ServiceCd=170&Type=search", "url2": "https://serio888.net/" }, "geometry": { "type": "Point", "coordinates": [ 139.4275787, 35.9133337 ] } },
{ "type": "Feature", "properties": { "内容": "J・S・W【福祉用具貸与】埼玉県川越市砂新田4丁目7番地23", "url": "https://www.kaigokensaku.mhlw.go.jp/11/index.php?action_kouhyou_detail_004_kani=true&JigyosyoCd=1170400301-00&ServiceCd=170&Type=search", "url2": "http://ｊ-s-w.com" }, "geometry": { "type": "Point", "coordinates": [ 139.4912172085983, 35.886816161268534 ] } },
{ "type": "Feature", "properties": { "内容": "ダスキンヘルスレント川越ステーション【福祉用具貸与】埼玉県川越市稲荷町14-10", "url": "https://www.kaigokensaku.mhlw.go.jp/11/index.php?action_kouhyou_detail_004_kani=true&JigyosyoCd=1170405094-00&ServiceCd=170&Type=search", "url2": "https://healthrent.duskin.jp/" }, "geometry": { "type": "Point", "coordinates": [ 139.5029676, 35.8810319 ] } },
{ "type": "Feature", "properties": { "内容": "レンタルふくしのまち川越【福祉用具貸与】埼玉県川越市小仙波町3-6-8", "url": "https://www.kaigokensaku.mhlw.go.jp/11/index.php?action_kouhyou_detail_004_kani=true&JigyosyoCd=1176000113-00&ServiceCd=170&Type=search", "url2": "http://www.youism.co.jp" }, "geometry": { "type": "Point", "coordinates": [ 139.494719175573664, 35.91807174256391 ] } },
{ "type": "Feature", "properties": { "内容": "オールケアスタンドバイ【福祉用具貸与】埼玉県熊谷市肥塚1206B号室", "url": "https://www.kaigokensaku.mhlw.go.jp/11/index.php?action_kouhyou_detail_004_kani=true&JigyosyoCd=1173138833-00&ServiceCd=170&Type=search", "url2": null }, "geometry": { "type": "Point", "coordinates": [ 139.3859232, 36.1654428 ] } },
{ "type": "Feature", "properties": { "内容": "L＆Bレンタル【福祉用具貸与】埼玉県熊谷市相上1854-3", "url": "https://www.kaigokensaku.mhlw.go.jp/11/index.php?action_kouhyou_detail_004_kani=true&JigyosyoCd=1173138825-00&ServiceCd=170&Type=search", "url2": null }, "geometry": { "type": "Point", "coordinates": [ 139.4160698, 36.0894442 ] } },
{ "type": "Feature", "properties": { "内容": "福祉用具サービス　希望【福祉用具貸与】埼玉県熊谷市中西2丁目８番地５", "url": "https://www.kaigokensaku.mhlw.go.jp/11/index.php?action_kouhyou_detail_004_kani=true&JigyosyoCd=1173138676-00&ServiceCd=170&Type=search", "url2": "https://www.esperanza2011.com/" }, "geometry": { "type": "Point", "coordinates": [ 139.3889796, 36.1471963 ] } },
{ "type": "Feature", "properties": { "内容": "ケアセンターあかね上武営業所【福祉用具貸与】埼玉県熊谷市拾六間1004", "url": "https://www.kaigokensaku.mhlw.go.jp/11/index.php?action_kouhyou_detail_004_kani=true&JigyosyoCd=1173102284-00&ServiceCd=170&Type=search", "url2": "https://www.lifeterrace.jp/" }, "geometry": { "type": "Point", "coordinates": [ 139.318011800000022, 36.1632119 ] } },
{ "type": "Feature", "properties": { "内容": "有限会社　ティオーエム企画　福祉用具貸与事業部【福祉用具貸与】熊谷市玉井南2丁目59番地", "url": "https://www.kaigokensaku.mhlw.go.jp/11/index.php?action_kouhyou_detail_004_kani=true&JigyosyoCd=1173100767-00&ServiceCd=170&Type=search", "url2": "www.tomkikaku.com" }, "geometry": { "type": "Point", "coordinates": [ 139.347104, 36.1745642 ] } },
{ "type": "Feature", "properties": { "内容": "おもいやり【福祉用具貸与】埼玉県熊谷市柿沼421", "url": "https://www.kaigokensaku.mhlw.go.jp/11/index.php?action_kouhyou_detail_004_kani=true&JigyosyoCd=1174501187-00&ServiceCd=170&Type=search", "url2": null }, "geometry": { "type": "Point", "coordinates": [ 139.38131963607222, 36.170895212659296 ] } },
{ "type": "Feature", "properties": { "内容": "もくれん介護サービス【福祉用具貸与】埼玉県熊谷市拾六間577-2", "url": "https://www.kaigokensaku.mhlw.go.jp/11/index.php?action_kouhyou_detail_004_kani=true&JigyosyoCd=1173102771-00&ServiceCd=170&Type=search", "url2": "https://www.mokuren-kaigo.com/" }, "geometry": { "type": "Point", "coordinates": [ 139.318937711639364, 36.162583030940674 ] } },
{ "type": "Feature", "properties": { "内容": "エフビー介護サービス株式会社　熊谷営業所【福祉用具貸与】埼玉県熊谷市新島148-4", "url": "https://www.kaigokensaku.mhlw.go.jp/11/index.php?action_kouhyou_detail_004_kani=true&JigyosyoCd=1173102037-00&ServiceCd=170&Type=search", "url2": "http://www.fb-kaigo.co.jp/" }, "geometry": { "type": "Point", "coordinates": [ 139.359734975718652, 36.163377664888323 ] } },
{ "type": "Feature", "properties": { "内容": "株式会社　栗原医療器械店　熊谷オフィス【福祉用具貸与】埼玉県熊谷市籠原南3丁目8番地", "url": "https://www.kaigokensaku.mhlw.go.jp/11/index.php?action_kouhyou_detail_004_kani=true&JigyosyoCd=1173102045-00&ServiceCd=170&Type=search", "url2": "http://www.kuribara.co.jp" }, "geometry": { "type": "Point", "coordinates": [ 139.326822, 36.1719695 ] } },
{ "type": "Feature", "properties": { "内容": "レンタルふくしのまち熊谷【福祉用具貸与】埼玉県熊谷市肥塚641-1", "url": "https://www.kaigokensaku.mhlw.go.jp/11/index.php?action_kouhyou_detail_004_kani=true&JigyosyoCd=1173103696-00&ServiceCd=170&Type=search", "url2": "https://www.youism.jp/" }, "geometry": { "type": "Point", "coordinates": [ 139.393431174868766, 36.163810072692527 ] } },
{ "type": "Feature", "properties": { "内容": "株式会社　ひかり【福祉用具貸与】埼玉県熊谷市美土里町２－５１－１", "url": "https://www.kaigokensaku.mhlw.go.jp/11/index.php?action_kouhyou_detail_004_kani=true&JigyosyoCd=1173102086-00&ServiceCd=170&Type=search", "url2": null }, "geometry": { "type": "Point", "coordinates": [ 139.313961375463123, 36.167426829306287 ] } },
{ "type": "Feature", "properties": { "内容": "株式会社石田屋　熊谷支店　松本材木店事業部【福祉用具貸与】埼玉県熊谷市石原804-5", "url": "https://www.kaigokensaku.mhlw.go.jp/11/index.php?action_kouhyou_detail_004_kani=true&JigyosyoCd=1173100528-00&ServiceCd=170&Type=search", "url2": "https://reform-club-kumagaya.jp" }, "geometry": { "type": "Point", "coordinates": [ 139.371328799999986, 36.151606 ] } },
{ "type": "Feature", "properties": { "内容": "グリーンフォレスト福祉用具センター【福祉用具貸与】広瀬800-2グリーンフォレストビレッジ", "url": "https://www.kaigokensaku.mhlw.go.jp/11/index.php?action_kouhyou_detail_004_kani=true&JigyosyoCd=1173103738-00&ServiceCd=170&Type=search", "url2": "http://www.gfv.jp/" }, "geometry": { "type": "Point", "coordinates": [ 139.353179399999988, 36.1473859 ] } },
{ "type": "Feature", "properties": { "内容": "介護生活応援ショップすずらん【福祉用具貸与】埼玉県熊谷市石原185番地3", "url": "https://www.kaigokensaku.mhlw.go.jp/11/index.php?action_kouhyou_detail_004_kani=true&JigyosyoCd=1173103373-00&ServiceCd=170&Type=search", "url2": "https://enisube.org" }, "geometry": { "type": "Point", "coordinates": [ 139.3640595374344, 36.159716904305803 ] } },
{ "type": "Feature", "properties": { "内容": "ＫＳＳ介護支援サービス株式会社【福祉用具貸与】熊谷市新堀１４３－１", "url": "https://www.kaigokensaku.mhlw.go.jp/11/index.php?action_kouhyou_detail_004_kani=true&JigyosyoCd=1173101153-00&ServiceCd=170&Type=search", "url2": null }, "geometry": { "type": "Point", "coordinates": [ 139.339551799999981, 36.1714727 ] } },
{ "type": "Feature", "properties": { "内容": "スマイルハート【福祉用具貸与】埼玉県熊谷市拾六間596-12", "url": "https://www.kaigokensaku.mhlw.go.jp/11/index.php?action_kouhyou_detail_004_kani=true&JigyosyoCd=1173103613-00&ServiceCd=170&Type=search", "url2": null }, "geometry": { "type": "Point", "coordinates": [ 139.319080699999972, 36.1667392 ] } },
{ "type": "Feature", "properties": { "内容": "福祉用具PONOPONO【福祉用具貸与】埼玉県川口市東領家2-36-18", "url": "https://www.kaigokensaku.mhlw.go.jp/11/index.php?action_kouhyou_detail_004_kani=true&JigyosyoCd=1170210262-00&ServiceCd=170&Type=search", "url2": "http://ponopono-fit.com/" }, "geometry": { "type": "Point", "coordinates": [ 139.7534032, 35.7979961 ] } },
{ "type": "Feature", "properties": { "内容": "株式会社　セリオ埼玉南営業所【福祉用具貸与】川口市東川口5-3-5", "url": "https://www.kaigokensaku.mhlw.go.jp/11/index.php?action_kouhyou_detail_004_kani=true&JigyosyoCd=1170204646-00&ServiceCd=170&Type=search", "url2": "http://www.serio888.net" }, "geometry": { "type": "Point", "coordinates": [ 139.749158399999942, 35.8800755 ] } },
{ "type": "Feature", "properties": { "内容": "株式会社あくび【福祉用具貸与】埼玉県川口市本町1-7-8ラ・メゾン・リブランA101", "url": "https://www.kaigokensaku.mhlw.go.jp/11/index.php?action_kouhyou_detail_004_kani=true&JigyosyoCd=1170206443-00&ServiceCd=170&Type=search", "url2": null }, "geometry": { "type": "Point", "coordinates": [ 139.724749299999985, 35.79524270000001 ] } },
{ "type": "Feature", "properties": { "内容": "株式会社かんきょう　埼玉支店【福祉用具貸与】埼玉県川口市東川口一丁目22番地4", "url": "https://www.kaigokensaku.mhlw.go.jp/11/index.php?action_kouhyou_detail_004_kani=true&JigyosyoCd=1170207698-00&ServiceCd=170&Type=search", "url2": "https://www.kankyonet.co.jp/" }, "geometry": { "type": "Point", "coordinates": [ 139.739106600000014, 35.8750509 ] } },
{ "type": "Feature", "properties": { "内容": "フランスベッド株式会社メディカル川口営業所【福祉用具貸与】埼玉県川口市芝新町6-15わらび市川ビル101", "url": "https://www.kaigokensaku.mhlw.go.jp/11/index.php?action_kouhyou_detail_004_kani=true&JigyosyoCd=1170801706-00&ServiceCd=170&Type=search", "url2": "http://www.francebed.co.jp" }, "geometry": { "type": "Point", "coordinates": [ 139.69345531719739, 35.828785105999273 ] } },
{ "type": "Feature", "properties": { "内容": "株式会社フロンティア川口営業所【福祉用具貸与】埼玉県川口市新井宿1005-1", "url": "https://www.kaigokensaku.mhlw.go.jp/11/index.php?action_kouhyou_detail_004_kani=true&JigyosyoCd=1170209702-00&ServiceCd=170&Type=search", "url2": "http://www.frontier-ph.com/" }, "geometry": { "type": "Point", "coordinates": [ 139.731996400000014, 35.8403493 ] } },
{ "type": "Feature", "properties": { "内容": "エミール・ホームケア【福祉用具貸与】埼玉県川口市上青木６丁目３９番１５号", "url": "https://www.kaigokensaku.mhlw.go.jp/11/index.php?action_kouhyou_detail_004_kani=true&JigyosyoCd=1170210031-00&ServiceCd=170&Type=search", "url2": null }, "geometry": { "type": "Point", "coordinates": [ 139.719481699999989, 35.8369441 ] } },
{ "type": "Feature", "properties": { "内容": "株式会社　ピュアホームズ【福祉用具貸与】埼玉県川口市芝１－１４－1", "url": "https://www.kaigokensaku.mhlw.go.jp/11/index.php?action_kouhyou_detail_004_kani=true&JigyosyoCd=1170201121-00&ServiceCd=170&Type=search", "url2": "https://pure-homes.com" }, "geometry": { "type": "Point", "coordinates": [ 139.700406118925343, 35.834043533841339 ] } },
{ "type": "Feature", "properties": { "内容": "株式会社　シルバーホクソン【福祉用具貸与】埼玉県川口市中青木２－２２－３４", "url": "https://www.kaigokensaku.mhlw.go.jp/11/index.php?action_kouhyou_detail_004_kani=true&JigyosyoCd=1170200222-00&ServiceCd=170&Type=search", "url2": "http://www.hoxon.net/" }, "geometry": { "type": "Point", "coordinates": [ 139.722646199999986, 35.8111678 ] } },
{ "type": "Feature", "properties": { "内容": "有限会社　きぼう【福祉用具貸与】埼玉県川口市赤山26-13ビューテラス105", "url": "https://www.kaigokensaku.mhlw.go.jp/11/index.php?action_kouhyou_detail_004_kani=true&JigyosyoCd=1170201824-00&ServiceCd=170&Type=search", "url2": null }, "geometry": { "type": "Point", "coordinates": [ 139.751767735936482, 35.846772591324296 ] } },
{ "type": "Feature", "properties": { "内容": "ロイヤルエイド【福祉用具貸与】青木2丁目5-24ロイヤル川口1階", "url": "https://www.kaigokensaku.mhlw.go.jp/11/index.php?action_kouhyou_detail_004_kani=true&JigyosyoCd=1170208266-00&ServiceCd=170&Type=search", "url2": null }, "geometry": { "type": "Point", "coordinates": [ 139.72617893558197, 35.808126323216271 ] } },
{ "type": "Feature", "properties": { "内容": "ミルケア【福祉用具貸与】柳崎3-21-3　1階", "url": "https://www.kaigokensaku.mhlw.go.jp/11/index.php?action_kouhyou_detail_004_kani=true&JigyosyoCd=1170209918-00&ServiceCd=170&Type=search", "url2": null }, "geometry": { "type": "Point", "coordinates": [ 139.69618466373305, 35.855225890104009 ] } },
{ "type": "Feature", "properties": { "内容": "アズミメディケアセンター埼玉【福祉用具貸与】埼玉県川口市芝4-7-24", "url": "https://www.kaigokensaku.mhlw.go.jp/11/index.php?action_kouhyou_detail_004_kani=true&JigyosyoCd=1170200131-00&ServiceCd=170&Type=search", "url2": "https://www.azumicorp.jp/" }, "geometry": { "type": "Point", "coordinates": [ 139.6918372, 35.8322694 ] } },
{ "type": "Feature", "properties": { "内容": "まっかな花　川口草加【福祉用具貸与】埼玉県川口市大字新堀993番地の8", "url": "https://www.kaigokensaku.mhlw.go.jp/11/index.php?action_kouhyou_detail_004_kani=true&JigyosyoCd=1170208191-00&ServiceCd=170&Type=search", "url2": null }, "geometry": { "type": "Point", "coordinates": [ 139.786149209497012, 35.825266805777062 ] } },
{ "type": "Feature", "properties": { "内容": "パナソニックエイジフリーショップ戸田川口西【福祉用具貸与】埼玉県川口市前川２－２６－８", "url": "https://www.kaigokensaku.mhlw.go.jp/11/index.php?action_kouhyou_detail_004_kani=true&JigyosyoCd=1170201857-00&ServiceCd=170&Type=search", "url2": "http://sc-village.jp/index.html" }, "geometry": { "type": "Point", "coordinates": [ 139.716351600000053, 35.8364216 ] } },
{ "type": "Feature", "properties": { "内容": "福祉用具貸与・販売よつば【福祉用具貸与】埼玉県川口市安行北谷594-1", "url": "https://www.kaigokensaku.mhlw.go.jp/11/index.php?action_kouhyou_detail_004_kani=true&JigyosyoCd=1170207375-00&ServiceCd=170&Type=search", "url2": null }, "geometry": { "type": "Point", "coordinates": [ 139.775869739179569, 35.837913988796998 ] } },
{ "type": "Feature", "properties": { "内容": "ラック川口【福祉用具貸与】川口市本町3-3-8", "url": "https://www.kaigokensaku.mhlw.go.jp/11/index.php?action_kouhyou_detail_004_kani=true&JigyosyoCd=1170204554-00&ServiceCd=170&Type=search", "url2": "http://www.lac1.com" }, "geometry": { "type": "Point", "coordinates": [ 139.72263290344992, 35.80019319510572 ] } },
{ "type": "Feature", "properties": { "内容": "アビリティーズ・ケアネット株式会社さいたま営業所【福祉用具貸与】埼玉県川口市金山町３－１５井ノ浦ビル１F", "url": "https://www.kaigokensaku.mhlw.go.jp/11/index.php?action_kouhyou_detail_004_kani=true&JigyosyoCd=1170202079-00&ServiceCd=170&Type=search", "url2": "https://www.abilities.jp/" }, "geometry": { "type": "Point", "coordinates": [ 139.72142665193968, 35.797816304480328 ] } },
{ "type": "Feature", "properties": { "内容": "ウェルハウス福祉用具販売貸与事業所【福祉用具貸与】埼玉県川口市木曽呂４９７番地１２", "url": "https://www.kaigokensaku.mhlw.go.jp/11/index.php?action_kouhyou_detail_004_kani=true&JigyosyoCd=1170209223-00&ServiceCd=170&Type=search", "url2": "www.wellhouse1600.jp" }, "geometry": { "type": "Point", "coordinates": [ 139.728201, 35.8608276 ] } },
{ "type": "Feature", "properties": { "内容": "株式会社Ｍケアテック【福祉用具貸与】川口市芝１－４４－１３", "url": "https://www.kaigokensaku.mhlw.go.jp/11/index.php?action_kouhyou_detail_004_kani=true&JigyosyoCd=1170205098-00&ServiceCd=170&Type=search", "url2": null }, "geometry": { "type": "Point", "coordinates": [ 139.705514288764164, 35.835296227014418 ] } },
{ "type": "Feature", "properties": { "内容": "福祉用具こよ【福祉用具貸与】埼玉県川口市西青木1丁目26番9号RSビル303号室", "url": "https://www.kaigokensaku.mhlw.go.jp/11/index.php?action_kouhyou_detail_004_kani=true&JigyosyoCd=1170210098-00&ServiceCd=170&Type=search", "url2": null }, "geometry": { "type": "Point", "coordinates": [ 139.709426400000012, 35.814935 ] } },
{ "type": "Feature", "properties": { "内容": "株式会社　日本ケアーシステム【福祉用具貸与】埼玉県川口市南鳩ケ谷3-19-27", "url": "https://www.kaigokensaku.mhlw.go.jp/11/index.php?action_kouhyou_detail_004_kani=true&JigyosyoCd=1172000133-00&ServiceCd=170&Type=search", "url2": "http://www.nihon-caresystem.co.jp" }, "geometry": { "type": "Point", "coordinates": [ 139.7419999, 35.8154343 ] } },
{ "type": "Feature", "properties": { "内容": "リステ【福祉用具貸与】埼玉県川口市戸塚東1-27-24-1F", "url": "https://www.kaigokensaku.mhlw.go.jp/11/index.php?action_kouhyou_detail_004_kani=true&JigyosyoCd=1170205494-00&ServiceCd=170&Type=search", "url2": "http://www.aerainc.net" }, "geometry": { "type": "Point", "coordinates": [ 139.754464167372902, 35.874267529113503 ] } },
{ "type": "Feature", "properties": { "内容": "ベスト・ケアーレンタル事業部　川口【福祉用具貸与】埼玉県川口市芝5023", "url": "https://www.kaigokensaku.mhlw.go.jp/11/index.php?action_kouhyou_detail_004_kani=true&JigyosyoCd=1170208571-00&ServiceCd=170&Type=search", "url2": "http://ｗｗｗ.bestcare-kaigo.jp" }, "geometry": { "type": "Point", "coordinates": [ 139.688874385193913, 35.838901735358021 ] } },
{ "type": "Feature", "properties": { "内容": "サンテグラース【福祉用具貸与】埼玉県行田市持田3丁目27番19号", "url": "https://www.kaigokensaku.mhlw.go.jp/11/index.php?action_kouhyou_detail_004_kani=true&JigyosyoCd=1173700970-00&ServiceCd=170&Type=search", "url2": "http://hp.kaipoke.biz/xn2/" }, "geometry": { "type": "Point", "coordinates": [ 139.438020300000062, 36.1303658 ] } },
{ "type": "Feature", "properties": { "内容": "サンテグラースRプラス【福祉用具貸与】埼玉県行田市持田３丁目２７番地１９号2Fサンテグラース２F", "url": "https://www.kaigokensaku.mhlw.go.jp/11/index.php?action_kouhyou_detail_004_kani=true&JigyosyoCd=1173701200-00&ServiceCd=170&Type=search", "url2": "http://hp.kaipoke.biz/dm2/164404/index_0005.html" }, "geometry": { "type": "Point", "coordinates": [ 139.438101399999965, 36.130431099999988 ] } },
{ "type": "Feature", "properties": { "内容": "エミール行田福祉用具貸与事業所【福祉用具貸与】埼玉県行田市持田２丁目15-14", "url": "https://www.kaigokensaku.mhlw.go.jp/11/index.php?action_kouhyou_detail_004_kani=true&JigyosyoCd=1173700202-00&ServiceCd=170&Type=search", "url2": "http://www.emile-group.com/wp/" }, "geometry": { "type": "Point", "coordinates": [ 139.435656399999971, 36.1345151 ] } },
{ "type": "Feature", "properties": { "内容": "くまケア【福祉用具貸与】埼玉県行田市持田686-2", "url": "https://www.kaigokensaku.mhlw.go.jp/11/index.php?action_kouhyou_detail_004_kani=true&JigyosyoCd=1173701341-00&ServiceCd=170&Type=search", "url2": null }, "geometry": { "type": "Point", "coordinates": [ 139.4491425, 36.1271752 ] } },
{ "type": "Feature", "properties": { "内容": "株式会社同仁社　埼玉営業所【福祉用具貸与】埼玉県行田市門井３丁目２２－１５", "url": "https://www.kaigokensaku.mhlw.go.jp/11/index.php?action_kouhyou_detail_004_kani=true&JigyosyoCd=1173700707-00&ServiceCd=170&Type=search", "url2": "http://dojinsha.cues.ne.jp/" }, "geometry": { "type": "Point", "coordinates": [ 139.4425175, 36.120873 ] } },
{ "type": "Feature", "properties": { "内容": "あさひケアサービス福祉用具事業部【福祉用具貸与】埼玉県行田市持田2420ヴィラージュショウエイ", "url": "https://www.kaigokensaku.mhlw.go.jp/11/index.php?action_kouhyou_detail_004_kani=true&JigyosyoCd=1173701192-00&ServiceCd=170&Type=search", "url2": "https://www.village-shoei.jp/" }, "geometry": { "type": "Point", "coordinates": [ 139.425772099999989, 36.1374799 ] } },
{ "type": "Feature", "properties": { "内容": "株式会社　スマイルサポート　秩父バリアフリー館【福祉用具貸与】埼玉県秩父市大野原９７１", "url": "https://www.kaigokensaku.mhlw.go.jp/11/index.php?action_kouhyou_detail_004_kani=true&JigyosyoCd=1174900173-00&ServiceCd=170&Type=search", "url2": "http://bfkan.com/" }, "geometry": { "type": "Point", "coordinates": [ 139.10055, 36.0232268 ] } },
{ "type": "Feature", "properties": { "内容": "株式会社荒川瀧石　グリーンケア秩父店【福祉用具貸与】埼玉県秩父市上影森815番地", "url": "https://www.kaigokensaku.mhlw.go.jp/11/index.php?action_kouhyou_detail_004_kani=true&JigyosyoCd=1174900868-00&ServiceCd=170&Type=search", "url2": "http://www.atc-greencare.com/" }, "geometry": { "type": "Point", "coordinates": [ 139.070012013101746, 35.981193588624578 ] } },
{ "type": "Feature", "properties": { "内容": "なの花介護用品レンタル事業所【福祉用具貸与】埼玉県秩父市黒谷1387-1", "url": "https://www.kaigokensaku.mhlw.go.jp/11/index.php?action_kouhyou_detail_004_kani=true&JigyosyoCd=1174901122-00&ServiceCd=170&Type=search", "url2": "nanohanacare1@amail.plala.or.jp" }, "geometry": { "type": "Point", "coordinates": [ 139.11092210000001, 36.028609299999985 ] } },
{ "type": "Feature", "properties": { "内容": "介護ショップ　しおん【福祉用具貸与】埼玉県秩父市桜木町11-21", "url": "https://www.kaigokensaku.mhlw.go.jp/11/index.php?action_kouhyou_detail_004_kani=true&JigyosyoCd=1174900462-00&ServiceCd=170&Type=search", "url2": null }, "geometry": { "type": "Point", "coordinates": [ 139.0813918, 36.0040456 ] } },
{ "type": "Feature", "properties": { "内容": "コーハンケアエイド所沢【福祉用具貸与】所沢市下富７０４－２", "url": "https://www.kaigokensaku.mhlw.go.jp/11/index.php?action_kouhyou_detail_004_kani=true&JigyosyoCd=1172503474-00&ServiceCd=170&Type=search", "url2": null }, "geometry": { "type": "Point", "coordinates": [ 139.4652317, 35.8300593 ] } },
{ "type": "Feature", "properties": { "内容": "フランスベッド株式会社メディカル所沢営業所【福祉用具貸与】埼玉県所沢市東所沢和田二丁目18番地16", "url": "https://www.kaigokensaku.mhlw.go.jp/11/index.php?action_kouhyou_detail_004_kani=true&JigyosyoCd=1172503342-00&ServiceCd=170&Type=search", "url2": "http://www.francebed.co.jp" }, "geometry": { "type": "Point", "coordinates": [ 139.507426200000026, 35.7946233 ] } },
{ "type": "Feature", "properties": { "内容": "ダスキンヘルスレント所沢ステーション【福祉用具貸与】埼玉県所沢市下安松９４３－１", "url": "https://www.kaigokensaku.mhlw.go.jp/11/index.php?action_kouhyou_detail_004_kani=true&JigyosyoCd=1172502146-00&ServiceCd=170&Type=search", "url2": null }, "geometry": { "type": "Point", "coordinates": [ 139.5035239, 35.7905071 ] } },
{ "type": "Feature", "properties": { "内容": "ビーズ　ビー【福祉用具貸与】埼玉県所沢市小手指町１－１３－２３", "url": "https://www.kaigokensaku.mhlw.go.jp/11/index.php?action_kouhyou_detail_004_kani=true&JigyosyoCd=1172504241-00&ServiceCd=170&Type=search", "url2": "https://snbee.co.jp/" }, "geometry": { "type": "Point", "coordinates": [ 139.437214351273269, 35.802818105574659 ] } },
{ "type": "Feature", "properties": { "内容": "株式会社　栗原医療器械店　所沢オフィス【福祉用具貸与】埼玉県所沢市東所沢3丁目13番9", "url": "https://www.kaigokensaku.mhlw.go.jp/11/index.php?action_kouhyou_detail_004_kani=true&JigyosyoCd=1172504332-00&ServiceCd=170&Type=search", "url2": "http://www.kuribara.co.jp" }, "geometry": { "type": "Point", "coordinates": [ 139.518061100000068, 35.8017504 ] } },
{ "type": "Feature", "properties": { "内容": "そうわテイクハート【福祉用具貸与】埼玉県所沢市松葉町16-2", "url": "https://www.kaigokensaku.mhlw.go.jp/11/index.php?action_kouhyou_detail_004_kani=true&JigyosyoCd=1172504928-00&ServiceCd=170&Type=search", "url2": "http://www.sowatakeheart.jp/" }, "geometry": { "type": "Point", "coordinates": [ 139.457144200000016, 35.8078673 ] } },
{ "type": "Feature", "properties": { "内容": "株式会社トーカイ所沢営業所【福祉用具貸与】埼玉県所沢市東所沢和田1-42-6", "url": "https://www.kaigokensaku.mhlw.go.jp/11/index.php?action_kouhyou_detail_004_kani=true&JigyosyoCd=1172503532-00&ServiceCd=170&Type=search", "url2": "https://www.tokai-corp.com/" }, "geometry": { "type": "Point", "coordinates": [ 139.507742085830728, 35.790334055472144 ] } },
{ "type": "Feature", "properties": { "内容": "東洋ケアサービス株式会社　さいたま西支店【福祉用具貸与】埼玉県所沢市若松町2015-2", "url": "https://www.kaigokensaku.mhlw.go.jp/11/index.php?action_kouhyou_detail_004_kani=true&JigyosyoCd=1172505321-00&ServiceCd=170&Type=search", "url2": "http://www.toyocareservice.com" }, "geometry": { "type": "Point", "coordinates": [ 139.484034587013525, 35.803714671561238 ] } },
{ "type": "Feature", "properties": { "内容": "ロイヤル・ヘルスケア【福祉用具貸与】所沢市旭町7-9", "url": "https://www.kaigokensaku.mhlw.go.jp/11/index.php?action_kouhyou_detail_004_kani=true&JigyosyoCd=1173201474-00&ServiceCd=170&Type=search", "url2": "http://syasouken.com/index.html" }, "geometry": { "type": "Point", "coordinates": [ 139.475636378426344, 35.79075902833705 ] } },
{ "type": "Feature", "properties": { "内容": "あしたか　ケアステーション【福祉用具貸与】所沢市山口1254-4細谷ビル203", "url": "https://www.kaigokensaku.mhlw.go.jp/11/index.php?action_kouhyou_detail_004_kani=true&JigyosyoCd=1172503177-00&ServiceCd=170&Type=search", "url2": null }, "geometry": { "type": "Point", "coordinates": [ 139.4407988633061, 35.77912114087254 ] } },
{ "type": "Feature", "properties": { "内容": "吉澤屋　福祉用具サポート【福祉用具貸与】埼玉県所沢市山口1853-3", "url": "https://www.kaigokensaku.mhlw.go.jp/11/index.php?action_kouhyou_detail_004_kani=true&JigyosyoCd=1172501494-00&ServiceCd=170&Type=search", "url2": "http://www.yoshizawaya.co.jp" }, "geometry": { "type": "Point", "coordinates": [ 139.431320091965489, 35.777665545388246 ] } },
{ "type": "Feature", "properties": { "内容": "川村義肢株式会社　所沢サービスセンター【福祉用具貸与】埼玉県所沢市喜多町16-7第１武井ビル１階", "url": "https://www.kaigokensaku.mhlw.go.jp/11/index.php?action_kouhyou_detail_004_kani=true&JigyosyoCd=1172500421-00&ServiceCd=170&Type=search", "url2": "http://www.kawamura-gishi.co.jp" }, "geometry": { "type": "Point", "coordinates": [ 139.464504914802546, 35.79881392800965 ] } },
{ "type": "Feature", "properties": { "内容": "ヘルスケア西武営業所【福祉用具貸与】埼玉県所沢市三ヶ島2-740-4", "url": "https://www.kaigokensaku.mhlw.go.jp/11/index.php?action_kouhyou_detail_004_kani=true&JigyosyoCd=1172500116-00&ServiceCd=170&Type=search", "url2": "http://www.hcjapan.co.jp" }, "geometry": { "type": "Point", "coordinates": [ 139.408897458886543, 35.789928078832958 ] } },
{ "type": "Feature", "properties": { "内容": "介護ショップふれんず【福祉用具貸与】埼玉県所沢市所沢新町２５３２－６", "url": "https://www.kaigokensaku.mhlw.go.jp/11/index.php?action_kouhyou_detail_004_kani=true&JigyosyoCd=1172504001-00&ServiceCd=170&Type=search", "url2": "kaigoshop-friends.com" }, "geometry": { "type": "Point", "coordinates": [ 139.465745700000014, 35.8203697 ] } },
{ "type": "Feature", "properties": { "内容": "介護ショップ山手【福祉用具貸与】埼玉県飯能市山手町23-8", "url": "https://www.kaigokensaku.mhlw.go.jp/11/index.php?action_kouhyou_detail_004_kani=true&JigyosyoCd=1172600312-00&ServiceCd=170&Type=search", "url2": "https://yamatekaigo.com" }, "geometry": { "type": "Point", "coordinates": [ 139.314193728149718, 35.861226669239592 ] } },
{ "type": "Feature", "properties": { "内容": "みらいふcare【福祉用具貸与】埼玉県飯能市双柳428-10", "url": "https://www.kaigokensaku.mhlw.go.jp/11/index.php?action_kouhyou_detail_004_kani=true&JigyosyoCd=1172601245-00&ServiceCd=170&Type=search", "url2": "http://fujipuri.html.xdomain.jp/milifecare/" }, "geometry": { "type": "Point", "coordinates": [ 139.3308386, 35.8583277 ] } },
{ "type": "Feature", "properties": { "内容": "エミール加須福祉用具事業所【福祉用具貸与】埼玉県加須市花崎１丁目２１－１２", "url": "https://www.kaigokensaku.mhlw.go.jp/11/index.php?action_kouhyou_detail_004_kani=true&JigyosyoCd=1173800705-00&ServiceCd=170&Type=search", "url2": "http://www.emile-group.com/" }, "geometry": { "type": "Point", "coordinates": [ 139.633413338237006, 36.108807162844315 ] } },
{ "type": "Feature", "properties": { "内容": "ひまわり館加須営業所【福祉用具貸与】埼玉県加須市不動岡1-5-40", "url": "https://www.kaigokensaku.mhlw.go.jp/11/index.php?action_kouhyou_detail_004_kani=true&JigyosyoCd=1173800473-00&ServiceCd=170&Type=search", "url2": "http://www.fujielectric.co.jp/fols" }, "geometry": { "type": "Point", "coordinates": [ 139.592225900000017, 36.1321433 ] } },
{ "type": "Feature", "properties": { "内容": "ダスキンヘルスレント加須ステーション【福祉用具貸与】埼玉県加須市大桑１－２５－１０", "url": "https://www.kaigokensaku.mhlw.go.jp/11/index.php?action_kouhyou_detail_004_kani=true&JigyosyoCd=1173801448-00&ServiceCd=170&Type=search", "url2": "https://www.duskin-midori.co.jp/" }, "geometry": { "type": "Point", "coordinates": [ 139.64266555026245, 36.118692233653185 ] } },
{ "type": "Feature", "properties": { "内容": "株式会社　三笑【福祉用具貸与】埼玉県加須市久下２丁目３０－４", "url": "https://www.kaigokensaku.mhlw.go.jp/11/index.php?action_kouhyou_detail_004_kani=true&JigyosyoCd=1173800036-00&ServiceCd=170&Type=search", "url2": null }, "geometry": { "type": "Point", "coordinates": [ 139.613953, 36.119051 ] } },
{ "type": "Feature", "properties": { "内容": "株式会社　木のかほり【福祉用具貸与】埼玉県加須市内田ケ谷1196-5", "url": "https://www.kaigokensaku.mhlw.go.jp/11/index.php?action_kouhyou_detail_004_kani=true&JigyosyoCd=1173801059-00&ServiceCd=170&Type=search", "url2": "http://hp.kaipoke.biz/4du/" }, "geometry": { "type": "Point", "coordinates": [ 139.565605713491777, 36.110647060515106 ] } },
{ "type": "Feature", "properties": { "内容": "福祉用具レンタル・販売　むさし【福祉用具貸与】埼玉県本庄市朝日町三丁目１番４０号", "url": "https://www.kaigokensaku.mhlw.go.jp/11/index.php?action_kouhyou_detail_004_kani=true&JigyosyoCd=1174301075-00&ServiceCd=170&Type=search", "url2": "http://www.musashi-service.co.jp" }, "geometry": { "type": "Point", "coordinates": [ 139.191207100000042, 36.2309574 ] } },
{ "type": "Feature", "properties": { "内容": "福祉用具あいのて【福祉用具貸与】共栄70", "url": "https://www.kaigokensaku.mhlw.go.jp/11/index.php?action_kouhyou_detail_004_kani=true&JigyosyoCd=1174301935-00&ServiceCd=170&Type=search", "url2": null }, "geometry": { "type": "Point", "coordinates": [ 134.0340927, 35.0589126 ] } },
{ "type": "Feature", "properties": { "内容": "在宅介護本庄福祉用具【福祉用具貸与】埼玉県本庄市早稲田の杜4-16-12", "url": "https://www.kaigokensaku.mhlw.go.jp/11/index.php?action_kouhyou_detail_004_kani=true&JigyosyoCd=1174301216-00&ServiceCd=170&Type=search", "url2": "http://www.lifeplan-kaigo.jp/" }, "geometry": { "type": "Point", "coordinates": [ 139.185948579662295, 36.225753526216806 ] } },
{ "type": "Feature", "properties": { "内容": "福祉用具　大谷【福祉用具貸与】埼玉県東松山市松本町1-2-27", "url": "https://www.kaigokensaku.mhlw.go.jp/11/index.php?action_kouhyou_detail_004_kani=true&JigyosyoCd=1173301605-00&ServiceCd=170&Type=search", "url2": null }, "geometry": { "type": "Point", "coordinates": [ 139.4072921, 36.0404851 ] } },
{ "type": "Feature", "properties": { "内容": "ダスキンヘルスレント東松山ステーション【福祉用具貸与】埼玉県東松山市松本町2-1-49シンワコーポ101", "url": "https://www.kaigokensaku.mhlw.go.jp/11/index.php?action_kouhyou_detail_004_kani=true&JigyosyoCd=1173300383-00&ServiceCd=170&Type=search", "url2": "https://healthrent.duskin.jp" }, "geometry": { "type": "Point", "coordinates": [ 139.397948, 36.039812500000011 ] } },
{ "type": "Feature", "properties": { "内容": "ひまわり館東松山営業所【福祉用具貸与】埼玉県東松山市新宿町25-12", "url": "https://www.kaigokensaku.mhlw.go.jp/11/index.php?action_kouhyou_detail_004_kani=true&JigyosyoCd=1173301316-00&ServiceCd=170&Type=search", "url2": "https://www.himawarikan.co.jp/" }, "geometry": { "type": "Point", "coordinates": [ 139.422521056188543, 36.032316537135735 ] } },
{ "type": "Feature", "properties": { "内容": "レンタルふくしのまち東松山【福祉用具貸与】埼玉県東松山市元宿1-31-1", "url": "https://www.kaigokensaku.mhlw.go.jp/11/index.php?action_kouhyou_detail_004_kani=true&JigyosyoCd=1173300029-00&ServiceCd=170&Type=search", "url2": "https://www.youism.jp/" }, "geometry": { "type": "Point", "coordinates": [ 139.3977112, 35.998556 ] } },
{ "type": "Feature", "properties": { "内容": "株式会社　髙橋医科器械店　東松山営業所【福祉用具貸与】埼玉県東松山市今泉111－3", "url": "https://www.kaigokensaku.mhlw.go.jp/11/index.php?action_kouhyou_detail_004_kani=true&JigyosyoCd=1173300052-00&ServiceCd=170&Type=search", "url2": "http://www.takahashiika.co.jp" }, "geometry": { "type": "Point", "coordinates": [ 139.434033399999947, 36.0126885 ] } },
{ "type": "Feature", "properties": { "内容": "エール・ケア　東松山【福祉用具貸与】東松山市神明町2-16-15", "url": "https://www.kaigokensaku.mhlw.go.jp/11/index.php?action_kouhyou_detail_004_kani=true&JigyosyoCd=1173301563-00&ServiceCd=170&Type=search", "url2": null }, "geometry": { "type": "Point", "coordinates": [ 139.405368, 36.0276339 ] } },
{ "type": "Feature", "properties": { "内容": "うぃっちーず【福祉用具貸与】埼玉県春日部市上蛭田529-3ヤカタビル201", "url": "https://www.kaigokensaku.mhlw.go.jp/11/index.php?action_kouhyou_detail_004_kani=true&JigyosyoCd=1170604134-00&ServiceCd=170&Type=search", "url2": "https://www.witches0612.com/" }, "geometry": { "type": "Point", "coordinates": [ 139.7275367, 35.9663479 ] } },
{ "type": "Feature", "properties": { "内容": "福祉用具のサンライズ【福祉用具貸与】埼玉県春日部市藤塚20258-4サンライズエース102号", "url": "https://www.kaigokensaku.mhlw.go.jp/11/index.php?action_kouhyou_detail_004_kani=true&JigyosyoCd=1170604100-00&ServiceCd=170&Type=search", "url2": null }, "geometry": { "type": "Point", "coordinates": [ 139.779266299999989, 35.9720355 ] } },
{ "type": "Feature", "properties": { "内容": "やさしいちから【福祉用具貸与】埼玉県春日部市大畑154-1", "url": "https://www.kaigokensaku.mhlw.go.jp/11/index.php?action_kouhyou_detail_004_kani=true&JigyosyoCd=1170604217-00&ServiceCd=170&Type=search", "url2": null }, "geometry": { "type": "Point", "coordinates": [ 139.771304500000014, 35.9485734 ] } },
{ "type": "Feature", "properties": { "内容": "さくらそう介護サービス【福祉用具貸与】埼玉県春日部市粕壁2丁目8番12号シカマビル207号室", "url": "https://www.kaigokensaku.mhlw.go.jp/11/index.php?action_kouhyou_detail_004_kani=true&JigyosyoCd=1170600306-00&ServiceCd=170&Type=search", "url2": "http://care-net.biz/11/sakurasoukaigo/" }, "geometry": { "type": "Point", "coordinates": [ 139.753029500000054, 35.983395 ] } },
{ "type": "Feature", "properties": { "内容": "エフビー介護サービス株式会社　春日部営業所【福祉用具貸与】埼玉県春日部市緑町6丁目4-6", "url": "https://www.kaigokensaku.mhlw.go.jp/11/index.php?action_kouhyou_detail_004_kani=true&JigyosyoCd=1170602401-00&ServiceCd=170&Type=search", "url2": "http://www.fb-kaigo.co.jp/" }, "geometry": { "type": "Point", "coordinates": [ 139.76724420000005, 35.96918 ] } },
{ "type": "Feature", "properties": { "内容": "きらら【福祉用具貸与】埼玉県春日部市大衾496-381", "url": "https://www.kaigokensaku.mhlw.go.jp/11/index.php?action_kouhyou_detail_004_kani=true&JigyosyoCd=1170603193-00&ServiceCd=170&Type=search", "url2": null }, "geometry": { "type": "Point", "coordinates": [ 139.807432400000039, 35.9832903 ] } },
{ "type": "Feature", "properties": { "内容": "福祉用具　さくら【福祉用具貸与】埼玉県春日部市大場748番1", "url": "https://www.kaigokensaku.mhlw.go.jp/11/index.php?action_kouhyou_detail_004_kani=true&JigyosyoCd=1170602559-00&ServiceCd=170&Type=search", "url2": "http://www.saitama-sakura.com" }, "geometry": { "type": "Point", "coordinates": [ 139.762404233430743, 35.946593475768303 ] } },
{ "type": "Feature", "properties": { "内容": "株式会社フロンティア春日部営業所【福祉用具貸与】埼玉県春日部市中央６丁目4-10", "url": "https://www.kaigokensaku.mhlw.go.jp/11/index.php?action_kouhyou_detail_004_kani=true&JigyosyoCd=1170602781-00&ServiceCd=170&Type=search", "url2": "http://www.frontier-ph.com/homecare/index.html" }, "geometry": { "type": "Point", "coordinates": [ 139.753958900000043, 35.9743485 ] } },
{ "type": "Feature", "properties": { "内容": "株式会社同仁社　埼玉東営業所【福祉用具貸与】埼玉県春日部市中央7丁目6番地1トナンビル", "url": "https://www.kaigokensaku.mhlw.go.jp/11/index.php?action_kouhyou_detail_004_kani=true&JigyosyoCd=1170603086-00&ServiceCd=170&Type=search", "url2": "http://www.dojinsha.jp/" }, "geometry": { "type": "Point", "coordinates": [ 139.754195, 35.9733986 ] } },
{ "type": "Feature", "properties": { "内容": "福祉用具　アプローズ【福祉用具貸与】埼玉県春日部市栄町2-220", "url": "https://www.kaigokensaku.mhlw.go.jp/11/index.php?action_kouhyou_detail_004_kani=true&JigyosyoCd=1170601932-00&ServiceCd=170&Type=search", "url2": "http://www.w-rhs.com/" }, "geometry": { "type": "Point", "coordinates": [ 139.733338548752272, 35.987549739726006 ] } },
{ "type": "Feature", "properties": { "内容": "レスポンス【福祉用具貸与】春日部市牛島50-16", "url": "https://www.kaigokensaku.mhlw.go.jp/11/index.php?action_kouhyou_detail_004_kani=true&JigyosyoCd=1170602435-00&ServiceCd=170&Type=search", "url2": null }, "geometry": { "type": "Point", "coordinates": [ 139.7749546, 35.978218 ] } },
{ "type": "Feature", "properties": { "内容": "有限会社太田ケア【福祉用具貸与】春日部市備後東6-9-49", "url": "https://www.kaigokensaku.mhlw.go.jp/11/index.php?action_kouhyou_detail_004_kani=true&JigyosyoCd=1170600330-00&ServiceCd=170&Type=search", "url2": "http://www2.ttcn.ne.jp/~ota-care/" }, "geometry": { "type": "Point", "coordinates": [ 139.771575, 35.9517214 ] } },
{ "type": "Feature", "properties": { "内容": "ハピネスケア株式会社　春日部営業所【福祉用具貸与】埼玉県春日部市梅田本町２－１２－４", "url": "https://www.kaigokensaku.mhlw.go.jp/11/index.php?action_kouhyou_detail_004_kani=true&JigyosyoCd=1170603664-00&ServiceCd=170&Type=search", "url2": "http://www.happiness-care.co.jp/" }, "geometry": { "type": "Point", "coordinates": [ 139.74309930000004, 35.9891258 ] } },
{ "type": "Feature", "properties": { "内容": "きりん【福祉用具貸与】備後東1-28-18", "url": "https://www.kaigokensaku.mhlw.go.jp/11/index.php?action_kouhyou_detail_004_kani=true&JigyosyoCd=1170603946-00&ServiceCd=170&Type=search", "url2": "https://www.kirinwel.com/" }, "geometry": { "type": "Point", "coordinates": [ 139.767860917790983, 35.96399183679285 ] } },
{ "type": "Feature", "properties": { "内容": "株式会社　ふれあい広場　入間・狭山店【福祉用具貸与】埼玉県狭山市入間川1430-140エクセレント９２　１Ｆ", "url": "https://www.kaigokensaku.mhlw.go.jp/11/index.php?action_kouhyou_detail_004_kani=true&JigyosyoCd=1172700047-00&ServiceCd=170&Type=search", "url2": "http://www.fureai-hiroba.co.jp/" }, "geometry": { "type": "Point", "coordinates": [ 139.4307086, 35.8477319 ] } },
{ "type": "Feature", "properties": { "内容": "福祉用具エイト【福祉用具貸与】埼玉県狭山市入間川３丁目１１－２１－３", "url": "https://www.kaigokensaku.mhlw.go.jp/11/index.php?action_kouhyou_detail_004_kani=true&JigyosyoCd=1172701870-00&ServiceCd=170&Type=search", "url2": null }, "geometry": { "type": "Point", "coordinates": [ 139.405607945111171, 35.855780954441634 ] } },
{ "type": "Feature", "properties": { "内容": "福祉用具　リアン【福祉用具貸与】埼玉県狭山市水野1265-10", "url": "https://www.kaigokensaku.mhlw.go.jp/11/index.php?action_kouhyou_detail_004_kani=true&JigyosyoCd=1172701961-00&ServiceCd=170&Type=search", "url2": "https://ｗｗｗ.koai.co.jp" }, "geometry": { "type": "Point", "coordinates": [ 139.419820457696915, 35.819646624411874 ] } },
{ "type": "Feature", "properties": { "内容": "在宅介護支援センター２１彩【福祉用具貸与】埼玉県狭山市水野５９４", "url": "https://www.kaigokensaku.mhlw.go.jp/11/index.php?action_kouhyou_detail_004_kani=true&JigyosyoCd=1172700310-00&ServiceCd=170&Type=search", "url2": "https://www.syojukai-local-service.jp/21sai/#welfare-equipment" }, "geometry": { "type": "Point", "coordinates": [ 139.4187134, 35.821546 ] } },
{ "type": "Feature", "properties": { "内容": "株式会社　貴輪福祉用具貸与事業所【福祉用具貸与】狭山市水野３１番地", "url": "https://www.kaigokensaku.mhlw.go.jp/11/index.php?action_kouhyou_detail_004_kani=true&JigyosyoCd=1172700906-00&ServiceCd=170&Type=search", "url2": null }, "geometry": { "type": "Point", "coordinates": [ 139.439813800000024, 35.8408577 ] } },
{ "type": "Feature", "properties": { "内容": "株式会社ホームケアサービスそら【福祉用具貸与】大字北入曽869番地2", "url": "https://www.kaigokensaku.mhlw.go.jp/11/index.php?action_kouhyou_detail_004_kani=true&JigyosyoCd=1172702050-00&ServiceCd=170&Type=search", "url2": "https://www.hcs-sora.com/" }, "geometry": { "type": "Point", "coordinates": [ 139.425081299999988, 35.8415965 ] } },
{ "type": "Feature", "properties": { "内容": "ケアウェル狭山店【福祉用具貸与】埼玉県狭山市鵜ノ木１３－３７", "url": "https://www.kaigokensaku.mhlw.go.jp/11/index.php?action_kouhyou_detail_004_kani=true&JigyosyoCd=1172701185-00&ServiceCd=170&Type=search", "url2": "http://www.carewell.co.jp" }, "geometry": { "type": "Point", "coordinates": [ 139.3961038, 35.8499725 ] } },
{ "type": "Feature", "properties": { "内容": "パナソニックエイジフリーショップ狭山【福祉用具貸与】埼玉県狭山市大字堀兼2377番7", "url": "https://www.kaigokensaku.mhlw.go.jp/11/index.php?action_kouhyou_detail_004_kani=true&JigyosyoCd=1172700641-00&ServiceCd=170&Type=search", "url2": null }, "geometry": { "type": "Point", "coordinates": [ 139.44964151171996, 35.833004813352083 ] } },
{ "type": "Feature", "properties": { "内容": "介護の太助　羽生店【福祉用具貸与】埼玉県羽生市中央2-1-7田中ビル1F2号", "url": "https://www.kaigokensaku.mhlw.go.jp/11/index.php?action_kouhyou_detail_004_kani=true&JigyosyoCd=1173900687-00&ServiceCd=170&Type=search", "url2": "http://www.kaigo-tasuke.co.jp" }, "geometry": { "type": "Point", "coordinates": [ 140.877971900000034, 38.2610465 ] } },
{ "type": "Feature", "properties": { "内容": "パナソニックエイジフリーショップ北埼羽生【福祉用具貸与】埼玉県羽生市神戸642-2", "url": "https://www.kaigokensaku.mhlw.go.jp/11/index.php?action_kouhyou_detail_004_kani=true&JigyosyoCd=1173900281-00&ServiceCd=170&Type=search", "url2": null }, "geometry": { "type": "Point", "coordinates": [ 139.55971703121341, 36.138287201798647 ] } },
{ "type": "Feature", "properties": { "内容": "介護ショップ　彩香らんど【福祉用具貸与】埼玉県鴻巣市登戸256-2", "url": "https://www.kaigokensaku.mhlw.go.jp/11/index.php?action_kouhyou_detail_004_kani=true&JigyosyoCd=1171701194-00&ServiceCd=170&Type=search", "url2": "http://care.-net.biz/11/saikouland" }, "geometry": { "type": "Point", "coordinates": [ 139.491489799999954, 36.0653186 ] } },
{ "type": "Feature", "properties": { "内容": "こころ鴻巣【福祉用具貸与】埼玉県鴻巣市生出塚２－１８－２８", "url": "https://www.kaigokensaku.mhlw.go.jp/11/index.php?action_kouhyou_detail_004_kani=true&JigyosyoCd=1171701392-00&ServiceCd=170&Type=search", "url2": "http://www.kouki-kokoro.com/" }, "geometry": { "type": "Point", "coordinates": [ 139.529899099999966, 36.0610813 ] } },
{ "type": "Feature", "properties": { "内容": "株式会社福祉の街　レンタルふくしのまち鴻巣【福祉用具貸与】埼玉県鴻巣市滝馬室９２３－２", "url": "https://www.kaigokensaku.mhlw.go.jp/11/index.php?action_kouhyou_detail_004_kani=true&JigyosyoCd=1171700055-00&ServiceCd=170&Type=search", "url2": "http://www.youism.co.jp" }, "geometry": { "type": "Point", "coordinates": [ 139.506613099999981, 36.0538062 ] } },
{ "type": "Feature", "properties": { "内容": "介護のさくら【福祉用具貸与】埼玉県鴻巣市大芦1800-1", "url": "https://www.kaigokensaku.mhlw.go.jp/11/index.php?action_kouhyou_detail_004_kani=true&JigyosyoCd=1171701681-00&ServiceCd=170&Type=search", "url2": "http://kaigonosakura.info" }, "geometry": { "type": "Point", "coordinates": [ 139.442570116611279, 36.091423878945086 ] } },
{ "type": "Feature", "properties": { "内容": "ケアサプライひより【福祉用具貸与】埼玉県鴻巣市袋899-1アーク鴻巣", "url": "https://www.kaigokensaku.mhlw.go.jp/11/index.php?action_kouhyou_detail_004_kani=true&JigyosyoCd=1171701665-00&ServiceCd=170&Type=search", "url2": null }, "geometry": { "type": "Point", "coordinates": [ 139.469878200000011, 36.0956956 ] } },
{ "type": "Feature", "properties": { "内容": "ひまわり館吹上営業所【福祉用具貸与】埼玉県鴻巣市鴻巣市吹上本町5-4-9", "url": "https://www.kaigokensaku.mhlw.go.jp/11/index.php?action_kouhyou_detail_004_kani=true&JigyosyoCd=1171300146-00&ServiceCd=170&Type=search", "url2": "https://www.himawarikan.co.jp/" }, "geometry": { "type": "Point", "coordinates": [ 139.448274080950938, 36.106204206150366 ] } },
{ "type": "Feature", "properties": { "内容": "関東メディカル　株式会社本社　深谷営業所【福祉用具貸与】埼玉県深谷市寿町15", "url": "https://www.kaigokensaku.mhlw.go.jp/11/index.php?action_kouhyou_detail_004_kani=true&JigyosyoCd=1174602951-00&ServiceCd=170&Type=search", "url2": "http://www.kanto-medical.co.jp/office.html" }, "geometry": { "type": "Point", "coordinates": [ 139.287826599999988, 36.1900612 ] } },
{ "type": "Feature", "properties": { "内容": "BONNIE【福祉用具貸与】埼玉県深谷市明戸727-2", "url": "https://www.kaigokensaku.mhlw.go.jp/11/index.php?action_kouhyou_detail_004_kani=true&JigyosyoCd=1174602860-00&ServiceCd=170&Type=search", "url2": null }, "geometry": { "type": "Point", "coordinates": [ 139.3069611, 36.2100813 ] } },
{ "type": "Feature", "properties": { "内容": "ひまわり館深谷営業所【福祉用具貸与】埼玉県深谷市上柴町西3-7-6", "url": "https://www.kaigokensaku.mhlw.go.jp/11/index.php?action_kouhyou_detail_004_kani=true&JigyosyoCd=1174500940-00&ServiceCd=170&Type=search", "url2": "www.fujielectric.co.jp/fols" }, "geometry": { "type": "Point", "coordinates": [ 139.3030652, 36.1844621 ] } },
{ "type": "Feature", "properties": { "内容": "介護サポート　エス・エイチ・アイ【福祉用具貸与】埼玉県深谷市宿根504-2", "url": "https://www.kaigokensaku.mhlw.go.jp/11/index.php?action_kouhyou_detail_004_kani=true&JigyosyoCd=1173100924-00&ServiceCd=170&Type=search", "url2": "http://www.shi-j.co.jp/" }, "geometry": { "type": "Point", "coordinates": [ 139.262960846496071, 36.196174034719697 ] } },
{ "type": "Feature", "properties": { "内容": "ウェルサポート【福祉用具貸与】埼玉県深谷市小前田2753", "url": "https://www.kaigokensaku.mhlw.go.jp/11/index.php?action_kouhyou_detail_004_kani=true&JigyosyoCd=1174601094-00&ServiceCd=170&Type=search", "url2": "https://zaitakufukushi.com" }, "geometry": { "type": "Point", "coordinates": [ 139.234220713873697, 36.134654594225545 ] } },
{ "type": "Feature", "properties": { "内容": "有限会社ケアサービス・フォーレスト【福祉用具貸与】深谷市明戸276-1", "url": "https://www.kaigokensaku.mhlw.go.jp/11/index.php?action_kouhyou_detail_004_kani=true&JigyosyoCd=1174600351-00&ServiceCd=170&Type=search", "url2": null }, "geometry": { "type": "Point", "coordinates": [ 139.303906, 36.209246 ] } },
{ "type": "Feature", "properties": { "内容": "福祉用具レンタルグレイスコート【福祉用具貸与】埼玉県深谷市上原547番地", "url": "https://www.kaigokensaku.mhlw.go.jp/11/index.php?action_kouhyou_detail_004_kani=true&JigyosyoCd=1174600484-00&ServiceCd=170&Type=search", "url2": "https://www.nozomikai.jp" }, "geometry": { "type": "Point", "coordinates": [ 139.2734204, 36.152919500000017 ] } },
{ "type": "Feature", "properties": { "内容": "株式会社ヘルスケア　上武営業所【福祉用具貸与】埼玉県深谷市小前田840番地1", "url": "https://www.kaigokensaku.mhlw.go.jp/11/index.php?action_kouhyou_detail_004_kani=true&JigyosyoCd=1174600070-00&ServiceCd=170&Type=search", "url2": "http://www.hcjapan.co.jp" }, "geometry": { "type": "Point", "coordinates": [ 139.227988, 36.1235966 ] } },
{ "type": "Feature", "properties": { "内容": "株式会社アイスクリーム　ケアマーチ【福祉用具貸与】上柴町東5-5-21YS108　111号室", "url": "https://www.kaigokensaku.mhlw.go.jp/11/index.php?action_kouhyou_detail_004_kani=true&JigyosyoCd=1174602894-00&ServiceCd=170&Type=search", "url2": "https://3l178.hp.peraichi.com/cera_march" }, "geometry": { "type": "Point", "coordinates": [ 139.301956499999989, 36.1791804 ] } },
{ "type": "Feature", "properties": { "内容": "株式会社　ヤマシタ　上尾営業所【福祉用具貸与】埼玉県上尾市春日2丁目25番地2", "url": "https://www.kaigokensaku.mhlw.go.jp/11/index.php?action_kouhyou_detail_004_kani=true&JigyosyoCd=1171700436-00&ServiceCd=170&Type=search", "url2": "http://www.ycota.jp" }, "geometry": { "type": "Point", "coordinates": [ 139.576482899999974, 35.976780300000016 ] } },
{ "type": "Feature", "properties": { "内容": "あいふれんど上尾店【福祉用具貸与】埼玉県上尾市柏座1-12-2", "url": "https://www.kaigokensaku.mhlw.go.jp/11/index.php?action_kouhyou_detail_004_kani=true&JigyosyoCd=1171602533-00&ServiceCd=170&Type=search", "url2": null }, "geometry": { "type": "Point", "coordinates": [ 139.586304590775427, 35.974035826714363 ] } },
{ "type": "Feature", "properties": { "内容": "かいふくセンター塚匠【福祉用具貸与】埼玉県上尾市上331-5", "url": "https://www.kaigokensaku.mhlw.go.jp/11/index.php?action_kouhyou_detail_004_kani=true&JigyosyoCd=1171600800-00&ServiceCd=170&Type=search", "url2": null }, "geometry": { "type": "Point", "coordinates": [ 139.575828399999978, 35.9951397 ] } },
{ "type": "Feature", "properties": { "内容": "ダスキンヘルスレント上尾ステーション【福祉用具貸与】埼玉県上尾市中妻4丁目16番地1号", "url": "https://www.kaigokensaku.mhlw.go.jp/11/index.php?action_kouhyou_detail_004_kani=true&JigyosyoCd=1171602913-00&ServiceCd=170&Type=search", "url2": "http://healthrent.duskin.jp" }, "geometry": { "type": "Point", "coordinates": [ 139.5655576, 35.9823654 ] } },
{ "type": "Feature", "properties": { "内容": "らぽーる上尾【福祉用具貸与】埼玉県上尾市地頭方422らぽーる上尾", "url": "https://www.kaigokensaku.mhlw.go.jp/11/index.php?action_kouhyou_detail_004_kani=true&JigyosyoCd=1171603044-00&ServiceCd=170&Type=search", "url2": "https://sites.google.com/view/rapport-assistive-technology/%E3%83%9B%E3%83%BC%E3%83%A0" }, "geometry": { "type": "Point", "coordinates": [ 139.5719656, 35.9532364 ] } },
{ "type": "Feature", "properties": { "内容": "アローライフケア【福祉用具貸与】埼玉県上尾市小敷谷854-1誠勇ビル207", "url": "https://www.kaigokensaku.mhlw.go.jp/11/index.php?action_kouhyou_detail_004_kani=true&JigyosyoCd=1171602608-00&ServiceCd=170&Type=search", "url2": "https://natsuki-kaigo.com/" }, "geometry": { "type": "Point", "coordinates": [ 139.5628896, 35.963263 ] } },
{ "type": "Feature", "properties": { "内容": "株式会社ケアレント【福祉用具貸与】埼玉県草加市草加三丁目３番３７号ライフピア松原１０５", "url": "https://www.kaigokensaku.mhlw.go.jp/11/index.php?action_kouhyou_detail_004_kani=true&JigyosyoCd=1171803024-00&ServiceCd=170&Type=search", "url2": "https://carerent.jp/" }, "geometry": { "type": "Point", "coordinates": [ 139.7992883, 35.8375883 ] } },
{ "type": "Feature", "properties": { "内容": "マーヤケアセンター有限会社【福祉用具貸与】埼玉県草加市柳島町１９９番地１１", "url": "https://www.kaigokensaku.mhlw.go.jp/11/index.php?action_kouhyou_detail_004_kani=true&JigyosyoCd=1171800970-00&ServiceCd=170&Type=search", "url2": null }, "geometry": { "type": "Point", "coordinates": [ 139.788276099999962, 35.8206857 ] } },
{ "type": "Feature", "properties": { "内容": "ＴＯＭＯ【福祉用具貸与】草加市小山２ー１５ー１ニューグリーンハイム１階Ａ号", "url": "https://www.kaigokensaku.mhlw.go.jp/11/index.php?action_kouhyou_detail_004_kani=true&JigyosyoCd=1171802059-00&ServiceCd=170&Type=search", "url2": "tomo-soka.com" }, "geometry": { "type": "Point", "coordinates": [ 139.781383300000016, 35.8390975 ] } },
{ "type": "Feature", "properties": { "内容": "彩ネットワーク【福祉用具貸与】埼玉県草加市西町１３２２－３", "url": "https://www.kaigokensaku.mhlw.go.jp/11/index.php?action_kouhyou_detail_004_kani=true&JigyosyoCd=1171803206-00&ServiceCd=170&Type=search", "url2": "http://www.c-network.co.jp" }, "geometry": { "type": "Point", "coordinates": [ 139.7906247, 35.826008 ] } },
{ "type": "Feature", "properties": { "内容": "まーち【福祉用具貸与】埼玉県草加市谷塚1-21-1メルヘンシャトー110号", "url": "https://www.kaigokensaku.mhlw.go.jp/11/index.php?action_kouhyou_detail_004_kani=true&JigyosyoCd=1171803214-00&ServiceCd=170&Type=search", "url2": null }, "geometry": { "type": "Point", "coordinates": [ 139.8020852, 35.8109228 ] } },
{ "type": "Feature", "properties": { "内容": "あっとほーむらいふ【福祉用具貸与】埼玉県草加市瀬崎3-24-31ﾊﾟｰﾑ谷塚101号", "url": "https://www.kaigokensaku.mhlw.go.jp/11/index.php?action_kouhyou_detail_004_kani=true&JigyosyoCd=1171802372-00&ServiceCd=170&Type=search", "url2": "http://assist.care.net/" }, "geometry": { "type": "Point", "coordinates": [ 139.807324699999981, 35.8111237 ] } },
{ "type": "Feature", "properties": { "内容": "さいゆう介護ステーション越谷営業所【福祉用具貸与】埼玉県越谷市東越谷９－７－５越谷司法ビル１階", "url": "https://www.kaigokensaku.mhlw.go.jp/11/index.php?action_kouhyou_detail_004_kani=true&JigyosyoCd=1170805301-00&ServiceCd=170&Type=search", "url2": null }, "geometry": { "type": "Point", "coordinates": [ 139.807810767459074, 35.897067391126434 ] } },
{ "type": "Feature", "properties": { "内容": "福祉用具よし【福祉用具貸与】埼玉県越谷市平方1708₋1関根店舗", "url": "https://www.kaigokensaku.mhlw.go.jp/11/index.php?action_kouhyou_detail_004_kani=true&JigyosyoCd=1170805327-00&ServiceCd=170&Type=search", "url2": "https://www.yoshi-kaigo.jp/" }, "geometry": { "type": "Point", "coordinates": [ 139.781409700000012, 35.9456312 ] } },
{ "type": "Feature", "properties": { "内容": "株式会社　ココドール【福祉用具貸与】埼玉県越谷市増林二丁目３７３番地１", "url": "https://www.kaigokensaku.mhlw.go.jp/11/index.php?action_kouhyou_detail_004_kani=true&JigyosyoCd=1170802613-00&ServiceCd=170&Type=search", "url2": "https://cocoro-odoru.jp/" }, "geometry": { "type": "Point", "coordinates": [ 139.815040400000044, 35.9086821 ] } },
{ "type": "Feature", "properties": { "内容": "パナソニックエイジフリーショップ越谷【福祉用具貸与】埼玉県越谷市越ケ谷2丁目4番37号", "url": "https://www.kaigokensaku.mhlw.go.jp/11/index.php?action_kouhyou_detail_004_kani=true&JigyosyoCd=1170800542-00&ServiceCd=170&Type=search", "url2": "http://panasonic.biz/healthcare/elderlycare" }, "geometry": { "type": "Point", "coordinates": [ 139.787466937820426, 35.890251220312678 ] } },
{ "type": "Feature", "properties": { "内容": "Green　Label【福祉用具貸与】埼玉県越谷市恩間231番地5", "url": "https://www.kaigokensaku.mhlw.go.jp/11/index.php?action_kouhyou_detail_004_kani=true&JigyosyoCd=1170805012-00&ServiceCd=170&Type=search", "url2": "https://www.fuku-fuku.jp" }, "geometry": { "type": "Point", "coordinates": [ 139.772256544180294, 35.924716566843834 ] } },
{ "type": "Feature", "properties": { "内容": "イーアス【福祉用具貸与】埼玉県越谷市相模町1-153-1", "url": "https://www.kaigokensaku.mhlw.go.jp/11/index.php?action_kouhyou_detail_004_kani=true&JigyosyoCd=1170803751-00&ServiceCd=170&Type=search", "url2": "http://eas-c.jp" }, "geometry": { "type": "Point", "coordinates": [ 139.805251617025192, 35.883675048158928 ] } },
{ "type": "Feature", "properties": { "内容": "ダスキンヘルスレント越谷ステーション【福祉用具貸与】越谷市千間台東4-1076-2", "url": "https://www.kaigokensaku.mhlw.go.jp/11/index.php?action_kouhyou_detail_004_kani=true&JigyosyoCd=1170801227-00&ServiceCd=170&Type=search", "url2": "http://healthrent.duskin.jp/index.html" }, "geometry": { "type": "Point", "coordinates": [ 139.775066781337046, 35.93438377058169 ] } },
{ "type": "Feature", "properties": { "内容": "エスコート福祉レンタル【福祉用具貸与】埼玉県越谷市蒲生寿町4-29", "url": "https://www.kaigokensaku.mhlw.go.jp/11/index.php?action_kouhyou_detail_004_kani=true&JigyosyoCd=1170803850-00&ServiceCd=170&Type=search", "url2": null }, "geometry": { "type": "Point", "coordinates": [ 139.794113705522506, 35.868049337803114 ] } },
{ "type": "Feature", "properties": { "内容": "株式会社かいんど【福祉用具貸与】東越谷7-4-14", "url": "https://www.kaigokensaku.mhlw.go.jp/11/index.php?action_kouhyou_detail_004_kani=true&JigyosyoCd=1170804965-00&ServiceCd=170&Type=search", "url2": null }, "geometry": { "type": "Point", "coordinates": [ 139.7914855, 35.889699 ] } },
{ "type": "Feature", "properties": { "内容": "福祉用具アイジャスト【福祉用具貸与】埼玉県越谷市大字増林4407-1", "url": "https://www.kaigokensaku.mhlw.go.jp/11/index.php?action_kouhyou_detail_004_kani=true&JigyosyoCd=1170804981-00&ServiceCd=170&Type=search", "url2": "https://www.rehabhome.jp/%E3%83%9B%E3%83%BC%E3%83%A0/%E7%A6%8F%E7%A5%89%E7%94%A8%E5%85%B7%E8%B2%B8%E4%B8%8E-%E8%B3%BC%E5%85%A5%E4%BA%8B%E6%A5%AD%E6%89%80/" }, "geometry": { "type": "Point", "coordinates": [ 139.824042359524555, 35.907143724880477 ] } },
{ "type": "Feature", "properties": { "内容": "福祉用具とも【福祉用具貸与】埼玉県越谷市大間野町4-21-2大間野森田事務所1階", "url": "https://www.kaigokensaku.mhlw.go.jp/11/index.php?action_kouhyou_detail_004_kani=true&JigyosyoCd=1170804080-00&ServiceCd=170&Type=search", "url2": null }, "geometry": { "type": "Point", "coordinates": [ 139.779374887665085, 35.863816725208586 ] } },
{ "type": "Feature", "properties": { "内容": "レンタルふくしのまち越谷【福祉用具貸与】埼玉県越谷市千間台西５－１４－４", "url": "https://www.kaigokensaku.mhlw.go.jp/11/index.php?action_kouhyou_detail_004_kani=true&JigyosyoCd=1170800658-00&ServiceCd=170&Type=search", "url2": "https://www.youism.jp/" }, "geometry": { "type": "Point", "coordinates": [ 139.7654076, 35.9280929 ] } },
{ "type": "Feature", "properties": { "内容": "ハミングバード【福祉用具貸与】埼玉県越谷市南越谷1-15-1南越谷ラクーン3階", "url": "https://www.kaigokensaku.mhlw.go.jp/11/index.php?action_kouhyou_detail_004_kani=true&JigyosyoCd=1170802464-00&ServiceCd=170&Type=search", "url2": "https://www.polus-jsc.com/reform/hummingbird/" }, "geometry": { "type": "Point", "coordinates": [ 139.7931681, 35.8750133 ] } },
{ "type": "Feature", "properties": { "内容": "あいのて福祉用具【福祉用具貸与】埼玉県越谷市千間台西1-8-7IKビル301号室", "url": "https://www.kaigokensaku.mhlw.go.jp/11/index.php?action_kouhyou_detail_004_kani=true&JigyosyoCd=1170805046-00&ServiceCd=170&Type=search", "url2": "https://shusikai-group.jp/clinic-office/rt-ainote/" }, "geometry": { "type": "Point", "coordinates": [ 139.770255, 35.9345646 ] } },
{ "type": "Feature", "properties": { "内容": "福祉用具レンタルいろどり【福祉用具貸与】越ヶ谷1-12-12", "url": "https://www.kaigokensaku.mhlw.go.jp/11/index.php?action_kouhyou_detail_004_kani=true&JigyosyoCd=1160890350-00&ServiceCd=170&Type=search", "url2": "https://www.bestcare-nurse.com/" }, "geometry": { "type": "Point", "coordinates": [ 139.78960519325409, 35.88675900371198 ] } },
{ "type": "Feature", "properties": { "内容": "株式会社赤土製作所【福祉用具貸与】埼玉県越谷市大字増林3610番地", "url": "https://www.kaigokensaku.mhlw.go.jp/11/index.php?action_kouhyou_detail_004_kani=true&JigyosyoCd=1170800112-00&ServiceCd=170&Type=search", "url2": null }, "geometry": { "type": "Point", "coordinates": [ 139.810346607502623, 35.914735865361301 ] } },
{ "type": "Feature", "properties": { "内容": "介護ショップ　アンダンテ【福祉用具貸与】埼玉県蕨市中央5-15-17マグノリアハイツ１F", "url": "https://www.kaigokensaku.mhlw.go.jp/11/index.php?action_kouhyou_detail_004_kani=true&JigyosyoCd=1171400862-00&ServiceCd=170&Type=search", "url2": null }, "geometry": { "type": "Point", "coordinates": [ 139.679649296958956, 35.82516908822484 ] } },
{ "type": "Feature", "properties": { "内容": "株式会社たかけん【福祉用具貸与】南町4-45-13", "url": "https://www.kaigokensaku.mhlw.go.jp/11/index.php?action_kouhyou_detail_004_kani=true&JigyosyoCd=1171401126-00&ServiceCd=170&Type=search", "url2": "http://hp.kaipoke.biz/6x2/" }, "geometry": { "type": "Point", "coordinates": [ 139.695120271163887, 35.816405549936469 ] } },
{ "type": "Feature", "properties": { "内容": "シルバーサポート戸田店【福祉用具貸与】埼玉県戸田市新曽南4-4-27", "url": "https://www.kaigokensaku.mhlw.go.jp/11/index.php?action_kouhyou_detail_004_kani=true&JigyosyoCd=1171901828-00&ServiceCd=170&Type=search", "url2": "https://www.ramico.co.jp/" }, "geometry": { "type": "Point", "coordinates": [ 139.660589035581978, 35.806453449017589 ] } },
{ "type": "Feature", "properties": { "内容": "介護ステーションぱる戸田【福祉用具貸与】埼玉県戸田市喜沢南2丁目5番23号", "url": "https://www.kaigokensaku.mhlw.go.jp/11/index.php?action_kouhyou_detail_004_kani=true&JigyosyoCd=1171900598-00&ServiceCd=170&Type=search", "url2": "http://www.ikiikitown-toda.com/" }, "geometry": { "type": "Point", "coordinates": [ 139.6913075, 35.8070316 ] } },
{ "type": "Feature", "properties": { "内容": "ハッピーケアサプライ【福祉用具貸与】美女木4-13-2", "url": "https://www.kaigokensaku.mhlw.go.jp/11/index.php?action_kouhyou_detail_004_kani=true&JigyosyoCd=1171901786-00&ServiceCd=170&Type=search", "url2": "https://ygood.jp/" }, "geometry": { "type": "Point", "coordinates": [ 139.644372299999986, 35.8232737 ] } },
{ "type": "Feature", "properties": { "内容": "セイリョウ【福祉用具貸与】戸田市笹目５丁目１３番地の５", "url": "https://www.kaigokensaku.mhlw.go.jp/11/index.php?action_kouhyou_detail_004_kani=true&JigyosyoCd=1171900952-00&ServiceCd=170&Type=search", "url2": "http://www.seiryou-senders.com" }, "geometry": { "type": "Point", "coordinates": [ 139.642833800000062, 35.8178593 ] } },
{ "type": "Feature", "properties": { "内容": "かたくり福祉用具埼玉南センター【福祉用具貸与】埼玉県戸田市笹目1-13-24", "url": "https://www.kaigokensaku.mhlw.go.jp/11/index.php?action_kouhyou_detail_004_kani=true&JigyosyoCd=1171901927-00&ServiceCd=170&Type=search", "url2": null }, "geometry": { "type": "Point", "coordinates": [ 139.657298700000013, 35.8180767 ] } },
{ "type": "Feature", "properties": { "内容": "パナソニックエイジフリーショップ城北【福祉用具貸与】埼玉県戸田市笹目６－２－６", "url": "https://www.kaigokensaku.mhlw.go.jp/11/index.php?action_kouhyou_detail_004_kani=true&JigyosyoCd=1171900887-00&ServiceCd=170&Type=search", "url2": "http://www.care-j.co.jp" }, "geometry": { "type": "Point", "coordinates": [ 139.648083400000019, 35.8137322 ] } },
{ "type": "Feature", "properties": { "内容": "介護の太助　戸田店【福祉用具貸与】埼玉県戸田市新曽1323-2メイプルリーフ北戸田1-B", "url": "https://www.kaigokensaku.mhlw.go.jp/11/index.php?action_kouhyou_detail_004_kani=true&JigyosyoCd=1171902032-00&ServiceCd=170&Type=search", "url2": "https://kaigo-tasuke.co.jp/" }, "geometry": { "type": "Point", "coordinates": [ 139.6646887, 35.8241447 ] } },
{ "type": "Feature", "properties": { "内容": "アイシン福祉用具サービス【福祉用具貸与】戸田市上戸田１丁目１２番６号", "url": "https://www.kaigokensaku.mhlw.go.jp/11/index.php?action_kouhyou_detail_004_kani=true&JigyosyoCd=1171900242-00&ServiceCd=170&Type=search", "url2": "http://www.aishin-care.com/" }, "geometry": { "type": "Point", "coordinates": [ 139.6790777, 35.818249 ] } },
{ "type": "Feature", "properties": { "内容": "株式会社　ふれあい広場戸田店【福祉用具貸与】本町1-21-2", "url": "https://www.kaigokensaku.mhlw.go.jp/11/index.php?action_kouhyou_detail_004_kani=true&JigyosyoCd=1171901737-00&ServiceCd=170&Type=search", "url2": "https://fureai-hiroba.co.jp" }, "geometry": { "type": "Point", "coordinates": [ 139.679312887097581, 35.812002694091781 ] } },
{ "type": "Feature", "properties": { "内容": "株式会社トーカイ　戸田支店【福祉用具貸与】埼玉県戸田市喜沢南１丁目５番５１号", "url": "https://www.kaigokensaku.mhlw.go.jp/11/index.php?action_kouhyou_detail_004_kani=true&JigyosyoCd=1171900085-00&ServiceCd=170&Type=search", "url2": "http://www.tokai-corp.com/" }, "geometry": { "type": "Point", "coordinates": [ 139.695654399999967, 35.8039072 ] } },
{ "type": "Feature", "properties": { "内容": "まごころ介護サービスレンタル事業部　埼玉営業所【福祉用具貸与】埼玉県入間市野田583番地12階F号室", "url": "https://www.kaigokensaku.mhlw.go.jp/11/index.php?action_kouhyou_detail_004_kani=true&JigyosyoCd=1172801639-00&ServiceCd=170&Type=search", "url2": "http://www.magokorokaigo.com/" }, "geometry": { "type": "Point", "coordinates": [ 139.351884899999959, 35.8441913 ] } },
{ "type": "Feature", "properties": { "内容": "ケアマックスパートナー【福祉用具貸与】埼玉県入間市新久475－6", "url": "https://www.kaigokensaku.mhlw.go.jp/11/index.php?action_kouhyou_detail_004_kani=true&JigyosyoCd=1172802090-00&ServiceCd=170&Type=search", "url2": null }, "geometry": { "type": "Point", "coordinates": [ 139.3634112, 35.8223776 ] } },
{ "type": "Feature", "properties": { "内容": "ソネット【福祉用具貸与】埼玉県入間市上藤沢９８５－３", "url": "https://www.kaigokensaku.mhlw.go.jp/11/index.php?action_kouhyou_detail_004_kani=true&JigyosyoCd=1172801043-00&ServiceCd=170&Type=search", "url2": "http://www.sonnette.biz" }, "geometry": { "type": "Point", "coordinates": [ 139.392358100000024, 35.8165236 ] } },
{ "type": "Feature", "properties": { "内容": "マコト【福祉用具貸与】埼玉県入間市狭山台１－２２－１６", "url": "https://www.kaigokensaku.mhlw.go.jp/11/index.php?action_kouhyou_detail_004_kani=true&JigyosyoCd=1172800490-00&ServiceCd=170&Type=search", "url2": null }, "geometry": { "type": "Point", "coordinates": [ 139.366993500000035, 35.8042049 ] } },
{ "type": "Feature", "properties": { "内容": "サカイ・ヘルスケアー入間店【福祉用具貸与】埼玉県入間市下藤沢７３７－１", "url": "https://www.kaigokensaku.mhlw.go.jp/11/index.php?action_kouhyou_detail_004_kani=true&JigyosyoCd=1172800987-00&ServiceCd=170&Type=search", "url2": "http://www.sakai-hc.co.jp" }, "geometry": { "type": "Point", "coordinates": [ 139.405126, 35.8213151 ] } },
{ "type": "Feature", "properties": { "内容": "松本福祉用具サービス【福祉用具貸与】埼玉県入間市宮寺2925-204", "url": "https://www.kaigokensaku.mhlw.go.jp/11/index.php?action_kouhyou_detail_004_kani=true&JigyosyoCd=1172801969-00&ServiceCd=170&Type=search", "url2": null }, "geometry": { "type": "Point", "coordinates": [ 139.3737834, 35.8033814 ] } },
{ "type": "Feature", "properties": { "内容": "介護ショップランダル朝霞店【福祉用具貸与】埼玉県朝霞市西原1-7-1-3F", "url": "https://www.kaigokensaku.mhlw.go.jp/11/index.php?action_kouhyou_detail_004_kani=true&JigyosyoCd=1172101626-00&ServiceCd=170&Type=search", "url2": "https://www.lundal.co.jp/" }, "geometry": { "type": "Point", "coordinates": [ 139.588294, 35.8171263 ] } },
{ "type": "Feature", "properties": { "内容": "株）H.Sメディカル【福祉用具貸与】埼玉県朝霞市泉水２－７－３４ー604", "url": "https://www.kaigokensaku.mhlw.go.jp/11/index.php?action_kouhyou_detail_004_kani=true&JigyosyoCd=1172100818-00&ServiceCd=170&Type=search", "url2": "https://www.h-smedical.net/" }, "geometry": { "type": "Point", "coordinates": [ 139.577956299999983, 35.80442 ] } },
{ "type": "Feature", "properties": { "内容": "埼玉ライフケアサービス福祉用具貸与事業所【福祉用具貸与】埼玉県朝霞市本町２－４－２５", "url": "https://www.kaigokensaku.mhlw.go.jp/11/index.php?action_kouhyou_detail_004_kani=true&JigyosyoCd=1172100222-00&ServiceCd=170&Type=search", "url2": "https://www.saitama-lcs.co.jp" }, "geometry": { "type": "Point", "coordinates": [ 139.59884390000002, 35.7962499 ] } },
{ "type": "Feature", "properties": { "内容": "高住研キヨタ株式会社埼京店【福祉用具貸与】埼玉県志木市柏町4-3-2", "url": "https://www.kaigokensaku.mhlw.go.jp/11/index.php?action_kouhyou_detail_004_kani=true&JigyosyoCd=1172200964-00&ServiceCd=170&Type=search", "url2": "http://www.kojukenkiyota.com/index.php" }, "geometry": { "type": "Point", "coordinates": [ 139.5740553, 35.8309072 ] } },
{ "type": "Feature", "properties": { "内容": "福祉用具レンタルBlueLeaf【福祉用具貸与】埼玉県志木市中宗岡4-19-18セザンヌ志木1F", "url": "https://www.kaigokensaku.mhlw.go.jp/11/index.php?action_kouhyou_detail_004_kani=true&JigyosyoCd=1172200980-00&ServiceCd=170&Type=search", "url2": null }, "geometry": { "type": "Point", "coordinates": [ 139.5918215, 35.8375641 ] } },
{ "type": "Feature", "properties": { "内容": "福祉用具　幸葉【福祉用具貸与】埼玉県新座市新堀３－１－１フラワーハイツA101", "url": "https://www.kaigokensaku.mhlw.go.jp/11/index.php?action_kouhyou_detail_004_kani=true&JigyosyoCd=1175102357-00&ServiceCd=170&Type=search", "url2": null }, "geometry": { "type": "Point", "coordinates": [ 139.5243645, 35.769790100000023 ] } },
{ "type": "Feature", "properties": { "内容": "有限会社　ライフデザイン【福祉用具貸与】新座市新座３－３－９－２０４", "url": "https://www.kaigokensaku.mhlw.go.jp/11/index.php?action_kouhyou_detail_004_kani=true&JigyosyoCd=1175100450-00&ServiceCd=170&Type=search", "url2": "http://www.life-d.com" }, "geometry": { "type": "Point", "coordinates": [ 139.556521954683745, 35.82091573959292 ] } },
{ "type": "Feature", "properties": { "内容": "株式会社　ふれあい広場【福祉用具貸与】埼玉県新座市東北2-29-12", "url": "https://www.kaigokensaku.mhlw.go.jp/11/index.php?action_kouhyou_detail_004_kani=true&JigyosyoCd=1175100203-00&ServiceCd=170&Type=search", "url2": "http://www.fureai-hiroba.co.jp/" }, "geometry": { "type": "Point", "coordinates": [ 139.572756600000048, 35.821988 ] } },
{ "type": "Feature", "properties": { "内容": "ケアプラザ　彩ふく【福祉用具貸与】新座市堀ノ内３－７－３１", "url": "https://www.kaigokensaku.mhlw.go.jp/11/index.php?action_kouhyou_detail_004_kani=true&JigyosyoCd=1175100229-00&ServiceCd=170&Type=search", "url2": "http://www.3129kaigo.com" }, "geometry": { "type": "Point", "coordinates": [ 139.5577697, 35.7780016 ] } },
{ "type": "Feature", "properties": { "内容": "かくの木用品館福祉用具事業所【福祉用具貸与】埼玉県新座市堀ノ内2-9-33", "url": "https://www.kaigokensaku.mhlw.go.jp/11/index.php?action_kouhyou_detail_004_kani=true&JigyosyoCd=1175100104-00&ServiceCd=170&Type=search", "url2": "https://kakunoki.com/" }, "geometry": { "type": "Point", "coordinates": [ 139.556517946032727, 35.771250833314838 ] } },
{ "type": "Feature", "properties": { "内容": "りりーぶ福祉用具【福祉用具貸与】埼玉県桶川市川田谷6222-3", "url": "https://www.kaigokensaku.mhlw.go.jp/11/index.php?action_kouhyou_detail_004_kani=true&JigyosyoCd=1175201456-00&ServiceCd=170&Type=search", "url2": null }, "geometry": { "type": "Point", "coordinates": [ 139.53258740000004, 36.012112 ] } },
{ "type": "Feature", "properties": { "内容": "空色【福祉用具貸与】坂田西2-1-15", "url": "https://www.kaigokensaku.mhlw.go.jp/11/index.php?action_kouhyou_detail_004_kani=true&JigyosyoCd=1175201019-00&ServiceCd=170&Type=search", "url2": null }, "geometry": { "type": "Point", "coordinates": [ 139.570297737622923, 36.010752254429896 ] } },
{ "type": "Feature", "properties": { "内容": "ワンズ・プラス【福祉用具貸与】埼玉県桶川市若宮1-7-22", "url": "https://www.kaigokensaku.mhlw.go.jp/11/index.php?action_kouhyou_detail_004_kani=true&JigyosyoCd=1175201159-00&ServiceCd=170&Type=search", "url2": "https://care.ones-plus.co.jp/" }, "geometry": { "type": "Point", "coordinates": [ 139.560095499999989, 35.9968031 ] } },
{ "type": "Feature", "properties": { "内容": "福祉用具ひまわり【福祉用具貸与】埼玉県桶川市坂田西3丁目26-21フルール桶川", "url": "https://www.kaigokensaku.mhlw.go.jp/11/index.php?action_kouhyou_detail_004_kani=true&JigyosyoCd=1171602244-00&ServiceCd=170&Type=search", "url2": "https://www.himawari-caresupport.com/" }, "geometry": { "type": "Point", "coordinates": [ 139.569256138619352, 36.014383609610725 ] } },
{ "type": "Feature", "properties": { "内容": "ハートサービス　介護用品事業部【福祉用具貸与】埼玉県桶川市鴨川1-19-8", "url": "https://www.kaigokensaku.mhlw.go.jp/11/index.php?action_kouhyou_detail_004_kani=true&JigyosyoCd=1175200375-00&ServiceCd=170&Type=search", "url2": "http://www.heart-service.com" }, "geometry": { "type": "Point", "coordinates": [ 139.556427900000017, 35.9929895 ] } },
{ "type": "Feature", "properties": { "内容": "株式会社　星医療酸器　埼玉営業所【福祉用具貸与】埼玉県桶川市赤堀2-13", "url": "https://www.kaigokensaku.mhlw.go.jp/11/index.php?action_kouhyou_detail_004_kani=true&JigyosyoCd=1175300274-00&ServiceCd=170&Type=search", "url2": "http://www.hosi.co.jp" }, "geometry": { "type": "Point", "coordinates": [ 139.510174900000038, 36.0161766 ] } },
{ "type": "Feature", "properties": { "内容": "株式会社ひだまり【福祉用具貸与】埼玉県桶川市川田谷6387番地の3", "url": "https://www.kaigokensaku.mhlw.go.jp/11/index.php?action_kouhyou_detail_004_kani=true&JigyosyoCd=1175200649-00&ServiceCd=170&Type=search", "url2": null }, "geometry": { "type": "Point", "coordinates": [ 139.527398700000049, 36.0059502 ] } },
{ "type": "Feature", "properties": { "内容": "株式会社スマイルサポート　久喜バリアフリー館【福祉用具貸与】埼玉県久喜市南４－３－４株式会社高橋組　久喜本社", "url": "https://www.kaigokensaku.mhlw.go.jp/11/index.php?action_kouhyou_detail_004_kani=true&JigyosyoCd=1170900599-00&ServiceCd=170&Type=search", "url2": "http://bfkan.com/" }, "geometry": { "type": "Point", "coordinates": [ 139.670654399999989, 36.0617593 ] } },
{ "type": "Feature", "properties": { "内容": "ひまわり館　久喜営業所【福祉用具貸与】埼玉県久喜市下早見657-1", "url": "https://www.kaigokensaku.mhlw.go.jp/11/index.php?action_kouhyou_detail_004_kani=true&JigyosyoCd=1170901589-00&ServiceCd=170&Type=search", "url2": "https://www.fujielectric.co.jp/fols" }, "geometry": { "type": "Point", "coordinates": [ 139.679231800000053, 36.0556461 ] } },
{ "type": "Feature", "properties": { "内容": "シルバーはあと久喜【福祉用具貸与】久喜市菖蒲町三箇740-1", "url": "https://www.kaigokensaku.mhlw.go.jp/11/index.php?action_kouhyou_detail_004_kani=true&JigyosyoCd=1175200052-00&ServiceCd=170&Type=search", "url2": "https://www.silver-heart.jp/" }, "geometry": { "type": "Point", "coordinates": [ 139.612398699999972, 36.0605563 ] } },
{ "type": "Feature", "properties": { "内容": "株式会社ふくしセンター・絆【福祉用具貸与】埼玉県久喜市菖蒲町下栢間208-4", "url": "https://www.kaigokensaku.mhlw.go.jp/11/index.php?action_kouhyou_detail_004_kani=true&JigyosyoCd=1170500761-00&ServiceCd=170&Type=search", "url2": "https://kizuna-fukushi.com" }, "geometry": { "type": "Point", "coordinates": [ 139.588752600000021, 36.0310367 ] } },
{ "type": "Feature", "properties": { "内容": "わかば【福祉用具貸与】埼玉県北本市高尾7-164", "url": "https://www.kaigokensaku.mhlw.go.jp/11/index.php?action_kouhyou_detail_004_kani=true&JigyosyoCd=1175300175-00&ServiceCd=170&Type=search", "url2": "http://www.wakaba-web.co.jp" }, "geometry": { "type": "Point", "coordinates": [ 139.512790699999982, 36.0274949 ] } },
{ "type": "Feature", "properties": { "内容": "株式会社トーカイ　八潮営業所【福祉用具貸与】埼玉県八潮市八潮1丁目13番地5", "url": "https://www.kaigokensaku.mhlw.go.jp/11/index.php?action_kouhyou_detail_004_kani=true&JigyosyoCd=1171000423-00&ServiceCd=170&Type=search", "url2": "http://www.tokai-corp.com/" }, "geometry": { "type": "Point", "coordinates": [ 139.840966500000036, 35.817009 ] } },
{ "type": "Feature", "properties": { "内容": "ライフサービス【福祉用具貸与】埼玉県八潮市中央1-18-16", "url": "https://www.kaigokensaku.mhlw.go.jp/11/index.php?action_kouhyou_detail_004_kani=true&JigyosyoCd=1171000696-00&ServiceCd=170&Type=search", "url2": "https://ls-kaigo.com/" }, "geometry": { "type": "Point", "coordinates": [ 139.834903578822576, 35.821934479668506 ] } },
{ "type": "Feature", "properties": { "内容": "医療法人さくら　ふじさくら福祉用具【福祉用具貸与】埼玉県富士見市水谷東一丁目28番1号", "url": "https://www.kaigokensaku.mhlw.go.jp/11/index.php?action_kouhyou_detail_004_kani=true&JigyosyoCd=1172901488-00&ServiceCd=170&Type=search", "url2": null }, "geometry": { "type": "Point", "coordinates": [ 139.570553, 35.8419603 ] } },
{ "type": "Feature", "properties": { "内容": "株式会社ハンドベル・ケア埼玉営業所【福祉用具貸与】鶴馬1931-3", "url": "https://www.kaigokensaku.mhlw.go.jp/11/index.php?action_kouhyou_detail_004_kani=true&JigyosyoCd=1172901546-00&ServiceCd=170&Type=search", "url2": "http://handbell-care.com/" }, "geometry": { "type": "Point", "coordinates": [ 139.552198200000021, 35.855834300000041 ] } },
{ "type": "Feature", "properties": { "内容": "すてっぷ福祉用具事業所【福祉用具貸与】埼玉県富士見市針ヶ谷1-9-6", "url": "https://www.kaigokensaku.mhlw.go.jp/11/index.php?action_kouhyou_detail_004_kani=true&JigyosyoCd=1172901462-00&ServiceCd=170&Type=search", "url2": "https://www.step5963.com/" }, "geometry": { "type": "Point", "coordinates": [ 139.555702419049112, 35.834758853058354 ] } },
{ "type": "Feature", "properties": { "内容": "ダスキンヘルスレント新三郷ステーション【福祉用具貸与】埼玉県三郷市半田1150-2", "url": "https://www.kaigokensaku.mhlw.go.jp/11/index.php?action_kouhyou_detail_004_kani=true&JigyosyoCd=1171202102-00&ServiceCd=170&Type=search", "url2": "https://healthrent.duskin.jp/station/saitama/shinmisato.html" }, "geometry": { "type": "Point", "coordinates": [ 139.8727264, 35.8581155 ] } },
{ "type": "Feature", "properties": { "内容": "福祉のニッカ【福祉用具貸与】埼玉県三郷市早稲田３－８－１", "url": "https://www.kaigokensaku.mhlw.go.jp/11/index.php?action_kouhyou_detail_004_kani=true&JigyosyoCd=1171200213-00&ServiceCd=170&Type=search", "url2": "http://www.nikkamicron.co.jp" }, "geometry": { "type": "Point", "coordinates": [ 139.884472800000026, 35.8604924 ] } },
{ "type": "Feature", "properties": { "内容": "株式会社福祉協同サービス三郷営業所【福祉用具貸与】埼玉県三郷市谷口617", "url": "https://www.kaigokensaku.mhlw.go.jp/11/index.php?action_kouhyou_detail_004_kani=true&JigyosyoCd=1171200510-00&ServiceCd=170&Type=search", "url2": "http://www.fukushi-ks.com" }, "geometry": { "type": "Point", "coordinates": [ 139.872947848051496, 35.828160779347712 ] } },
{ "type": "Feature", "properties": { "内容": "サンライズ【福祉用具貸与】閏戸746-2", "url": "https://www.kaigokensaku.mhlw.go.jp/11/index.php?action_kouhyou_detail_004_kani=true&JigyosyoCd=1175700937-00&ServiceCd=170&Type=search", "url2": "http://www.sunrise2020.com" }, "geometry": { "type": "Point", "coordinates": [ 139.6456277, 35.9980046 ] } },
{ "type": "Feature", "properties": { "内容": "有限会社かんざわ【福祉用具貸与】埼玉県蓮田市黒浜４８２５", "url": "https://www.kaigokensaku.mhlw.go.jp/11/index.php?action_kouhyou_detail_004_kani=true&JigyosyoCd=1175700663-00&ServiceCd=170&Type=search", "url2": null }, "geometry": { "type": "Point", "coordinates": [ 139.677387599999946, 35.9938875 ] } },
{ "type": "Feature", "properties": { "内容": "福祉用具　たいよう【福祉用具貸与】埼玉県蓮田市関山1-1-21", "url": "https://www.kaigokensaku.mhlw.go.jp/11/index.php?action_kouhyou_detail_004_kani=true&JigyosyoCd=1171300351-00&ServiceCd=170&Type=search", "url2": "http://tiyousora,web,fc2,com" }, "geometry": { "type": "Point", "coordinates": [ 139.64747460000001, 35.9879406 ] } },
{ "type": "Feature", "properties": { "内容": "ハートサービス坂戸事業所【福祉用具貸与】埼玉県坂戸市千代田2-6-81", "url": "https://www.kaigokensaku.mhlw.go.jp/11/index.php?action_kouhyou_detail_004_kani=true&JigyosyoCd=1176001079-00&ServiceCd=170&Type=search", "url2": "https://fukushi.heart-service.com/" }, "geometry": { "type": "Point", "coordinates": [ 139.405095349556802, 35.957330965269016 ] } },
{ "type": "Feature", "properties": { "内容": "シノテクス株式会社【福祉用具貸与】埼玉県坂戸市千代田1-1-29第5武井ビル202", "url": "https://www.kaigokensaku.mhlw.go.jp/11/index.php?action_kouhyou_detail_004_kani=true&JigyosyoCd=1176001020-00&ServiceCd=170&Type=search", "url2": "http://shinotecs.jimdo.com/" }, "geometry": { "type": "Point", "coordinates": [ 139.403786354228913, 35.956822512399377 ] } },
{ "type": "Feature", "properties": { "内容": "エール・ケア坂戸鶴ヶ島【福祉用具貸与】緑町28番地13", "url": "https://www.kaigokensaku.mhlw.go.jp/11/index.php?action_kouhyou_detail_004_kani=true&JigyosyoCd=1176001400-00&ServiceCd=170&Type=search", "url2": null }, "geometry": { "type": "Point", "coordinates": [ 140.3731211, 38.5931701 ] } },
{ "type": "Feature", "properties": { "内容": "KAZUコーポレーション【福祉用具貸与】埼玉県幸手市大字幸手５２８５番地３", "url": "https://www.kaigokensaku.mhlw.go.jp/11/index.php?action_kouhyou_detail_004_kani=true&JigyosyoCd=1176100707-00&ServiceCd=170&Type=search", "url2": "www.kazucorporation.co.jp" }, "geometry": { "type": "Point", "coordinates": [ 139.721281200000021, 36.0624962 ] } },
{ "type": "Feature", "properties": { "内容": "ライフケアサービス　おぐり【福祉用具貸与】埼玉県幸手市北２－８－３", "url": "https://www.kaigokensaku.mhlw.go.jp/11/index.php?action_kouhyou_detail_004_kani=true&JigyosyoCd=1176100228-00&ServiceCd=170&Type=search", "url2": "http://www.e-oguri.com" }, "geometry": { "type": "Point", "coordinates": [ 139.72179959999994, 36.0831937 ] } },
{ "type": "Feature", "properties": { "内容": "住まいル・ケア　白石工務店　〔平成23年度新規事業所〕【福祉用具貸与】幸手市大字千塚１８４３番地", "url": "https://www.kaigokensaku.mhlw.go.jp/11/index.php?action_kouhyou_detail_004_kani=true&JigyosyoCd=1176100681-00&ServiceCd=170&Type=search", "url2": "http://shiraishi-koumuten.com" }, "geometry": { "type": "Point", "coordinates": [ 139.697589900000054, 36.0936084 ] } },
{ "type": "Feature", "properties": { "内容": "用具屋ファイン【福祉用具貸与】埼玉県鶴ヶ島市藤金876-61", "url": "https://www.kaigokensaku.mhlw.go.jp/11/index.php?action_kouhyou_detail_004_kani=true&JigyosyoCd=1176201141-00&ServiceCd=170&Type=search", "url2": "https://wright-light.com/" }, "geometry": { "type": "Point", "coordinates": [ 139.404385, 35.9456327 ] } },
{ "type": "Feature", "properties": { "内容": "ふれあい広場　日高店【福祉用具貸与】日高市鹿山２３７－６", "url": "https://www.kaigokensaku.mhlw.go.jp/11/index.php?action_kouhyou_detail_004_kani=true&JigyosyoCd=1176300067-00&ServiceCd=170&Type=search", "url2": "http://www.fureai-hiroba.co.jp" }, "geometry": { "type": "Point", "coordinates": [ 139.341498199999933, 35.895423 ] } },
{ "type": "Feature", "properties": { "内容": "福祉用具貸与サービス清雅園【福祉用具貸与】日高市大字森戸新田９９番地２", "url": "https://www.kaigokensaku.mhlw.go.jp/11/index.php?action_kouhyou_detail_004_kani=true&JigyosyoCd=1176300356-00&ServiceCd=170&Type=search", "url2": "http://www.seigaen.com" }, "geometry": { "type": "Point", "coordinates": [ 139.373570699999959, 35.9117522 ] } },
{ "type": "Feature", "properties": { "内容": "ラウンド＆ケア福祉用具東部【福祉用具貸与】埼玉県吉川市木売１－４－１１　宏次ビル５階A宏次ビル５階A", "url": "https://www.kaigokensaku.mhlw.go.jp/11/index.php?action_kouhyou_detail_004_kani=true&JigyosyoCd=1176400800-00&ServiceCd=170&Type=search", "url2": "https://www.eclasia.co.jp/" }, "geometry": { "type": "Point", "coordinates": [ 139.8431096, 35.8769766 ] } },
{ "type": "Feature", "properties": { "内容": "有限会社ハート・アンド・ライフ【福祉用具貸与】埼玉県吉川市高久1-10-1ヴェルフィーユ１F", "url": "https://www.kaigokensaku.mhlw.go.jp/11/index.php?action_kouhyou_detail_004_kani=true&JigyosyoCd=1176400180-00&ServiceCd=170&Type=search", "url2": null }, "geometry": { "type": "Point", "coordinates": [ 139.844829544180385, 35.867749926909497 ] } },
{ "type": "Feature", "properties": { "内容": "介護用品店ゆとりっぷ吉川営業所【福祉用具貸与】埼玉県吉川市南広島65", "url": "https://www.kaigokensaku.mhlw.go.jp/11/index.php?action_kouhyou_detail_004_kani=true&JigyosyoCd=1176400875-00&ServiceCd=170&Type=search", "url2": null }, "geometry": { "type": "Point", "coordinates": [ 139.8470949, 35.9142945 ] } },
{ "type": "Feature", "properties": { "内容": "K.ver株式会社【福祉用具貸与】埼玉県吉川市高富1－1－12", "url": "https://www.kaigokensaku.mhlw.go.jp/11/index.php?action_kouhyou_detail_004_kani=true&JigyosyoCd=1176400933-00&ServiceCd=170&Type=search", "url2": "www,kver.jp" }, "geometry": { "type": "Point", "coordinates": [ 139.8413353, 35.8731813 ] } },
{ "type": "Feature", "properties": { "内容": "アスケア福祉用具センター埼玉東【福祉用具貸与】高久1-10-1ヴェルフィーユ1F店舗", "url": "https://www.kaigokensaku.mhlw.go.jp/11/index.php?action_kouhyou_detail_004_kani=true&JigyosyoCd=1176401063-00&ServiceCd=170&Type=search", "url2": null }, "geometry": { "type": "Point", "coordinates": [ 139.86415, 35.872032 ] } },
{ "type": "Feature", "properties": { "内容": "有限会社　住まいるハート【福祉用具貸与】埼玉県ふじみ野市鶴ヶ岡４－１２－１５", "url": "https://www.kaigokensaku.mhlw.go.jp/11/index.php?action_kouhyou_detail_004_kani=true&JigyosyoCd=1172900365-00&ServiceCd=170&Type=search", "url2": null }, "geometry": { "type": "Point", "coordinates": [ 139.498955300000034, 35.8669503 ] } },
{ "type": "Feature", "properties": { "内容": "おじれん【福祉用具貸与】埼玉県ふじみ野市大井中央4-18-31", "url": "https://www.kaigokensaku.mhlw.go.jp/11/index.php?action_kouhyou_detail_004_kani=true&JigyosyoCd=1172900787-00&ServiceCd=170&Type=search", "url2": "http://3810.co.jp/" }, "geometry": { "type": "Point", "coordinates": [ 139.505373389681978, 35.862030239561285 ] } },
{ "type": "Feature", "properties": { "内容": "富家福祉用具事業所【福祉用具貸与】埼玉県ふじみ野市苗間291番地2", "url": "https://www.kaigokensaku.mhlw.go.jp/11/index.php?action_kouhyou_detail_004_kani=true&JigyosyoCd=1173001320-00&ServiceCd=170&Type=search", "url2": null }, "geometry": { "type": "Point", "coordinates": [ 139.527544799999987, 35.8585244 ] } },
{ "type": "Feature", "properties": { "内容": "スリーウィン【福祉用具貸与】埼玉県ふじみ野市上福岡二丁目６番１２号", "url": "https://www.kaigokensaku.mhlw.go.jp/11/index.php?action_kouhyou_detail_004_kani=true&JigyosyoCd=1173001155-00&ServiceCd=170&Type=search", "url2": "http://threewin.jp/" }, "geometry": { "type": "Point", "coordinates": [ 139.515395942327814, 35.874686687166943 ] } },
{ "type": "Feature", "properties": { "内容": "パナソニックエイジフリーショップ蓮田・白岡【福祉用具貸与】埼玉県白岡市荒井新田371-11", "url": "https://www.kaigokensaku.mhlw.go.jp/11/index.php?action_kouhyou_detail_004_kani=true&JigyosyoCd=1175700218-00&ServiceCd=170&Type=search", "url2": "http://sumai.panasonic.jp/agefree/map/detail.php?id=160" }, "geometry": { "type": "Point", "coordinates": [ 139.625014159171997, 36.041414344027871 ] } },
{ "type": "Feature", "properties": { "内容": "いなほの福祉用具【福祉用具貸与】西3-5-1", "url": "https://www.kaigokensaku.mhlw.go.jp/11/index.php?action_kouhyou_detail_004_kani=true&JigyosyoCd=1176600359-00&ServiceCd=170&Type=search", "url2": null }, "geometry": { "type": "Point", "coordinates": [ 139.650036139320065, 36.016361446247736 ] } },
{ "type": "Feature", "properties": { "内容": "ケアメディカル福祉用具【福祉用具貸与】埼玉県北足立郡伊奈町西小針3丁目281番地3", "url": "https://www.kaigokensaku.mhlw.go.jp/11/index.php?action_kouhyou_detail_004_kani=true&JigyosyoCd=1171300690-00&ServiceCd=170&Type=search", "url2": "http://care-medicai.co.jp/" }, "geometry": { "type": "Point", "coordinates": [ 139.60013380203165, 36.021125598019765 ] } },
{ "type": "Feature", "properties": { "内容": "株式会社同仁社　関東支店【福祉用具貸与】埼玉県北足立郡伊奈町寿2丁目134-2", "url": "https://www.kaigokensaku.mhlw.go.jp/11/index.php?action_kouhyou_detail_004_kani=true&JigyosyoCd=1171300500-00&ServiceCd=170&Type=search", "url2": "http://www.dojinsha.jp/" }, "geometry": { "type": "Point", "coordinates": [ 139.604189200000064, 36.0066751 ] } },
{ "type": "Feature", "properties": { "内容": "株式会社かんきょう　埼玉西支店【福祉用具貸与】埼玉県入間郡三芳町藤久保８０７番地１", "url": "https://www.kaigokensaku.mhlw.go.jp/11/index.php?action_kouhyou_detail_004_kani=true&JigyosyoCd=1172401323-00&ServiceCd=170&Type=search", "url2": "https://www.kankyonet.co.jp" }, "geometry": { "type": "Point", "coordinates": [ 139.527880187214834, 35.837096323807089 ] } },
{ "type": "Feature", "properties": { "内容": "株式会社ウエルフェア【福祉用具貸与】埼玉県入間郡毛呂山町毛呂本郷671-2ウエルフェア本社ビル", "url": "https://www.kaigokensaku.mhlw.go.jp/11/index.php?action_kouhyou_detail_004_kani=true&JigyosyoCd=1172401489-00&ServiceCd=170&Type=search", "url2": "http://welfare21.co.jp" }, "geometry": { "type": "Point", "coordinates": [ 139.3092196, 35.9382048 ] } },
{ "type": "Feature", "properties": { "内容": "介護ショップえがお【福祉用具貸与】入間郡毛呂山町南台5-26-40", "url": "https://www.kaigokensaku.mhlw.go.jp/11/index.php?action_kouhyou_detail_004_kani=true&JigyosyoCd=1172401117-00&ServiceCd=170&Type=search", "url2": "http://egao-kare.jp/" }, "geometry": { "type": "Point", "coordinates": [ 139.327034975146518, 35.939522666044127 ] } },
{ "type": "Feature", "properties": { "内容": "なごみ空間工房【福祉用具貸与】菅谷１４１－２", "url": "https://www.kaigokensaku.mhlw.go.jp/11/index.php?action_kouhyou_detail_004_kani=true&JigyosyoCd=1173201896-00&ServiceCd=170&Type=search", "url2": "http://nagomi-kukankobo.com/" }, "geometry": { "type": "Point", "coordinates": [ 139.328075799999965, 36.0423146 ] } },
{ "type": "Feature", "properties": { "内容": "エール・ケア【福祉用具貸与】埼玉県比企郡小川町大字大塚３３番地１", "url": "https://www.kaigokensaku.mhlw.go.jp/11/index.php?action_kouhyou_detail_004_kani=true&JigyosyoCd=1173200682-00&ServiceCd=170&Type=search", "url2": null }, "geometry": { "type": "Point", "coordinates": [ 139.260883449229539, 36.056242654003192 ] } },
{ "type": "Feature", "properties": { "内容": "ケアサービスひまわり【福祉用具貸与】比企郡小川町大塚1267", "url": "https://www.kaigokensaku.mhlw.go.jp/11/index.php?action_kouhyou_detail_004_kani=true&JigyosyoCd=1173200690-00&ServiceCd=170&Type=search", "url2": null }, "geometry": { "type": "Point", "coordinates": [ 139.264775500000042, 36.0570861 ] } },
{ "type": "Feature", "properties": { "内容": "さいかい【福祉用具貸与】埼玉県比企郡鳩山町小用1221番地12", "url": "https://www.kaigokensaku.mhlw.go.jp/11/index.php?action_kouhyou_detail_004_kani=true&JigyosyoCd=1173202282-00&ServiceCd=170&Type=search", "url2": null }, "geometry": { "type": "Point", "coordinates": [ 139.337617200000068, 35.966380299999983 ] } },
{ "type": "Feature", "properties": { "内容": "介護ショップ　陽だまり【福祉用具貸与】埼玉県比企郡ときがわ町瀬戸元上293-8", "url": "https://www.kaigokensaku.mhlw.go.jp/11/index.php?action_kouhyou_detail_004_kani=true&JigyosyoCd=1173202357-00&ServiceCd=170&Type=search", "url2": null }, "geometry": { "type": "Point", "coordinates": [ 139.2736382, 35.9982801 ] } },
{ "type": "Feature", "properties": { "内容": "ライフアップサポート　おたっしゃレンタル【福祉用具貸与】埼玉県秩父郡横瀬町横瀬4549-1", "url": "https://www.kaigokensaku.mhlw.go.jp/11/index.php?action_kouhyou_detail_004_kani=true&JigyosyoCd=1174801223-00&ServiceCd=170&Type=search", "url2": null }, "geometry": { "type": "Point", "coordinates": [ 139.1000381, 35.9879225 ] } },
{ "type": "Feature", "properties": { "内容": "福祉用具ワールド【福祉用具貸与】埼玉県児玉郡美里町猪俣111-2", "url": "https://www.kaigokensaku.mhlw.go.jp/11/index.php?action_kouhyou_detail_004_kani=true&JigyosyoCd=1174201820-00&ServiceCd=170&Type=search", "url2": "https://www.innocent-world.com" }, "geometry": { "type": "Point", "coordinates": [ 139.187444699999986, 36.1573317 ] } },
{ "type": "Feature", "properties": { "内容": "はなわ福祉用具事業所【福祉用具貸与】埼玉県児玉郡神川町原新田上堀南１４６番地３", "url": "https://www.kaigokensaku.mhlw.go.jp/11/index.php?action_kouhyou_detail_004_kani=true&JigyosyoCd=1174201432-00&ServiceCd=170&Type=search", "url2": "http://www.geocities.jp/hanawashakaifukushi1/" }, "geometry": { "type": "Point", "coordinates": [ 139.124091679003868, 36.217589725978705 ] } },
{ "type": "Feature", "properties": { "内容": "グリーンケア　寄居店【福祉用具貸与】埼玉県大里郡寄居町大字寄居1546番地1", "url": "https://www.kaigokensaku.mhlw.go.jp/11/index.php?action_kouhyou_detail_004_kani=true&JigyosyoCd=1174501427-00&ServiceCd=170&Type=search", "url2": "https://www.atc-greencare.com/" }, "geometry": { "type": "Point", "coordinates": [ 139.191391359524573, 36.120513601072886 ] } },
{ "type": "Feature", "properties": { "内容": "合同会社Win堂【福祉用具貸与】百間4-3-30-3", "url": "https://www.kaigokensaku.mhlw.go.jp/11/index.php?action_kouhyou_detail_004_kani=true&JigyosyoCd=1170501207-00&ServiceCd=170&Type=search", "url2": "https://win-dou.com" }, "geometry": { "type": "Point", "coordinates": [ 139.730689500000011, 36.0257444 ] } },
{ "type": "Feature", "properties": { "内容": "ケアレンタル東埼玉【福祉用具貸与】埼玉県北葛飾郡杉戸町清地5-1-2", "url": "https://www.kaigokensaku.mhlw.go.jp/11/index.php?action_kouhyou_detail_004_kani=true&JigyosyoCd=1171101460-00&ServiceCd=170&Type=search", "url2": "http://www.jinai.jp/" }, "geometry": { "type": "Point", "coordinates": [ 139.737231299999962, 36.0277757 ] } },
{ "type": "Feature", "properties": { "内容": "福祉のサラダ館【福祉用具貸与】埼玉県北葛飾郡松伏町松伏356", "url": "https://www.kaigokensaku.mhlw.go.jp/11/index.php?action_kouhyou_detail_004_kani=true&JigyosyoCd=1171101726-00&ServiceCd=170&Type=search", "url2": "https://www.thanks-wrap.co.jp/" }, "geometry": { "type": "Point", "coordinates": [ 139.824869500000034, 35.9330172 ] } }
]
}
