{
"type": "FeatureCollection",
"name": "geo_11_地域密着型通所介護",
"crs": { "type": "name", "properties": { "name": "urn:ogc:def:crs:OGC:1.3:CRS84" } },
"features": [
{ "type": "Feature", "properties": { "内容": "光和堂通所介護【地域密着型通所介護】埼玉県さいたま市西区指扇領別所３２６－１", "url": "https://www.kaigokensaku.mhlw.go.jp/11/index.php?action_kouhyou_detail_004_kani=true&JigyosyoCd=1176501730-00&ServiceCd=780&Type=search", "url2": "https://kowado.jpn.com" }, "geometry": { "type": "Point", "coordinates": [ 139.566134, 35.9187563 ] } },
{ "type": "Feature", "properties": { "内容": "ロコモ介護予防デイサービス【地域密着型通所介護】さいたま市西区三橋6丁目132-1", "url": "https://www.kaigokensaku.mhlw.go.jp/11/index.php?action_kouhyou_detail_004_kani=true&JigyosyoCd=1176509758-00&ServiceCd=780&Type=search", "url2": "www.hattorigroup.jp" }, "geometry": { "type": "Point", "coordinates": [ 139.5866838, 35.9117069 ] } },
{ "type": "Feature", "properties": { "内容": "デイサービス　楽しいわが家【地域密着型通所介護】さいたま市西区西遊馬71-1", "url": "https://www.kaigokensaku.mhlw.go.jp/11/index.php?action_kouhyou_detail_004_kani=true&JigyosyoCd=1176502308-00&ServiceCd=780&Type=search", "url2": "https://www.t-wagaya.com" }, "geometry": { "type": "Point", "coordinates": [ 139.575045466950996, 35.901714768728603 ] } },
{ "type": "Feature", "properties": { "内容": "だんらんの家　指扇【地域密着型通所介護】埼玉県さいたま市西区指扇1118-36", "url": "https://www.kaigokensaku.mhlw.go.jp/11/index.php?action_kouhyou_detail_004_kani=true&JigyosyoCd=1196501322-00&ServiceCd=780&Type=search", "url2": "https://danrannoie.com/sasiougi" }, "geometry": { "type": "Point", "coordinates": [ 139.5785136, 35.9106695 ] } },
{ "type": "Feature", "properties": { "内容": "デイサービス　南国の唄【地域密着型通所介護】埼玉県さいたま市北区宮原町1－459アコール十文字　１階", "url": "https://www.kaigokensaku.mhlw.go.jp/11/index.php?action_kouhyou_detail_004_kani=true&JigyosyoCd=1176512265-00&ServiceCd=780&Type=search", "url2": "http://nangokunouta.jp" }, "geometry": { "type": "Point", "coordinates": [ 139.615718799999968, 35.935324 ] } },
{ "type": "Feature", "properties": { "内容": "奈良町デイサービス【地域密着型通所介護】奈良町159-6", "url": "https://www.kaigokensaku.mhlw.go.jp/11/index.php?action_kouhyou_detail_004_kani=true&JigyosyoCd=1196501520-00&ServiceCd=780&Type=search", "url2": null }, "geometry": { "type": "Point", "coordinates": [ 139.595001, 35.9530088 ] } },
{ "type": "Feature", "properties": { "内容": "あけぼしデイサービス【地域密着型通所介護】埼玉県さいたま市北区吉野町1-3-1茂木ビル1F", "url": "https://www.kaigokensaku.mhlw.go.jp/11/index.php?action_kouhyou_detail_004_kani=true&JigyosyoCd=1176508735-00&ServiceCd=780&Type=search", "url2": "https://grateful-kaigo.com/" }, "geometry": { "type": "Point", "coordinates": [ 139.622059499999978, 35.9470223 ] } },
{ "type": "Feature", "properties": { "内容": "ＧＥＮＫＩ　ＮＥＸＴ大宮大成町【地域密着型通所介護】埼玉県さいたま市北区大成町4-402", "url": "https://www.kaigokensaku.mhlw.go.jp/11/index.php?action_kouhyou_detail_004_kani=true&JigyosyoCd=1196501066-00&ServiceCd=780&Type=search", "url2": "https://kaigo-next.com/sp/" }, "geometry": { "type": "Point", "coordinates": [ 139.615046500000062, 35.9242408 ] } },
{ "type": "Feature", "properties": { "内容": "大砂土デイサービスセンター【地域密着型通所介護】さいたま市北区今羽町６３７番地１", "url": "https://www.kaigokensaku.mhlw.go.jp/11/index.php?action_kouhyou_detail_004_kani=true&JigyosyoCd=1170300709-00&ServiceCd=780&Type=search", "url2": "https://www.keijuen.info/" }, "geometry": { "type": "Point", "coordinates": [ 139.626517400000012, 35.9504886 ] } },
{ "type": "Feature", "properties": { "内容": "遊季の里【地域密着型通所介護】さいたま市北区土呂町２丁目77-12", "url": "https://www.kaigokensaku.mhlw.go.jp/11/index.php?action_kouhyou_detail_004_kani=true&JigyosyoCd=1176509477-00&ServiceCd=780&Type=search", "url2": "http://hp.kaipoke.biz/zof/" }, "geometry": { "type": "Point", "coordinates": [ 139.636216900000022, 35.9348388 ] } },
{ "type": "Feature", "properties": { "内容": "ガーデンテラス大宮公園【地域密着型通所介護】埼玉県さいたま市北区盆栽町434-1ガーデンテラス大宮公園1階", "url": "https://www.kaigokensaku.mhlw.go.jp/11/index.php?action_kouhyou_detail_004_kani=true&JigyosyoCd=1176511820-00&ServiceCd=780&Type=search", "url2": "www.hibari-kaigo.jp" }, "geometry": { "type": "Point", "coordinates": [ 139.627603799999946, 35.9265342 ] } },
{ "type": "Feature", "properties": { "内容": "東京ヘルスケア機能訓練センター日進【地域密着型通所介護】埼玉県さいたま市北区日進長２－１６０５第2ハクサンハイツ101", "url": "https://www.kaigokensaku.mhlw.go.jp/11/index.php?action_kouhyou_detail_004_kani=true&JigyosyoCd=1196501470-00&ServiceCd=780&Type=search", "url2": "https://www.touheru.net/" }, "geometry": { "type": "Point", "coordinates": [ 139.6034998, 35.9314246 ] } },
{ "type": "Feature", "properties": { "内容": "デイサービスほのか【地域密着型通所介護】埼玉県さいたま市北区今羽町5番地デイサービスほのか", "url": "https://www.kaigokensaku.mhlw.go.jp/11/index.php?action_kouhyou_detail_004_kani=true&JigyosyoCd=1176508792-00&ServiceCd=780&Type=search", "url2": "http://www.honoka-day.com" }, "geometry": { "type": "Point", "coordinates": [ 139.62125689969821, 35.947835606297069 ] } },
{ "type": "Feature", "properties": { "内容": "コンパスウォーク宮原【地域密着型通所介護】埼玉県さいたま市北区宮原町1-746", "url": "https://www.kaigokensaku.mhlw.go.jp/11/index.php?action_kouhyou_detail_004_kani=true&JigyosyoCd=1176513818-00&ServiceCd=780&Type=search", "url2": "https://keigo-group.co.jp/shop/saitamaken/1149/" }, "geometry": { "type": "Point", "coordinates": [ 139.622278400000027, 35.9412945 ] } },
{ "type": "Feature", "properties": { "内容": "大宮諏訪の苑デイサービスセンター【地域密着型通所介護】埼玉県さいたま市大宮区三橋4-875-2", "url": "https://www.kaigokensaku.mhlw.go.jp/11/index.php?action_kouhyou_detail_004_kani=true&JigyosyoCd=1176514816-00&ServiceCd=780&Type=search", "url2": "http://suwanoen.jp" }, "geometry": { "type": "Point", "coordinates": [ 139.60433450000005, 35.890873 ] } },
{ "type": "Feature", "properties": { "内容": "GENKI　NEXT　大宮浅間町【地域密着型通所介護】埼玉県さいたま市大宮区浅間町1-168-1D1ビル　１階", "url": "https://www.kaigokensaku.mhlw.go.jp/11/index.php?action_kouhyou_detail_004_kani=true&JigyosyoCd=1176512000-00&ServiceCd=780&Type=search", "url2": "http://kaigo-next.com/search/detail/851/" }, "geometry": { "type": "Point", "coordinates": [ 139.634500800000069, 35.9052317 ] } },
{ "type": "Feature", "properties": { "内容": "上小町デイサービス１５１A【地域密着型通所介護】上小町183-1", "url": "https://www.kaigokensaku.mhlw.go.jp/11/index.php?action_kouhyou_detail_004_kani=true&JigyosyoCd=1196500753-00&ServiceCd=780&Type=search", "url2": "ｈｔｔｐ://www.ukoukoyao.com" }, "geometry": { "type": "Point", "coordinates": [ 139.6105248, 35.9054174 ] } },
{ "type": "Feature", "properties": { "内容": "コンパスウォーク大宮西口【地域密着型通所介護】埼玉県さいたま市大宮区上小町１１０６", "url": "https://www.kaigokensaku.mhlw.go.jp/11/index.php?action_kouhyou_detail_004_kani=true&JigyosyoCd=1176509295-00&ServiceCd=780&Type=search", "url2": "http://www.kinoukaifuku.com/index.html" }, "geometry": { "type": "Point", "coordinates": [ 139.6136414, 35.8996294 ] } },
{ "type": "Feature", "properties": { "内容": "レッツ倶楽部　大宮櫛引【地域密着型通所介護】埼玉県さいたま市大宮区櫛引1丁目661番地ＫＳ櫛引", "url": "https://www.kaigokensaku.mhlw.go.jp/11/index.php?action_kouhyou_detail_004_kani=true&JigyosyoCd=1176513115-00&ServiceCd=780&Type=search", "url2": "http://www.lets-club.jp/shop/omiyakushihiki/" }, "geometry": { "type": "Point", "coordinates": [ 139.6082778, 35.9138937 ] } },
{ "type": "Feature", "properties": { "内容": "デイサービスゆかり【地域密着型通所介護】さいたま市見沼区春岡3-26-13", "url": "https://www.kaigokensaku.mhlw.go.jp/11/index.php?action_kouhyou_detail_004_kani=true&JigyosyoCd=1176511804-00&ServiceCd=780&Type=search", "url2": "https://medicalassist-s.com/" }, "geometry": { "type": "Point", "coordinates": [ 139.657892940475449, 35.950283624909886 ] } },
{ "type": "Feature", "properties": { "内容": "GENKINEXT東大宮【地域密着型通所介護】埼玉県さいたま市見沼区東大宮１－１１－１３", "url": "https://www.kaigokensaku.mhlw.go.jp/11/index.php?action_kouhyou_detail_004_kani=true&JigyosyoCd=1176511853-00&ServiceCd=780&Type=search", "url2": "http://www.medicalassist‐s.com" }, "geometry": { "type": "Point", "coordinates": [ 139.6403497, 35.9436154 ] } },
{ "type": "Feature", "properties": { "内容": "デイサービス　三日月【地域密着型通所介護】埼玉県さいたま市見沼区大和田町2丁目１５５３－１９", "url": "https://www.kaigokensaku.mhlw.go.jp/11/index.php?action_kouhyou_detail_004_kani=true&JigyosyoCd=1176512877-00&ServiceCd=780&Type=search", "url2": null }, "geometry": { "type": "Point", "coordinates": [ 139.648213100000021, 35.9358612 ] } },
{ "type": "Feature", "properties": { "内容": "ぷらす【地域密着型通所介護】埼玉県さいたま市見沼区東門前351番地１", "url": "https://www.kaigokensaku.mhlw.go.jp/11/index.php?action_kouhyou_detail_004_kani=true&JigyosyoCd=1176513354-00&ServiceCd=780&Type=search", "url2": null }, "geometry": { "type": "Point", "coordinates": [ 139.672908199999938, 35.9317735 ] } },
{ "type": "Feature", "properties": { "内容": "だんらんの家大和田町【地域密着型通所介護】埼玉県さいたま市見沼区大和田町1-1032-2", "url": "https://www.kaigokensaku.mhlw.go.jp/11/index.php?action_kouhyou_detail_004_kani=true&JigyosyoCd=1196501090-00&ServiceCd=780&Type=search", "url2": "https://danrannoie.com/home/owada.html" }, "geometry": { "type": "Point", "coordinates": [ 139.649342310450749, 35.925994691578275 ] } },
{ "type": "Feature", "properties": { "内容": "デイサービスありがたい大宮【地域密着型通所介護】埼玉県さいたま市見沼区東新井311-3", "url": "https://www.kaigokensaku.mhlw.go.jp/11/index.php?action_kouhyou_detail_004_kani=true&JigyosyoCd=1196501058-00&ServiceCd=780&Type=search", "url2": "https://arigatai.org/" }, "geometry": { "type": "Point", "coordinates": [ 139.6689242, 35.9097625 ] } },
{ "type": "Feature", "properties": { "内容": "〇〇【地域密着型通所介護】〇〇", "url": "https://www.kaigokensaku.mhlw.go.jp/11/index.php?action_kouhyou_detail_004_kani=true&JigyosyoCd=1171111111-00&ServiceCd=780&Type=search", "url2": null }, "geometry": { "type": "Point", "coordinates": [ 139.62564, 35.882946 ] } },
{ "type": "Feature", "properties": { "内容": "ひだまりの会デイサービス与野本町の家　弐番館【地域密着型通所介護】さいたま市中央区本町東4-17-6", "url": "https://www.kaigokensaku.mhlw.go.jp/11/index.php?action_kouhyou_detail_004_kani=true&JigyosyoCd=1176507919-00&ServiceCd=780&Type=search", "url2": "https://nsf.co.jp" }, "geometry": { "type": "Point", "coordinates": [ 139.623252399999956, 35.8866034 ] } },
{ "type": "Feature", "properties": { "内容": "だんらんの家　北与野【地域密着型通所介護】埼玉県さいたま市中央区下落合４－１－１６", "url": "https://www.kaigokensaku.mhlw.go.jp/11/index.php?action_kouhyou_detail_004_kani=true&JigyosyoCd=1176513610-00&ServiceCd=780&Type=search", "url2": null }, "geometry": { "type": "Point", "coordinates": [ 139.630029700000023, 35.8869313 ] } },
{ "type": "Feature", "properties": { "内容": "だんらんの家　円阿弥【地域密着型通所介護】埼玉県さいたま市中央区円阿弥４－４－１", "url": "https://www.kaigokensaku.mhlw.go.jp/11/index.php?action_kouhyou_detail_004_kani=true&JigyosyoCd=1176510418-00&ServiceCd=780&Type=search", "url2": null }, "geometry": { "type": "Point", "coordinates": [ 139.607073200000059, 35.8878806 ] } },
{ "type": "Feature", "properties": { "内容": "幸皆歓おおと【地域密着型通所介護】さいたま市中央区新中里2-4-5丸販本社ビル102", "url": "https://www.kaigokensaku.mhlw.go.jp/11/index.php?action_kouhyou_detail_004_kani=true&JigyosyoCd=1176511622-00&ServiceCd=780&Type=search", "url2": "https://www.art-rity.com" }, "geometry": { "type": "Point", "coordinates": [ 139.633219608127405, 35.871460317390941 ] } },
{ "type": "Feature", "properties": { "内容": "デイサロン　オルポノ【地域密着型通所介護】埼玉県さいたま市中央区上落合1－9与野ハウス2号棟108", "url": "https://www.kaigokensaku.mhlw.go.jp/11/index.php?action_kouhyou_detail_004_kani=true&JigyosyoCd=1176514667-00&ServiceCd=780&Type=search", "url2": null }, "geometry": { "type": "Point", "coordinates": [ 139.629470968638998, 35.889874180382989 ] } },
{ "type": "Feature", "properties": { "内容": "デイサービスセンターきりしき上峰【地域密着型通所介護】埼玉県さいたま市中央区上峰3-10-6", "url": "https://www.kaigokensaku.mhlw.go.jp/11/index.php?action_kouhyou_detail_004_kani=true&JigyosyoCd=1171500166-00&ServiceCd=780&Type=search", "url2": "http://www.kirishiki.jp" }, "geometry": { "type": "Point", "coordinates": [ 139.620986600000037, 35.8746937 ] } },
{ "type": "Feature", "properties": { "内容": "デイサービス　ふあり【地域密着型通所介護】さいたま市中央区新中里2-9-38", "url": "https://www.kaigokensaku.mhlw.go.jp/11/index.php?action_kouhyou_detail_004_kani=true&JigyosyoCd=1176511549-00&ServiceCd=780&Type=search", "url2": null }, "geometry": { "type": "Point", "coordinates": [ 139.633026218385368, 35.871675265370179 ] } },
{ "type": "Feature", "properties": { "内容": "デイサービス・ハレオル　ラナ【地域密着型通所介護】埼玉県さいたま市桜区西堀1-17-15岩﨑ビル1階", "url": "https://www.kaigokensaku.mhlw.go.jp/11/index.php?action_kouhyou_detail_004_kani=true&JigyosyoCd=1176514360-00&ServiceCd=780&Type=search", "url2": "https://a-look-sac.com/" }, "geometry": { "type": "Point", "coordinates": [ 139.635164785554394, 35.855918997940122 ] } },
{ "type": "Feature", "properties": { "内容": "リハビリ俱楽部　楽【地域密着型通所介護】埼玉県さいたま市桜区神田236-1", "url": "https://www.kaigokensaku.mhlw.go.jp/11/index.php?action_kouhyou_detail_004_kani=true&JigyosyoCd=1176513230-00&ServiceCd=780&Type=search", "url2": "http://forestfamily.jp" }, "geometry": { "type": "Point", "coordinates": [ 139.607465700000034, 35.8735435 ] } },
{ "type": "Feature", "properties": { "内容": "健康倶楽部　楽【地域密着型通所介護】さいたま市桜区五関820-1", "url": "https://www.kaigokensaku.mhlw.go.jp/11/index.php?action_kouhyou_detail_004_kani=true&JigyosyoCd=1176509857-00&ServiceCd=780&Type=search", "url2": "http://forestfamily.jp/" }, "geometry": { "type": "Point", "coordinates": [ 139.597608499999978, 35.869202 ] } },
{ "type": "Feature", "properties": { "内容": "ネヲハル　デイサービス田島【地域密着型通所介護】埼玉県さいたま市桜区田島４－９－８", "url": "https://www.kaigokensaku.mhlw.go.jp/11/index.php?action_kouhyou_detail_004_kani=true&JigyosyoCd=1176502258-00&ServiceCd=780&Type=search", "url2": "http://www.neoharu.jp" }, "geometry": { "type": "Point", "coordinates": [ 139.632408700000042, 35.8496497 ] } },
{ "type": "Feature", "properties": { "内容": "リハビリデイサービスnagomi浦和店【地域密着型通所介護】埼玉県さいたま市浦和区常盤5-5-2", "url": "https://www.kaigokensaku.mhlw.go.jp/11/index.php?action_kouhyou_detail_004_kani=true&JigyosyoCd=1176509097-00&ServiceCd=780&Type=search", "url2": "https://ncs.my-nagomi.com" }, "geometry": { "type": "Point", "coordinates": [ 139.648651400000062, 35.8605682 ] } },
{ "type": "Feature", "properties": { "内容": "ヘルシーステーションＮＯＡＨ【地域密着型通所介護】埼玉県さいたま市浦和区仲町２－１７－１中島ビル１０１", "url": "https://www.kaigokensaku.mhlw.go.jp/11/index.php?action_kouhyou_detail_004_kani=true&JigyosyoCd=1176513248-00&ServiceCd=780&Type=search", "url2": null }, "geometry": { "type": "Point", "coordinates": [ 139.651765299999965, 35.8595341 ] } },
{ "type": "Feature", "properties": { "内容": "さくら倶楽部【地域密着型通所介護】埼玉県さいたま市浦和区上木崎６－９－３", "url": "https://www.kaigokensaku.mhlw.go.jp/11/index.php?action_kouhyou_detail_004_kani=true&JigyosyoCd=1176508495-00&ServiceCd=780&Type=search", "url2": "http://www.net-sakura.jp" }, "geometry": { "type": "Point", "coordinates": [ 139.6516226, 35.8832599 ] } },
{ "type": "Feature", "properties": { "内容": "デイハウス　さくらんぼめんそーれ【地域密着型通所介護】埼玉県　さいたま市　浦和区　本太　5-32-14", "url": "https://www.kaigokensaku.mhlw.go.jp/11/index.php?action_kouhyou_detail_004_kani=true&JigyosyoCd=1176510111-00&ServiceCd=780&Type=search", "url2": null }, "geometry": { "type": "Point", "coordinates": [ 139.660664, 35.8676914 ] } },
{ "type": "Feature", "properties": { "内容": "デイサロンまちや【地域密着型通所介護】埼玉県さいたま市浦和区本太3-1-14", "url": "https://www.kaigokensaku.mhlw.go.jp/11/index.php?action_kouhyou_detail_004_kani=true&JigyosyoCd=1176508198-00&ServiceCd=780&Type=search", "url2": "http://www.fc-machiya.jp/" }, "geometry": { "type": "Point", "coordinates": [ 139.65415680000001, 35.8639671 ] } },
{ "type": "Feature", "properties": { "内容": "だんらんの家　浦和【地域密着型通所介護】さいたま市浦和区常盤５－１３－１６", "url": "https://www.kaigokensaku.mhlw.go.jp/11/index.php?action_kouhyou_detail_004_kani=true&JigyosyoCd=1176508131-00&ServiceCd=780&Type=search", "url2": "www.danrannoie.com" }, "geometry": { "type": "Point", "coordinates": [ 139.647082, 35.8652039 ] } },
{ "type": "Feature", "properties": { "内容": "ケアフロンティア別所沼公園【地域密着型通所介護】埼玉県さいたま市南区別所４丁目５番１３号", "url": "https://www.kaigokensaku.mhlw.go.jp/11/index.php?action_kouhyou_detail_004_kani=true&JigyosyoCd=1176507695-00&ServiceCd=780&Type=search", "url2": "https://care-frontier.com/" }, "geometry": { "type": "Point", "coordinates": [ 139.643432500000017, 35.8573379 ] } },
{ "type": "Feature", "properties": { "内容": "PlatinaSalon浦和南【地域密着型通所介護】埼玉県さいたま市南区南浦和2-4-2Mﾋﾞﾙ1F", "url": "https://www.kaigokensaku.mhlw.go.jp/11/index.php?action_kouhyou_detail_004_kani=true&JigyosyoCd=1176513149-00&ServiceCd=780&Type=search", "url2": "http://picoeve.wixsite.com/picoeve" }, "geometry": { "type": "Point", "coordinates": [ 139.669335899999936, 35.850664 ] } },
{ "type": "Feature", "properties": { "内容": "デイサービス奏【地域密着型通所介護】さいたま市南区別所１－１１－２", "url": "https://www.kaigokensaku.mhlw.go.jp/11/index.php?action_kouhyou_detail_004_kani=true&JigyosyoCd=1176508073-00&ServiceCd=780&Type=search", "url2": "http://www.kanade-kaigoshien.com/" }, "geometry": { "type": "Point", "coordinates": [ 139.648368299999987, 35.853094 ] } },
{ "type": "Feature", "properties": { "内容": "こころデイサービス武蔵浦和【地域密着型通所介護】埼玉県さいたま市南区内谷7-7-26", "url": "https://www.kaigokensaku.mhlw.go.jp/11/index.php?action_kouhyou_detail_004_kani=true&JigyosyoCd=1176513008-00&ServiceCd=780&Type=search", "url2": "www.cocoro-group.com" }, "geometry": { "type": "Point", "coordinates": [ 139.650432534393303, 35.835101540668802 ] } },
{ "type": "Feature", "properties": { "内容": "GENKINEXT西浦和【地域密着型通所介護】四谷1-6-24", "url": "https://www.kaigokensaku.mhlw.go.jp/11/index.php?action_kouhyou_detail_004_kani=true&JigyosyoCd=1176513024-00&ServiceCd=780&Type=search", "url2": "https://kaigo-next.com/search/detail/871/" }, "geometry": { "type": "Point", "coordinates": [ 139.634800499999983, 35.8407645 ] } },
{ "type": "Feature", "properties": { "内容": "デイサービス・ハレオル　オハナ【地域密着型通所介護】埼玉県さいたま市緑区道祖土1-6-13", "url": "https://www.kaigokensaku.mhlw.go.jp/11/index.php?action_kouhyou_detail_004_kani=true&JigyosyoCd=1176513388-00&ServiceCd=780&Type=search", "url2": "https://a-look-sac.com/company/" }, "geometry": { "type": "Point", "coordinates": [ 139.669604599999957, 35.8765861 ] } },
{ "type": "Feature", "properties": { "内容": "デイサービス・ハレオル　アロハ【地域密着型通所介護】埼玉県さいたま市緑区太田窪3－7－6", "url": "https://www.kaigokensaku.mhlw.go.jp/11/index.php?action_kouhyou_detail_004_kani=true&JigyosyoCd=1176514352-00&ServiceCd=780&Type=search", "url2": "https://a-look-sac.com" }, "geometry": { "type": "Point", "coordinates": [ 139.673847512700831, 35.863648602697481 ] } },
{ "type": "Feature", "properties": { "内容": "デイサービスぱる浦和【地域密着型通所介護】さいたま市緑区原山１－５－９コーポ原山1階", "url": "https://www.kaigokensaku.mhlw.go.jp/11/index.php?action_kouhyou_detail_004_kani=true&JigyosyoCd=1176508149-00&ServiceCd=780&Type=search", "url2": "http://www.shafuku-pal.or.jp" }, "geometry": { "type": "Point", "coordinates": [ 139.671121299999982, 35.8698842 ] } },
{ "type": "Feature", "properties": { "内容": "あんしん介護デイサービス　東浦和【地域密着型通所介護】埼玉県さいたま市緑区中尾2030-4", "url": "https://www.kaigokensaku.mhlw.go.jp/11/index.php?action_kouhyou_detail_004_kani=true&JigyosyoCd=1176514659-00&ServiceCd=780&Type=search", "url2": "http://anshin-k.info/" }, "geometry": { "type": "Point", "coordinates": [ 139.693708199999946, 35.8673873 ] } },
{ "type": "Feature", "properties": { "内容": "デイサービス　おがわさん家【地域密着型通所介護】さいたま市緑区大間木3丁目3番地6", "url": "https://www.kaigokensaku.mhlw.go.jp/11/index.php?action_kouhyou_detail_004_kani=true&JigyosyoCd=1176505764-00&ServiceCd=780&Type=search", "url2": null }, "geometry": { "type": "Point", "coordinates": [ 139.692288599999983, 35.8777833 ] } },
{ "type": "Feature", "properties": { "内容": "GENKINEXT浦和原山【地域密着型通所介護】埼玉県さいたま市緑区原山4-4-5", "url": "https://www.kaigokensaku.mhlw.go.jp/11/index.php?action_kouhyou_detail_004_kani=true&JigyosyoCd=1196501132-00&ServiceCd=780&Type=search", "url2": null }, "geometry": { "type": "Point", "coordinates": [ 139.6763741, 35.8714361 ] } },
{ "type": "Feature", "properties": { "内容": "デイサービスこんぺいとう【地域密着型通所介護】さいたま市緑区芝原2-9-9", "url": "https://www.kaigokensaku.mhlw.go.jp/11/index.php?action_kouhyou_detail_004_kani=true&JigyosyoCd=1176510608-00&ServiceCd=780&Type=search", "url2": null }, "geometry": { "type": "Point", "coordinates": [ 139.691496799999982, 35.8830438 ] } },
{ "type": "Feature", "properties": { "内容": "ネヲハルデイサービス中尾【地域密着型通所介護】埼玉県さいたま市緑区中尾2659-13", "url": "https://www.kaigokensaku.mhlw.go.jp/11/index.php?action_kouhyou_detail_004_kani=true&JigyosyoCd=1176512315-00&ServiceCd=780&Type=search", "url2": "www.neoharu.jp" }, "geometry": { "type": "Point", "coordinates": [ 139.681150331610098, 35.867560229043498 ] } },
{ "type": "Feature", "properties": { "内容": "社会福祉法人春秋会松鶴園【地域密着型通所介護】さいたま市岩槻区大字古ケ場11番地", "url": "https://www.kaigokensaku.mhlw.go.jp/11/index.php?action_kouhyou_detail_004_kani=true&JigyosyoCd=1170700130-00&ServiceCd=780&Type=search", "url2": "https://syoukakuen.jp/" }, "geometry": { "type": "Point", "coordinates": [ 139.696672700000022, 35.9803537 ] } },
{ "type": "Feature", "properties": { "内容": "アリス・デイサービス【地域密着型通所介護】さいたま市岩槻区城南１－６－５３－９", "url": "https://www.kaigokensaku.mhlw.go.jp/11/index.php?action_kouhyou_detail_004_kani=true&JigyosyoCd=1176506895-00&ServiceCd=780&Type=search", "url2": "http://arisutanaka.web.fc2.com/" }, "geometry": { "type": "Point", "coordinates": [ 139.7014438, 35.9401067 ] } },
{ "type": "Feature", "properties": { "内容": "だんらんの家岩槻【地域密着型通所介護】埼玉県さいたま市岩槻区本町6-5-19", "url": "https://www.kaigokensaku.mhlw.go.jp/11/index.php?action_kouhyou_detail_004_kani=true&JigyosyoCd=1176514634-00&ServiceCd=780&Type=search", "url2": "https://danrannoie.com/home/iwatsuki.html" }, "geometry": { "type": "Point", "coordinates": [ 139.70126, 35.9495804 ] } },
{ "type": "Feature", "properties": { "内容": "より合い処あいうえをん鈴木さん家【地域密着型通所介護】埼玉県川越市今成２－６－１９", "url": "https://www.kaigokensaku.mhlw.go.jp/11/index.php?action_kouhyou_detail_004_kani=true&JigyosyoCd=1190400810-00&ServiceCd=780&Type=search", "url2": "https://aiueon.llc" }, "geometry": { "type": "Point", "coordinates": [ 139.4708702, 35.924238 ] } },
{ "type": "Feature", "properties": { "内容": "レコードブック川越大手町【地域密着型通所介護】大手町8－6カーサ・ボスコ１階Ｔ－１０３号室", "url": "https://www.kaigokensaku.mhlw.go.jp/11/index.php?action_kouhyou_detail_004_kani=true&JigyosyoCd=1190400539-00&ServiceCd=780&Type=search", "url2": "https://www.recordbook.jp/facility/kawagoeotemachi/" }, "geometry": { "type": "Point", "coordinates": [ 139.486739537434346, 35.92326616475016 ] } },
{ "type": "Feature", "properties": { "内容": "デイサービス　なごみ【地域密着型通所介護】埼玉県川越市川鶴2-13-1", "url": "https://www.kaigokensaku.mhlw.go.jp/11/index.php?action_kouhyou_detail_004_kani=true&JigyosyoCd=1190400406-00&ServiceCd=780&Type=search", "url2": "http://www.g-heartkokoro2012.jp" }, "geometry": { "type": "Point", "coordinates": [ 139.411639599999944, 35.9214291 ] } },
{ "type": "Feature", "properties": { "内容": "SOMPOケア川越霞ヶ関デイサービス【地域密着型通所介護】上戸302-7コスモハイツ１階", "url": "https://www.kaigokensaku.mhlw.go.jp/11/index.php?action_kouhyou_detail_004_kani=true&JigyosyoCd=1190400620-00&ServiceCd=780&Type=search", "url2": "http://www.sompocare.com/service/zaitaku/dayservice/Z000312/" }, "geometry": { "type": "Point", "coordinates": [ 139.443522399999978, 35.9308192 ] } },
{ "type": "Feature", "properties": { "内容": "デイサービスだいね霞ヶ関【地域密着型通所介護】埼玉県川越市的場２２２１－５", "url": "https://www.kaigokensaku.mhlw.go.jp/11/index.php?action_kouhyou_detail_004_kani=true&JigyosyoCd=1170404170-00&ServiceCd=780&Type=search", "url2": "https:daineinc.com" }, "geometry": { "type": "Point", "coordinates": [ 139.442396386508108, 35.92764762547904 ] } },
{ "type": "Feature", "properties": { "内容": "デイサービスだいね新河岸【地域密着型通所介護】埼玉県川越市砂新田3-19-5", "url": "https://www.kaigokensaku.mhlw.go.jp/11/index.php?action_kouhyou_detail_004_kani=true&JigyosyoCd=1170404253-00&ServiceCd=780&Type=search", "url2": "www.daineinc.com" }, "geometry": { "type": "Point", "coordinates": [ 139.48932375277866, 35.887764414672191 ] } },
{ "type": "Feature", "properties": { "内容": "きらめきリハビリデイサービス【地域密着型通所介護】埼玉県川越市霞ヶ関東１－２－３", "url": "https://www.kaigokensaku.mhlw.go.jp/11/index.php?action_kouhyou_detail_004_kani=true&JigyosyoCd=1170402786-00&ServiceCd=780&Type=search", "url2": null }, "geometry": { "type": "Point", "coordinates": [ 139.44317239999998, 35.9248575 ] } },
{ "type": "Feature", "properties": { "内容": "きらめきリハビリデイサービス西川越【地域密着型通所介護】埼玉県川越市小室499-1-101", "url": "https://www.kaigokensaku.mhlw.go.jp/11/index.php?action_kouhyou_detail_004_kani=true&JigyosyoCd=1170403313-00&ServiceCd=780&Type=search", "url2": null }, "geometry": { "type": "Point", "coordinates": [ 139.462959299999966, 35.918422711720638 ] } },
{ "type": "Feature", "properties": { "内容": "ソレイルミナーレ川越松江【地域密着型通所介護】埼玉県川越市松江町1丁目15番地4ラフィーネ川越1階", "url": "https://www.kaigokensaku.mhlw.go.jp/11/index.php?action_kouhyou_detail_004_kani=true&JigyosyoCd=1190400828-00&ServiceCd=780&Type=search", "url2": "https://sprise.co.jp/store/kawagoematsue/" }, "geometry": { "type": "Point", "coordinates": [ 139.4851469, 35.9186926 ] } },
{ "type": "Feature", "properties": { "内容": "デイサービス　リーディング岸町【地域密着型通所介護】埼玉県川越市岸町2丁目35番地1", "url": "https://www.kaigokensaku.mhlw.go.jp/11/index.php?action_kouhyou_detail_004_kani=true&JigyosyoCd=1190400372-00&ServiceCd=780&Type=search", "url2": "https://mkconsist.jbplt.jp/" }, "geometry": { "type": "Point", "coordinates": [ 139.487441600000011, 35.8958826 ] } },
{ "type": "Feature", "properties": { "内容": "デイサービス　リーディング南古谷【地域密着型通所介護】並木新町11-14レスポワール1F", "url": "https://www.kaigokensaku.mhlw.go.jp/11/index.php?action_kouhyou_detail_004_kani=true&JigyosyoCd=1190400554-00&ServiceCd=780&Type=search", "url2": null }, "geometry": { "type": "Point", "coordinates": [ 139.517135937434347, 35.902048675398461 ] } },
{ "type": "Feature", "properties": { "内容": "きらめきリハビリデイサービス川越【地域密着型通所介護】埼玉県川越市三久保町15-2", "url": "https://www.kaigokensaku.mhlw.go.jp/11/index.php?action_kouhyou_detail_004_kani=true&JigyosyoCd=1170403222-00&ServiceCd=780&Type=search", "url2": "http://kiramekiriha.com/" }, "geometry": { "type": "Point", "coordinates": [ 139.490853114155584, 35.90448880663611 ] } },
{ "type": "Feature", "properties": { "内容": "ミモザ川越やまぶき苑【地域密着型通所介護】大字的場2466-16", "url": "https://www.kaigokensaku.mhlw.go.jp/11/index.php?action_kouhyou_detail_004_kani=true&JigyosyoCd=1170403958-00&ServiceCd=780&Type=search", "url2": "http://www.mimoza-care.jp/base/kawagoe-yamabukien.html" }, "geometry": { "type": "Point", "coordinates": [ 139.442494136245728, 35.920851548294124 ] } },
{ "type": "Feature", "properties": { "内容": "デイサービス志多町のNIWA【地域密着型通所介護】埼玉県川越市志多町1-18", "url": "https://www.kaigokensaku.mhlw.go.jp/11/index.php?action_kouhyou_detail_004_kani=true&JigyosyoCd=1190400513-00&ServiceCd=780&Type=search", "url2": "https://www.ichishin-care.co.jp/" }, "geometry": { "type": "Point", "coordinates": [ 139.483653600000025, 35.9273715 ] } },
{ "type": "Feature", "properties": { "内容": "デイサービスたんぽぽ　砂新田【地域密着型通所介護】埼玉県川越市大字砂新田１２６－３", "url": "https://www.kaigokensaku.mhlw.go.jp/11/index.php?action_kouhyou_detail_004_kani=true&JigyosyoCd=1170403321-00&ServiceCd=780&Type=search", "url2": null }, "geometry": { "type": "Point", "coordinates": [ 139.491717599999987, 35.8916746 ] } },
{ "type": "Feature", "properties": { "内容": "カナオデイサービス【地域密着型通所介護】埼玉県川越市並木864", "url": "https://www.kaigokensaku.mhlw.go.jp/11/index.php?action_kouhyou_detail_004_kani=true&JigyosyoCd=1170400871-00&ServiceCd=780&Type=search", "url2": "http://www.kanao.jp/" }, "geometry": { "type": "Point", "coordinates": [ 139.519865500000037, 35.9006191 ] } },
{ "type": "Feature", "properties": { "内容": "医療法人　健友会　あっぷるサロン【地域密着型通所介護】埼玉県川越市小ケ谷148-1", "url": "https://www.kaigokensaku.mhlw.go.jp/11/index.php?action_kouhyou_detail_004_kani=true&JigyosyoCd=1170403529-00&ServiceCd=780&Type=search", "url2": "http://www.k-kenyukai.or.jp" }, "geometry": { "type": "Point", "coordinates": [ 139.458501399999932, 35.9182564 ] } },
{ "type": "Feature", "properties": { "内容": "リフレこもれび【地域密着型通所介護】埼玉県川越市的場2101番地11リフレこもれび", "url": "https://www.kaigokensaku.mhlw.go.jp/11/index.php?action_kouhyou_detail_004_kani=true&JigyosyoCd=1170403941-00&ServiceCd=780&Type=search", "url2": null }, "geometry": { "type": "Point", "coordinates": [ 139.434521596418875, 35.92230717875271 ] } },
{ "type": "Feature", "properties": { "内容": "おだかリハビリデイサービス【地域密着型通所介護】川越市新宿町六丁目２４番地４", "url": "https://www.kaigokensaku.mhlw.go.jp/11/index.php?action_kouhyou_detail_004_kani=true&JigyosyoCd=1170403081-00&ServiceCd=780&Type=search", "url2": null }, "geometry": { "type": "Point", "coordinates": [ 139.4738314, 35.896665400000018 ] } },
{ "type": "Feature", "properties": { "内容": "デイサービスセンター　みどりのまち親愛【地域密着型通所介護】埼玉県川越市中台南２丁目１５番地１０", "url": "https://www.kaigokensaku.mhlw.go.jp/11/index.php?action_kouhyou_detail_004_kani=true&JigyosyoCd=1170404220-00&ServiceCd=780&Type=search", "url2": "www.sinaikai.or.jp" }, "geometry": { "type": "Point", "coordinates": [ 139.463715067046223, 35.880724817665822 ] } },
{ "type": "Feature", "properties": { "内容": "いずみ総合整骨院デイサービス【地域密着型通所介護】埼玉県川越市仙波町2-2-3", "url": "https://www.kaigokensaku.mhlw.go.jp/11/index.php?action_kouhyou_detail_004_kani=true&JigyosyoCd=1170403339-00&ServiceCd=780&Type=search", "url2": "http://izumi-seikotuin.com/" }, "geometry": { "type": "Point", "coordinates": [ 139.489643600000022, 35.9095836 ] } },
{ "type": "Feature", "properties": { "内容": "リハビリデイサービスnagomi川越店【地域密着型通所介護】川越市むさし野4-2BLオフィスe", "url": "https://www.kaigokensaku.mhlw.go.jp/11/index.php?action_kouhyou_detail_004_kani=true&JigyosyoCd=1170402919-00&ServiceCd=780&Type=search", "url2": "https://enoki-group-e-cubecare.jp/" }, "geometry": { "type": "Point", "coordinates": [ 139.472418079415093, 35.892285302845984 ] } },
{ "type": "Feature", "properties": { "内容": "共栄リハビリデイサービス月吉【地域密着型通所介護】埼玉県川越市月吉19-19朋友ビル1階", "url": "https://www.kaigokensaku.mhlw.go.jp/11/index.php?action_kouhyou_detail_004_kani=true&JigyosyoCd=1170403511-00&ServiceCd=780&Type=search", "url2": "https://kyoei-reha.wixsite.com/index" }, "geometry": { "type": "Point", "coordinates": [ 139.475483437434377, 35.920429865684895 ] } },
{ "type": "Feature", "properties": { "内容": "みつわデイサービス【地域密着型通所介護】埼玉県川越市的場2109-5", "url": "https://www.kaigokensaku.mhlw.go.jp/11/index.php?action_kouhyou_detail_004_kani=true&JigyosyoCd=1170402885-00&ServiceCd=780&Type=search", "url2": "kaigonomori-t-group.com" }, "geometry": { "type": "Point", "coordinates": [ 139.435950899999966, 35.9220493 ] } },
{ "type": "Feature", "properties": { "内容": "霞北デイサービスセンター【地域密着型通所介護】霞ヶ関北2-1-11", "url": "https://www.kaigokensaku.mhlw.go.jp/11/index.php?action_kouhyou_detail_004_kani=true&JigyosyoCd=1170403578-00&ServiceCd=780&Type=search", "url2": "kaigonomori-t-group.com" }, "geometry": { "type": "Point", "coordinates": [ 139.4364534, 35.9258762 ] } },
{ "type": "Feature", "properties": { "内容": "だんらんの家かすみ野【地域密着型通所介護】埼玉県川越市かすみ野3-19-3", "url": "https://www.kaigokensaku.mhlw.go.jp/11/index.php?action_kouhyou_detail_004_kani=true&JigyosyoCd=1170403537-00&ServiceCd=780&Type=search", "url2": "http://danrannoie.com/" }, "geometry": { "type": "Point", "coordinates": [ 139.414444399999979, 35.8983499 ] } },
{ "type": "Feature", "properties": { "内容": "あおぞらデイサービス川越【地域密着型通所介護】埼玉県川越市石田本郷402", "url": "https://www.kaigokensaku.mhlw.go.jp/11/index.php?action_kouhyou_detail_004_kani=true&JigyosyoCd=1170401440-00&ServiceCd=780&Type=search", "url2": "https://aozora8639.jimdofree.com" }, "geometry": { "type": "Point", "coordinates": [ 139.505868700000065, 35.9455787 ] } },
{ "type": "Feature", "properties": { "内容": "さわやか新宿町リハビリデイサービス【地域密着型通所介護】埼玉県川越市新宿町1-3-7幸ビル1F", "url": "https://www.kaigokensaku.mhlw.go.jp/11/index.php?action_kouhyou_detail_004_kani=true&JigyosyoCd=1190400869-00&ServiceCd=780&Type=search", "url2": null }, "geometry": { "type": "Point", "coordinates": [ 139.4830623, 35.902782 ] } },
{ "type": "Feature", "properties": { "内容": "デイサービスやまもも【地域密着型通所介護】古谷上3746-2", "url": "https://www.kaigokensaku.mhlw.go.jp/11/index.php?action_kouhyou_detail_004_kani=true&JigyosyoCd=1190400851-00&ServiceCd=780&Type=search", "url2": "rehadayyamamomo.com" }, "geometry": { "type": "Point", "coordinates": [ 139.523204099999987, 35.9159401 ] } },
{ "type": "Feature", "properties": { "内容": "中央リハビリステーションエボルブ川越【地域密着型通所介護】埼玉県川越市石田8-1クレールリッチ1階", "url": "https://www.kaigokensaku.mhlw.go.jp/11/index.php?action_kouhyou_detail_004_kani=true&JigyosyoCd=1190400505-00&ServiceCd=780&Type=search", "url2": "https://evolve.a-line.jpn.com/" }, "geometry": { "type": "Point", "coordinates": [ 139.486880199999973, 35.9421079 ] } },
{ "type": "Feature", "properties": { "内容": "川越市社会福祉協議会「デイリハ　おあしす」【地域密着型通所介護】埼玉県川越市小仙波町2-50-2　川越市総合福祉センター内", "url": "https://www.kaigokensaku.mhlw.go.jp/11/index.php?action_kouhyou_detail_004_kani=true&JigyosyoCd=1190400844-00&ServiceCd=780&Type=search", "url2": "www.kawagoeshi-syakyo-or.jp" }, "geometry": { "type": "Point", "coordinates": [ 139.4958653, 35.9208983 ] } },
{ "type": "Feature", "properties": { "内容": "あさひデイサービス【地域密着型通所介護】埼玉県川越市旭町3-6-19", "url": "https://www.kaigokensaku.mhlw.go.jp/11/index.php?action_kouhyou_detail_004_kani=true&JigyosyoCd=1170402265-00&ServiceCd=780&Type=search", "url2": "asahiday@room.ocn.ne.jp" }, "geometry": { "type": "Point", "coordinates": [ 139.471830313533673, 35.896481238021579 ] } },
{ "type": "Feature", "properties": { "内容": "リハビリデイサービス　ぴーすふる【地域密着型通所介護】埼玉県川越市砂新田４丁目１番地４ブランドールビル　１FB", "url": "https://www.kaigokensaku.mhlw.go.jp/11/index.php?action_kouhyou_detail_004_kani=true&JigyosyoCd=1190400786-00&ServiceCd=780&Type=search", "url2": null }, "geometry": { "type": "Point", "coordinates": [ 139.4924497, 35.8875105 ] } },
{ "type": "Feature", "properties": { "内容": "GENKINEXT川越旭町【地域密着型通所介護】埼玉県川越市旭町3‐29‐6仲ビル1F", "url": "https://www.kaigokensaku.mhlw.go.jp/11/index.php?action_kouhyou_detail_004_kani=true&JigyosyoCd=1190400570-00&ServiceCd=780&Type=search", "url2": "https://www.genki-next.com/" }, "geometry": { "type": "Point", "coordinates": [ 139.468946100000039, 35.9005233 ] } },
{ "type": "Feature", "properties": { "内容": "ご長寿くらぶ川越・高階【地域密着型通所介護】埼玉県川越市砂新田2-15-5", "url": "https://www.kaigokensaku.mhlw.go.jp/11/index.php?action_kouhyou_detail_004_kani=true&JigyosyoCd=1190400653-00&ServiceCd=780&Type=search", "url2": "http://gotyojuclub.com/" }, "geometry": { "type": "Point", "coordinates": [ 139.492046482972995, 35.88510057654095 ] } },
{ "type": "Feature", "properties": { "内容": "ミック健康の森　川越【地域密着型通所介護】松江町2-2-2", "url": "https://www.kaigokensaku.mhlw.go.jp/11/index.php?action_kouhyou_detail_004_kani=true&JigyosyoCd=1190400802-00&ServiceCd=780&Type=search", "url2": "mik-kenkonomori.com" }, "geometry": { "type": "Point", "coordinates": [ 139.4854389, 35.920256 ] } },
{ "type": "Feature", "properties": { "内容": "くらしや朗幸【地域密着型通所介護】埼玉県川越市上戸381番地4", "url": "https://www.kaigokensaku.mhlw.go.jp/11/index.php?action_kouhyou_detail_004_kani=true&JigyosyoCd=1170403289-00&ServiceCd=780&Type=search", "url2": "https://kurashiya-roco.com" }, "geometry": { "type": "Point", "coordinates": [ 139.451381, 35.932179 ] } },
{ "type": "Feature", "properties": { "内容": "イリーゼ川越南古谷デイサービスセンター【地域密着型通所介護】埼玉県川越市藤木町36-2", "url": "https://www.kaigokensaku.mhlw.go.jp/11/index.php?action_kouhyou_detail_004_kani=true&JigyosyoCd=1190400877-00&ServiceCd=780&Type=search", "url2": "https://www.irs.jp/area/saitama/kawagoeshi/minamifuruya_dayservice.html" }, "geometry": { "type": "Point", "coordinates": [ 139.513166, 35.8955734 ] } },
{ "type": "Feature", "properties": { "内容": "デイサービス南大塚のNIWA【地域密着型通所介護】埼玉県川越市南台3丁目2番37", "url": "https://www.kaigokensaku.mhlw.go.jp/11/index.php?action_kouhyou_detail_004_kani=true&JigyosyoCd=1190400604-00&ServiceCd=780&Type=search", "url2": "https://www.ichishin-care.co.jp/" }, "geometry": { "type": "Point", "coordinates": [ 139.45455662817227, 35.888053730501831 ] } },
{ "type": "Feature", "properties": { "内容": "デイサービスありがたい熊谷【地域密着型通所介護】埼玉県熊谷市万吉984-9", "url": "https://www.kaigokensaku.mhlw.go.jp/11/index.php?action_kouhyou_detail_004_kani=true&JigyosyoCd=1193100326-00&ServiceCd=780&Type=search", "url2": "https://arigatai.org/" }, "geometry": { "type": "Point", "coordinates": [ 139.3644491, 36.1217062 ] } },
{ "type": "Feature", "properties": { "内容": "デイサービスふくしのまち熊谷平戸【地域密着型通所介護】埼玉県熊谷市平戸622-1", "url": "https://www.kaigokensaku.mhlw.go.jp/11/index.php?action_kouhyou_detail_004_kani=true&JigyosyoCd=1173101450-00&ServiceCd=780&Type=search", "url2": "http://www.youism.co.jp" }, "geometry": { "type": "Point", "coordinates": [ 139.40956170000004, 36.1425857 ] } },
{ "type": "Feature", "properties": { "内容": "GENKINEXT熊谷上之【地域密着型通所介護】上之1881", "url": "https://www.kaigokensaku.mhlw.go.jp/11/index.php?action_kouhyou_detail_004_kani=true&JigyosyoCd=1193100243-00&ServiceCd=780&Type=search", "url2": null }, "geometry": { "type": "Point", "coordinates": [ 139.4026598, 36.1545262 ] } },
{ "type": "Feature", "properties": { "内容": "もみリハの家【地域密着型通所介護】埼玉県熊谷市押切2554-8", "url": "https://www.kaigokensaku.mhlw.go.jp/11/index.php?action_kouhyou_detail_004_kani=true&JigyosyoCd=1173102557-00&ServiceCd=780&Type=search", "url2": "https://grow-forcekaigo.com/day-service/momiriha/" }, "geometry": { "type": "Point", "coordinates": [ 139.346420577769976, 36.112707300204846 ] } },
{ "type": "Feature", "properties": { "内容": "上石デイサービスセンター【地域密着型通所介護】熊谷市新堀新田12-4", "url": "https://www.kaigokensaku.mhlw.go.jp/11/index.php?action_kouhyou_detail_004_kani=true&JigyosyoCd=1173101203-00&ServiceCd=780&Type=search", "url2": "http://www.daiwakensetu.co.jp" }, "geometry": { "type": "Point", "coordinates": [ 139.332339781110363, 36.169368311367442 ] } },
{ "type": "Feature", "properties": { "内容": "Kファミリー千代【地域密着型通所介護】埼玉県熊谷市千代293-1", "url": "https://www.kaigokensaku.mhlw.go.jp/11/index.php?action_kouhyou_detail_004_kani=true&JigyosyoCd=1173102508-00&ServiceCd=780&Type=search", "url2": null }, "geometry": { "type": "Point", "coordinates": [ 139.3318961, 36.1197542 ] } },
{ "type": "Feature", "properties": { "内容": "カナケン　デイサービス未来【地域密着型通所介護】埼玉県熊谷市中奈良1736", "url": "https://www.kaigokensaku.mhlw.go.jp/11/index.php?action_kouhyou_detail_004_kani=true&JigyosyoCd=1173103225-00&ServiceCd=780&Type=search", "url2": null }, "geometry": { "type": "Point", "coordinates": [ 139.3740216, 36.1778701 ] } },
{ "type": "Feature", "properties": { "内容": "デイサービス心音【地域密着型通所介護】熊谷市肥塚５５３番地１３", "url": "https://www.kaigokensaku.mhlw.go.jp/11/index.php?action_kouhyou_detail_004_kani=true&JigyosyoCd=1173102227-00&ServiceCd=780&Type=search", "url2": null }, "geometry": { "type": "Point", "coordinates": [ 139.396109300000035, 36.1622586 ] } },
{ "type": "Feature", "properties": { "内容": "デイサービスひらえ【地域密着型通所介護】埼玉県熊谷市塩443番地1", "url": "https://www.kaigokensaku.mhlw.go.jp/11/index.php?action_kouhyou_detail_004_kani=true&JigyosyoCd=1173103134-00&ServiceCd=780&Type=search", "url2": null }, "geometry": { "type": "Point", "coordinates": [ 139.322718818783528, 36.103375528418574 ] } },
{ "type": "Feature", "properties": { "内容": "熊谷介護センター【地域密着型通所介護】埼玉県熊谷市津田新田2024番地24", "url": "https://www.kaigokensaku.mhlw.go.jp/11/index.php?action_kouhyou_detail_004_kani=true&JigyosyoCd=1173100726-00&ServiceCd=780&Type=search", "url2": null }, "geometry": { "type": "Point", "coordinates": [ 139.410541299999977, 36.1120647 ] } },
{ "type": "Feature", "properties": { "内容": "デイサービス　きらめき【地域密着型通所介護】埼玉県熊谷市佐谷田3769-3", "url": "https://www.kaigokensaku.mhlw.go.jp/11/index.php?action_kouhyou_detail_004_kani=true&JigyosyoCd=1173102888-00&ServiceCd=780&Type=search", "url2": null }, "geometry": { "type": "Point", "coordinates": [ 139.403505, 36.1298453 ] } },
{ "type": "Feature", "properties": { "内容": "デイサービス　フォルテシモ　おおさと【地域密着型通所介護】埼玉県熊谷市船木台3-12-10", "url": "https://www.kaigokensaku.mhlw.go.jp/11/index.php?action_kouhyou_detail_004_kani=true&JigyosyoCd=1173102334-00&ServiceCd=780&Type=search", "url2": null }, "geometry": { "type": "Point", "coordinates": [ 139.418758300000036, 36.0762004 ] } },
{ "type": "Feature", "properties": { "内容": "ほしのみやデイサービスセンター【地域密着型通所介護】熊谷市池上576-1", "url": "https://www.kaigokensaku.mhlw.go.jp/11/index.php?action_kouhyou_detail_004_kani=true&JigyosyoCd=1173100759-00&ServiceCd=780&Type=search", "url2": null }, "geometry": { "type": "Point", "coordinates": [ 139.422294493917889, 36.154303279322328 ] } },
{ "type": "Feature", "properties": { "内容": "みどりの里デイサービスセンター【地域密着型通所介護】埼玉県熊谷市戸出１０４７番５", "url": "https://www.kaigokensaku.mhlw.go.jp/11/index.php?action_kouhyou_detail_004_kani=true&JigyosyoCd=1174601003-00&ServiceCd=780&Type=search", "url2": "http://midorinosato.net/" }, "geometry": { "type": "Point", "coordinates": [ 139.412783799999943, 36.1395 ] } },
{ "type": "Feature", "properties": { "内容": "望みの幸望庵【地域密着型通所介護】埼玉県熊谷市赤城町2丁目64番地1", "url": "https://www.kaigokensaku.mhlw.go.jp/11/index.php?action_kouhyou_detail_004_kani=true&JigyosyoCd=1173102722-00&ServiceCd=780&Type=search", "url2": "kumagaya02@koubouan.jp" }, "geometry": { "type": "Point", "coordinates": [ 139.365917281475873, 36.145256334557345 ] } },
{ "type": "Feature", "properties": { "内容": "幸せの幸望庵【地域密着型通所介護】熊谷市下奈良381-32", "url": "https://www.kaigokensaku.mhlw.go.jp/11/index.php?action_kouhyou_detail_004_kani=true&JigyosyoCd=1173102177-00&ServiceCd=780&Type=search", "url2": "htt://www.koubouan.jp/" }, "geometry": { "type": "Point", "coordinates": [ 139.3818291, 36.1833531 ] } },
{ "type": "Feature", "properties": { "内容": "ファミリーケア　深谷さくら物語【地域密着型通所介護】埼玉県熊谷市新堀915-10エクスバル熊谷101", "url": "https://www.kaigokensaku.mhlw.go.jp/11/index.php?action_kouhyou_detail_004_kani=true&JigyosyoCd=1174602050-00&ServiceCd=780&Type=search", "url2": "http://yamahirogroup.co.jp" }, "geometry": { "type": "Point", "coordinates": [ 139.332659931511216, 36.179117902661886 ] } },
{ "type": "Feature", "properties": { "内容": "ラブアンドスマイル江南【地域密着型通所介護】樋春2070-1", "url": "https://www.kaigokensaku.mhlw.go.jp/11/index.php?action_kouhyou_detail_004_kani=true&JigyosyoCd=1173102250-00&ServiceCd=780&Type=search", "url2": null }, "geometry": { "type": "Point", "coordinates": [ 139.3406104, 36.1129941 ] } },
{ "type": "Feature", "properties": { "内容": "村岡Co茶楼【地域密着型通所介護】熊谷市村岡２３３コーポ太平B1F", "url": "https://www.kaigokensaku.mhlw.go.jp/11/index.php?action_kouhyou_detail_004_kani=true&JigyosyoCd=1173101906-00&ServiceCd=780&Type=search", "url2": "https://socialwork-honpo.com/" }, "geometry": { "type": "Point", "coordinates": [ 139.376032900000041, 36.12164 ] } },
{ "type": "Feature", "properties": { "内容": "デイリハセンターうちリハ籠原店【地域密着型通所介護】埼玉県熊谷市籠原南1-288", "url": "https://www.kaigokensaku.mhlw.go.jp/11/index.php?action_kouhyou_detail_004_kani=true&JigyosyoCd=1193100318-00&ServiceCd=780&Type=search", "url2": "http://waichi.hp.gogo.jp/" }, "geometry": { "type": "Point", "coordinates": [ 139.326777499999906, 36.1734666 ] } },
{ "type": "Feature", "properties": { "内容": "株式会社　里花【地域密着型通所介護】上之676－1", "url": "https://www.kaigokensaku.mhlw.go.jp/11/index.php?action_kouhyou_detail_004_kani=true&JigyosyoCd=1173102706-00&ServiceCd=780&Type=search", "url2": null }, "geometry": { "type": "Point", "coordinates": [ 139.410426699999988, 36.1560146 ] } },
{ "type": "Feature", "properties": { "内容": "イオンスマイル川口桜町店【地域密着型通所介護】埼玉県川口市桜町1-14-11", "url": "https://www.kaigokensaku.mhlw.go.jp/11/index.php?action_kouhyou_detail_004_kani=true&JigyosyoCd=1190201481-00&ServiceCd=780&Type=search", "url2": "https://www.bing.com/ck/a?!&&p=db9f3f70444f565e35994b2d0abb1dbcca9c6cbbb87e01c58c52a82687e1d22dJmltdHM9MTc1Njg1NzYwMA&ptn=3&ver=2&hsh=4&fclid=01d0eca8-bf4b-658e-35be-f930be726462&psq=%e3%82%a4%e3%82%aa%e3%83%b3%e3%82%b9%e3%83%9e%e3%82%a4%e3%83%ab&u=a1aHR0" }, "geometry": { "type": "Point", "coordinates": [ 139.738592399999987, 35.8377342 ] } },
{ "type": "Feature", "properties": { "内容": "デイサービスプルメリア【地域密着型通所介護】埼玉県川口市安行原2364サービス付高齢者向け賃貸住宅プルメリア", "url": "https://www.kaigokensaku.mhlw.go.jp/11/index.php?action_kouhyou_detail_004_kani=true&JigyosyoCd=1171801788-00&ServiceCd=780&Type=search", "url2": "http://plumeria-chintai.com/" }, "geometry": { "type": "Point", "coordinates": [ 139.7629028, 35.8409642 ] } },
{ "type": "Feature", "properties": { "内容": "木下の介護　川口【地域密着型通所介護】埼玉県川口市八幡木1-13-12", "url": "https://www.kaigokensaku.mhlw.go.jp/11/index.php?action_kouhyou_detail_004_kani=true&JigyosyoCd=1190200749-00&ServiceCd=780&Type=search", "url2": "www.kinoshita-kaigo.co.jp" }, "geometry": { "type": "Point", "coordinates": [ 139.7465049, 35.820727900000016 ] } },
{ "type": "Feature", "properties": { "内容": "原町ケアクラブ健康サロン【地域密着型通所介護】埼玉県川口市原町３－３４", "url": "https://www.kaigokensaku.mhlw.go.jp/11/index.php?action_kouhyou_detail_004_kani=true&JigyosyoCd=1190201101-00&ServiceCd=780&Type=search", "url2": "http://www.npo-hcc.com/" }, "geometry": { "type": "Point", "coordinates": [ 139.7083298, 35.802153 ] } },
{ "type": "Feature", "properties": { "内容": "レコードブック東川口【地域密着型通所介護】長蔵2丁目28‐18ブライト101号室", "url": "https://www.kaigokensaku.mhlw.go.jp/11/index.php?action_kouhyou_detail_004_kani=true&JigyosyoCd=1190201184-00&ServiceCd=780&Type=search", "url2": null }, "geometry": { "type": "Point", "coordinates": [ 139.758278199999978, 35.858930062520265 ] } },
{ "type": "Feature", "properties": { "内容": "デイサービスベルフラワー【地域密着型通所介護】埼玉県川口市安行領根岸５００番地１", "url": "https://www.kaigokensaku.mhlw.go.jp/11/index.php?action_kouhyou_detail_004_kani=true&JigyosyoCd=1190200608-00&ServiceCd=780&Type=search", "url2": null }, "geometry": { "type": "Point", "coordinates": [ 139.707454200000029, 35.846620600000016 ] } },
{ "type": "Feature", "properties": { "内容": "イオンスマイル川口南鳩ヶ谷店【地域密着型通所介護】埼玉県川口市南鳩ヶ谷3-17-17スタードミール1階", "url": "https://www.kaigokensaku.mhlw.go.jp/11/index.php?action_kouhyou_detail_004_kani=true&JigyosyoCd=1190201325-00&ServiceCd=780&Type=search", "url2": "https://www.aeonretail.jp/aeonsmile/" }, "geometry": { "type": "Point", "coordinates": [ 139.739695899999987, 35.8151218 ] } },
{ "type": "Feature", "properties": { "内容": "彩の郷～ぴゅあ～【地域密着型通所介護】埼玉県川口市鳩ヶ谷緑町2-15-2", "url": "https://www.kaigokensaku.mhlw.go.jp/11/index.php?action_kouhyou_detail_004_kani=true&JigyosyoCd=1172000497-00&ServiceCd=780&Type=search", "url2": "http://www.pure-homes.com" }, "geometry": { "type": "Point", "coordinates": [ 139.726962299999968, 35.8185083 ] } },
{ "type": "Feature", "properties": { "内容": "美縁リハビリテーションルーム【地域密着型通所介護】埼玉県川口市西青木3-12-17サンリベラル102", "url": "https://www.kaigokensaku.mhlw.go.jp/11/index.php?action_kouhyou_detail_004_kani=true&JigyosyoCd=1190201135-00&ServiceCd=780&Type=search", "url2": null }, "geometry": { "type": "Point", "coordinates": [ 139.7142346, 35.8184896 ] } },
{ "type": "Feature", "properties": { "内容": "デイサービス　あっとほ～む【地域密着型通所介護】埼玉県川口市差間3-13-3", "url": "https://www.kaigokensaku.mhlw.go.jp/11/index.php?action_kouhyou_detail_004_kani=true&JigyosyoCd=1170205593-00&ServiceCd=780&Type=search", "url2": null }, "geometry": { "type": "Point", "coordinates": [ 139.732507400000031, 35.8712483 ] } },
{ "type": "Feature", "properties": { "内容": "ジェイケアスマイル領家【地域密着型通所介護】埼玉県川口市東領家1-1-5", "url": "https://www.kaigokensaku.mhlw.go.jp/11/index.php?action_kouhyou_detail_004_kani=true&JigyosyoCd=1190200970-00&ServiceCd=780&Type=search", "url2": null }, "geometry": { "type": "Point", "coordinates": [ 139.7449451, 35.7972306 ] } },
{ "type": "Feature", "properties": { "内容": "ジェイケアスマイル【地域密着型通所介護】埼玉県川口市青木3-9-6", "url": "https://www.kaigokensaku.mhlw.go.jp/11/index.php?action_kouhyou_detail_004_kani=true&JigyosyoCd=1190200830-00&ServiceCd=780&Type=search", "url2": "https://www.jcaresmile.com/" }, "geometry": { "type": "Point", "coordinates": [ 139.724629300000061, 35.8130578 ] } },
{ "type": "Feature", "properties": { "内容": "デイサービス　サンハート【地域密着型通所介護】川口市西川口１-２７-１２ライオンズマンション西川口第５　２０５号室", "url": "https://www.kaigokensaku.mhlw.go.jp/11/index.php?action_kouhyou_detail_004_kani=true&JigyosyoCd=1170206724-00&ServiceCd=780&Type=search", "url2": null }, "geometry": { "type": "Point", "coordinates": [ 139.707831100000021, 35.8060873 ] } },
{ "type": "Feature", "properties": { "内容": "まいるーむ　ＪＵＮ【地域密着型通所介護】埼玉県川口市中青木1-7-24-104トーカンマンション川口第３", "url": "https://www.kaigokensaku.mhlw.go.jp/11/index.php?action_kouhyou_detail_004_kani=true&JigyosyoCd=1170207417-00&ServiceCd=780&Type=search", "url2": "http://jun-jun-jun.com" }, "geometry": { "type": "Point", "coordinates": [ 139.721857499999942, 35.8074796 ] } },
{ "type": "Feature", "properties": { "内容": "通所介護センターかぐや姫　神根センター【地域密着型通所介護】埼玉県川口市石神1187", "url": "https://www.kaigokensaku.mhlw.go.jp/11/index.php?action_kouhyou_detail_004_kani=true&JigyosyoCd=1170205312-00&ServiceCd=780&Type=search", "url2": null }, "geometry": { "type": "Point", "coordinates": [ 139.736043600000016, 35.8568334 ] } },
{ "type": "Feature", "properties": { "内容": "桜さんちの家　Ｎｏ2　たんぽぽ【地域密着型通所介護】埼玉県川口市桜町5-9-2", "url": "https://www.kaigokensaku.mhlw.go.jp/11/index.php?action_kouhyou_detail_004_kani=true&JigyosyoCd=1172000224-00&ServiceCd=780&Type=search", "url2": "http:/hikari⁻en.com" }, "geometry": { "type": "Point", "coordinates": [ 139.746601449994529, 35.838923028618794 ] } },
{ "type": "Feature", "properties": { "内容": "芝西通所介護事業所【地域密着型通所介護】埼玉県川口市芝西２－３０－６", "url": "https://www.kaigokensaku.mhlw.go.jp/11/index.php?action_kouhyou_detail_004_kani=true&JigyosyoCd=1170207284-00&ServiceCd=780&Type=search", "url2": "http://koukeikai-medical.or.jp" }, "geometry": { "type": "Point", "coordinates": [ 139.687084599999906, 35.842456899999981 ] } },
{ "type": "Feature", "properties": { "内容": "ケアリハビリ　ふっと芝【地域密着型通所介護】埼玉県川口市芝宮根町1-42田中マンション101号", "url": "https://www.kaigokensaku.mhlw.go.jp/11/index.php?action_kouhyou_detail_004_kani=true&JigyosyoCd=1190201416-00&ServiceCd=780&Type=search", "url2": "https://koukeikai-medical.or.jp/%e3%82%b1%e3%82%a2%e3%83%aa%e3%83%8f%e3%83%93%e3%83%aa-%e3%81%b5%e3%81%a3%e3%81%a8%e8%8a%9d" }, "geometry": { "type": "Point", "coordinates": [ 139.69749920000001, 35.8377562 ] } },
{ "type": "Feature", "properties": { "内容": "小野整骨院リハビリデイサービス【地域密着型通所介護】埼玉県川口市安行北谷601-9晝岡ビル1F", "url": "https://www.kaigokensaku.mhlw.go.jp/11/index.php?action_kouhyou_detail_004_kani=true&JigyosyoCd=1170205544-00&ServiceCd=780&Type=search", "url2": null }, "geometry": { "type": "Point", "coordinates": [ 139.7763989, 35.8397707 ] } },
{ "type": "Feature", "properties": { "内容": "ご長寿くらぶ川口新井宿デイサービスセンター【地域密着型通所介護】埼玉県川口市西新井宿27番4", "url": "https://www.kaigokensaku.mhlw.go.jp/11/index.php?action_kouhyou_detail_004_kani=true&JigyosyoCd=1170207409-00&ServiceCd=780&Type=search", "url2": null }, "geometry": { "type": "Point", "coordinates": [ 139.736135800000056, 35.8391383 ] } },
{ "type": "Feature", "properties": { "内容": "デイサービス紫水苑【地域密着型通所介護】埼玉県川口市大字石神1560-1", "url": "https://www.kaigokensaku.mhlw.go.jp/11/index.php?action_kouhyou_detail_004_kani=true&JigyosyoCd=1190200863-00&ServiceCd=780&Type=search", "url2": "http://shisuien.net/" }, "geometry": { "type": "Point", "coordinates": [ 139.742470899999944, 35.855681 ] } },
{ "type": "Feature", "properties": { "内容": "デイサービス　ぬくもり【地域密着型通所介護】川口市上青木５－９－８", "url": "https://www.kaigokensaku.mhlw.go.jp/11/index.php?action_kouhyou_detail_004_kani=true&JigyosyoCd=1170204604-00&ServiceCd=780&Type=search", "url2": null }, "geometry": { "type": "Point", "coordinates": [ 139.721679524000564, 35.83236804598269 ] } },
{ "type": "Feature", "properties": { "内容": "機能訓練施設HeartStation【地域密着型通所介護】埼玉県川口市南鳩ヶ谷5-20-3ボーラムヒル103号", "url": "https://www.kaigokensaku.mhlw.go.jp/11/index.php?action_kouhyou_detail_004_kani=true&JigyosyoCd=1190200772-00&ServiceCd=780&Type=search", "url2": null }, "geometry": { "type": "Point", "coordinates": [ 139.733625699999948, 35.8141537 ] } },
{ "type": "Feature", "properties": { "内容": "南平介護リハビリセンター【地域密着型通所介護】埼玉県川口市東領家1-14-23", "url": "https://www.kaigokensaku.mhlw.go.jp/11/index.php?action_kouhyou_detail_004_kani=true&JigyosyoCd=1190200616-00&ServiceCd=780&Type=search", "url2": "http://hp.kaipoke.biz/nbh/" }, "geometry": { "type": "Point", "coordinates": [ 139.747683978521536, 35.796416346049526 ] } },
{ "type": "Feature", "properties": { "内容": "介護サークルかがやき丘の上の小さな家【地域密着型通所介護】埼玉県川口市大字安行領根岸１９３８番地4", "url": "https://www.kaigokensaku.mhlw.go.jp/11/index.php?action_kouhyou_detail_004_kani=true&JigyosyoCd=1190201119-00&ServiceCd=780&Type=search", "url2": "http://home.kagayakikaigo.jp/sp/" }, "geometry": { "type": "Point", "coordinates": [ 139.7196217, 35.8472538 ] } },
{ "type": "Feature", "properties": { "内容": "デイサービスぬくもり　柳崎店【地域密着型通所介護】埼玉県川口市柳崎１－２９－１１池田マンション１０１", "url": "https://www.kaigokensaku.mhlw.go.jp/11/index.php?action_kouhyou_detail_004_kani=true&JigyosyoCd=1170205304-00&ServiceCd=780&Type=search", "url2": null }, "geometry": { "type": "Point", "coordinates": [ 139.700227499999983, 35.8541722 ] } },
{ "type": "Feature", "properties": { "内容": "川口市通所介護事業所「芝南れんげそう」【地域密着型通所介護】埼玉県川口市芝３－１７－１川口市立芝南小学校内", "url": "https://www.kaigokensaku.mhlw.go.jp/11/index.php?action_kouhyou_detail_004_kani=true&JigyosyoCd=1170200578-00&ServiceCd=780&Type=search", "url2": "http://www.fukushi-kawaguchi.jp/" }, "geometry": { "type": "Point", "coordinates": [ 139.698556, 35.8345496 ] } },
{ "type": "Feature", "properties": { "内容": "デイサービス　JIN-心和ここな【地域密着型通所介護】埼玉県川口市安行原847－1", "url": "https://www.kaigokensaku.mhlw.go.jp/11/index.php?action_kouhyou_detail_004_kani=true&JigyosyoCd=1190201143-00&ServiceCd=780&Type=search", "url2": null }, "geometry": { "type": "Point", "coordinates": [ 139.7691815, 35.841414 ] } },
{ "type": "Feature", "properties": { "内容": "安行介護リハビリセンター【地域密着型通所介護】埼玉県川口市安行慈林175-9", "url": "https://www.kaigokensaku.mhlw.go.jp/11/index.php?action_kouhyou_detail_004_kani=true&JigyosyoCd=1190201317-00&ServiceCd=780&Type=search", "url2": "http://hp.kaipoke.biz/nbh/" }, "geometry": { "type": "Point", "coordinates": [ 139.75112051534424, 35.837261018530441 ] } },
{ "type": "Feature", "properties": { "内容": "リハビリデイサービスnagomi川口店【地域密着型通所介護】川口市前川３－１０－８", "url": "https://www.kaigokensaku.mhlw.go.jp/11/index.php?action_kouhyou_detail_004_kani=true&JigyosyoCd=1170204125-00&ServiceCd=780&Type=search", "url2": "http://0040.ｊｐ" }, "geometry": { "type": "Point", "coordinates": [ 139.710307599999965, 35.8387602 ] } },
{ "type": "Feature", "properties": { "内容": "介護サークルかがやき網代橋【地域密着型通所介護】川口市前川３丁目54-22", "url": "https://www.kaigokensaku.mhlw.go.jp/11/index.php?action_kouhyou_detail_004_kani=true&JigyosyoCd=1190201127-00&ServiceCd=780&Type=search", "url2": "http://home.kagayakikaigo.jp/sp/" }, "geometry": { "type": "Point", "coordinates": [ 139.7120692, 35.842973 ] } },
{ "type": "Feature", "properties": { "内容": "デイサービス元気の郷【地域密着型通所介護】川口市元郷4丁目24-11", "url": "https://www.kaigokensaku.mhlw.go.jp/11/index.php?action_kouhyou_detail_004_kani=true&JigyosyoCd=1170205973-00&ServiceCd=780&Type=search", "url2": "https://saitama-skm-kyoudou.or.jp/nagamine" }, "geometry": { "type": "Point", "coordinates": [ 139.737204917196664, 35.797144729418683 ] } },
{ "type": "Feature", "properties": { "内容": "デイサービス本舗　上青木【地域密着型通所介護】川口市上青木３－１７－２６", "url": "https://www.kaigokensaku.mhlw.go.jp/11/index.php?action_kouhyou_detail_004_kani=true&JigyosyoCd=1170204596-00&ServiceCd=780&Type=search", "url2": "https://dayservicehonpo.jp/kamiaoki/" }, "geometry": { "type": "Point", "coordinates": [ 139.722331899999972, 35.8261095 ] } },
{ "type": "Feature", "properties": { "内容": "デイサービス音色　差間【地域密着型通所介護】埼玉県川口市大字差間212－1", "url": "https://www.kaigokensaku.mhlw.go.jp/11/index.php?action_kouhyou_detail_004_kani=true&JigyosyoCd=1190201283-00&ServiceCd=780&Type=search", "url2": null }, "geometry": { "type": "Point", "coordinates": [ 139.726984, 35.8662601 ] } },
{ "type": "Feature", "properties": { "内容": "デイサービス音色【地域密着型通所介護】埼玉県川口市前田1350-8", "url": "https://www.kaigokensaku.mhlw.go.jp/11/index.php?action_kouhyou_detail_004_kani=true&JigyosyoCd=1170206591-00&ServiceCd=780&Type=search", "url2": null }, "geometry": { "type": "Point", "coordinates": [ 139.730170500000014, 35.8156726 ] } },
{ "type": "Feature", "properties": { "内容": "ぴゅありは紅葉庵【地域密着型通所介護】埼玉県川口市戸塚3-31-31", "url": "https://www.kaigokensaku.mhlw.go.jp/11/index.php?action_kouhyou_detail_004_kani=true&JigyosyoCd=1190201044-00&ServiceCd=780&Type=search", "url2": "https://pure-homes.com/" }, "geometry": { "type": "Point", "coordinates": [ 139.7482985, 35.871253 ] } },
{ "type": "Feature", "properties": { "内容": "デイサービス　ケアーズ【地域密着型通所介護】埼玉県川口長蔵２－１－１８コモ・スクエアA号室", "url": "https://www.kaigokensaku.mhlw.go.jp/11/index.php?action_kouhyou_detail_004_kani=true&JigyosyoCd=1170207326-00&ServiceCd=780&Type=search", "url2": "https://kkcares.co.jp/" }, "geometry": { "type": "Point", "coordinates": [ 139.7571753, 35.861 ] } },
{ "type": "Feature", "properties": { "内容": "こころデイサービス川口桜町【地域密着型通所介護】桜町5-6-10", "url": "https://www.kaigokensaku.mhlw.go.jp/11/index.php?action_kouhyou_detail_004_kani=true&JigyosyoCd=1170206377-00&ServiceCd=780&Type=search", "url2": "https://cocoro-group.com/company/" }, "geometry": { "type": "Point", "coordinates": [ 130.701746899999989, 32.7997295 ] } },
{ "type": "Feature", "properties": { "内容": "あいむデイサービス根岸【地域密着型通所介護】埼玉県川口市安行領根岸２９９８－１４", "url": "https://www.kaigokensaku.mhlw.go.jp/11/index.php?action_kouhyou_detail_004_kani=true&JigyosyoCd=1170207144-00&ServiceCd=780&Type=search", "url2": null }, "geometry": { "type": "Point", "coordinates": [ 139.719931699999961, 35.8395129 ] } },
{ "type": "Feature", "properties": { "内容": "にぎやかデイサービス【地域密着型通所介護】川口市新井町１６－４", "url": "https://www.kaigokensaku.mhlw.go.jp/11/index.php?action_kouhyou_detail_004_kani=true&JigyosyoCd=1170205130-00&ServiceCd=780&Type=search", "url2": null }, "geometry": { "type": "Point", "coordinates": [ 139.73932549999995, 35.8019588 ] } },
{ "type": "Feature", "properties": { "内容": "デイサービス　なみき【地域密着型通所介護】埼玉県川口市安行領根岸2535-1", "url": "https://www.kaigokensaku.mhlw.go.jp/11/index.php?action_kouhyou_detail_004_kani=true&JigyosyoCd=1170206583-00&ServiceCd=780&Type=search", "url2": null }, "geometry": { "type": "Point", "coordinates": [ 139.7227481, 35.8413543 ] } },
{ "type": "Feature", "properties": { "内容": "デイホームなごみ安行出羽【地域密着型通所介護】埼玉県川口市安行出羽５丁目５番２６号", "url": "https://www.kaigokensaku.mhlw.go.jp/11/index.php?action_kouhyou_detail_004_kani=true&JigyosyoCd=1170202293-00&ServiceCd=780&Type=search", "url2": null }, "geometry": { "type": "Point", "coordinates": [ 139.76507730000003, 35.8508853 ] } },
{ "type": "Feature", "properties": { "内容": "デイサービスリハステップ中青木【地域密着型通所介護】埼玉県川口市中青木2-8-23川口中青木第２ローヤルコーポ101", "url": "https://www.kaigokensaku.mhlw.go.jp/11/index.php?action_kouhyou_detail_004_kani=true&JigyosyoCd=1170207318-00&ServiceCd=780&Type=search", "url2": "https://www.rehastep.jp/" }, "geometry": { "type": "Point", "coordinates": [ 139.7180692, 35.8117956 ] } },
{ "type": "Feature", "properties": { "内容": "ルーエンハイム川口デイサービスセンター【地域密着型通所介護】埼玉県川口市上青木6-15-18", "url": "https://www.kaigokensaku.mhlw.go.jp/11/index.php?action_kouhyou_detail_004_kani=true&JigyosyoCd=1190200814-00&ServiceCd=780&Type=search", "url2": "http://www.enzel.jp" }, "geometry": { "type": "Point", "coordinates": [ 139.719776751640666, 35.8346858 ] } },
{ "type": "Feature", "properties": { "内容": "にこにこデイサービス【地域密着型通所介護】埼玉県川口市道合481-1", "url": "https://www.kaigokensaku.mhlw.go.jp/11/index.php?action_kouhyou_detail_004_kani=true&JigyosyoCd=1190200921-00&ServiceCd=780&Type=search", "url2": null }, "geometry": { "type": "Point", "coordinates": [ 139.718056614242613, 35.850870785011317 ] } },
{ "type": "Feature", "properties": { "内容": "あいむデイサービス川口【地域密着型通所介護】埼玉県川口市本蓮1－18－20あいむデイサービス川口", "url": "https://www.kaigokensaku.mhlw.go.jp/11/index.php?action_kouhyou_detail_004_kani=true&JigyosyoCd=1170206732-00&ServiceCd=780&Type=search", "url2": "http://aim-dayservice.com/" }, "geometry": { "type": "Point", "coordinates": [ 139.763414399999988, 35.821219299999989 ] } },
{ "type": "Feature", "properties": { "内容": "ケアラ　デイサービス【地域密着型通所介護】埼玉県川口市西川口３－１４－１マリオン川口第２101号", "url": "https://www.kaigokensaku.mhlw.go.jp/11/index.php?action_kouhyou_detail_004_kani=true&JigyosyoCd=1170204810-00&ServiceCd=780&Type=search", "url2": null }, "geometry": { "type": "Point", "coordinates": [ 139.705103300000019, 35.8139586 ] } },
{ "type": "Feature", "properties": { "内容": "デイサービス　ふるさと【地域密着型通所介護】埼玉県川口市南鳩ヶ谷７丁目３２番１号コーポスズキ２番館１F", "url": "https://www.kaigokensaku.mhlw.go.jp/11/index.php?action_kouhyou_detail_004_kani=true&JigyosyoCd=1172000471-00&ServiceCd=780&Type=search", "url2": null }, "geometry": { "type": "Point", "coordinates": [ 139.730388119712899, 35.822918505953474 ] } },
{ "type": "Feature", "properties": { "内容": "早稲田イーライフ北川口【地域密着型通所介護】川口市北園町２－２１北園サンハイム１階", "url": "https://www.kaigokensaku.mhlw.go.jp/11/index.php?action_kouhyou_detail_004_kani=true&JigyosyoCd=1170206070-00&ServiceCd=780&Type=search", "url2": null }, "geometry": { "type": "Point", "coordinates": [ 139.703416100000027, 35.8539556 ] } },
{ "type": "Feature", "properties": { "内容": "ジョイリハSPA川口並木【地域密着型通所介護】埼玉県川口市並木1-27-3藤井ビル1階", "url": "https://www.kaigokensaku.mhlw.go.jp/11/index.php?action_kouhyou_detail_004_kani=true&JigyosyoCd=1190201507-00&ServiceCd=780&Type=search", "url2": "https://y-grp.com/" }, "geometry": { "type": "Point", "coordinates": [ 139.7154227, 35.8125064 ] } },
{ "type": "Feature", "properties": { "内容": "デイサービス山桜【地域密着型通所介護】埼玉県川口市大字安行原39-9", "url": "https://www.kaigokensaku.mhlw.go.jp/11/index.php?action_kouhyou_detail_004_kani=true&JigyosyoCd=1170205726-00&ServiceCd=780&Type=search", "url2": "https://yamazakura.info" }, "geometry": { "type": "Point", "coordinates": [ 139.7676325, 35.842656 ] } },
{ "type": "Feature", "properties": { "内容": "あいむデイサービス桜町【地域密着型通所介護】埼玉県川口市桜町1-5-18", "url": "https://www.kaigokensaku.mhlw.go.jp/11/index.php?action_kouhyou_detail_004_kani=true&JigyosyoCd=1170206740-00&ServiceCd=780&Type=search", "url2": "http://www.aim-dayservice.com/Recruit/Recruit.html" }, "geometry": { "type": "Point", "coordinates": [ 139.735415, 35.8360363 ] } },
{ "type": "Feature", "properties": { "内容": "『　まごころ家族・川口・』【地域密着型通所介護】埼玉県川口市大字新堀１１２番地の１", "url": "https://www.kaigokensaku.mhlw.go.jp/11/index.php?action_kouhyou_detail_004_kani=true&JigyosyoCd=1170205890-00&ServiceCd=780&Type=search", "url2": "http://www.magokoro-home.com/" }, "geometry": { "type": "Point", "coordinates": [ 139.769124799999986, 35.8285165 ] } },
{ "type": "Feature", "properties": { "内容": "ミック健康の森　川口【地域密着型通所介護】川口5-15-28ライジングパレス1階", "url": "https://www.kaigokensaku.mhlw.go.jp/11/index.php?action_kouhyou_detail_004_kani=true&JigyosyoCd=1190201424-00&ServiceCd=780&Type=search", "url2": null }, "geometry": { "type": "Point", "coordinates": [ 139.7114417, 35.8061972 ] } },
{ "type": "Feature", "properties": { "内容": "まごちゃんリハビリデイサービス【地域密着型通所介護】埼玉県川口市本町３－５－５ウィンザーハイム１０１", "url": "https://www.kaigokensaku.mhlw.go.jp/11/index.php?action_kouhyou_detail_004_kani=true&JigyosyoCd=1190201374-00&ServiceCd=780&Type=search", "url2": null }, "geometry": { "type": "Point", "coordinates": [ 139.7229333, 35.7992178 ] } },
{ "type": "Feature", "properties": { "内容": "デイサービスリハステップ【地域密着型通所介護】埼玉県川口市安行領根岸３０２６", "url": "https://www.kaigokensaku.mhlw.go.jp/11/index.php?action_kouhyou_detail_004_kani=true&JigyosyoCd=1170206963-00&ServiceCd=780&Type=search", "url2": "https://www.rehastep.jp/" }, "geometry": { "type": "Point", "coordinates": [ 139.7209603, 35.8390725 ] } },
{ "type": "Feature", "properties": { "内容": "デイサービスゆうちゃん家２【地域密着型通所介護】埼玉県川口市安行原１２７１－9", "url": "https://www.kaigokensaku.mhlw.go.jp/11/index.php?action_kouhyou_detail_004_kani=true&JigyosyoCd=1170204976-00&ServiceCd=780&Type=search", "url2": "http://www.yuyu-ee.com./" }, "geometry": { "type": "Point", "coordinates": [ 139.7729908, 35.8406259 ] } },
{ "type": "Feature", "properties": { "内容": "スマイルステップあうる川口【地域密着型通所介護】埼玉県川口市鳩ケ谷緑町2-20-1", "url": "https://www.kaigokensaku.mhlw.go.jp/11/index.php?action_kouhyou_detail_004_kani=true&JigyosyoCd=1190201515-00&ServiceCd=780&Type=search", "url2": "https://owl-hakkei.com/smilestep_owl_kawaguchi/" }, "geometry": { "type": "Point", "coordinates": [ 139.729543400000011, 35.817862 ] } },
{ "type": "Feature", "properties": { "内容": "デイサービスあかつき【地域密着型通所介護】埼玉県川口市坂下町2-6-16グリーンヒルハイツ6-101", "url": "https://www.kaigokensaku.mhlw.go.jp/11/index.php?action_kouhyou_detail_004_kani=true&JigyosyoCd=1190200848-00&ServiceCd=780&Type=search", "url2": null }, "geometry": { "type": "Point", "coordinates": [ 139.742399400000068, 35.8294901 ] } },
{ "type": "Feature", "properties": { "内容": "通所介護施設　春夏秋冬　東川口【地域密着型通所介護】埼玉県川口市戸塚東1-7-24大和マンション1F", "url": "https://www.kaigokensaku.mhlw.go.jp/11/index.php?action_kouhyou_detail_004_kani=true&JigyosyoCd=1170205569-00&ServiceCd=780&Type=search", "url2": null }, "geometry": { "type": "Point", "coordinates": [ 139.750414400000011, 35.8737139 ] } },
{ "type": "Feature", "properties": { "内容": "通所介護センター　かぐや姫【地域密着型通所介護】川口市南前川2-13-24武山マンション1階", "url": "https://www.kaigokensaku.mhlw.go.jp/11/index.php?action_kouhyou_detail_004_kani=true&JigyosyoCd=1170204794-00&ServiceCd=780&Type=search", "url2": "https://sites.google.com/view/kawaguchi-kaguyahime" }, "geometry": { "type": "Point", "coordinates": [ 139.69875890000003, 35.831202900000036 ] } },
{ "type": "Feature", "properties": { "内容": "通所介護施設　春夏秋冬　戸塚安行【地域密着型通所介護】埼玉県川口市長蔵1-24-15サントエストリア102", "url": "https://www.kaigokensaku.mhlw.go.jp/11/index.php?action_kouhyou_detail_004_kani=true&JigyosyoCd=1190201440-00&ServiceCd=780&Type=search", "url2": null }, "geometry": { "type": "Point", "coordinates": [ 139.7241874, 35.8077356 ] } },
{ "type": "Feature", "properties": { "内容": "デイサービスセンター　ウェルハウス大塚【地域密着型通所介護】埼玉県川口市木曽呂497-12", "url": "https://www.kaigokensaku.mhlw.go.jp/11/index.php?action_kouhyou_detail_004_kani=true&JigyosyoCd=1190201002-00&ServiceCd=780&Type=search", "url2": "http://www.wellhouse1600.jp" }, "geometry": { "type": "Point", "coordinates": [ 139.727865159480274, 35.863545592686854 ] } },
{ "type": "Feature", "properties": { "内容": "デイサービス　ニパータ行田【地域密着型通所介護】行田市桜町1－19－12", "url": "https://www.kaigokensaku.mhlw.go.jp/11/index.php?action_kouhyou_detail_004_kani=true&JigyosyoCd=1193700109-00&ServiceCd=780&Type=search", "url2": "http://nipata.com" }, "geometry": { "type": "Point", "coordinates": [ 139.466373400000066, 36.1450368 ] } },
{ "type": "Feature", "properties": { "内容": "ケアセンターすみれ【地域密着型通所介護】埼玉県行田市持田３－３２－３７", "url": "https://www.kaigokensaku.mhlw.go.jp/11/index.php?action_kouhyou_detail_004_kani=true&JigyosyoCd=1173700269-00&ServiceCd=780&Type=search", "url2": null }, "geometry": { "type": "Point", "coordinates": [ 139.436706700000059, 36.1282411 ] } },
{ "type": "Feature", "properties": { "内容": "愛の幸望庵【地域密着型通所介護】行田市堤根1069-1", "url": "https://www.kaigokensaku.mhlw.go.jp/11/index.php?action_kouhyou_detail_004_kani=true&JigyosyoCd=1173700699-00&ServiceCd=780&Type=search", "url2": "http://www.koubouan.jp/" }, "geometry": { "type": "Point", "coordinates": [ 139.473081699999966, 36.1104256 ] } },
{ "type": "Feature", "properties": { "内容": "デイサービス　みどりの丘【地域密着型通所介護】行田市大字長野９２６-２", "url": "https://www.kaigokensaku.mhlw.go.jp/11/index.php?action_kouhyou_detail_004_kani=true&JigyosyoCd=1173700558-00&ServiceCd=780&Type=search", "url2": "https://www.midorinooka-ms.com" }, "geometry": { "type": "Point", "coordinates": [ 139.467588200000023, 36.1548504 ] } },
{ "type": "Feature", "properties": { "内容": "あすかデイサービスセンター【地域密着型通所介護】埼玉県行田市前谷９２２－１", "url": "https://www.kaigokensaku.mhlw.go.jp/11/index.php?action_kouhyou_detail_004_kani=true&JigyosyoCd=1193700117-00&ServiceCd=780&Type=search", "url2": null }, "geometry": { "type": "Point", "coordinates": [ 139.4515058, 36.1233526 ] } },
{ "type": "Feature", "properties": { "内容": "あおきリハビリデイサービス本丸【地域密着型通所介護】埼玉県行田市城西2-2-37古田ビル", "url": "https://www.kaigokensaku.mhlw.go.jp/11/index.php?action_kouhyou_detail_004_kani=true&JigyosyoCd=1173700848-00&ServiceCd=780&Type=search", "url2": "http://www:aoki-reha2014.com" }, "geometry": { "type": "Point", "coordinates": [ 139.451301699999931, 36.134998900000014 ] } },
{ "type": "Feature", "properties": { "内容": "デイサービス　ラスベガス　秩父【地域密着型通所介護】埼玉県秩父市下影森858-2", "url": "https://www.kaigokensaku.mhlw.go.jp/11/index.php?action_kouhyou_detail_004_kani=true&JigyosyoCd=1194900211-00&ServiceCd=780&Type=search", "url2": null }, "geometry": { "type": "Point", "coordinates": [ 139.074597, 35.976108 ] } },
{ "type": "Feature", "properties": { "内容": "いきいき　さわやかデイサービス【地域密着型通所介護】埼玉県秩父市蒔田２６８－２", "url": "https://www.kaigokensaku.mhlw.go.jp/11/index.php?action_kouhyou_detail_004_kani=true&JigyosyoCd=1174900413-00&ServiceCd=780&Type=search", "url2": "http://www.shirasuna-keijien.or.jp/group/ikiikisawayaka-dayservice/" }, "geometry": { "type": "Point", "coordinates": [ 139.092844600000035, 36.0531839 ] } },
{ "type": "Feature", "properties": { "内容": "いしがみデイサービス【地域密着型通所介護】埼玉県秩父市蒔田933-2", "url": "https://www.kaigokensaku.mhlw.go.jp/11/index.php?action_kouhyou_detail_004_kani=true&JigyosyoCd=1174901023-00&ServiceCd=780&Type=search", "url2": null }, "geometry": { "type": "Point", "coordinates": [ 139.086692522090146, 36.042522835184897 ] } },
{ "type": "Feature", "properties": { "内容": "デイサービスセンター　グレープ【地域密着型通所介護】埼玉県秩父市蒔田字相ノ道１７９０－３", "url": "https://www.kaigokensaku.mhlw.go.jp/11/index.php?action_kouhyou_detail_004_kani=true&JigyosyoCd=1174900900-00&ServiceCd=780&Type=search", "url2": null }, "geometry": { "type": "Point", "coordinates": [ 139.092641800000024, 36.0537644 ] } },
{ "type": "Feature", "properties": { "内容": "デイサービスふくしのまち秩父【地域密着型通所介護】秩父市野坂町1-20-33K'Sノサカ1階", "url": "https://www.kaigokensaku.mhlw.go.jp/11/index.php?action_kouhyou_detail_004_kani=true&JigyosyoCd=1174900447-00&ServiceCd=780&Type=search", "url2": "http://www.saint-care.com/youism/" }, "geometry": { "type": "Point", "coordinates": [ 139.084689073608956, 35.989459015474466 ] } },
{ "type": "Feature", "properties": { "内容": "やまだデイサービス【地域密着型通所介護】埼玉県秩父市山田1644-1坂本ビル1階", "url": "https://www.kaigokensaku.mhlw.go.jp/11/index.php?action_kouhyou_detail_004_kani=true&JigyosyoCd=1194900252-00&ServiceCd=780&Type=search", "url2": "http://hp.kaipoke.biz/96u/" }, "geometry": { "type": "Point", "coordinates": [ 139.111616799999979, 36.010547 ] } },
{ "type": "Feature", "properties": { "内容": "デイサービスセンター楓【地域密着型通所介護】埼玉県秩父市荒川上田野755-9", "url": "https://www.kaigokensaku.mhlw.go.jp/11/index.php?action_kouhyou_detail_004_kani=true&JigyosyoCd=1174900850-00&ServiceCd=780&Type=search", "url2": null }, "geometry": { "type": "Point", "coordinates": [ 139.042053950262471, 35.958708645454934 ] } },
{ "type": "Feature", "properties": { "内容": "秩父市上吉田デイサービスセンター【地域密着型通所介護】埼玉県秩父市上吉田3352番地1", "url": "https://www.kaigokensaku.mhlw.go.jp/11/index.php?action_kouhyou_detail_004_kani=true&JigyosyoCd=1174901031-00&ServiceCd=780&Type=search", "url2": "http://www.chichibu.ne.jp/~honobono/kamiyoshidad1.htm" }, "geometry": { "type": "Point", "coordinates": [ 138.979703299999983, 36.0555318 ] } },
{ "type": "Feature", "properties": { "内容": "古民家デイサービスいろり【地域密着型通所介護】埼玉県秩父市田村１２５６古民家デイサービスいろり", "url": "https://www.kaigokensaku.mhlw.go.jp/11/index.php?action_kouhyou_detail_004_kani=true&JigyosyoCd=1174900991-00&ServiceCd=780&Type=search", "url2": "https://www.kominkairori.jp/" }, "geometry": { "type": "Point", "coordinates": [ 139.055838600000016, 36.0018645 ] } },
{ "type": "Feature", "properties": { "内容": "たんぽぽの家【地域密着型通所介護】埼玉県秩父市下影森８８８－５", "url": "https://www.kaigokensaku.mhlw.go.jp/11/index.php?action_kouhyou_detail_004_kani=true&JigyosyoCd=1174900736-00&ServiceCd=780&Type=search", "url2": null }, "geometry": { "type": "Point", "coordinates": [ 139.07361, 35.9782508 ] } },
{ "type": "Feature", "properties": { "内容": "リハプライド・秩父【地域密着型通所介護】中村町1-3-8", "url": "https://www.kaigokensaku.mhlw.go.jp/11/index.php?action_kouhyou_detail_004_kani=true&JigyosyoCd=1174901056-00&ServiceCd=780&Type=search", "url2": "http://www.rehapride.co.jp/chichibu/" }, "geometry": { "type": "Point", "coordinates": [ 139.077692299999967, 35.9981905 ] } },
{ "type": "Feature", "properties": { "内容": "デイサービス　おばしら【地域密着型通所介護】秩父市小柱２２８－１", "url": "https://www.kaigokensaku.mhlw.go.jp/11/index.php?action_kouhyou_detail_004_kani=true&JigyosyoCd=1174900678-00&ServiceCd=780&Type=search", "url2": "aobahome@.ia9itkeeper.ne.jp" }, "geometry": { "type": "Point", "coordinates": [ 139.084967600000027, 36.0629684 ] } },
{ "type": "Feature", "properties": { "内容": "あさひデイサービスセンター【地域密着型通所介護】埼玉県秩父市寺尾　44", "url": "https://www.kaigokensaku.mhlw.go.jp/11/index.php?action_kouhyou_detail_004_kani=true&JigyosyoCd=1174901007-00&ServiceCd=780&Type=search", "url2": null }, "geometry": { "type": "Point", "coordinates": [ 139.095085790178246, 36.050679913060797 ] } },
{ "type": "Feature", "properties": { "内容": "藤の花【地域密着型通所介護】埼玉県秩父市日野田町2-14-5", "url": "https://www.kaigokensaku.mhlw.go.jp/11/index.php?action_kouhyou_detail_004_kani=true&JigyosyoCd=1174900611-00&ServiceCd=780&Type=search", "url2": "http://www.kazahara.com" }, "geometry": { "type": "Point", "coordinates": [ 139.0802787, 35.9828337 ] } },
{ "type": "Feature", "properties": { "内容": "デイサービスたけのはな【地域密着型通所介護】埼玉県秩父市寺尾３４８７番地８", "url": "https://www.kaigokensaku.mhlw.go.jp/11/index.php?action_kouhyou_detail_004_kani=true&JigyosyoCd=1194900286-00&ServiceCd=780&Type=search", "url2": null }, "geometry": { "type": "Point", "coordinates": [ 139.0740264, 36.0047461 ] } },
{ "type": "Feature", "properties": { "内容": "並木機能訓練センター【地域密着型通所介護】所沢市並木８－１－６－１２０", "url": "https://www.kaigokensaku.mhlw.go.jp/11/index.php?action_kouhyou_detail_004_kani=true&JigyosyoCd=1172503524-00&ServiceCd=780&Type=search", "url2": "http://www.namiki-kinoukunren.com/" }, "geometry": { "type": "Point", "coordinates": [ 139.477217399999972, 35.8091649 ] } },
{ "type": "Feature", "properties": { "内容": "K'sCLUB【地域密着型通所介護】埼玉県所沢市北岩岡350-12", "url": "https://www.kaigokensaku.mhlw.go.jp/11/index.php?action_kouhyou_detail_004_kani=true&JigyosyoCd=1192500773-00&ServiceCd=780&Type=search", "url2": null }, "geometry": { "type": "Point", "coordinates": [ 139.446671400000014, 35.8186356 ] } },
{ "type": "Feature", "properties": { "内容": "ピースパーク所沢【地域密着型通所介護】埼玉県所沢市北岩岡190-2", "url": "https://www.kaigokensaku.mhlw.go.jp/11/index.php?action_kouhyou_detail_004_kani=true&JigyosyoCd=1192500765-00&ServiceCd=780&Type=search", "url2": null }, "geometry": { "type": "Point", "coordinates": [ 139.4453776, 35.822218 ] } },
{ "type": "Feature", "properties": { "内容": "ビーナスプラス新所沢【地域密着型通所介護】埼玉県所沢市緑町2-7-20F-GRANDE1階", "url": "https://www.kaigokensaku.mhlw.go.jp/11/index.php?action_kouhyou_detail_004_kani=true&JigyosyoCd=1192500658-00&ServiceCd=780&Type=search", "url2": "https://www.venus-comrade.co.jp/office/plus_shintokorozawa/" }, "geometry": { "type": "Point", "coordinates": [ 139.4558711, 35.804839 ] } },
{ "type": "Feature", "properties": { "内容": "デイサービス桜【地域密着型通所介護】埼玉県所沢市山口681－2", "url": "https://www.kaigokensaku.mhlw.go.jp/11/index.php?action_kouhyou_detail_004_kani=true&JigyosyoCd=1172503672-00&ServiceCd=780&Type=search", "url2": "http://www.dayservicesakura.jp/" }, "geometry": { "type": "Point", "coordinates": [ 139.446818099999973, 35.7846093 ] } },
{ "type": "Feature", "properties": { "内容": "レッツ倶楽部新所沢【地域密着型通所介護】埼玉県所沢市緑町4丁目8-17ヴィラ大沼102", "url": "https://www.kaigokensaku.mhlw.go.jp/11/index.php?action_kouhyou_detail_004_kani=true&JigyosyoCd=1192500583-00&ServiceCd=780&Type=search", "url2": "http://www.lets-club.jp" }, "geometry": { "type": "Point", "coordinates": [ 139.450592300000011, 35.8068643 ] } },
{ "type": "Feature", "properties": { "内容": "鈴木さん家【地域密着型通所介護】三ヶ島３－１１１３－５", "url": "https://www.kaigokensaku.mhlw.go.jp/11/index.php?action_kouhyou_detail_004_kani=true&JigyosyoCd=1192500740-00&ServiceCd=780&Type=search", "url2": "http://www.suzukisan-chi.com" }, "geometry": { "type": "Point", "coordinates": [ 139.410812676586687, 35.794448421481782 ] } },
{ "type": "Feature", "properties": { "内容": "デイサービスあこあこあ【地域密着型通所介護】埼玉県所沢市和ケ原３－２６２エムケイエスハイツ１ーA", "url": "https://www.kaigokensaku.mhlw.go.jp/11/index.php?action_kouhyou_detail_004_kani=true&JigyosyoCd=1192500492-00&ServiceCd=780&Type=search", "url2": null }, "geometry": { "type": "Point", "coordinates": [ 139.406506799999988, 35.8050945 ] } },
{ "type": "Feature", "properties": { "内容": "一笑苑【地域密着型通所介護】埼玉県所沢市下安松1482-21", "url": "https://www.kaigokensaku.mhlw.go.jp/11/index.php?action_kouhyou_detail_004_kani=true&JigyosyoCd=1192500633-00&ServiceCd=780&Type=search", "url2": "https://issyoen2020.wixsite.com/kamijyo" }, "geometry": { "type": "Point", "coordinates": [ 139.5028196, 35.7938019 ] } },
{ "type": "Feature", "properties": { "内容": "リハビリデイサービスnagomi所沢店【地域密着型通所介護】埼玉県所沢市西狭山ヶ丘1-2473-13", "url": "https://www.kaigokensaku.mhlw.go.jp/11/index.php?action_kouhyou_detail_004_kani=true&JigyosyoCd=1172504886-00&ServiceCd=780&Type=search", "url2": "http://my-nagomi.com/html/facility/html/tokorozawa.html" }, "geometry": { "type": "Point", "coordinates": [ 139.414021, 35.80597 ] } },
{ "type": "Feature", "properties": { "内容": "デイサービス千恵の輪【地域密着型通所介護】埼玉県所沢市久米2017−5", "url": "https://www.kaigokensaku.mhlw.go.jp/11/index.php?action_kouhyou_detail_004_kani=true&JigyosyoCd=1172503326-00&ServiceCd=780&Type=search", "url2": "http://www.chieno-wa.jp" }, "geometry": { "type": "Point", "coordinates": [ 139.464161399999966, 35.779396100000014 ] } },
{ "type": "Feature", "properties": { "内容": "デイサービス　ほっと【地域密着型通所介護】埼玉県所沢市上新井2-43-2", "url": "https://www.kaigokensaku.mhlw.go.jp/11/index.php?action_kouhyou_detail_004_kani=true&JigyosyoCd=1172503250-00&ServiceCd=780&Type=search", "url2": null }, "geometry": { "type": "Point", "coordinates": [ 139.446971006745912, 35.796256191284435 ] } },
{ "type": "Feature", "properties": { "内容": "デイサービス在屋【地域密着型通所介護】上新井4-41-22", "url": "https://www.kaigokensaku.mhlw.go.jp/11/index.php?action_kouhyou_detail_004_kani=true&JigyosyoCd=1172504803-00&ServiceCd=780&Type=search", "url2": null }, "geometry": { "type": "Point", "coordinates": [ 139.444273399999929, 35.7995099 ] } },
{ "type": "Feature", "properties": { "内容": "だんらんの家　小手指【地域密着型通所介護】埼玉県所沢市小手指町1-12-22", "url": "https://www.kaigokensaku.mhlw.go.jp/11/index.php?action_kouhyou_detail_004_kani=true&JigyosyoCd=1172504365-00&ServiceCd=780&Type=search", "url2": "https://danrannoie.com/archives/1749" }, "geometry": { "type": "Point", "coordinates": [ 139.436785099999952, 35.802662300000023 ] } },
{ "type": "Feature", "properties": { "内容": "デイサービス　リハロー【地域密着型通所介護】埼玉県所沢市小手指町1-43-2小手指エムビル　１階", "url": "https://www.kaigokensaku.mhlw.go.jp/11/index.php?action_kouhyou_detail_004_kani=true&JigyosyoCd=1172504225-00&ServiceCd=780&Type=search", "url2": "http://re-hello.com/" }, "geometry": { "type": "Point", "coordinates": [ 139.439923599999929, 35.8056286 ] } },
{ "type": "Feature", "properties": { "内容": "第２ひまわり〈リハスタジオひまわり〉【地域密着型通所介護】埼玉県所沢市中新井５６４", "url": "https://www.kaigokensaku.mhlw.go.jp/11/index.php?action_kouhyou_detail_004_kani=true&JigyosyoCd=1192500450-00&ServiceCd=780&Type=search", "url2": "himawarikai.dai2himawari@gmail.com" }, "geometry": { "type": "Point", "coordinates": [ 139.472857573234904, 35.818724881220767 ] } },
{ "type": "Feature", "properties": { "内容": "医療法人啓仁会地域密着型通所介護事業所所沢ロイヤルの郷【地域密着型通所介護】北秋津７８９番地３プロミネンス２１", "url": "https://www.kaigokensaku.mhlw.go.jp/11/index.php?action_kouhyou_detail_004_kani=true&JigyosyoCd=1192500310-00&ServiceCd=780&Type=search", "url2": "https://www.tokorozawa-loyal.jp/home-service/roiyalnosato" }, "geometry": { "type": "Point", "coordinates": [ 139.478126400000065, 35.7848573 ] } },
{ "type": "Feature", "properties": { "内容": "デイサービス本舗　狭山ヶ丘【地域密着型通所介護】東狭山ヶ丘１－３１－４７", "url": "https://www.kaigokensaku.mhlw.go.jp/11/index.php?action_kouhyou_detail_004_kani=true&JigyosyoCd=1172504688-00&ServiceCd=780&Type=search", "url2": "http://dayservicehonpo.jp" }, "geometry": { "type": "Point", "coordinates": [ 139.41986380000003, 35.8124249 ] } },
{ "type": "Feature", "properties": { "内容": "医療法人社団　光志会　風ステーション小手指【地域密着型通所介護】埼玉県所沢市小手指町4-18-8グリーンヒル小手指", "url": "https://www.kaigokensaku.mhlw.go.jp/11/index.php?action_kouhyou_detail_004_kani=true&JigyosyoCd=1172504936-00&ServiceCd=780&Type=search", "url2": "https://kaze-st.com/" }, "geometry": { "type": "Point", "coordinates": [ 139.437028389688095, 35.796815423580206 ] } },
{ "type": "Feature", "properties": { "内容": "医療法人社団　光志会　風ステーション航空公園【地域密着型通所介護】埼玉県所沢市宮本町２－１１－１１MOA５ビル１階", "url": "https://www.kaigokensaku.mhlw.go.jp/11/index.php?action_kouhyou_detail_004_kani=true&JigyosyoCd=1192500674-00&ServiceCd=780&Type=search", "url2": "https://kaze-st.com" }, "geometry": { "type": "Point", "coordinates": [ 139.462708299999946, 35.7975663 ] } },
{ "type": "Feature", "properties": { "内容": "カーサ・あさがお【地域密着型通所介護】埼玉県所沢市北岩岡455-14", "url": "https://www.kaigokensaku.mhlw.go.jp/11/index.php?action_kouhyou_detail_004_kani=true&JigyosyoCd=1172504068-00&ServiceCd=780&Type=search", "url2": "asagao-casa@iaa.itkeeper.ne.jp" }, "geometry": { "type": "Point", "coordinates": [ 139.449236400000018, 35.8137693 ] } },
{ "type": "Feature", "properties": { "内容": "デイサービスセンター小手指【地域密着型通所介護】埼玉県所沢市小手指町１－１３－２３", "url": "https://www.kaigokensaku.mhlw.go.jp/11/index.php?action_kouhyou_detail_004_kani=true&JigyosyoCd=1192500302-00&ServiceCd=780&Type=search", "url2": "https://snbee.co.jp/" }, "geometry": { "type": "Point", "coordinates": [ 139.43721, 35.8028511 ] } },
{ "type": "Feature", "properties": { "内容": "フィットリハ陽　中富【地域密着型通所介護】埼玉県所沢市中富735‐7", "url": "https://www.kaigokensaku.mhlw.go.jp/11/index.php?action_kouhyou_detail_004_kani=true&JigyosyoCd=1192500641-00&ServiceCd=780&Type=search", "url2": "http://sijinkai-you.com/" }, "geometry": { "type": "Point", "coordinates": [ 139.480484042327873, 35.818512250387244 ] } },
{ "type": "Feature", "properties": { "内容": "社会医療法人　至仁会　　フィットリハ陽　狭山ケ丘【地域密着型通所介護】埼玉県所沢市東狭山ヶ丘１丁目５９番地13の２", "url": "https://www.kaigokensaku.mhlw.go.jp/11/index.php?action_kouhyou_detail_004_kani=true&JigyosyoCd=1192500427-00&ServiceCd=780&Type=search", "url2": "http://shijinkai-you.com/" }, "geometry": { "type": "Point", "coordinates": [ 139.415469900000062, 35.8095399 ] } },
{ "type": "Feature", "properties": { "内容": "カルチャー倶楽部所沢元町【地域密着型通所介護】所沢市元町28-9フォーラスタワー所沢102", "url": "https://www.kaigokensaku.mhlw.go.jp/11/index.php?action_kouhyou_detail_004_kani=true&JigyosyoCd=1172503284-00&ServiceCd=780&Type=search", "url2": "http://www.culture-club.net" }, "geometry": { "type": "Point", "coordinates": [ 139.465499499999964, 35.7918003 ] } },
{ "type": "Feature", "properties": { "内容": "リハビリデイサービス　ヒノデ【地域密着型通所介護】所沢市西所沢2丁目８番18号", "url": "https://www.kaigokensaku.mhlw.go.jp/11/index.php?action_kouhyou_detail_004_kani=true&JigyosyoCd=1172504118-00&ServiceCd=780&Type=search", "url2": null }, "geometry": { "type": "Point", "coordinates": [ 139.454656, 35.7940664 ] } },
{ "type": "Feature", "properties": { "内容": "もみの木【地域密着型通所介護】所沢市中新井２－２９６－２もみの木", "url": "https://www.kaigokensaku.mhlw.go.jp/11/index.php?action_kouhyou_detail_004_kani=true&JigyosyoCd=1172501742-00&ServiceCd=780&Type=search", "url2": "http://g-mominoki@net/" }, "geometry": { "type": "Point", "coordinates": [ 139.468656799999962, 35.8172304 ] } },
{ "type": "Feature", "properties": { "内容": "まーのぽっけの２階【地域密着型通所介護】けやき台1－19－11", "url": "https://www.kaigokensaku.mhlw.go.jp/11/index.php?action_kouhyou_detail_004_kani=true&JigyosyoCd=1192500419-00&ServiceCd=780&Type=search", "url2": null }, "geometry": { "type": "Point", "coordinates": [ 139.453174200000035, 35.7993408 ] } },
{ "type": "Feature", "properties": { "内容": "楽・楽・楽【地域密着型通所介護】埼玉県所沢市和ヶ原1-115-2", "url": "https://www.kaigokensaku.mhlw.go.jp/11/index.php?action_kouhyou_detail_004_kani=true&JigyosyoCd=1192500757-00&ServiceCd=780&Type=search", "url2": null }, "geometry": { "type": "Point", "coordinates": [ 139.4120402, 35.8077596 ] } },
{ "type": "Feature", "properties": { "内容": "医療法人社団　秀栄会　所沢第一病院【地域密着型通所介護】埼玉県所沢市下安松1559-1", "url": "https://www.kaigokensaku.mhlw.go.jp/11/index.php?action_kouhyou_detail_004_kani=true&JigyosyoCd=1112503431-00&ServiceCd=780&Type=search", "url2": "http://tokoichi.tdm.or,jp/" }, "geometry": { "type": "Point", "coordinates": [ 139.499640799999952, 35.7926206 ] } },
{ "type": "Feature", "properties": { "内容": "デイサービス寿【地域密着型通所介護】埼玉県所沢市東新井町１０８－４", "url": "https://www.kaigokensaku.mhlw.go.jp/11/index.php?action_kouhyou_detail_004_kani=true&JigyosyoCd=1172504654-00&ServiceCd=780&Type=search", "url2": "https://www.g-fukujuen.jp" }, "geometry": { "type": "Point", "coordinates": [ 139.481343700000025, 35.7954007 ] } },
{ "type": "Feature", "properties": { "内容": "デイサービスセンター　みらい【地域密着型通所介護】埼玉県所沢市小手指町2-13-8", "url": "https://www.kaigokensaku.mhlw.go.jp/11/index.php?action_kouhyou_detail_004_kani=true&JigyosyoCd=1172502385-00&ServiceCd=780&Type=search", "url2": "http://kaigo21.com/" }, "geometry": { "type": "Point", "coordinates": [ 139.436293400000068, 35.8050759 ] } },
{ "type": "Feature", "properties": { "内容": "ところざわ翔裕館Ⅱ号館【地域密着型通所介護】112089", "url": "https://www.kaigokensaku.mhlw.go.jp/11/index.php?action_kouhyou_detail_004_kani=true&JigyosyoCd=1192500591-00&ServiceCd=780&Type=search", "url2": "https://sangajapan.jp/tokorozaw2/tokorozawa201/" }, "geometry": { "type": "Point", "coordinates": [ 139.47083, 35.788708 ] } },
{ "type": "Feature", "properties": { "内容": "シルバーネットビー　デイサービスセンター【地域密着型通所介護】埼玉県所沢市小手指町１－１３－２８", "url": "https://www.kaigokensaku.mhlw.go.jp/11/index.php?action_kouhyou_detail_004_kani=true&JigyosyoCd=1172501155-00&ServiceCd=780&Type=search", "url2": "http://www.silver-net-bee.com/" }, "geometry": { "type": "Point", "coordinates": [ 139.437373900000011, 35.8031372 ] } },
{ "type": "Feature", "properties": { "内容": "南口パーラー【地域密着型通所介護】埼玉県所沢市小手指町3-11-1小手指南口ビルヂング２F", "url": "https://www.kaigokensaku.mhlw.go.jp/11/index.php?action_kouhyou_detail_004_kani=true&JigyosyoCd=1192500666-00&ServiceCd=780&Type=search", "url2": "https://kaigo21.com/" }, "geometry": { "type": "Point", "coordinates": [ 139.434865, 35.8012996 ] } },
{ "type": "Feature", "properties": { "内容": "早稲田イーライフ狭山ヶ丘【地域密着型通所介護】埼玉県所沢市狭山ヶ丘1-3003-12JUNコート狭山ヶ丘", "url": "https://www.kaigokensaku.mhlw.go.jp/11/index.php?action_kouhyou_detail_004_kani=true&JigyosyoCd=1172504944-00&ServiceCd=780&Type=search", "url2": null }, "geometry": { "type": "Point", "coordinates": [ 139.415278299999954, 35.8100279 ] } },
{ "type": "Feature", "properties": { "内容": "デイサービス彩り【地域密着型通所介護】けやき台1-14-12エコハウスけやき台1F", "url": "https://www.kaigokensaku.mhlw.go.jp/11/index.php?action_kouhyou_detail_004_kani=true&JigyosyoCd=1192500625-00&ServiceCd=780&Type=search", "url2": "https://www.ds-irodori.com/" }, "geometry": { "type": "Point", "coordinates": [ 139.4527728, 35.7979845 ] } },
{ "type": "Feature", "properties": { "内容": "めでぃけあじむこてさし【地域密着型通所介護】小手指町1-16-4　B1", "url": "https://www.kaigokensaku.mhlw.go.jp/11/index.php?action_kouhyou_detail_004_kani=true&JigyosyoCd=1192500732-00&ServiceCd=780&Type=search", "url2": "https://www.medicaregym.com/" }, "geometry": { "type": "Point", "coordinates": [ 139.439412, 35.8020213 ] } },
{ "type": "Feature", "properties": { "内容": "デイサービス　こあはーと【地域密着型通所介護】埼玉県所沢市大字久米1297番地3", "url": "https://www.kaigokensaku.mhlw.go.jp/11/index.php?action_kouhyou_detail_004_kani=true&JigyosyoCd=1192500518-00&ServiceCd=780&Type=search", "url2": "https://agoradream.grupo.jp/" }, "geometry": { "type": "Point", "coordinates": [ 139.460855199999969, 35.782437 ] } },
{ "type": "Feature", "properties": { "内容": "デイサービス所沢けやき【地域密着型通所介護】埼玉県所沢市三ヶ島5-1229-1", "url": "https://www.kaigokensaku.mhlw.go.jp/11/index.php?action_kouhyou_detail_004_kani=true&JigyosyoCd=1172502765-00&ServiceCd=780&Type=search", "url2": "http：//ｗｗｗ.keyaki.or.jp" }, "geometry": { "type": "Point", "coordinates": [ 139.402438599999982, 35.7891105 ] } },
{ "type": "Feature", "properties": { "内容": "デイサービス　ゆらり【地域密着型通所介護】埼玉県所沢市小手指町4-9-19鈴木ビル1F", "url": "https://www.kaigokensaku.mhlw.go.jp/11/index.php?action_kouhyou_detail_004_kani=true&JigyosyoCd=1192500534-00&ServiceCd=780&Type=search", "url2": null }, "geometry": { "type": "Point", "coordinates": [ 139.432394, 35.797813 ] } },
{ "type": "Feature", "properties": { "内容": "デイサービス　あごら【地域密着型通所介護】埼玉県所沢市北秋津650-9", "url": "https://www.kaigokensaku.mhlw.go.jp/11/index.php?action_kouhyou_detail_004_kani=true&JigyosyoCd=1172504696-00&ServiceCd=780&Type=search", "url2": "https://agoradream.grupo.jp/" }, "geometry": { "type": "Point", "coordinates": [ 139.479462399999989, 35.7826494 ] } },
{ "type": "Feature", "properties": { "内容": "一般社団法人　デイサービス木もれび【地域密着型通所介護】埼玉県所沢市和ケ原1丁目3027番地13", "url": "https://www.kaigokensaku.mhlw.go.jp/11/index.php?action_kouhyou_detail_004_kani=true&JigyosyoCd=1172503144-00&ServiceCd=780&Type=search", "url2": null }, "geometry": { "type": "Point", "coordinates": [ 139.412292699999966, 35.8064782 ] } },
{ "type": "Feature", "properties": { "内容": "デイサービスあいほっと。青空館【地域密着型通所介護】山口445-7", "url": "https://www.kaigokensaku.mhlw.go.jp/11/index.php?action_kouhyou_detail_004_kani=true&JigyosyoCd=1172504647-00&ServiceCd=780&Type=search", "url2": null }, "geometry": { "type": "Point", "coordinates": [ 139.4523815, 35.7844816 ] } },
{ "type": "Feature", "properties": { "内容": "デイサービスあいほっと。【地域密着型通所介護】埼玉県所沢市上山口１８４３－２", "url": "https://www.kaigokensaku.mhlw.go.jp/11/index.php?action_kouhyou_detail_004_kani=true&JigyosyoCd=1172503037-00&ServiceCd=780&Type=search", "url2": null }, "geometry": { "type": "Point", "coordinates": [ 139.424001, 35.7742019 ] } },
{ "type": "Feature", "properties": { "内容": "デイサービス街の詩小手指駅南口店【地域密着型通所介護】埼玉県所沢市小手指町３－１７小手指ハイツ西武ショッピングプラザＮ棟", "url": "https://www.kaigokensaku.mhlw.go.jp/11/index.php?action_kouhyou_detail_004_kani=true&JigyosyoCd=1172504159-00&ServiceCd=780&Type=search", "url2": null }, "geometry": { "type": "Point", "coordinates": [ 139.436573081383699, 35.799684097002526 ] } },
{ "type": "Feature", "properties": { "内容": "介護予防デイサービス　お元気倶楽部【地域密着型通所介護】所沢市小手指町４丁目１０番地１０ピュア小手指３号", "url": "https://www.kaigokensaku.mhlw.go.jp/11/index.php?action_kouhyou_detail_004_kani=true&JigyosyoCd=1172504142-00&ServiceCd=780&Type=search", "url2": null }, "geometry": { "type": "Point", "coordinates": [ 139.431513499999937, 35.7965492 ] } },
{ "type": "Feature", "properties": { "内容": "だんらんの家　西所沢【地域密着型通所介護】埼玉県所沢市西所沢1-16-17", "url": "https://www.kaigokensaku.mhlw.go.jp/11/index.php?action_kouhyou_detail_004_kani=true&JigyosyoCd=1192500799-00&ServiceCd=780&Type=search", "url2": null }, "geometry": { "type": "Point", "coordinates": [ 139.456789, 35.7906279 ] } },
{ "type": "Feature", "properties": { "内容": "デイサービス　アリスサロン【地域密着型通所介護】埼玉県所沢市東所沢和田一丁目４６－１９", "url": "https://www.kaigokensaku.mhlw.go.jp/11/index.php?action_kouhyou_detail_004_kani=true&JigyosyoCd=1172504704-00&ServiceCd=780&Type=search", "url2": "http://alice-st.co.jp" }, "geometry": { "type": "Point", "coordinates": [ 139.506254200000058, 35.7904432 ] } },
{ "type": "Feature", "properties": { "内容": "敬愛園【地域密着型通所介護】飯能市芦苅場698-3", "url": "https://www.kaigokensaku.mhlw.go.jp/11/index.php?action_kouhyou_detail_004_kani=true&JigyosyoCd=1172600304-00&ServiceCd=780&Type=search", "url2": "http://www.nagurien.or.jp" }, "geometry": { "type": "Point", "coordinates": [ 139.358100499999978, 35.8663305 ] } },
{ "type": "Feature", "properties": { "内容": "デイサービスセンター太行路【地域密着型通所介護】埼玉県飯能市下名栗460", "url": "https://www.kaigokensaku.mhlw.go.jp/11/index.php?action_kouhyou_detail_004_kani=true&JigyosyoCd=1192600045-00&ServiceCd=780&Type=search", "url2": "http://www.nagurien.ne.jp" }, "geometry": { "type": "Point", "coordinates": [ 139.187271399999986, 35.86994 ] } },
{ "type": "Feature", "properties": { "内容": "デイサービスセンター　あいこう【地域密着型通所介護】埼玉県飯能市新町4-16", "url": "https://www.kaigokensaku.mhlw.go.jp/11/index.php?action_kouhyou_detail_004_kani=true&JigyosyoCd=1172600262-00&ServiceCd=780&Type=search", "url2": "http://www.saipan.or.jp" }, "geometry": { "type": "Point", "coordinates": [ 139.324660834671022, 35.855951946374887 ] } },
{ "type": "Feature", "properties": { "内容": "デイサービスセンターほたる【地域密着型通所介護】埼玉県飯能市赤沢1009番地1", "url": "https://www.kaigokensaku.mhlw.go.jp/11/index.php?action_kouhyou_detail_004_kani=true&JigyosyoCd=1172600890-00&ServiceCd=780&Type=search", "url2": null }, "geometry": { "type": "Point", "coordinates": [ 139.203797308442091, 35.851756069468131 ] } },
{ "type": "Feature", "properties": { "内容": "きらきらデイサービス【地域密着型通所介護】埼玉県飯能市東町　7-1", "url": "https://www.kaigokensaku.mhlw.go.jp/11/index.php?action_kouhyou_detail_004_kani=true&JigyosyoCd=1172600940-00&ServiceCd=780&Type=search", "url2": "http://www.kirakiraday.com" }, "geometry": { "type": "Point", "coordinates": [ 139.321942900000067, 35.8531866 ] } },
{ "type": "Feature", "properties": { "内容": "多機能ホームゆうらくさんち【地域密着型通所介護】埼玉県飯能市美杉台１丁目２１番地１０", "url": "https://www.kaigokensaku.mhlw.go.jp/11/index.php?action_kouhyou_detail_004_kani=true&JigyosyoCd=1172600494-00&ServiceCd=780&Type=search", "url2": "http://www.yuuraku-group.jp/" }, "geometry": { "type": "Point", "coordinates": [ 139.309466599999951, 35.8470147 ] } },
{ "type": "Feature", "properties": { "内容": "デイサービス　カルナ【地域密着型通所介護】埼玉県飯能市中山320-1グランベールタナベ1F", "url": "https://www.kaigokensaku.mhlw.go.jp/11/index.php?action_kouhyou_detail_004_kani=true&JigyosyoCd=1172600866-00&ServiceCd=780&Type=search", "url2": "https://www.carna-kaigo.jp/" }, "geometry": { "type": "Point", "coordinates": [ 139.322583659524526, 35.860017783415607 ] } },
{ "type": "Feature", "properties": { "内容": "早稲田イーライフ加須【地域密着型通所介護】埼玉県加須市向川岸町4-29", "url": "https://www.kaigokensaku.mhlw.go.jp/11/index.php?action_kouhyou_detail_004_kani=true&JigyosyoCd=1193800081-00&ServiceCd=780&Type=search", "url2": null }, "geometry": { "type": "Point", "coordinates": [ 139.599958499999957, 36.1286828 ] } },
{ "type": "Feature", "properties": { "内容": "結　デイサービス【地域密着型通所介護】埼玉県加須市下谷1439", "url": "https://www.kaigokensaku.mhlw.go.jp/11/index.php?action_kouhyou_detail_004_kani=true&JigyosyoCd=1193800123-00&ServiceCd=780&Type=search", "url2": null }, "geometry": { "type": "Point", "coordinates": [ 139.5971863, 36.1460678 ] } },
{ "type": "Feature", "properties": { "内容": "デイサービス未来加須【地域密着型通所介護】埼玉県加須市元町９－１０ー", "url": "https://www.kaigokensaku.mhlw.go.jp/11/index.php?action_kouhyou_detail_004_kani=true&JigyosyoCd=1173801166-00&ServiceCd=780&Type=search", "url2": "http://www.e-kagu.jp/kaigo/kaigo.html" }, "geometry": { "type": "Point", "coordinates": [ 139.602066799999989, 36.1233974 ] } },
{ "type": "Feature", "properties": { "内容": "デイサービスセンターひまわり【地域密着型通所介護】埼玉県加須市向川岸町７－３９", "url": "https://www.kaigokensaku.mhlw.go.jp/11/index.php?action_kouhyou_detail_004_kani=true&JigyosyoCd=1173800549-00&ServiceCd=780&Type=search", "url2": "http://www.i-k-m.com" }, "geometry": { "type": "Point", "coordinates": [ 139.599794699999961, 36.127133 ] } },
{ "type": "Feature", "properties": { "内容": "リハスタジオ花咲【地域密着型通所介護】埼玉県加須市鴻茎6-1", "url": "https://www.kaigokensaku.mhlw.go.jp/11/index.php?action_kouhyou_detail_004_kani=true&JigyosyoCd=1173800945-00&ServiceCd=780&Type=search", "url2": "http://hope-seed.com" }, "geometry": { "type": "Point", "coordinates": [ 139.580210355006443, 36.097177449627885 ] } },
{ "type": "Feature", "properties": { "内容": "デイサービスセンターひばりの里【地域密着型通所介護】埼玉県加須市久下字高畑１６２５番地１", "url": "https://www.kaigokensaku.mhlw.go.jp/11/index.php?action_kouhyou_detail_004_kani=true&JigyosyoCd=1173800499-00&ServiceCd=780&Type=search", "url2": "http://hibarinosato.main.jp/" }, "geometry": { "type": "Point", "coordinates": [ 139.60849630000007, 36.1163061 ] } },
{ "type": "Feature", "properties": { "内容": "デイサービスセンターハーモニー【地域密着型通所介護】埼玉県加須市本町６－３３本町福島クリニック　３階", "url": "https://www.kaigokensaku.mhlw.go.jp/11/index.php?action_kouhyou_detail_004_kani=true&JigyosyoCd=1193800164-00&ServiceCd=780&Type=search", "url2": "fhos.jp" }, "geometry": { "type": "Point", "coordinates": [ 139.601098400000012, 36.1246592 ] } },
{ "type": "Feature", "properties": { "内容": "リハスタジオ・プラス【地域密着型通所介護】埼玉県加須市南町6-15", "url": "https://www.kaigokensaku.mhlw.go.jp/11/index.php?action_kouhyou_detail_004_kani=true&JigyosyoCd=1173801133-00&ServiceCd=780&Type=search", "url2": "www.hope-seed.com" }, "geometry": { "type": "Point", "coordinates": [ 139.601344700000027, 36.119506199999989 ] } },
{ "type": "Feature", "properties": { "内容": "デイサービスレアレアハオラ【地域密着型通所介護】埼玉県加須市東栄二丁目15番60号", "url": "https://www.kaigokensaku.mhlw.go.jp/11/index.php?action_kouhyou_detail_004_kani=true&JigyosyoCd=1193800180-00&ServiceCd=780&Type=search", "url2": "https://lealea-haola.jimdofree.com/" }, "geometry": { "type": "Point", "coordinates": [ 139.609805634894826, 36.122490457591937 ] } },
{ "type": "Feature", "properties": { "内容": "デイサービス　メープル【地域密着型通所介護】埼玉県本庄市日の出二丁目5番8号", "url": "https://www.kaigokensaku.mhlw.go.jp/11/index.php?action_kouhyou_detail_004_kani=true&JigyosyoCd=1174301067-00&ServiceCd=780&Type=search", "url2": null }, "geometry": { "type": "Point", "coordinates": [ 139.199900261901831, 36.235310004571794 ] } },
{ "type": "Feature", "properties": { "内容": "デイサービスセンターゆたか本庄【地域密着型通所介護】埼玉県本庄市前原1丁目12番15号", "url": "https://www.kaigokensaku.mhlw.go.jp/11/index.php?action_kouhyou_detail_004_kani=true&JigyosyoCd=1194300214-00&ServiceCd=780&Type=search", "url2": "https://nh-kokoro.jp/" }, "geometry": { "type": "Point", "coordinates": [ 139.1787727, 36.2399068 ] } },
{ "type": "Feature", "properties": { "内容": "アジアンリゾートスパ　デイサービス　アイル【地域密着型通所介護】埼玉県本庄市本庄2-5-6", "url": "https://www.kaigokensaku.mhlw.go.jp/11/index.php?action_kouhyou_detail_004_kani=true&JigyosyoCd=1174301299-00&ServiceCd=780&Type=search", "url2": null }, "geometry": { "type": "Point", "coordinates": [ 139.19121240000004, 36.2402595 ] } },
{ "type": "Feature", "properties": { "内容": "GENKINEXT本庄けや木【地域密着型通所介護】埼玉県本庄市けや木3-24-27", "url": "https://www.kaigokensaku.mhlw.go.jp/11/index.php?action_kouhyou_detail_004_kani=true&JigyosyoCd=1194300198-00&ServiceCd=780&Type=search", "url2": "https://kaigo-next.com/" }, "geometry": { "type": "Point", "coordinates": [ 139.184558399999986, 36.2278491 ] } },
{ "type": "Feature", "properties": { "内容": "むさしのデイサービスセンター【地域密着型通所介護】埼玉県本庄市児玉町飯倉字上原南166", "url": "https://www.kaigokensaku.mhlw.go.jp/11/index.php?action_kouhyou_detail_004_kani=true&JigyosyoCd=1174200111-00&ServiceCd=780&Type=search", "url2": "https://musashinofukushikai.org/" }, "geometry": { "type": "Point", "coordinates": [ 139.09445519999997, 36.1882708 ] } },
{ "type": "Feature", "properties": { "内容": "のんびり森niko【地域密着型通所介護】埼玉県本庄市日の出3-4-35", "url": "https://www.kaigokensaku.mhlw.go.jp/11/index.php?action_kouhyou_detail_004_kani=true&JigyosyoCd=1194300263-00&ServiceCd=780&Type=search", "url2": "http://ｗｗｗ.nonbirimori.com" }, "geometry": { "type": "Point", "coordinates": [ 139.200668983328256, 36.235893590336069 ] } },
{ "type": "Feature", "properties": { "内容": "GENKINEXT本庄児玉【地域密着型通所介護】埼玉県本庄市児玉町児玉2497-1マエカワビル１階", "url": "https://www.kaigokensaku.mhlw.go.jp/11/index.php?action_kouhyou_detail_004_kani=true&JigyosyoCd=1194300206-00&ServiceCd=780&Type=search", "url2": "https://kaigo-next.com/" }, "geometry": { "type": "Point", "coordinates": [ 139.134998600000017, 36.1924713 ] } },
{ "type": "Feature", "properties": { "内容": "エバー・グリーン介護サービス【地域密着型通所介護】埼玉県本庄市柏1-5-7", "url": "https://www.kaigokensaku.mhlw.go.jp/11/index.php?action_kouhyou_detail_004_kani=true&JigyosyoCd=1194300222-00&ServiceCd=780&Type=search", "url2": "https://kaigoservice.wixsite.com/evergreen" }, "geometry": { "type": "Point", "coordinates": [ 139.17487220000001, 36.23382 ] } },
{ "type": "Feature", "properties": { "内容": "デイサービス縁【地域密着型通所介護】埼玉県本庄市児玉町金屋１４７－１", "url": "https://www.kaigokensaku.mhlw.go.jp/11/index.php?action_kouhyou_detail_004_kani=true&JigyosyoCd=1174301364-00&ServiceCd=780&Type=search", "url2": "https://happy-friends.co.jp/" }, "geometry": { "type": "Point", "coordinates": [ 139.1289041, 36.186994 ] } },
{ "type": "Feature", "properties": { "内容": "デイサービスセンターファミリーエイド【地域密着型通所介護】埼玉県本庄市朝日町3-9-10", "url": "https://www.kaigokensaku.mhlw.go.jp/11/index.php?action_kouhyou_detail_004_kani=true&JigyosyoCd=1174300713-00&ServiceCd=780&Type=search", "url2": null }, "geometry": { "type": "Point", "coordinates": [ 139.19189320000001, 36.2292559 ] } },
{ "type": "Feature", "properties": { "内容": "樹楽　団らんの家　すみれの杜【地域密着型通所介護】埼玉県東松山市元宿1-18-4フクサンビル1F", "url": "https://www.kaigokensaku.mhlw.go.jp/11/index.php?action_kouhyou_detail_004_kani=true&JigyosyoCd=1193300207-00&ServiceCd=780&Type=search", "url2": "https://www.kiraku-ac.com/shisetsu/list/saitama/sumire/" }, "geometry": { "type": "Point", "coordinates": [ 139.3973115, 36.0013459 ] } },
{ "type": "Feature", "properties": { "内容": "GENKINEXT東松山【地域密着型通所介護】埼玉県東松山市箭弓町3-4-1村田ビル1F-101号室", "url": "https://www.kaigokensaku.mhlw.go.jp/11/index.php?action_kouhyou_detail_004_kani=true&JigyosyoCd=1173301035-00&ServiceCd=780&Type=search", "url2": "https://kaigo-next.com/sp/" }, "geometry": { "type": "Point", "coordinates": [ 139.400684700000028, 36.038149900000015 ] } },
{ "type": "Feature", "properties": { "内容": "レッツ倶楽部材木町みなけあ【地域密着型通所介護】埼玉県東松山市材木町１８－2", "url": "https://www.kaigokensaku.mhlw.go.jp/11/index.php?action_kouhyou_detail_004_kani=true&JigyosyoCd=1173301167-00&ServiceCd=780&Type=search", "url2": null }, "geometry": { "type": "Point", "coordinates": [ 139.402693738028688, 36.040065174964909 ] } },
{ "type": "Feature", "properties": { "内容": "みどりの郷あすかデイセンター【地域密着型通所介護】埼玉県東松山市大谷１５３８－１", "url": "https://www.kaigokensaku.mhlw.go.jp/11/index.php?action_kouhyou_detail_004_kani=true&JigyosyoCd=1173300714-00&ServiceCd=780&Type=search", "url2": "http://www.midorinosatoasuka.com/" }, "geometry": { "type": "Point", "coordinates": [ 139.39798559999997, 36.0644629 ] } },
{ "type": "Feature", "properties": { "内容": "デイサービス　リハビリオフィス　康復【地域密着型通所介護】埼玉県東松山市大字石橋1029番地3", "url": "https://www.kaigokensaku.mhlw.go.jp/11/index.php?action_kouhyou_detail_004_kani=true&JigyosyoCd=1173300904-00&ServiceCd=780&Type=search", "url2": null }, "geometry": { "type": "Point", "coordinates": [ 139.382281, 36.026361 ] } },
{ "type": "Feature", "properties": { "内容": "リハビリデイサービスyawaragi【地域密着型通所介護】埼玉県東松山市高坂3-3-13カームハウス松田1階", "url": "https://www.kaigokensaku.mhlw.go.jp/11/index.php?action_kouhyou_detail_004_kani=true&JigyosyoCd=1173300995-00&ServiceCd=780&Type=search", "url2": "https://www.keepfitlife-yawaragi.com/" }, "geometry": { "type": "Point", "coordinates": [ 139.398884044180249, 36.001030662452472 ] } },
{ "type": "Feature", "properties": { "内容": "デイサービスわがまま御茶山【地域密着型通所介護】埼玉県東松山市御茶山町１５番地３", "url": "https://www.kaigokensaku.mhlw.go.jp/11/index.php?action_kouhyou_detail_004_kani=true&JigyosyoCd=1173301118-00&ServiceCd=780&Type=search", "url2": null }, "geometry": { "type": "Point", "coordinates": [ 139.411216700000011, 36.0331828 ] } },
{ "type": "Feature", "properties": { "内容": "レコードブック南桜井【地域密着型通所介護】埼玉県春日部市米島1006‐1", "url": "https://www.kaigokensaku.mhlw.go.jp/11/index.php?action_kouhyou_detail_004_kani=true&JigyosyoCd=1190600450-00&ServiceCd=780&Type=search", "url2": "https://www.recordbook.jp/facility/minamisakurai/" }, "geometry": { "type": "Point", "coordinates": [ 139.8112404, 35.977605 ] } },
{ "type": "Feature", "properties": { "内容": "デイサービス源喜春日部【地域密着型通所介護】樋堀271-1", "url": "https://www.kaigokensaku.mhlw.go.jp/11/index.php?action_kouhyou_detail_004_kani=true&JigyosyoCd=1190600468-00&ServiceCd=780&Type=search", "url2": "https://genki-kaigo.co.jp/" }, "geometry": { "type": "Point", "coordinates": [ 139.765846900000014, 35.9855142 ] } },
{ "type": "Feature", "properties": { "内容": "レコードブック武里【地域密着型通所介護】埼玉県春日部市大場1360－1グランデージ武里103", "url": "https://www.kaigokensaku.mhlw.go.jp/11/index.php?action_kouhyou_detail_004_kani=true&JigyosyoCd=1190600229-00&ServiceCd=780&Type=search", "url2": "https://www.recordbook.jp/facility/takesato/" }, "geometry": { "type": "Point", "coordinates": [ 139.766126500000041, 35.947694200000015 ] } },
{ "type": "Feature", "properties": { "内容": "デイサービスありがとう【地域密着型通所介護】埼玉県春日部市西金野井1822番地2", "url": "https://www.kaigokensaku.mhlw.go.jp/11/index.php?action_kouhyou_detail_004_kani=true&JigyosyoCd=1170602583-00&ServiceCd=780&Type=search", "url2": "kaigo-arigatou.com" }, "geometry": { "type": "Point", "coordinates": [ 139.813431799999989, 35.9869872 ] } },
{ "type": "Feature", "properties": { "内容": "だんらんの家南桜井【地域密着型通所介護】埼玉県春日部市大衾186-17", "url": "https://www.kaigokensaku.mhlw.go.jp/11/index.php?action_kouhyou_detail_004_kani=true&JigyosyoCd=1170602674-00&ServiceCd=780&Type=search", "url2": "http://danrannoie.com/home/minamisakurai.html" }, "geometry": { "type": "Point", "coordinates": [ 139.8017774, 35.9823653 ] } },
{ "type": "Feature", "properties": { "内容": "マインドホーム穂の華ゆりのき店【地域密着型通所介護】豊町4-3-9", "url": "https://www.kaigokensaku.mhlw.go.jp/11/index.php?action_kouhyou_detail_004_kani=true&JigyosyoCd=1170602807-00&ServiceCd=780&Type=search", "url2": null }, "geometry": { "type": "Point", "coordinates": [ 139.342647, 37.9387292 ] } },
{ "type": "Feature", "properties": { "内容": "マインドホーム穂の華　豊町【地域密着型通所介護】春日部市豊町6丁目11番地10号", "url": "https://www.kaigokensaku.mhlw.go.jp/11/index.php?action_kouhyou_detail_004_kani=true&JigyosyoCd=1170602153-00&ServiceCd=780&Type=search", "url2": "http://mindhome.jimdo.com/" }, "geometry": { "type": "Point", "coordinates": [ 139.7380081, 35.9666055 ] } },
{ "type": "Feature", "properties": { "内容": "リハビリ特化型デイサービス　リハビリの羽【地域密着型通所介護】埼玉県春日部市西金野井291-126", "url": "https://www.kaigokensaku.mhlw.go.jp/11/index.php?action_kouhyou_detail_004_kani=true&JigyosyoCd=1190600179-00&ServiceCd=780&Type=search", "url2": "http://sowaka2015.com/" }, "geometry": { "type": "Point", "coordinates": [ 139.807196160910337, 35.985981835833449 ] } },
{ "type": "Feature", "properties": { "内容": "デイサービス　なないろホーム【地域密着型通所介護】埼玉県春日部市金崎454番地5", "url": "https://www.kaigokensaku.mhlw.go.jp/11/index.php?action_kouhyou_detail_004_kani=true&JigyosyoCd=1170602369-00&ServiceCd=780&Type=search", "url2": null }, "geometry": { "type": "Point", "coordinates": [ 139.805290364418056, 35.994773279422461 ] } },
{ "type": "Feature", "properties": { "内容": "フィットネスの羽【地域密着型通所介護】埼玉県春日部市永沼276-1", "url": "https://www.kaigokensaku.mhlw.go.jp/11/index.php?action_kouhyou_detail_004_kani=true&JigyosyoCd=1190600260-00&ServiceCd=780&Type=search", "url2": "http://sowaka2015.com/fitness/index.html" }, "geometry": { "type": "Point", "coordinates": [ 139.790771, 35.9778039 ] } },
{ "type": "Feature", "properties": { "内容": "デイサービスセンターハピエル【地域密着型通所介護】埼玉県春日部市大場249番地4", "url": "https://www.kaigokensaku.mhlw.go.jp/11/index.php?action_kouhyou_detail_004_kani=true&JigyosyoCd=1190600286-00&ServiceCd=780&Type=search", "url2": "https://www.wakuwa-ku.net/" }, "geometry": { "type": "Point", "coordinates": [ 139.764946050926198, 35.950756971733057 ] } },
{ "type": "Feature", "properties": { "内容": "あいむデイサービス春日部【地域密着型通所介護】増富353-7", "url": "https://www.kaigokensaku.mhlw.go.jp/11/index.php?action_kouhyou_detail_004_kani=true&JigyosyoCd=1170602864-00&ServiceCd=780&Type=search", "url2": "http://www.aim-dayservice.com/" }, "geometry": { "type": "Point", "coordinates": [ 139.732761699999969, 35.9619035 ] } },
{ "type": "Feature", "properties": { "内容": "デイサービスグッドラック春日部中央【地域密着型通所介護】春日部市中央３丁目１１番７第18イシモビル", "url": "https://www.kaigokensaku.mhlw.go.jp/11/index.php?action_kouhyou_detail_004_kani=true&JigyosyoCd=1190600328-00&ServiceCd=780&Type=search", "url2": "http://goodluckwell.jp" }, "geometry": { "type": "Point", "coordinates": [ 139.743058899999966, 35.974673099999976 ] } },
{ "type": "Feature", "properties": { "内容": "デイサービス　グッドラック春日部【地域密着型通所介護】埼玉県春日部市中央２丁目２７番１２第９アオイビル", "url": "https://www.kaigokensaku.mhlw.go.jp/11/index.php?action_kouhyou_detail_004_kani=true&JigyosyoCd=1170602898-00&ServiceCd=780&Type=search", "url2": "http://goodluckwell.jp" }, "geometry": { "type": "Point", "coordinates": [ 139.746720699999969, 35.97908630000002 ] } },
{ "type": "Feature", "properties": { "内容": "社会福祉法人平成会しょうぶ苑【地域密着型通所介護】春日部市米崎389番地", "url": "https://www.kaigokensaku.mhlw.go.jp/11/index.php?action_kouhyou_detail_004_kani=true&JigyosyoCd=1190600385-00&ServiceCd=780&Type=search", "url2": null }, "geometry": { "type": "Point", "coordinates": [ 139.801535, 35.9734772 ] } },
{ "type": "Feature", "properties": { "内容": "ご長寿くらぶ春日部一ノ割デイサービスセンター【地域密着型通所介護】南四丁目22-14", "url": "https://www.kaigokensaku.mhlw.go.jp/11/index.php?action_kouhyou_detail_004_kani=true&JigyosyoCd=1170602799-00&ServiceCd=780&Type=search", "url2": null }, "geometry": { "type": "Point", "coordinates": [ 136.239765, 36.057952 ] } },
{ "type": "Feature", "properties": { "内容": "エール【地域密着型通所介護】春日部市米島186番地", "url": "https://www.kaigokensaku.mhlw.go.jp/11/index.php?action_kouhyou_detail_004_kani=true&JigyosyoCd=1176100145-00&ServiceCd=780&Type=search", "url2": null }, "geometry": { "type": "Point", "coordinates": [ 139.805943899999988, 35.9748939 ] } },
{ "type": "Feature", "properties": { "内容": "リハビリデイサービス　Hand's　一ノ割【地域密着型通所介護】埼玉県春日部市一ノ割1-18-17", "url": "https://www.kaigokensaku.mhlw.go.jp/11/index.php?action_kouhyou_detail_004_kani=true&JigyosyoCd=1170602641-00&ServiceCd=780&Type=search", "url2": "http://www.hands-ichinowari.com/" }, "geometry": { "type": "Point", "coordinates": [ 139.766386, 35.9627627 ] } },
{ "type": "Feature", "properties": { "内容": "デイサービスおむすび【地域密着型通所介護】埼玉県春日部市大場207番地", "url": "https://www.kaigokensaku.mhlw.go.jp/11/index.php?action_kouhyou_detail_004_kani=true&JigyosyoCd=1170602534-00&ServiceCd=780&Type=search", "url2": "http://grain-grain.net/omusubi/" }, "geometry": { "type": "Point", "coordinates": [ 139.760617499999967, 35.946616 ] } },
{ "type": "Feature", "properties": { "内容": "デイサービスセンターみやび春日部【地域密着型通所介護】埼玉県春日部市豊町１丁目２－４０", "url": "https://www.kaigokensaku.mhlw.go.jp/11/index.php?action_kouhyou_detail_004_kani=true&JigyosyoCd=1170602294-00&ServiceCd=780&Type=search", "url2": "http://www.cureizu.jp" }, "geometry": { "type": "Point", "coordinates": [ 139.739697836385517, 35.973683011784473 ] } },
{ "type": "Feature", "properties": { "内容": "ヒラックス春日部【地域密着型通所介護】埼玉県春日部市一ノ割１－１１－１", "url": "https://www.kaigokensaku.mhlw.go.jp/11/index.php?action_kouhyou_detail_004_kani=true&JigyosyoCd=1190600476-00&ServiceCd=780&Type=search", "url2": "https://www.sps-kamakura.com/healax-kasukabe" }, "geometry": { "type": "Point", "coordinates": [ 139.7659217, 35.9639765 ] } },
{ "type": "Feature", "properties": { "内容": "GENKINEXT春日部八木崎町【地域密着型通所介護】八木崎町9番地1内藤ビル101号", "url": "https://www.kaigokensaku.mhlw.go.jp/11/index.php?action_kouhyou_detail_004_kani=true&JigyosyoCd=1170603060-00&ServiceCd=780&Type=search", "url2": null }, "geometry": { "type": "Point", "coordinates": [ 139.740232500000047, 35.9783622 ] } },
{ "type": "Feature", "properties": { "内容": "デイサービス　からんこえ【地域密着型通所介護】埼玉県春日部市藤塚2171-1411階", "url": "https://www.kaigokensaku.mhlw.go.jp/11/index.php?action_kouhyou_detail_004_kani=true&JigyosyoCd=1190600310-00&ServiceCd=780&Type=search", "url2": "https://karankoe-service.mystrikingly.com/" }, "geometry": { "type": "Point", "coordinates": [ 139.7812036, 35.968327 ] } },
{ "type": "Feature", "properties": { "内容": "K＆SリハONE合同会社【地域密着型通所介護】埼玉県狭山市大字水野453-1ヒルグランデ101号", "url": "https://www.kaigokensaku.mhlw.go.jp/11/index.php?action_kouhyou_detail_004_kani=true&JigyosyoCd=1192700290-00&ServiceCd=780&Type=search", "url2": null }, "geometry": { "type": "Point", "coordinates": [ 139.4314276, 35.8309229 ] } },
{ "type": "Feature", "properties": { "内容": "ビーナスプラス狭山【地域密着型通所介護】入間川1-7-2シティパル狭山101号室", "url": "https://www.kaigokensaku.mhlw.go.jp/11/index.php?action_kouhyou_detail_004_kani=true&JigyosyoCd=1192700308-00&ServiceCd=780&Type=search", "url2": null }, "geometry": { "type": "Point", "coordinates": [ 139.4108642, 35.8557979 ] } },
{ "type": "Feature", "properties": { "内容": "シニアライフサポートセンター　ディフィットえみあす【地域密着型通所介護】狭山市富士見2丁目21番地27号", "url": "https://www.kaigokensaku.mhlw.go.jp/11/index.php?action_kouhyou_detail_004_kani=true&JigyosyoCd=1172701433-00&ServiceCd=780&Type=search", "url2": "http://www.emius.co.jp" }, "geometry": { "type": "Point", "coordinates": [ 139.421456400000011, 35.8457099 ] } },
{ "type": "Feature", "properties": { "内容": "デイサービスセンター椿・狭山【地域密着型通所介護】埼玉県狭山市入間川1730-1", "url": "https://www.kaigokensaku.mhlw.go.jp/11/index.php?action_kouhyou_detail_004_kani=true&JigyosyoCd=1192700159-00&ServiceCd=780&Type=search", "url2": "http://hp.kaipoke.biz/knc/" }, "geometry": { "type": "Point", "coordinates": [ 139.421204213705636, 35.859897332977603 ] } },
{ "type": "Feature", "properties": { "内容": "フィットリハ陽　富士見【地域密着型通所介護】埼玉県狭山市富士見1-27--18煉瓦館ノイエルンテA号室", "url": "https://www.kaigokensaku.mhlw.go.jp/11/index.php?action_kouhyou_detail_004_kani=true&JigyosyoCd=1192700183-00&ServiceCd=780&Type=search", "url2": "https://sijinkai-you.com/" }, "geometry": { "type": "Point", "coordinates": [ 139.418129599999986, 35.8502034 ] } },
{ "type": "Feature", "properties": { "内容": "アカラリゾート【地域密着型通所介護】埼玉県狭山市富士見1-27-25アマン富士見・1階", "url": "https://www.kaigokensaku.mhlw.go.jp/11/index.php?action_kouhyou_detail_004_kani=true&JigyosyoCd=1172701391-00&ServiceCd=780&Type=search", "url2": "melphis.co.jp" }, "geometry": { "type": "Point", "coordinates": [ 139.417895471163945, 35.850580981146678 ] } },
{ "type": "Feature", "properties": { "内容": "リイフ【地域密着型通所介護】埼玉県狭山市水野1265-10", "url": "https://www.kaigokensaku.mhlw.go.jp/11/index.php?action_kouhyou_detail_004_kani=true&JigyosyoCd=1192700274-00&ServiceCd=780&Type=search", "url2": "https://www.koai.co.jp/reif-kenbikan.html" }, "geometry": { "type": "Point", "coordinates": [ 139.419745799999987, 35.8195782 ] } },
{ "type": "Feature", "properties": { "内容": "だんらんの家狭山【地域密着型通所介護】埼玉県狭山市入間川3丁目8番20号", "url": "https://www.kaigokensaku.mhlw.go.jp/11/index.php?action_kouhyou_detail_004_kani=true&JigyosyoCd=1172701698-00&ServiceCd=780&Type=search", "url2": "http://caretasu.com/A2030?t_shisetsucode=1101847" }, "geometry": { "type": "Point", "coordinates": [ 139.407424699999979, 35.8563901 ] } },
{ "type": "Feature", "properties": { "内容": "ちゃのみサロン【地域密着型通所介護】埼玉県狭山市柏原2699番地2", "url": "https://www.kaigokensaku.mhlw.go.jp/11/index.php?action_kouhyou_detail_004_kani=true&JigyosyoCd=1192700258-00&ServiceCd=780&Type=search", "url2": "https://npo.cha.com" }, "geometry": { "type": "Point", "coordinates": [ 139.405122558995828, 35.871853574554819 ] } },
{ "type": "Feature", "properties": { "内容": "メディカルデイつむぎ【地域密着型通所介護】広瀬2-3-23", "url": "https://www.kaigokensaku.mhlw.go.jp/11/index.php?action_kouhyou_detail_004_kani=true&JigyosyoCd=1192700225-00&ServiceCd=780&Type=search", "url2": "https://syojukai-local-service.jp/tsumugi/" }, "geometry": { "type": "Point", "coordinates": [ 139.472044, 35.886464 ] } },
{ "type": "Feature", "properties": { "内容": "トータルケアサービスいずな【地域密着型通所介護】埼玉県狭山市下奥富７３７－１", "url": "https://www.kaigokensaku.mhlw.go.jp/11/index.php?action_kouhyou_detail_004_kani=true&JigyosyoCd=1172701300-00&ServiceCd=780&Type=search", "url2": "http://saitama-izuna.com/" }, "geometry": { "type": "Point", "coordinates": [ 139.429243700000029, 35.8813248 ] } },
{ "type": "Feature", "properties": { "内容": "デイサービスちゃのみの家【地域密着型通所介護】狭山市柏原２２３０－１", "url": "https://www.kaigokensaku.mhlw.go.jp/11/index.php?action_kouhyou_detail_004_kani=true&JigyosyoCd=1172701243-00&ServiceCd=780&Type=search", "url2": "https://npo-cha.com" }, "geometry": { "type": "Point", "coordinates": [ 139.410434, 35.889092800000014 ] } },
{ "type": "Feature", "properties": { "内容": "デイサービス茶々【地域密着型通所介護】埼玉県狭山市狭山台２－２２－２４", "url": "https://www.kaigokensaku.mhlw.go.jp/11/index.php?action_kouhyou_detail_004_kani=true&JigyosyoCd=1172701060-00&ServiceCd=780&Type=search", "url2": null }, "geometry": { "type": "Point", "coordinates": [ 139.435596900000064, 35.8567474 ] } },
{ "type": "Feature", "properties": { "内容": "雅乃湯あから【地域密着型通所介護】下奥富644", "url": "https://www.kaigokensaku.mhlw.go.jp/11/index.php?action_kouhyou_detail_004_kani=true&JigyosyoCd=1172701821-00&ServiceCd=780&Type=search", "url2": "melphis.co.jp" }, "geometry": { "type": "Point", "coordinates": [ 139.434913812897548, 35.881137603862221 ] } },
{ "type": "Feature", "properties": { "内容": "コンパスウォーク羽生藤井【地域密着型通所介護】埼玉県羽生市藤井上組1341-2", "url": "https://www.kaigokensaku.mhlw.go.jp/11/index.php?action_kouhyou_detail_004_kani=true&JigyosyoCd=1193900139-00&ServiceCd=780&Type=search", "url2": "https://keigo-group.co.jp/shop/saitamaken/15726/" }, "geometry": { "type": "Point", "coordinates": [ 139.5457611, 36.1773219 ] } },
{ "type": "Feature", "properties": { "内容": "笑いデイサービスセンター【地域密着型通所介護】羽生市下新田41-2", "url": "https://www.kaigokensaku.mhlw.go.jp/11/index.php?action_kouhyou_detail_004_kani=true&JigyosyoCd=1173900463-00&ServiceCd=780&Type=search", "url2": "www.npoho-jin.com/" }, "geometry": { "type": "Point", "coordinates": [ 139.512513399999989, 36.1581878 ] } },
{ "type": "Feature", "properties": { "内容": "デイサービス　ニパータ羽生【地域密着型通所介護】埼玉県羽生市東3丁目23番7号", "url": "https://www.kaigokensaku.mhlw.go.jp/11/index.php?action_kouhyou_detail_004_kani=true&JigyosyoCd=1173900604-00&ServiceCd=780&Type=search", "url2": "http:/nipata.com" }, "geometry": { "type": "Point", "coordinates": [ 139.543156299999964, 36.180803 ] } },
{ "type": "Feature", "properties": { "内容": "GENKI　NEXT　イオンモール羽生店【地域密着型通所介護】埼玉県羽生市川崎2-281-3イオンモール羽生1F", "url": "https://www.kaigokensaku.mhlw.go.jp/11/index.php?action_kouhyou_detail_004_kani=true&JigyosyoCd=1173900422-00&ServiceCd=780&Type=search", "url2": "https://kaigo-next.com/sp/search/detail/710/" }, "geometry": { "type": "Point", "coordinates": [ 139.542160599999988, 36.1426659 ] } },
{ "type": "Feature", "properties": { "内容": "デイサービス　ルミエール【地域密着型通所介護】埼玉県羽生市上岩瀬１８０６", "url": "https://www.kaigokensaku.mhlw.go.jp/11/index.php?action_kouhyou_detail_004_kani=true&JigyosyoCd=1173900380-00&ServiceCd=780&Type=search", "url2": "http://www.lumie-re.jp/" }, "geometry": { "type": "Point", "coordinates": [ 139.52305350000006, 36.1639402 ] } },
{ "type": "Feature", "properties": { "内容": "デイサービス未来　南羽生【地域密着型通所介護】埼玉県羽生市南羽生1－15－29", "url": "https://www.kaigokensaku.mhlw.go.jp/11/index.php?action_kouhyou_detail_004_kani=true&JigyosyoCd=1173900588-00&ServiceCd=780&Type=search", "url2": "http://www.e-kagu.jp/kaigo/kaigo.html" }, "geometry": { "type": "Point", "coordinates": [ 139.558951100000058, 36.1504956 ] } },
{ "type": "Feature", "properties": { "内容": "デイサービス未来元町【地域密着型通所介護】埼玉県羽生市南2-4-9", "url": "https://www.kaigokensaku.mhlw.go.jp/11/index.php?action_kouhyou_detail_004_kani=true&JigyosyoCd=1193900121-00&ServiceCd=780&Type=search", "url2": "https://www.mirai-yoshimaru.com/2021/03/29/1344/" }, "geometry": { "type": "Point", "coordinates": [ 139.538663331877132, 36.166043474138235 ] } },
{ "type": "Feature", "properties": { "内容": "デイサービスセンター　リハ・トリム【地域密着型通所介護】埼玉県羽生市南八丁目3番10号", "url": "https://www.kaigokensaku.mhlw.go.jp/11/index.php?action_kouhyou_detail_004_kani=true&JigyosyoCd=1173900620-00&ServiceCd=780&Type=search", "url2": "https://rihatorimu.amebaownd.com" }, "geometry": { "type": "Point", "coordinates": [ 139.53852059999997, 36.165589 ] } },
{ "type": "Feature", "properties": { "内容": "デイサービス井泉【地域密着型通所介護】埼玉県羽生市藤井上組97-2", "url": "https://www.kaigokensaku.mhlw.go.jp/11/index.php?action_kouhyou_detail_004_kani=true&JigyosyoCd=1193900113-00&ServiceCd=780&Type=search", "url2": "http://www.fb-kaigo.co.jp" }, "geometry": { "type": "Point", "coordinates": [ 139.558846300000027, 36.1860446 ] } },
{ "type": "Feature", "properties": { "内容": "デイサービスかんげんどう【地域密着型通所介護】鴻巣市赤見台1-8-7", "url": "https://www.kaigokensaku.mhlw.go.jp/11/index.php?action_kouhyou_detail_004_kani=true&JigyosyoCd=1171700923-00&ServiceCd=780&Type=search", "url2": null }, "geometry": { "type": "Point", "coordinates": [ 139.478721299999961, 36.0843071 ] } },
{ "type": "Feature", "properties": { "内容": "早稲田イーライフ鴻巣【地域密着型通所介護】埼玉県鴻巣市東3-11-7", "url": "https://www.kaigokensaku.mhlw.go.jp/11/index.php?action_kouhyou_detail_004_kani=true&JigyosyoCd=1191700226-00&ServiceCd=780&Type=search", "url2": null }, "geometry": { "type": "Point", "coordinates": [ 139.519966899999986, 36.0652834 ] } },
{ "type": "Feature", "properties": { "内容": "介護予防フィットネスあゆみ鴻巣店【地域密着型通所介護】鴻巣市神明1丁目5-13", "url": "https://www.kaigokensaku.mhlw.go.jp/11/index.php?action_kouhyou_detail_004_kani=true&JigyosyoCd=1171701004-00&ServiceCd=780&Type=search", "url2": "http://y-iqs.com/ayumi/" }, "geometry": { "type": "Point", "coordinates": [ 139.503468800000064, 36.0694908 ] } },
{ "type": "Feature", "properties": { "内容": "リカバリーウォークなでしこ【地域密着型通所介護】埼玉県鴻巣市生出塚2-17-13", "url": "https://www.kaigokensaku.mhlw.go.jp/11/index.php?action_kouhyou_detail_004_kani=true&JigyosyoCd=1191700283-00&ServiceCd=780&Type=search", "url2": null }, "geometry": { "type": "Point", "coordinates": [ 139.5285663, 36.0603619 ] } },
{ "type": "Feature", "properties": { "内容": "デイサービス　ニパータ【地域密着型通所介護】鴻巣市箕田3751番地", "url": "https://www.kaigokensaku.mhlw.go.jp/11/index.php?action_kouhyou_detail_004_kani=true&JigyosyoCd=1171700824-00&ServiceCd=780&Type=search", "url2": "http://nipata.com" }, "geometry": { "type": "Point", "coordinates": [ 139.452819699999964, 36.1106137 ] } },
{ "type": "Feature", "properties": { "内容": "なでしこ365【地域密着型通所介護】埼玉県鴻巣市上谷2231-1", "url": "https://www.kaigokensaku.mhlw.go.jp/11/index.php?action_kouhyou_detail_004_kani=true&JigyosyoCd=1191700291-00&ServiceCd=780&Type=search", "url2": null }, "geometry": { "type": "Point", "coordinates": [ 139.530246799999986, 36.054817 ] } },
{ "type": "Feature", "properties": { "内容": "株式会社　彩香らんど【地域密着型通所介護】埼玉県鴻巣市箕田２７０番１", "url": "https://www.kaigokensaku.mhlw.go.jp/11/index.php?action_kouhyou_detail_004_kani=true&JigyosyoCd=1171700030-00&ServiceCd=780&Type=search", "url2": "https://care-net.biz/11/saikouland/" }, "geometry": { "type": "Point", "coordinates": [ 139.478310500000021, 36.0763832 ] } },
{ "type": "Feature", "properties": { "内容": "社会福祉法人元気村ふきあげ翔裕園デイサービスセンター【地域密着型通所介護】埼玉県鴻巣市北新宿891", "url": "https://www.kaigokensaku.mhlw.go.jp/11/index.php?action_kouhyou_detail_004_kani=true&JigyosyoCd=1191700242-00&ServiceCd=780&Type=search", "url2": "https://www.genkimuragroup.jp/facilitylist/fukiage/" }, "geometry": { "type": "Point", "coordinates": [ 139.4387965, 36.1107977 ] } },
{ "type": "Feature", "properties": { "内容": "あかね雲　吹上苑【地域密着型通所介護】埼玉県鴻巣市吹上本町5-5-2", "url": "https://www.kaigokensaku.mhlw.go.jp/11/index.php?action_kouhyou_detail_004_kani=true&JigyosyoCd=1171700782-00&ServiceCd=780&Type=search", "url2": "http://www.egarite.or.jp" }, "geometry": { "type": "Point", "coordinates": [ 139.449228700000049, 36.1070113 ] } },
{ "type": "Feature", "properties": { "内容": "デイサービスセンター奏明用【地域密着型通所介護】埼玉県鴻巣市明用３７－１", "url": "https://www.kaigokensaku.mhlw.go.jp/11/index.php?action_kouhyou_detail_004_kani=true&JigyosyoCd=1191700275-00&ServiceCd=780&Type=search", "url2": "daykanade-myouyou.com" }, "geometry": { "type": "Point", "coordinates": [ 139.4605133, 36.0959795 ] } },
{ "type": "Feature", "properties": { "内容": "デイサービス未来鴻巣【地域密着型通所介護】埼玉県鴻巣市北根1008番地", "url": "https://www.kaigokensaku.mhlw.go.jp/11/index.php?action_kouhyou_detail_004_kani=true&JigyosyoCd=1171701319-00&ServiceCd=780&Type=search", "url2": null }, "geometry": { "type": "Point", "coordinates": [ 139.528723486368818, 36.109977740641355 ] } },
{ "type": "Feature", "properties": { "内容": "ケア・トレセンター友仁【地域密着型通所介護】国済寺３５８－４", "url": "https://www.kaigokensaku.mhlw.go.jp/11/index.php?action_kouhyou_detail_004_kani=true&JigyosyoCd=1174601979-00&ServiceCd=780&Type=search", "url2": "https://yuujin-web.com/" }, "geometry": { "type": "Point", "coordinates": [ 139.293157599999972, 36.1898586 ] } },
{ "type": "Feature", "properties": { "内容": "デイサービスセンター　ウェルーツひまわり店【地域密着型通所介護】埼玉県深谷市田所町8-21", "url": "https://www.kaigokensaku.mhlw.go.jp/11/index.php?action_kouhyou_detail_004_kani=true&JigyosyoCd=1194600225-00&ServiceCd=780&Type=search", "url2": "http://www.welroots.jp" }, "geometry": { "type": "Point", "coordinates": [ 139.274292100000025, 36.1947271 ] } },
{ "type": "Feature", "properties": { "内容": "デイサービスセンター岡部ぬくもりの里【地域密着型通所介護】深谷市榛沢新田993-1", "url": "https://www.kaigokensaku.mhlw.go.jp/11/index.php?action_kouhyou_detail_004_kani=true&JigyosyoCd=1174600815-00&ServiceCd=780&Type=search", "url2": null }, "geometry": { "type": "Point", "coordinates": [ 139.218076369311547, 36.208359670490957 ] } },
{ "type": "Feature", "properties": { "内容": "デイサービスセンターかがやき【地域密着型通所介護】成塚213番地", "url": "https://www.kaigokensaku.mhlw.go.jp/11/index.php?action_kouhyou_detail_004_kani=true&JigyosyoCd=1194600209-00&ServiceCd=780&Type=search", "url2": "http://kagayaki.yugenkai.or.jp/" }, "geometry": { "type": "Point", "coordinates": [ 139.293413285319502, 36.227010159793714 ] } },
{ "type": "Feature", "properties": { "内容": "デイサービスここいち深谷【地域密着型通所介護】埼玉県深谷市田中743-1サービス付き高齢者向け住宅ここいち深谷", "url": "https://www.kaigokensaku.mhlw.go.jp/11/index.php?action_kouhyou_detail_004_kani=true&JigyosyoCd=1174601920-00&ServiceCd=780&Type=search", "url2": "https://isshin.gr.jp/index.php" }, "geometry": { "type": "Point", "coordinates": [ 139.279129768231201, 36.142676669572275 ] } },
{ "type": "Feature", "properties": { "内容": "デイサービスセンター　ウェルーツ【地域密着型通所介護】埼玉県深谷市上野台3125-9", "url": "https://www.kaigokensaku.mhlw.go.jp/11/index.php?action_kouhyou_detail_004_kani=true&JigyosyoCd=1174601946-00&ServiceCd=780&Type=search", "url2": "http://www.welroots.jp" }, "geometry": { "type": "Point", "coordinates": [ 139.270923300000049, 36.1803674 ] } },
{ "type": "Feature", "properties": { "内容": "介護予防リハセンターはなみずき【地域密着型通所介護】深谷市樫合879-1", "url": "https://www.kaigokensaku.mhlw.go.jp/11/index.php?action_kouhyou_detail_004_kani=true&JigyosyoCd=1174601037-00&ServiceCd=780&Type=search", "url2": null }, "geometry": { "type": "Point", "coordinates": [ 139.2518023, 36.1767176 ] } },
{ "type": "Feature", "properties": { "内容": "デイリハセンター　うちリハ深谷　原郷店【地域密着型通所介護】埼玉県深谷市原郷１９２５－３", "url": "https://www.kaigokensaku.mhlw.go.jp/11/index.php?action_kouhyou_detail_004_kani=true&JigyosyoCd=1174602126-00&ServiceCd=780&Type=search", "url2": "https://waichi-uchiriha.com/" }, "geometry": { "type": "Point", "coordinates": [ 139.308894900000041, 36.1961723 ] } },
{ "type": "Feature", "properties": { "内容": "デイサービスセンターあたたかい手【地域密着型通所介護】埼玉県深谷市今泉593-3", "url": "https://www.kaigokensaku.mhlw.go.jp/11/index.php?action_kouhyou_detail_004_kani=true&JigyosyoCd=1173101377-00&ServiceCd=780&Type=search", "url2": "http://www.atatakaite.net/gaiyo.html" }, "geometry": { "type": "Point", "coordinates": [ 139.210256290262805, 36.183662677216056 ] } },
{ "type": "Feature", "properties": { "内容": "ＧＥＮＫＩ　ＮＥＸＴ深谷【地域密着型通所介護】深谷市宿根1447", "url": "https://www.kaigokensaku.mhlw.go.jp/11/index.php?action_kouhyou_detail_004_kani=true&JigyosyoCd=1174601284-00&ServiceCd=780&Type=search", "url2": null }, "geometry": { "type": "Point", "coordinates": [ 139.261262200000033, 36.1972598 ] } },
{ "type": "Feature", "properties": { "内容": "デイリハセンターうちリハ　岡部店【地域密着型通所介護】埼玉県深谷市本郷77番地2", "url": "https://www.kaigokensaku.mhlw.go.jp/11/index.php?action_kouhyou_detail_004_kani=true&JigyosyoCd=1174601896-00&ServiceCd=780&Type=search", "url2": "https://waichi-uchiriha.com/service/uchiriha/daycare/okabe/" }, "geometry": { "type": "Point", "coordinates": [ 139.2191239, 36.1817209 ] } },
{ "type": "Feature", "properties": { "内容": "ハローステーション【地域密着型通所介護】埼玉県深谷市人見479-1", "url": "https://www.kaigokensaku.mhlw.go.jp/11/index.php?action_kouhyou_detail_004_kani=true&JigyosyoCd=1194600274-00&ServiceCd=780&Type=search", "url2": "http://haro-men.com" }, "geometry": { "type": "Point", "coordinates": [ 139.275416800000016, 36.1743785 ] } },
{ "type": "Feature", "properties": { "内容": "デイリゾートＭＯＭＯＹＡバリ【地域密着型通所介護】埼玉県深谷市萱場394-1", "url": "https://www.kaigokensaku.mhlw.go.jp/11/index.php?action_kouhyou_detail_004_kani=true&JigyosyoCd=1174601623-00&ServiceCd=780&Type=search", "url2": "http://www.momoya-eimi.com/" }, "geometry": { "type": "Point", "coordinates": [ 139.268664700000045, 36.1916967 ] } },
{ "type": "Feature", "properties": { "内容": "デイサービスセンター橙【地域密着型通所介護】埼玉県深谷市深谷414-2", "url": "https://www.kaigokensaku.mhlw.go.jp/11/index.php?action_kouhyou_detail_004_kani=true&JigyosyoCd=1174601466-00&ServiceCd=780&Type=search", "url2": null }, "geometry": { "type": "Point", "coordinates": [ 139.282663700000057, 36.1989324 ] } },
{ "type": "Feature", "properties": { "内容": "深谷南地域福祉事業所デイサービスだんらん上柴【地域密着型通所介護】深谷市上柴町西4-23-8", "url": "https://www.kaigokensaku.mhlw.go.jp/11/index.php?action_kouhyou_detail_004_kani=true&JigyosyoCd=1174600575-00&ServiceCd=780&Type=search", "url2": "http://center.roukyou.gr.jp" }, "geometry": { "type": "Point", "coordinates": [ 139.293244, 36.1796956 ] } },
{ "type": "Feature", "properties": { "内容": "特別養護老人ホーム　飛鳥の郷【地域密着型通所介護】埼玉県深谷市上原496", "url": "https://www.kaigokensaku.mhlw.go.jp/11/index.php?action_kouhyou_detail_004_kani=true&JigyosyoCd=1174501336-00&ServiceCd=780&Type=search", "url2": "http://www.hagukumukai.jp" }, "geometry": { "type": "Point", "coordinates": [ 139.271016700000018, 36.1505958 ] } },
{ "type": "Feature", "properties": { "内容": "健！ＳＴＵＤＩＯ．大塚店【地域密着型通所介護】深谷市大塚189-2", "url": "https://www.kaigokensaku.mhlw.go.jp/11/index.php?action_kouhyou_detail_004_kani=true&JigyosyoCd=1174601490-00&ServiceCd=780&Type=search", "url2": "https://www.nozomikai.jp/dayservice/studio_ootsuka.html" }, "geometry": { "type": "Point", "coordinates": [ 139.27230510000004, 36.2270101 ] } },
{ "type": "Feature", "properties": { "内容": "健STUDIO【地域密着型通所介護】深谷市宿根５４８－２", "url": "https://www.kaigokensaku.mhlw.go.jp/11/index.php?action_kouhyou_detail_004_kani=true&JigyosyoCd=1174601375-00&ServiceCd=780&Type=search", "url2": "https://www.nozomikai.jp" }, "geometry": { "type": "Point", "coordinates": [ 139.263342800000032, 36.1929548 ] } },
{ "type": "Feature", "properties": { "内容": "デイサービスにこにこ【地域密着型通所介護】埼玉県深谷市江原66番地1", "url": "https://www.kaigokensaku.mhlw.go.jp/11/index.php?action_kouhyou_detail_004_kani=true&JigyosyoCd=1174602282-00&ServiceCd=780&Type=search", "url2": null }, "geometry": { "type": "Point", "coordinates": [ 139.3334548, 36.228941 ] } },
{ "type": "Feature", "properties": { "内容": "デイサービスきらら【地域密着型通所介護】埼玉県深谷市上柴町西4-28-11昭和コーポ深谷", "url": "https://www.kaigokensaku.mhlw.go.jp/11/index.php?action_kouhyou_detail_004_kani=true&JigyosyoCd=1174601912-00&ServiceCd=780&Type=search", "url2": null }, "geometry": { "type": "Point", "coordinates": [ 139.296277800000013, 36.1776207 ] } },
{ "type": "Feature", "properties": { "内容": "通所介護事業所　サンライズガーデン【地域密着型通所介護】埼玉県深谷市上手計317-1", "url": "https://www.kaigokensaku.mhlw.go.jp/11/index.php?action_kouhyou_detail_004_kani=true&JigyosyoCd=1174602100-00&ServiceCd=780&Type=search", "url2": "https://www.nozomikai.jp/" }, "geometry": { "type": "Point", "coordinates": [ 139.263197200000036, 36.2310789 ] } },
{ "type": "Feature", "properties": { "内容": "もみリハの家深谷【地域密着型通所介護】埼玉県深谷市天神町4-35", "url": "https://www.kaigokensaku.mhlw.go.jp/11/index.php?action_kouhyou_detail_004_kani=true&JigyosyoCd=1174602209-00&ServiceCd=780&Type=search", "url2": "https://grow-forcekaigo.com/day-service/momiriha-hukaya/" }, "geometry": { "type": "Point", "coordinates": [ 139.290660399999979, 36.1988243 ] } },
{ "type": "Feature", "properties": { "内容": "デイサービス　深谷横丁【地域密着型通所介護】埼玉県深谷市上柴町西6丁目13番地8深谷横丁ビル1F", "url": "https://www.kaigokensaku.mhlw.go.jp/11/index.php?action_kouhyou_detail_004_kani=true&JigyosyoCd=1174601870-00&ServiceCd=780&Type=search", "url2": null }, "geometry": { "type": "Point", "coordinates": [ 139.287539, 36.1792121 ] } },
{ "type": "Feature", "properties": { "内容": "パワーズ村山デイサービス【地域密着型通所介護】埼玉県深谷市西島４丁目４番３３号", "url": "https://www.kaigokensaku.mhlw.go.jp/11/index.php?action_kouhyou_detail_004_kani=true&JigyosyoCd=1174602118-00&ServiceCd=780&Type=search", "url2": null }, "geometry": { "type": "Point", "coordinates": [ 139.278045, 36.1941519 ] } },
{ "type": "Feature", "properties": { "内容": "デイリハセンターうちリハ深谷【地域密着型通所介護】埼玉県深谷市東大沼280-1", "url": "https://www.kaigokensaku.mhlw.go.jp/11/index.php?action_kouhyou_detail_004_kani=true&JigyosyoCd=1174601631-00&ServiceCd=780&Type=search", "url2": "https://waichi-uchiriha.com" }, "geometry": { "type": "Point", "coordinates": [ 139.282899653964563, 36.202477700979777 ] } },
{ "type": "Feature", "properties": { "内容": "デイサービスセンター　コスモス【地域密着型通所介護】埼玉県深谷市岡２５６７－４", "url": "https://www.kaigokensaku.mhlw.go.jp/11/index.php?action_kouhyou_detail_004_kani=true&JigyosyoCd=1174500908-00&ServiceCd=780&Type=search", "url2": null }, "geometry": { "type": "Point", "coordinates": [ 139.23579129999996, 36.2085529 ] } },
{ "type": "Feature", "properties": { "内容": "デイサービス松の家深谷【地域密着型通所介護】埼玉県深谷市上柴町西一丁目2番地32", "url": "https://www.kaigokensaku.mhlw.go.jp/11/index.php?action_kouhyou_detail_004_kani=true&JigyosyoCd=1194600241-00&ServiceCd=780&Type=search", "url2": "http://www.matsunoie.com/fukaya_index.html" }, "geometry": { "type": "Point", "coordinates": [ 139.293810399999984, 36.1880365 ] } },
{ "type": "Feature", "properties": { "内容": "デイリハセンターうちリハ　本畠店【地域密着型通所介護】埼玉県深谷市畠山1815", "url": "https://www.kaigokensaku.mhlw.go.jp/11/index.php?action_kouhyou_detail_004_kani=true&JigyosyoCd=1194600233-00&ServiceCd=780&Type=search", "url2": "waichi.hp.gogo.jp/pc/" }, "geometry": { "type": "Point", "coordinates": [ 139.279362099999958, 36.1254909 ] } },
{ "type": "Feature", "properties": { "内容": "SenileDaySchool　幸齢舎【地域密着型通所介護】埼玉県深谷市上柴町西6-4-4", "url": "https://www.kaigokensaku.mhlw.go.jp/11/index.php?action_kouhyou_detail_004_kani=true&JigyosyoCd=1174601656-00&ServiceCd=780&Type=search", "url2": null }, "geometry": { "type": "Point", "coordinates": [ 139.291694099999972, 36.180617700000013 ] } },
{ "type": "Feature", "properties": { "内容": "レコードブック上尾富士見【地域密着型通所介護】上尾市富士見2-1-19鈴木ビル1Ｆ", "url": "https://www.kaigokensaku.mhlw.go.jp/11/index.php?action_kouhyou_detail_004_kani=true&JigyosyoCd=1191600236-00&ServiceCd=780&Type=search", "url2": "www.recordbook.jp" }, "geometry": { "type": "Point", "coordinates": [ 139.5815566, 35.9693413 ] } },
{ "type": "Feature", "properties": { "内容": "リハビリデイサービスけやき【地域密着型通所介護】埼玉県上尾市大字瓦葺941番地8", "url": "https://www.kaigokensaku.mhlw.go.jp/11/index.php?action_kouhyou_detail_004_kani=true&JigyosyoCd=1171601543-00&ServiceCd=780&Type=search", "url2": null }, "geometry": { "type": "Point", "coordinates": [ 139.635152301852486, 35.96718629197909 ] } },
{ "type": "Feature", "properties": { "内容": "リハビリデイサービスわさんか【地域密着型通所介護】埼玉県上尾市仲町2-6-12フラワーマンション1階", "url": "https://www.kaigokensaku.mhlw.go.jp/11/index.php?action_kouhyou_detail_004_kani=true&JigyosyoCd=1171602053-00&ServiceCd=780&Type=search", "url2": null }, "geometry": { "type": "Point", "coordinates": [ 139.596362595106427, 35.973011713631209 ] } },
{ "type": "Feature", "properties": { "内容": "デイサービスちゃのみ【地域密着型通所介護】埼玉県上尾市原市１１４０－１", "url": "https://www.kaigokensaku.mhlw.go.jp/11/index.php?action_kouhyou_detail_004_kani=true&JigyosyoCd=1171602061-00&ServiceCd=780&Type=search", "url2": "http://npo-cha.com" }, "geometry": { "type": "Point", "coordinates": [ 139.617202923278796, 35.972786312714575 ] } },
{ "type": "Feature", "properties": { "内容": "介護予防フィットネス　あゆみ　上尾店【地域密着型通所介護】埼玉県上尾市二ツ宮９７１－１フォーレストコーポ１Ｆ", "url": "https://www.kaigokensaku.mhlw.go.jp/11/index.php?action_kouhyou_detail_004_kani=true&JigyosyoCd=1171601550-00&ServiceCd=780&Type=search", "url2": "http://y-iqs.com/ayumi/" }, "geometry": { "type": "Point", "coordinates": [ 139.601240700000062, 35.9811748 ] } },
{ "type": "Feature", "properties": { "内容": "いこいハウスあげお東【地域密着型通所介護】埼玉県上尾市平塚852番地2", "url": "https://www.kaigokensaku.mhlw.go.jp/11/index.php?action_kouhyou_detail_004_kani=true&JigyosyoCd=1191600228-00&ServiceCd=780&Type=search", "url2": "http://dayservice-ageo.com/" }, "geometry": { "type": "Point", "coordinates": [ 139.609154247035235, 35.9820734831114 ] } },
{ "type": "Feature", "properties": { "内容": "いこいハウス　ぷらす【地域密着型通所介護】埼玉県上尾市西宮下2-386", "url": "https://www.kaigokensaku.mhlw.go.jp/11/index.php?action_kouhyou_detail_004_kani=true&JigyosyoCd=1191600277-00&ServiceCd=780&Type=search", "url2": "https://dayservice-ageo.com/" }, "geometry": { "type": "Point", "coordinates": [ 139.591201962704417, 35.961820070006446 ] } },
{ "type": "Feature", "properties": { "内容": "いこいハウス　あげお西【地域密着型通所介護】埼玉県上尾市小敷谷2-1日建シェトワ5ビル1階", "url": "https://www.kaigokensaku.mhlw.go.jp/11/index.php?action_kouhyou_detail_004_kani=true&JigyosyoCd=1171602319-00&ServiceCd=780&Type=search", "url2": "https://dayservice-ageo.com/" }, "geometry": { "type": "Point", "coordinates": [ 139.5667793694995, 35.952821186669922 ] } },
{ "type": "Feature", "properties": { "内容": "上尾デイサービスセンター　ルーチェ【地域密着型通所介護】埼玉県上尾市浅間台４－１０－３９", "url": "https://www.kaigokensaku.mhlw.go.jp/11/index.php?action_kouhyou_detail_004_kani=true&JigyosyoCd=1171602376-00&ServiceCd=780&Type=search", "url2": null }, "geometry": { "type": "Point", "coordinates": [ 139.5697367, 35.9792415 ] } },
{ "type": "Feature", "properties": { "内容": "デイサービスあおいそら　上尾新館【地域密着型通所介護】上尾市今泉1-27-6", "url": "https://www.kaigokensaku.mhlw.go.jp/11/index.php?action_kouhyou_detail_004_kani=true&JigyosyoCd=1171601964-00&ServiceCd=780&Type=search", "url2": "https://aoisora-ageo" }, "geometry": { "type": "Point", "coordinates": [ 139.570810700000038, 35.96957 ] } },
{ "type": "Feature", "properties": { "内容": "デイサービスあおいそら【地域密着型通所介護】埼玉県上尾市今泉1-27-6", "url": "https://www.kaigokensaku.mhlw.go.jp/11/index.php?action_kouhyou_detail_004_kani=true&JigyosyoCd=1175200599-00&ServiceCd=780&Type=search", "url2": "https://aoisora-ageo" }, "geometry": { "type": "Point", "coordinates": [ 139.570810700000038, 35.96957 ] } },
{ "type": "Feature", "properties": { "内容": "わかばの樹【地域密着型通所介護】埼玉県上尾市藤波3-308-1", "url": "https://www.kaigokensaku.mhlw.go.jp/11/index.php?action_kouhyou_detail_004_kani=true&JigyosyoCd=1171600982-00&ServiceCd=780&Type=search", "url2": "https://www.yamahirogroup.co.jp" }, "geometry": { "type": "Point", "coordinates": [ 139.551353400000039, 35.991020099999986 ] } },
{ "type": "Feature", "properties": { "内容": "デイサービスここいち上尾【地域密着型通所介護】埼玉県上尾市本町4-8-19", "url": "https://www.kaigokensaku.mhlw.go.jp/11/index.php?action_kouhyou_detail_004_kani=true&JigyosyoCd=1171601840-00&ServiceCd=780&Type=search", "url2": "https://isshin.gr.jp/index.php" }, "geometry": { "type": "Point", "coordinates": [ 139.595895228241034, 35.980890411106216 ] } },
{ "type": "Feature", "properties": { "内容": "リハビリデイサービスnagomi上尾店【地域密着型通所介護】埼玉県上尾市二ツ宮755-19", "url": "https://www.kaigokensaku.mhlw.go.jp/11/index.php?action_kouhyou_detail_004_kani=true&JigyosyoCd=1171601535-00&ServiceCd=780&Type=search", "url2": "http://www.my-nagomi.com" }, "geometry": { "type": "Point", "coordinates": [ 139.5981716, 35.9796721 ] } },
{ "type": "Feature", "properties": { "内容": "だんらんの家　五番町【地域密着型通所介護】埼玉県上尾市五番町23-33", "url": "https://www.kaigokensaku.mhlw.go.jp/11/index.php?action_kouhyou_detail_004_kani=true&JigyosyoCd=1191600202-00&ServiceCd=780&Type=search", "url2": "https://danrannoie.com/archives/1741" }, "geometry": { "type": "Point", "coordinates": [ 139.620804441664177, 35.9646208907565 ] } },
{ "type": "Feature", "properties": { "内容": "Hygge　千寿【地域密着型通所介護】中分1-17-19", "url": "https://www.kaigokensaku.mhlw.go.jp/11/index.php?action_kouhyou_detail_004_kani=true&JigyosyoCd=1191600269-00&ServiceCd=780&Type=search", "url2": "https://sakuraoad.com/hygge-senjyu/" }, "geometry": { "type": "Point", "coordinates": [ 139.558573300000035, 35.9700629 ] } },
{ "type": "Feature", "properties": { "内容": "ケアサポートあげお【地域密着型通所介護】埼玉県上尾市原市１２７４番地１", "url": "https://www.kaigokensaku.mhlw.go.jp/11/index.php?action_kouhyou_detail_004_kani=true&JigyosyoCd=1171600701-00&ServiceCd=780&Type=search", "url2": "http://www.care-support.biz/" }, "geometry": { "type": "Point", "coordinates": [ 139.613087299999961, 35.9745258 ] } },
{ "type": "Feature", "properties": { "内容": "レッツ倶楽部上尾原市【地域密着型通所介護】埼玉県上尾市原市315番地", "url": "https://www.kaigokensaku.mhlw.go.jp/11/index.php?action_kouhyou_detail_004_kani=true&JigyosyoCd=1171601741-00&ServiceCd=780&Type=search", "url2": "https://www.lets-club.jp/shop/ageoharaichi/" }, "geometry": { "type": "Point", "coordinates": [ 139.625145, 35.958448300000015 ] } },
{ "type": "Feature", "properties": { "内容": "コープみらい上尾デイサービスセンター【地域密着型通所介護】上尾市二ツ宮920-1", "url": "https://www.kaigokensaku.mhlw.go.jp/11/index.php?action_kouhyou_detail_004_kani=true&JigyosyoCd=1171601923-00&ServiceCd=780&Type=search", "url2": "http://mirai.coopnet.or.jp/" }, "geometry": { "type": "Point", "coordinates": [ 139.604544081581139, 35.980838770642322 ] } },
{ "type": "Feature", "properties": { "内容": "アクティブ・キッチン一歩【地域密着型通所介護】原市1422", "url": "https://www.kaigokensaku.mhlw.go.jp/11/index.php?action_kouhyou_detail_004_kani=true&JigyosyoCd=1191600210-00&ServiceCd=780&Type=search", "url2": null }, "geometry": { "type": "Point", "coordinates": [ 139.606057, 35.9820192 ] } },
{ "type": "Feature", "properties": { "内容": "デイサービスセンターシエロ草加【地域密着型通所介護】埼玉県草加市八幡町701－3", "url": "https://www.kaigokensaku.mhlw.go.jp/11/index.php?action_kouhyou_detail_004_kani=true&JigyosyoCd=1171802521-00&ServiceCd=780&Type=search", "url2": "http://www.cielo.jp.net" }, "geometry": { "type": "Point", "coordinates": [ 139.804834799999981, 35.854278200000024 ] } },
{ "type": "Feature", "properties": { "内容": "樹楽　草加八幡【地域密着型通所介護】埼玉県草加市八幡町257-1", "url": "https://www.kaigokensaku.mhlw.go.jp/11/index.php?action_kouhyou_detail_004_kani=true&JigyosyoCd=1191800497-00&ServiceCd=780&Type=search", "url2": "https://www.shinshinn.net/" }, "geometry": { "type": "Point", "coordinates": [ 139.8147845, 35.8495178 ] } },
{ "type": "Feature", "properties": { "内容": "レコードブック草加東【地域密着型通所介護】埼玉県草加市松江6丁目5-7", "url": "https://www.kaigokensaku.mhlw.go.jp/11/index.php?action_kouhyou_detail_004_kani=true&JigyosyoCd=1191800323-00&ServiceCd=780&Type=search", "url2": "www.recordbook.jp/facility/soukahigashi/" }, "geometry": { "type": "Point", "coordinates": [ 139.819689366270495, 35.837423237197903 ] } },
{ "type": "Feature", "properties": { "内容": "デイサービス・ホノホノ【地域密着型通所介護】谷塚1-20-27大道ビル1階", "url": "https://www.kaigokensaku.mhlw.go.jp/11/index.php?action_kouhyou_detail_004_kani=true&JigyosyoCd=1191800406-00&ServiceCd=780&Type=search", "url2": null }, "geometry": { "type": "Point", "coordinates": [ 139.802389799999986, 35.8114977 ] } },
{ "type": "Feature", "properties": { "内容": "ｆｕｒｅａｉ草加店【地域密着型通所介護】埼玉県草加市旭町6-1-17プランタン88　1階", "url": "https://www.kaigokensaku.mhlw.go.jp/11/index.php?action_kouhyou_detail_004_kani=true&JigyosyoCd=1191800463-00&ServiceCd=780&Type=search", "url2": null }, "geometry": { "type": "Point", "coordinates": [ 139.794886100000014, 35.85060390000001 ] } },
{ "type": "Feature", "properties": { "内容": "リハビリデイサービス　グット・ワン青柳【地域密着型通所介護】埼玉県草加市青柳8-2-5", "url": "https://www.kaigokensaku.mhlw.go.jp/11/index.php?action_kouhyou_detail_004_kani=true&JigyosyoCd=1191800257-00&ServiceCd=780&Type=search", "url2": null }, "geometry": { "type": "Point", "coordinates": [ 139.81568649999997, 35.8570696 ] } },
{ "type": "Feature", "properties": { "内容": "リハビリデイサービス　グット・ワン【地域密着型通所介護】埼玉県草加市稲荷１－５－２９", "url": "https://www.kaigokensaku.mhlw.go.jp/11/index.php?action_kouhyou_detail_004_kani=true&JigyosyoCd=1171802455-00&ServiceCd=780&Type=search", "url2": "http://www.ensen-ado.com/goodone/" }, "geometry": { "type": "Point", "coordinates": [ 139.811046606082186, 35.832174443440927 ] } },
{ "type": "Feature", "properties": { "内容": "リハビリデイサービス　グット・ワン金明【地域密着型通所介護】埼玉県草加市金明町1265－1", "url": "https://www.kaigokensaku.mhlw.go.jp/11/index.php?action_kouhyou_detail_004_kani=true&JigyosyoCd=1191800471-00&ServiceCd=780&Type=search", "url2": "https://www.ensen-ado.com/goodone-kinmei/" }, "geometry": { "type": "Point", "coordinates": [ 139.785813945414276, 35.860074764181391 ] } },
{ "type": "Feature", "properties": { "内容": "（株）輝縁　デイサービスいにしえの里　縁【地域密着型通所介護】瀬崎3-24-31パーム谷塚１０２", "url": "https://www.kaigokensaku.mhlw.go.jp/11/index.php?action_kouhyou_detail_004_kani=true&JigyosyoCd=1171802430-00&ServiceCd=780&Type=search", "url2": null }, "geometry": { "type": "Point", "coordinates": [ 139.8073329, 35.8110895 ] } },
{ "type": "Feature", "properties": { "内容": "リハビリ特化型デイサービス　ベストワンFUN【地域密着型通所介護】草加市花栗4-16-38", "url": "https://www.kaigokensaku.mhlw.go.jp/11/index.php?action_kouhyou_detail_004_kani=true&JigyosyoCd=1191800455-00&ServiceCd=780&Type=search", "url2": "https://bestone-fun.com/" }, "geometry": { "type": "Point", "coordinates": [ 139.791940003704838, 35.839623579501605 ] } },
{ "type": "Feature", "properties": { "内容": "レコードブック草加西【地域密着型通所介護】埼玉県草加市松原5-7-2パイナリースカイハイツ1-B", "url": "https://www.kaigokensaku.mhlw.go.jp/11/index.php?action_kouhyou_detail_004_kani=true&JigyosyoCd=1191800422-00&ServiceCd=780&Type=search", "url2": "https://www.recordbook.jp/facility/soukanishi/" }, "geometry": { "type": "Point", "coordinates": [ 139.794163, 35.844939 ] } },
{ "type": "Feature", "properties": { "内容": "リハビリ特化型デイサービス　オリオン【地域密着型通所介護】金明町40-1エクセル山一　１F", "url": "https://www.kaigokensaku.mhlw.go.jp/11/index.php?action_kouhyou_detail_004_kani=true&JigyosyoCd=1171802497-00&ServiceCd=780&Type=search", "url2": null }, "geometry": { "type": "Point", "coordinates": [ 139.7985869, 35.8555846 ] } },
{ "type": "Feature", "properties": { "内容": "デイサービスハナミズキ【地域密着型通所介護】埼玉県草加市青柳6-32-22", "url": "https://www.kaigokensaku.mhlw.go.jp/11/index.php?action_kouhyou_detail_004_kani=true&JigyosyoCd=1171801481-00&ServiceCd=780&Type=search", "url2": "ハナミズキ介護サービス" }, "geometry": { "type": "Point", "coordinates": [ 139.823899799999907, 35.8530537 ] } },
{ "type": "Feature", "properties": { "内容": "だんらんの家　草加谷塚【地域密着型通所介護】埼玉県草加市谷塚2-9-22", "url": "https://www.kaigokensaku.mhlw.go.jp/11/index.php?action_kouhyou_detail_004_kani=true&JigyosyoCd=1191800331-00&ServiceCd=780&Type=search", "url2": null }, "geometry": { "type": "Point", "coordinates": [ 139.7976436500945, 35.808966558671166 ] } },
{ "type": "Feature", "properties": { "内容": "デイサービスセンター言葉の森【地域密着型通所介護】埼玉県越谷市宮本町３丁目６３番地１", "url": "https://www.kaigokensaku.mhlw.go.jp/11/index.php?action_kouhyou_detail_004_kani=true&JigyosyoCd=1190800928-00&ServiceCd=780&Type=search", "url2": "https://ishizue-group.co.jp/" }, "geometry": { "type": "Point", "coordinates": [ 139.776687274868806, 35.890664840867679 ] } },
{ "type": "Feature", "properties": { "内容": "お泊りデイサービス越谷【地域密着型通所介護】埼玉県越谷市弥栄町3-43-196", "url": "https://www.kaigokensaku.mhlw.go.jp/11/index.php?action_kouhyou_detail_004_kani=true&JigyosyoCd=1190800803-00&ServiceCd=780&Type=search", "url2": null }, "geometry": { "type": "Point", "coordinates": [ 139.7954255, 35.9210324 ] } },
{ "type": "Feature", "properties": { "内容": "樹楽　北越谷【地域密着型通所介護】埼玉県越谷市大沢3406-5", "url": "https://www.kaigokensaku.mhlw.go.jp/11/index.php?action_kouhyou_detail_004_kani=true&JigyosyoCd=1190800555-00&ServiceCd=780&Type=search", "url2": "http://www.kiraku-ac.com/shisetsu/home/saitama/kitakoshigaya.php" }, "geometry": { "type": "Point", "coordinates": [ 139.788582, 35.9033128 ] } },
{ "type": "Feature", "properties": { "内容": "デイサービスそら大袋【地域密着型通所介護】埼玉県越谷市袋山１４０２－１", "url": "https://www.kaigokensaku.mhlw.go.jp/11/index.php?action_kouhyou_detail_004_kani=true&JigyosyoCd=1170802738-00&ServiceCd=780&Type=search", "url2": null }, "geometry": { "type": "Point", "coordinates": [ 139.776165, 35.9234036 ] } },
{ "type": "Feature", "properties": { "内容": "あおぞら整骨院デイサービス【地域密着型通所介護】埼玉県越谷市千間台東１－１５－５コムフラット１Ｆ", "url": "https://www.kaigokensaku.mhlw.go.jp/11/index.php?action_kouhyou_detail_004_kani=true&JigyosyoCd=1170802993-00&ServiceCd=780&Type=search", "url2": "https://life-asaozora.wixsite.com/aozora-seikotsuin-da" }, "geometry": { "type": "Point", "coordinates": [ 139.7773975, 35.9345074 ] } },
{ "type": "Feature", "properties": { "内容": "地域密着型通所介護　デイサービス里仁【地域密着型通所介護】埼玉県越谷市七左町４－１００－４", "url": "https://www.kaigokensaku.mhlw.go.jp/11/index.php?action_kouhyou_detail_004_kani=true&JigyosyoCd=1170801714-00&ServiceCd=780&Type=search", "url2": "https://shuhokai.jp" }, "geometry": { "type": "Point", "coordinates": [ 139.7714329, 35.8725326 ] } },
{ "type": "Feature", "properties": { "内容": "リハプライド・越谷駅前【地域密着型通所介護】埼玉県越谷市越ヶ谷本町5-23", "url": "https://www.kaigokensaku.mhlw.go.jp/11/index.php?action_kouhyou_detail_004_kani=true&JigyosyoCd=1170803140-00&ServiceCd=780&Type=search", "url2": "http://rehapride.co.jp/kousagien/" }, "geometry": { "type": "Point", "coordinates": [ 139.783472762044852, 35.894823483106734 ] } },
{ "type": "Feature", "properties": { "内容": "デイサービス　さんすまいる【地域密着型通所介護】埼玉県越谷市蒲生茜町１１－６スカーラ105", "url": "https://www.kaigokensaku.mhlw.go.jp/11/index.php?action_kouhyou_detail_004_kani=true&JigyosyoCd=1170802787-00&ServiceCd=780&Type=search", "url2": "http://sansumairu-corp.hp.gogo.jp/pc/" }, "geometry": { "type": "Point", "coordinates": [ 139.790476829499767, 35.867604718992197 ] } },
{ "type": "Feature", "properties": { "内容": "イオンスマイル北越谷店【地域密着型通所介護】埼玉県越谷市大林384-1", "url": "https://www.kaigokensaku.mhlw.go.jp/11/index.php?action_kouhyou_detail_004_kani=true&JigyosyoCd=1190800464-00&ServiceCd=780&Type=search", "url2": "https://www.aeonretail.jp/aeonsmile/" }, "geometry": { "type": "Point", "coordinates": [ 139.778461, 35.9143046 ] } },
{ "type": "Feature", "properties": { "内容": "デイサービスそら新川【地域密着型通所介護】埼玉県越谷市新川1-217-2", "url": "https://www.kaigokensaku.mhlw.go.jp/11/index.php?action_kouhyou_detail_004_kani=true&JigyosyoCd=1190800647-00&ServiceCd=780&Type=search", "url2": "https://nr-service.jp" }, "geometry": { "type": "Point", "coordinates": [ 139.759677399999987, 35.8736792 ] } },
{ "type": "Feature", "properties": { "内容": "さわやかサロン【地域密着型通所介護】埼玉県越谷市東越谷8-20-6", "url": "https://www.kaigokensaku.mhlw.go.jp/11/index.php?action_kouhyou_detail_004_kani=true&JigyosyoCd=1170803082-00&ServiceCd=780&Type=search", "url2": "https://kishinkai.or.jp" }, "geometry": { "type": "Point", "coordinates": [ 139.805925099999968, 35.8949977 ] } },
{ "type": "Feature", "properties": { "内容": "コミュニティ・ライフ越谷【地域密着型通所介護】埼玉県越谷市相模町1-93-1", "url": "https://www.kaigokensaku.mhlw.go.jp/11/index.php?action_kouhyou_detail_004_kani=true&JigyosyoCd=1190800381-00&ServiceCd=780&Type=search", "url2": "https://www.active-senior-lab.com/" }, "geometry": { "type": "Point", "coordinates": [ 139.801899215344292, 35.885538053282154 ] } },
{ "type": "Feature", "properties": { "内容": "越谷デイサービス151A【地域密着型通所介護】埼玉県越谷市川柳町2-164-2", "url": "https://www.kaigokensaku.mhlw.go.jp/11/index.php?action_kouhyou_detail_004_kani=true&JigyosyoCd=1190800860-00&ServiceCd=780&Type=search", "url2": "http://www/ukoukoyao.com/" }, "geometry": { "type": "Point", "coordinates": [ 139.8261182, 35.8989563 ] } },
{ "type": "Feature", "properties": { "内容": "デイサービスセンターシエロ　新越谷【地域密着型通所介護】埼玉県越谷市南越谷３－３－５", "url": "https://www.kaigokensaku.mhlw.go.jp/11/index.php?action_kouhyou_detail_004_kani=true&JigyosyoCd=1170803330-00&ServiceCd=780&Type=search", "url2": "http://cielo.jp.net/" }, "geometry": { "type": "Point", "coordinates": [ 139.788227199999938, 35.8796496 ] } },
{ "type": "Feature", "properties": { "内容": "デイサービス　ななみ【地域密着型通所介護】埼玉県越谷市大林588-2", "url": "https://www.kaigokensaku.mhlw.go.jp/11/index.php?action_kouhyou_detail_004_kani=true&JigyosyoCd=1170601387-00&ServiceCd=780&Type=search", "url2": null }, "geometry": { "type": "Point", "coordinates": [ 139.7882177, 35.9171193 ] } },
{ "type": "Feature", "properties": { "内容": "デイサービスセンターらいふリハ大沢【地域密着型通所介護】埼玉県越谷市大沢3-28-1", "url": "https://www.kaigokensaku.mhlw.go.jp/11/index.php?action_kouhyou_detail_004_kani=true&JigyosyoCd=1170802746-00&ServiceCd=780&Type=search", "url2": "ds-rehaoosawa@kouboukai.com" }, "geometry": { "type": "Point", "coordinates": [ 139.785798800000066, 35.9038209 ] } },
{ "type": "Feature", "properties": { "内容": "デイ運動センター　笑顔の家【地域密着型通所介護】大字大道621番地", "url": "https://www.kaigokensaku.mhlw.go.jp/11/index.php?action_kouhyou_detail_004_kani=true&JigyosyoCd=1190800886-00&ServiceCd=780&Type=search", "url2": null }, "geometry": { "type": "Point", "coordinates": [ 139.761374499999988, 35.9213566 ] } },
{ "type": "Feature", "properties": { "内容": "早稲田イーライフ越谷大袋【地域密着型通所介護】下間久里290-2プレジデント深田Ⅰ-101", "url": "https://www.kaigokensaku.mhlw.go.jp/11/index.php?action_kouhyou_detail_004_kani=true&JigyosyoCd=1190800548-00&ServiceCd=780&Type=search", "url2": null }, "geometry": { "type": "Point", "coordinates": [ 139.7879974, 35.9249373 ] } },
{ "type": "Feature", "properties": { "内容": "デイサービスそら　北越谷【地域密着型通所介護】神明町2-181-6", "url": "https://www.kaigokensaku.mhlw.go.jp/11/index.php?action_kouhyou_detail_004_kani=true&JigyosyoCd=1170803249-00&ServiceCd=780&Type=search", "url2": "https://nr-service.jp" }, "geometry": { "type": "Point", "coordinates": [ 139.771036399999957, 35.89916 ] } },
{ "type": "Feature", "properties": { "内容": "ＧＥＮＫＩＮＥＸＴ北越谷【地域密着型通所介護】越谷市大沢4丁目6番24号三貴ビル1Ｆ", "url": "https://www.kaigokensaku.mhlw.go.jp/11/index.php?action_kouhyou_detail_004_kani=true&JigyosyoCd=1170802696-00&ServiceCd=780&Type=search", "url2": null }, "geometry": { "type": "Point", "coordinates": [ 139.784104226983573, 35.897797272388445 ] } },
{ "type": "Feature", "properties": { "内容": "リハビリ特化型デイサービスリアン【地域密着型通所介護】千間台東3-19-7", "url": "https://www.kaigokensaku.mhlw.go.jp/11/index.php?action_kouhyou_detail_004_kani=true&JigyosyoCd=1190800480-00&ServiceCd=780&Type=search", "url2": "https://www.ripple-c.jp/" }, "geometry": { "type": "Point", "coordinates": [ 139.780000100000052, 35.9337938 ] } },
{ "type": "Feature", "properties": { "内容": "ＧＥＮＫＩＮＥＸＴ越谷千間台東【地域密着型通所介護】埼玉県越谷市千間台東2－6－12ビスカ１－Ｂ", "url": "https://www.kaigokensaku.mhlw.go.jp/11/index.php?action_kouhyou_detail_004_kani=true&JigyosyoCd=1170802118-00&ServiceCd=780&Type=search", "url2": "http://kaigonext.jimdo.com/" }, "geometry": { "type": "Point", "coordinates": [ 139.779944128478633, 35.936031364944483 ] } },
{ "type": "Feature", "properties": { "内容": "デイサービス純誠会こしがや【地域密着型通所介護】越谷市東大沢４－１３－３", "url": "https://www.kaigokensaku.mhlw.go.jp/11/index.php?action_kouhyou_detail_004_kani=true&JigyosyoCd=1170802043-00&ServiceCd=780&Type=search", "url2": "http://junseikai.com" }, "geometry": { "type": "Point", "coordinates": [ 139.792956099999969, 35.9107673 ] } },
{ "type": "Feature", "properties": { "内容": "レコードブック南越谷【地域密着型通所介護】埼玉県越谷市南町3-9-20ペンキャビンマンション1F", "url": "https://www.kaigokensaku.mhlw.go.jp/11/index.php?action_kouhyou_detail_004_kani=true&JigyosyoCd=1190800506-00&ServiceCd=780&Type=search", "url2": "https://www.recordbook.jp" }, "geometry": { "type": "Point", "coordinates": [ 139.805854400000044, 35.8603577 ] } },
{ "type": "Feature", "properties": { "内容": "小規模デイサービス四季　北越谷事業所【地域密着型通所介護】大沢1519-4", "url": "https://www.kaigokensaku.mhlw.go.jp/11/index.php?action_kouhyou_detail_004_kani=true&JigyosyoCd=1190800936-00&ServiceCd=780&Type=search", "url2": "www.kaigo-shiki.com" }, "geometry": { "type": "Point", "coordinates": [ 139.78779560000001, 35.9141949 ] } },
{ "type": "Feature", "properties": { "内容": "けあらーず越谷指定通所介護事業所【地域密着型通所介護】埼玉県越谷市東越谷九丁目29番地5", "url": "https://www.kaigokensaku.mhlw.go.jp/11/index.php?action_kouhyou_detail_004_kani=true&JigyosyoCd=1170802290-00&ServiceCd=780&Type=search", "url2": "https://www.seramu.com/" }, "geometry": { "type": "Point", "coordinates": [ 139.808416099999988, 35.8955568 ] } },
{ "type": "Feature", "properties": { "内容": "あさひリハビリデイサービス【地域密着型通所介護】埼玉県越谷市東越谷10-23-1", "url": "https://www.kaigokensaku.mhlw.go.jp/11/index.php?action_kouhyou_detail_004_kani=true&JigyosyoCd=1170802431-00&ServiceCd=780&Type=search", "url2": null }, "geometry": { "type": "Point", "coordinates": [ 139.804897200000028, 35.901205199999985 ] } },
{ "type": "Feature", "properties": { "内容": "にこにこリハビリデイサービス【地域密着型通所介護】埼玉県越谷市相模町3-105-1", "url": "https://www.kaigokensaku.mhlw.go.jp/11/index.php?action_kouhyou_detail_004_kani=true&JigyosyoCd=1190800357-00&ServiceCd=780&Type=search", "url2": "http://nikoniko-riha.jimdo.jp/" }, "geometry": { "type": "Point", "coordinates": [ 139.809036099999958, 35.889168 ] } },
{ "type": "Feature", "properties": { "内容": "地域密着型通所介護はぁべすと【地域密着型通所介護】埼玉県越谷市赤山町1-57-1Aテック秋山ビルNo.3", "url": "https://www.kaigokensaku.mhlw.go.jp/11/index.php?action_kouhyou_detail_004_kani=true&JigyosyoCd=1190800795-00&ServiceCd=780&Type=search", "url2": null }, "geometry": { "type": "Point", "coordinates": [ 139.784269237434387, 35.888239930240559 ] } },
{ "type": "Feature", "properties": { "内容": "リハてらす越谷【地域密着型通所介護】花田７丁目10-1", "url": "https://www.kaigokensaku.mhlw.go.jp/11/index.php?action_kouhyou_detail_004_kani=true&JigyosyoCd=1190800365-00&ServiceCd=780&Type=search", "url2": "https://sprise.co.jp/" }, "geometry": { "type": "Point", "coordinates": [ 139.80624610000001, 35.9032615 ] } },
{ "type": "Feature", "properties": { "内容": "リハてらす花田苑【地域密着型通所介護】埼玉県越谷市花田6－4－10", "url": "https://www.kaigokensaku.mhlw.go.jp/11/index.php?action_kouhyou_detail_004_kani=true&JigyosyoCd=1190800563-00&ServiceCd=780&Type=search", "url2": "http://sprise.co.jp/" }, "geometry": { "type": "Point", "coordinates": [ 139.803605599999941, 35.9032049 ] } },
{ "type": "Feature", "properties": { "内容": "スマイルリハビリデイサービス【地域密着型通所介護】越谷市越ヶ谷2649", "url": "https://www.kaigokensaku.mhlw.go.jp/11/index.php?action_kouhyou_detail_004_kani=true&JigyosyoCd=1170802019-00&ServiceCd=780&Type=search", "url2": null }, "geometry": { "type": "Point", "coordinates": [ 139.792292699999962, 35.90416 ] } },
{ "type": "Feature", "properties": { "内容": "お泊りデイサービス　プエンテ【地域密着型通所介護】埼玉県越谷市東越谷２－１２－１ムラヤマビル1階A-1", "url": "https://www.kaigokensaku.mhlw.go.jp/11/index.php?action_kouhyou_detail_004_kani=true&JigyosyoCd=1190800811-00&ServiceCd=780&Type=search", "url2": null }, "geometry": { "type": "Point", "coordinates": [ 139.798462, 35.8906155 ] } },
{ "type": "Feature", "properties": { "内容": "有限会社若接骨院福祉サービス【地域密着型通所介護】袋山1320-3", "url": "https://www.kaigokensaku.mhlw.go.jp/11/index.php?action_kouhyou_detail_004_kani=true&JigyosyoCd=1170803074-00&ServiceCd=780&Type=search", "url2": null }, "geometry": { "type": "Point", "coordinates": [ 139.7750639, 35.9242879 ] } },
{ "type": "Feature", "properties": { "内容": "憩いの家　道【地域密着型通所介護】蕨市中央７－4－18", "url": "https://www.kaigokensaku.mhlw.go.jp/11/index.php?action_kouhyou_detail_004_kani=true&JigyosyoCd=1171400581-00&ServiceCd=780&Type=search", "url2": "http://www.maximum.jp.net/" }, "geometry": { "type": "Point", "coordinates": [ 139.686814877601591, 35.819761131079289 ] } },
{ "type": "Feature", "properties": { "内容": "デイサービスぱる蕨【地域密着型通所介護】埼玉県蕨市錦町2-10-4", "url": "https://www.kaigokensaku.mhlw.go.jp/11/index.php?action_kouhyou_detail_004_kani=true&JigyosyoCd=1171400649-00&ServiceCd=780&Type=search", "url2": "http://www.shafuku-pal.or.jp/" }, "geometry": { "type": "Point", "coordinates": [ 139.67379470000003, 35.824803400000015 ] } },
{ "type": "Feature", "properties": { "内容": "だんらんの家　蕨南町【地域密着型通所介護】埼玉県蕨市南町2-18-13", "url": "https://www.kaigokensaku.mhlw.go.jp/11/index.php?action_kouhyou_detail_004_kani=true&JigyosyoCd=1191400074-00&ServiceCd=780&Type=search", "url2": "http://danrannoie-warabiminamicho.com/" }, "geometry": { "type": "Point", "coordinates": [ 139.694426704893431, 35.820152402640389 ] } },
{ "type": "Feature", "properties": { "内容": "アイサービスわらび【地域密着型通所介護】蕨市北町1-9-12ｻﾝﾏﾙﾀⅡ101号", "url": "https://www.kaigokensaku.mhlw.go.jp/11/index.php?action_kouhyou_detail_004_kani=true&JigyosyoCd=1171400771-00&ServiceCd=780&Type=search", "url2": null }, "geometry": { "type": "Point", "coordinates": [ 139.68419080000001, 35.8282171 ] } },
{ "type": "Feature", "properties": { "内容": "デイサービスセンター美笹の湯【地域密着型通所介護】戸田市笹目3丁目8番13号セヴンスけやき1F", "url": "https://www.kaigokensaku.mhlw.go.jp/11/index.php?action_kouhyou_detail_004_kani=true&JigyosyoCd=1171900382-00&ServiceCd=780&Type=search", "url2": null }, "geometry": { "type": "Point", "coordinates": [ 139.648417399999971, 35.8164087 ] } },
{ "type": "Feature", "properties": { "内容": "デイサービスセンターくつろぎの家２号館【地域密着型通所介護】戸田市美女木１－１４－３", "url": "https://www.kaigokensaku.mhlw.go.jp/11/index.php?action_kouhyou_detail_004_kani=true&JigyosyoCd=1171901489-00&ServiceCd=780&Type=search", "url2": "http://s-kuturogi.com/" }, "geometry": { "type": "Point", "coordinates": [ 139.640386300000046, 35.8315962 ] } },
{ "type": "Feature", "properties": { "内容": "デイサービスセンター　くつろぎの家【地域密着型通所介護】戸田市美女木１－２９－４４", "url": "https://www.kaigokensaku.mhlw.go.jp/11/index.php?action_kouhyou_detail_004_kani=true&JigyosyoCd=1171900846-00&ServiceCd=780&Type=search", "url2": "http://www.s-kuturogi.com" }, "geometry": { "type": "Point", "coordinates": [ 139.6370617, 35.8306991 ] } },
{ "type": "Feature", "properties": { "内容": "通所介護サービス　ＧｏｏＤａｙ【地域密着型通所介護】埼玉県戸田市笹目5-2-15", "url": "https://www.kaigokensaku.mhlw.go.jp/11/index.php?action_kouhyou_detail_004_kani=true&JigyosyoCd=1171901174-00&ServiceCd=780&Type=search", "url2": "https://warabi-kaigo.co.jp" }, "geometry": { "type": "Point", "coordinates": [ 139.645486300000016, 35.817926 ] } },
{ "type": "Feature", "properties": { "内容": "デイサービス本舗　戸田公園【地域密着型通所介護】埼玉県戸田市下前2-12-11", "url": "https://www.kaigokensaku.mhlw.go.jp/11/index.php?action_kouhyou_detail_004_kani=true&JigyosyoCd=1171901125-00&ServiceCd=780&Type=search", "url2": "https://dayservicehonpo.jp/todakouen/" }, "geometry": { "type": "Point", "coordinates": [ 139.683627600000023, 35.8072341 ] } },
{ "type": "Feature", "properties": { "内容": "でいさーびす　にりん草【地域密着型通所介護】戸田市新曽2133－1", "url": "https://www.kaigokensaku.mhlw.go.jp/11/index.php?action_kouhyou_detail_004_kani=true&JigyosyoCd=1171900978-00&ServiceCd=780&Type=search", "url2": null }, "geometry": { "type": "Point", "coordinates": [ 139.660176500000034, 35.8212285 ] } },
{ "type": "Feature", "properties": { "内容": "でいさーびす　ふくじゅ草【地域密着型通所介護】戸田市新曽2133－1　東館東館", "url": "https://www.kaigokensaku.mhlw.go.jp/11/index.php?action_kouhyou_detail_004_kani=true&JigyosyoCd=1171901224-00&ServiceCd=780&Type=search", "url2": null }, "geometry": { "type": "Point", "coordinates": [ 139.660387053407703, 35.821220887985397 ] } },
{ "type": "Feature", "properties": { "内容": "健やか人生福はうち【地域密着型通所介護】埼玉県戸田市笹目５丁目３５番地の２２大畑第一マンション１Ｆ", "url": "https://www.kaigokensaku.mhlw.go.jp/11/index.php?action_kouhyou_detail_004_kani=true&JigyosyoCd=1171900796-00&ServiceCd=780&Type=search", "url2": "https://www.fukuwauchi0123.com/" }, "geometry": { "type": "Point", "coordinates": [ 139.641642499999989, 35.8146786 ] } },
{ "type": "Feature", "properties": { "内容": "スマイルデイサービス・結【地域密着型通所介護】埼玉県戸田市上戸田2-38-10スクエアコート　１-Ａ", "url": "https://www.kaigokensaku.mhlw.go.jp/11/index.php?action_kouhyou_detail_004_kani=true&JigyosyoCd=1171901463-00&ServiceCd=780&Type=search", "url2": "https://lupinus-care.jimdo.com/" }, "geometry": { "type": "Point", "coordinates": [ 139.679153578573619, 35.814173936557097 ] } },
{ "type": "Feature", "properties": { "内容": "スマイルデイサービス・楽【地域密着型通所介護】戸田市本町2-14-21　アニバーサリー戸田公園1Ｆ", "url": "https://www.kaigokensaku.mhlw.go.jp/11/index.php?action_kouhyou_detail_004_kani=true&JigyosyoCd=1171901109-00&ServiceCd=780&Type=search", "url2": "https://lupinus-care.jimdofree.com/" }, "geometry": { "type": "Point", "coordinates": [ 139.674221457043103, 35.809008838775199 ] } },
{ "type": "Feature", "properties": { "内容": "早稲田イーライフひだまり【地域密着型通所介護】埼玉県入間市新久６０２－１４KARADAビル１Ｆ", "url": "https://www.kaigokensaku.mhlw.go.jp/11/index.php?action_kouhyou_detail_004_kani=true&JigyosyoCd=1172801258-00&ServiceCd=780&Type=search", "url2": "https://www.mominoki-sekkotsu.com/day" }, "geometry": { "type": "Point", "coordinates": [ 139.362393200000042, 35.823216400000021 ] } },
{ "type": "Feature", "properties": { "内容": "ソンポケアハッピーデイズイルマ【地域密着型通所介護】埼玉県入間市宮前町3-26", "url": "https://www.kaigokensaku.mhlw.go.jp/11/index.php?action_kouhyou_detail_004_kani=true&JigyosyoCd=1192800165-00&ServiceCd=780&Type=search", "url2": "https//www.sompocare.com/" }, "geometry": { "type": "Point", "coordinates": [ 139.38114029999997, 35.8462185 ] } },
{ "type": "Feature", "properties": { "内容": "はなの和デイサービス【地域密着型通所介護】埼玉県入間市新久９２８－１０", "url": "https://www.kaigokensaku.mhlw.go.jp/11/index.php?action_kouhyou_detail_004_kani=true&JigyosyoCd=1192800108-00&ServiceCd=780&Type=search", "url2": null }, "geometry": { "type": "Point", "coordinates": [ 139.361529099999984, 35.8298766 ] } },
{ "type": "Feature", "properties": { "内容": "有限会社豊岡ハウス　　デイサービス響【地域密着型通所介護】埼玉県入間市扇台5丁目9番10号", "url": "https://www.kaigokensaku.mhlw.go.jp/11/index.php?action_kouhyou_detail_004_kani=true&JigyosyoCd=1172800755-00&ServiceCd=780&Type=search", "url2": "https://day-hibiki.jimdofree.com/" }, "geometry": { "type": "Point", "coordinates": [ 139.387725, 35.8242587 ] } },
{ "type": "Feature", "properties": { "内容": "デイサービスSmileAgain小谷田【地域密着型通所介護】小谷田1-3-9", "url": "https://www.kaigokensaku.mhlw.go.jp/11/index.php?action_kouhyou_detail_004_kani=true&JigyosyoCd=1192800272-00&ServiceCd=780&Type=search", "url2": "https://smile-again.wixsite.com/mysite" }, "geometry": { "type": "Point", "coordinates": [ 139.382942599999978, 35.8239091 ] } },
{ "type": "Feature", "properties": { "内容": "デイサービスSmileAgain【地域密着型通所介護】埼玉県入間市東町5-2-35", "url": "https://www.kaigokensaku.mhlw.go.jp/11/index.php?action_kouhyou_detail_004_kani=true&JigyosyoCd=1192800223-00&ServiceCd=780&Type=search", "url2": "https://smile-again.wixsite.com/mysite" }, "geometry": { "type": "Point", "coordinates": [ 139.4074319, 35.8290271 ] } },
{ "type": "Feature", "properties": { "内容": "早稲田イーライフむさし藤沢【地域密着型通所介護】埼玉県入間市下藤沢451-3", "url": "https://www.kaigokensaku.mhlw.go.jp/11/index.php?action_kouhyou_detail_004_kani=true&JigyosyoCd=1172801290-00&ServiceCd=780&Type=search", "url2": "http://hp.kaipoke.biz/998/" }, "geometry": { "type": "Point", "coordinates": [ 139.4081784, 35.8226039 ] } },
{ "type": "Feature", "properties": { "内容": "デイサービスレジデンス扇台【地域密着型通所介護】埼玉県入間市扇台4－1－7", "url": "https://www.kaigokensaku.mhlw.go.jp/11/index.php?action_kouhyou_detail_004_kani=true&JigyosyoCd=1192800181-00&ServiceCd=780&Type=search", "url2": null }, "geometry": { "type": "Point", "coordinates": [ 139.38719279999998, 35.8287157 ] } },
{ "type": "Feature", "properties": { "内容": "ビーナスプラス入間【地域密着型通所介護】埼玉県入間市扇町屋1-4-8扇町屋ドミトリー1階", "url": "https://www.kaigokensaku.mhlw.go.jp/11/index.php?action_kouhyou_detail_004_kani=true&JigyosyoCd=1192800280-00&ServiceCd=780&Type=search", "url2": "https://www.venus-comrade.co.jp/office/plus_iruma/" }, "geometry": { "type": "Point", "coordinates": [ 139.385709, 35.8331555 ] } },
{ "type": "Feature", "properties": { "内容": "あさひデイサービス朝霞事業所【地域密着型通所介護】埼玉県朝霞市朝志ヶ丘3-8-29", "url": "https://www.kaigokensaku.mhlw.go.jp/11/index.php?action_kouhyou_detail_004_kani=true&JigyosyoCd=1172100735-00&ServiceCd=780&Type=search", "url2": null }, "geometry": { "type": "Point", "coordinates": [ 139.583475099999987, 35.8222713 ] } },
{ "type": "Feature", "properties": { "内容": "デイサービスセンターひいらぎの里【地域密着型通所介護】埼玉県朝霞市3-17-60", "url": "https://www.kaigokensaku.mhlw.go.jp/11/index.php?action_kouhyou_detail_004_kani=true&JigyosyoCd=1172100271-00&ServiceCd=780&Type=search", "url2": "http://www.hiiragi-sato.co.jp" }, "geometry": { "type": "Point", "coordinates": [ 139.5750703, 35.8123174 ] } },
{ "type": "Feature", "properties": { "内容": "リハビリスタジオ　オアシス【地域密着型通所介護】朝霞市本町2-25-32スペースクラフト21", "url": "https://www.kaigokensaku.mhlw.go.jp/11/index.php?action_kouhyou_detail_004_kani=true&JigyosyoCd=1172100867-00&ServiceCd=780&Type=search", "url2": "http://www.yu-sendo.com" }, "geometry": { "type": "Point", "coordinates": [ 139.585400700000037, 35.8146866 ] } },
{ "type": "Feature", "properties": { "内容": "ASAKABASEリハビリフィットネス【地域密着型通所介護】埼玉県朝霞市西弁財2-3‐23かつみマンション１Ｆ", "url": "https://www.kaigokensaku.mhlw.go.jp/11/index.php?action_kouhyou_detail_004_kani=true&JigyosyoCd=1192100202-00&ServiceCd=780&Type=search", "url2": "https://www.asakabase.jp/" }, "geometry": { "type": "Point", "coordinates": [ 139.582315299999976, 35.8127426 ] } },
{ "type": "Feature", "properties": { "内容": "有限会社エム・ケイ・ライフ【地域密着型通所介護】埼玉県朝霞市本町２丁目４番２５号Ｔ－ＢＬＤ朝霞４階", "url": "https://www.kaigokensaku.mhlw.go.jp/11/index.php?action_kouhyou_detail_004_kani=true&JigyosyoCd=1172100941-00&ServiceCd=780&Type=search", "url2": null }, "geometry": { "type": "Point", "coordinates": [ 139.59884390000002, 35.796249900000021 ] } },
{ "type": "Feature", "properties": { "内容": "リハプライド・朝霞幸【地域密着型通所介護】幸町2－18－29カオルマンション１階", "url": "https://www.kaigokensaku.mhlw.go.jp/11/index.php?action_kouhyou_detail_004_kani=true&JigyosyoCd=1172101089-00&ServiceCd=780&Type=search", "url2": "www.rehapride.co.jp" }, "geometry": { "type": "Point", "coordinates": [ 139.5845286, 35.7915447 ] } },
{ "type": "Feature", "properties": { "内容": "スリーベルデイ朝霞【地域密着型通所介護】埼玉県朝霞市大字上内間木719-3", "url": "https://www.kaigokensaku.mhlw.go.jp/11/index.php?action_kouhyou_detail_004_kani=true&JigyosyoCd=1172100743-00&ServiceCd=780&Type=search", "url2": "http://threebell.jp/" }, "geometry": { "type": "Point", "coordinates": [ 139.606217013947685, 35.828064050395675 ] } },
{ "type": "Feature", "properties": { "内容": "だんらんの家　朝霞【地域密着型通所介護】埼玉県朝霞市本町1丁目29-35", "url": "https://www.kaigokensaku.mhlw.go.jp/11/index.php?action_kouhyou_detail_004_kani=true&JigyosyoCd=1192100145-00&ServiceCd=780&Type=search", "url2": "https://danrannoie.com/archives/1757" }, "geometry": { "type": "Point", "coordinates": [ 139.596494726983678, 35.802702562569472 ] } },
{ "type": "Feature", "properties": { "内容": "樹楽　朝霞本町【地域密着型通所介護】埼玉県朝霞市本町2-17-4", "url": "https://www.kaigokensaku.mhlw.go.jp/11/index.php?action_kouhyou_detail_004_kani=true&JigyosyoCd=1192100186-00&ServiceCd=780&Type=search", "url2": null }, "geometry": { "type": "Point", "coordinates": [ 139.597004700000014, 35.7986084 ] } },
{ "type": "Feature", "properties": { "内容": "介護予防　安心のおせわ～く広場【地域密着型通所介護】埼玉県朝霞市西原一丁目７番１号", "url": "https://www.kaigokensaku.mhlw.go.jp/11/index.php?action_kouhyou_detail_004_kani=true&JigyosyoCd=1172100594-00&ServiceCd=780&Type=search", "url2": "http://www.lundal.co.jp" }, "geometry": { "type": "Point", "coordinates": [ 139.588280400000031, 35.817133 ] } },
{ "type": "Feature", "properties": { "内容": "いこいの家　コンクリや【地域密着型通所介護】埼玉県志木市中宗岡1－8－1", "url": "https://www.kaigokensaku.mhlw.go.jp/11/index.php?action_kouhyou_detail_004_kani=true&JigyosyoCd=1172200154-00&ServiceCd=780&Type=search", "url2": null }, "geometry": { "type": "Point", "coordinates": [ 139.584932112844882, 35.837817453561527 ] } },
{ "type": "Feature", "properties": { "内容": "でぃさーびす杏の里【地域密着型通所介護】埼玉県志木市上宗岡2-17-29鈴木ビル・サンリッチ102", "url": "https://www.kaigokensaku.mhlw.go.jp/11/index.php?action_kouhyou_detail_004_kani=true&JigyosyoCd=1192200150-00&ServiceCd=780&Type=search", "url2": null }, "geometry": { "type": "Point", "coordinates": [ 139.5826935, 35.848446 ] } },
{ "type": "Feature", "properties": { "内容": "転倒を予防するデイサービス歩【地域密着型通所介護】埼玉県志木市中宗岡2-3-55にった接骨院内", "url": "https://www.kaigokensaku.mhlw.go.jp/11/index.php?action_kouhyou_detail_004_kani=true&JigyosyoCd=1192200168-00&ServiceCd=780&Type=search", "url2": "http://nikkotsu.com/" }, "geometry": { "type": "Point", "coordinates": [ 139.587962800000014, 35.8401591 ] } },
{ "type": "Feature", "properties": { "内容": "ほっとスペース笑む【地域密着型通所介護】埼玉県志木市幸町1－8－651階", "url": "https://www.kaigokensaku.mhlw.go.jp/11/index.php?action_kouhyou_detail_004_kani=true&JigyosyoCd=1192200192-00&ServiceCd=780&Type=search", "url2": null }, "geometry": { "type": "Point", "coordinates": [ 139.569049861376982, 35.822821183469785 ] } },
{ "type": "Feature", "properties": { "内容": "リハビリデイサービスnagomi新座店【地域密着型通所介護】埼玉県新座市野火止3-7-8", "url": "https://www.kaigokensaku.mhlw.go.jp/11/index.php?action_kouhyou_detail_004_kani=true&JigyosyoCd=1175101888-00&ServiceCd=780&Type=search", "url2": "http://www.my-nagomi.com/" }, "geometry": { "type": "Point", "coordinates": [ 139.556936400000041, 35.7980131 ] } },
{ "type": "Feature", "properties": { "内容": "デイサービスなごみの森新座片山【地域密着型通所介護】埼玉県新座市片山3-10-59", "url": "https://www.kaigokensaku.mhlw.go.jp/11/index.php?action_kouhyou_detail_004_kani=true&JigyosyoCd=1175101219-00&ServiceCd=780&Type=search", "url2": "http://www.nagominomori.jp/" }, "geometry": { "type": "Point", "coordinates": [ 139.569072, 35.7643092 ] } },
{ "type": "Feature", "properties": { "内容": "チャレンジ倶楽部【地域密着型通所介護】埼玉県新座市栗原五丁目２番２０号ライオンズマンションひばりヶ丘102", "url": "https://www.kaigokensaku.mhlw.go.jp/11/index.php?action_kouhyou_detail_004_kani=true&JigyosyoCd=1175101722-00&ServiceCd=780&Type=search", "url2": null }, "geometry": { "type": "Point", "coordinates": [ 139.549819669905929, 35.7570732090375 ] } },
{ "type": "Feature", "properties": { "内容": "通所介護事業所　民の家【地域密着型通所介護】埼玉県新座市栄　５－１－１０", "url": "https://www.kaigokensaku.mhlw.go.jp/11/index.php?action_kouhyou_detail_004_kani=true&JigyosyoCd=1175101250-00&ServiceCd=780&Type=search", "url2": null }, "geometry": { "type": "Point", "coordinates": [ 139.582441161129736, 35.774539151386129 ] } },
{ "type": "Feature", "properties": { "内容": "デイサービスつばめ【地域密着型通所介護】埼玉県新座市野火止３－８－７ブルボンハイツ１Ｆ", "url": "https://www.kaigokensaku.mhlw.go.jp/11/index.php?action_kouhyou_detail_004_kani=true&JigyosyoCd=1175101813-00&ServiceCd=780&Type=search", "url2": null }, "geometry": { "type": "Point", "coordinates": [ 139.556530899999984, 35.7972187 ] } },
{ "type": "Feature", "properties": { "内容": "デイサービスつばめさかえ【地域密着型通所介護】埼玉県新座市栄1-8-17", "url": "https://www.kaigokensaku.mhlw.go.jp/11/index.php?action_kouhyou_detail_004_kani=true&JigyosyoCd=1195100217-00&ServiceCd=780&Type=search", "url2": null }, "geometry": { "type": "Point", "coordinates": [ 139.574906776721178, 35.773173787277273 ] } },
{ "type": "Feature", "properties": { "内容": "デイサービス隣家【地域密着型通所介護】埼玉県新座市大和田1-12-15フラワーハイツ101号", "url": "https://www.kaigokensaku.mhlw.go.jp/11/index.php?action_kouhyou_detail_004_kani=true&JigyosyoCd=1175101672-00&ServiceCd=780&Type=search", "url2": "http://www.day-rinka.com/" }, "geometry": { "type": "Point", "coordinates": [ 139.551631, 35.8113252 ] } },
{ "type": "Feature", "properties": { "内容": "デイサービス　いちい【地域密着型通所介護】埼玉県新座市野寺４－６－３６", "url": "https://www.kaigokensaku.mhlw.go.jp/11/index.php?action_kouhyou_detail_004_kani=true&JigyosyoCd=1175101540-00&ServiceCd=780&Type=search", "url2": null }, "geometry": { "type": "Point", "coordinates": [ 139.560592, 35.7605233 ] } },
{ "type": "Feature", "properties": { "内容": "小規模デイサービス安心のおせわ～く広場新座片山【地域密着型通所介護】埼玉県新座市片山一丁目1番30号山六ハイツ", "url": "https://www.kaigokensaku.mhlw.go.jp/11/index.php?action_kouhyou_detail_004_kani=true&JigyosyoCd=1175101177-00&ServiceCd=780&Type=search", "url2": "http://www.lundal.co.jp" }, "geometry": { "type": "Point", "coordinates": [ 139.568249599999945, 35.7722387 ] } },
{ "type": "Feature", "properties": { "内容": "レコードブック新座栗原【地域密着型通所介護】埼玉県新座市栗原4-10-22第二センチュリーパレス1階", "url": "https://www.kaigokensaku.mhlw.go.jp/11/index.php?action_kouhyou_detail_004_kani=true&JigyosyoCd=1195100282-00&ServiceCd=780&Type=search", "url2": null }, "geometry": { "type": "Point", "coordinates": [ 139.5502421, 35.7566293 ] } },
{ "type": "Feature", "properties": { "内容": "いろどり【地域密着型通所介護】埼玉県新座市栄2－4－34", "url": "https://www.kaigokensaku.mhlw.go.jp/11/index.php?action_kouhyou_detail_004_kani=true&JigyosyoCd=1195100225-00&ServiceCd=780&Type=search", "url2": "https://saijiki.co.jp" }, "geometry": { "type": "Point", "coordinates": [ 139.5778588, 35.776554 ] } },
{ "type": "Feature", "properties": { "内容": "よつばあたご苑【地域密着型通所介護】埼玉県新座市あたご3-4-6", "url": "https://www.kaigokensaku.mhlw.go.jp/11/index.php?action_kouhyou_detail_004_kani=true&JigyosyoCd=1195100175-00&ServiceCd=780&Type=search", "url2": "http://ytb.or.jp/" }, "geometry": { "type": "Point", "coordinates": [ 139.543592799999942, 35.7926173 ] } },
{ "type": "Feature", "properties": { "内容": "くーねるの里【地域密着型通所介護】埼玉県新座市北野2-16-1くーねるの里", "url": "https://www.kaigokensaku.mhlw.go.jp/11/index.php?action_kouhyou_detail_004_kani=true&JigyosyoCd=1175101797-00&ServiceCd=780&Type=search", "url2": "https://www.ku-neru.or.jp" }, "geometry": { "type": "Point", "coordinates": [ 139.564515799999981, 35.8173274 ] } },
{ "type": "Feature", "properties": { "内容": "のびりは【地域密着型通所介護】埼玉県新座市野火止7-9-32", "url": "https://www.kaigokensaku.mhlw.go.jp/11/index.php?action_kouhyou_detail_004_kani=true&JigyosyoCd=1195100183-00&ServiceCd=780&Type=search", "url2": "http://hp.kaipoke.biz/r27/" }, "geometry": { "type": "Point", "coordinates": [ 139.5683881, 35.8018904 ] } },
{ "type": "Feature", "properties": { "内容": "アクティブデイサービスたいむ【地域密着型通所介護】埼玉県新座市堀ノ内３－１０－１０", "url": "https://www.kaigokensaku.mhlw.go.jp/11/index.php?action_kouhyou_detail_004_kani=true&JigyosyoCd=1195100134-00&ServiceCd=780&Type=search", "url2": null }, "geometry": { "type": "Point", "coordinates": [ 139.555459411114498, 35.777697132274248 ] } },
{ "type": "Feature", "properties": { "内容": "デイサービス　だいだい　さかえ【地域密着型通所介護】埼玉県新座市栄5-4-4", "url": "https://www.kaigokensaku.mhlw.go.jp/11/index.php?action_kouhyou_detail_004_kani=true&JigyosyoCd=1195100274-00&ServiceCd=780&Type=search", "url2": null }, "geometry": { "type": "Point", "coordinates": [ 139.581450914680516, 35.772421157555797 ] } },
{ "type": "Feature", "properties": { "内容": "べに花の郷【地域密着型通所介護】埼玉県桶川市坂田字原５１６番地１", "url": "https://www.kaigokensaku.mhlw.go.jp/11/index.php?action_kouhyou_detail_004_kani=true&JigyosyoCd=1175200078-00&ServiceCd=780&Type=search", "url2": "http://s-meiwakai.jp" }, "geometry": { "type": "Point", "coordinates": [ 139.579540288899238, 36.013624805781554 ] } },
{ "type": "Feature", "properties": { "内容": "指定通所介護事業所　ルーエハイム【地域密着型通所介護】埼玉県桶川市川田谷４９４８－１", "url": "https://www.kaigokensaku.mhlw.go.jp/11/index.php?action_kouhyou_detail_004_kani=true&JigyosyoCd=1175200151-00&ServiceCd=780&Type=search", "url2": "http://www.anseifukushikai.or.jp" }, "geometry": { "type": "Point", "coordinates": [ 139.518902600000047, 35.9943739 ] } },
{ "type": "Feature", "properties": { "内容": "オカダの学校【地域密着型通所介護】東2-12-27", "url": "https://www.kaigokensaku.mhlw.go.jp/11/index.php?action_kouhyou_detail_004_kani=true&JigyosyoCd=1195200074-00&ServiceCd=780&Type=search", "url2": "http://kaigo-okadanogakkou.com/" }, "geometry": { "type": "Point", "coordinates": [ 139.710444300000063, 35.6529021 ] } },
{ "type": "Feature", "properties": { "内容": "コンパスウォーク桶川【地域密着型通所介護】下日出谷930-6", "url": "https://www.kaigokensaku.mhlw.go.jp/11/index.php?action_kouhyou_detail_004_kani=true&JigyosyoCd=1195200058-00&ServiceCd=780&Type=search", "url2": "www.heart-service.com" }, "geometry": { "type": "Point", "coordinates": [ 139.553456, 35.999186 ] } },
{ "type": "Feature", "properties": { "内容": "デイサービスセンター　かなで【地域密着型通所介護】埼玉県桶川市坂田西1丁目8番地3はーとらいふ桶川1階", "url": "https://www.kaigokensaku.mhlw.go.jp/11/index.php?action_kouhyou_detail_004_kani=true&JigyosyoCd=1195200066-00&ServiceCd=780&Type=search", "url2": "https:/www.reliable-heartlife.com" }, "geometry": { "type": "Point", "coordinates": [ 139.571408177909831, 36.010861953777329 ] } },
{ "type": "Feature", "properties": { "内容": "デイサービスグラハ桶川【地域密着型通所介護】鴨川二丁目5番8号グラハ桶川1階", "url": "https://www.kaigokensaku.mhlw.go.jp/11/index.php?action_kouhyou_detail_004_kani=true&JigyosyoCd=1195200116-00&ServiceCd=780&Type=search", "url2": null }, "geometry": { "type": "Point", "coordinates": [ 139.558274899999986, 35.9931492 ] } },
{ "type": "Feature", "properties": { "内容": "かぐらの里デイサービスセンター【地域密着型通所介護】埼玉県久喜市鷲宮２－１３－１４", "url": "https://www.kaigokensaku.mhlw.go.jp/11/index.php?action_kouhyou_detail_004_kani=true&JigyosyoCd=1190900207-00&ServiceCd=780&Type=search", "url2": null }, "geometry": { "type": "Point", "coordinates": [ 139.6605749, 36.1008921 ] } },
{ "type": "Feature", "properties": { "内容": "デイサービス　ウィング翔【地域密着型通所介護】埼玉県久喜市南栗橋5-17-9", "url": "https://www.kaigokensaku.mhlw.go.jp/11/index.php?action_kouhyou_detail_004_kani=true&JigyosyoCd=1190900173-00&ServiceCd=780&Type=search", "url2": null }, "geometry": { "type": "Point", "coordinates": [ 139.7138677, 36.1076709 ] } },
{ "type": "Feature", "properties": { "内容": "地域密着型通所介護事業所　喜びの里鷲宮【地域密着型通所介護】埼玉県久喜市鷲宮3055-1", "url": "https://www.kaigokensaku.mhlw.go.jp/11/index.php?action_kouhyou_detail_004_kani=true&JigyosyoCd=1170901324-00&ServiceCd=780&Type=search", "url2": "http://www.kukinosato.jp/yorokobinosato/" }, "geometry": { "type": "Point", "coordinates": [ 139.669075431274479, 36.102687562748073 ] } },
{ "type": "Feature", "properties": { "内容": "株式会社ＭｉＲＡｉＴｉ【地域密着型通所介護】埼玉県久喜市本町5-13-17ダイワビル１Ｆ", "url": "https://www.kaigokensaku.mhlw.go.jp/11/index.php?action_kouhyou_detail_004_kani=true&JigyosyoCd=1190900165-00&ServiceCd=780&Type=search", "url2": null }, "geometry": { "type": "Point", "coordinates": [ 139.6622796, 36.071482 ] } },
{ "type": "Feature", "properties": { "内容": "みらいちリハ江面【地域密着型通所介護】江面491-1", "url": "https://www.kaigokensaku.mhlw.go.jp/11/index.php?action_kouhyou_detail_004_kani=true&JigyosyoCd=1190900181-00&ServiceCd=780&Type=search", "url2": null }, "geometry": { "type": "Point", "coordinates": [ 139.6579635, 36.061427 ] } },
{ "type": "Feature", "properties": { "内容": "だんらんの家　栗橋【地域密着型通所介護】埼玉県久喜市緑1-6-5", "url": "https://www.kaigokensaku.mhlw.go.jp/11/index.php?action_kouhyou_detail_004_kani=true&JigyosyoCd=1170901191-00&ServiceCd=780&Type=search", "url2": "https://danrannoie.com/archives/1737" }, "geometry": { "type": "Point", "coordinates": [ 139.694541699999945, 36.1309622 ] } },
{ "type": "Feature", "properties": { "内容": "半日リハビリ通所介護そら【地域密着型通所介護】埼玉県久喜市南栗橋4丁目14番地1南栗橋シティーセンタービル　1-C", "url": "https://www.kaigokensaku.mhlw.go.jp/11/index.php?action_kouhyou_detail_004_kani=true&JigyosyoCd=1190900223-00&ServiceCd=780&Type=search", "url2": "https://sorakaigo.my.canva.site/" }, "geometry": { "type": "Point", "coordinates": [ 139.711727700000012, 36.1126752 ] } },
{ "type": "Feature", "properties": { "内容": "いきいきステーション【地域密着型通所介護】埼玉県久喜市青葉4-3-3", "url": "https://www.kaigokensaku.mhlw.go.jp/11/index.php?action_kouhyou_detail_004_kani=true&JigyosyoCd=1170900748-00&ServiceCd=780&Type=search", "url2": "https://aozora21.jimdofree.com/" }, "geometry": { "type": "Point", "coordinates": [ 139.7000405, 36.07215 ] } },
{ "type": "Feature", "properties": { "内容": "わしのみやリハビリデイサービス【地域密着型通所介護】埼玉県久喜市鷲宮3丁目2284-1", "url": "https://www.kaigokensaku.mhlw.go.jp/11/index.php?action_kouhyou_detail_004_kani=true&JigyosyoCd=1170900912-00&ServiceCd=780&Type=search", "url2": "qnjjt435@ybb.ne.jp" }, "geometry": { "type": "Point", "coordinates": [ 139.658659604624177, 36.104504335423123 ] } },
{ "type": "Feature", "properties": { "内容": "あおぞらデイサービス久喜【地域密着型通所介護】埼玉県久喜市青葉3-20-3", "url": "https://www.kaigokensaku.mhlw.go.jp/11/index.php?action_kouhyou_detail_004_kani=true&JigyosyoCd=1170900482-00&ServiceCd=780&Type=search", "url2": "https://aozora8639.jimdofree.com/" }, "geometry": { "type": "Point", "coordinates": [ 139.6986991, 36.0690253 ] } },
{ "type": "Feature", "properties": { "内容": "和み堂　はばたき【地域密着型通所介護】埼玉県久喜市北青柳38-5", "url": "https://www.kaigokensaku.mhlw.go.jp/11/index.php?action_kouhyou_detail_004_kani=true&JigyosyoCd=1170900755-00&ServiceCd=780&Type=search", "url2": "http://melphis.co.jp/" }, "geometry": { "type": "Point", "coordinates": [ 139.665846490971205, 36.056062554389491 ] } },
{ "type": "Feature", "properties": { "内容": "デイサービス　にこにこ【地域密着型通所介護】埼玉県久喜市除堀1523番地14", "url": "https://www.kaigokensaku.mhlw.go.jp/11/index.php?action_kouhyou_detail_004_kani=true&JigyosyoCd=1170901068-00&ServiceCd=780&Type=search", "url2": null }, "geometry": { "type": "Point", "coordinates": [ 139.645606293254133, 36.049235316495469 ] } },
{ "type": "Feature", "properties": { "内容": "早稲田イーライフ久喜【地域密着型通所介護】埼玉県久喜市野久喜1231-1", "url": "https://www.kaigokensaku.mhlw.go.jp/11/index.php?action_kouhyou_detail_004_kani=true&JigyosyoCd=1170901175-00&ServiceCd=780&Type=search", "url2": null }, "geometry": { "type": "Point", "coordinates": [ 139.681530800000019, 36.0699082 ] } },
{ "type": "Feature", "properties": { "内容": "でいさーびす　ぽけっと　かめさん【地域密着型通所介護】埼玉県久喜市八甫３９０－９", "url": "https://www.kaigokensaku.mhlw.go.jp/11/index.php?action_kouhyou_detail_004_kani=true&JigyosyoCd=1170901027-00&ServiceCd=780&Type=search", "url2": null }, "geometry": { "type": "Point", "coordinates": [ 139.687532199999964, 36.098343700000015 ] } },
{ "type": "Feature", "properties": { "内容": "ほっと・ケアライフデイサービス【地域密着型通所介護】埼玉県久喜市間鎌470－1ハーウィル栗橋", "url": "https://www.kaigokensaku.mhlw.go.jp/11/index.php?action_kouhyou_detail_004_kani=true&JigyosyoCd=1170901209-00&ServiceCd=780&Type=search", "url2": "http://www.hot-carelife.com/dayservice/index.html" }, "geometry": { "type": "Point", "coordinates": [ 139.698913292625036, 36.119784532816091 ] } },
{ "type": "Feature", "properties": { "内容": "吉羽デイサービスセンター縁【地域密着型通所介護】埼玉県久喜市吉羽１－３８－１６", "url": "https://www.kaigokensaku.mhlw.go.jp/11/index.php?action_kouhyou_detail_004_kani=true&JigyosyoCd=1170901365-00&ServiceCd=780&Type=search", "url2": null }, "geometry": { "type": "Point", "coordinates": [ 139.6880777, 36.0658531 ] } },
{ "type": "Feature", "properties": { "内容": "たんぽぽ【地域密着型通所介護】埼玉県久喜市南1-8-18", "url": "https://www.kaigokensaku.mhlw.go.jp/11/index.php?action_kouhyou_detail_004_kani=true&JigyosyoCd=1170900995-00&ServiceCd=780&Type=search", "url2": "https://tanpopo-dayservice.com" }, "geometry": { "type": "Point", "coordinates": [ 139.671915300000023, 36.0632563 ] } },
{ "type": "Feature", "properties": { "内容": "なでしこ３６５北本【地域密着型通所介護】中丸１－１０１", "url": "https://www.kaigokensaku.mhlw.go.jp/11/index.php?action_kouhyou_detail_004_kani=true&JigyosyoCd=1195300114-00&ServiceCd=780&Type=search", "url2": null }, "geometry": { "type": "Point", "coordinates": [ 136.9932648, 35.0956168 ] } },
{ "type": "Feature", "properties": { "内容": "介護予防フィットネスあゆみ北本店【地域密着型通所介護】埼玉県北本市中央1丁目62番地", "url": "https://www.kaigokensaku.mhlw.go.jp/11/index.php?action_kouhyou_detail_004_kani=true&JigyosyoCd=1175300761-00&ServiceCd=780&Type=search", "url2": "http://y-iqs.com/ayumi/" }, "geometry": { "type": "Point", "coordinates": [ 139.534649599999966, 36.0300124 ] } },
{ "type": "Feature", "properties": { "内容": "デイサービスセンター北本【地域密着型通所介護】埼玉県北本市緑3丁目16番地", "url": "https://www.kaigokensaku.mhlw.go.jp/11/index.php?action_kouhyou_detail_004_kani=true&JigyosyoCd=1195300122-00&ServiceCd=780&Type=search", "url2": "http://www.kotobuki-ent.net/dskitamoto.php" }, "geometry": { "type": "Point", "coordinates": [ 139.536074100000036, 36.0230889 ] } },
{ "type": "Feature", "properties": { "内容": "コープみらい北本デイサービスセンター【地域密着型通所介護】埼玉県北本市下石戸下1512-1", "url": "https://www.kaigokensaku.mhlw.go.jp/11/index.php?action_kouhyou_detail_004_kani=true&JigyosyoCd=1195300098-00&ServiceCd=780&Type=search", "url2": "http://mirai.coopnet.jp/" }, "geometry": { "type": "Point", "coordinates": [ 139.5373502, 36.0179247 ] } },
{ "type": "Feature", "properties": { "内容": "レコードブック八潮中央【地域密着型通所介護】埼玉県八潮市中央3-23-1", "url": "https://www.kaigokensaku.mhlw.go.jp/11/index.php?action_kouhyou_detail_004_kani=true&JigyosyoCd=1171000605-00&ServiceCd=780&Type=search", "url2": "www.recordbook.jp" }, "geometry": { "type": "Point", "coordinates": [ 139.829750399999966, 35.8200863 ] } },
{ "type": "Feature", "properties": { "内容": "デイサービス思ひ出【地域密着型通所介護】埼玉県八潮市八潮4-27-2", "url": "https://www.kaigokensaku.mhlw.go.jp/11/index.php?action_kouhyou_detail_004_kani=true&JigyosyoCd=1171000662-00&ServiceCd=780&Type=search", "url2": null }, "geometry": { "type": "Point", "coordinates": [ 139.836233600000014, 35.8116543 ] } },
{ "type": "Feature", "properties": { "内容": "もいもい八潮【地域密着型通所介護】埼玉県八潮市伊草1丁目24番地24", "url": "https://www.kaigokensaku.mhlw.go.jp/11/index.php?action_kouhyou_detail_004_kani=true&JigyosyoCd=1171000563-00&ServiceCd=780&Type=search", "url2": null }, "geometry": { "type": "Point", "coordinates": [ 139.8309868, 35.8290843 ] } },
{ "type": "Feature", "properties": { "内容": "だんらんの家　八潮【地域密着型通所介護】埼玉県八潮市八潮７－３１－６", "url": "https://www.kaigokensaku.mhlw.go.jp/11/index.php?action_kouhyou_detail_004_kani=true&JigyosyoCd=1171000514-00&ServiceCd=780&Type=search", "url2": null }, "geometry": { "type": "Point", "coordinates": [ 139.834235522090125, 35.81501514873235 ] } },
{ "type": "Feature", "properties": { "内容": "つるせケアセンター　そよ風【地域密着型通所介護】埼玉県富士見市鶴瀬西2-8-2鶴瀬市街地住宅105", "url": "https://www.kaigokensaku.mhlw.go.jp/11/index.php?action_kouhyou_detail_004_kani=true&JigyosyoCd=1172900423-00&ServiceCd=780&Type=search", "url2": null }, "geometry": { "type": "Point", "coordinates": [ 139.53456140000003, 35.8464594 ] } },
{ "type": "Feature", "properties": { "内容": "リハプライド・富士見【地域密着型通所介護】埼玉県富士見市関沢2-15-31ホワイトロード1F", "url": "https://www.kaigokensaku.mhlw.go.jp/11/index.php?action_kouhyou_detail_004_kani=true&JigyosyoCd=1172901066-00&ServiceCd=780&Type=search", "url2": "https://www.rehapride.co.jp/fujimi/" }, "geometry": { "type": "Point", "coordinates": [ 139.539117300000044, 35.8420734 ] } },
{ "type": "Feature", "properties": { "内容": "GENKINEXTみずほ台【地域密着型通所介護】埼玉県富士見市東みずほ台2-8-9みずほヘイシンハイム　105", "url": "https://www.kaigokensaku.mhlw.go.jp/11/index.php?action_kouhyou_detail_004_kani=true&JigyosyoCd=1172901082-00&ServiceCd=780&Type=search", "url2": null }, "geometry": { "type": "Point", "coordinates": [ 139.553374299999973, 35.8402663 ] } },
{ "type": "Feature", "properties": { "内容": "デイサービス凛【地域密着型通所介護】埼玉県富士見市大字南畑新田登戸138-4", "url": "https://www.kaigokensaku.mhlw.go.jp/11/index.php?action_kouhyou_detail_004_kani=true&JigyosyoCd=1192900221-00&ServiceCd=780&Type=search", "url2": "http//hp.kaipoke.biz//7xn/" }, "geometry": { "type": "Point", "coordinates": [ 139.570265246700245, 35.866015898115059 ] } },
{ "type": "Feature", "properties": { "内容": "きらめきリハビリデイサービスつるせ【地域密着型通所介護】埼玉県富士見市鶴馬3－31－31アリーナハイツ１F", "url": "https://www.kaigokensaku.mhlw.go.jp/11/index.php?action_kouhyou_detail_004_kani=true&JigyosyoCd=1172901058-00&ServiceCd=780&Type=search", "url2": "http://kiramekiriha.com/" }, "geometry": { "type": "Point", "coordinates": [ 139.547030100000029, 35.843649 ] } },
{ "type": "Feature", "properties": { "内容": "リハビリ型デイサービス　一真会【地域密着型通所介護】埼玉県三郷市早稲田２－１６－１０プリモコリーナ１階", "url": "https://www.kaigokensaku.mhlw.go.jp/11/index.php?action_kouhyou_detail_004_kani=true&JigyosyoCd=1171201294-00&ServiceCd=780&Type=search", "url2": null }, "geometry": { "type": "Point", "coordinates": [ 139.88376489999996, 35.8482747 ] } },
{ "type": "Feature", "properties": { "内容": "デイサービス純誠会しんわ【地域密着型通所介護】埼玉県三郷市新和4-205", "url": "https://www.kaigokensaku.mhlw.go.jp/11/index.php?action_kouhyou_detail_004_kani=true&JigyosyoCd=1171200718-00&ServiceCd=780&Type=search", "url2": "http://junseikai.com" }, "geometry": { "type": "Point", "coordinates": [ 139.88474835767218, 35.816324799936659 ] } },
{ "type": "Feature", "properties": { "内容": "リハビリデイサービスリライト【地域密着型通所介護】三郷市中央2-2-20ベルメゾン中央102", "url": "https://www.kaigokensaku.mhlw.go.jp/11/index.php?action_kouhyou_detail_004_kani=true&JigyosyoCd=1171200890-00&ServiceCd=780&Type=search", "url2": null }, "geometry": { "type": "Point", "coordinates": [ 139.878955099999985, 35.8213838 ] } },
{ "type": "Feature", "properties": { "内容": "デイサービスセンター　しいの木の郷【地域密着型通所介護】埼玉県三郷市番匠免1-314", "url": "https://www.kaigokensaku.mhlw.go.jp/11/index.php?action_kouhyou_detail_004_kani=true&JigyosyoCd=1171200288-00&ServiceCd=780&Type=search", "url2": "https://www.ryokufu-kai.or.jp/siinokinosato/" }, "geometry": { "type": "Point", "coordinates": [ 139.852593100000036, 35.8342064 ] } },
{ "type": "Feature", "properties": { "内容": "デイサービス「だんらんの家」三郷鷹野【地域密着型通所介護】埼玉県三郷鷹野4-39-１", "url": "https://www.kaigokensaku.mhlw.go.jp/11/index.php?action_kouhyou_detail_004_kani=true&JigyosyoCd=1171201260-00&ServiceCd=780&Type=search", "url2": "http://www.beide-kaigo.com" }, "geometry": { "type": "Point", "coordinates": [ 139.884243903179936, 35.79923682461294 ] } },
{ "type": "Feature", "properties": { "内容": "モモカデイサロン【地域密着型通所介護】埼玉県三郷市彦江一丁目１９６番地１", "url": "https://www.kaigokensaku.mhlw.go.jp/11/index.php?action_kouhyou_detail_004_kani=true&JigyosyoCd=1171200874-00&ServiceCd=780&Type=search", "url2": "http://momokadaysalon.wixsite.com/momoka" }, "geometry": { "type": "Point", "coordinates": [ 139.855530111226614, 35.827933859825151 ] } },
{ "type": "Feature", "properties": { "内容": "あすなろデイサービス　三郷【地域密着型通所介護】埼玉県三郷市新和4-545-2", "url": "https://www.kaigokensaku.mhlw.go.jp/11/index.php?action_kouhyou_detail_004_kani=true&JigyosyoCd=1171200635-00&ServiceCd=780&Type=search", "url2": "http://www.ill-group.co.jp" }, "geometry": { "type": "Point", "coordinates": [ 139.8866769, 35.8125072 ] } },
{ "type": "Feature", "properties": { "内容": "三郷市立戸ヶ崎老人デイサービスセンター【地域密着型通所介護】埼玉県三郷市戸ヶ崎３丁目５３０番地２", "url": "https://www.kaigokensaku.mhlw.go.jp/11/index.php?action_kouhyou_detail_004_kani=true&JigyosyoCd=1171200809-00&ServiceCd=780&Type=search", "url2": "https://www.misato-syakyo.or.jp" }, "geometry": { "type": "Point", "coordinates": [ 139.867667799999907, 35.8010253 ] } },
{ "type": "Feature", "properties": { "内容": "デイサービス　あゆみ【地域密着型通所介護】蓮田市馬込１－２２２", "url": "https://www.kaigokensaku.mhlw.go.jp/11/index.php?action_kouhyou_detail_004_kani=true&JigyosyoCd=1175700473-00&ServiceCd=780&Type=search", "url2": null }, "geometry": { "type": "Point", "coordinates": [ 139.656669, 35.9762483 ] } },
{ "type": "Feature", "properties": { "内容": "ひかりサロン蓮田【地域密着型通所介護】埼玉県蓮田市東5丁目8-65蓮田マイン2階", "url": "https://www.kaigokensaku.mhlw.go.jp/11/index.php?action_kouhyou_detail_004_kani=true&JigyosyoCd=1195700115-00&ServiceCd=780&Type=search", "url2": "https://wagaya-group.jp" }, "geometry": { "type": "Point", "coordinates": [ 139.6542765, 35.980566 ] } },
{ "type": "Feature", "properties": { "内容": "だんらんの家　蓮田【地域密着型通所介護】埼玉県蓮田市上１－４－９", "url": "https://www.kaigokensaku.mhlw.go.jp/11/index.php?action_kouhyou_detail_004_kani=true&JigyosyoCd=1175700697-00&ServiceCd=780&Type=search", "url2": "www.danrannoie.com" }, "geometry": { "type": "Point", "coordinates": [ 139.650609499999973, 35.984951 ] } },
{ "type": "Feature", "properties": { "内容": "ひゃく彩【地域密着型通所介護】蓮田市大字閏戸2522-1", "url": "https://www.kaigokensaku.mhlw.go.jp/11/index.php?action_kouhyou_detail_004_kani=true&JigyosyoCd=1175700424-00&ServiceCd=780&Type=search", "url2": "http://www.wel-plan.com/" }, "geometry": { "type": "Point", "coordinates": [ 139.644270900000038, 36.0066409 ] } },
{ "type": "Feature", "properties": { "内容": "メディカルサポートまごころ株式会社【地域密着型通所介護】埼玉県川越市中台南3-3-12", "url": "https://www.kaigokensaku.mhlw.go.jp/11/index.php?action_kouhyou_detail_004_kani=true&JigyosyoCd=1196000168-00&ServiceCd=780&Type=search", "url2": null }, "geometry": { "type": "Point", "coordinates": [ 139.4613675, 35.8779712 ] } },
{ "type": "Feature", "properties": { "内容": "株式会社　清【地域密着型通所介護】埼玉県坂戸市西坂戸1-20-5", "url": "https://www.kaigokensaku.mhlw.go.jp/11/index.php?action_kouhyou_detail_004_kani=true&JigyosyoCd=1176000840-00&ServiceCd=780&Type=search", "url2": null }, "geometry": { "type": "Point", "coordinates": [ 139.3334097, 35.9321549 ] } },
{ "type": "Feature", "properties": { "内容": "デイサービスこころ【地域密着型通所介護】埼玉県坂戸市中小坂551-11", "url": "https://www.kaigokensaku.mhlw.go.jp/11/index.php?action_kouhyou_detail_004_kani=true&JigyosyoCd=1176001087-00&ServiceCd=780&Type=search", "url2": "http://www.g-heartkokoro2012.jp" }, "geometry": { "type": "Point", "coordinates": [ 139.441656, 35.9511501 ] } },
{ "type": "Feature", "properties": { "内容": "コンパスウォーク坂戸【地域密着型通所介護】千代田2-6-81", "url": "https://www.kaigokensaku.mhlw.go.jp/11/index.php?action_kouhyou_detail_004_kani=true&JigyosyoCd=1196000176-00&ServiceCd=780&Type=search", "url2": "https://kinoukaifuku.com/?p=539" }, "geometry": { "type": "Point", "coordinates": [ 139.4050755, 35.9572619 ] } },
{ "type": "Feature", "properties": { "内容": "坂戸サークルホームデイサービスセンター【地域密着型通所介護】埼玉県坂戸市大字石井字芝生美1684番地", "url": "https://www.kaigokensaku.mhlw.go.jp/11/index.php?action_kouhyou_detail_004_kani=true&JigyosyoCd=1196000226-00&ServiceCd=780&Type=search", "url2": "http://circlehome.or.jp" }, "geometry": { "type": "Point", "coordinates": [ 139.4135645, 35.9759618 ] } },
{ "type": "Feature", "properties": { "内容": "リハビリテーション　アール　(平成２５年新規事業所）【地域密着型通所介護】埼玉県坂戸市日ノ出町５番１２号", "url": "https://www.kaigokensaku.mhlw.go.jp/11/index.php?action_kouhyou_detail_004_kani=true&JigyosyoCd=1176000915-00&ServiceCd=780&Type=search", "url2": "https://www.moriya-iin.jp/care" }, "geometry": { "type": "Point", "coordinates": [ 139.391304399999967, 35.958986100000011 ] } },
{ "type": "Feature", "properties": { "内容": "レッツ倶楽部　北坂戸【地域密着型通所介護】埼玉県坂戸市溝端町８-９", "url": "https://www.kaigokensaku.mhlw.go.jp/11/index.php?action_kouhyou_detail_004_kani=true&JigyosyoCd=1176001095-00&ServiceCd=780&Type=search", "url2": "http://www.lets-club.jp/shop/kitasakado/" }, "geometry": { "type": "Point", "coordinates": [ 139.394153181465526, 35.971792521995859 ] } },
{ "type": "Feature", "properties": { "内容": "坂戸地域福祉事業所　いきいき【地域密着型通所介護】埼玉県坂戸市小山13-1", "url": "https://www.kaigokensaku.mhlw.go.jp/11/index.php?action_kouhyou_detail_004_kani=true&JigyosyoCd=1176000600-00&ServiceCd=780&Type=search", "url2": null }, "geometry": { "type": "Point", "coordinates": [ 139.354035900000014, 35.9660265 ] } },
{ "type": "Feature", "properties": { "内容": "守屋医院デイサービスのぞみ【地域密着型通所介護】埼玉県坂戸市日の出町7－29", "url": "https://www.kaigokensaku.mhlw.go.jp/11/index.php?action_kouhyou_detail_004_kani=true&JigyosyoCd=1176000253-00&ServiceCd=780&Type=search", "url2": "https:/www.moriya-iin.jp/" }, "geometry": { "type": "Point", "coordinates": [ 139.390921100000014, 35.95901940000001 ] } },
{ "type": "Feature", "properties": { "内容": "だんらんの家坂戸【地域密着型通所介護】埼玉県坂戸市鶴舞2－22－21", "url": "https://www.kaigokensaku.mhlw.go.jp/11/index.php?action_kouhyou_detail_004_kani=true&JigyosyoCd=1196000127-00&ServiceCd=780&Type=search", "url2": "https://www.elder-care.jp/" }, "geometry": { "type": "Point", "coordinates": [ 139.372311800000034, 35.9522313 ] } },
{ "type": "Feature", "properties": { "内容": "さわやか南町リハビリデイサービス【地域密着型通所介護】埼玉県坂戸市南町24-5長久保ビル101", "url": "https://www.kaigokensaku.mhlw.go.jp/11/index.php?action_kouhyou_detail_004_kani=true&JigyosyoCd=1176000824-00&ServiceCd=780&Type=search", "url2": null }, "geometry": { "type": "Point", "coordinates": [ 139.397658900000039, 35.9538481 ] } },
{ "type": "Feature", "properties": { "内容": "さわやかリハビリデイサービス【地域密着型通所介護】埼玉県坂戸市伊豆の山15-11", "url": "https://www.kaigokensaku.mhlw.go.jp/11/index.php?action_kouhyou_detail_004_kani=true&JigyosyoCd=1176000758-00&ServiceCd=780&Type=search", "url2": null }, "geometry": { "type": "Point", "coordinates": [ 139.38818, 35.9740756 ] } },
{ "type": "Feature", "properties": { "内容": "デイサービスはばたき【地域密着型通所介護】坂戸市八幡１－２－１９ルミネンスやはた１０１", "url": "https://www.kaigokensaku.mhlw.go.jp/11/index.php?action_kouhyou_detail_004_kani=true&JigyosyoCd=1176000527-00&ServiceCd=780&Type=search", "url2": "http://www.day-habataki.com" }, "geometry": { "type": "Point", "coordinates": [ 139.4019945, 35.9584807 ] } },
{ "type": "Feature", "properties": { "内容": "プラチナ・デイサービス埼玉坂戸【地域密着型通所介護】埼玉県坂戸市元町65番地６", "url": "https://www.kaigokensaku.mhlw.go.jp/11/index.php?action_kouhyou_detail_004_kani=true&JigyosyoCd=1176001137-00&ServiceCd=780&Type=search", "url2": "http://www.lakes21.co.jp" }, "geometry": { "type": "Point", "coordinates": [ 139.394862399999965, 35.9670376 ] } },
{ "type": "Feature", "properties": { "内容": "リハビリデイサービス　チューリップ【地域密着型通所介護】埼玉県坂戸市西坂戸２－１５－７", "url": "https://www.kaigokensaku.mhlw.go.jp/11/index.php?action_kouhyou_detail_004_kani=true&JigyosyoCd=1176001046-00&ServiceCd=780&Type=search", "url2": null }, "geometry": { "type": "Point", "coordinates": [ 139.33139319999998, 35.9324273 ] } },
{ "type": "Feature", "properties": { "内容": "デイサービス悠々【地域密着型通所介護】埼玉県坂戸市石井２３３３番地１１", "url": "https://www.kaigokensaku.mhlw.go.jp/11/index.php?action_kouhyou_detail_004_kani=true&JigyosyoCd=1176000634-00&ServiceCd=780&Type=search", "url2": "http://www.caresolutions.jp/" }, "geometry": { "type": "Point", "coordinates": [ 139.40825760000007, 35.9674682 ] } },
{ "type": "Feature", "properties": { "内容": "デイサービス喜楽家さって【地域密着型通所介護】幸手市東2-10-15増田ビル1階増田ビル1Ｆ", "url": "https://www.kaigokensaku.mhlw.go.jp/11/index.php?action_kouhyou_detail_004_kani=true&JigyosyoCd=1176100699-00&ServiceCd=780&Type=search", "url2": null }, "geometry": { "type": "Point", "coordinates": [ 139.725970715344289, 36.070202908117075 ] } },
{ "type": "Feature", "properties": { "内容": "リハプライド幸手HappyHand's【地域密着型通所介護】埼玉県幸手市東4-27-3", "url": "https://www.kaigokensaku.mhlw.go.jp/11/index.php?action_kouhyou_detail_004_kani=true&JigyosyoCd=1196100075-00&ServiceCd=780&Type=search", "url2": "https://www.rehapride.co.jp/satte/" }, "geometry": { "type": "Point", "coordinates": [ 139.7289793, 36.0778021 ] } },
{ "type": "Feature", "properties": { "内容": "フィットネスデイ　リズムさって【地域密着型通所介護】埼玉県幸手市西１丁目１５番３１号", "url": "https://www.kaigokensaku.mhlw.go.jp/11/index.php?action_kouhyou_detail_004_kani=true&JigyosyoCd=1176100871-00&ServiceCd=780&Type=search", "url2": null }, "geometry": { "type": "Point", "coordinates": [ 139.715339, 36.0833241 ] } },
{ "type": "Feature", "properties": { "内容": "きらめきリハビリデイサービス鶴ヶ島【地域密着型通所介護】埼玉県鶴ヶ島市五味ケ谷２３０－３", "url": "https://www.kaigokensaku.mhlw.go.jp/11/index.php?action_kouhyou_detail_004_kani=true&JigyosyoCd=1176200705-00&ServiceCd=780&Type=search", "url2": "http://kiramekiriha.com/" }, "geometry": { "type": "Point", "coordinates": [ 139.42046108924103, 35.945382035301094 ] } },
{ "type": "Feature", "properties": { "内容": "さわやか脚折町リハビリデイサービス【地域密着型通所介護】鶴ヶ島市脚折町5-21-2ソレイユ平野1F", "url": "https://www.kaigokensaku.mhlw.go.jp/11/index.php?action_kouhyou_detail_004_kani=true&JigyosyoCd=1176200598-00&ServiceCd=780&Type=search", "url2": null }, "geometry": { "type": "Point", "coordinates": [ 139.396647700000017, 35.9430387 ] } },
{ "type": "Feature", "properties": { "内容": "デイサービスほほえみ【地域密着型通所介護】埼玉県鶴ヶ島市高倉1059-1", "url": "https://www.kaigokensaku.mhlw.go.jp/11/index.php?action_kouhyou_detail_004_kani=true&JigyosyoCd=1196200131-00&ServiceCd=780&Type=search", "url2": "https://www.chureikai.com" }, "geometry": { "type": "Point", "coordinates": [ 139.373327300000028, 35.9245858 ] } },
{ "type": "Feature", "properties": { "内容": "さわやか新町リハビリデイサービス【地域密着型通所介護】埼玉県鶴ヶ島市新町1-7-1", "url": "https://www.kaigokensaku.mhlw.go.jp/11/index.php?action_kouhyou_detail_004_kani=true&JigyosyoCd=1176200754-00&ServiceCd=780&Type=search", "url2": "http://www.izunoyama-seikotsuin.com/" }, "geometry": { "type": "Point", "coordinates": [ 139.372900399999907, 35.9388692 ] } },
{ "type": "Feature", "properties": { "内容": "でいさーびすこころつるがしま【地域密着型通所介護】鶴ヶ丘23番地１", "url": "https://www.kaigokensaku.mhlw.go.jp/11/index.php?action_kouhyou_detail_004_kani=true&JigyosyoCd=1196200164-00&ServiceCd=780&Type=search", "url2": null }, "geometry": { "type": "Point", "coordinates": [ 139.418721179720819, 35.934089694374741 ] } },
{ "type": "Feature", "properties": { "内容": "高萩リハビリデイサービス【地域密着型通所介護】日高市高萩1141-1", "url": "https://www.kaigokensaku.mhlw.go.jp/11/index.php?action_kouhyou_detail_004_kani=true&JigyosyoCd=1176300539-00&ServiceCd=780&Type=search", "url2": null }, "geometry": { "type": "Point", "coordinates": [ 139.374592300000018, 35.9012292 ] } },
{ "type": "Feature", "properties": { "内容": "にこやか倶楽部　中鹿山【地域密着型通所介護】埼玉県日高市中鹿山133-1", "url": "https://www.kaigokensaku.mhlw.go.jp/11/index.php?action_kouhyou_detail_004_kani=true&JigyosyoCd=1176300307-00&ServiceCd=780&Type=search", "url2": "furusato@hanno.jp" }, "geometry": { "type": "Point", "coordinates": [ 139.343023200000061, 35.891182 ] } },
{ "type": "Feature", "properties": { "内容": "リハビリデイねむの木【地域密着型通所介護】埼玉県吉川市吉川1-28-1エトワール吉川1階", "url": "https://www.kaigokensaku.mhlw.go.jp/11/index.php?action_kouhyou_detail_004_kani=true&JigyosyoCd=1196400186-00&ServiceCd=780&Type=search", "url2": null }, "geometry": { "type": "Point", "coordinates": [ 139.842632, 35.890027900000014 ] } },
{ "type": "Feature", "properties": { "内容": "医療法人相羽医院　たんぽぽ【地域密着型通所介護】埼玉県吉川市中央３丁目２８番地２", "url": "https://www.kaigokensaku.mhlw.go.jp/11/index.php?action_kouhyou_detail_004_kani=true&JigyosyoCd=1176400412-00&ServiceCd=780&Type=search", "url2": "http://www.aibaiin.or.jp" }, "geometry": { "type": "Point", "coordinates": [ 139.857159799999948, 35.89257150000001 ] } },
{ "type": "Feature", "properties": { "内容": "社会福祉法人平成会　吉川平成園【地域密着型通所介護】埼玉県吉川市大字加藤字中道１８７－１", "url": "https://www.kaigokensaku.mhlw.go.jp/11/index.php?action_kouhyou_detail_004_kani=true&JigyosyoCd=1196400129-00&ServiceCd=780&Type=search", "url2": "https://y-heiseien.net/" }, "geometry": { "type": "Point", "coordinates": [ 139.8815153, 35.8889311 ] } },
{ "type": "Feature", "properties": { "内容": "ハピネス【地域密着型通所介護】埼玉県吉川市吉川団地1-6-101", "url": "https://www.kaigokensaku.mhlw.go.jp/11/index.php?action_kouhyou_detail_004_kani=true&JigyosyoCd=1196400194-00&ServiceCd=780&Type=search", "url2": "https://kaigonet.jp/item/?id=100224" }, "geometry": { "type": "Point", "coordinates": [ 139.846648, 35.8921833 ] } },
{ "type": "Feature", "properties": { "内容": "社会福祉法人　楽栄会　ききょう苑【地域密着型通所介護】吉川市大字飯島274番地", "url": "https://www.kaigokensaku.mhlw.go.jp/11/index.php?action_kouhyou_detail_004_kani=true&JigyosyoCd=1176400081-00&ServiceCd=780&Type=search", "url2": "http://kikyouen-rakueikai.jimdofree.com/" }, "geometry": { "type": "Point", "coordinates": [ 139.881380799999988, 35.8801282 ] } },
{ "type": "Feature", "properties": { "内容": "リハビリデイサービスＯＮＥ【地域密着型通所介護】埼玉県吉川市きよみ野2-25-1きよみ野ビル102", "url": "https://www.kaigokensaku.mhlw.go.jp/11/index.php?action_kouhyou_detail_004_kani=true&JigyosyoCd=1176400701-00&ServiceCd=780&Type=search", "url2": null }, "geometry": { "type": "Point", "coordinates": [ 139.848624064418004, 35.894352302846734 ] } },
{ "type": "Feature", "properties": { "内容": "リハビリ特化型自立支援型デイサービス　アクティブサポート【地域密着型通所介護】埼玉県吉川市平沼143番地1", "url": "https://www.kaigokensaku.mhlw.go.jp/11/index.php?action_kouhyou_detail_004_kani=true&JigyosyoCd=1196400145-00&ServiceCd=780&Type=search", "url2": "https://aktiv-sp.jp/" }, "geometry": { "type": "Point", "coordinates": [ 139.8413756, 35.8836863 ] } },
{ "type": "Feature", "properties": { "内容": "デイサービス　すずらんの花　2号館【地域密着型通所介護】埼玉県ふじみ野市鶴ケ岡2丁目２７－1", "url": "https://www.kaigokensaku.mhlw.go.jp/11/index.php?action_kouhyou_detail_004_kani=true&JigyosyoCd=1193000161-00&ServiceCd=780&Type=search", "url2": "htps://suzurannohana-ds.com" }, "geometry": { "type": "Point", "coordinates": [ 139.505730699999987, 35.8667465 ] } },
{ "type": "Feature", "properties": { "内容": "ビーナスプラスふじみ野【地域密着型通所介護】埼玉県ふじみ野市うれし野2-16-1LCモールうれし野1階A区画", "url": "https://www.kaigokensaku.mhlw.go.jp/11/index.php?action_kouhyou_detail_004_kani=true&JigyosyoCd=1193000187-00&ServiceCd=780&Type=search", "url2": "https://www.venus-comrade.co.jp/office/plus_fujimino/" }, "geometry": { "type": "Point", "coordinates": [ 139.52274240740968, 35.8562076 ] } },
{ "type": "Feature", "properties": { "内容": "デイサービスゆらぎの里【地域密着型通所介護】埼玉県ふじみ野市上福岡3－16－17", "url": "https://www.kaigokensaku.mhlw.go.jp/11/index.php?action_kouhyou_detail_004_kani=true&JigyosyoCd=1193000179-00&ServiceCd=780&Type=search", "url2": "https://www.yuraginosato.jp" }, "geometry": { "type": "Point", "coordinates": [ 139.517340722090154, 35.870549199344921 ] } },
{ "type": "Feature", "properties": { "内容": "なごみ【地域密着型通所介護】ふじみ野市川崎２－４－１０", "url": "https://www.kaigokensaku.mhlw.go.jp/11/index.php?action_kouhyou_detail_004_kani=true&JigyosyoCd=1173000702-00&ServiceCd=780&Type=search", "url2": "http://nakanokisetsu.com/nagomi/" }, "geometry": { "type": "Point", "coordinates": [ 139.520416299999965, 35.8860431 ] } },
{ "type": "Feature", "properties": { "内容": "aruku+【地域密着型通所介護】埼玉県ふじみ野市大井中央4-18-31　１Ｆ", "url": "https://www.kaigokensaku.mhlw.go.jp/11/index.php?action_kouhyou_detail_004_kani=true&JigyosyoCd=1173000959-00&ServiceCd=780&Type=search", "url2": "http://3810.co.jp" }, "geometry": { "type": "Point", "coordinates": [ 139.5053216, 35.8620428 ] } },
{ "type": "Feature", "properties": { "内容": "デイサービス　すずらんの花【地域密着型通所介護】埼玉県ふじみ野市鶴ヶ岡２丁目２７－３", "url": "https://www.kaigokensaku.mhlw.go.jp/11/index.php?action_kouhyou_detail_004_kani=true&JigyosyoCd=1173001049-00&ServiceCd=780&Type=search", "url2": "https://suzurannohana-ds.com/" }, "geometry": { "type": "Point", "coordinates": [ 139.5068963, 35.8653785 ] } },
{ "type": "Feature", "properties": { "内容": "きらめきリハビリデイサービスふじみ野【地域密着型通所介護】埼玉県ふじみ野市鶴ヶ岡2-3-19101", "url": "https://www.kaigokensaku.mhlw.go.jp/11/index.php?action_kouhyou_detail_004_kani=true&JigyosyoCd=1173000926-00&ServiceCd=780&Type=search", "url2": "https://wellbe-holdings.com/" }, "geometry": { "type": "Point", "coordinates": [ 139.506382499999972, 35.8642536 ] } },
{ "type": "Feature", "properties": { "内容": "脳卒中特化型デイサービスMano【地域密着型通所介護】埼玉県ふじみ野市亀久保１−３−１", "url": "https://www.kaigokensaku.mhlw.go.jp/11/index.php?action_kouhyou_detail_004_kani=true&JigyosyoCd=1193000195-00&ServiceCd=780&Type=search", "url2": "https://rehamano.com/day_service/" }, "geometry": { "type": "Point", "coordinates": [ 139.5088518, 35.8583526 ] } },
{ "type": "Feature", "properties": { "内容": "リハビリ＆ショッピングアヤカリナ【地域密着型通所介護】埼玉県ふじみ野市福岡2-1-6イオンタウンふじみ野3階", "url": "https://www.kaigokensaku.mhlw.go.jp/11/index.php?action_kouhyou_detail_004_kani=true&JigyosyoCd=1193000138-00&ServiceCd=780&Type=search", "url2": "https://ayakarina.com/" }, "geometry": { "type": "Point", "coordinates": [ 139.52299565076828, 35.879905560983119 ] } },
{ "type": "Feature", "properties": { "内容": "ほほえみケアセンター　リハビリデイサービス【地域密着型通所介護】埼玉県ふじみ野市福岡中央１－１－１６", "url": "https://www.kaigokensaku.mhlw.go.jp/11/index.php?action_kouhyou_detail_004_kani=true&JigyosyoCd=1173001031-00&ServiceCd=780&Type=search", "url2": "https://hohoemi-care.jp/" }, "geometry": { "type": "Point", "coordinates": [ 139.518194671935959, 35.873000136779105 ] } },
{ "type": "Feature", "properties": { "内容": "デイサービスセンターきずなふじみ野市西【地域密着型通所介護】埼玉県ふじみ野市西1-3-5", "url": "https://www.kaigokensaku.mhlw.go.jp/11/index.php?action_kouhyou_detail_004_kani=true&JigyosyoCd=1173001072-00&ServiceCd=780&Type=search", "url2": null }, "geometry": { "type": "Point", "coordinates": [ 139.507238, 35.87146060000002 ] } },
{ "type": "Feature", "properties": { "内容": "ふじみ野地域福祉事業所デイサービス「そらまめ」【地域密着型通所介護】埼玉県ふじみ野市川崎　232－1", "url": "https://www.kaigokensaku.mhlw.go.jp/11/index.php?action_kouhyou_detail_004_kani=true&JigyosyoCd=1173000843-00&ServiceCd=780&Type=search", "url2": "f-soramame.roukyou.gr.jp" }, "geometry": { "type": "Point", "coordinates": [ 139.51992956166302, 35.888337296873424 ] } },
{ "type": "Feature", "properties": { "内容": "デイサービス一番山車Neo【地域密着型通所介護】埼玉県白岡市篠津1924-3", "url": "https://www.kaigokensaku.mhlw.go.jp/11/index.php?action_kouhyou_detail_004_kani=true&JigyosyoCd=1196600033-00&ServiceCd=780&Type=search", "url2": "http://hp.kaipoke.biz/hpe/163874/index_0004.html" }, "geometry": { "type": "Point", "coordinates": [ 139.657784099999986, 36.0240117 ] } },
{ "type": "Feature", "properties": { "内容": "デイサービス一番山車【地域密着型通所介護】埼玉県白岡市篠津1926番地3", "url": "https://www.kaigokensaku.mhlw.go.jp/11/index.php?action_kouhyou_detail_004_kani=true&JigyosyoCd=1176600102-00&ServiceCd=780&Type=search", "url2": "https：//www.ichibandashi.info" }, "geometry": { "type": "Point", "coordinates": [ 139.657943499999988, 36.023969 ] } },
{ "type": "Feature", "properties": { "内容": "デイサービスセンターソラティア【地域密着型通所介護】白岡市小久喜２０１－１３", "url": "https://www.kaigokensaku.mhlw.go.jp/11/index.php?action_kouhyou_detail_004_kani=true&JigyosyoCd=1170500803-00&ServiceCd=780&Type=search", "url2": "https://e-crea.biz/daysolatia/" }, "geometry": { "type": "Point", "coordinates": [ 139.668220799999972, 36.0095827 ] } },
{ "type": "Feature", "properties": { "内容": "ご長寿くらぶ埼玉・伊奈中央デイサービスセンター【地域密着型通所介護】埼玉県北足立郡伊奈町中央３丁目３３２", "url": "https://www.kaigokensaku.mhlw.go.jp/11/index.php?action_kouhyou_detail_004_kani=true&JigyosyoCd=1191300068-00&ServiceCd=780&Type=search", "url2": "https://gotyoujyuclub.com/hometype/saitama/kitaadachi/7771" }, "geometry": { "type": "Point", "coordinates": [ 139.6203463, 36.0022586 ] } },
{ "type": "Feature", "properties": { "内容": "デイサービスセンター伊奈の里【地域密着型通所介護】埼玉県北足立郡伊奈町中央１－９３", "url": "https://www.kaigokensaku.mhlw.go.jp/11/index.php?action_kouhyou_detail_004_kani=true&JigyosyoCd=1171300062-00&ServiceCd=780&Type=search", "url2": "http://www.taijukai.com" }, "geometry": { "type": "Point", "coordinates": [ 139.615654649598696, 35.99769752485539 ] } },
{ "type": "Feature", "properties": { "内容": "ゆめこうぼう　虹【地域密着型通所介護】埼玉県北足立郡伊奈町中央2-320", "url": "https://www.kaigokensaku.mhlw.go.jp/11/index.php?action_kouhyou_detail_004_kani=true&JigyosyoCd=1171300393-00&ServiceCd=780&Type=search", "url2": "http://yume-niji.sakura.ne.jp" }, "geometry": { "type": "Point", "coordinates": [ 139.613339, 36.0018921 ] } },
{ "type": "Feature", "properties": { "内容": "デイサービスキラリ【地域密着型通所介護】埼玉県入間郡毛呂山町前久保南1-32-2", "url": "https://www.kaigokensaku.mhlw.go.jp/11/index.php?action_kouhyou_detail_004_kani=true&JigyosyoCd=1192400123-00&ServiceCd=780&Type=search", "url2": null }, "geometry": { "type": "Point", "coordinates": [ 139.322260700000015, 35.9471917 ] } },
{ "type": "Feature", "properties": { "内容": "通所介護事業所森林園【地域密着型通所介護】埼玉県比企郡滑川町大字羽尾字寺谷4738-2", "url": "https://www.kaigokensaku.mhlw.go.jp/11/index.php?action_kouhyou_detail_004_kani=true&JigyosyoCd=1173201532-00&ServiceCd=780&Type=search", "url2": "https://www.shinrinen.or.jp/" }, "geometry": { "type": "Point", "coordinates": [ 139.363083924883995, 36.055050064312717 ] } },
{ "type": "Feature", "properties": { "内容": "デイサービスくつろぎ庵【地域密着型通所介護】埼玉県比企郡嵐山町大字志賀480番地1", "url": "https://www.kaigokensaku.mhlw.go.jp/11/index.php?action_kouhyou_detail_004_kani=true&JigyosyoCd=1173202118-00&ServiceCd=780&Type=search", "url2": null }, "geometry": { "type": "Point", "coordinates": [ 139.321425699999963, 36.0503748 ] } },
{ "type": "Feature", "properties": { "内容": "デイサービスたんぽぽ【地域密着型通所介護】比企郡嵐山町菅谷378", "url": "https://www.kaigokensaku.mhlw.go.jp/11/index.php?action_kouhyou_detail_004_kani=true&JigyosyoCd=1173201003-00&ServiceCd=780&Type=search", "url2": null }, "geometry": { "type": "Point", "coordinates": [ 139.326170499999989, 36.0400121 ] } },
{ "type": "Feature", "properties": { "内容": "デイサービスプチモンド【地域密着型通所介護】埼玉県比企郡嵐山町菅谷690-10", "url": "https://www.kaigokensaku.mhlw.go.jp/11/index.php?action_kouhyou_detail_004_kani=true&JigyosyoCd=1173201664-00&ServiceCd=780&Type=search", "url2": "https://petit-monde.jp/" }, "geometry": { "type": "Point", "coordinates": [ 139.325681799999984, 36.0374097 ] } },
{ "type": "Feature", "properties": { "内容": "デイサービス　プチモンド都【地域密着型通所介護】埼玉県比企郡嵐山町菅谷618－8", "url": "https://www.kaigokensaku.mhlw.go.jp/11/index.php?action_kouhyou_detail_004_kani=true&JigyosyoCd=1173201862-00&ServiceCd=780&Type=search", "url2": "https://petit-monde.jp/" }, "geometry": { "type": "Point", "coordinates": [ 139.324292799999967, 36.0403399 ] } },
{ "type": "Feature", "properties": { "内容": "フィットネスももとせ【地域密着型通所介護】埼玉県比企郡小川町大塚３０９", "url": "https://www.kaigokensaku.mhlw.go.jp/11/index.php?action_kouhyou_detail_004_kani=true&JigyosyoCd=1173201847-00&ServiceCd=780&Type=search", "url2": "https://www.mhp.or.jp/momotose/" }, "geometry": { "type": "Point", "coordinates": [ 139.256751200000053, 36.0569859 ] } },
{ "type": "Feature", "properties": { "内容": "デイサービス　しらゆり【地域密着型通所介護】比企郡小川町下横田614-2", "url": "https://www.kaigokensaku.mhlw.go.jp/11/index.php?action_kouhyou_detail_004_kani=true&JigyosyoCd=1173201680-00&ServiceCd=780&Type=search", "url2": null }, "geometry": { "type": "Point", "coordinates": [ 139.2865064, 36.070649 ] } },
{ "type": "Feature", "properties": { "内容": "あゆみ　デイサービスセンター【地域密着型通所介護】埼玉県比企郡小川町能増467番地2", "url": "https://www.kaigokensaku.mhlw.go.jp/11/index.php?action_kouhyou_detail_004_kani=true&JigyosyoCd=1173202027-00&ServiceCd=780&Type=search", "url2": "http://nikko-job.jp/" }, "geometry": { "type": "Point", "coordinates": [ 139.279044900000031, 36.0890351 ] } },
{ "type": "Feature", "properties": { "内容": "みどりの郷あすか川島【地域密着型通所介護】埼玉県比企郡川島町吹塚819", "url": "https://www.kaigokensaku.mhlw.go.jp/11/index.php?action_kouhyou_detail_004_kani=true&JigyosyoCd=1173201508-00&ServiceCd=780&Type=search", "url2": "http://midorinosatoasuka.com/" }, "geometry": { "type": "Point", "coordinates": [ 139.440916600000037, 35.991508 ] } },
{ "type": "Feature", "properties": { "内容": "もみリハの家川島【地域密着型通所介護】埼玉県比企郡川島町上伊草1616-1", "url": "https://www.kaigokensaku.mhlw.go.jp/11/index.php?action_kouhyou_detail_004_kani=true&JigyosyoCd=1193200290-00&ServiceCd=780&Type=search", "url2": "https://grow-forcekaigo.com/day-service/momiriha-kawashima/" }, "geometry": { "type": "Point", "coordinates": [ 139.461994800000014, 35.9743705 ] } },
{ "type": "Feature", "properties": { "内容": "デイサービスセンター　よしみの【地域密着型通所介護】埼玉県比企郡吉見町地頭方３３３ケアハウスよしみの", "url": "https://www.kaigokensaku.mhlw.go.jp/11/index.php?action_kouhyou_detail_004_kani=true&JigyosyoCd=1193200209-00&ServiceCd=780&Type=search", "url2": "http://www.yoshimino.or.jp" }, "geometry": { "type": "Point", "coordinates": [ 139.457889886508156, 36.060493807065917 ] } },
{ "type": "Feature", "properties": { "内容": "株式会社　なの花苑　デイサービス　なの花苑【地域密着型通所介護】埼玉県比企郡吉見町飯島新田７８０", "url": "https://www.kaigokensaku.mhlw.go.jp/11/index.php?action_kouhyou_detail_004_kani=true&JigyosyoCd=1173201730-00&ServiceCd=780&Type=search", "url2": null }, "geometry": { "type": "Point", "coordinates": [ 139.484166800000025, 36.027049900000016 ] } },
{ "type": "Feature", "properties": { "内容": "リハビリデイサービス　やまざき【地域密着型通所介護】山ノ下886", "url": "https://www.kaigokensaku.mhlw.go.jp/11/index.php?action_kouhyou_detail_004_kani=true&JigyosyoCd=1173201839-00&ServiceCd=780&Type=search", "url2": "https://rihabiridayymzk.wixsite.com/home" }, "geometry": { "type": "Point", "coordinates": [ 139.073995599999989, 37.9401094 ] } },
{ "type": "Feature", "properties": { "内容": "デイサービス　ねむの木【地域密着型通所介護】比企郡鳩山町大豆戸127-1", "url": "https://www.kaigokensaku.mhlw.go.jp/11/index.php?action_kouhyou_detail_004_kani=true&JigyosyoCd=1173201805-00&ServiceCd=780&Type=search", "url2": null }, "geometry": { "type": "Point", "coordinates": [ 139.336826747885226, 35.975618443781926 ] } },
{ "type": "Feature", "properties": { "内容": "鳩山松寿園デイサービスセンター【地域密着型通所介護】埼玉県比企郡鳩山町大字小用５５４番地", "url": "https://www.kaigokensaku.mhlw.go.jp/11/index.php?action_kouhyou_detail_004_kani=true&JigyosyoCd=1193200241-00&ServiceCd=780&Type=search", "url2": "http://shoujukai.com" }, "geometry": { "type": "Point", "coordinates": [ 139.3312944, 35.9645639 ] } },
{ "type": "Feature", "properties": { "内容": "グレープフルーツリハビリデイサービス【地域密着型通所介護】埼玉県比企郡ときがわ町大字玉川２７０３番地２", "url": "https://www.kaigokensaku.mhlw.go.jp/11/index.php?action_kouhyou_detail_004_kani=true&JigyosyoCd=1173202001-00&ServiceCd=780&Type=search", "url2": null }, "geometry": { "type": "Point", "coordinates": [ 139.295412299999953, 36.0102419 ] } },
{ "type": "Feature", "properties": { "内容": "ぶこうの里デイサービスセンター【地域密着型通所介護】秩父郡横瀬町横瀬1170-20", "url": "https://www.kaigokensaku.mhlw.go.jp/11/index.php?action_kouhyou_detail_004_kani=true&JigyosyoCd=1174800779-00&ServiceCd=780&Type=search", "url2": null }, "geometry": { "type": "Point", "coordinates": [ 139.107597899999973, 35.9814371 ] } },
{ "type": "Feature", "properties": { "内容": "ライフアップサポート　おたっしゃ倶楽部【地域密着型通所介護】埼玉県秩父郡横瀬町大字横瀬4549番地1", "url": "https://www.kaigokensaku.mhlw.go.jp/11/index.php?action_kouhyou_detail_004_kani=true&JigyosyoCd=1174801058-00&ServiceCd=780&Type=search", "url2": "http://www.lifeupsupport.org/" }, "geometry": { "type": "Point", "coordinates": [ 139.100023599999986, 35.9879057 ] } },
{ "type": "Feature", "properties": { "内容": "デイサービスほのか【地域密着型通所介護】埼玉県秩父郡横瀬町大字横瀬4641-5", "url": "https://www.kaigokensaku.mhlw.go.jp/11/index.php?action_kouhyou_detail_004_kani=true&JigyosyoCd=1174800985-00&ServiceCd=780&Type=search", "url2": null }, "geometry": { "type": "Point", "coordinates": [ 139.09742110000002, 35.9895639 ] } },
{ "type": "Feature", "properties": { "内容": "デイサービスやまなみ【地域密着型通所介護】秩父郡皆野町大渕６１６番地３", "url": "https://www.kaigokensaku.mhlw.go.jp/11/index.php?action_kouhyou_detail_004_kani=true&JigyosyoCd=1174900801-00&ServiceCd=780&Type=search", "url2": null }, "geometry": { "type": "Point", "coordinates": [ 139.077800700000012, 35.9959074 ] } },
{ "type": "Feature", "properties": { "内容": "デイサービスだいきゅう【地域密着型通所介護】埼玉県秩父郡皆野町皆野187", "url": "https://www.kaigokensaku.mhlw.go.jp/11/index.php?action_kouhyou_detail_004_kani=true&JigyosyoCd=1174801116-00&ServiceCd=780&Type=search", "url2": null }, "geometry": { "type": "Point", "coordinates": [ 139.094944, 36.062302 ] } },
{ "type": "Feature", "properties": { "内容": "デイサービス　くつろぎ【地域密着型通所介護】埼玉県秩父郡長瀞町大字野上下郷４２８", "url": "https://www.kaigokensaku.mhlw.go.jp/11/index.php?action_kouhyou_detail_004_kani=true&JigyosyoCd=1194800130-00&ServiceCd=780&Type=search", "url2": "http://www.nagatoroen.com/" }, "geometry": { "type": "Point", "coordinates": [ 139.123128800000018, 36.136611 ] } },
{ "type": "Feature", "properties": { "内容": "デイサービス　ながとろ【地域密着型通所介護】埼玉県秩父郡長瀞町大字岩田２６９－２", "url": "https://www.kaigokensaku.mhlw.go.jp/11/index.php?action_kouhyou_detail_004_kani=true&JigyosyoCd=1174800878-00&ServiceCd=780&Type=search", "url2": "aoba-home.com" }, "geometry": { "type": "Point", "coordinates": [ 139.126720100000057, 36.1290652 ] } },
{ "type": "Feature", "properties": { "内容": "さくら【地域密着型通所介護】埼玉県秩父郡小鹿野町般若８２１", "url": "https://www.kaigokensaku.mhlw.go.jp/11/index.php?action_kouhyou_detail_004_kani=true&JigyosyoCd=1174800480-00&ServiceCd=780&Type=search", "url2": null }, "geometry": { "type": "Point", "coordinates": [ 139.033421399999952, 35.9964346 ] } },
{ "type": "Feature", "properties": { "内容": "ありの実デイサービス【地域密着型通所介護】埼玉県児玉郡神川町大字元阿保778－1", "url": "https://www.kaigokensaku.mhlw.go.jp/11/index.php?action_kouhyou_detail_004_kani=true&JigyosyoCd=1174201168-00&ServiceCd=780&Type=search", "url2": "http://arinomihiroba.web.fc2.com/" }, "geometry": { "type": "Point", "coordinates": [ 139.109543700000017, 36.2256423 ] } },
{ "type": "Feature", "properties": { "内容": "デイサービス梨花【地域密着型通所介護】埼玉県児玉郡神川町関口133-1", "url": "https://www.kaigokensaku.mhlw.go.jp/11/index.php?action_kouhyou_detail_004_kani=true&JigyosyoCd=1194200224-00&ServiceCd=780&Type=search", "url2": "yuinokokoro.com" }, "geometry": { "type": "Point", "coordinates": [ 139.102906, 36.219326 ] } },
{ "type": "Feature", "properties": { "内容": "デイサービスセンターゆたか【地域密着型通所介護】埼玉県児玉郡上里町七本木2955-2", "url": "https://www.kaigokensaku.mhlw.go.jp/11/index.php?action_kouhyou_detail_004_kani=true&JigyosyoCd=1174201309-00&ServiceCd=780&Type=search", "url2": "https://nh-kokoro.jp/" }, "geometry": { "type": "Point", "coordinates": [ 139.148664599999961, 36.2373527 ] } },
{ "type": "Feature", "properties": { "内容": "あかつき苑【地域密着型通所介護】埼玉県大里郡寄居町西ノ入１７９９－１", "url": "https://www.kaigokensaku.mhlw.go.jp/11/index.php?action_kouhyou_detail_004_kani=true&JigyosyoCd=1174501401-00&ServiceCd=780&Type=search", "url2": "http://www..gh-akatuki.net/" }, "geometry": { "type": "Point", "coordinates": [ 139.194430399999987, 36.0841558 ] } },
{ "type": "Feature", "properties": { "内容": "デイサービスセンタースマイル【地域密着型通所介護】埼玉県大里郡寄居町大字用土２４５１番地２グリーンビレッジ大里", "url": "https://www.kaigokensaku.mhlw.go.jp/11/index.php?action_kouhyou_detail_004_kani=true&JigyosyoCd=1194500144-00&ServiceCd=780&Type=search", "url2": "http://gv-go.com" }, "geometry": { "type": "Point", "coordinates": [ 139.19011439999997, 36.1760103 ] } },
{ "type": "Feature", "properties": { "内容": "デイサービスセンターよりいほうむ【地域密着型通所介護】埼玉県大里郡寄居町大字寄居１７１２番地１", "url": "https://www.kaigokensaku.mhlw.go.jp/11/index.php?action_kouhyou_detail_004_kani=true&JigyosyoCd=1174501252-00&ServiceCd=780&Type=search", "url2": null }, "geometry": { "type": "Point", "coordinates": [ 139.182290200000011, 36.120323 ] } },
{ "type": "Feature", "properties": { "内容": "うぐいすの森デイサービスセンター【地域密着型通所介護】埼玉県大里郡寄居町桜沢3573-1", "url": "https://www.kaigokensaku.mhlw.go.jp/11/index.php?action_kouhyou_detail_004_kani=true&JigyosyoCd=1174501393-00&ServiceCd=780&Type=search", "url2": null }, "geometry": { "type": "Point", "coordinates": [ 139.199433199999987, 36.1323967 ] } },
{ "type": "Feature", "properties": { "内容": "あきやま苑デイサービスセンター【地域密着型通所介護】埼玉県大里郡寄居町寄居141-1", "url": "https://www.kaigokensaku.mhlw.go.jp/11/index.php?action_kouhyou_detail_004_kani=true&JigyosyoCd=1174500288-00&ServiceCd=780&Type=search", "url2": "http://eijyukai-akiyamaen.jp" }, "geometry": { "type": "Point", "coordinates": [ 139.187579882828771, 36.11821702878381 ] } },
{ "type": "Feature", "properties": { "内容": "デイサービスセンターリンク【地域密着型通所介護】埼玉県南埼玉郡宮代町川端3丁目11番地38", "url": "https://www.kaigokensaku.mhlw.go.jp/11/index.php?action_kouhyou_detail_004_kani=true&JigyosyoCd=1170501025-00&ServiceCd=780&Type=search", "url2": "http://www.e-crea.biz" }, "geometry": { "type": "Point", "coordinates": [ 139.743247419574004, 36.003478335453494 ] } },
{ "type": "Feature", "properties": { "内容": "デイサービス喜楽里【地域密着型通所介護】埼玉県南埼玉郡宮代町川端３－８－２５", "url": "https://www.kaigokensaku.mhlw.go.jp/11/index.php?action_kouhyou_detail_004_kani=true&JigyosyoCd=1170500597-00&ServiceCd=780&Type=search", "url2": "http://www.kirari.or.jp/" }, "geometry": { "type": "Point", "coordinates": [ 139.7420651, 36.0031978 ] } },
{ "type": "Feature", "properties": { "内容": "デイサービス　わたや【地域密着型通所介護】埼玉県北葛飾郡杉戸町清地３－８－２２", "url": "https://www.kaigokensaku.mhlw.go.jp/11/index.php?action_kouhyou_detail_004_kani=true&JigyosyoCd=1171101361-00&ServiceCd=780&Type=search", "url2": "http://www.sugito-wataya.com/" }, "geometry": { "type": "Point", "coordinates": [ 139.739890374205061, 36.023272791863043 ] } },
{ "type": "Feature", "properties": { "内容": "デイサービスやすらぎ【地域密着型通所介護】埼玉県北葛飾郡杉戸町清地6-2-7", "url": "https://www.kaigokensaku.mhlw.go.jp/11/index.php?action_kouhyou_detail_004_kani=true&JigyosyoCd=1171100637-00&ServiceCd=780&Type=search", "url2": "ｔｃｓｙｇ.ｃｏｍ/ｄａｙ‐ｓｅｒｖｉｃｅ" }, "geometry": { "type": "Point", "coordinates": [ 139.740645776057391, 36.029017979223582 ] } },
{ "type": "Feature", "properties": { "内容": "デイサービスフローラ杉戸【地域密着型通所介護】埼玉県北葛飾郡杉戸町内田4-2-15", "url": "https://www.kaigokensaku.mhlw.go.jp/11/index.php?action_kouhyou_detail_004_kani=true&JigyosyoCd=1171101494-00&ServiceCd=780&Type=search", "url2": "http://flora-day.com/sugito/" }, "geometry": { "type": "Point", "coordinates": [ 139.7297704, 36.0359246 ] } },
{ "type": "Feature", "properties": { "内容": "社会福祉法人松大会デイサービスセンター【地域密着型通所介護】埼玉県北葛飾郡松伏町大川戸９６８ー１", "url": "https://www.kaigokensaku.mhlw.go.jp/11/index.php?action_kouhyou_detail_004_kani=true&JigyosyoCd=1171100371-00&ServiceCd=780&Type=search", "url2": "http://www.midorien.com" }, "geometry": { "type": "Point", "coordinates": [ 139.820538299999953, 35.9354663 ] } },
{ "type": "Feature", "properties": { "内容": "デイサービス　さとうきび畑【地域密着型通所介護】埼玉県北葛飾郡松伏町築比地４６－４３", "url": "https://www.kaigokensaku.mhlw.go.jp/11/index.php?action_kouhyou_detail_004_kani=true&JigyosyoCd=1171101478-00&ServiceCd=780&Type=search", "url2": null }, "geometry": { "type": "Point", "coordinates": [ 139.837166662565522, 35.947236884323203 ] } }
]
}
