{
"type": "FeatureCollection",
"name": "geo_11_居宅介護支援",
"crs": { "type": "name", "properties": { "name": "urn:ogc:def:crs:OGC:1.3:CRS84" } },
"features": [
{ "type": "Feature", "properties": { "内容": "ケアプランきろろ【居宅介護支援】宮前町665-36宮前ビル3F", "url2": "https://www.kaigokensaku.mhlw.go.jp/11/index.php?action_kouhyou_detail_004_kani=true&JigyosyoCd=1176521506-00&ServiceCd=430&Type=search" }, "geometry": { "type": "Point", "coordinates": [ 139.587935, 35.9241028 ] } },
{ "type": "Feature", "properties": { "内容": "居宅介護支援事業所ケアオフィスわかば【居宅介護支援】埼玉県さいたま市西区土屋430-1ヴィレッティーナ指扇102号室", "url2": "https://www.kaigokensaku.mhlw.go.jp/11/index.php?action_kouhyou_detail_004_kani=true&JigyosyoCd=1176521498-00&ServiceCd=430&Type=search" }, "geometry": { "type": "Point", "coordinates": [ 139.568635699999987, 35.9120321 ] } },
{ "type": "Feature", "properties": { "内容": "ケアプランセンター扇の森【居宅介護支援】さいたま市西区高木６０２", "url2": "https://www.kaigokensaku.mhlw.go.jp/11/index.php?action_kouhyou_detail_004_kani=true&JigyosyoCd=1176502688-00&ServiceCd=430&Type=search" }, "geometry": { "type": "Point", "coordinates": [ 139.567250400000034, 35.9268355 ] } },
{ "type": "Feature", "properties": { "内容": "三恵苑在宅介護支援センター【居宅介護支援】さいたま市西区高木892番地", "url2": "https://www.kaigokensaku.mhlw.go.jp/11/index.php?action_kouhyou_detail_004_kani=true&JigyosyoCd=1170300204-00&ServiceCd=430&Type=search" }, "geometry": { "type": "Point", "coordinates": [ 139.57285550000006, 35.9319818 ] } },
{ "type": "Feature", "properties": { "内容": "医療法人社団　松弘会　居宅介護支援事業所　トワ－ム指扇【居宅介護支援】さいたま市西区宝来591", "url2": "https://www.kaigokensaku.mhlw.go.jp/11/index.php?action_kouhyou_detail_004_kani=true&JigyosyoCd=1176505525-00&ServiceCd=430&Type=search" }, "geometry": { "type": "Point", "coordinates": [ 139.5578789, 35.9269635 ] } },
{ "type": "Feature", "properties": { "内容": "愛の家居宅介護支援センター大宮指扇【居宅介護支援】埼玉県さいたま市西区指扇５６６－１", "url2": "https://www.kaigokensaku.mhlw.go.jp/11/index.php?action_kouhyou_detail_004_kani=true&JigyosyoCd=1176501888-00&ServiceCd=430&Type=search" }, "geometry": { "type": "Point", "coordinates": [ 139.584493800000018, 35.90878 ] } },
{ "type": "Feature", "properties": { "内容": "わんわん介護【居宅介護支援】埼玉県さいたま市西区三橋5－600－1", "url2": "https://www.kaigokensaku.mhlw.go.jp/11/index.php?action_kouhyou_detail_004_kani=true&JigyosyoCd=1176510954-00&ServiceCd=430&Type=search" }, "geometry": { "type": "Point", "coordinates": [ 139.592793, 35.9113214 ] } },
{ "type": "Feature", "properties": { "内容": "医療生協おおみやケアセンター【居宅介護支援】さいたま市西区指扇1070", "url2": "https://www.kaigokensaku.mhlw.go.jp/11/index.php?action_kouhyou_detail_004_kani=true&JigyosyoCd=1176502829-00&ServiceCd=430&Type=search" }, "geometry": { "type": "Point", "coordinates": [ 139.578630299999986, 35.9122433 ] } },
{ "type": "Feature", "properties": { "内容": "合同会社華齢なるケアマネたち【居宅介護支援】埼玉県さいたま市西区大字内野本郷693番地46", "url2": "https://www.kaigokensaku.mhlw.go.jp/11/index.php?action_kouhyou_detail_004_kani=true&JigyosyoCd=1176512661-00&ServiceCd=430&Type=search" }, "geometry": { "type": "Point", "coordinates": [ 139.596920400000045, 35.9362617 ] } },
{ "type": "Feature", "properties": { "内容": "ケアオフィスわきた【居宅介護支援】埼玉県さいたま市西区佐知川1112-2ハイシマコーポラス202", "url2": "https://www.kaigokensaku.mhlw.go.jp/11/index.php?action_kouhyou_detail_004_kani=true&JigyosyoCd=1176510665-00&ServiceCd=430&Type=search" }, "geometry": { "type": "Point", "coordinates": [ 139.584466099999986, 35.9012312 ] } },
{ "type": "Feature", "properties": { "内容": "居宅介護支援事業所　緑水苑指扇【居宅介護支援】さいたま市西区指扇1570-2", "url2": "https://www.kaigokensaku.mhlw.go.jp/11/index.php?action_kouhyou_detail_004_kani=true&JigyosyoCd=1176512695-00&ServiceCd=430&Type=search" }, "geometry": { "type": "Point", "coordinates": [ 139.582202300000063, 35.9156233 ] } },
{ "type": "Feature", "properties": { "内容": "中野林ゆめの園在宅介護支援センター【居宅介護支援】埼玉県さいたま市西区大字中野林字中郷６５０番１", "url2": "https://www.kaigokensaku.mhlw.go.jp/11/index.php?action_kouhyou_detail_004_kani=true&JigyosyoCd=1176501169-00&ServiceCd=430&Type=search" }, "geometry": { "type": "Point", "coordinates": [ 139.584816600000067, 35.8913657 ] } },
{ "type": "Feature", "properties": { "内容": "プライエボーリ　くるみ【居宅介護支援】埼玉県さいたま市西区西遊馬367-5", "url2": "https://www.kaigokensaku.mhlw.go.jp/11/index.php?action_kouhyou_detail_004_kani=true&JigyosyoCd=1176505533-00&ServiceCd=430&Type=search" }, "geometry": { "type": "Point", "coordinates": [ 139.575580059524555, 35.904514100000014 ] } },
{ "type": "Feature", "properties": { "内容": "リハ倶楽部さくら【居宅介護支援】さいたま市西区宮前町１９２－１", "url2": "https://www.kaigokensaku.mhlw.go.jp/11/index.php?action_kouhyou_detail_004_kani=true&JigyosyoCd=1176503348-00&ServiceCd=430&Type=search" }, "geometry": { "type": "Point", "coordinates": [ 139.591271, 35.9232692 ] } },
{ "type": "Feature", "properties": { "内容": "ケアサポート果林【居宅介護支援】埼玉県さいたま市西区大字西新井505-12", "url2": "https://www.kaigokensaku.mhlw.go.jp/11/index.php?action_kouhyou_detail_004_kani=true&JigyosyoCd=1176517652-00&ServiceCd=430&Type=search" }, "geometry": { "type": "Point", "coordinates": [ 139.585116609177504, 35.94456778665139 ] } },
{ "type": "Feature", "properties": { "内容": "敬寿園宝来ホーム居宅介護支援センター【居宅介護支援】埼玉県さいたま市西区宝来86番地1特別養護老人ホーム　敬寿園宝来ホーム内", "url2": "https://www.kaigokensaku.mhlw.go.jp/11/index.php?action_kouhyou_detail_004_kani=true&JigyosyoCd=1176503751-00&ServiceCd=430&Type=search" }, "geometry": { "type": "Point", "coordinates": [ 139.554042900000013, 35.9316795 ] } },
{ "type": "Feature", "properties": { "内容": "介護相談センター　琉聖【居宅介護支援】大字土屋１７３４番地１上新田アパート２０１", "url2": "https://www.kaigokensaku.mhlw.go.jp/11/index.php?action_kouhyou_detail_004_kani=true&JigyosyoCd=1176518692-00&ServiceCd=430&Type=search" }, "geometry": { "type": "Point", "coordinates": [ 139.5704781, 35.9122333 ] } },
{ "type": "Feature", "properties": { "内容": "居宅介護支援事業所　指扇北【居宅介護支援】指扇宝来776番地1", "url2": "https://www.kaigokensaku.mhlw.go.jp/11/index.php?action_kouhyou_detail_004_kani=true&JigyosyoCd=1176517553-00&ServiceCd=430&Type=search" }, "geometry": { "type": "Point", "coordinates": [ 139.557892751051327, 35.923641412690223 ] } },
{ "type": "Feature", "properties": { "内容": "ケアプラン西大宮　萌【居宅介護支援】埼玉県さいたま市西区指扇757番地1", "url2": "https://www.kaigokensaku.mhlw.go.jp/11/index.php?action_kouhyou_detail_004_kani=true&JigyosyoCd=1176519278-00&ServiceCd=430&Type=search" }, "geometry": { "type": "Point", "coordinates": [ 139.5759162, 35.9106988 ] } },
{ "type": "Feature", "properties": { "内容": "くるみ【居宅介護支援】さいたま市西区西遊馬1259-2", "url2": "https://www.kaigokensaku.mhlw.go.jp/11/index.php?action_kouhyou_detail_004_kani=true&JigyosyoCd=1170300113-00&ServiceCd=430&Type=search" }, "geometry": { "type": "Point", "coordinates": [ 139.5639509, 35.9144486 ] } },
{ "type": "Feature", "properties": { "内容": "高齢者ケアセンターゆらぎ　居宅介護支援センター【居宅介護支援】埼玉県さいたま市西区西遊馬1556-1", "url2": "https://www.kaigokensaku.mhlw.go.jp/11/index.php?action_kouhyou_detail_004_kani=true&JigyosyoCd=1170300865-00&ServiceCd=430&Type=search" }, "geometry": { "type": "Point", "coordinates": [ 139.564767599999982, 35.9113325 ] } },
{ "type": "Feature", "properties": { "内容": "すみれ居宅介護支援合同会社【居宅介護支援】埼玉県さいたま市西区大字佐知川1360番地2号", "url2": "https://www.kaigokensaku.mhlw.go.jp/11/index.php?action_kouhyou_detail_004_kani=true&JigyosyoCd=1176508065-00&ServiceCd=430&Type=search" }, "geometry": { "type": "Point", "coordinates": [ 139.577383300000065, 35.9034393 ] } },
{ "type": "Feature", "properties": { "内容": "ケアプランサービス茉莉花馬宮【居宅介護支援】埼玉県さいたま市西区二ツ宮280-34", "url2": "https://www.kaigokensaku.mhlw.go.jp/11/index.php?action_kouhyou_detail_004_kani=true&JigyosyoCd=1176518650-00&ServiceCd=430&Type=search" }, "geometry": { "type": "Point", "coordinates": [ 139.582292634393326, 35.89434786291455 ] } },
{ "type": "Feature", "properties": { "内容": "居宅介護支援事業所　春陽苑【居宅介護支援】埼玉県さいたま市西区飯田新田91-1", "url2": "https://www.kaigokensaku.mhlw.go.jp/11/index.php?action_kouhyou_detail_004_kani=true&JigyosyoCd=1170300212-00&ServiceCd=430&Type=search" }, "geometry": { "type": "Point", "coordinates": [ 139.559774299999958, 35.8880939 ] } },
{ "type": "Feature", "properties": { "内容": "いきサポ相談事務所【居宅介護支援】埼玉県さいたま市西区二ツ宮697-1", "url2": "https://www.kaigokensaku.mhlw.go.jp/11/index.php?action_kouhyou_detail_004_kani=true&JigyosyoCd=1176514972-00&ServiceCd=430&Type=search" }, "geometry": { "type": "Point", "coordinates": [ 139.578233800000021, 35.8915463 ] } },
{ "type": "Feature", "properties": { "内容": "居宅介護支援事業所あさがお清河寺【居宅介護支援】埼玉県さいたま市西区内野本郷1004モルゲンハイム103号室", "url2": "https://www.kaigokensaku.mhlw.go.jp/11/index.php?action_kouhyou_detail_004_kani=true&JigyosyoCd=1176515250-00&ServiceCd=430&Type=search" }, "geometry": { "type": "Point", "coordinates": [ 139.58814908898492, 35.936403784334885 ] } },
{ "type": "Feature", "properties": { "内容": "ケア大宮花の丘居宅介護支援センター【居宅介護支援】埼玉県さいたま市西区内野本郷９７５番地５", "url2": "https://www.kaigokensaku.mhlw.go.jp/11/index.php?action_kouhyou_detail_004_kani=true&JigyosyoCd=1176504007-00&ServiceCd=430&Type=search" }, "geometry": { "type": "Point", "coordinates": [ 139.5905682, 35.9383498 ] } },
{ "type": "Feature", "properties": { "内容": "UCOSケアプランセンター【居宅介護支援】埼玉県さいたま市北区櫛引町２－２２１チェリーハウス大宮101", "url2": "https://www.kaigokensaku.mhlw.go.jp/11/index.php?action_kouhyou_detail_004_kani=true&JigyosyoCd=1176521407-00&ServiceCd=430&Type=search" }, "geometry": { "type": "Point", "coordinates": [ 139.6103211, 35.9182058 ] } },
{ "type": "Feature", "properties": { "内容": "ふくしのまち大宮【居宅介護支援】埼玉県さいたま市北区櫛引町2-271-1川善ビル2-A", "url2": "https://www.kaigokensaku.mhlw.go.jp/11/index.php?action_kouhyou_detail_004_kani=true&JigyosyoCd=1176510764-00&ServiceCd=430&Type=search" }, "geometry": { "type": "Point", "coordinates": [ 139.609677599999941, 35.9187014 ] } },
{ "type": "Feature", "properties": { "内容": "ケアプランセンター今羽の森【居宅介護支援】埼玉県さいたま市北区今羽町650-1", "url2": "https://www.kaigokensaku.mhlw.go.jp/11/index.php?action_kouhyou_detail_004_kani=true&JigyosyoCd=1176509204-00&ServiceCd=430&Type=search" }, "geometry": { "type": "Point", "coordinates": [ 139.625239700000066, 35.950919 ] } },
{ "type": "Feature", "properties": { "内容": "ケアプランセンター　なごみの栞【居宅介護支援】埼玉県さいたま市北区宮原町4丁目２３番地７コーポ中里１０１", "url2": "https://www.kaigokensaku.mhlw.go.jp/11/index.php?action_kouhyou_detail_004_kani=true&JigyosyoCd=1176519757-00&ServiceCd=430&Type=search" }, "geometry": { "type": "Point", "coordinates": [ 139.611196600000028, 35.94625 ] } },
{ "type": "Feature", "properties": { "内容": "医療法人社団彩明会　大宮居宅介護支援事業所【居宅介護支援】埼玉県さいたま市北区植竹町1丁目755-2TKビル2階", "url2": "https://www.kaigokensaku.mhlw.go.jp/11/index.php?action_kouhyou_detail_004_kani=true&JigyosyoCd=1176518452-00&ServiceCd=430&Type=search" }, "geometry": { "type": "Point", "coordinates": [ 139.6201671, 35.9294763 ] } },
{ "type": "Feature", "properties": { "内容": "にっしんけあぷらん【居宅介護支援】埼玉県さいたま市北区日進町1-600", "url2": "https://www.kaigokensaku.mhlw.go.jp/11/index.php?action_kouhyou_detail_004_kani=true&JigyosyoCd=1176510673-00&ServiceCd=430&Type=search" }, "geometry": { "type": "Point", "coordinates": [ 139.603269899999987, 35.924677899999978 ] } },
{ "type": "Feature", "properties": { "内容": "エスケアステーションさいたま北　居宅介護支援【居宅介護支援】埼玉県さいたま市北区奈良町３３－３１ピュアレジデンス１０３", "url2": "https://www.kaigokensaku.mhlw.go.jp/11/index.php?action_kouhyou_detail_004_kani=true&JigyosyoCd=1176512380-00&ServiceCd=430&Type=search" }, "geometry": { "type": "Point", "coordinates": [ 139.605411, 35.9475825 ] } },
{ "type": "Feature", "properties": { "内容": "ゆめの園奈良　居宅介護支援センター【居宅介護支援】埼玉県さいたま市北区奈良町54-1ＳＧＫマンションパピオール１Ｆ", "url2": "https://www.kaigokensaku.mhlw.go.jp/11/index.php?action_kouhyou_detail_004_kani=true&JigyosyoCd=1176506788-00&ServiceCd=430&Type=search" }, "geometry": { "type": "Point", "coordinates": [ 139.603435328080764, 35.940971231805769 ] } },
{ "type": "Feature", "properties": { "内容": "ケアプラン　ひばり日進【居宅介護支援】埼玉県さいたま市北区日進町２-1086-5", "url2": "https://www.kaigokensaku.mhlw.go.jp/11/index.php?action_kouhyou_detail_004_kani=true&JigyosyoCd=1176517082-00&ServiceCd=430&Type=search" }, "geometry": { "type": "Point", "coordinates": [ 139.6062373, 35.9300151 ] } },
{ "type": "Feature", "properties": { "内容": "あけぼし居宅介護支援事業所【居宅介護支援】埼玉県さいたま市北区吉野町1-3-1茂木ビル2F", "url2": "https://www.kaigokensaku.mhlw.go.jp/11/index.php?action_kouhyou_detail_004_kani=true&JigyosyoCd=1176508651-00&ServiceCd=430&Type=search" }, "geometry": { "type": "Point", "coordinates": [ 139.621964771085914, 35.946955493523184 ] } },
{ "type": "Feature", "properties": { "内容": "学研ココファンしらかば【居宅介護支援】埼玉県さいたま市北区吉野町2-210-1", "url2": "https://www.kaigokensaku.mhlw.go.jp/11/index.php?action_kouhyou_detail_004_kani=true&JigyosyoCd=1176510848-00&ServiceCd=430&Type=search" }, "geometry": { "type": "Point", "coordinates": [ 139.6068189, 35.9579309 ] } },
{ "type": "Feature", "properties": { "内容": "居宅介護支援事業所たんとん【居宅介護支援】さいたま市北区土呂町２－１２－１８中橋ビル２０２号室", "url2": "https://www.kaigokensaku.mhlw.go.jp/11/index.php?action_kouhyou_detail_004_kani=true&JigyosyoCd=1176500104-00&ServiceCd=430&Type=search" }, "geometry": { "type": "Point", "coordinates": [ 139.632796399999961, 35.9325069 ] } },
{ "type": "Feature", "properties": { "内容": "いい・らいふ吉野町【居宅介護支援】埼玉県さいたま市北区吉野町2-281-5　AYAビル２FAYAビル２階", "url2": "https://www.kaigokensaku.mhlw.go.jp/11/index.php?action_kouhyou_detail_004_kani=true&JigyosyoCd=1176514303-00&ServiceCd=430&Type=search" }, "geometry": { "type": "Point", "coordinates": [ 139.612231739541357, 35.963823388657019 ] } },
{ "type": "Feature", "properties": { "内容": "コスモ訪問看護リハビリステーション　さいたま北【居宅介護支援】さいたま市北区宮原町2-129-25", "url2": "https://www.kaigokensaku.mhlw.go.jp/11/index.php?action_kouhyou_detail_004_kani=true&JigyosyoCd=1166590434-00&ServiceCd=430&Type=search" }, "geometry": { "type": "Point", "coordinates": [ 139.61912929999994, 35.9448476 ] } },
{ "type": "Feature", "properties": { "内容": "さいたま市社協ケアプランおおみや【居宅介護支援】さいたま市北区日進町2丁目1864－10JS日進", "url2": "https://www.kaigokensaku.mhlw.go.jp/11/index.php?action_kouhyou_detail_004_kani=true&JigyosyoCd=1176509253-00&ServiceCd=430&Type=search" }, "geometry": { "type": "Point", "coordinates": [ 139.6098293, 35.9328514 ] } },
{ "type": "Feature", "properties": { "内容": "合同会社居宅介護支援事業所天真【居宅介護支援】大成町4丁目231番地4サンホーム大成102", "url2": "https://www.kaigokensaku.mhlw.go.jp/11/index.php?action_kouhyou_detail_004_kani=true&JigyosyoCd=1176518742-00&ServiceCd=430&Type=search" }, "geometry": { "type": "Point", "coordinates": [ 139.612966300000011, 35.9204858 ] } },
{ "type": "Feature", "properties": { "内容": "指定居宅介護支援事業所　白樺ホーム【居宅介護支援】さいたま市北区吉野町2-1331", "url2": "https://www.kaigokensaku.mhlw.go.jp/11/index.php?action_kouhyou_detail_004_kani=true&JigyosyoCd=1176506184-00&ServiceCd=430&Type=search" }, "geometry": { "type": "Point", "coordinates": [ 139.6180094, 35.9644107 ] } },
{ "type": "Feature", "properties": { "内容": "独立行政法人地域医療機能推進機構さいたま北部医療センター附属居宅介護支援センター【居宅介護支援】埼玉県さいたま市北区宮原町1-851", "url2": "https://www.kaigokensaku.mhlw.go.jp/11/index.php?action_kouhyou_detail_004_kani=true&JigyosyoCd=1176511770-00&ServiceCd=430&Type=search" }, "geometry": { "type": "Point", "coordinates": [ 139.626715, 35.9274312 ] } },
{ "type": "Feature", "properties": { "内容": "あかねケアサービス【居宅介護支援】埼玉県さいたま市北区宮原町2-78-26ハイツページⅠ101", "url2": "https://www.kaigokensaku.mhlw.go.jp/11/index.php?action_kouhyou_detail_004_kani=true&JigyosyoCd=1176510772-00&ServiceCd=430&Type=search" }, "geometry": { "type": "Point", "coordinates": [ 139.616021400000022, 35.9406593 ] } },
{ "type": "Feature", "properties": { "内容": "土呂まちかど介護【居宅介護支援】埼玉県さいたま市北区土呂町1‐11‐5", "url2": "https://www.kaigokensaku.mhlw.go.jp/11/index.php?action_kouhyou_detail_004_kani=true&JigyosyoCd=1176519617-00&ServiceCd=430&Type=search" }, "geometry": { "type": "Point", "coordinates": [ 139.630425699999989, 35.9313886 ] } },
{ "type": "Feature", "properties": { "内容": "ケアプランリセイル【居宅介護支援】埼玉県さいたま市北区盆栽町168レフィーニ大宮盆栽町203", "url2": "https://www.kaigokensaku.mhlw.go.jp/11/index.php?action_kouhyou_detail_004_kani=true&JigyosyoCd=1176516829-00&ServiceCd=430&Type=search" }, "geometry": { "type": "Point", "coordinates": [ 139.628765299999941, 35.9243365 ] } },
{ "type": "Feature", "properties": { "内容": "ケアプランひだまり【居宅介護支援】宮原町３－４３２－２　岸ビル１Ｆ", "url2": "https://www.kaigokensaku.mhlw.go.jp/11/index.php?action_kouhyou_detail_004_kani=true&JigyosyoCd=1176517066-00&ServiceCd=430&Type=search" }, "geometry": { "type": "Point", "coordinates": [ 139.608058199999959, 35.9425816 ] } },
{ "type": "Feature", "properties": { "内容": "指定居宅介護支援事業所みやびの里【居宅介護支援】さいたま市北区別所町９２０", "url2": "https://www.kaigokensaku.mhlw.go.jp/11/index.php?action_kouhyou_detail_004_kani=true&JigyosyoCd=1176504163-00&ServiceCd=430&Type=search" }, "geometry": { "type": "Point", "coordinates": [ 139.590623100000016, 35.9578191 ] } },
{ "type": "Feature", "properties": { "内容": "ひかり居宅介護支援事業所大宮北【居宅介護支援】埼玉県さいたま市北区宮原町4-101-5メイプルウエルズB105", "url2": "https://www.kaigokensaku.mhlw.go.jp/11/index.php?action_kouhyou_detail_004_kani=true&JigyosyoCd=1176521118-00&ServiceCd=430&Type=search" }, "geometry": { "type": "Point", "coordinates": [ 139.606332900000012, 35.9481554 ] } },
{ "type": "Feature", "properties": { "内容": "コープみらい大宮介護センター【居宅介護支援】埼玉県さいたま市北区櫛引町2-431-22階", "url2": "https://www.kaigokensaku.mhlw.go.jp/11/index.php?action_kouhyou_detail_004_kani=true&JigyosyoCd=1176514048-00&ServiceCd=430&Type=search" }, "geometry": { "type": "Point", "coordinates": [ 139.605472500000019, 35.9205009 ] } },
{ "type": "Feature", "properties": { "内容": "リルセーヌ大宮居宅介護支援事業所【居宅介護支援】埼玉県さいたま市北区大成町4-416-1", "url2": "https://www.kaigokensaku.mhlw.go.jp/11/index.php?action_kouhyou_detail_004_kani=true&JigyosyoCd=1176519344-00&ServiceCd=430&Type=search" }, "geometry": { "type": "Point", "coordinates": [ 139.6134127, 35.923858 ] } },
{ "type": "Feature", "properties": { "内容": "ほっと・ケアライフさいたま居宅介護支援事業所【居宅介護支援】埼玉県さいたま市北区土呂町2-50-1", "url2": "https://www.kaigokensaku.mhlw.go.jp/11/index.php?action_kouhyou_detail_004_kani=true&JigyosyoCd=1176521753-00&ServiceCd=430&Type=search" }, "geometry": { "type": "Point", "coordinates": [ 139.637447, 35.930245 ] } },
{ "type": "Feature", "properties": { "内容": "ツクイさいたまケアプランセンター【居宅介護支援】埼玉県さいたま市北区盆栽町161-4ボンワット202", "url2": "https://www.kaigokensaku.mhlw.go.jp/11/index.php?action_kouhyou_detail_004_kani=true&JigyosyoCd=1176521191-00&ServiceCd=430&Type=search" }, "geometry": { "type": "Point", "coordinates": [ 139.630971446032675, 35.924797926646072 ] } },
{ "type": "Feature", "properties": { "内容": "あすなろケアサービス大宮【居宅介護支援】埼玉県さいたま市北区本郷町450-3-102", "url2": "https://www.kaigokensaku.mhlw.go.jp/11/index.php?action_kouhyou_detail_004_kani=true&JigyosyoCd=1176500195-00&ServiceCd=430&Type=search" }, "geometry": { "type": "Point", "coordinates": [ 139.6231608, 35.9402848 ] } },
{ "type": "Feature", "properties": { "内容": "Funケアプランニング【居宅介護支援】さいたま市北区吉野町2-179-15波奈コーポ105", "url2": "https://www.kaigokensaku.mhlw.go.jp/11/index.php?action_kouhyou_detail_004_kani=true&JigyosyoCd=1176521803-00&ServiceCd=430&Type=search" }, "geometry": { "type": "Point", "coordinates": [ 139.600068, 35.9573926 ] } },
{ "type": "Feature", "properties": { "内容": "ラウンド＆ケア居宅介護支援事業所宮原【居宅介護支援】埼玉県さいたま市北区宮原町1-669-1第2東家ビル１F第2東家ビル1F", "url2": "https://www.kaigokensaku.mhlw.go.jp/11/index.php?action_kouhyou_detail_004_kani=true&JigyosyoCd=1176518304-00&ServiceCd=430&Type=search" }, "geometry": { "type": "Point", "coordinates": [ 139.6210921, 35.9389409 ] } },
{ "type": "Feature", "properties": { "内容": "きょたくかいごしえんじぎょうしょみちみちおおみや【居宅介護支援】埼玉県さいたま市北区植竹町2-69-7特別養護老人ホームみちみち大宮", "url2": "https://www.kaigokensaku.mhlw.go.jp/11/index.php?action_kouhyou_detail_004_kani=true&JigyosyoCd=1176518098-00&ServiceCd=430&Type=search" }, "geometry": { "type": "Point", "coordinates": [ 139.628389400000032, 35.9314873 ] } },
{ "type": "Feature", "properties": { "内容": "あんみつ居宅介護支援事業所【居宅介護支援】埼玉県さいたま市北区別所町61-7ブランバーチネロB", "url2": "https://www.kaigokensaku.mhlw.go.jp/11/index.php?action_kouhyou_detail_004_kani=true&JigyosyoCd=1176521886-00&ServiceCd=430&Type=search" }, "geometry": { "type": "Point", "coordinates": [ 139.597816608785678, 35.957023894810085 ] } },
{ "type": "Feature", "properties": { "内容": "やさしい手上小町居宅介護支援事業所【居宅介護支援】埼玉県さいたま市大宮区上小町1481-1", "url2": "https://www.kaigokensaku.mhlw.go.jp/11/index.php?action_kouhyou_detail_004_kani=true&JigyosyoCd=1176517280-00&ServiceCd=430&Type=search" }, "geometry": { "type": "Point", "coordinates": [ 139.61538917672118, 35.895165887431951 ] } },
{ "type": "Feature", "properties": { "内容": "介護サービスセンター　ハイム【居宅介護支援】埼玉県さいたま市大宮区桜木町4-760", "url2": "https://www.kaigokensaku.mhlw.go.jp/11/index.php?action_kouhyou_detail_004_kani=true&JigyosyoCd=1176500443-00&ServiceCd=430&Type=search" }, "geometry": { "type": "Point", "coordinates": [ 139.6163272, 35.9003877 ] } },
{ "type": "Feature", "properties": { "内容": "居宅介護支援事業所「さくら」【居宅介護支援】さいたま市大宮区桜木町４－６２７-２", "url2": "https://www.kaigokensaku.mhlw.go.jp/11/index.php?action_kouhyou_detail_004_kani=true&JigyosyoCd=1176507760-00&ServiceCd=430&Type=search" }, "geometry": { "type": "Point", "coordinates": [ 139.619047893254134, 35.899158574351496 ] } },
{ "type": "Feature", "properties": { "内容": "ひなたぼっこ【居宅介護支援】さいたま市大宮区東町2-251", "url2": "https://www.kaigokensaku.mhlw.go.jp/11/index.php?action_kouhyou_detail_004_kani=true&JigyosyoCd=1176500294-00&ServiceCd=430&Type=search" }, "geometry": { "type": "Point", "coordinates": [ 139.633600275400568, 35.909875841246659 ] } },
{ "type": "Feature", "properties": { "内容": "愛ステップ大宮【居宅介護支援】埼玉県さいたま市大宮区桜木町４丁目７０８渋谷ビル１階", "url2": "https://www.kaigokensaku.mhlw.go.jp/11/index.php?action_kouhyou_detail_004_kani=true&JigyosyoCd=1176514311-00&ServiceCd=430&Type=search" }, "geometry": { "type": "Point", "coordinates": [ 139.617721500000016, 35.900507200000021 ] } },
{ "type": "Feature", "properties": { "内容": "けあビジョン大宮【居宅介護支援】埼玉県さいたま市大宮区大成町３－４５５２号室", "url2": "https://www.kaigokensaku.mhlw.go.jp/11/index.php?action_kouhyou_detail_004_kani=true&JigyosyoCd=1176504197-00&ServiceCd=430&Type=search" }, "geometry": { "type": "Point", "coordinates": [ 139.614650100000091, 35.9163701 ] } },
{ "type": "Feature", "properties": { "内容": "三橋ケアセンター　そよ風【居宅介護支援】さいたま市　大宮区　三橋　1-871", "url2": "https://www.kaigokensaku.mhlw.go.jp/11/index.php?action_kouhyou_detail_004_kani=true&JigyosyoCd=1170300246-00&ServiceCd=430&Type=search" }, "geometry": { "type": "Point", "coordinates": [ 139.5985647, 35.9145821 ] } },
{ "type": "Feature", "properties": { "内容": "元気ケアプランニングセンターさいたま【居宅介護支援】埼玉県さいたま市大宮区桜木町1-11-9ニッセイ大宮桜木町ビル８階", "url2": "https://www.kaigokensaku.mhlw.go.jp/11/index.php?action_kouhyou_detail_004_kani=true&JigyosyoCd=1176520953-00&ServiceCd=430&Type=search" }, "geometry": { "type": "Point", "coordinates": [ 139.61923680000001, 35.9031794 ] } },
{ "type": "Feature", "properties": { "内容": "はなあかり訪問看護リハビリステーション大宮【居宅介護支援】埼玉県さいたま市大宮区大成町1-481浅見ビル201", "url2": "https://www.kaigokensaku.mhlw.go.jp/11/index.php?action_kouhyou_detail_004_kani=true&JigyosyoCd=1176518577-00&ServiceCd=430&Type=search" }, "geometry": { "type": "Point", "coordinates": [ 139.6128991, 35.9103499 ] } },
{ "type": "Feature", "properties": { "内容": "ＳＯＭＰＯケア　大宮　居宅介護支援【居宅介護支援】埼玉県さいたま市大宮区仲町3-13-1住友生命大宮第2ビル1階", "url2": "https://www.kaigokensaku.mhlw.go.jp/11/index.php?action_kouhyou_detail_004_kani=true&JigyosyoCd=1176516720-00&ServiceCd=430&Type=search" }, "geometry": { "type": "Point", "coordinates": [ 139.62882843702036, 35.905613970546426 ] } },
{ "type": "Feature", "properties": { "内容": "ファンティック介護保険相談事業所【居宅介護支援】埼玉県さいたま市大宮区堀の内町1-475-3コーポ93-201", "url2": "https://www.kaigokensaku.mhlw.go.jp/11/index.php?action_kouhyou_detail_004_kani=true&JigyosyoCd=1176515151-00&ServiceCd=430&Type=search" }, "geometry": { "type": "Point", "coordinates": [ 139.6393923, 35.9120428 ] } },
{ "type": "Feature", "properties": { "内容": "ケアサポートおおみや　居宅介護支援事業所【居宅介護支援】埼玉県さいたま市大宮区天沼町1-250-1", "url2": "https://www.kaigokensaku.mhlw.go.jp/11/index.php?action_kouhyou_detail_004_kani=true&JigyosyoCd=1176507539-00&ServiceCd=430&Type=search" }, "geometry": { "type": "Point", "coordinates": [ 139.636022899999944, 35.9048651 ] } },
{ "type": "Feature", "properties": { "内容": "Mypace　Support　Office【居宅介護支援】埼玉県さいたま市大宮区大成町１－４３０－５サンハイツ大成３０１", "url2": "https://www.kaigokensaku.mhlw.go.jp/11/index.php?action_kouhyou_detail_004_kani=true&JigyosyoCd=1176520474-00&ServiceCd=430&Type=search" }, "geometry": { "type": "Point", "coordinates": [ 139.613110260580214, 35.907638742221749 ] } },
{ "type": "Feature", "properties": { "内容": "テルウェル東日本さいたま介護センタ【居宅介護支援】埼玉県さいたま市大宮区吉敷町１－１３３－１ワンライトビル2F", "url2": "https://www.kaigokensaku.mhlw.go.jp/11/index.php?action_kouhyou_detail_004_kani=true&JigyosyoCd=1176502340-00&ServiceCd=430&Type=search" }, "geometry": { "type": "Point", "coordinates": [ 139.630525300000016, 35.9011498 ] } },
{ "type": "Feature", "properties": { "内容": "ケアプラン　ひばり【居宅介護支援】埼玉県さいたま市大宮区大成町3-362-1", "url2": "https://www.kaigokensaku.mhlw.go.jp/11/index.php?action_kouhyou_detail_004_kani=true&JigyosyoCd=1170300360-00&ServiceCd=430&Type=search" }, "geometry": { "type": "Point", "coordinates": [ 139.615367099999958, 35.9170885 ] } },
{ "type": "Feature", "properties": { "内容": "医療法人明浩会西大宮病院介護支援事業所【居宅介護支援】さいたま市大宮区三橋１－１１７３", "url2": "https://www.kaigokensaku.mhlw.go.jp/11/index.php?action_kouhyou_detail_004_kani=true&JigyosyoCd=1176501086-00&ServiceCd=430&Type=search" }, "geometry": { "type": "Point", "coordinates": [ 139.5998313, 35.9068446 ] } },
{ "type": "Feature", "properties": { "内容": "愛希　居宅介護支援事業所大宮【居宅介護支援】さいたま市大宮区櫛引町1-824-1", "url2": "https://www.kaigokensaku.mhlw.go.jp/11/index.php?action_kouhyou_detail_004_kani=true&JigyosyoCd=1176507943-00&ServiceCd=430&Type=search" }, "geometry": { "type": "Point", "coordinates": [ 139.608633300000065, 35.9158462 ] } },
{ "type": "Feature", "properties": { "内容": "居宅介護支援事業所はるぱてお【居宅介護支援】埼玉県さいたま市大宮区上小町1184番地", "url2": "https://www.kaigokensaku.mhlw.go.jp/11/index.php?action_kouhyou_detail_004_kani=true&JigyosyoCd=1176504809-00&ServiceCd=430&Type=search" }, "geometry": { "type": "Point", "coordinates": [ 139.6133304, 35.8972713 ] } },
{ "type": "Feature", "properties": { "内容": "指定居宅介護支援事業所　双愛【居宅介護支援】さいたま市大宮区堀の内町２－２３８－２", "url2": "https://www.kaigokensaku.mhlw.go.jp/11/index.php?action_kouhyou_detail_004_kani=true&JigyosyoCd=1170300949-00&ServiceCd=430&Type=search" }, "geometry": { "type": "Point", "coordinates": [ 139.636797800000068, 35.9113836 ] } },
{ "type": "Feature", "properties": { "内容": "社会福祉法人　育成会　白菊苑【居宅介護支援】さいたま市大宮区天沼町１－１５０－１", "url2": "https://www.kaigokensaku.mhlw.go.jp/11/index.php?action_kouhyou_detail_004_kani=true&JigyosyoCd=1170300147-00&ServiceCd=430&Type=search" }, "geometry": { "type": "Point", "coordinates": [ 139.639536499999963, 35.9059011 ] } },
{ "type": "Feature", "properties": { "内容": "ケアプラン　ひさご【居宅介護支援】埼玉県さいたま市大宮区浅間町1－172－2", "url2": "https://www.kaigokensaku.mhlw.go.jp/11/index.php?action_kouhyou_detail_004_kani=true&JigyosyoCd=1176520219-00&ServiceCd=430&Type=search" }, "geometry": { "type": "Point", "coordinates": [ 139.634948, 35.905258300000035 ] } },
{ "type": "Feature", "properties": { "内容": "ソーシャルサポート　それいゆ【居宅介護支援】埼玉県さいたま市大宮区浅間町2-4-1エクシード大宮　３０１号室", "url2": "https://www.kaigokensaku.mhlw.go.jp/11/index.php?action_kouhyou_detail_004_kani=true&JigyosyoCd=1176515995-00&ServiceCd=430&Type=search" }, "geometry": { "type": "Point", "coordinates": [ 139.631417699999929, 35.9025404 ] } },
{ "type": "Feature", "properties": { "内容": "居宅介護支援事業所　春陽苑桜木支所【居宅介護支援】埼玉県さいたま市大宮区大成町2-397-3静観ビル1階", "url2": "https://www.kaigokensaku.mhlw.go.jp/11/index.php?action_kouhyou_detail_004_kani=true&JigyosyoCd=1176501748-00&ServiceCd=430&Type=search" }, "geometry": { "type": "Point", "coordinates": [ 139.613870574591061, 35.911850934078878 ] } },
{ "type": "Feature", "properties": { "内容": "ミッドフィールド居宅介護支援事業所【居宅介護支援】宮町4-84", "url2": "https://www.kaigokensaku.mhlw.go.jp/11/index.php?action_kouhyou_detail_004_kani=true&JigyosyoCd=1176511184-00&ServiceCd=430&Type=search" }, "geometry": { "type": "Point", "coordinates": [ 139.624864300000013, 35.9115854 ] } },
{ "type": "Feature", "properties": { "内容": "大宮諏訪の苑居宅介護支援事業所【居宅介護支援】埼玉県さいたま市大宮区三橋4-875-2", "url2": "https://www.kaigokensaku.mhlw.go.jp/11/index.php?action_kouhyou_detail_004_kani=true&JigyosyoCd=1176514824-00&ServiceCd=430&Type=search" }, "geometry": { "type": "Point", "coordinates": [ 139.60433450000005, 35.890873 ] } },
{ "type": "Feature", "properties": { "内容": "グレース居宅介護支援事業所　大宮【居宅介護支援】埼玉県さいたま市大宮区宮町3丁目7-3谷中ビル２階", "url2": "https://www.kaigokensaku.mhlw.go.jp/11/index.php?action_kouhyou_detail_004_kani=true&JigyosyoCd=1176520367-00&ServiceCd=430&Type=search" }, "geometry": { "type": "Point", "coordinates": [ 139.6271638, 35.9103119 ] } },
{ "type": "Feature", "properties": { "内容": "ひかり居宅介護支援事業所大宮【居宅介護支援】埼玉県さいたま市大宮区大成町3-515岡部ビル3階北号室", "url2": "https://www.kaigokensaku.mhlw.go.jp/11/index.php?action_kouhyou_detail_004_kani=true&JigyosyoCd=1176520185-00&ServiceCd=430&Type=search" }, "geometry": { "type": "Point", "coordinates": [ 139.615779, 35.919181225459646 ] } },
{ "type": "Feature", "properties": { "内容": "合同会社居宅介護支援ケアプラン敬【居宅介護支援】大成町1-457-3", "url2": "https://www.kaigokensaku.mhlw.go.jp/11/index.php?action_kouhyou_detail_004_kani=true&JigyosyoCd=1176517264-00&ServiceCd=430&Type=search" }, "geometry": { "type": "Point", "coordinates": [ 139.612788, 35.9090177 ] } },
{ "type": "Feature", "properties": { "内容": "居宅介護支援事業所　ネオタイプ【居宅介護支援】埼玉県さいたま市見沼区東大宮５丁目４８番地１３", "url2": "https://www.kaigokensaku.mhlw.go.jp/11/index.php?action_kouhyou_detail_004_kani=true&JigyosyoCd=1176519518-00&ServiceCd=430&Type=search" }, "geometry": { "type": "Point", "coordinates": [ 139.6414134, 35.9507662 ] } },
{ "type": "Feature", "properties": { "内容": "ともいきケア大宮南中丸【居宅介護支援】埼玉県さいたま市見沼区南中丸29-1", "url2": "https://www.kaigokensaku.mhlw.go.jp/11/index.php?action_kouhyou_detail_004_kani=true&JigyosyoCd=1176521365-00&ServiceCd=430&Type=search" }, "geometry": { "type": "Point", "coordinates": [ 139.652109, 35.9102738 ] } },
{ "type": "Feature", "properties": { "内容": "あしすとケアプラン東大宮【居宅介護支援】埼玉県さいたま市見沼区東大宮5-33-12柏洋ビル5階", "url2": "https://www.kaigokensaku.mhlw.go.jp/11/index.php?action_kouhyou_detail_004_kani=true&JigyosyoCd=1176519237-00&ServiceCd=430&Type=search" }, "geometry": { "type": "Point", "coordinates": [ 139.6442614, 35.9471581 ] } },
{ "type": "Feature", "properties": { "内容": "ななさと居宅介護支援事業所【居宅介護支援】埼玉県さいたま市見沼区新堤112-14", "url2": "https://www.kaigokensaku.mhlw.go.jp/11/index.php?action_kouhyou_detail_004_kani=true&JigyosyoCd=1176520177-00&ServiceCd=430&Type=search" }, "geometry": { "type": "Point", "coordinates": [ 139.6726343, 35.928525 ] } },
{ "type": "Feature", "properties": { "内容": "介護老人保健施設高齢者ケアセンターのぞみ居宅介護支援事業所【居宅介護支援】さいたま市見沼区片柳１３８７－１", "url2": "https://www.kaigokensaku.mhlw.go.jp/11/index.php?action_kouhyou_detail_004_kani=true&JigyosyoCd=1176506713-00&ServiceCd=430&Type=search" }, "geometry": { "type": "Point", "coordinates": [ 139.690285200000062, 35.9033136 ] } },
{ "type": "Feature", "properties": { "内容": "ハピネスケア株式会社みぬま居宅介護支援事業所【居宅介護支援】埼玉県さいたま見沼区中川244-4　2Ｆ", "url2": "https://www.kaigokensaku.mhlw.go.jp/11/index.php?action_kouhyou_detail_004_kani=true&JigyosyoCd=1170300097-00&ServiceCd=430&Type=search" }, "geometry": { "type": "Point", "coordinates": [ 139.65929593522651, 35.90371128137064 ] } },
{ "type": "Feature", "properties": { "内容": "ハートケア東大宮【居宅介護支援】埼玉県さいたま市見沼区大字風渡野４５番地", "url2": "https://www.kaigokensaku.mhlw.go.jp/11/index.php?action_kouhyou_detail_004_kani=true&JigyosyoCd=1156580021-00&ServiceCd=430&Type=search" }, "geometry": { "type": "Point", "coordinates": [ 139.673877400000038, 35.9373896 ] } },
{ "type": "Feature", "properties": { "内容": "やさしい手東大宮居宅介護支援事業所【居宅介護支援】埼玉県さいたま市見沼区東大宮2-6-2ディーフェスタ東大宮1F", "url2": "https://www.kaigokensaku.mhlw.go.jp/11/index.php?action_kouhyou_detail_004_kani=true&JigyosyoCd=1176515094-00&ServiceCd=430&Type=search" }, "geometry": { "type": "Point", "coordinates": [ 139.637576, 35.9431754 ] } },
{ "type": "Feature", "properties": { "内容": "あしすとケアプラン【居宅介護支援】さいたま市見沼区深作1-19-1", "url2": "https://www.kaigokensaku.mhlw.go.jp/11/index.php?action_kouhyou_detail_004_kani=true&JigyosyoCd=1176511689-00&ServiceCd=430&Type=search" }, "geometry": { "type": "Point", "coordinates": [ 139.665520365611911, 35.949023734340869 ] } },
{ "type": "Feature", "properties": { "内容": "居宅介護支援事業所あさがお七里【居宅介護支援】埼玉県さいたま市見沼区堀崎町825-1メゾンエルハA4メゾンエルハA号棟4号室", "url2": "https://www.kaigokensaku.mhlw.go.jp/11/index.php?action_kouhyou_detail_004_kani=true&JigyosyoCd=1176500062-00&ServiceCd=430&Type=search" }, "geometry": { "type": "Point", "coordinates": [ 139.652484845200149, 35.935959041787889 ] } },
{ "type": "Feature", "properties": { "内容": "居宅介護支援事業所　さいたまやすらぎの里【居宅介護支援】埼玉県さいたま市見沼区卸町2-21-1", "url2": "https://www.kaigokensaku.mhlw.go.jp/11/index.php?action_kouhyou_detail_004_kani=true&JigyosyoCd=1176514089-00&ServiceCd=430&Type=search" }, "geometry": { "type": "Point", "coordinates": [ 139.678136799999947, 35.9513979 ] } },
{ "type": "Feature", "properties": { "内容": "居宅介護支援事業所　ソラスト七里【居宅介護支援】さいたま市見沼区東門前351-4", "url2": "https://www.kaigokensaku.mhlw.go.jp/11/index.php?action_kouhyou_detail_004_kani=true&JigyosyoCd=1176508974-00&ServiceCd=430&Type=search" }, "geometry": { "type": "Point", "coordinates": [ 139.672546626983547, 35.932093965641421 ] } },
{ "type": "Feature", "properties": { "内容": "ケアプランかりん【居宅介護支援】東大宮1-10-3", "url2": "https://www.kaigokensaku.mhlw.go.jp/11/index.php?action_kouhyou_detail_004_kani=true&JigyosyoCd=1176518254-00&ServiceCd=430&Type=search" }, "geometry": { "type": "Point", "coordinates": [ 139.6420211, 35.9413229 ] } },
{ "type": "Feature", "properties": { "内容": "指定居宅介護支援事業所　東大宮訪問看護ステーション【居宅介護支援】さいたま市見沼区東大宮5-8-3サーパス東大宮102", "url2": "https://www.kaigokensaku.mhlw.go.jp/11/index.php?action_kouhyou_detail_004_kani=true&JigyosyoCd=1170300063-00&ServiceCd=430&Type=search" }, "geometry": { "type": "Point", "coordinates": [ 139.641037866875564, 35.94617595375562 ] } },
{ "type": "Feature", "properties": { "内容": "ハートの森居宅介護支援事業所【居宅介護支援】さいたま市見沼区東大宮2-41-3", "url2": "https://www.kaigokensaku.mhlw.go.jp/11/index.php?action_kouhyou_detail_004_kani=true&JigyosyoCd=1176507091-00&ServiceCd=430&Type=search" }, "geometry": { "type": "Point", "coordinates": [ 139.634267234254452, 35.948403837451671 ] } },
{ "type": "Feature", "properties": { "内容": "敬寿園七里ホーム居宅介護支援センター【居宅介護支援】埼玉県さいたま市見沼区大谷2022-1", "url2": "https://www.kaigokensaku.mhlw.go.jp/11/index.php?action_kouhyou_detail_004_kani=true&JigyosyoCd=1176513529-00&ServiceCd=430&Type=search" }, "geometry": { "type": "Point", "coordinates": [ 139.674695494889875, 35.925770737918434 ] } },
{ "type": "Feature", "properties": { "内容": "在宅介護支援センターさくら【居宅介護支援】さいたま市見沼区丸ヶ崎1220", "url2": "https://www.kaigokensaku.mhlw.go.jp/11/index.php?action_kouhyou_detail_004_kani=true&JigyosyoCd=1170300915-00&ServiceCd=430&Type=search" }, "geometry": { "type": "Point", "coordinates": [ 139.653387, 35.9574504 ] } },
{ "type": "Feature", "properties": { "内容": "ケアプランもみじ【居宅介護支援】さいたま市見沼区島町435-1プリムラハウス106", "url2": "https://www.kaigokensaku.mhlw.go.jp/11/index.php?action_kouhyou_detail_004_kani=true&JigyosyoCd=1176517520-00&ServiceCd=430&Type=search" }, "geometry": { "type": "Point", "coordinates": [ 139.648504083423546, 35.947110823425739 ] } },
{ "type": "Feature", "properties": { "内容": "ケアプランひばり　見沼【居宅介護支援】さいたま市見沼区蓮沼1450見沼ひばり館", "url2": "https://www.kaigokensaku.mhlw.go.jp/11/index.php?action_kouhyou_detail_004_kani=true&JigyosyoCd=1176514501-00&ServiceCd=430&Type=search" }, "geometry": { "type": "Point", "coordinates": [ 139.665159, 35.9273016 ] } },
{ "type": "Feature", "properties": { "内容": "諏訪の苑　居宅介護支援事業所【居宅介護支援】さいたま市見沼区南中野２９番地特別養護老人ホーム諏訪の苑", "url2": "https://www.kaigokensaku.mhlw.go.jp/11/index.php?action_kouhyou_detail_004_kani=true&JigyosyoCd=1170300295-00&ServiceCd=430&Type=search" }, "geometry": { "type": "Point", "coordinates": [ 139.660893399999964, 35.904582 ] } },
{ "type": "Feature", "properties": { "内容": "チーミングフクシサービス【居宅介護支援】埼玉県さいたま市見沼区堀崎町506-12", "url2": "https://www.kaigokensaku.mhlw.go.jp/11/index.php?action_kouhyou_detail_004_kani=true&JigyosyoCd=1176511283-00&ServiceCd=430&Type=search" }, "geometry": { "type": "Point", "coordinates": [ 139.654606553164768, 35.938422660922647 ] } },
{ "type": "Feature", "properties": { "内容": "大宮共立病院居宅介護支援センター【居宅介護支援】埼玉県さいたま市見沼区大字片柳１５５０", "url2": "https://www.kaigokensaku.mhlw.go.jp/11/index.php?action_kouhyou_detail_004_kani=true&JigyosyoCd=1170300089-00&ServiceCd=430&Type=search" }, "geometry": { "type": "Point", "coordinates": [ 139.694096, 35.8978199 ] } },
{ "type": "Feature", "properties": { "内容": "大宮ナーシング・ピア居宅支援事業所【居宅介護支援】さいたま市見沼区片柳1550番地", "url2": "https://www.kaigokensaku.mhlw.go.jp/11/index.php?action_kouhyou_detail_004_kani=true&JigyosyoCd=1170300840-00&ServiceCd=430&Type=search" }, "geometry": { "type": "Point", "coordinates": [ 139.694096, 35.8978199 ] } },
{ "type": "Feature", "properties": { "内容": "大宮見沼ケアセンターそよ風【居宅介護支援】さいたま市見沼区南中丸318-1", "url2": "https://www.kaigokensaku.mhlw.go.jp/11/index.php?action_kouhyou_detail_004_kani=true&JigyosyoCd=1176509055-00&ServiceCd=430&Type=search" }, "geometry": { "type": "Point", "coordinates": [ 139.653363099999979, 35.917983 ] } },
{ "type": "Feature", "properties": { "内容": "居宅介護支援事業所　雫【居宅介護支援】埼玉県さいたま市見沼区南中野59番地3", "url2": "https://www.kaigokensaku.mhlw.go.jp/11/index.php?action_kouhyou_detail_004_kani=true&JigyosyoCd=1176515805-00&ServiceCd=430&Type=search" }, "geometry": { "type": "Point", "coordinates": [ 139.658771399999978, 35.9049402 ] } },
{ "type": "Feature", "properties": { "内容": "指定居宅介護支援事業所ふくねこ【居宅介護支援】埼玉県さいたま市見沼区丸ヶ崎町４８番地１", "url2": "https://www.kaigokensaku.mhlw.go.jp/11/index.php?action_kouhyou_detail_004_kani=true&JigyosyoCd=1176508305-00&ServiceCd=430&Type=search" }, "geometry": { "type": "Point", "coordinates": [ 139.64969, 35.9583611 ] } },
{ "type": "Feature", "properties": { "内容": "居宅介護支援事業所ＰＰＫ【居宅介護支援】埼玉県さいたま市見沼区丸ヶ崎町52-20", "url2": "https://www.kaigokensaku.mhlw.go.jp/11/index.php?action_kouhyou_detail_004_kani=true&JigyosyoCd=1176516308-00&ServiceCd=430&Type=search" }, "geometry": { "type": "Point", "coordinates": [ 139.650835647221385, 35.959023798183125 ] } },
{ "type": "Feature", "properties": { "内容": "敬寿園居宅介護支援センター【居宅介護支援】さいたま市見沼区大字片柳１２９８番地", "url2": "https://www.kaigokensaku.mhlw.go.jp/11/index.php?action_kouhyou_detail_004_kani=true&JigyosyoCd=1170300030-00&ServiceCd=430&Type=search" }, "geometry": { "type": "Point", "coordinates": [ 139.69136372092413, 35.904686738056633 ] } },
{ "type": "Feature", "properties": { "内容": "ケアプランさとえ【居宅介護支援】さいたま市見沼区大和田町１－１６８４丸中ハイツ１０３", "url2": "https://www.kaigokensaku.mhlw.go.jp/11/index.php?action_kouhyou_detail_004_kani=true&JigyosyoCd=1176517108-00&ServiceCd=430&Type=search" }, "geometry": { "type": "Point", "coordinates": [ 139.650911800000017, 35.9290706 ] } },
{ "type": "Feature", "properties": { "内容": "居宅介護支援事業所青い鳥【居宅介護支援】埼玉県さいたま市見沼区小深作493シンフォニーⅡ　B-1", "url2": "https://www.kaigokensaku.mhlw.go.jp/11/index.php?action_kouhyou_detail_004_kani=true&JigyosyoCd=1176513461-00&ServiceCd=430&Type=search" }, "geometry": { "type": "Point", "coordinates": [ 139.666388899999987, 35.9437386 ] } },
{ "type": "Feature", "properties": { "内容": "七里ホームひざこ居宅介護支援センター【居宅介護支援】埼玉県さいたま市見沼区膝子785-4ケアサポートサロン七里ホームひざこ", "url2": "https://www.kaigokensaku.mhlw.go.jp/11/index.php?action_kouhyou_detail_004_kani=true&JigyosyoCd=1176520037-00&ServiceCd=430&Type=search" }, "geometry": { "type": "Point", "coordinates": [ 139.682264, 35.9233127 ] } },
{ "type": "Feature", "properties": { "内容": "かいごのあも【居宅介護支援】埼玉県さいたま市見沼区大和田町2-841-1", "url2": "https://www.kaigokensaku.mhlw.go.jp/11/index.php?action_kouhyou_detail_004_kani=true&JigyosyoCd=1176518056-00&ServiceCd=430&Type=search" }, "geometry": { "type": "Point", "coordinates": [ 139.6452439, 35.9352705 ] } },
{ "type": "Feature", "properties": { "内容": "ケアサポートサロンみぬま居宅介護支援事業所【居宅介護支援】埼玉県さいたま市見沼区御蔵499-1", "url2": "https://www.kaigokensaku.mhlw.go.jp/11/index.php?action_kouhyou_detail_004_kani=true&JigyosyoCd=1176516506-00&ServiceCd=430&Type=search" }, "geometry": { "type": "Point", "coordinates": [ 139.6750465, 35.908643 ] } },
{ "type": "Feature", "properties": { "内容": "ライム居宅見沼【居宅介護支援】大和田町2-401-6", "url2": "https://www.kaigokensaku.mhlw.go.jp/11/index.php?action_kouhyou_detail_004_kani=true&JigyosyoCd=1176521571-00&ServiceCd=430&Type=search" }, "geometry": { "type": "Point", "coordinates": [ 139.6449792, 35.9284974 ] } },
{ "type": "Feature", "properties": { "内容": "あったか　プラン【居宅介護支援】埼玉県さいたま市見沼区蓮沼１６７５番地９", "url2": "https://www.kaigokensaku.mhlw.go.jp/11/index.php?action_kouhyou_detail_004_kani=true&JigyosyoCd=1176508933-00&ServiceCd=430&Type=search" }, "geometry": { "type": "Point", "coordinates": [ 139.666231299999936, 35.9229577 ] } },
{ "type": "Feature", "properties": { "内容": "大宮大和田在宅介護支援センター【居宅介護支援】さいたま市見沼区大和田町２－１３９３－１", "url2": "https://www.kaigokensaku.mhlw.go.jp/11/index.php?action_kouhyou_detail_004_kani=true&JigyosyoCd=1170300329-00&ServiceCd=430&Type=search" }, "geometry": { "type": "Point", "coordinates": [ 139.652072514680441, 35.931724760556655 ] } },
{ "type": "Feature", "properties": { "内容": "居宅介護支援事業所　さいたまかがやきの里【居宅介護支援】さいたま市見沼区染谷3－190－1", "url2": "https://www.kaigokensaku.mhlw.go.jp/11/index.php?action_kouhyou_detail_004_kani=true&JigyosyoCd=1176507752-00&ServiceCd=430&Type=search" }, "geometry": { "type": "Point", "coordinates": [ 139.682299699999902, 35.9098876 ] } },
{ "type": "Feature", "properties": { "内容": "合同会社　陽だまり【居宅介護支援】春岡2-27-3", "url2": "https://www.kaigokensaku.mhlw.go.jp/11/index.php?action_kouhyou_detail_004_kani=true&JigyosyoCd=1176521795-00&ServiceCd=430&Type=search" }, "geometry": { "type": "Point", "coordinates": [ 139.660790100000014, 35.9485534 ] } },
{ "type": "Feature", "properties": { "内容": "あすか居宅介護支援センター【居宅介護支援】さいたま市見沼区染谷３丁目４３０番１", "url2": "https://www.kaigokensaku.mhlw.go.jp/11/index.php?action_kouhyou_detail_004_kani=true&JigyosyoCd=1170300725-00&ServiceCd=430&Type=search" }, "geometry": { "type": "Point", "coordinates": [ 139.686513200000036, 35.9078463 ] } },
{ "type": "Feature", "properties": { "内容": "居宅介護支援事業所　ハートランド東大宮【居宅介護支援】さいたま市見沼区春野２－９－２２", "url2": "https://www.kaigokensaku.mhlw.go.jp/11/index.php?action_kouhyou_detail_004_kani=true&JigyosyoCd=1176503967-00&ServiceCd=430&Type=search" }, "geometry": { "type": "Point", "coordinates": [ 139.660516799999982, 35.9576117 ] } },
{ "type": "Feature", "properties": { "内容": "居宅介護支援事業所　ゆずは【居宅介護支援】埼玉県見沼区堀崎町1623ザ・ウイングホーム和楽久", "url2": "https://www.kaigokensaku.mhlw.go.jp/11/index.php?action_kouhyou_detail_004_kani=true&JigyosyoCd=1176512950-00&ServiceCd=430&Type=search" }, "geometry": { "type": "Point", "coordinates": [ 139.649356038345331, 35.940778914621603 ] } },
{ "type": "Feature", "properties": { "内容": "居宅介護支援事業所　見沼緑水苑【居宅介護支援】さいたま市見沼区大和田町2-336", "url2": "https://www.kaigokensaku.mhlw.go.jp/11/index.php?action_kouhyou_detail_004_kani=true&JigyosyoCd=1170300188-00&ServiceCd=430&Type=search" }, "geometry": { "type": "Point", "coordinates": [ 139.642705400000068, 35.9289758 ] } },
{ "type": "Feature", "properties": { "内容": "やさしい手与野本町居宅介護支援事業所【居宅介護支援】埼玉県さいたま市上峰4-1-9高瀬ビル202", "url2": "https://www.kaigokensaku.mhlw.go.jp/11/index.php?action_kouhyou_detail_004_kani=true&JigyosyoCd=1176514899-00&ServiceCd=430&Type=search" }, "geometry": { "type": "Point", "coordinates": [ 139.61945, 35.8755207 ] } },
{ "type": "Feature", "properties": { "内容": "ナーシングヴィラ与野居宅介護支援事業所【居宅介護支援】さいたま市中央区本町東６－１０－１", "url2": "https://www.kaigokensaku.mhlw.go.jp/11/index.php?action_kouhyou_detail_004_kani=true&JigyosyoCd=1176509337-00&ServiceCd=430&Type=search" }, "geometry": { "type": "Point", "coordinates": [ 139.617588599999976, 35.8935552 ] } },
{ "type": "Feature", "properties": { "内容": "居宅介護支援事業所　あさがお与野公園【居宅介護支援】埼玉県さいたま市中央区本町東5-6-5", "url2": "https://www.kaigokensaku.mhlw.go.jp/11/index.php?action_kouhyou_detail_004_kani=true&JigyosyoCd=1176511911-00&ServiceCd=430&Type=search" }, "geometry": { "type": "Point", "coordinates": [ 139.601941900000043, 35.9466603 ] } },
{ "type": "Feature", "properties": { "内容": "アカンパニー【居宅介護支援】下落合7-6-10平成ロイヤル103", "url2": "https://www.kaigokensaku.mhlw.go.jp/11/index.php?action_kouhyou_detail_004_kani=true&JigyosyoCd=1176520169-00&ServiceCd=430&Type=search" }, "geometry": { "type": "Point", "coordinates": [ 139.6287544, 35.8802028 ] } },
{ "type": "Feature", "properties": { "内容": "与野ケアセンターそよ風【居宅介護支援】さいたま市中央区桜丘1-11-11", "url2": "https://www.kaigokensaku.mhlw.go.jp/11/index.php?action_kouhyou_detail_004_kani=true&JigyosyoCd=1171500232-00&ServiceCd=430&Type=search" }, "geometry": { "type": "Point", "coordinates": [ 139.615636900000027, 35.8793152 ] } },
{ "type": "Feature", "properties": { "内容": "居宅介護支援事業所　緑水苑与野【居宅介護支援】さいたま市中央区大戸１－３３－１２", "url2": "https://www.kaigokensaku.mhlw.go.jp/11/index.php?action_kouhyou_detail_004_kani=true&JigyosyoCd=1176505210-00&ServiceCd=430&Type=search" }, "geometry": { "type": "Point", "coordinates": [ 139.636719099999937, 35.8617595 ] } },
{ "type": "Feature", "properties": { "内容": "みきケアサービス【居宅介護支援】上落合1-9与野ハウス1号棟1105", "url2": "https://www.kaigokensaku.mhlw.go.jp/11/index.php?action_kouhyou_detail_004_kani=true&JigyosyoCd=1176504742-00&ServiceCd=430&Type=search" }, "geometry": { "type": "Point", "coordinates": [ 139.6919351, 35.7137192 ] } },
{ "type": "Feature", "properties": { "内容": "東京海上日動みずたま介護ＳＴ大宮ケアプランセンター【居宅介護支援】埼玉県さいたま市中央区上落合9-1-6Mビル3階", "url2": "https://www.kaigokensaku.mhlw.go.jp/11/index.php?action_kouhyou_detail_004_kani=true&JigyosyoCd=1176514980-00&ServiceCd=430&Type=search" }, "geometry": { "type": "Point", "coordinates": [ 139.625881726319875, 35.899238463395896 ] } },
{ "type": "Feature", "properties": { "内容": "トラストケア居宅介護支援事業所【居宅介護支援】埼玉県さいたま市中央区鈴谷4-10-5", "url2": "https://www.kaigokensaku.mhlw.go.jp/11/index.php?action_kouhyou_detail_004_kani=true&JigyosyoCd=1176514717-00&ServiceCd=430&Type=search" }, "geometry": { "type": "Point", "coordinates": [ 139.623722973016356, 35.872784131761925 ] } },
{ "type": "Feature", "properties": { "内容": "アートリティ居宅支援【居宅介護支援】さいたま市中央区大戸4-15-13-5", "url2": "https://www.kaigokensaku.mhlw.go.jp/11/index.php?action_kouhyou_detail_004_kani=true&JigyosyoCd=1176511671-00&ServiceCd=430&Type=search" }, "geometry": { "type": "Point", "coordinates": [ 139.642274, 35.8675396 ] } },
{ "type": "Feature", "properties": { "内容": "愛ステップ新都心【居宅介護支援】埼玉県さいたま市中央区上落合2-5-35第二IKビル2階", "url2": "https://www.kaigokensaku.mhlw.go.jp/11/index.php?action_kouhyou_detail_004_kani=true&JigyosyoCd=1176520680-00&ServiceCd=430&Type=search" }, "geometry": { "type": "Point", "coordinates": [ 139.6267411, 35.8919287 ] } },
{ "type": "Feature", "properties": { "内容": "ゆめみらい　与野本町【居宅介護支援】埼玉県さいたま市中央区鈴谷7-10-25アステリスクエア　F号室", "url2": "https://www.kaigokensaku.mhlw.go.jp/11/index.php?action_kouhyou_detail_004_kani=true&JigyosyoCd=1176519526-00&ServiceCd=430&Type=search" }, "geometry": { "type": "Point", "coordinates": [ 139.6266288, 35.875486 ] } },
{ "type": "Feature", "properties": { "内容": "指定相談支援アットコレット浦和【居宅介護支援】埼玉県さいたま市中央区大戸6-12-12パールハイツ宮田　1階", "url2": "https://www.kaigokensaku.mhlw.go.jp/11/index.php?action_kouhyou_detail_004_kani=true&JigyosyoCd=1176521209-00&ServiceCd=430&Type=search" }, "geometry": { "type": "Point", "coordinates": [ 139.634222, 35.8701159 ] } },
{ "type": "Feature", "properties": { "内容": "与野訪問看護ステーション居宅【居宅介護支援】埼玉県さいたま市中央区新中里３－３－８", "url2": "https://www.kaigokensaku.mhlw.go.jp/11/index.php?action_kouhyou_detail_004_kani=true&JigyosyoCd=1171500109-00&ServiceCd=430&Type=search" }, "geometry": { "type": "Point", "coordinates": [ 139.635839670947234, 35.875559676846365 ] } },
{ "type": "Feature", "properties": { "内容": "居宅介護支援事業所　こころ【居宅介護支援】埼玉県さいたま市中央区下落合3-7-1飯塚ビル102", "url2": "https://www.kaigokensaku.mhlw.go.jp/11/index.php?action_kouhyou_detail_004_kani=true&JigyosyoCd=1176519922-00&ServiceCd=430&Type=search" }, "geometry": { "type": "Point", "coordinates": [ 139.632391900000016, 35.884239800000039 ] } },
{ "type": "Feature", "properties": { "内容": "有限会社フレンズ指定居宅介護支援事業所【居宅介護支援】さいたま市中央区上峰２丁目２番１号２Ｆ", "url2": "https://www.kaigokensaku.mhlw.go.jp/11/index.php?action_kouhyou_detail_004_kani=true&JigyosyoCd=1176501847-00&ServiceCd=430&Type=search" }, "geometry": { "type": "Point", "coordinates": [ 139.618164699999966, 35.8743631 ] } },
{ "type": "Feature", "properties": { "内容": "居宅介護支援事業所　きりしき【居宅介護支援】埼玉県さいたま市中央区大戸5丁目3番24号", "url2": "https://www.kaigokensaku.mhlw.go.jp/11/index.php?action_kouhyou_detail_004_kani=true&JigyosyoCd=1176515227-00&ServiceCd=430&Type=search" }, "geometry": { "type": "Point", "coordinates": [ 139.63738, 35.8659619 ] } },
{ "type": "Feature", "properties": { "内容": "ひだまり介護支援センター【居宅介護支援】埼玉県さいたま市中央区桜丘1-13-1", "url2": "https://www.kaigokensaku.mhlw.go.jp/11/index.php?action_kouhyou_detail_004_kani=true&JigyosyoCd=1176510327-00&ServiceCd=430&Type=search" }, "geometry": { "type": "Point", "coordinates": [ 139.61655339999993, 35.8799124 ] } },
{ "type": "Feature", "properties": { "内容": "one'sかいご【居宅介護支援】埼玉県さいたま市中央区下落合2-3-4リセハイツ101", "url2": "https://www.kaigokensaku.mhlw.go.jp/11/index.php?action_kouhyou_detail_004_kani=true&JigyosyoCd=1176511739-00&ServiceCd=430&Type=search" }, "geometry": { "type": "Point", "coordinates": [ 139.6286301, 35.8809515 ] } },
{ "type": "Feature", "properties": { "内容": "ケアプランたすき【居宅介護支援】下落合5-10-5332", "url2": "https://www.kaigokensaku.mhlw.go.jp/11/index.php?action_kouhyou_detail_004_kani=true&JigyosyoCd=1176521563-00&ServiceCd=430&Type=search" }, "geometry": { "type": "Point", "coordinates": [ 139.6258761, 35.885163 ] } },
{ "type": "Feature", "properties": { "内容": "ケアプランのぞみ【居宅介護支援】埼玉県さいたま市中央区下落合７－８－２２メゾン・アーベイン１０３", "url2": "https://www.kaigokensaku.mhlw.go.jp/11/index.php?action_kouhyou_detail_004_kani=true&JigyosyoCd=1176517249-00&ServiceCd=430&Type=search" }, "geometry": { "type": "Point", "coordinates": [ 139.629099, 35.881471 ] } },
{ "type": "Feature", "properties": { "内容": "セコムさいたま訪問看護ステーション【居宅介護支援】埼玉県さいたま市中央区下落合3-8-9セコム与野ビル4階", "url2": "https://www.kaigokensaku.mhlw.go.jp/11/index.php?action_kouhyou_detail_004_kani=true&JigyosyoCd=1161590041-00&ServiceCd=430&Type=search" }, "geometry": { "type": "Point", "coordinates": [ 139.631412399999988, 35.8855187 ] } },
{ "type": "Feature", "properties": { "内容": "さわやかケアさくら・居宅介護支援【居宅介護支援】さいたま市中央区鈴谷5-9-32第8カイダビル2階", "url2": "https://www.kaigokensaku.mhlw.go.jp/11/index.php?action_kouhyou_detail_004_kani=true&JigyosyoCd=1176505137-00&ServiceCd=430&Type=search" }, "geometry": { "type": "Point", "coordinates": [ 139.630565657499801, 35.873754462458599 ] } },
{ "type": "Feature", "properties": { "内容": "ニチイケアセンター与野【居宅介護支援】さいたま市中央区上落合5-4-7瀬山ビル1・2Ｆ", "url2": "https://www.kaigokensaku.mhlw.go.jp/11/index.php?action_kouhyou_detail_004_kani=true&JigyosyoCd=1171500091-00&ServiceCd=430&Type=search" }, "geometry": { "type": "Point", "coordinates": [ 139.627497299999959, 35.8943524 ] } },
{ "type": "Feature", "properties": { "内容": "花水木居宅介護支援事業所【居宅介護支援】埼玉県さいたま市桜区大字五関192-4", "url2": "https://www.kaigokensaku.mhlw.go.jp/11/index.php?action_kouhyou_detail_004_kani=true&JigyosyoCd=1176521464-00&ServiceCd=430&Type=search" }, "geometry": { "type": "Point", "coordinates": [ 139.600003500000014, 35.8651736 ] } },
{ "type": "Feature", "properties": { "内容": "合同会社GIMAぎま居宅介護支援事業所【居宅介護支援】埼玉県さいたま市桜区大字下大久保1032番地4フォーラムハイツ103フォーラムハイツ103", "url2": "https://www.kaigokensaku.mhlw.go.jp/11/index.php?action_kouhyou_detail_004_kani=true&JigyosyoCd=1176517488-00&ServiceCd=430&Type=search" }, "geometry": { "type": "Point", "coordinates": [ 139.604434, 35.8683829 ] } },
{ "type": "Feature", "properties": { "内容": "スター訪問看護ステーション【居宅介護支援】埼玉県さいたま市桜区田島4-41-8", "url2": "https://www.kaigokensaku.mhlw.go.jp/11/index.php?action_kouhyou_detail_004_kani=true&JigyosyoCd=1166590137-00&ServiceCd=430&Type=search" }, "geometry": { "type": "Point", "coordinates": [ 139.626770399999941, 35.8467583 ] } },
{ "type": "Feature", "properties": { "内容": "指定居宅介護支援事業所ファインハイム【居宅介護支援】埼玉県さいたま市桜区宿３７２－１", "url2": "https://www.kaigokensaku.mhlw.go.jp/11/index.php?action_kouhyou_detail_004_kani=true&JigyosyoCd=1176508750-00&ServiceCd=430&Type=search" }, "geometry": { "type": "Point", "coordinates": [ 139.594741699999986, 35.8768538 ] } },
{ "type": "Feature", "properties": { "内容": "さいたまロイヤルの園　居宅介護支援事業所【居宅介護支援】埼玉県さいたま市桜区大字五関３９６番地２", "url2": "https://www.kaigokensaku.mhlw.go.jp/11/index.php?action_kouhyou_detail_004_kani=true&JigyosyoCd=1176506127-00&ServiceCd=430&Type=search" }, "geometry": { "type": "Point", "coordinates": [ 139.595542099999989, 35.8663717 ] } },
{ "type": "Feature", "properties": { "内容": "居宅介護支援事業所　楽【居宅介護支援】埼玉県さいたま市桜区神田236-1", "url2": "https://www.kaigokensaku.mhlw.go.jp/11/index.php?action_kouhyou_detail_004_kani=true&JigyosyoCd=1176516852-00&ServiceCd=430&Type=search" }, "geometry": { "type": "Point", "coordinates": [ 139.6073407, 35.873574 ] } },
{ "type": "Feature", "properties": { "内容": "居宅介護支援事業所　すずみな中浦和【居宅介護支援】埼玉県さいたま市桜区西堀3-5-26プランドール106", "url2": "https://www.kaigokensaku.mhlw.go.jp/11/index.php?action_kouhyou_detail_004_kani=true&JigyosyoCd=1176517256-00&ServiceCd=430&Type=search" }, "geometry": { "type": "Point", "coordinates": [ 139.633992499999977, 35.8538261 ] } },
{ "type": "Feature", "properties": { "内容": "学研FSココファンさくらＣＣ【居宅介護支援】埼玉県さいたま市桜区神田４５４－３", "url2": "https://www.kaigokensaku.mhlw.go.jp/11/index.php?action_kouhyou_detail_004_kani=true&JigyosyoCd=1176504775-00&ServiceCd=430&Type=search" }, "geometry": { "type": "Point", "coordinates": [ 139.6048326, 35.8745099 ] } },
{ "type": "Feature", "properties": { "内容": "ニチイケアセンター浦和【居宅介護支援】埼玉県さいたま市桜区下大久保186-7", "url2": "https://www.kaigokensaku.mhlw.go.jp/11/index.php?action_kouhyou_detail_004_kani=true&JigyosyoCd=1170100885-00&ServiceCd=430&Type=search" }, "geometry": { "type": "Point", "coordinates": [ 139.609835299999986, 35.8639058 ] } },
{ "type": "Feature", "properties": { "内容": "医療法人聖仁会在宅介護支援センター大久保【居宅介護支援】埼玉県さいたま市桜区大字上大久保830番地1西部在宅ケアセンター　2F", "url2": "https://www.kaigokensaku.mhlw.go.jp/11/index.php?action_kouhyou_detail_004_kani=true&JigyosyoCd=1176500096-00&ServiceCd=430&Type=search" }, "geometry": { "type": "Point", "coordinates": [ 139.614245699999969, 35.8724299 ] } },
{ "type": "Feature", "properties": { "内容": "愛希【居宅介護支援】埼玉県さいたま市桜区田島4-38-3", "url2": "https://www.kaigokensaku.mhlw.go.jp/11/index.php?action_kouhyou_detail_004_kani=true&JigyosyoCd=1176502076-00&ServiceCd=430&Type=search" }, "geometry": { "type": "Point", "coordinates": [ 139.627056499999981, 35.8486386 ] } },
{ "type": "Feature", "properties": { "内容": "居宅介護支援事業所　かえで　桜区【居宅介護支援】埼玉県さいたま市桜区下大久保924", "url2": "https://www.kaigokensaku.mhlw.go.jp/11/index.php?action_kouhyou_detail_004_kani=true&JigyosyoCd=1176514402-00&ServiceCd=430&Type=search" }, "geometry": { "type": "Point", "coordinates": [ 139.597783717603704, 35.863415458429479 ] } },
{ "type": "Feature", "properties": { "内容": "ツクイさいたま西浦和【居宅介護支援】埼玉県さいたま市桜区田島2-5-23", "url2": "https://www.kaigokensaku.mhlw.go.jp/11/index.php?action_kouhyou_detail_004_kani=true&JigyosyoCd=1170100448-00&ServiceCd=430&Type=search" }, "geometry": { "type": "Point", "coordinates": [ 139.633331, 35.8450557 ] } },
{ "type": "Feature", "properties": { "内容": "居宅介護支援センター三愛【居宅介護支援】埼玉県さいたま市桜区田島４丁目１５７７番地２", "url2": "https://www.kaigokensaku.mhlw.go.jp/11/index.php?action_kouhyou_detail_004_kani=true&JigyosyoCd=1176505632-00&ServiceCd=430&Type=search" }, "geometry": { "type": "Point", "coordinates": [ 139.62701686225472, 35.848875895428066 ] } },
{ "type": "Feature", "properties": { "内容": "ネヲハルケアプランセンター【居宅介護支援】埼玉県さいたま市桜区田島4-9-8", "url2": "https://www.kaigokensaku.mhlw.go.jp/11/index.php?action_kouhyou_detail_004_kani=true&JigyosyoCd=1176512398-00&ServiceCd=430&Type=search" }, "geometry": { "type": "Point", "coordinates": [ 139.632393515025996, 35.849810006808625 ] } },
{ "type": "Feature", "properties": { "内容": "特定非営利活動法人　さいたま自立支援センター【居宅介護支援】さいたま市桜区西堀５－２－１０メゾン浦和504号", "url2": "https://www.kaigokensaku.mhlw.go.jp/11/index.php?action_kouhyou_detail_004_kani=true&JigyosyoCd=1176500419-00&ServiceCd=430&Type=search" }, "geometry": { "type": "Point", "coordinates": [ 139.6263841, 35.8542407 ] } },
{ "type": "Feature", "properties": { "内容": "介護相談みるみるの木【居宅介護支援】栄和6丁目６6-14モジュール８８　２MF", "url2": "https://www.kaigokensaku.mhlw.go.jp/11/index.php?action_kouhyou_detail_004_kani=true&JigyosyoCd=1176521589-00&ServiceCd=430&Type=search" }, "geometry": { "type": "Point", "coordinates": [ 139.611423800000011, 35.8592151 ] } },
{ "type": "Feature", "properties": { "内容": "彩寿苑居宅介護支援センター【居宅介護支援】さいたま市桜区宿400番地", "url2": "https://www.kaigokensaku.mhlw.go.jp/11/index.php?action_kouhyou_detail_004_kani=true&JigyosyoCd=1170100133-00&ServiceCd=430&Type=search" }, "geometry": { "type": "Point", "coordinates": [ 139.592939200000046, 35.8742179 ] } },
{ "type": "Feature", "properties": { "内容": "有限会社ファーストケアまちや【居宅介護支援】埼玉県さいたま市浦和区本太3-1-14", "url2": "https://www.kaigokensaku.mhlw.go.jp/11/index.php?action_kouhyou_detail_004_kani=true&JigyosyoCd=1170100778-00&ServiceCd=430&Type=search" }, "geometry": { "type": "Point", "coordinates": [ 139.65415680000001, 35.8639671 ] } },
{ "type": "Feature", "properties": { "内容": "スギ薬局予防ケアマネジメント浦和神明店【居宅介護支援】埼玉県さいたま市浦和区神明2丁目13番13号　1階", "url2": "https://www.kaigokensaku.mhlw.go.jp/11/index.php?action_kouhyou_detail_004_kani=true&JigyosyoCd=1176521282-00&ServiceCd=430&Type=search" }, "geometry": { "type": "Point", "coordinates": [ 139.658172171163926, 35.847990662659562 ] } },
{ "type": "Feature", "properties": { "内容": "癒しのケアプランセンター浦和【居宅介護支援】さいたま市浦和区本太3-24-6", "url2": "https://www.kaigokensaku.mhlw.go.jp/11/index.php?action_kouhyou_detail_004_kani=true&JigyosyoCd=1176507604-00&ServiceCd=430&Type=search" }, "geometry": { "type": "Point", "coordinates": [ 139.653552943069514, 35.867232173020142 ] } },
{ "type": "Feature", "properties": { "内容": "ケアプランあかり【居宅介護支援】瀬ケ崎2-16-5", "url2": "https://www.kaigokensaku.mhlw.go.jp/11/index.php?action_kouhyou_detail_004_kani=true&JigyosyoCd=1176520441-00&ServiceCd=430&Type=search" }, "geometry": { "type": "Point", "coordinates": [ 139.6617903, 35.8766817 ] } },
{ "type": "Feature", "properties": { "内容": "アールスタッフ浦和ケアサービス【居宅介護支援】さいたま市浦和区北浦和1-11⁻19エソールビル２F", "url2": "https://www.kaigokensaku.mhlw.go.jp/11/index.php?action_kouhyou_detail_004_kani=true&JigyosyoCd=1176501417-00&ServiceCd=430&Type=search" }, "geometry": { "type": "Point", "coordinates": [ 139.648198536349838, 35.874201264794955 ] } },
{ "type": "Feature", "properties": { "内容": "ことぶきケアプランセンター【居宅介護支援】東岸町3-11-2F", "url2": "https://www.kaigokensaku.mhlw.go.jp/11/index.php?action_kouhyou_detail_004_kani=true&JigyosyoCd=1176517587-00&ServiceCd=430&Type=search" }, "geometry": { "type": "Point", "coordinates": [ 139.653361899999908, 35.8442868 ] } },
{ "type": "Feature", "properties": { "内容": "アズミメディケアセンター浦和【居宅介護支援】埼玉県さいたま市浦和区岸町７－１－４荏原実業ビル１階", "url2": "https://www.kaigokensaku.mhlw.go.jp/11/index.php?action_kouhyou_detail_004_kani=true&JigyosyoCd=1170101065-00&ServiceCd=430&Type=search" }, "geometry": { "type": "Point", "coordinates": [ 139.654226, 35.8559743 ] } },
{ "type": "Feature", "properties": { "内容": "あいケアサポート浦和【居宅介護支援】埼玉県さいたま市浦和区神明２－１２－１５オーク南浦和103", "url2": "https://www.kaigokensaku.mhlw.go.jp/11/index.php?action_kouhyou_detail_004_kani=true&JigyosyoCd=1176517207-00&ServiceCd=430&Type=search" }, "geometry": { "type": "Point", "coordinates": [ 139.659231399999953, 35.848339 ] } },
{ "type": "Feature", "properties": { "内容": "東京海上日動みずたま介護ＳＴ北浦和ケアプランセンター【居宅介護支援】埼玉県さいたま市浦和区北浦和3-8-15光邦ビル4階", "url2": "https://www.kaigokensaku.mhlw.go.jp/11/index.php?action_kouhyou_detail_004_kani=true&JigyosyoCd=1176520664-00&ServiceCd=430&Type=search" }, "geometry": { "type": "Point", "coordinates": [ 139.645817099999988, 35.87269830000001 ] } },
{ "type": "Feature", "properties": { "内容": "株式会社福祉の街　ふくしのまち与野【居宅介護支援】埼玉県さいたま市浦和区木崎4-17-1バロンズ木崎202", "url2": "https://www.kaigokensaku.mhlw.go.jp/11/index.php?action_kouhyou_detail_004_kani=true&JigyosyoCd=1176519286-00&ServiceCd=430&Type=search" }, "geometry": { "type": "Point", "coordinates": [ 139.6611284, 35.8865213 ] } },
{ "type": "Feature", "properties": { "内容": "居宅介護支援事業所　ソラスト浦和【居宅介護支援】埼玉県さいたま市浦和区東仲町１５－８グリーンスクエア４０１号", "url2": "https://www.kaigokensaku.mhlw.go.jp/11/index.php?action_kouhyou_detail_004_kani=true&JigyosyoCd=1176501953-00&ServiceCd=430&Type=search" }, "geometry": { "type": "Point", "coordinates": [ 139.658023299999968, 35.8610208 ] } },
{ "type": "Feature", "properties": { "内容": "さわやかケアうらわ・居宅介護支援【居宅介護支援】さいたま市浦和区前地3-14-12第２スミダビル３階", "url2": "https://www.kaigokensaku.mhlw.go.jp/11/index.php?action_kouhyou_detail_004_kani=true&JigyosyoCd=1176505160-00&ServiceCd=430&Type=search" }, "geometry": { "type": "Point", "coordinates": [ 139.666055899999947, 35.860486500000015 ] } },
{ "type": "Feature", "properties": { "内容": "居宅支援センター　新都心【居宅介護支援】埼玉県さいたま市浦和区針ケ谷2-14-3", "url2": "https://www.kaigokensaku.mhlw.go.jp/11/index.php?action_kouhyou_detail_004_kani=true&JigyosyoCd=1170100034-00&ServiceCd=430&Type=search" }, "geometry": { "type": "Point", "coordinates": [ 139.643813868906108, 35.882707788507261 ] } },
{ "type": "Feature", "properties": { "内容": "福祉ネットワークさくら【居宅介護支援】埼玉県さいたま市浦和区上木崎６－９－３", "url2": "https://www.kaigokensaku.mhlw.go.jp/11/index.php?action_kouhyou_detail_004_kani=true&JigyosyoCd=1176500732-00&ServiceCd=430&Type=search" }, "geometry": { "type": "Point", "coordinates": [ 139.6516961, 35.8832277 ] } },
{ "type": "Feature", "properties": { "内容": "サポートセンター麦【居宅介護支援】上木崎7－13－26コーポ道美木１０１号", "url2": "https://www.kaigokensaku.mhlw.go.jp/11/index.php?action_kouhyou_detail_004_kani=true&JigyosyoCd=1176507828-00&ServiceCd=430&Type=search" }, "geometry": { "type": "Point", "coordinates": [ 139.651778414726294, 35.888644612705122 ] } },
{ "type": "Feature", "properties": { "内容": "オリーブケア【居宅介護支援】埼玉県さいたま市浦和区東仲町5-3イーストサイドパレスＴ＆Ｔ　406号", "url2": "https://www.kaigokensaku.mhlw.go.jp/11/index.php?action_kouhyou_detail_004_kani=true&JigyosyoCd=1176509568-00&ServiceCd=430&Type=search" }, "geometry": { "type": "Point", "coordinates": [ 139.656030200000032, 35.8616832 ] } },
{ "type": "Feature", "properties": { "内容": "浦和医師会指定居宅介護支援センター【居宅介護支援】埼玉県さいたま市浦和区常盤６丁目４番１８号", "url2": "https://www.kaigokensaku.mhlw.go.jp/11/index.php?action_kouhyou_detail_004_kani=true&JigyosyoCd=1170100927-00&ServiceCd=430&Type=search" }, "geometry": { "type": "Point", "coordinates": [ 139.64418790000002, 35.861234700000011 ] } },
{ "type": "Feature", "properties": { "内容": "ニチイケアセンター上木崎【居宅介護支援】埼玉県さいたま市浦和区上木崎３－１－１０", "url2": "https://www.kaigokensaku.mhlw.go.jp/11/index.php?action_kouhyou_detail_004_kani=true&JigyosyoCd=1176503454-00&ServiceCd=430&Type=search" }, "geometry": { "type": "Point", "coordinates": [ 139.643181499999969, 35.8874425 ] } },
{ "type": "Feature", "properties": { "内容": "独立行政法人地域医療機能推進機構　埼玉メディカルセンター附属居宅介護支援センター【居宅介護支援】埼玉県さいたま市浦和区北浦和５丁目２番７号", "url2": "https://www.kaigokensaku.mhlw.go.jp/11/index.php?action_kouhyou_detail_004_kani=true&JigyosyoCd=1150180034-00&ServiceCd=430&Type=search" }, "geometry": { "type": "Point", "coordinates": [ 139.642909799999984, 35.8739527 ] } },
{ "type": "Feature", "properties": { "内容": "居宅介護支援事業所ほほえみ【居宅介護支援】さいたま市浦和区高砂２－１－１明治安田生命浦和ビル４階", "url2": "https://www.kaigokensaku.mhlw.go.jp/11/index.php?action_kouhyou_detail_004_kani=true&JigyosyoCd=1176500500-00&ServiceCd=430&Type=search" }, "geometry": { "type": "Point", "coordinates": [ 139.6550231, 35.8575214 ] } },
{ "type": "Feature", "properties": { "内容": "医療生協ケアステーションうらしん【居宅介護支援】埼玉県さいたま市浦和区北浦和3-10-4", "url2": "https://www.kaigokensaku.mhlw.go.jp/11/index.php?action_kouhyou_detail_004_kani=true&JigyosyoCd=1170100091-00&ServiceCd=430&Type=search" }, "geometry": { "type": "Point", "coordinates": [ 139.645788244180267, 35.874116700001714 ] } },
{ "type": "Feature", "properties": { "内容": "あおぞらケアオフィス【居宅介護支援】埼玉県さいたま市浦和区木崎１－１－６　２階", "url2": "https://www.kaigokensaku.mhlw.go.jp/11/index.php?action_kouhyou_detail_004_kani=true&JigyosyoCd=1176520672-00&ServiceCd=430&Type=search" }, "geometry": { "type": "Point", "coordinates": [ 139.656971725638869, 35.884227265186254 ] } },
{ "type": "Feature", "properties": { "内容": "ほまれプランニング【居宅介護支援】さいたま市南区文蔵5丁目30－3", "url2": "https://www.kaigokensaku.mhlw.go.jp/11/index.php?action_kouhyou_detail_004_kani=true&JigyosyoCd=1176521597-00&ServiceCd=430&Type=search" }, "geometry": { "type": "Point", "coordinates": [ 139.669554299999987, 35.8356873 ] } },
{ "type": "Feature", "properties": { "内容": "居宅介護支援事業所くるり【居宅介護支援】埼玉県さいたま市浦和区木崎2-23-10", "url2": "https://www.kaigokensaku.mhlw.go.jp/11/index.php?action_kouhyou_detail_004_kani=true&JigyosyoCd=1176519716-00&ServiceCd=430&Type=search" }, "geometry": { "type": "Point", "coordinates": [ 139.657269462390417, 35.886656756397727 ] } },
{ "type": "Feature", "properties": { "内容": "コープみらい浦和介護センター【居宅介護支援】埼玉県さいたま市浦和区上木崎7-6-7　コープ上木崎店内", "url2": "https://www.kaigokensaku.mhlw.go.jp/11/index.php?action_kouhyou_detail_004_kani=true&JigyosyoCd=1176504031-00&ServiceCd=430&Type=search" }, "geometry": { "type": "Point", "coordinates": [ 139.650417, 35.8882814 ] } },
{ "type": "Feature", "properties": { "内容": "やさしい手浦和針ヶ谷居宅介護支援事業所【居宅介護支援】埼玉県さいたま市浦和区針ヶ谷1-2-11　オウカス浦和針ヶ谷1階埼玉県さいたま市浦和区針ヶ谷1丁目2-11　オウカス浦和針ヶ谷1階", "url2": "https://www.kaigokensaku.mhlw.go.jp/11/index.php?action_kouhyou_detail_004_kani=true&JigyosyoCd=1176521837-00&ServiceCd=430&Type=search" }, "geometry": { "type": "Point", "coordinates": [ 139.6421801, 35.8788129 ] } },
{ "type": "Feature", "properties": { "内容": "オーディナリーケア居宅介護支援事業所【居宅介護支援】埼玉県さいたま市浦和区高砂3丁目17番21号高砂武蔵ビルディング　203号室", "url2": "https://www.kaigokensaku.mhlw.go.jp/11/index.php?action_kouhyou_detail_004_kani=true&JigyosyoCd=1176517991-00&ServiceCd=430&Type=search" }, "geometry": { "type": "Point", "coordinates": [ 139.647990240736391, 35.856499028549734 ] } },
{ "type": "Feature", "properties": { "内容": "居宅介護支援事業所　あおぞら中央【居宅介護支援】円正寺518-5", "url2": "https://www.kaigokensaku.mhlw.go.jp/11/index.php?action_kouhyou_detail_004_kani=true&JigyosyoCd=1176521522-00&ServiceCd=430&Type=search" }, "geometry": { "type": "Point", "coordinates": [ 139.6953172, 35.8531662 ] } },
{ "type": "Feature", "properties": { "内容": "アスモ介護サービス埼玉【居宅介護支援】埼玉県さいたま市南区南浦和２－３３－１３エバタビル２０２", "url2": "https://www.kaigokensaku.mhlw.go.jp/11/index.php?action_kouhyou_detail_004_kani=true&JigyosyoCd=1176512083-00&ServiceCd=430&Type=search" }, "geometry": { "type": "Point", "coordinates": [ 139.671685799999977, 35.8489642 ] } },
{ "type": "Feature", "properties": { "内容": "介護相談室ALOHA【居宅介護支援】埼玉県さいたま市南区大谷口1815107", "url2": "https://www.kaigokensaku.mhlw.go.jp/11/index.php?action_kouhyou_detail_004_kani=true&JigyosyoCd=1176519971-00&ServiceCd=430&Type=search" }, "geometry": { "type": "Point", "coordinates": [ 139.689983899999987, 35.857579 ] } },
{ "type": "Feature", "properties": { "内容": "厚生福祉自動車有限会社ハロー介護【居宅介護支援】埼玉県さいたま市南区文蔵3-27-5", "url2": "https://www.kaigokensaku.mhlw.go.jp/11/index.php?action_kouhyou_detail_004_kani=true&JigyosyoCd=1176502621-00&ServiceCd=430&Type=search" }, "geometry": { "type": "Point", "coordinates": [ 139.6737915, 35.8371072 ] } },
{ "type": "Feature", "properties": { "内容": "ケアマネ事業所ひなた【居宅介護支援】埼玉県さいたま市南区文蔵3-18-3-212", "url2": "https://www.kaigokensaku.mhlw.go.jp/11/index.php?action_kouhyou_detail_004_kani=true&JigyosyoCd=1176517595-00&ServiceCd=430&Type=search" }, "geometry": { "type": "Point", "coordinates": [ 139.674099599999977, 35.8417066 ] } },
{ "type": "Feature", "properties": { "内容": "のぞみケアマネジメント【居宅介護支援】埼玉県さいたま市南区松本１－１３－６", "url2": "https://www.kaigokensaku.mhlw.go.jp/11/index.php?action_kouhyou_detail_004_kani=true&JigyosyoCd=1176506655-00&ServiceCd=430&Type=search" }, "geometry": { "type": "Point", "coordinates": [ 139.625760155537762, 35.838044092237979 ] } },
{ "type": "Feature", "properties": { "内容": "みのり居宅介護支援事業所【居宅介護支援】埼玉県さいたま市南区大谷口2029-4", "url2": "https://www.kaigokensaku.mhlw.go.jp/11/index.php?action_kouhyou_detail_004_kani=true&JigyosyoCd=1176504247-00&ServiceCd=430&Type=search" }, "geometry": { "type": "Point", "coordinates": [ 139.693206542991675, 35.85673050373839 ] } },
{ "type": "Feature", "properties": { "内容": "ニチイケアセンター大谷口【居宅介護支援】埼玉県さいたま市南区大谷口５３２２", "url2": "https://www.kaigokensaku.mhlw.go.jp/11/index.php?action_kouhyou_detail_004_kani=true&JigyosyoCd=1176505079-00&ServiceCd=430&Type=search" }, "geometry": { "type": "Point", "coordinates": [ 139.69274740000003, 35.8617768 ] } },
{ "type": "Feature", "properties": { "内容": "ケアプランひばり浦和【居宅介護支援】埼玉県さいたま市南区鹿手袋3-15-13", "url2": "https://www.kaigokensaku.mhlw.go.jp/11/index.php?action_kouhyou_detail_004_kani=true&JigyosyoCd=1176519708-00&ServiceCd=430&Type=search" }, "geometry": { "type": "Point", "coordinates": [ 139.642324699999989, 35.8493675 ] } },
{ "type": "Feature", "properties": { "内容": "さいたま市在宅介護支援センター　ハートランド武蔵浦和【居宅介護支援】埼玉県さいたま市南区別所3-16-11503", "url2": "https://www.kaigokensaku.mhlw.go.jp/11/index.php?action_kouhyou_detail_004_kani=true&JigyosyoCd=1170101156-00&ServiceCd=430&Type=search" }, "geometry": { "type": "Point", "coordinates": [ 139.645558314361352, 35.855020557374715 ] } },
{ "type": "Feature", "properties": { "内容": "東京海上日動みずたま介護ＳＴ南浦和ケアプランセンター【居宅介護支援】埼玉県さいたま市南区南本町2-3-7グレイス南本町3階", "url2": "https://www.kaigokensaku.mhlw.go.jp/11/index.php?action_kouhyou_detail_004_kani=true&JigyosyoCd=1176515029-00&ServiceCd=430&Type=search" }, "geometry": { "type": "Point", "coordinates": [ 139.6670326, 35.846949500000022 ] } },
{ "type": "Feature", "properties": { "内容": "エルフケアプラン【居宅介護支援】埼玉県さいたま市南区鹿手袋6-16-23ザスプリングビレッジ103", "url2": "https://www.kaigokensaku.mhlw.go.jp/11/index.php?action_kouhyou_detail_004_kani=true&JigyosyoCd=1176520011-00&ServiceCd=430&Type=search" }, "geometry": { "type": "Point", "coordinates": [ 139.638813199999987, 35.843689 ] } },
{ "type": "Feature", "properties": { "内容": "株式会社　愛ケア　浦和【居宅介護支援】埼玉県さいたま市南区根岸1-3-9ツネビル502", "url2": "https://www.kaigokensaku.mhlw.go.jp/11/index.php?action_kouhyou_detail_004_kani=true&JigyosyoCd=1176506820-00&ServiceCd=430&Type=search" }, "geometry": { "type": "Point", "coordinates": [ 139.664689299999964, 35.8438812 ] } },
{ "type": "Feature", "properties": { "内容": "山手ケアサービス株式会社【居宅介護支援】埼玉県さいたま市南区大谷口1460-2", "url2": "https://www.kaigokensaku.mhlw.go.jp/11/index.php?action_kouhyou_detail_004_kani=true&JigyosyoCd=1170101099-00&ServiceCd=430&Type=search" }, "geometry": { "type": "Point", "coordinates": [ 139.680279199999973, 35.8558913 ] } },
{ "type": "Feature", "properties": { "内容": "スマイル　ファクトリー【居宅介護支援】文蔵1-20-12", "url2": "https://www.kaigokensaku.mhlw.go.jp/11/index.php?action_kouhyou_detail_004_kani=true&JigyosyoCd=1176518700-00&ServiceCd=430&Type=search" }, "geometry": { "type": "Point", "coordinates": [ 139.6708899, 35.8417524 ] } },
{ "type": "Feature", "properties": { "内容": "介護相談　キラメキ【居宅介護支援】曲本5-6-23エクセルコート104", "url2": "https://www.kaigokensaku.mhlw.go.jp/11/index.php?action_kouhyou_detail_004_kani=true&JigyosyoCd=1176520748-00&ServiceCd=430&Type=search" }, "geometry": { "type": "Point", "coordinates": [ 139.6461019, 35.8379349 ] } },
{ "type": "Feature", "properties": { "内容": "居宅介護支援事業所きらり【居宅介護支援】埼玉県さいたま市南区大字大谷口５３７５", "url2": "https://www.kaigokensaku.mhlw.go.jp/11/index.php?action_kouhyou_detail_004_kani=true&JigyosyoCd=1176515664-00&ServiceCd=430&Type=search" }, "geometry": { "type": "Point", "coordinates": [ 139.695536100000027, 35.8598076 ] } },
{ "type": "Feature", "properties": { "内容": "ケアワークわかくさ【居宅介護支援】埼玉県さいたま市南区太田窪1977-1", "url2": "https://www.kaigokensaku.mhlw.go.jp/11/index.php?action_kouhyou_detail_004_kani=true&JigyosyoCd=1170100901-00&ServiceCd=430&Type=search" }, "geometry": { "type": "Point", "coordinates": [ 139.681529200000028, 35.852866700000035 ] } },
{ "type": "Feature", "properties": { "内容": "エム・ケア・マネジメント【居宅介護支援】埼玉県さいたま市南区辻4-19-19", "url2": "https://www.kaigokensaku.mhlw.go.jp/11/index.php?action_kouhyou_detail_004_kani=true&JigyosyoCd=1176509972-00&ServiceCd=430&Type=search" }, "geometry": { "type": "Point", "coordinates": [ 139.655822333135234, 35.834938562556992 ] } },
{ "type": "Feature", "properties": { "内容": "ケアプランセンター　つむぎ【居宅介護支援】埼玉県さいたま市南区鹿手袋4-26-29ダイヤモンドハイツ103", "url2": "https://www.kaigokensaku.mhlw.go.jp/11/index.php?action_kouhyou_detail_004_kani=true&JigyosyoCd=1176506176-00&ServiceCd=430&Type=search" }, "geometry": { "type": "Point", "coordinates": [ 139.638611, 35.8473028 ] } },
{ "type": "Feature", "properties": { "内容": "居宅介護支援事業所　けやきホームズ【居宅介護支援】さいたま市南区鹿手袋7-13-4", "url2": "https://www.kaigokensaku.mhlw.go.jp/11/index.php?action_kouhyou_detail_004_kani=true&JigyosyoCd=1176501367-00&ServiceCd=430&Type=search" }, "geometry": { "type": "Point", "coordinates": [ 139.635411299999987, 35.8471 ] } },
{ "type": "Feature", "properties": { "内容": "ケア２１浦和【居宅介護支援】埼玉県さいたま市南区南浦和３－３５－２２ヴィラ明和１０３号室", "url2": "https://www.kaigokensaku.mhlw.go.jp/11/index.php?action_kouhyou_detail_004_kani=true&JigyosyoCd=1176515904-00&ServiceCd=430&Type=search" }, "geometry": { "type": "Point", "coordinates": [ 139.673416299999985, 35.8454979 ] } },
{ "type": "Feature", "properties": { "内容": "ふくのき居宅介護支援事業所　武蔵浦和【居宅介護支援】埼玉県さいたま市南区別所１丁目２５番１２号", "url2": "https://www.kaigokensaku.mhlw.go.jp/11/index.php?action_kouhyou_detail_004_kani=true&JigyosyoCd=1176520987-00&ServiceCd=430&Type=search" }, "geometry": { "type": "Point", "coordinates": [ 139.6497477, 35.8487123 ] } },
{ "type": "Feature", "properties": { "内容": "医療法人　明医研　ケアメイト訪問看護ステーション【居宅介護支援】埼玉県さいたま市南区別所6-18-8", "url2": "https://www.kaigokensaku.mhlw.go.jp/11/index.php?action_kouhyou_detail_004_kani=true&JigyosyoCd=1160190066-00&ServiceCd=430&Type=search" }, "geometry": { "type": "Point", "coordinates": [ 139.643213400000036, 35.848030896507176 ] } },
{ "type": "Feature", "properties": { "内容": "ねこのて居宅介護支援事業所【居宅介護支援】埼玉県さいたま市南区文蔵3-35-6ウィステリアメゾン201号", "url2": "https://www.kaigokensaku.mhlw.go.jp/11/index.php?action_kouhyou_detail_004_kani=true&JigyosyoCd=1176520342-00&ServiceCd=430&Type=search" }, "geometry": { "type": "Point", "coordinates": [ 139.673152486581074, 35.839726585938294 ] } },
{ "type": "Feature", "properties": { "内容": "居宅支援事業所　あさひケアサービス【居宅介護支援】埼玉県さいたま市南区鹿手袋6丁目7番19号2F", "url2": "https://www.kaigokensaku.mhlw.go.jp/11/index.php?action_kouhyou_detail_004_kani=true&JigyosyoCd=1176510152-00&ServiceCd=430&Type=search" }, "geometry": { "type": "Point", "coordinates": [ 139.637334872580112, 35.845783484779815 ] } },
{ "type": "Feature", "properties": { "内容": "居宅介護支援事業所　あおぞら西浦和【居宅介護支援】埼玉県さいたま市南区松本1-16-5西浦和ハイツ101号室", "url2": "https://www.kaigokensaku.mhlw.go.jp/11/index.php?action_kouhyou_detail_004_kani=true&JigyosyoCd=1176517371-00&ServiceCd=430&Type=search" }, "geometry": { "type": "Point", "coordinates": [ 139.62582759999998, 35.836407899999983 ] } },
{ "type": "Feature", "properties": { "内容": "ケアサービス　奏【居宅介護支援】埼玉県さいたま市南区別所1-11-2", "url2": "https://www.kaigokensaku.mhlw.go.jp/11/index.php?action_kouhyou_detail_004_kani=true&JigyosyoCd=1176510756-00&ServiceCd=430&Type=search" }, "geometry": { "type": "Point", "coordinates": [ 139.648368299999987, 35.853094 ] } },
{ "type": "Feature", "properties": { "内容": "浦和・あおいホームケアサービス【居宅介護支援】埼玉県さいたま市南区内谷5-24-1", "url2": "https://www.kaigokensaku.mhlw.go.jp/11/index.php?action_kouhyou_detail_004_kani=true&JigyosyoCd=1176513099-00&ServiceCd=430&Type=search" }, "geometry": { "type": "Point", "coordinates": [ 139.644591600000012, 35.8303297 ] } },
{ "type": "Feature", "properties": { "内容": "居宅介護支援事業所　埼玉さくらんぼⅠ番館【居宅介護支援】さいたま市南区大字太田窪3504－3", "url2": "https://www.kaigokensaku.mhlw.go.jp/11/index.php?action_kouhyou_detail_004_kani=true&JigyosyoCd=1176511929-00&ServiceCd=430&Type=search" }, "geometry": { "type": "Point", "coordinates": [ 139.692537496417259, 35.848675761710062 ] } },
{ "type": "Feature", "properties": { "内容": "居宅介護支援事業所　ソラスト武蔵浦和【居宅介護支援】埼玉県さいたま市南区白幡４－１９－１第二春日ビル１階", "url2": "https://www.kaigokensaku.mhlw.go.jp/11/index.php?action_kouhyou_detail_004_kani=true&JigyosyoCd=1170100158-00&ServiceCd=430&Type=search" }, "geometry": { "type": "Point", "coordinates": [ 139.65296109999997, 35.8420638 ] } },
{ "type": "Feature", "properties": { "内容": "ケアサービス　きりん【居宅介護支援】さいたま市南区文蔵４－５－６", "url2": "https://www.kaigokensaku.mhlw.go.jp/11/index.php?action_kouhyou_detail_004_kani=true&JigyosyoCd=1176503215-00&ServiceCd=430&Type=search" }, "geometry": { "type": "Point", "coordinates": [ 139.669236299999966, 35.8401845 ] } },
{ "type": "Feature", "properties": { "内容": "ファインケア浦和【居宅介護支援】埼玉県さいたま市南区文蔵2-2-1", "url2": "https://www.kaigokensaku.mhlw.go.jp/11/index.php?action_kouhyou_detail_004_kani=true&JigyosyoCd=1176510202-00&ServiceCd=430&Type=search" }, "geometry": { "type": "Point", "coordinates": [ 139.669630500000039, 35.844431299999989 ] } },
{ "type": "Feature", "properties": { "内容": "社会福祉法人　潤青会　こもれびの丘居宅介護支援センター【居宅介護支援】広ヶ谷戸130-1", "url2": "https://www.kaigokensaku.mhlw.go.jp/11/index.php?action_kouhyou_detail_004_kani=true&JigyosyoCd=1176513883-00&ServiceCd=430&Type=search" }, "geometry": { "type": "Point", "coordinates": [ 139.686680945121793, 35.860768543971759 ] } },
{ "type": "Feature", "properties": { "内容": "コープみらい　さいたま介護センター【居宅介護支援】埼玉県さいたま市南区根岸3-1-15第3コーポミナミ203", "url2": "https://www.kaigokensaku.mhlw.go.jp/11/index.php?action_kouhyou_detail_004_kani=true&JigyosyoCd=1176500765-00&ServiceCd=430&Type=search" }, "geometry": { "type": "Point", "coordinates": [ 139.663255576968396, 35.842824369256753 ] } },
{ "type": "Feature", "properties": { "内容": "居宅介護支援事業所あすなろホーム【居宅介護支援】埼玉県さいたま市南区辻7-13-15", "url2": "https://www.kaigokensaku.mhlw.go.jp/11/index.php?action_kouhyou_detail_004_kani=true&JigyosyoCd=1176506861-00&ServiceCd=430&Type=search" }, "geometry": { "type": "Point", "coordinates": [ 139.6652702, 35.8326881 ] } },
{ "type": "Feature", "properties": { "内容": "ひかり居宅介護支援事業所浦和【居宅介護支援】南浦和2-41₋4つばさビル　4F", "url2": "https://www.kaigokensaku.mhlw.go.jp/11/index.php?action_kouhyou_detail_004_kani=true&JigyosyoCd=1176521183-00&ServiceCd=430&Type=search" }, "geometry": { "type": "Point", "coordinates": [ 139.67203361310581, 35.848717674517431 ] } },
{ "type": "Feature", "properties": { "内容": "居宅介護支援事業所　わらの手【居宅介護支援】道祖土1-1-27シェトワ浦和502", "url2": "https://www.kaigokensaku.mhlw.go.jp/11/index.php?action_kouhyou_detail_004_kani=true&JigyosyoCd=1176521399-00&ServiceCd=430&Type=search" }, "geometry": { "type": "Point", "coordinates": [ 139.67004270000001, 35.8748959 ] } },
{ "type": "Feature", "properties": { "内容": "介護支援事業所　さいたま青木【居宅介護支援】埼玉県さいたま市緑区道祖土2-12-10サンハイツサイド202", "url2": "https://www.kaigokensaku.mhlw.go.jp/11/index.php?action_kouhyou_detail_004_kani=true&JigyosyoCd=1176516001-00&ServiceCd=430&Type=search" }, "geometry": { "type": "Point", "coordinates": [ 139.671579299999962, 35.8801467 ] } },
{ "type": "Feature", "properties": { "内容": "居宅介護支援センター　ドリームパレット【居宅介護支援】埼玉県さいたま市緑区三室213-7", "url2": "https://www.kaigokensaku.mhlw.go.jp/11/index.php?action_kouhyou_detail_004_kani=true&JigyosyoCd=1176510467-00&ServiceCd=430&Type=search" }, "geometry": { "type": "Point", "coordinates": [ 139.668457392895675, 35.888748858890722 ] } },
{ "type": "Feature", "properties": { "内容": "あんしん介護ステーション浦和　居宅介護支援センター【居宅介護支援】埼玉県さいたま市緑区原山1-28-22", "url2": "https://www.kaigokensaku.mhlw.go.jp/11/index.php?action_kouhyou_detail_004_kani=true&JigyosyoCd=1176510426-00&ServiceCd=430&Type=search" }, "geometry": { "type": "Point", "coordinates": [ 139.6748933, 35.8661846 ] } },
{ "type": "Feature", "properties": { "内容": "Cosmosケアプラン【居宅介護支援】埼玉県さいたま市緑区山崎1-10-20鈴やビル　1階", "url2": "https://www.kaigokensaku.mhlw.go.jp/11/index.php?action_kouhyou_detail_004_kani=true&JigyosyoCd=1176520284-00&ServiceCd=430&Type=search" }, "geometry": { "type": "Point", "coordinates": [ 139.665202028836092, 35.889807743483921 ] } },
{ "type": "Feature", "properties": { "内容": "居宅介護支援レジデンス浦和美園【居宅介護支援】埼玉県さいたま市緑区美園五丁目43番10住宅型有料老人ホーム　レジデンス浦和美園", "url2": "https://www.kaigokensaku.mhlw.go.jp/11/index.php?action_kouhyou_detail_004_kani=true&JigyosyoCd=1176517181-00&ServiceCd=430&Type=search" }, "geometry": { "type": "Point", "coordinates": [ 139.73226180000006, 35.8938794 ] } },
{ "type": "Feature", "properties": { "内容": "居宅介護支援事業所大門【居宅介護支援】さいたま市緑区大字大門1178-3コーポラス中田1-102号", "url2": "https://www.kaigokensaku.mhlw.go.jp/11/index.php?action_kouhyou_detail_004_kani=true&JigyosyoCd=1176520946-00&ServiceCd=430&Type=search" }, "geometry": { "type": "Point", "coordinates": [ 139.7315734, 35.8818807 ] } },
{ "type": "Feature", "properties": { "内容": "コープみらい浦和東介護センター【居宅介護支援】埼玉県さいたま市緑区三室1342-4斉藤マンション2階", "url2": "https://www.kaigokensaku.mhlw.go.jp/11/index.php?action_kouhyou_detail_004_kani=true&JigyosyoCd=1176516035-00&ServiceCd=430&Type=search" }, "geometry": { "type": "Point", "coordinates": [ 139.676606600000014, 35.8809966 ] } },
{ "type": "Feature", "properties": { "内容": "れんけい訪問看護ステーション【居宅介護支援】埼玉県さいたま市緑区松木3丁目16番地6号　２階", "url2": "https://www.kaigokensaku.mhlw.go.jp/11/index.php?action_kouhyou_detail_004_kani=true&JigyosyoCd=1160190033-00&ServiceCd=430&Type=search" }, "geometry": { "type": "Point", "coordinates": [ 139.688027700000021, 35.8840742 ] } },
{ "type": "Feature", "properties": { "内容": "リバティハウス在宅介護支援センター【居宅介護支援】埼玉県さいたま市緑区松木３－２９－５", "url2": "https://www.kaigokensaku.mhlw.go.jp/11/index.php?action_kouhyou_detail_004_kani=true&JigyosyoCd=1170100208-00&ServiceCd=430&Type=search" }, "geometry": { "type": "Point", "coordinates": [ 139.690380299999987, 35.8836631 ] } },
{ "type": "Feature", "properties": { "内容": "居宅介護支援事業所あさがお【居宅介護支援】埼玉県さいたま市緑区大崎３３８５－１", "url2": "https://www.kaigokensaku.mhlw.go.jp/11/index.php?action_kouhyou_detail_004_kani=true&JigyosyoCd=1176506762-00&ServiceCd=430&Type=search" }, "geometry": { "type": "Point", "coordinates": [ 139.716058, 35.8869493 ] } },
{ "type": "Feature", "properties": { "内容": "医心館居宅介護支援事業所浦和美園【居宅介護支援】埼玉県さいたま市緑区大門1711番地1", "url2": "https://www.kaigokensaku.mhlw.go.jp/11/index.php?action_kouhyou_detail_004_kani=true&JigyosyoCd=1176515953-00&ServiceCd=430&Type=search" }, "geometry": { "type": "Point", "coordinates": [ 139.727446, 35.884608 ] } },
{ "type": "Feature", "properties": { "内容": "夢たまケアプラン【居宅介護支援】さいたま市緑区三室1290-3", "url2": "https://www.kaigokensaku.mhlw.go.jp/11/index.php?action_kouhyou_detail_004_kani=true&JigyosyoCd=1176507323-00&ServiceCd=430&Type=search" }, "geometry": { "type": "Point", "coordinates": [ 139.6745151, 35.8804134 ] } },
{ "type": "Feature", "properties": { "内容": "居宅介護支援事業所あさがお東浦和【居宅介護支援】埼玉県さいたま市緑区大間木550-1", "url2": "https://www.kaigokensaku.mhlw.go.jp/11/index.php?action_kouhyou_detail_004_kani=true&JigyosyoCd=1176509501-00&ServiceCd=430&Type=search" }, "geometry": { "type": "Point", "coordinates": [ 139.6986243, 35.873456 ] } },
{ "type": "Feature", "properties": { "内容": "浦和しぶや苑　居宅介護支援事業所【居宅介護支援】埼玉県さいたま市緑区中尾925", "url2": "https://www.kaigokensaku.mhlw.go.jp/11/index.php?action_kouhyou_detail_004_kani=true&JigyosyoCd=1170100364-00&ServiceCd=430&Type=search" }, "geometry": { "type": "Point", "coordinates": [ 139.681482639811719, 35.874811025732136 ] } },
{ "type": "Feature", "properties": { "内容": "未来介護サービス【居宅介護支援】埼玉県さいたま市緑区東浦和２－７４－１ボンメゾン１０３", "url2": "https://www.kaigokensaku.mhlw.go.jp/11/index.php?action_kouhyou_detail_004_kani=true&JigyosyoCd=1176516373-00&ServiceCd=430&Type=search" }, "geometry": { "type": "Point", "coordinates": [ 139.697035899999946, 35.863085 ] } },
{ "type": "Feature", "properties": { "内容": "スマイルハウス居宅介護支援センター【居宅介護支援】埼玉県さいたま市緑区大字大崎字北口2160番地", "url2": "https://www.kaigokensaku.mhlw.go.jp/11/index.php?action_kouhyou_detail_004_kani=true&JigyosyoCd=1170100224-00&ServiceCd=430&Type=search" }, "geometry": { "type": "Point", "coordinates": [ 139.705778400000014, 35.888704500000017 ] } },
{ "type": "Feature", "properties": { "内容": "居宅介護支援事業所　シーパス【居宅介護支援】埼玉県さいたま市緑区中野田1251-2ワークオフィス中野田206", "url2": "https://www.kaigokensaku.mhlw.go.jp/11/index.php?action_kouhyou_detail_004_kani=true&JigyosyoCd=1176518676-00&ServiceCd=430&Type=search" }, "geometry": { "type": "Point", "coordinates": [ 139.718250399999988, 35.8982721 ] } },
{ "type": "Feature", "properties": { "内容": "共済病院訪問看護ステーションアンジュ（居宅）【居宅介護支援】埼玉県さいたま市緑区原山4-4-1", "url2": "https://www.kaigokensaku.mhlw.go.jp/11/index.php?action_kouhyou_detail_004_kani=true&JigyosyoCd=1176521746-00&ServiceCd=430&Type=search" }, "geometry": { "type": "Point", "coordinates": [ 139.6757742, 35.8715784 ] } },
{ "type": "Feature", "properties": { "内容": "ふわり総合福祉サービス【居宅介護支援】埼玉県さいたま市芝原1-6-7芝原パレス101号室", "url2": "https://www.kaigokensaku.mhlw.go.jp/11/index.php?action_kouhyou_detail_004_kani=true&JigyosyoCd=1176519997-00&ServiceCd=430&Type=search" }, "geometry": { "type": "Point", "coordinates": [ 139.689474702185578, 35.880967887479635 ] } },
{ "type": "Feature", "properties": { "内容": "浦和みやびの郷　居宅介護支援事業所【居宅介護支援】馬場１－２－１伊藤ビル２階", "url2": "https://www.kaigokensaku.mhlw.go.jp/11/index.php?action_kouhyou_detail_004_kani=true&JigyosyoCd=1176521605-00&ServiceCd=430&Type=search" }, "geometry": { "type": "Point", "coordinates": [ 139.68020819843457, 35.888767312560525 ] } },
{ "type": "Feature", "properties": { "内容": "白寿園老人介護支援センター【居宅介護支援】さいたま市緑区寺山１５７番地", "url2": "https://www.kaigokensaku.mhlw.go.jp/11/index.php?action_kouhyou_detail_004_kani=true&JigyosyoCd=1176500070-00&ServiceCd=430&Type=search" }, "geometry": { "type": "Point", "coordinates": [ 139.710671600000069, 35.9045752 ] } },
{ "type": "Feature", "properties": { "内容": "ケアプラン　ひなたぼっこ【居宅介護支援】埼玉県さいたま市岩槻区大字岩槻３４６番地1", "url2": "https://www.kaigokensaku.mhlw.go.jp/11/index.php?action_kouhyou_detail_004_kani=true&JigyosyoCd=1176514592-00&ServiceCd=430&Type=search" }, "geometry": { "type": "Point", "coordinates": [ 139.684011199999986, 35.9616286 ] } },
{ "type": "Feature", "properties": { "内容": "社会福祉法人　春秋会　松鶴園【居宅介護支援】さいたま市岩槻区大字古ヶ場１１番地", "url2": "https://www.kaigokensaku.mhlw.go.jp/11/index.php?action_kouhyou_detail_004_kani=true&JigyosyoCd=1170700072-00&ServiceCd=430&Type=search" }, "geometry": { "type": "Point", "coordinates": [ 139.690031800000042, 35.9781041 ] } },
{ "type": "Feature", "properties": { "内容": "evergreenSUPPORTOFFICE【居宅介護支援】埼玉県さいたま市岩槻区岩槻6821番地", "url2": "https://www.kaigokensaku.mhlw.go.jp/11/index.php?action_kouhyou_detail_004_kani=true&JigyosyoCd=1176517322-00&ServiceCd=430&Type=search" }, "geometry": { "type": "Point", "coordinates": [ 139.699054899999965, 35.9650674 ] } },
{ "type": "Feature", "properties": { "内容": "ケアプランおはなみ【居宅介護支援】埼玉県さいたま市岩槻区大字岩槻６７９５番地", "url2": "https://www.kaigokensaku.mhlw.go.jp/11/index.php?action_kouhyou_detail_004_kani=true&JigyosyoCd=1176520060-00&ServiceCd=430&Type=search" }, "geometry": { "type": "Point", "coordinates": [ 139.695574, 35.9640444 ] } },
{ "type": "Feature", "properties": { "内容": "ケアプラン　彩【居宅介護支援】埼玉県さいたま市岩槻区仲町１－４－１７仲町コーポラス１０１", "url2": "https://www.kaigokensaku.mhlw.go.jp/11/index.php?action_kouhyou_detail_004_kani=true&JigyosyoCd=1176515235-00&ServiceCd=430&Type=search" }, "geometry": { "type": "Point", "coordinates": [ 139.703092044329196, 35.945147896061762 ] } },
{ "type": "Feature", "properties": { "内容": "きらきら介護【居宅介護支援】埼玉県さいたま市岩槻区東岩槻2-2-9pureビル301", "url2": "https://www.kaigokensaku.mhlw.go.jp/11/index.php?action_kouhyou_detail_004_kani=true&JigyosyoCd=1176504205-00&ServiceCd=430&Type=search" }, "geometry": { "type": "Point", "coordinates": [ 139.708559550262436, 35.96512403459915 ] } },
{ "type": "Feature", "properties": { "内容": "居宅介護支援事業所メープル【居宅介護支援】本町１－１５－８", "url2": "https://www.kaigokensaku.mhlw.go.jp/11/index.php?action_kouhyou_detail_004_kani=true&JigyosyoCd=1176512943-00&ServiceCd=430&Type=search" }, "geometry": { "type": "Point", "coordinates": [ 140.876191400000039, 38.2669931 ] } },
{ "type": "Feature", "properties": { "内容": "岩槻まきば園居宅介護支援センター【居宅介護支援】さいたま市岩槻区横根１３７５", "url2": "https://www.kaigokensaku.mhlw.go.jp/11/index.php?action_kouhyou_detail_004_kani=true&JigyosyoCd=1170700684-00&ServiceCd=430&Type=search" }, "geometry": { "type": "Point", "coordinates": [ 139.706593800000064, 35.921523 ] } },
{ "type": "Feature", "properties": { "内容": "こもれびの窓【居宅介護支援】埼玉県さいたま市岩槻区箕輪９０－７", "url2": "https://www.kaigokensaku.mhlw.go.jp/11/index.php?action_kouhyou_detail_004_kani=true&JigyosyoCd=1176516100-00&ServiceCd=430&Type=search" }, "geometry": { "type": "Point", "coordinates": [ 139.680830288195068, 35.959118668618089 ] } },
{ "type": "Feature", "properties": { "内容": "コスモ訪問看護ステーション　岩槻【居宅介護支援】埼玉県さいたま市岩槻区西原6-33", "url2": "https://www.kaigokensaku.mhlw.go.jp/11/index.php?action_kouhyou_detail_004_kani=true&JigyosyoCd=1176517868-00&ServiceCd=430&Type=search" }, "geometry": { "type": "Point", "coordinates": [ 139.683122899999944, 35.9524158 ] } },
{ "type": "Feature", "properties": { "内容": "いちごいちえケアプラン【居宅介護支援】埼玉県さいたま市岩槻区府内4‐1‐58フェリスカーサ105号室", "url2": "https://www.kaigokensaku.mhlw.go.jp/11/index.php?action_kouhyou_detail_004_kani=true&JigyosyoCd=1176520896-00&ServiceCd=430&Type=search" }, "geometry": { "type": "Point", "coordinates": [ 139.715910400000013, 35.9413573 ] } },
{ "type": "Feature", "properties": { "内容": "居宅介護支援事業所　メープル東岩槻【居宅介護支援】埼玉県さいたま市岩槻区東岩槻1丁目5番地１１階", "url2": "https://www.kaigokensaku.mhlw.go.jp/11/index.php?action_kouhyou_detail_004_kani=true&JigyosyoCd=1176518460-00&ServiceCd=430&Type=search" }, "geometry": { "type": "Point", "coordinates": [ 139.710486925794953, 35.96454002612672 ] } },
{ "type": "Feature", "properties": { "内容": "ケアプランナーズ　菜の花【居宅介護支援】表慈恩寺1333-8", "url2": "https://www.kaigokensaku.mhlw.go.jp/11/index.php?action_kouhyou_detail_004_kani=true&JigyosyoCd=1176520607-00&ServiceCd=430&Type=search" }, "geometry": { "type": "Point", "coordinates": [ 139.70357037756628, 35.972162841156944 ] } },
{ "type": "Feature", "properties": { "内容": "アリス・ケアプラン【居宅介護支援】さいたま市岩槻区城南１－６－５３－９", "url2": "https://www.kaigokensaku.mhlw.go.jp/11/index.php?action_kouhyou_detail_004_kani=true&JigyosyoCd=1176504841-00&ServiceCd=430&Type=search" }, "geometry": { "type": "Point", "coordinates": [ 139.701438299999978, 35.940110900000015 ] } },
{ "type": "Feature", "properties": { "内容": "居宅介護支援事業所しらさぎ【居宅介護支援】埼玉県さいたま市岩槻区真福寺１４６５", "url2": "https://www.kaigokensaku.mhlw.go.jp/11/index.php?action_kouhyou_detail_004_kani=true&JigyosyoCd=1170700460-00&ServiceCd=430&Type=search" }, "geometry": { "type": "Point", "coordinates": [ 139.71341480000001, 35.9340995 ] } },
{ "type": "Feature", "properties": { "内容": "あしすとケアプラン岩槻【居宅介護支援】さいたま市岩槻区南平野3-21-12", "url2": "https://www.kaigokensaku.mhlw.go.jp/11/index.php?action_kouhyou_detail_004_kani=true&JigyosyoCd=1176514410-00&ServiceCd=430&Type=search" }, "geometry": { "type": "Point", "coordinates": [ 139.715059099999962, 35.951982600000015 ] } },
{ "type": "Feature", "properties": { "内容": "訪問看護ステーションいわつき【居宅介護支援】埼玉県さいたま市岩槻区本町2-7-2", "url2": "https://www.kaigokensaku.mhlw.go.jp/11/index.php?action_kouhyou_detail_004_kani=true&JigyosyoCd=1170700122-00&ServiceCd=430&Type=search" }, "geometry": { "type": "Point", "coordinates": [ 139.695199799999955, 35.9447004 ] } },
{ "type": "Feature", "properties": { "内容": "居宅介護支援事業所さくらんぼ【居宅介護支援】さいたま市岩槻区本丸1-36-27", "url2": "https://www.kaigokensaku.mhlw.go.jp/11/index.php?action_kouhyou_detail_004_kani=true&JigyosyoCd=1176504080-00&ServiceCd=430&Type=search" }, "geometry": { "type": "Point", "coordinates": [ 139.702114517473547, 35.950082735311966 ] } },
{ "type": "Feature", "properties": { "内容": "居宅介護支援事業所ルミナス岩槻【居宅介護支援】埼玉県さいたま市岩槻区馬込1292番地６", "url2": "https://www.kaigokensaku.mhlw.go.jp/11/index.php?action_kouhyou_detail_004_kani=true&JigyosyoCd=1176516407-00&ServiceCd=430&Type=search" }, "geometry": { "type": "Point", "coordinates": [ 139.659347, 35.9704268 ] } },
{ "type": "Feature", "properties": { "内容": "田中ファミリークリニック【居宅介護支援】埼玉県さいたま市岩槻区大字鹿室987－1", "url2": "https://www.kaigokensaku.mhlw.go.jp/11/index.php?action_kouhyou_detail_004_kani=true&JigyosyoCd=1170700098-00&ServiceCd=430&Type=search" }, "geometry": { "type": "Point", "coordinates": [ 139.700494099999986, 35.9893411 ] } },
{ "type": "Feature", "properties": { "内容": "介護相談室　岩槻名栗園【居宅介護支援】さいたま市岩槻区諏訪３－２－２ケアセンター岩槻名栗園", "url2": "https://www.kaigokensaku.mhlw.go.jp/11/index.php?action_kouhyou_detail_004_kani=true&JigyosyoCd=1176507661-00&ServiceCd=430&Type=search" }, "geometry": { "type": "Point", "coordinates": [ 139.707850199999939, 35.9675975 ] } },
{ "type": "Feature", "properties": { "内容": "居宅介護支援事業所さいたまほほえみの里【居宅介護支援】さいたま市岩槻区大字長宮1512-1", "url2": "https://www.kaigokensaku.mhlw.go.jp/11/index.php?action_kouhyou_detail_004_kani=true&JigyosyoCd=1176508529-00&ServiceCd=430&Type=search" }, "geometry": { "type": "Point", "coordinates": [ 139.731614799999988, 35.954699 ] } },
{ "type": "Feature", "properties": { "内容": "居宅介護支援センターさいたま【居宅介護支援】さいたま市岩槻区増長１００－９", "url2": "https://www.kaigokensaku.mhlw.go.jp/11/index.php?action_kouhyou_detail_004_kani=true&JigyosyoCd=1176502043-00&ServiceCd=430&Type=search" }, "geometry": { "type": "Point", "coordinates": [ 139.739073023650349, 35.9440429357022 ] } },
{ "type": "Feature", "properties": { "内容": "合同会社　ケアプランほーりぃ【居宅介護支援】埼玉県さいたま市岩槻区並木１－２７－２２メゾン・ド・プレリュード105", "url2": "https://www.kaigokensaku.mhlw.go.jp/11/index.php?action_kouhyou_detail_004_kani=true&JigyosyoCd=1176506564-00&ServiceCd=430&Type=search" }, "geometry": { "type": "Point", "coordinates": [ 139.6833805, 35.9461701 ] } },
{ "type": "Feature", "properties": { "内容": "社会福祉法人大幸会　ケアプランセンター彩幸の杜【居宅介護支援】埼玉県さいたま市岩槻区増長378番地１", "url2": "https://www.kaigokensaku.mhlw.go.jp/11/index.php?action_kouhyou_detail_004_kani=true&JigyosyoCd=1176520417-00&ServiceCd=430&Type=search" }, "geometry": { "type": "Point", "coordinates": [ 139.7448154, 35.9480698 ] } },
{ "type": "Feature", "properties": { "内容": "ケアサービス白鶴ホーム【居宅介護支援】さいたま市岩槻区宮町１丁目５番１２号", "url2": "https://www.kaigokensaku.mhlw.go.jp/11/index.php?action_kouhyou_detail_004_kani=true&JigyosyoCd=1170700049-00&ServiceCd=430&Type=search" }, "geometry": { "type": "Point", "coordinates": [ 139.698365400000057, 35.9586181 ] } },
{ "type": "Feature", "properties": { "内容": "居宅介護支援フローラ岩槻【居宅介護支援】さいたま市岩槻区仲町1-9-7", "url2": "https://www.kaigokensaku.mhlw.go.jp/11/index.php?action_kouhyou_detail_004_kani=true&JigyosyoCd=1176507646-00&ServiceCd=430&Type=search" }, "geometry": { "type": "Point", "coordinates": [ 139.701537899999948, 35.946928 ] } },
{ "type": "Feature", "properties": { "内容": "グリーンケアプラン岩槻【居宅介護支援】埼玉県さいたま市岩槻区西町5-5-6ヤストミハイツ103", "url2": "https://www.kaigokensaku.mhlw.go.jp/11/index.php?action_kouhyou_detail_004_kani=true&JigyosyoCd=1176514857-00&ServiceCd=430&Type=search" }, "geometry": { "type": "Point", "coordinates": [ 139.692207899999971, 35.9549796 ] } },
{ "type": "Feature", "properties": { "内容": "ＳＯＭＰＯケア　さいたま岩槻　居宅介護支援【居宅介護支援】埼玉県さいたま市岩槻区本町2-12-11", "url2": "https://www.kaigokensaku.mhlw.go.jp/11/index.php?action_kouhyou_detail_004_kani=true&JigyosyoCd=1176516738-00&ServiceCd=430&Type=search" }, "geometry": { "type": "Point", "coordinates": [ 139.698046369542453, 35.94672275193345 ] } },
{ "type": "Feature", "properties": { "内容": "居宅介護支援事業所　ひびき【居宅介護支援】埼玉県さいたま市岩槻区本町４丁目２番７号", "url2": "https://www.kaigokensaku.mhlw.go.jp/11/index.php?action_kouhyou_detail_004_kani=true&JigyosyoCd=1170700528-00&ServiceCd=430&Type=search" }, "geometry": { "type": "Point", "coordinates": [ 139.697024400000032, 35.9494165 ] } },
{ "type": "Feature", "properties": { "内容": "ケアマネ虹【居宅介護支援】埼玉県さいたま市岩槻区本町４丁目３－２セントラルヒルズ304号室", "url2": "https://www.kaigokensaku.mhlw.go.jp/11/index.php?action_kouhyou_detail_004_kani=true&JigyosyoCd=1176521126-00&ServiceCd=430&Type=search" }, "geometry": { "type": "Point", "coordinates": [ 139.697556498904106, 35.950122517885724 ] } },
{ "type": "Feature", "properties": { "内容": "居宅介護支援　フローラ岩槻仲町【居宅介護支援】埼玉県さいたま市岩槻区仲町1-12-27", "url2": "https://www.kaigokensaku.mhlw.go.jp/11/index.php?action_kouhyou_detail_004_kani=true&JigyosyoCd=1176513321-00&ServiceCd=430&Type=search" }, "geometry": { "type": "Point", "coordinates": [ 139.701047291201661, 35.947291690773966 ] } },
{ "type": "Feature", "properties": { "内容": "さいたま市社協ケアプラン岩槻【居宅介護支援】さいたま市岩槻区本町3-2-5ワッツ東館３階", "url2": "https://www.kaigokensaku.mhlw.go.jp/11/index.php?action_kouhyou_detail_004_kani=true&JigyosyoCd=1176509261-00&ServiceCd=430&Type=search" }, "geometry": { "type": "Point", "coordinates": [ 139.694396899999987, 35.949908 ] } },
{ "type": "Feature", "properties": { "内容": "ローズケア【居宅介護支援】埼玉県さいたま市岩槻区東岩槻1-4-17筑紫ハイムB102", "url2": "https://www.kaigokensaku.mhlw.go.jp/11/index.php?action_kouhyou_detail_004_kani=true&JigyosyoCd=1176519989-00&ServiceCd=430&Type=search" }, "geometry": { "type": "Point", "coordinates": [ 139.710258399999987, 35.9633191 ] } },
{ "type": "Feature", "properties": { "内容": "株式会社　さいたま福祉サービス　本社事業所【居宅介護支援】埼玉県さいたま市岩槻区南平野3-1-4", "url2": "https://www.kaigokensaku.mhlw.go.jp/11/index.php?action_kouhyou_detail_004_kani=true&JigyosyoCd=1176504684-00&ServiceCd=430&Type=search" }, "geometry": { "type": "Point", "coordinates": [ 139.715994931768847, 35.956628254834619 ] } },
{ "type": "Feature", "properties": { "内容": "エスポワール岩槻居宅介護支援事業所【居宅介護支援】埼玉県さいたま市岩槻区大字表慈恩寺541-1介護老人保健施設　エスポワール岩槻内", "url2": "https://www.kaigokensaku.mhlw.go.jp/11/index.php?action_kouhyou_detail_004_kani=true&JigyosyoCd=1176514832-00&ServiceCd=430&Type=search" }, "geometry": { "type": "Point", "coordinates": [ 139.71198480000001, 35.966903 ] } },
{ "type": "Feature", "properties": { "内容": "居宅介護支援事業所ひなの槻【居宅介護支援】埼玉県さいたま市岩槻区裏慈恩寺40-3", "url2": "https://www.kaigokensaku.mhlw.go.jp/11/index.php?action_kouhyou_detail_004_kani=true&JigyosyoCd=1176507430-00&ServiceCd=430&Type=search" }, "geometry": { "type": "Point", "coordinates": [ 139.700767334254465, 35.978913176804795 ] } },
{ "type": "Feature", "properties": { "内容": "ケアプランあい介護【居宅介護支援】さいたま市岩槻区南平野二丁目４－１５", "url2": "https://www.kaigokensaku.mhlw.go.jp/11/index.php?action_kouhyou_detail_004_kani=true&JigyosyoCd=1176508032-00&ServiceCd=430&Type=search" }, "geometry": { "type": "Point", "coordinates": [ 139.718863400000032, 35.9582323 ] } },
{ "type": "Feature", "properties": { "内容": "コンパスケアプラン岩槻【居宅介護支援】埼玉県さいたま市岩槻区東岩槻1丁目2-3YCビル202", "url2": "https://www.kaigokensaku.mhlw.go.jp/11/index.php?action_kouhyou_detail_004_kani=true&JigyosyoCd=1176521704-00&ServiceCd=430&Type=search" }, "geometry": { "type": "Point", "coordinates": [ 139.7110936, 35.9634909 ] } },
{ "type": "Feature", "properties": { "内容": "オアシス２４岩槻【居宅介護支援】原町12-15イーストハイツ103号室", "url2": "https://www.kaigokensaku.mhlw.go.jp/11/index.php?action_kouhyou_detail_004_kani=true&JigyosyoCd=1176520193-00&ServiceCd=430&Type=search" }, "geometry": { "type": "Point", "coordinates": [ 139.7236915, 35.6993838 ] } },
{ "type": "Feature", "properties": { "内容": "有限会社岩槻市薬剤会事業部会「岩槻介護」【居宅介護支援】さいたま市岩槻区東町2丁目6番35号", "url2": "https://www.kaigokensaku.mhlw.go.jp/11/index.php?action_kouhyou_detail_004_kani=true&JigyosyoCd=1170700031-00&ServiceCd=430&Type=search" }, "geometry": { "type": "Point", "coordinates": [ 139.70220740000002, 35.9442117 ] } },
{ "type": "Feature", "properties": { "内容": "東岩槻ケアセンターそよ風【居宅介護支援】埼玉県さいたま市岩槻区表慈恩寺625-1", "url2": "https://www.kaigokensaku.mhlw.go.jp/11/index.php?action_kouhyou_detail_004_kani=true&JigyosyoCd=1176506705-00&ServiceCd=430&Type=search" }, "geometry": { "type": "Point", "coordinates": [ 139.7068156, 35.9721495 ] } },
{ "type": "Feature", "properties": { "内容": "すてっぷ岩槻【居宅介護支援】埼玉県さいたま市岩槻区上里1-1-53", "url2": "https://www.kaigokensaku.mhlw.go.jp/11/index.php?action_kouhyou_detail_004_kani=true&JigyosyoCd=1176521175-00&ServiceCd=430&Type=search" }, "geometry": { "type": "Point", "coordinates": [ 139.7061387, 35.9665914 ] } },
{ "type": "Feature", "properties": { "内容": "ケアグレース川越居宅介護支援事業所【居宅介護支援】埼玉県川越市南台2-1-55K&Sハイツ１０２", "url2": "https://www.kaigokensaku.mhlw.go.jp/11/index.php?action_kouhyou_detail_004_kani=true&JigyosyoCd=1170405888-00&ServiceCd=430&Type=search" }, "geometry": { "type": "Point", "coordinates": [ 139.452893755012894, 35.889361256589289 ] } },
{ "type": "Feature", "properties": { "内容": "ケアプランセンターclass【居宅介護支援】埼玉県川越市大字木野目372番地5", "url2": "https://www.kaigokensaku.mhlw.go.jp/11/index.php?action_kouhyou_detail_004_kani=true&JigyosyoCd=1170405995-00&ServiceCd=430&Type=search" }, "geometry": { "type": "Point", "coordinates": [ 139.5158556, 35.8976518 ] } },
{ "type": "Feature", "properties": { "内容": "ひかるケアマネジメント【居宅介護支援】埼玉県川越市藤間１６１－5", "url2": "https://www.kaigokensaku.mhlw.go.jp/11/index.php?action_kouhyou_detail_004_kani=true&JigyosyoCd=1170405565-00&ServiceCd=430&Type=search" }, "geometry": { "type": "Point", "coordinates": [ 139.4945796, 35.883841 ] } },
{ "type": "Feature", "properties": { "内容": "はんの木　ケアマネ・ステーション【居宅介護支援】埼玉県川越市大字久下戸2163番地1", "url2": "https://www.kaigokensaku.mhlw.go.jp/11/index.php?action_kouhyou_detail_004_kani=true&JigyosyoCd=1170404964-00&ServiceCd=430&Type=search" }, "geometry": { "type": "Point", "coordinates": [ 139.530228699999952, 35.8986447 ] } },
{ "type": "Feature", "properties": { "内容": "川越せせらぎ支援センター【居宅介護支援】埼玉県川越市石田243-1", "url2": "https://www.kaigokensaku.mhlw.go.jp/11/index.php?action_kouhyou_detail_004_kani=true&JigyosyoCd=1170403131-00&ServiceCd=430&Type=search" }, "geometry": { "type": "Point", "coordinates": [ 139.486203499999988, 35.9384431 ] } },
{ "type": "Feature", "properties": { "内容": "ＳＯＭＰＯケア　川越　居宅介護支援【居宅介護支援】脇田新町16番地9神山ビル1F", "url2": "https://www.kaigokensaku.mhlw.go.jp/11/index.php?action_kouhyou_detail_004_kani=true&JigyosyoCd=1170404865-00&ServiceCd=430&Type=search" }, "geometry": { "type": "Point", "coordinates": [ 139.472483799999964, 35.9062586 ] } },
{ "type": "Feature", "properties": { "内容": "居宅介護支援事業所ひまわり【居宅介護支援】埼玉県川越市南台2丁目4-24田中連ビル203", "url2": "https://www.kaigokensaku.mhlw.go.jp/11/index.php?action_kouhyou_detail_004_kani=true&JigyosyoCd=1170406035-00&ServiceCd=430&Type=search" }, "geometry": { "type": "Point", "coordinates": [ 139.4518337, 35.8912147 ] } },
{ "type": "Feature", "properties": { "内容": "やさしい手川越居宅介護支援事業所【居宅介護支援】埼玉県川越市菅原町23-11菅原町ビル2階", "url2": "https://www.kaigokensaku.mhlw.go.jp/11/index.php?action_kouhyou_detail_004_kani=true&JigyosyoCd=1170404956-00&ServiceCd=430&Type=search" }, "geometry": { "type": "Point", "coordinates": [ 139.485030100000017, 35.9089752 ] } },
{ "type": "Feature", "properties": { "内容": "居宅介護支援事業所　すずらん川越【居宅介護支援】埼玉県川越市神明町29-2", "url2": "https://www.kaigokensaku.mhlw.go.jp/11/index.php?action_kouhyou_detail_004_kani=true&JigyosyoCd=1170405599-00&ServiceCd=430&Type=search" }, "geometry": { "type": "Point", "coordinates": [ 139.479879799999964, 35.928539599999986 ] } },
{ "type": "Feature", "properties": { "内容": "Rivers【居宅介護支援】埼玉県川越市的場2405-3霞ポリテ103", "url2": "https://www.kaigokensaku.mhlw.go.jp/11/index.php?action_kouhyou_detail_004_kani=true&JigyosyoCd=1170405847-00&ServiceCd=430&Type=search" }, "geometry": { "type": "Point", "coordinates": [ 139.438532900000013, 35.9228575 ] } },
{ "type": "Feature", "properties": { "内容": "優　居宅介護支援センター【居宅介護支援】埼玉県川越市石原町１丁目２４番地１５", "url2": "https://www.kaigokensaku.mhlw.go.jp/11/index.php?action_kouhyou_detail_004_kani=true&JigyosyoCd=1170404154-00&ServiceCd=430&Type=search" }, "geometry": { "type": "Point", "coordinates": [ 139.478288199999952, 35.9258197 ] } },
{ "type": "Feature", "properties": { "内容": "ケアプランセンターオリーブ【居宅介護支援】石原町1‐42‐21ゼピュロス川越102号室", "url2": "https://www.kaigokensaku.mhlw.go.jp/11/index.php?action_kouhyou_detail_004_kani=true&JigyosyoCd=1170405409-00&ServiceCd=430&Type=search" }, "geometry": { "type": "Point", "coordinates": [ 139.475767923942584, 35.923076385496465 ] } },
{ "type": "Feature", "properties": { "内容": "ちゃお【居宅介護支援】埼玉県川越市今成１－５－１６パールハイツ１F", "url2": "https://www.kaigokensaku.mhlw.go.jp/11/index.php?action_kouhyou_detail_004_kani=true&JigyosyoCd=1170405250-00&ServiceCd=430&Type=search" }, "geometry": { "type": "Point", "coordinates": [ 139.475065300000011, 35.9236651 ] } },
{ "type": "Feature", "properties": { "内容": "南古谷居宅介護支援事業所【居宅介護支援】川越市久下戸１１０南古谷病院内　１Ｆ", "url2": "https://www.kaigokensaku.mhlw.go.jp/11/index.php?action_kouhyou_detail_004_kani=true&JigyosyoCd=1170401960-00&ServiceCd=430&Type=search" }, "geometry": { "type": "Point", "coordinates": [ 139.5288746, 35.901477100000015 ] } },
{ "type": "Feature", "properties": { "内容": "居宅介護支援事業所　リーディング【居宅介護支援】埼玉県川越市並木新町11-141F", "url2": "https://www.kaigokensaku.mhlw.go.jp/11/index.php?action_kouhyou_detail_004_kani=true&JigyosyoCd=1170405201-00&ServiceCd=430&Type=search" }, "geometry": { "type": "Point", "coordinates": [ 139.5170788, 35.9021177 ] } },
{ "type": "Feature", "properties": { "内容": "ケアプランセンターLinks【居宅介護支援】埼玉県川越市元町二丁目3番地11", "url2": "https://www.kaigokensaku.mhlw.go.jp/11/index.php?action_kouhyou_detail_004_kani=true&JigyosyoCd=1170404998-00&ServiceCd=430&Type=search" }, "geometry": { "type": "Point", "coordinates": [ 139.482124, 35.9247894 ] } },
{ "type": "Feature", "properties": { "内容": "小室介護相談センター【居宅介護支援】埼玉県川越市小室606番地2", "url2": "https://www.kaigokensaku.mhlw.go.jp/11/index.php?action_kouhyou_detail_004_kani=true&JigyosyoCd=1170405631-00&ServiceCd=430&Type=search" }, "geometry": { "type": "Point", "coordinates": [ 139.458883899999989, 35.9166006 ] } },
{ "type": "Feature", "properties": { "内容": "居宅介護支援事業所　花いちご【居宅介護支援】埼玉県川越市諏訪町10-56レジデンスアゼリア101", "url2": "https://www.kaigokensaku.mhlw.go.jp/11/index.php?action_kouhyou_detail_004_kani=true&JigyosyoCd=1170403248-00&ServiceCd=430&Type=search" }, "geometry": { "type": "Point", "coordinates": [ 139.501213096955297, 35.880360661225062 ] } },
{ "type": "Feature", "properties": { "内容": "テパエ川越【居宅介護支援】埼玉県川越市小室５００－９Sマンション西川越102号", "url2": "https://www.kaigokensaku.mhlw.go.jp/11/index.php?action_kouhyou_detail_004_kani=true&JigyosyoCd=1170405466-00&ServiceCd=430&Type=search" }, "geometry": { "type": "Point", "coordinates": [ 139.463011328836046, 35.918153233216515 ] } },
{ "type": "Feature", "properties": { "内容": "小江戸の庭　居宅介護支援センター【居宅介護支援】埼玉県川越市大字小仙波823-1", "url2": "https://www.kaigokensaku.mhlw.go.jp/11/index.php?action_kouhyou_detail_004_kani=true&JigyosyoCd=1170402596-00&ServiceCd=430&Type=search" }, "geometry": { "type": "Point", "coordinates": [ 139.504114, 35.9168163 ] } },
{ "type": "Feature", "properties": { "内容": "居宅介護支援事業所リライフ川越大手町【居宅介護支援】埼玉県川越市大手町4-5メゾン・ド・大手町1F", "url2": "https://www.kaigokensaku.mhlw.go.jp/11/index.php?action_kouhyou_detail_004_kani=true&JigyosyoCd=1170405680-00&ServiceCd=430&Type=search" }, "geometry": { "type": "Point", "coordinates": [ 139.485552281306354, 35.923188727860719 ] } },
{ "type": "Feature", "properties": { "内容": "ベストケアプラン　彩【居宅介護支援】埼玉県川越市南大塚3丁目11番地25第三太資ビル201", "url2": "https://www.kaigokensaku.mhlw.go.jp/11/index.php?action_kouhyou_detail_004_kani=true&JigyosyoCd=1170405235-00&ServiceCd=430&Type=search" }, "geometry": { "type": "Point", "coordinates": [ 139.4593315, 35.8896248 ] } },
{ "type": "Feature", "properties": { "内容": "ニチイケアセンター川越【居宅介護支援】埼玉県川越市脇田町33-12アーバンビルCore脇田１Ｆ", "url2": "https://www.kaigokensaku.mhlw.go.jp/11/index.php?action_kouhyou_detail_004_kani=true&JigyosyoCd=1170400012-00&ServiceCd=430&Type=search" }, "geometry": { "type": "Point", "coordinates": [ 139.480271099999982, 35.9107238 ] } },
{ "type": "Feature", "properties": { "内容": "居宅介護支援事業所　まほろば【居宅介護支援】埼玉県川越市小仙波町二丁目11番1号", "url2": "https://www.kaigokensaku.mhlw.go.jp/11/index.php?action_kouhyou_detail_004_kani=true&JigyosyoCd=1170404097-00&ServiceCd=430&Type=search" }, "geometry": { "type": "Point", "coordinates": [ 139.493520399999966, 35.9192628 ] } },
{ "type": "Feature", "properties": { "内容": "クローバー居宅介護支援事業所【居宅介護支援】埼玉県川越市大字的場2009番地1サイコロタウンハウスⅢーB", "url2": "https://www.kaigokensaku.mhlw.go.jp/11/index.php?action_kouhyou_detail_004_kani=true&JigyosyoCd=1170405805-00&ServiceCd=430&Type=search" }, "geometry": { "type": "Point", "coordinates": [ 139.4345229, 35.9187171 ] } },
{ "type": "Feature", "properties": { "内容": "居宅介護支援事業所カレント【居宅介護支援】埼玉県川越市大字笠幡4864番地8", "url2": "https://www.kaigokensaku.mhlw.go.jp/11/index.php?action_kouhyou_detail_004_kani=true&JigyosyoCd=1170404667-00&ServiceCd=430&Type=search" }, "geometry": { "type": "Point", "coordinates": [ 139.414472199999977, 35.9084788 ] } },
{ "type": "Feature", "properties": { "内容": "南古谷ケアセンターそよ風【居宅介護支援】埼玉県川越市大字久下戸１９７１－２", "url2": "https://www.kaigokensaku.mhlw.go.jp/11/index.php?action_kouhyou_detail_004_kani=true&JigyosyoCd=1170400749-00&ServiceCd=430&Type=search" }, "geometry": { "type": "Point", "coordinates": [ 139.52837610000006, 35.897617 ] } },
{ "type": "Feature", "properties": { "内容": "ＮＰＯあい介護センター【居宅介護支援】川越市上野田町４９－１３", "url2": "https://www.kaigokensaku.mhlw.go.jp/11/index.php?action_kouhyou_detail_004_kani=true&JigyosyoCd=1170401416-00&ServiceCd=430&Type=search" }, "geometry": { "type": "Point", "coordinates": [ 139.4691338, 35.915796 ] } },
{ "type": "Feature", "properties": { "内容": "居宅介護支援事業所　瑞穂の里【居宅介護支援】埼玉県川越市中台元町1-16-11", "url2": "https://www.kaigokensaku.mhlw.go.jp/11/index.php?action_kouhyou_detail_004_kani=true&JigyosyoCd=1170405029-00&ServiceCd=430&Type=search" }, "geometry": { "type": "Point", "coordinates": [ 139.481742100000019, 35.891283 ] } },
{ "type": "Feature", "properties": { "内容": "居宅介護支援事業所みずほ【居宅介護支援】埼玉県川越市中台元町1丁目16番地42", "url2": "https://www.kaigokensaku.mhlw.go.jp/11/index.php?action_kouhyou_detail_004_kani=true&JigyosyoCd=1170400038-00&ServiceCd=430&Type=search" }, "geometry": { "type": "Point", "coordinates": [ 139.481085795024143, 35.891039024936688 ] } },
{ "type": "Feature", "properties": { "内容": "社会福祉法人芳清会居宅介護支援事業所八瀬の里【居宅介護支援】大字増形１６４番地", "url2": "https://www.kaigokensaku.mhlw.go.jp/11/index.php?action_kouhyou_detail_004_kani=true&JigyosyoCd=1170401911-00&ServiceCd=430&Type=search" }, "geometry": { "type": "Point", "coordinates": [ 139.436235, 35.8907458 ] } },
{ "type": "Feature", "properties": { "内容": "医療法人刀圭会　本川越病院【居宅介護支援】埼玉県川越市六軒町1-16-21マンション富士104", "url2": "https://www.kaigokensaku.mhlw.go.jp/11/index.php?action_kouhyou_detail_004_kani=true&JigyosyoCd=1110401554-00&ServiceCd=430&Type=search" }, "geometry": { "type": "Point", "coordinates": [ 139.479490154631094, 35.917660366593545 ] } },
{ "type": "Feature", "properties": { "内容": "居宅介護支援事業所スタートライン【居宅介護支援】新宿町6-23-18", "url2": "https://www.kaigokensaku.mhlw.go.jp/11/index.php?action_kouhyou_detail_004_kani=true&JigyosyoCd=1170404931-00&ServiceCd=430&Type=search" }, "geometry": { "type": "Point", "coordinates": [ 139.471914108118256, 35.898415768891176 ] } },
{ "type": "Feature", "properties": { "内容": "ケアプランニング　さわやか【居宅介護支援】埼玉県川越市砂新田2546番地3エスパース・リュミエール川越砂新田Ⅰ番館301号", "url2": "https://www.kaigokensaku.mhlw.go.jp/11/index.php?action_kouhyou_detail_004_kani=true&JigyosyoCd=1170403891-00&ServiceCd=430&Type=search" }, "geometry": { "type": "Point", "coordinates": [ 139.493938500000013, 35.884012 ] } },
{ "type": "Feature", "properties": { "内容": "あおぞらネット川越【居宅介護支援】埼玉県川越市石田本郷402", "url2": "https://www.kaigokensaku.mhlw.go.jp/11/index.php?action_kouhyou_detail_004_kani=true&JigyosyoCd=1172503003-00&ServiceCd=430&Type=search" }, "geometry": { "type": "Point", "coordinates": [ 139.505868700000065, 35.9455787 ] } },
{ "type": "Feature", "properties": { "内容": "はあと居宅介護支援事業所【居宅介護支援】埼玉県川越市清水町10番地2レジデンス清水103号室", "url2": "https://www.kaigokensaku.mhlw.go.jp/11/index.php?action_kouhyou_detail_004_kani=true&JigyosyoCd=1170405003-00&ServiceCd=430&Type=search" }, "geometry": { "type": "Point", "coordinates": [ 139.5057931, 35.8782714 ] } },
{ "type": "Feature", "properties": { "内容": "医療法人真正会　居宅介護支援事業所しんしあ【居宅介護支援】埼玉県川越市安比奈新田259-2霞ヶ関在宅リハビリテーションセンター", "url2": "https://www.kaigokensaku.mhlw.go.jp/11/index.php?action_kouhyou_detail_004_kani=true&JigyosyoCd=1110402750-00&ServiceCd=430&Type=search" }, "geometry": { "type": "Point", "coordinates": [ 139.419117851030364, 35.90474749412688 ] } },
{ "type": "Feature", "properties": { "内容": "わくわく介護相談室【居宅介護支援】埼玉県川越市牛子239番地7", "url2": "https://www.kaigokensaku.mhlw.go.jp/11/index.php?action_kouhyou_detail_004_kani=true&JigyosyoCd=1170405474-00&ServiceCd=430&Type=search" }, "geometry": { "type": "Point", "coordinates": [ 139.5118041, 35.8905679 ] } },
{ "type": "Feature", "properties": { "内容": "居宅介護支援事業所ぽぷらの樹【居宅介護支援】川越市大字牛子字東町７０８番地１", "url2": "https://www.kaigokensaku.mhlw.go.jp/11/index.php?action_kouhyou_detail_004_kani=true&JigyosyoCd=1170400210-00&ServiceCd=430&Type=search" }, "geometry": { "type": "Point", "coordinates": [ 139.506811800000037, 35.8928724 ] } },
{ "type": "Feature", "properties": { "内容": "居宅介護支援事業　みなみかぜ【居宅介護支援】埼玉県川越市大字吉田２０４番地２", "url2": "https://www.kaigokensaku.mhlw.go.jp/11/index.php?action_kouhyou_detail_004_kani=true&JigyosyoCd=1170400095-00&ServiceCd=430&Type=search" }, "geometry": { "type": "Point", "coordinates": [ 139.426018800000065, 35.9286754 ] } },
{ "type": "Feature", "properties": { "内容": "医療法人　健友会　居宅介護支援事業所　あっぷる【居宅介護支援】埼玉県川越市小ヶ谷157-8", "url2": "https://www.kaigokensaku.mhlw.go.jp/11/index.php?action_kouhyou_detail_004_kani=true&JigyosyoCd=1170402018-00&ServiceCd=430&Type=search" }, "geometry": { "type": "Point", "coordinates": [ 139.45676788687706, 35.918548516829134 ] } },
{ "type": "Feature", "properties": { "内容": "生協ケアセンターたかしな【居宅介護支援】埼玉県川越市砂新田４－１－４ブランドールビル２Ｆ", "url2": "https://www.kaigokensaku.mhlw.go.jp/11/index.php?action_kouhyou_detail_004_kani=true&JigyosyoCd=1170400947-00&ServiceCd=430&Type=search" }, "geometry": { "type": "Point", "coordinates": [ 139.492457325794931, 35.887569115664554 ] } },
{ "type": "Feature", "properties": { "内容": "ケアハイツ・川越　居宅介護支援事業所【居宅介護支援】埼玉県川越市大字古谷本郷　１４７５－１", "url2": "https://www.kaigokensaku.mhlw.go.jp/11/index.php?action_kouhyou_detail_004_kani=true&JigyosyoCd=1150403691-00&ServiceCd=430&Type=search" }, "geometry": { "type": "Point", "coordinates": [ 139.551982800000019, 35.90167 ] } },
{ "type": "Feature", "properties": { "内容": "居宅介護支援事業所　蔵の町・川越【居宅介護支援】埼玉県川越市末広町１丁目２－１", "url2": "https://www.kaigokensaku.mhlw.go.jp/11/index.php?action_kouhyou_detail_004_kani=true&JigyosyoCd=1170401689-00&ServiceCd=430&Type=search" }, "geometry": { "type": "Point", "coordinates": [ 139.47908, 35.9214871 ] } },
{ "type": "Feature", "properties": { "内容": "医療法人西部診療所　在宅介護支援センター【居宅介護支援】埼玉県川越市天沼新田307-1", "url2": "https://www.kaigokensaku.mhlw.go.jp/11/index.php?action_kouhyou_detail_004_kani=true&JigyosyoCd=1110403170-00&ServiceCd=430&Type=search" }, "geometry": { "type": "Point", "coordinates": [ 139.433234800000037, 35.9376826 ] } },
{ "type": "Feature", "properties": { "内容": "居宅介護支援事業所　こころ【居宅介護支援】埼玉県川越市的場北２丁目４番地１", "url2": "https://www.kaigokensaku.mhlw.go.jp/11/index.php?action_kouhyou_detail_004_kani=true&JigyosyoCd=1170401556-00&ServiceCd=430&Type=search" }, "geometry": { "type": "Point", "coordinates": [ 139.440092199999981, 35.9248073 ] } },
{ "type": "Feature", "properties": { "内容": "あずみ苑　小室【居宅介護支援】川越市小室４４１", "url2": "https://www.kaigokensaku.mhlw.go.jp/11/index.php?action_kouhyou_detail_004_kani=true&JigyosyoCd=1170401937-00&ServiceCd=430&Type=search" }, "geometry": { "type": "Point", "coordinates": [ 139.464225899999974, 35.9164624 ] } },
{ "type": "Feature", "properties": { "内容": "東京海上日動みずたま介護ＳＴ川越ケアプランセンター【居宅介護支援】埼玉県川越市脇田本町２６－４LEREVE川越５階", "url2": "https://www.kaigokensaku.mhlw.go.jp/11/index.php?action_kouhyou_detail_004_kani=true&JigyosyoCd=1170402893-00&ServiceCd=430&Type=search" }, "geometry": { "type": "Point", "coordinates": [ 139.480124689410331, 35.909990333821646 ] } },
{ "type": "Feature", "properties": { "内容": "居宅介護支援事業所　ルピナス【居宅介護支援】川越市大字今福265番地2", "url2": "https://www.kaigokensaku.mhlw.go.jp/11/index.php?action_kouhyou_detail_004_kani=true&JigyosyoCd=1170400616-00&ServiceCd=430&Type=search" }, "geometry": { "type": "Point", "coordinates": [ 139.466002399999979, 35.8754205 ] } },
{ "type": "Feature", "properties": { "内容": "あかね居宅介護支援事業所【居宅介護支援】埼玉県川越市川鶴1-15-6", "url2": "https://www.kaigokensaku.mhlw.go.jp/11/index.php?action_kouhyou_detail_004_kani=true&JigyosyoCd=1170401176-00&ServiceCd=430&Type=search" }, "geometry": { "type": "Point", "coordinates": [ 139.414633800000047, 35.9224651 ] } },
{ "type": "Feature", "properties": { "内容": "真正会居宅介護支援事業所小仙波【居宅介護支援】埼玉県川越市小仙波947-1", "url2": "https://www.kaigokensaku.mhlw.go.jp/11/index.php?action_kouhyou_detail_004_kani=true&JigyosyoCd=1170401473-00&ServiceCd=430&Type=search" }, "geometry": { "type": "Point", "coordinates": [ 139.5031308, 35.9165719 ] } },
{ "type": "Feature", "properties": { "内容": "川越キングス・ガーデン【居宅介護支援】川越市大字天沼新田247番地2", "url2": "https://www.kaigokensaku.mhlw.go.jp/11/index.php?action_kouhyou_detail_004_kani=true&JigyosyoCd=1170400061-00&ServiceCd=430&Type=search" }, "geometry": { "type": "Point", "coordinates": [ 139.430492024911302, 35.938304959777355 ] } },
{ "type": "Feature", "properties": { "内容": "真正会居宅介護支援事業所よしの【居宅介護支援】埼玉県川越市鴨田3355-1", "url2": "https://www.kaigokensaku.mhlw.go.jp/11/index.php?action_kouhyou_detail_004_kani=true&JigyosyoCd=1170400830-00&ServiceCd=430&Type=search" }, "geometry": { "type": "Point", "coordinates": [ 139.523681500000066, 35.9392607 ] } },
{ "type": "Feature", "properties": { "内容": "ベストライフ川越居宅介護支援事業所【居宅介護支援】埼玉県川越市的場北1-11-1", "url2": "https://www.kaigokensaku.mhlw.go.jp/11/index.php?action_kouhyou_detail_004_kani=true&JigyosyoCd=1170405763-00&ServiceCd=430&Type=search" }, "geometry": { "type": "Point", "coordinates": [ 139.439828299999988, 35.925976 ] } },
{ "type": "Feature", "properties": { "内容": "居宅福笑居【居宅介護支援】埼玉県川越市霞ケ関東1-18-33マーガレットシティ１０３号", "url2": "https://www.kaigokensaku.mhlw.go.jp/11/index.php?action_kouhyou_detail_004_kani=true&JigyosyoCd=1170405870-00&ServiceCd=430&Type=search" }, "geometry": { "type": "Point", "coordinates": [ 139.4429343, 35.9230486 ] } },
{ "type": "Feature", "properties": { "内容": "一般社団法人在宅医療協会　グレース居宅介護支援事業所　川越【居宅介護支援】埼玉県川越市東田町１６番地２", "url2": "https://www.kaigokensaku.mhlw.go.jp/11/index.php?action_kouhyou_detail_004_kani=true&JigyosyoCd=1170405656-00&ServiceCd=430&Type=search" }, "geometry": { "type": "Point", "coordinates": [ 139.419434700000011, 36.0319824 ] } },
{ "type": "Feature", "properties": { "内容": "新宿ケアセンターそよ風【居宅介護支援】埼玉県川越市新宿町6丁目33-2", "url2": "https://www.kaigokensaku.mhlw.go.jp/11/index.php?action_kouhyou_detail_004_kani=true&JigyosyoCd=1170403156-00&ServiceCd=430&Type=search" }, "geometry": { "type": "Point", "coordinates": [ 139.474034299999971, 35.8936658 ] } },
{ "type": "Feature", "properties": { "内容": "居宅介護支援事業所みのりサポート【居宅介護支援】埼玉県川越市岸町1-6-21", "url2": "https://www.kaigokensaku.mhlw.go.jp/11/index.php?action_kouhyou_detail_004_kani=true&JigyosyoCd=1170403636-00&ServiceCd=430&Type=search" }, "geometry": { "type": "Point", "coordinates": [ 139.4894746, 35.901023700000017 ] } },
{ "type": "Feature", "properties": { "内容": "ケアプラン紬【居宅介護支援】埼玉県川越市砂新田3-2-16フラワーハウス302", "url2": "https://www.kaigokensaku.mhlw.go.jp/11/index.php?action_kouhyou_detail_004_kani=true&JigyosyoCd=1170404808-00&ServiceCd=430&Type=search" }, "geometry": { "type": "Point", "coordinates": [ 139.487114100000014, 35.8887168 ] } },
{ "type": "Feature", "properties": { "内容": "真正会居宅介護支援事業所真寿園【居宅介護支援】埼玉県川越市安比奈新田292-1", "url2": "https://www.kaigokensaku.mhlw.go.jp/11/index.php?action_kouhyou_detail_004_kani=true&JigyosyoCd=1170400079-00&ServiceCd=430&Type=search" }, "geometry": { "type": "Point", "coordinates": [ 139.418014377909913, 35.900693583488405 ] } },
{ "type": "Feature", "properties": { "内容": "ケアセンターさくら草【居宅介護支援】川越市笠幡1707-8", "url2": "https://www.kaigokensaku.mhlw.go.jp/11/index.php?action_kouhyou_detail_004_kani=true&JigyosyoCd=1170401093-00&ServiceCd=430&Type=search" }, "geometry": { "type": "Point", "coordinates": [ 139.41170036441801, 35.916539956428323 ] } },
{ "type": "Feature", "properties": { "内容": "介護の森【居宅介護支援】埼玉県川越市霞ヶ関北2-2-14", "url2": "https://www.kaigokensaku.mhlw.go.jp/11/index.php?action_kouhyou_detail_004_kani=true&JigyosyoCd=1170400467-00&ServiceCd=430&Type=search" }, "geometry": { "type": "Point", "coordinates": [ 139.435798200000022, 35.9258681 ] } },
{ "type": "Feature", "properties": { "内容": "居宅介護支援事業所　リベルテ旭町【居宅介護支援】埼玉県川越市旭町3-2-15e-cubeBldg1階", "url2": "https://www.kaigokensaku.mhlw.go.jp/11/index.php?action_kouhyou_detail_004_kani=true&JigyosyoCd=1170405516-00&ServiceCd=430&Type=search" }, "geometry": { "type": "Point", "coordinates": [ 139.473674499999987, 35.8971626 ] } },
{ "type": "Feature", "properties": { "内容": "居宅介護支援事業所　リベルテ【居宅介護支援】埼玉県川越市むさし野4-2ＢＬオフィスe", "url2": "https://www.kaigokensaku.mhlw.go.jp/11/index.php?action_kouhyou_detail_004_kani=true&JigyosyoCd=1170402927-00&ServiceCd=430&Type=search" }, "geometry": { "type": "Point", "coordinates": [ 139.479775199999949, 35.9025816 ] } },
{ "type": "Feature", "properties": { "内容": "居宅介護支援事業所　こまち【居宅介護支援】埼玉県川越市新宿町６－２２－２３", "url2": "https://www.kaigokensaku.mhlw.go.jp/11/index.php?action_kouhyou_detail_004_kani=true&JigyosyoCd=1170402836-00&ServiceCd=430&Type=search" }, "geometry": { "type": "Point", "coordinates": [ 139.474686900000052, 35.8956406 ] } },
{ "type": "Feature", "properties": { "内容": "居宅介護支援センターサクラ【居宅介護支援】埼玉県川越市かし野台2-19-1円樹川越かし野台", "url2": "https://www.kaigokensaku.mhlw.go.jp/11/index.php?action_kouhyou_detail_004_kani=true&JigyosyoCd=1170404915-00&ServiceCd=430&Type=search" }, "geometry": { "type": "Point", "coordinates": [ 139.44148264939372, 35.886304840550835 ] } },
{ "type": "Feature", "properties": { "内容": "介護支援祉【居宅介護支援】埼玉県川越市諏訪町11番地25", "url2": "https://www.kaigokensaku.mhlw.go.jp/11/index.php?action_kouhyou_detail_004_kani=true&JigyosyoCd=1170405797-00&ServiceCd=430&Type=search" }, "geometry": { "type": "Point", "coordinates": [ 139.5010843, 35.8794243 ] } },
{ "type": "Feature", "properties": { "内容": "ＮＰＯ法人さいたま福祉ネット四季かしの木苑ケアプランセンター【居宅介護支援】埼玉県川越市笠幡3685-40", "url2": "https://www.kaigokensaku.mhlw.go.jp/11/index.php?action_kouhyou_detail_004_kani=true&JigyosyoCd=1170405540-00&ServiceCd=430&Type=search" }, "geometry": { "type": "Point", "coordinates": [ 139.4025105, 35.9049886 ] } },
{ "type": "Feature", "properties": { "内容": "医療法人　瑞友会　まごころ介護サービス【居宅介護支援】埼玉県川越市砂７０６番地２パークハイツサイキC１０１", "url2": "https://www.kaigokensaku.mhlw.go.jp/11/index.php?action_kouhyou_detail_004_kani=true&JigyosyoCd=1170402315-00&ServiceCd=430&Type=search" }, "geometry": { "type": "Point", "coordinates": [ 139.5011786, 35.8946205 ] } },
{ "type": "Feature", "properties": { "内容": "居宅介護支援事業所るりいろ【居宅介護支援】埼玉県川越市志多町1-18", "url2": "https://www.kaigokensaku.mhlw.go.jp/11/index.php?action_kouhyou_detail_004_kani=true&JigyosyoCd=1170404055-00&ServiceCd=430&Type=search" }, "geometry": { "type": "Point", "coordinates": [ 139.483671712153608, 35.927358354914425 ] } },
{ "type": "Feature", "properties": { "内容": "鯨井ナーシングホーム居宅介護支援事業所【居宅介護支援】埼玉県川越市鯨井新田9-1鯨井ナーシングホーム", "url2": "https://www.kaigokensaku.mhlw.go.jp/11/index.php?action_kouhyou_detail_004_kani=true&JigyosyoCd=1170404071-00&ServiceCd=430&Type=search" }, "geometry": { "type": "Point", "coordinates": [ 139.4227972, 35.935146300000014 ] } },
{ "type": "Feature", "properties": { "内容": "居宅介護支援事業所　みやび【居宅介護支援】南台2丁目6-14第二原ビル102", "url2": "https://www.kaigokensaku.mhlw.go.jp/11/index.php?action_kouhyou_detail_004_kani=true&JigyosyoCd=1170405524-00&ServiceCd=430&Type=search" }, "geometry": { "type": "Point", "coordinates": [ 139.4530475, 35.891099499999989 ] } },
{ "type": "Feature", "properties": { "内容": "さくら居宅介護支援事業所【居宅介護支援】埼玉県川越市平塚22-2", "url2": "https://www.kaigokensaku.mhlw.go.jp/11/index.php?action_kouhyou_detail_004_kani=true&JigyosyoCd=1170400889-00&ServiceCd=430&Type=search" }, "geometry": { "type": "Point", "coordinates": [ 139.4657037, 35.9437908 ] } },
{ "type": "Feature", "properties": { "内容": "居宅介護支援事業所フクト２１【居宅介護支援】川越市府川２４３－２", "url2": "https://www.kaigokensaku.mhlw.go.jp/11/index.php?action_kouhyou_detail_004_kani=true&JigyosyoCd=1170400996-00&ServiceCd=430&Type=search" }, "geometry": { "type": "Point", "coordinates": [ 139.4820867, 35.9444814 ] } },
{ "type": "Feature", "properties": { "内容": "居宅介護支援事業所元気アップ【居宅介護支援】川越市今成４丁目１０－１５２階", "url2": "https://www.kaigokensaku.mhlw.go.jp/11/index.php?action_kouhyou_detail_004_kani=true&JigyosyoCd=1170404477-00&ServiceCd=430&Type=search" }, "geometry": { "type": "Point", "coordinates": [ 139.466298199706074, 35.91813558561114 ] } },
{ "type": "Feature", "properties": { "内容": "居宅介護支援事業所アスエイド【居宅介護支援】埼玉県川越市旭町1-8-4ベルテ川越102", "url2": "https://www.kaigokensaku.mhlw.go.jp/11/index.php?action_kouhyou_detail_004_kani=true&JigyosyoCd=1170405789-00&ServiceCd=430&Type=search" }, "geometry": { "type": "Point", "coordinates": [ 139.4747849, 35.9024334 ] } },
{ "type": "Feature", "properties": { "内容": "よろずや介護サービス【居宅介護支援】埼玉県川越市砂922-18-101", "url2": "https://www.kaigokensaku.mhlw.go.jp/11/index.php?action_kouhyou_detail_004_kani=true&JigyosyoCd=1170405615-00&ServiceCd=430&Type=search" }, "geometry": { "type": "Point", "coordinates": [ 139.4969466, 35.8898708 ] } },
{ "type": "Feature", "properties": { "内容": "クオーレ支援事業所【居宅介護支援】今福　1024番地180", "url2": "https://www.kaigokensaku.mhlw.go.jp/11/index.php?action_kouhyou_detail_004_kani=true&JigyosyoCd=1170404584-00&ServiceCd=430&Type=search" }, "geometry": { "type": "Point", "coordinates": [ 139.478426, 35.8831144 ] } },
{ "type": "Feature", "properties": { "内容": "上野田町居宅介護支援センター【居宅介護支援】小ヶ谷159‐6", "url2": "https://www.kaigokensaku.mhlw.go.jp/11/index.php?action_kouhyou_detail_004_kani=true&JigyosyoCd=1170405326-00&ServiceCd=430&Type=search" }, "geometry": { "type": "Point", "coordinates": [ 139.456352, 35.9182384 ] } },
{ "type": "Feature", "properties": { "内容": "コープみらい川越介護センター【居宅介護支援】川越市砂新田３８３－２コープ高階店2階", "url2": "https://www.kaigokensaku.mhlw.go.jp/11/index.php?action_kouhyou_detail_004_kani=true&JigyosyoCd=1170403214-00&ServiceCd=430&Type=search" }, "geometry": { "type": "Point", "coordinates": [ 139.494497082766401, 35.882430422082763 ] } },
{ "type": "Feature", "properties": { "内容": "居宅介護支援事業所　えがお【居宅介護支援】埼玉県川越市新富町1-12-3ベルメゾン川越サザンスケープ702", "url2": "https://www.kaigokensaku.mhlw.go.jp/11/index.php?action_kouhyou_detail_004_kani=true&JigyosyoCd=1170403628-00&ServiceCd=430&Type=search" }, "geometry": { "type": "Point", "coordinates": [ 139.48354930000005, 35.9150187 ] } },
{ "type": "Feature", "properties": { "内容": "医療法人豊仁会　三井病院附属居宅介護支援事業所【居宅介護支援】埼玉県川越市連雀町１９－３", "url2": "https://www.kaigokensaku.mhlw.go.jp/11/index.php?action_kouhyou_detail_004_kani=true&JigyosyoCd=1170404147-00&ServiceCd=430&Type=search" }, "geometry": { "type": "Point", "coordinates": [ 139.4844018, 35.9187376 ] } },
{ "type": "Feature", "properties": { "内容": "ケアプランナー　きのみ【居宅介護支援】南大塚２丁目１９番地３昌栄ビル107", "url2": "https://www.kaigokensaku.mhlw.go.jp/11/index.php?action_kouhyou_detail_004_kani=true&JigyosyoCd=1170405607-00&ServiceCd=430&Type=search" }, "geometry": { "type": "Point", "coordinates": [ 139.7335491, 35.7271785 ] } },
{ "type": "Feature", "properties": { "内容": "ケアプランあかり霞ケ関【居宅介護支援】埼玉県川越市霞ケ関東1-7-14レインボーマンション101", "url2": "https://www.kaigokensaku.mhlw.go.jp/11/index.php?action_kouhyou_detail_004_kani=true&JigyosyoCd=1170404691-00&ServiceCd=430&Type=search" }, "geometry": { "type": "Point", "coordinates": [ 139.441873250262461, 35.924068750369038 ] } },
{ "type": "Feature", "properties": { "内容": "ケアプロ在宅支援センター埼玉　熊谷事業所【居宅介護支援】埼玉県熊谷市肥塚２丁目3番28号", "url2": "https://www.kaigokensaku.mhlw.go.jp/11/index.php?action_kouhyou_detail_004_kani=true&JigyosyoCd=1173138775-00&ServiceCd=430&Type=search" }, "geometry": { "type": "Point", "coordinates": [ 139.385149500000011, 36.1575384 ] } },
{ "type": "Feature", "properties": { "内容": "居宅介護支援事業所　ルーエ【居宅介護支援】埼玉県熊谷市川原明戸471-3", "url2": "https://www.kaigokensaku.mhlw.go.jp/11/index.php?action_kouhyou_detail_004_kani=true&JigyosyoCd=1173138858-00&ServiceCd=430&Type=search" }, "geometry": { "type": "Point", "coordinates": [ 139.3157363, 36.1418701 ] } },
{ "type": "Feature", "properties": { "内容": "ケアクマ居宅介護支援事業所【居宅介護支援】埼玉県熊谷市肥塚715-3赤坂コーポ201", "url2": "https://www.kaigokensaku.mhlw.go.jp/11/index.php?action_kouhyou_detail_004_kani=true&JigyosyoCd=1173138841-00&ServiceCd=430&Type=search" }, "geometry": { "type": "Point", "coordinates": [ 139.3908135, 36.1627578 ] } },
{ "type": "Feature", "properties": { "内容": "あさがお熊谷銀座【居宅介護支援】埼玉県熊谷市銀座1-115-1", "url2": "https://www.kaigokensaku.mhlw.go.jp/11/index.php?action_kouhyou_detail_004_kani=true&JigyosyoCd=1173102854-00&ServiceCd=430&Type=search" }, "geometry": { "type": "Point", "coordinates": [ 139.393147233729565, 36.141710506247527 ] } },
{ "type": "Feature", "properties": { "内容": "永寿苑居宅介護支援事業所【居宅介護支援】熊谷市西別府１５９９－５", "url2": "https://www.kaigokensaku.mhlw.go.jp/11/index.php?action_kouhyou_detail_004_kani=true&JigyosyoCd=1173100247-00&ServiceCd=430&Type=search" }, "geometry": { "type": "Point", "coordinates": [ 139.331673899999942, 36.1915871 ] } },
{ "type": "Feature", "properties": { "内容": "居宅介護支援事業所　いこいの里【居宅介護支援】埼玉県熊谷市原井155-2", "url2": "https://www.kaigokensaku.mhlw.go.jp/11/index.php?action_kouhyou_detail_004_kani=true&JigyosyoCd=1174500429-00&ServiceCd=430&Type=search" }, "geometry": { "type": "Point", "coordinates": [ 139.351491295106484, 36.202558276991688 ] } },
{ "type": "Feature", "properties": { "内容": "なでしこ居宅介護支援事業所【居宅介護支援】熊谷市美土里町2丁目79番地1", "url2": "https://www.kaigokensaku.mhlw.go.jp/11/index.php?action_kouhyou_detail_004_kani=true&JigyosyoCd=1173101138-00&ServiceCd=430&Type=search" }, "geometry": { "type": "Point", "coordinates": [ 139.315256299999987, 36.1680057 ] } },
{ "type": "Feature", "properties": { "内容": "居宅介護支援事業所　明日香【居宅介護支援】埼玉県熊谷市上之７７４－１６メゾンＢ１０２", "url2": "https://www.kaigokensaku.mhlw.go.jp/11/index.php?action_kouhyou_detail_004_kani=true&JigyosyoCd=1173138593-00&ServiceCd=430&Type=search" }, "geometry": { "type": "Point", "coordinates": [ 139.380758279376209, 36.137894802672925 ] } },
{ "type": "Feature", "properties": { "内容": "うぶすな介護サービス【居宅介護支援】埼玉県熊谷市戸出462－２", "url2": "https://www.kaigokensaku.mhlw.go.jp/11/index.php?action_kouhyou_detail_004_kani=true&JigyosyoCd=1173103670-00&ServiceCd=430&Type=search" }, "geometry": { "type": "Point", "coordinates": [ 139.4049314, 36.1383656 ] } },
{ "type": "Feature", "properties": { "内容": "ケアプランランド【居宅介護支援】埼玉県熊谷市成沢1145-65", "url2": "https://www.kaigokensaku.mhlw.go.jp/11/index.php?action_kouhyou_detail_004_kani=true&JigyosyoCd=1173103803-00&ServiceCd=430&Type=search" }, "geometry": { "type": "Point", "coordinates": [ 139.349454567956542, 36.113947096622923 ] } },
{ "type": "Feature", "properties": { "内容": "立正たちばな居宅介護支援事業所【居宅介護支援】熊谷市万吉１７５６－１３０", "url2": "https://www.kaigokensaku.mhlw.go.jp/11/index.php?action_kouhyou_detail_004_kani=true&JigyosyoCd=1173100395-00&ServiceCd=430&Type=search" }, "geometry": { "type": "Point", "coordinates": [ 139.365917099999933, 36.1116996 ] } },
{ "type": "Feature", "properties": { "内容": "熊谷市社協　居宅介護支援事業所【居宅介護支援】熊谷市弥藤吾2450熊谷市役所　妻沼行政センター　２階", "url2": "https://www.kaigokensaku.mhlw.go.jp/11/index.php?action_kouhyou_detail_004_kani=true&JigyosyoCd=1173101518-00&ServiceCd=430&Type=search" }, "geometry": { "type": "Point", "coordinates": [ 139.368333600000028, 36.2235593 ] } },
{ "type": "Feature", "properties": { "内容": "熊谷市社協　熊谷南部居宅介護支援事業所【居宅介護支援】埼玉県熊谷市江南中央１丁目１番地", "url2": "https://www.kaigokensaku.mhlw.go.jp/11/index.php?action_kouhyou_detail_004_kani=true&JigyosyoCd=1173101658-00&ServiceCd=430&Type=search" }, "geometry": { "type": "Point", "coordinates": [ 139.334915599999931, 36.1153354 ] } },
{ "type": "Feature", "properties": { "内容": "クイーンズビラ居宅介護支援事業所【居宅介護支援】埼玉県熊谷市太井1777-1", "url2": "https://www.kaigokensaku.mhlw.go.jp/11/index.php?action_kouhyou_detail_004_kani=true&JigyosyoCd=1173100734-00&ServiceCd=430&Type=search" }, "geometry": { "type": "Point", "coordinates": [ 139.421531400000049, 36.1177339 ] } },
{ "type": "Feature", "properties": { "内容": "医療法人　善心会　居宅介護支援ステーション【居宅介護支援】埼玉県熊谷市柿沼334番地1", "url2": "https://www.kaigokensaku.mhlw.go.jp/11/index.php?action_kouhyou_detail_004_kani=true&JigyosyoCd=1173103621-00&ServiceCd=430&Type=search" }, "geometry": { "type": "Point", "coordinates": [ 139.383603807434696, 36.172717870890963 ] } },
{ "type": "Feature", "properties": { "内容": "ケアプランあさひ【居宅介護支援】熊谷市中西4-20-45", "url2": "https://www.kaigokensaku.mhlw.go.jp/11/index.php?action_kouhyou_detail_004_kani=true&JigyosyoCd=1173000728-00&ServiceCd=430&Type=search" }, "geometry": { "type": "Point", "coordinates": [ 139.399126499999966, 36.1483127 ] } },
{ "type": "Feature", "properties": { "内容": "SOMPOケア　熊谷　居宅介護支援【居宅介護支援】熊谷市拾六間757-５栗原貸店舗　2階", "url2": "https://www.kaigokensaku.mhlw.go.jp/11/index.php?action_kouhyou_detail_004_kani=true&JigyosyoCd=1173103563-00&ServiceCd=430&Type=search" }, "geometry": { "type": "Point", "coordinates": [ 139.313756186199953, 36.170628781783194 ] } },
{ "type": "Feature", "properties": { "内容": "熊谷ケアセンターそよ風【居宅介護支援】埼玉県熊谷市中央5-5-16", "url2": "https://www.kaigokensaku.mhlw.go.jp/11/index.php?action_kouhyou_detail_004_kani=true&JigyosyoCd=1173100429-00&ServiceCd=430&Type=search" }, "geometry": { "type": "Point", "coordinates": [ 139.392957300000035, 36.1581894 ] } },
{ "type": "Feature", "properties": { "内容": "いずみ熊谷【居宅介護支援】埼玉県熊谷市平戸212-1", "url2": "https://www.kaigokensaku.mhlw.go.jp/11/index.php?action_kouhyou_detail_004_kani=true&JigyosyoCd=1173102441-00&ServiceCd=430&Type=search" }, "geometry": { "type": "Point", "coordinates": [ 139.412411300000031, 36.1439857 ] } },
{ "type": "Feature", "properties": { "内容": "はなぶさ苑東部居宅介護支援事業所【居宅介護支援】埼玉県熊谷市戸出190番地", "url2": "https://www.kaigokensaku.mhlw.go.jp/11/index.php?action_kouhyou_detail_004_kani=true&JigyosyoCd=1173102144-00&ServiceCd=430&Type=search" }, "geometry": { "type": "Point", "coordinates": [ 139.413444900000059, 36.1386362 ] } },
{ "type": "Feature", "properties": { "内容": "ダイアナ介護センター江南クラブ【居宅介護支援】埼玉県熊谷市小江川1396武蔵野ユートピアダイアナクラブ", "url2": "https://www.kaigokensaku.mhlw.go.jp/11/index.php?action_kouhyou_detail_004_kani=true&JigyosyoCd=1174500569-00&ServiceCd=430&Type=search" }, "geometry": { "type": "Point", "coordinates": [ 139.334408100000019, 36.0994991 ] } },
{ "type": "Feature", "properties": { "内容": "居宅介護支援ひらえ【居宅介護支援】埼玉県熊谷市塩443番地1", "url2": "https://www.kaigokensaku.mhlw.go.jp/11/index.php?action_kouhyou_detail_004_kani=true&JigyosyoCd=1173103142-00&ServiceCd=430&Type=search" }, "geometry": { "type": "Point", "coordinates": [ 139.322562714186148, 36.103543088786722 ] } },
{ "type": "Feature", "properties": { "内容": "居宅介護支援　さくら物語【居宅介護支援】埼玉県熊谷市妻沼1372番地3サンフォルム101", "url2": "https://www.kaigokensaku.mhlw.go.jp/11/index.php?action_kouhyou_detail_004_kani=true&JigyosyoCd=1173103209-00&ServiceCd=430&Type=search" }, "geometry": { "type": "Point", "coordinates": [ 139.379256294973999, 36.224072544212483 ] } },
{ "type": "Feature", "properties": { "内容": "エフビー居宅介護支援事業所　熊谷【居宅介護支援】埼玉県熊谷市新島148-4", "url2": "https://www.kaigokensaku.mhlw.go.jp/11/index.php?action_kouhyou_detail_004_kani=true&JigyosyoCd=1173102524-00&ServiceCd=430&Type=search" }, "geometry": { "type": "Point", "coordinates": [ 139.359697660374451, 36.163407261334321 ] } },
{ "type": "Feature", "properties": { "内容": "はなぶさ苑荒川居宅介護支援事業所【居宅介護支援】埼玉県熊谷市伊勢町379番地1", "url2": "https://www.kaigokensaku.mhlw.go.jp/11/index.php?action_kouhyou_detail_004_kani=true&JigyosyoCd=1173103324-00&ServiceCd=430&Type=search" }, "geometry": { "type": "Point", "coordinates": [ 139.373962399999982, 36.1444456 ] } },
{ "type": "Feature", "properties": { "内容": "はなぶさ苑居宅介護支援事業所【居宅介護支援】埼玉県熊谷市玉井３３６番地１", "url2": "https://www.kaigokensaku.mhlw.go.jp/11/index.php?action_kouhyou_detail_004_kani=true&JigyosyoCd=1173100031-00&ServiceCd=430&Type=search" }, "geometry": { "type": "Point", "coordinates": [ 139.35114550000003, 36.1707314 ] } },
{ "type": "Feature", "properties": { "内容": "はなぶさ温泉居宅介護支援事業所【居宅介護支援】埼玉県熊谷市玉井３４６番地１", "url2": "https://www.kaigokensaku.mhlw.go.jp/11/index.php?action_kouhyou_detail_004_kani=true&JigyosyoCd=1173103076-00&ServiceCd=430&Type=search" }, "geometry": { "type": "Point", "coordinates": [ 139.35283979999997, 36.1718591 ] } },
{ "type": "Feature", "properties": { "内容": "熊谷介護センター【居宅介護支援】熊谷市津田新田２０２４－２４", "url2": "https://www.kaigokensaku.mhlw.go.jp/11/index.php?action_kouhyou_detail_004_kani=true&JigyosyoCd=1173100726-00&ServiceCd=430&Type=search" }, "geometry": { "type": "Point", "coordinates": [ 139.410541299999977, 36.1120647 ] } },
{ "type": "Feature", "properties": { "内容": "わかばの杜居宅介護支援センター【居宅介護支援】埼玉県熊谷市石原1丁目121番地ファミールS101号室", "url2": "https://www.kaigokensaku.mhlw.go.jp/11/index.php?action_kouhyou_detail_004_kani=true&JigyosyoCd=1173138643-00&ServiceCd=430&Type=search" }, "geometry": { "type": "Point", "coordinates": [ 139.3734661, 36.151112 ] } },
{ "type": "Feature", "properties": { "内容": "グリーンフォレストケアマネジメントセンター【居宅介護支援】埼玉県熊谷市広瀬８００－２", "url2": "https://www.kaigokensaku.mhlw.go.jp/11/index.php?action_kouhyou_detail_004_kani=true&JigyosyoCd=1173101351-00&ServiceCd=430&Type=search" }, "geometry": { "type": "Point", "coordinates": [ 139.353038400000059, 36.147467 ] } },
{ "type": "Feature", "properties": { "内容": "彩華園指定居宅介護支援事業所【居宅介護支援】埼玉県熊谷市上川上２６６", "url2": "https://www.kaigokensaku.mhlw.go.jp/11/index.php?action_kouhyou_detail_004_kani=true&JigyosyoCd=1173101641-00&ServiceCd=430&Type=search" }, "geometry": { "type": "Point", "coordinates": [ 139.414936799999964, 36.166706 ] } },
{ "type": "Feature", "properties": { "内容": "株式会社まごころの里　ハートピア居宅介護支援事業所【居宅介護支援】埼玉県熊谷市村岡307-1", "url2": "https://www.kaigokensaku.mhlw.go.jp/11/index.php?action_kouhyou_detail_004_kani=true&JigyosyoCd=1173103274-00&ServiceCd=430&Type=search" }, "geometry": { "type": "Point", "coordinates": [ 139.3769383, 36.1248507 ] } },
{ "type": "Feature", "properties": { "内容": "みどりの里介護支援センター【居宅介護支援】熊谷市戸出１０４７番５", "url2": "https://www.kaigokensaku.mhlw.go.jp/11/index.php?action_kouhyou_detail_004_kani=true&JigyosyoCd=1173100783-00&ServiceCd=430&Type=search" }, "geometry": { "type": "Point", "coordinates": [ 139.412783799999943, 36.1395 ] } },
{ "type": "Feature", "properties": { "内容": "ふくしのまち熊谷【居宅介護支援】埼玉県熊谷市肥塚641-1", "url2": "https://www.kaigokensaku.mhlw.go.jp/11/index.php?action_kouhyou_detail_004_kani=true&JigyosyoCd=1173100015-00&ServiceCd=430&Type=search" }, "geometry": { "type": "Point", "coordinates": [ 139.393365200000062, 36.1637639 ] } },
{ "type": "Feature", "properties": { "内容": "桃園居宅介護支援事業所【居宅介護支援】埼玉県熊谷市下奈良１５０７番地１", "url2": "https://www.kaigokensaku.mhlw.go.jp/11/index.php?action_kouhyou_detail_004_kani=true&JigyosyoCd=1173101526-00&ServiceCd=430&Type=search" }, "geometry": { "type": "Point", "coordinates": [ 139.375829136719886, 36.196524424760291 ] } },
{ "type": "Feature", "properties": { "内容": "有限会社　ナトーライフコンサルタント【居宅介護支援】小島449番地1上川原んち", "url2": "https://www.kaigokensaku.mhlw.go.jp/11/index.php?action_kouhyou_detail_004_kani=true&JigyosyoCd=1174601193-00&ServiceCd=430&Type=search" }, "geometry": { "type": "Point", "coordinates": [ 139.337719200000038, 36.1554104 ] } },
{ "type": "Feature", "properties": { "内容": "指定居宅介護支援事業所　玉の緒【居宅介護支援】埼玉県熊谷市大塚１７９番地２", "url2": "https://www.kaigokensaku.mhlw.go.jp/11/index.php?action_kouhyou_detail_004_kani=true&JigyosyoCd=1173100056-00&ServiceCd=430&Type=search" }, "geometry": { "type": "Point", "coordinates": [ 139.419749899999942, 36.167431 ] } },
{ "type": "Feature", "properties": { "内容": "居宅介護支援事業所　トワーム熊谷【居宅介護支援】埼玉県熊谷市小曽根３３７－１", "url2": "https://www.kaigokensaku.mhlw.go.jp/11/index.php?action_kouhyou_detail_004_kani=true&JigyosyoCd=1173101237-00&ServiceCd=430&Type=search" }, "geometry": { "type": "Point", "coordinates": [ 139.390134499999931, 36.173785 ] } },
{ "type": "Feature", "properties": { "内容": "サンヴィレッジ指定居宅介護支援事業所【居宅介護支援】埼玉県熊谷市津田１５６０－１", "url2": "https://www.kaigokensaku.mhlw.go.jp/11/index.php?action_kouhyou_detail_004_kani=true&JigyosyoCd=1174500155-00&ServiceCd=430&Type=search" }, "geometry": { "type": "Point", "coordinates": [ 139.425654200000054, 36.0952205 ] } },
{ "type": "Feature", "properties": { "内容": "居宅介護支援事業所　ユキノシタ【居宅介護支援】埼玉県熊谷市代１９２番地７", "url2": "https://www.kaigokensaku.mhlw.go.jp/11/index.php?action_kouhyou_detail_004_kani=true&JigyosyoCd=1173102672-00&ServiceCd=430&Type=search" }, "geometry": { "type": "Point", "coordinates": [ 139.376607599999943, 36.176226 ] } },
{ "type": "Feature", "properties": { "内容": "熊谷生協ケアセンター【居宅介護支援】熊谷市上之3851-1熊谷生協病院付属　介護複合施設　くまここ", "url2": "https://www.kaigokensaku.mhlw.go.jp/11/index.php?action_kouhyou_detail_004_kani=true&JigyosyoCd=1173100114-00&ServiceCd=430&Type=search" }, "geometry": { "type": "Point", "coordinates": [ 139.4144683148468, 36.150535262388985 ] } },
{ "type": "Feature", "properties": { "内容": "ケアパーク介護相談室【居宅介護支援】埼玉県熊谷市江南中央2-7-8", "url2": "https://www.kaigokensaku.mhlw.go.jp/11/index.php?action_kouhyou_detail_004_kani=true&JigyosyoCd=1174500486-00&ServiceCd=430&Type=search" }, "geometry": { "type": "Point", "coordinates": [ 139.339440500000023, 36.1137884 ] } },
{ "type": "Feature", "properties": { "内容": "ニチイケアセンター熊谷【居宅介護支援】埼玉県熊谷市玉井１丁目５３番地", "url2": "https://www.kaigokensaku.mhlw.go.jp/11/index.php?action_kouhyou_detail_004_kani=true&JigyosyoCd=1173100296-00&ServiceCd=430&Type=search" }, "geometry": { "type": "Point", "coordinates": [ 139.3362089, 36.1784081 ] } },
{ "type": "Feature", "properties": { "内容": "かえで居宅介護支援事業所【居宅介護支援】埼玉県熊谷市新堀42-2新友セントラルハイム105", "url2": "https://www.kaigokensaku.mhlw.go.jp/11/index.php?action_kouhyou_detail_004_kani=true&JigyosyoCd=1173103472-00&ServiceCd=430&Type=search" }, "geometry": { "type": "Point", "coordinates": [ 139.339607300000011, 36.1706561 ] } },
{ "type": "Feature", "properties": { "内容": "居宅介護支援事業所　こうのとり【居宅介護支援】埼玉県熊谷市小江川2111-4", "url2": "https://www.kaigokensaku.mhlw.go.jp/11/index.php?action_kouhyou_detail_004_kani=true&JigyosyoCd=1173103795-00&ServiceCd=430&Type=search" }, "geometry": { "type": "Point", "coordinates": [ 139.328108210947619, 36.110839963854126 ] } },
{ "type": "Feature", "properties": { "内容": "居宅介護支援事業所　ケアプランLab【居宅介護支援】熊谷市大原２丁目5-12", "url2": "https://www.kaigokensaku.mhlw.go.jp/11/index.php?action_kouhyou_detail_004_kani=true&JigyosyoCd=1173103787-00&ServiceCd=430&Type=search" }, "geometry": { "type": "Point", "coordinates": [ 139.379352760561034, 36.160978166311523 ] } },
{ "type": "Feature", "properties": { "内容": "ケアプランつかさ【居宅介護支援】埼玉県熊谷市石原639ﾒｿﾞﾝｱﾙﾌｧM－Ⅱ102号", "url2": "https://www.kaigokensaku.mhlw.go.jp/11/index.php?action_kouhyou_detail_004_kani=true&JigyosyoCd=1173103639-00&ServiceCd=430&Type=search" }, "geometry": { "type": "Point", "coordinates": [ 139.3683642, 36.154546 ] } },
{ "type": "Feature", "properties": { "内容": "ぬくもり【居宅介護支援】熊谷市石原５１０", "url2": "https://www.kaigokensaku.mhlw.go.jp/11/index.php?action_kouhyou_detail_004_kani=true&JigyosyoCd=1153180023-00&ServiceCd=430&Type=search" }, "geometry": { "type": "Point", "coordinates": [ 139.371172900000033, 36.1562528 ] } },
{ "type": "Feature", "properties": { "内容": "居宅介護支援センターつばめ福祉【居宅介護支援】埼玉県熊谷市石原185-3", "url2": "https://www.kaigokensaku.mhlw.go.jp/11/index.php?action_kouhyou_detail_004_kani=true&JigyosyoCd=1173101419-00&ServiceCd=430&Type=search" }, "geometry": { "type": "Point", "coordinates": [ 139.363989800000013, 36.1596606 ] } },
{ "type": "Feature", "properties": { "内容": "居宅介護支援事業所HappyPassion【居宅介護支援】埼玉県熊谷市新堀1038-2高砂ハイツⅡ105号室", "url2": "https://www.kaigokensaku.mhlw.go.jp/11/index.php?action_kouhyou_detail_004_kani=true&JigyosyoCd=1173138734-00&ServiceCd=430&Type=search" }, "geometry": { "type": "Point", "coordinates": [ 139.32922695277864, 36.178681151349913 ] } },
{ "type": "Feature", "properties": { "内容": "指定居宅介護支援事業所　白馬の苑【居宅介護支援】埼玉県熊谷市新島189-11", "url2": "https://www.kaigokensaku.mhlw.go.jp/11/index.php?action_kouhyou_detail_004_kani=true&JigyosyoCd=1173103753-00&ServiceCd=430&Type=search" }, "geometry": { "type": "Point", "coordinates": [ 139.361766305943291, 36.163468455817053 ] } },
{ "type": "Feature", "properties": { "内容": "ケアプランなでしこ【居宅介護支援】埼玉県熊谷市大原１－２３－１０メゾンサカエ１０３", "url2": "https://www.kaigokensaku.mhlw.go.jp/11/index.php?action_kouhyou_detail_004_kani=true&JigyosyoCd=1173103431-00&ServiceCd=430&Type=search" }, "geometry": { "type": "Point", "coordinates": [ 139.377155300000027, 36.1584484 ] } },
{ "type": "Feature", "properties": { "内容": "介護相談室大きな木【居宅介護支援】埼玉県熊谷市妻沼東四丁目122番地8", "url2": "https://www.kaigokensaku.mhlw.go.jp/11/index.php?action_kouhyou_detail_004_kani=true&JigyosyoCd=1173103233-00&ServiceCd=430&Type=search" }, "geometry": { "type": "Point", "coordinates": [ 139.387157200000047, 36.2176658 ] } },
{ "type": "Feature", "properties": { "内容": "介護センター　ベルケア【居宅介護支援】埼玉県川口市上青木３－１－１４川口学園台スカイハイツ２１３号室", "url2": "https://www.kaigokensaku.mhlw.go.jp/11/index.php?action_kouhyou_detail_004_kani=true&JigyosyoCd=1170206179-00&ServiceCd=430&Type=search" }, "geometry": { "type": "Point", "coordinates": [ 139.717899410350583, 35.827189361661269 ] } },
{ "type": "Feature", "properties": { "内容": "居宅介護支援事業所　ほっとみるく【居宅介護支援】埼玉県川口市柳崎3丁目19番地8号", "url2": "https://www.kaigokensaku.mhlw.go.jp/11/index.php?action_kouhyou_detail_004_kani=true&JigyosyoCd=1170202517-00&ServiceCd=430&Type=search" }, "geometry": { "type": "Point", "coordinates": [ 139.697588799999949, 35.8562831 ] } },
{ "type": "Feature", "properties": { "内容": "やさしい手川口三ツ和居宅介護支援事業所【居宅介護支援】埼玉県川口市三ツ和1-4-21グランドマストやさしえ川口三ツ和１階", "url2": "https://www.kaigokensaku.mhlw.go.jp/11/index.php?action_kouhyou_detail_004_kani=true&JigyosyoCd=1170207250-00&ServiceCd=430&Type=search" }, "geometry": { "type": "Point", "coordinates": [ 139.739955399999985, 35.8237744 ] } },
{ "type": "Feature", "properties": { "内容": "コープみらい川口介護センター【居宅介護支援】埼玉県川口市上青木２－４－１２ミニコープ天神橋店内", "url2": "https://www.kaigokensaku.mhlw.go.jp/11/index.php?action_kouhyou_detail_004_kani=true&JigyosyoCd=1170202947-00&ServiceCd=430&Type=search" }, "geometry": { "type": "Point", "coordinates": [ 139.725031700000045, 35.8260124 ] } },
{ "type": "Feature", "properties": { "内容": "SOMPOケア　川口東領家　居宅介護支援【居宅介護支援】川口市東領家2-8-6SOMPOケアそんぽの家Ｓ川口東領家", "url2": "https://www.kaigokensaku.mhlw.go.jp/11/index.php?action_kouhyou_detail_004_kani=true&JigyosyoCd=1170208514-00&ServiceCd=430&Type=search" }, "geometry": { "type": "Point", "coordinates": [ 139.74865721031648, 35.795251115668364 ] } },
{ "type": "Feature", "properties": { "内容": "ケアマネスポット【居宅介護支援】埼玉県川口市三ツ和1-26-11", "url2": "https://www.kaigokensaku.mhlw.go.jp/11/index.php?action_kouhyou_detail_004_kani=true&JigyosyoCd=1170208845-00&ServiceCd=430&Type=search" }, "geometry": { "type": "Point", "coordinates": [ 139.7433465, 35.8258169 ] } },
{ "type": "Feature", "properties": { "内容": "ゆうケアプラン【居宅介護支援】前川2丁目40番9号メゾンMK前川1階101号", "url2": "https://www.kaigokensaku.mhlw.go.jp/11/index.php?action_kouhyou_detail_004_kani=true&JigyosyoCd=1170208647-00&ServiceCd=430&Type=search" }, "geometry": { "type": "Point", "coordinates": [ 139.713732299999947, 35.83978230000001 ] } },
{ "type": "Feature", "properties": { "内容": "オリーブ　居宅介護支援事業所【居宅介護支援】埼玉県川口市中青木1-2-101号室", "url2": "https://www.kaigokensaku.mhlw.go.jp/11/index.php?action_kouhyou_detail_004_kani=true&JigyosyoCd=1170209363-00&ServiceCd=430&Type=search" }, "geometry": { "type": "Point", "coordinates": [ 139.7204892, 35.8080546 ] } },
{ "type": "Feature", "properties": { "内容": "ラック戸塚【居宅介護支援】川口市戸塚鋏町1-30-101", "url2": "https://www.kaigokensaku.mhlw.go.jp/11/index.php?action_kouhyou_detail_004_kani=true&JigyosyoCd=1170204489-00&ServiceCd=430&Type=search" }, "geometry": { "type": "Point", "coordinates": [ 139.697503200000028, 35.8377492 ] } },
{ "type": "Feature", "properties": { "内容": "居宅介護支援事業所　ハートケア【居宅介護支援】埼玉県川口市上青木１－１１－１７", "url2": "https://www.kaigokensaku.mhlw.go.jp/11/index.php?action_kouhyou_detail_004_kani=true&JigyosyoCd=1170201683-00&ServiceCd=430&Type=search" }, "geometry": { "type": "Point", "coordinates": [ 139.719148899999936, 35.8249736 ] } },
{ "type": "Feature", "properties": { "内容": "居宅介護支援事業所カノン【居宅介護支援】埼玉県川口市中青木1-6-3メゾンさくら101", "url2": "https://www.kaigokensaku.mhlw.go.jp/11/index.php?action_kouhyou_detail_004_kani=true&JigyosyoCd=1170209421-00&ServiceCd=430&Type=search" }, "geometry": { "type": "Point", "coordinates": [ 139.721620300000012, 35.8079919 ] } },
{ "type": "Feature", "properties": { "内容": "居宅介護支援事業所川口かがやきの里【居宅介護支援】埼玉県川口市西新井宿１０６５－１", "url2": "https://www.kaigokensaku.mhlw.go.jp/11/index.php?action_kouhyou_detail_004_kani=true&JigyosyoCd=1170203804-00&ServiceCd=430&Type=search" }, "geometry": { "type": "Point", "coordinates": [ 139.729855499999985, 35.8512034 ] } },
{ "type": "Feature", "properties": { "内容": "ツクイ川口安行【居宅介護支援】埼玉県川口市安行領家654-5", "url2": "https://www.kaigokensaku.mhlw.go.jp/11/index.php?action_kouhyou_detail_004_kani=true&JigyosyoCd=1170207045-00&ServiceCd=430&Type=search" }, "geometry": { "type": "Point", "coordinates": [ 139.766045864916578, 35.842911576407488 ] } },
{ "type": "Feature", "properties": { "内容": "ケアパートナー川口【居宅介護支援】埼玉県川口市差間３－１７－４１", "url2": "https://www.kaigokensaku.mhlw.go.jp/11/index.php?action_kouhyou_detail_004_kani=true&JigyosyoCd=1170200305-00&ServiceCd=430&Type=search" }, "geometry": { "type": "Point", "coordinates": [ 139.7319602, 35.8707455 ] } },
{ "type": "Feature", "properties": { "内容": "介護支援センター　ひだまりの郷【居宅介護支援】埼玉県川口市上青木1-10-21", "url2": "https://www.kaigokensaku.mhlw.go.jp/11/index.php?action_kouhyou_detail_004_kani=true&JigyosyoCd=1170209645-00&ServiceCd=430&Type=search" }, "geometry": { "type": "Point", "coordinates": [ 139.7176869, 35.8250296 ] } },
{ "type": "Feature", "properties": { "内容": "居宅介護支援事業所さくらケア【居宅介護支援】埼玉県川口市西川口4-7-17", "url2": "https://www.kaigokensaku.mhlw.go.jp/11/index.php?action_kouhyou_detail_004_kani=true&JigyosyoCd=1170203861-00&ServiceCd=430&Type=search" }, "geometry": { "type": "Point", "coordinates": [ 139.707644800000025, 35.810787 ] } },
{ "type": "Feature", "properties": { "内容": "愛花ケアサービス【居宅介護支援】川口市戸塚東4-31-20", "url2": "https://www.kaigokensaku.mhlw.go.jp/11/index.php?action_kouhyou_detail_004_kani=true&JigyosyoCd=1170203713-00&ServiceCd=430&Type=search" }, "geometry": { "type": "Point", "coordinates": [ 139.760502200000019, 35.8692078 ] } },
{ "type": "Feature", "properties": { "内容": "株式会社ベスト・ケアー　ケアプランセンター川口【居宅介護支援】埼玉県川口市芝5023", "url2": "https://www.kaigokensaku.mhlw.go.jp/11/index.php?action_kouhyou_detail_004_kani=true&JigyosyoCd=1170209496-00&ServiceCd=430&Type=search" }, "geometry": { "type": "Point", "coordinates": [ 139.6888442, 35.838923 ] } },
{ "type": "Feature", "properties": { "内容": "居宅介護支援事業所　かなで【居宅介護支援】埼玉県川口市東本郷1226-1ﾌｪｽﾃﾙﾊｲﾑ新藤201", "url2": "https://www.kaigokensaku.mhlw.go.jp/11/index.php?action_kouhyou_detail_004_kani=true&JigyosyoCd=1170207870-00&ServiceCd=430&Type=search" }, "geometry": { "type": "Point", "coordinates": [ 139.763125189549243, 35.8262427210529 ] } },
{ "type": "Feature", "properties": { "内容": "居宅介護支援事業所　あおぞら元郷【居宅介護支援】埼玉県川口市元郷5-24-8", "url2": "https://www.kaigokensaku.mhlw.go.jp/11/index.php?action_kouhyou_detail_004_kani=true&JigyosyoCd=1170206195-00&ServiceCd=430&Type=search" }, "geometry": { "type": "Point", "coordinates": [ 139.739747800000032, 35.7981844 ] } },
{ "type": "Feature", "properties": { "内容": "居宅介護支援事業所　あおい【居宅介護支援】埼玉県川口市鳩ケ谷緑町1-3-2宮下ビル205", "url2": "https://www.kaigokensaku.mhlw.go.jp/11/index.php?action_kouhyou_detail_004_kani=true&JigyosyoCd=1170209553-00&ServiceCd=430&Type=search" }, "geometry": { "type": "Point", "coordinates": [ 139.7286201, 35.8175622 ] } },
{ "type": "Feature", "properties": { "内容": "川口安行ケアプランセンター【居宅介護支援】埼玉県川口市安行藤八４２１－１リーシェ安行", "url2": "https://www.kaigokensaku.mhlw.go.jp/11/index.php?action_kouhyou_detail_004_kani=true&JigyosyoCd=1170208092-00&ServiceCd=430&Type=search" }, "geometry": { "type": "Point", "coordinates": [ 139.76188019999995, 35.8571871 ] } },
{ "type": "Feature", "properties": { "内容": "アリス居宅介護支援事業所【居宅介護支援】埼玉県川口市江戸3-29-20", "url2": "https://www.kaigokensaku.mhlw.go.jp/11/index.php?action_kouhyou_detail_004_kani=true&JigyosyoCd=1170205437-00&ServiceCd=430&Type=search" }, "geometry": { "type": "Point", "coordinates": [ 139.7513768, 35.8183368 ] } },
{ "type": "Feature", "properties": { "内容": "居宅介護支援事業所　春輝苑【居宅介護支援】埼玉県川口市青木３－２０－１５", "url2": "https://www.kaigokensaku.mhlw.go.jp/11/index.php?action_kouhyou_detail_004_kani=true&JigyosyoCd=1170207557-00&ServiceCd=430&Type=search" }, "geometry": { "type": "Point", "coordinates": [ 139.7290011, 35.8132593 ] } },
{ "type": "Feature", "properties": { "内容": "ライフデザインきらり【居宅介護支援】埼玉県川口市西青木4-1-3", "url2": "https://www.kaigokensaku.mhlw.go.jp/11/index.php?action_kouhyou_detail_004_kani=true&JigyosyoCd=1170205429-00&ServiceCd=430&Type=search" }, "geometry": { "type": "Point", "coordinates": [ 139.709677699999958, 35.819289504180176 ] } },
{ "type": "Feature", "properties": { "内容": "ぽえむ居宅介護支援事業所【居宅介護支援】埼玉県川口市桜町4-2-14桜マンション101号", "url2": "https://www.kaigokensaku.mhlw.go.jp/11/index.php?action_kouhyou_detail_004_kani=true&JigyosyoCd=1170203671-00&ServiceCd=430&Type=search" }, "geometry": { "type": "Point", "coordinates": [ 139.742969099999982, 35.8397799 ] } },
{ "type": "Feature", "properties": { "内容": "居宅支援のマーチ【居宅介護支援】埼玉県川口市大字峯951-1コーポ松本2-B", "url2": "https://www.kaigokensaku.mhlw.go.jp/11/index.php?action_kouhyou_detail_004_kani=true&JigyosyoCd=1170209447-00&ServiceCd=430&Type=search" }, "geometry": { "type": "Point", "coordinates": [ 139.7703596, 35.8305182 ] } },
{ "type": "Feature", "properties": { "内容": "居宅介護支援事業所　春香苑【居宅介護支援】埼玉県川口市末広3-3-30", "url2": "https://www.kaigokensaku.mhlw.go.jp/11/index.php?action_kouhyou_detail_004_kani=true&JigyosyoCd=1170203572-00&ServiceCd=430&Type=search" }, "geometry": { "type": "Point", "coordinates": [ 139.741947399999958, 35.8072413 ] } },
{ "type": "Feature", "properties": { "内容": "指定居宅介護支援事業所JUN【居宅介護支援】埼玉県川口市中青木1-7-24トーカンマンション川口第３", "url2": "https://www.kaigokensaku.mhlw.go.jp/11/index.php?action_kouhyou_detail_004_kani=true&JigyosyoCd=1170200099-00&ServiceCd=430&Type=search" }, "geometry": { "type": "Point", "coordinates": [ 139.7218958, 35.807465499999978 ] } },
{ "type": "Feature", "properties": { "内容": "介護サポート　カモミール【居宅介護支援】埼玉県川口市北原台１丁目１２番地２１号エマーユ東川口１０３", "url2": "https://www.kaigokensaku.mhlw.go.jp/11/index.php?action_kouhyou_detail_004_kani=true&JigyosyoCd=1170208100-00&ServiceCd=430&Type=search" }, "geometry": { "type": "Point", "coordinates": [ 139.739516200000025, 35.8694755 ] } },
{ "type": "Feature", "properties": { "内容": "やさしい手川口居宅介護支援事業所【居宅介護支援】芝新町7-6増田ビル3階", "url2": "https://www.kaigokensaku.mhlw.go.jp/11/index.php?action_kouhyou_detail_004_kani=true&JigyosyoCd=1170200354-00&ServiceCd=430&Type=search" }, "geometry": { "type": "Point", "coordinates": [ 139.6928604, 35.8291581 ] } },
{ "type": "Feature", "properties": { "内容": "ラミー居宅介護支援事業所【居宅介護支援】埼玉県川口市南鳩ヶ谷2-2-16", "url2": "https://www.kaigokensaku.mhlw.go.jp/11/index.php?action_kouhyou_detail_004_kani=true&JigyosyoCd=1170209793-00&ServiceCd=430&Type=search" }, "geometry": { "type": "Point", "coordinates": [ 139.742909200000014, 35.8178632 ] } },
{ "type": "Feature", "properties": { "内容": "ルーエンハイム川口居宅介護支援センター【居宅介護支援】埼玉県川口市上青木6-15-18", "url2": "https://www.kaigokensaku.mhlw.go.jp/11/index.php?action_kouhyou_detail_004_kani=true&JigyosyoCd=1170208241-00&ServiceCd=430&Type=search" }, "geometry": { "type": "Point", "coordinates": [ 139.719659699999966, 35.8346858 ] } },
{ "type": "Feature", "properties": { "内容": "埼玉県川口市上青木西4-2-29【居宅介護支援】埼玉県川口市上青木西4-2-29", "url2": "https://www.kaigokensaku.mhlw.go.jp/11/index.php?action_kouhyou_detail_004_kani=true&JigyosyoCd=1170209934-00&ServiceCd=430&Type=search" }, "geometry": { "type": "Point", "coordinates": [ 139.7115814, 35.8283572 ] } },
{ "type": "Feature", "properties": { "内容": "たんぽぽ居宅介護支援朝日【居宅介護支援】埼玉県川口市朝日6-16-7", "url2": "https://www.kaigokensaku.mhlw.go.jp/11/index.php?action_kouhyou_detail_004_kani=true&JigyosyoCd=1170208746-00&ServiceCd=430&Type=search" }, "geometry": { "type": "Point", "coordinates": [ 139.745524, 35.8055749 ] } },
{ "type": "Feature", "properties": { "内容": "居宅介護支援センターウィズ川口【居宅介護支援】埼玉県川口市飯塚1丁目-2-162階　保育園奥", "url2": "https://www.kaigokensaku.mhlw.go.jp/11/index.php?action_kouhyou_detail_004_kani=true&JigyosyoCd=1170207953-00&ServiceCd=430&Type=search" }, "geometry": { "type": "Point", "coordinates": [ 139.714442525934288, 35.800376714922002 ] } },
{ "type": "Feature", "properties": { "内容": "きょたくかいごしえんじぎょうしょ　あっとほ～む【居宅介護支援】埼玉県川口市差間3－13－3", "url2": "https://www.kaigokensaku.mhlw.go.jp/11/index.php?action_kouhyou_detail_004_kani=true&JigyosyoCd=1170205593-00&ServiceCd=430&Type=search" }, "geometry": { "type": "Point", "coordinates": [ 139.732490699999971, 35.8712538 ] } },
{ "type": "Feature", "properties": { "内容": "介護相談室　リバー・イン【居宅介護支援】埼玉県川口市上青木５－５－５４", "url2": "https://www.kaigokensaku.mhlw.go.jp/11/index.php?action_kouhyou_detail_004_kani=true&JigyosyoCd=1170201246-00&ServiceCd=430&Type=search" }, "geometry": { "type": "Point", "coordinates": [ 139.7246093, 35.8314531 ] } },
{ "type": "Feature", "properties": { "内容": "有限会社さくらあんしんサービス【居宅介護支援】埼玉県川口市南鳩ヶ谷2-6-54", "url2": "https://www.kaigokensaku.mhlw.go.jp/11/index.php?action_kouhyou_detail_004_kani=true&JigyosyoCd=1172000372-00&ServiceCd=430&Type=search" }, "geometry": { "type": "Point", "coordinates": [ 139.74444720052486, 35.819442694027884 ] } },
{ "type": "Feature", "properties": { "内容": "ケアコスモス居宅介護支援事業所【居宅介護支援】埼玉県川口市芝中田2-26-24", "url2": "https://www.kaigokensaku.mhlw.go.jp/11/index.php?action_kouhyou_detail_004_kani=true&JigyosyoCd=1170206187-00&ServiceCd=430&Type=search" }, "geometry": { "type": "Point", "coordinates": [ 139.704566800000066, 35.8271453 ] } },
{ "type": "Feature", "properties": { "内容": "ハピネスケア株式会社　川口・芝居宅支援センター【居宅介護支援】埼玉県川口市芝樋ノ爪2-14-2　1F", "url2": "https://www.kaigokensaku.mhlw.go.jp/11/index.php?action_kouhyou_detail_004_kani=true&JigyosyoCd=1170200040-00&ServiceCd=430&Type=search" }, "geometry": { "type": "Point", "coordinates": [ 139.688658369292824, 35.834977005934434 ] } },
{ "type": "Feature", "properties": { "内容": "介護老人福祉施設ベルホーム【居宅介護支援】埼玉県川口市辻９５８番地", "url2": "https://www.kaigokensaku.mhlw.go.jp/11/index.php?action_kouhyou_detail_004_kani=true&JigyosyoCd=1172000174-00&ServiceCd=430&Type=search" }, "geometry": { "type": "Point", "coordinates": [ 139.73298090000003, 35.8282956 ] } },
{ "type": "Feature", "properties": { "内容": "居宅介護支援事業所　ひまわり【居宅介護支援】川口市安行原2451-3介護ステーションありふ　ひまわり", "url2": "https://www.kaigokensaku.mhlw.go.jp/11/index.php?action_kouhyou_detail_004_kani=true&JigyosyoCd=1170200834-00&ServiceCd=430&Type=search" }, "geometry": { "type": "Point", "coordinates": [ 139.759744800000021, 35.8409917 ] } },
{ "type": "Feature", "properties": { "内容": "ケアサポートかわぐち　居宅介護支援事業所【居宅介護支援】埼玉県川口市榛松1-8-5", "url2": "https://www.kaigokensaku.mhlw.go.jp/11/index.php?action_kouhyou_detail_004_kani=true&JigyosyoCd=1170203887-00&ServiceCd=430&Type=search" }, "geometry": { "type": "Point", "coordinates": [ 139.772694199999933, 35.8205348 ] } },
{ "type": "Feature", "properties": { "内容": "ケアセンターすこやか【居宅介護支援】埼玉県川口市仲町1-36", "url2": "https://www.kaigokensaku.mhlw.go.jp/11/index.php?action_kouhyou_detail_004_kani=true&JigyosyoCd=1170207383-00&ServiceCd=430&Type=search" }, "geometry": { "type": "Point", "coordinates": [ 139.708312939178427, 35.805566149840672 ] } },
{ "type": "Feature", "properties": { "内容": "愛・ほーむ【居宅介護支援】埼玉県川口市西青木4-6-30", "url2": "https://www.kaigokensaku.mhlw.go.jp/11/index.php?action_kouhyou_detail_004_kani=true&JigyosyoCd=1170203515-00&ServiceCd=430&Type=search" }, "geometry": { "type": "Point", "coordinates": [ 139.71300466016055, 35.81984270456838 ] } },
{ "type": "Feature", "properties": { "内容": "合同会社和ごころケア【居宅介護支援】埼玉県川口市西青木五丁目２番28号志陽ハイツK＆I　407号室", "url2": "https://www.kaigokensaku.mhlw.go.jp/11/index.php?action_kouhyou_detail_004_kani=true&JigyosyoCd=1170208316-00&ServiceCd=430&Type=search" }, "geometry": { "type": "Point", "coordinates": [ 139.716096500000049, 35.8216714 ] } },
{ "type": "Feature", "properties": { "内容": "さわやかケア芝・居宅介護支援【居宅介護支援】埼玉県　川口市　芝　1-23-5ルミエール3番館1階", "url2": "https://www.kaigokensaku.mhlw.go.jp/11/index.php?action_kouhyou_detail_004_kani=true&JigyosyoCd=1170207037-00&ServiceCd=430&Type=search" }, "geometry": { "type": "Point", "coordinates": [ 139.7032418, 35.8324555 ] } },
{ "type": "Feature", "properties": { "内容": "ケアプラン彩のかわぐち【居宅介護支援】芝4213", "url2": "https://www.kaigokensaku.mhlw.go.jp/11/index.php?action_kouhyou_detail_004_kani=true&JigyosyoCd=1170209850-00&ServiceCd=430&Type=search" }, "geometry": { "type": "Point", "coordinates": [ 139.694009099999988, 35.829284 ] } },
{ "type": "Feature", "properties": { "内容": "居宅介護支援事業所　こころ【居宅介護支援】埼玉県川口市三ツ和1丁目12－4三ツ和第一プラット　201号室", "url2": "https://www.kaigokensaku.mhlw.go.jp/11/index.php?action_kouhyou_detail_004_kani=true&JigyosyoCd=1170205882-00&ServiceCd=430&Type=search" }, "geometry": { "type": "Point", "coordinates": [ 139.739565825131166, 35.82687461534185 ] } },
{ "type": "Feature", "properties": { "内容": "癒しのケアプランセンター八幡木【居宅介護支援】八幡木２－３１－３３", "url2": "https://www.kaigokensaku.mhlw.go.jp/11/index.php?action_kouhyou_detail_004_kani=true&JigyosyoCd=1170206765-00&ServiceCd=430&Type=search" }, "geometry": { "type": "Point", "coordinates": [ 139.7498187, 35.8148624 ] } },
{ "type": "Feature", "properties": { "内容": "居宅介護支援事業所パノラマ【居宅介護支援】埼玉県川口市東領家1-13-7ぐらんどりぶ三番館　101号", "url2": "https://www.kaigokensaku.mhlw.go.jp/11/index.php?action_kouhyou_detail_004_kani=true&JigyosyoCd=1170206682-00&ServiceCd=430&Type=search" }, "geometry": { "type": "Point", "coordinates": [ 139.746736151908749, 35.796005637202825 ] } },
{ "type": "Feature", "properties": { "内容": "ニチイケアセンター川口領家【居宅介護支援】埼玉県川口市領家２－１３－１３", "url2": "https://www.kaigokensaku.mhlw.go.jp/11/index.php?action_kouhyou_detail_004_kani=true&JigyosyoCd=1170200628-00&ServiceCd=430&Type=search" }, "geometry": { "type": "Point", "coordinates": [ 139.741906100000051, 35.7941101 ] } },
{ "type": "Feature", "properties": { "内容": "アイリング・サポート株式会社【居宅介護支援】埼玉県川口市栄町2-7-16", "url2": "https://www.kaigokensaku.mhlw.go.jp/11/index.php?action_kouhyou_detail_004_kani=true&JigyosyoCd=1170200172-00&ServiceCd=430&Type=search" }, "geometry": { "type": "Point", "coordinates": [ 139.722834259256672, 35.802649154812606 ] } },
{ "type": "Feature", "properties": { "内容": "つながりケア【居宅介護支援】埼玉県川口市戸塚２-２-３８-１０１第三戸張ハイツ", "url2": "https://www.kaigokensaku.mhlw.go.jp/11/index.php?action_kouhyou_detail_004_kani=true&JigyosyoCd=1170205171-00&ServiceCd=430&Type=search" }, "geometry": { "type": "Point", "coordinates": [ 139.744604487795868, 35.873608236410149 ] } },
{ "type": "Feature", "properties": { "内容": "指定相談支援アットコレット石神【居宅介護支援】埼玉県川口市石神1573-10", "url2": "https://www.kaigokensaku.mhlw.go.jp/11/index.php?action_kouhyou_detail_004_kani=true&JigyosyoCd=1170210122-00&ServiceCd=430&Type=search" }, "geometry": { "type": "Point", "coordinates": [ 139.7423422, 35.8560633 ] } },
{ "type": "Feature", "properties": { "内容": "ケアセンターきょうどう【居宅介護支援】埼玉県川口市木曾呂1347老人保健施設みぬま", "url2": "https://www.kaigokensaku.mhlw.go.jp/11/index.php?action_kouhyou_detail_004_kani=true&JigyosyoCd=1170200016-00&ServiceCd=430&Type=search" }, "geometry": { "type": "Point", "coordinates": [ 139.716015166934227, 35.859839590759243 ] } },
{ "type": "Feature", "properties": { "内容": "しらこばと【居宅介護支援】埼玉県川口市大字伊刈1059-3", "url2": "https://www.kaigokensaku.mhlw.go.jp/11/index.php?action_kouhyou_detail_004_kani=true&JigyosyoCd=1160290221-00&ServiceCd=430&Type=search" }, "geometry": { "type": "Point", "coordinates": [ 139.697126739672825, 35.845060934234603 ] } },
{ "type": "Feature", "properties": { "内容": "居宅介護支援事業所ケアハーモニー【居宅介護支援】埼玉県川口市桜町5-6-21レジデンスラクダザカ101", "url2": "https://www.kaigokensaku.mhlw.go.jp/11/index.php?action_kouhyou_detail_004_kani=true&JigyosyoCd=1170205775-00&ServiceCd=430&Type=search" }, "geometry": { "type": "Point", "coordinates": [ 139.743082400000048, 35.8391191 ] } },
{ "type": "Feature", "properties": { "内容": "居宅介護支援事業所　ひかり苑【居宅介護支援】埼玉県川口市坂下町4-16-3", "url2": "https://www.kaigokensaku.mhlw.go.jp/11/index.php?action_kouhyou_detail_004_kani=true&JigyosyoCd=1170206104-00&ServiceCd=430&Type=search" }, "geometry": { "type": "Point", "coordinates": [ 139.738887822090192, 35.825827274855598 ] } },
{ "type": "Feature", "properties": { "内容": "ライブラリ鳩ケ谷居宅介護支援事業所【居宅介護支援】埼玉県川口市大字里310-1ライブラリ鳩ケ谷", "url2": "https://www.kaigokensaku.mhlw.go.jp/11/index.php?action_kouhyou_detail_004_kani=true&JigyosyoCd=1170208977-00&ServiceCd=430&Type=search" }, "geometry": { "type": "Point", "coordinates": [ 139.729065473680123, 35.837371316637963 ] } },
{ "type": "Feature", "properties": { "内容": "南鳩ヶ谷支援事業所【居宅介護支援】埼玉県川口市南鳩ヶ谷1-33-4", "url2": "https://www.kaigokensaku.mhlw.go.jp/11/index.php?action_kouhyou_detail_004_kani=true&JigyosyoCd=1172000562-00&ServiceCd=430&Type=search" }, "geometry": { "type": "Point", "coordinates": [ 139.741599800000017, 35.8186976 ] } },
{ "type": "Feature", "properties": { "内容": "ケアプランつぐみ【居宅介護支援】埼玉県川口市安行藤八689-5", "url2": "https://www.kaigokensaku.mhlw.go.jp/11/index.php?action_kouhyou_detail_004_kani=true&JigyosyoCd=1170209769-00&ServiceCd=430&Type=search" }, "geometry": { "type": "Point", "coordinates": [ 139.7628473, 35.8591382 ] } },
{ "type": "Feature", "properties": { "内容": "居宅介護支援事業所　しんせつ【居宅介護支援】川口市戸塚6-11-23梅の木ハウス101", "url2": "https://www.kaigokensaku.mhlw.go.jp/11/index.php?action_kouhyou_detail_004_kani=true&JigyosyoCd=1170201923-00&ServiceCd=430&Type=search" }, "geometry": { "type": "Point", "coordinates": [ 139.753583671054372, 35.8623433997425 ] } },
{ "type": "Feature", "properties": { "内容": "指定居宅介護支援事業所　紫水苑【居宅介護支援】川口市大字石神1560-1", "url2": "https://www.kaigokensaku.mhlw.go.jp/11/index.php?action_kouhyou_detail_004_kani=true&JigyosyoCd=1170200206-00&ServiceCd=430&Type=search" }, "geometry": { "type": "Point", "coordinates": [ 139.742415299999948, 35.8557837 ] } },
{ "type": "Feature", "properties": { "内容": "ぬくもり介護サービス【居宅介護支援】埼玉県川口市上青木5-9-8", "url2": "https://www.kaigokensaku.mhlw.go.jp/11/index.php?action_kouhyou_detail_004_kani=true&JigyosyoCd=1170206690-00&ServiceCd=430&Type=search" }, "geometry": { "type": "Point", "coordinates": [ 139.721664197820331, 35.832355715058043 ] } },
{ "type": "Feature", "properties": { "内容": "居宅介護支援事業所サカモト【居宅介護支援】埼玉県川口市芝下2-18-21ユタカハイム102", "url2": "https://www.kaigokensaku.mhlw.go.jp/11/index.php?action_kouhyou_detail_004_kani=true&JigyosyoCd=1170200990-00&ServiceCd=430&Type=search" }, "geometry": { "type": "Point", "coordinates": [ 139.7039777, 35.836935400000016 ] } },
{ "type": "Feature", "properties": { "内容": "医療法人社団　光恵会　芝西居宅介護支援事業所【居宅介護支援】埼玉県川口市芝西2-30-63階", "url2": "https://www.kaigokensaku.mhlw.go.jp/11/index.php?action_kouhyou_detail_004_kani=true&JigyosyoCd=1170207292-00&ServiceCd=430&Type=search" }, "geometry": { "type": "Point", "coordinates": [ 139.686939115546238, 35.842978381022363 ] } },
{ "type": "Feature", "properties": { "内容": "居宅介護支援事業所　ぴゅあ【居宅介護支援】埼玉県川口市芝３－１５－１０介護事業本部２階", "url2": "https://www.kaigokensaku.mhlw.go.jp/11/index.php?action_kouhyou_detail_004_kani=true&JigyosyoCd=1170202392-00&ServiceCd=430&Type=search" }, "geometry": { "type": "Point", "coordinates": [ 139.697495931476396, 35.834538699379792 ] } },
{ "type": "Feature", "properties": { "内容": "居宅介護支援事業所　そら【居宅介護支援】埼玉県川口市芝5-17-13シャトー二瓶101", "url2": "https://www.kaigokensaku.mhlw.go.jp/11/index.php?action_kouhyou_detail_004_kani=true&JigyosyoCd=1170208373-00&ServiceCd=430&Type=search" }, "geometry": { "type": "Point", "coordinates": [ 139.695189201142057, 35.832376317023595 ] } },
{ "type": "Feature", "properties": { "内容": "ＮＰＯ法人　桜【居宅介護支援】埼玉県川口市安行原９３０－１１　田中ビル2階", "url2": "https://www.kaigokensaku.mhlw.go.jp/11/index.php?action_kouhyou_detail_004_kani=true&JigyosyoCd=1170203549-00&ServiceCd=430&Type=search" }, "geometry": { "type": "Point", "coordinates": [ 139.772296399999959, 35.8423979 ] } },
{ "type": "Feature", "properties": { "内容": "学研ココファン川口榛松【居宅介護支援】埼玉県川口市榛松1-3-32", "url2": "https://www.kaigokensaku.mhlw.go.jp/11/index.php?action_kouhyou_detail_004_kani=true&JigyosyoCd=1170205007-00&ServiceCd=430&Type=search" }, "geometry": { "type": "Point", "coordinates": [ 139.771644302516165, 35.819558604151169 ] } },
{ "type": "Feature", "properties": { "内容": "ハッピークローバー指定居宅介護支援事業所【居宅介護支援】埼玉県川口市東本郷２丁目１７番地３１号", "url2": "https://www.kaigokensaku.mhlw.go.jp/11/index.php?action_kouhyou_detail_004_kani=true&JigyosyoCd=1170202178-00&ServiceCd=430&Type=search" }, "geometry": { "type": "Point", "coordinates": [ 139.7587148, 35.8259441 ] } },
{ "type": "Feature", "properties": { "内容": "川口市横曽根居宅介護支援事業所【居宅介護支援】埼玉県川口市川口６－５－１４川口市高齢者在宅サービスセンター内", "url2": "https://www.kaigokensaku.mhlw.go.jp/11/index.php?action_kouhyou_detail_004_kani=true&JigyosyoCd=1170200156-00&ServiceCd=430&Type=search" }, "geometry": { "type": "Point", "coordinates": [ 139.709958699999987, 35.8040159 ] } },
{ "type": "Feature", "properties": { "内容": "さわやかケア川口・居宅介護支援【居宅介護支援】埼玉県川口市幸町２－７－１８フォレストビル１階-B", "url2": "https://www.kaigokensaku.mhlw.go.jp/11/index.php?action_kouhyou_detail_004_kani=true&JigyosyoCd=1170203226-00&ServiceCd=430&Type=search" }, "geometry": { "type": "Point", "coordinates": [ 139.719361899999967, 35.8071806 ] } },
{ "type": "Feature", "properties": { "内容": "介護センター　ラベンダー【居宅介護支援】埼玉県川口市西川口5-8-18-103アズ川口レジデンス　103号", "url2": "https://www.kaigokensaku.mhlw.go.jp/11/index.php?action_kouhyou_detail_004_kani=true&JigyosyoCd=1170209397-00&ServiceCd=430&Type=search" }, "geometry": { "type": "Point", "coordinates": [ 139.703310973974595, 35.808478434163803 ] } },
{ "type": "Feature", "properties": { "内容": "アイケア居宅介護支援事業所【居宅介護支援】埼玉県川口市西川口6-5-1", "url2": "https://www.kaigokensaku.mhlw.go.jp/11/index.php?action_kouhyou_detail_004_kani=true&JigyosyoCd=1170208597-00&ServiceCd=430&Type=search" }, "geometry": { "type": "Point", "coordinates": [ 139.7021407, 35.8089771 ] } },
{ "type": "Feature", "properties": { "内容": "ロイヤルケアステーション【居宅介護支援】埼玉県川口市青木2-5-24", "url2": "https://www.kaigokensaku.mhlw.go.jp/11/index.php?action_kouhyou_detail_004_kani=true&JigyosyoCd=1170204026-00&ServiceCd=430&Type=search" }, "geometry": { "type": "Point", "coordinates": [ 139.726153685927613, 35.808078024863455 ] } },
{ "type": "Feature", "properties": { "内容": "東川口ケアプランセンター【居宅介護支援】埼玉県川口市東川口2-7-3コモド・ヴィアーレ参番館102号室", "url2": "https://www.kaigokensaku.mhlw.go.jp/11/index.php?action_kouhyou_detail_004_kani=true&JigyosyoCd=1170200784-00&ServiceCd=430&Type=search" }, "geometry": { "type": "Point", "coordinates": [ 139.747861965467791, 35.876370504712938 ] } },
{ "type": "Feature", "properties": { "内容": "芝西ケアサポート【居宅介護支援】埼玉県川口市差間２－３１－４", "url2": "https://www.kaigokensaku.mhlw.go.jp/11/index.php?action_kouhyou_detail_004_kani=true&JigyosyoCd=1170204000-00&ServiceCd=430&Type=search" }, "geometry": { "type": "Point", "coordinates": [ 139.728745467339337, 35.875927280698924 ] } },
{ "type": "Feature", "properties": { "内容": "川口市神根居宅介護支援事業所【居宅介護支援】埼玉県川口市大字道合1421番地神根福祉センター", "url2": "https://www.kaigokensaku.mhlw.go.jp/11/index.php?action_kouhyou_detail_004_kani=true&JigyosyoCd=1170209637-00&ServiceCd=430&Type=search" }, "geometry": { "type": "Point", "coordinates": [ 139.7183583, 35.852483 ] } },
{ "type": "Feature", "properties": { "内容": "ユーカリ介護サービス【居宅介護支援】埼玉県川口市芝新町11-26", "url2": "https://www.kaigokensaku.mhlw.go.jp/11/index.php?action_kouhyou_detail_004_kani=true&JigyosyoCd=1170208068-00&ServiceCd=430&Type=search" }, "geometry": { "type": "Point", "coordinates": [ 139.694213786508158, 35.82862312440043 ] } },
{ "type": "Feature", "properties": { "内容": "川口市芝居宅介護支援事業所【居宅介護支援】埼玉県川口市大字伊刈２０番地芝福祉センター内", "url2": "https://www.kaigokensaku.mhlw.go.jp/11/index.php?action_kouhyou_detail_004_kani=true&JigyosyoCd=1170200164-00&ServiceCd=430&Type=search" }, "geometry": { "type": "Point", "coordinates": [ 139.704255099999955, 35.8468509 ] } },
{ "type": "Feature", "properties": { "内容": "アズミメディケアセンター埼玉【居宅介護支援】埼玉県川口市芝4-7-24", "url2": "https://www.kaigokensaku.mhlw.go.jp/11/index.php?action_kouhyou_detail_004_kani=true&JigyosyoCd=1170200131-00&ServiceCd=430&Type=search" }, "geometry": { "type": "Point", "coordinates": [ 139.6918372, 35.8322694 ] } },
{ "type": "Feature", "properties": { "内容": "川口市鳩ヶ谷居宅介護支援事業所【居宅介護支援】埼玉県川口市桜町6-4-5鳩ヶ谷福祉センター内", "url2": "https://www.kaigokensaku.mhlw.go.jp/11/index.php?action_kouhyou_detail_004_kani=true&JigyosyoCd=1170203358-00&ServiceCd=430&Type=search" }, "geometry": { "type": "Point", "coordinates": [ 139.739877496928386, 35.836901552993879 ] } },
{ "type": "Feature", "properties": { "内容": "居宅介護支援　祥行社【居宅介護支援】埼玉県川口市南鳩ヶ谷7-17-18スイコウビル201", "url2": "https://www.kaigokensaku.mhlw.go.jp/11/index.php?action_kouhyou_detail_004_kani=true&JigyosyoCd=1170210114-00&ServiceCd=430&Type=search" }, "geometry": { "type": "Point", "coordinates": [ 139.733972599999987, 35.8238227 ] } },
{ "type": "Feature", "properties": { "内容": "川口市新郷居宅介護支援事業所【居宅介護支援】埼玉県川口市大字赤井１０５５番地高齢者総合福祉センターサンテピア内", "url2": "https://www.kaigokensaku.mhlw.go.jp/11/index.php?action_kouhyou_detail_004_kani=true&JigyosyoCd=1170200149-00&ServiceCd=430&Type=search" }, "geometry": { "type": "Point", "coordinates": [ 139.749035579901147, 35.833994014503531 ] } },
{ "type": "Feature", "properties": { "内容": "居宅介護支援事業所あぐり【居宅介護支援】埼玉県川口市安行西立野277-4", "url2": "https://www.kaigokensaku.mhlw.go.jp/11/index.php?action_kouhyou_detail_004_kani=true&JigyosyoCd=1170208738-00&ServiceCd=430&Type=search" }, "geometry": { "type": "Point", "coordinates": [ 139.754706400000032, 35.8560946 ] } },
{ "type": "Feature", "properties": { "内容": "居宅介護支援事業所さざんかの郷【居宅介護支援】埼玉県川口市新井宿824", "url2": "https://www.kaigokensaku.mhlw.go.jp/11/index.php?action_kouhyou_detail_004_kani=true&JigyosyoCd=1170208860-00&ServiceCd=430&Type=search" }, "geometry": { "type": "Point", "coordinates": [ 139.730065200000013, 35.8424539 ] } },
{ "type": "Feature", "properties": { "内容": "ケアステーションおりーぶ【居宅介護支援】埼玉県川口市南前川2丁目27-26南前川タウンハイツ106", "url2": "https://www.kaigokensaku.mhlw.go.jp/11/index.php?action_kouhyou_detail_004_kani=true&JigyosyoCd=1170209298-00&ServiceCd=430&Type=search" }, "geometry": { "type": "Point", "coordinates": [ 139.7100254, 35.8289481 ] } },
{ "type": "Feature", "properties": { "内容": "株式会社大起エンゼルヘルプ　川口ケアセンター【居宅介護支援】埼玉県川口市芝園町3-12-101", "url2": "https://www.kaigokensaku.mhlw.go.jp/11/index.php?action_kouhyou_detail_004_kani=true&JigyosyoCd=1170200263-00&ServiceCd=430&Type=search" }, "geometry": { "type": "Point", "coordinates": [ 139.684013464973447, 35.830937172551984 ] } },
{ "type": "Feature", "properties": { "内容": "居宅介護支援事業所あさひ【居宅介護支援】埼玉県川口市坂下町１丁目8番16号", "url2": "https://www.kaigokensaku.mhlw.go.jp/11/index.php?action_kouhyou_detail_004_kani=true&JigyosyoCd=1172000026-00&ServiceCd=430&Type=search" }, "geometry": { "type": "Point", "coordinates": [ 139.735980499999982, 35.83227 ] } },
{ "type": "Feature", "properties": { "内容": "居宅介護支援センター　くるみ【居宅介護支援】埼玉県川口市坂下町3-17-11ホリシンビル　111号", "url2": "https://www.kaigokensaku.mhlw.go.jp/11/index.php?action_kouhyou_detail_004_kani=true&JigyosyoCd=1170209835-00&ServiceCd=430&Type=search" }, "geometry": { "type": "Point", "coordinates": [ 139.7448662, 35.8279588 ] } },
{ "type": "Feature", "properties": { "内容": "川口市社会福祉協議会【居宅介護支援】埼玉県川口市南鳩ヶ谷6-8-16やすらぎ会館内", "url2": "https://www.kaigokensaku.mhlw.go.jp/11/index.php?action_kouhyou_detail_004_kani=true&JigyosyoCd=1170203689-00&ServiceCd=430&Type=search" }, "geometry": { "type": "Point", "coordinates": [ 139.722987800000027, 35.812553700000016 ] } },
{ "type": "Feature", "properties": { "内容": "JINエルダ【居宅介護支援】埼玉県川口市安行原847-1", "url2": "https://www.kaigokensaku.mhlw.go.jp/11/index.php?action_kouhyou_detail_004_kani=true&JigyosyoCd=1170205833-00&ServiceCd=430&Type=search" }, "geometry": { "type": "Point", "coordinates": [ 139.7691815, 35.841414 ] } },
{ "type": "Feature", "properties": { "内容": "アクア支援事業所【居宅介護支援】埼玉県川口市前川3-59-15-101", "url2": "https://www.kaigokensaku.mhlw.go.jp/11/index.php?action_kouhyou_detail_004_kani=true&JigyosyoCd=1170203093-00&ServiceCd=430&Type=search" }, "geometry": { "type": "Point", "coordinates": [ 139.710304700000052, 35.8431041 ] } },
{ "type": "Feature", "properties": { "内容": "ひなた【居宅介護支援】埼玉県川口市本町1丁目8番27号ひまわりマンション　105号室", "url2": "https://www.kaigokensaku.mhlw.go.jp/11/index.php?action_kouhyou_detail_004_kani=true&JigyosyoCd=1170210080-00&ServiceCd=430&Type=search" }, "geometry": { "type": "Point", "coordinates": [ 139.723092900000012, 35.7946986 ] } },
{ "type": "Feature", "properties": { "内容": "ミツワケアサービス【居宅介護支援】西青木2-14-4", "url2": "https://www.kaigokensaku.mhlw.go.jp/11/index.php?action_kouhyou_detail_004_kani=true&JigyosyoCd=1170201220-00&ServiceCd=430&Type=search" }, "geometry": { "type": "Point", "coordinates": [ 139.7141748, 35.8157271 ] } },
{ "type": "Feature", "properties": { "内容": "さしま居宅介護支援事業所【居宅介護支援】川口市差間３２３", "url2": "https://www.kaigokensaku.mhlw.go.jp/11/index.php?action_kouhyou_detail_004_kani=true&JigyosyoCd=1170208027-00&ServiceCd=430&Type=search" }, "geometry": { "type": "Point", "coordinates": [ 139.726041399999986, 35.8697149 ] } },
{ "type": "Feature", "properties": { "内容": "かわぐち翔裕園　居宅介護支援センター【居宅介護支援】埼玉県川口市大字赤芝新田１１４－１", "url2": "https://www.kaigokensaku.mhlw.go.jp/11/index.php?action_kouhyou_detail_004_kani=true&JigyosyoCd=1170204166-00&ServiceCd=430&Type=search" }, "geometry": { "type": "Point", "coordinates": [ 139.749020299999984, 35.8539036 ] } },
{ "type": "Feature", "properties": { "内容": "なかよし居宅介護支援事業所【居宅介護支援】芝塚原2-8-22", "url2": "https://www.kaigokensaku.mhlw.go.jp/11/index.php?action_kouhyou_detail_004_kani=true&JigyosyoCd=1170204372-00&ServiceCd=430&Type=search" }, "geometry": { "type": "Point", "coordinates": [ 139.6815761, 35.8397972 ] } },
{ "type": "Feature", "properties": { "内容": "居宅介護支援事業所　リズム【居宅介護支援】埼玉県川口市南鳩ヶ谷5-34-19Ｎ-stage南鳩ヶ谷1Ｆ-2", "url2": "https://www.kaigokensaku.mhlw.go.jp/11/index.php?action_kouhyou_detail_004_kani=true&JigyosyoCd=1170204752-00&ServiceCd=430&Type=search" }, "geometry": { "type": "Point", "coordinates": [ 139.730561994317696, 35.817545437699536 ] } },
{ "type": "Feature", "properties": { "内容": "居宅介護支援事業所よつば【居宅介護支援】安行北谷594-1", "url2": "https://www.kaigokensaku.mhlw.go.jp/11/index.php?action_kouhyou_detail_004_kani=true&JigyosyoCd=1170207201-00&ServiceCd=430&Type=search" }, "geometry": { "type": "Point", "coordinates": [ 139.775855671169211, 35.837879956448511 ] } },
{ "type": "Feature", "properties": { "内容": "居宅介護支援事業所もみじ【居宅介護支援】埼玉県川口市峯1146-1　サンハイツ峯103", "url2": "https://www.kaigokensaku.mhlw.go.jp/11/index.php?action_kouhyou_detail_004_kani=true&JigyosyoCd=1170206757-00&ServiceCd=430&Type=search" }, "geometry": { "type": "Point", "coordinates": [ 139.766965962773213, 35.832201991029017 ] } },
{ "type": "Feature", "properties": { "内容": "居宅介護支援事業所ケアーズ【居宅介護支援】埼玉県川口市長蔵２－１－１８コモ・スクエアA号室", "url2": "https://www.kaigokensaku.mhlw.go.jp/11/index.php?action_kouhyou_detail_004_kani=true&JigyosyoCd=1170207193-00&ServiceCd=430&Type=search" }, "geometry": { "type": "Point", "coordinates": [ 139.7571753, 35.861 ] } },
{ "type": "Feature", "properties": { "内容": "ケアマネジメントはれれあ【居宅介護支援】埼玉県川口市長蔵1-18-1Nicoワークオフィス101号室", "url2": "https://www.kaigokensaku.mhlw.go.jp/11/index.php?action_kouhyou_detail_004_kani=true&JigyosyoCd=1170208720-00&ServiceCd=430&Type=search" }, "geometry": { "type": "Point", "coordinates": [ 139.754673751813272, 35.858699750840138 ] } },
{ "type": "Feature", "properties": { "内容": "ケアサービスあゆみ居宅介護支援【居宅介護支援】芝新町4-6ＹＳタワー301Ｗ", "url2": "https://www.kaigokensaku.mhlw.go.jp/11/index.php?action_kouhyou_detail_004_kani=true&JigyosyoCd=1170209629-00&ServiceCd=430&Type=search" }, "geometry": { "type": "Point", "coordinates": [ 139.694009099999988, 35.829284 ] } },
{ "type": "Feature", "properties": { "内容": "介護支援　とうべいぬくもり【居宅介護支援】埼玉県川口市長蔵1-21-3ニューフロンティアⅡＡ　101号室", "url2": "https://www.kaigokensaku.mhlw.go.jp/11/index.php?action_kouhyou_detail_004_kani=true&JigyosyoCd=1170203101-00&ServiceCd=430&Type=search" }, "geometry": { "type": "Point", "coordinates": [ 139.756802500000049, 35.8596393 ] } },
{ "type": "Feature", "properties": { "内容": "株式会社　あくび【居宅介護支援】本町1-7-8メゾン・リブラン・A101", "url2": "https://www.kaigokensaku.mhlw.go.jp/11/index.php?action_kouhyou_detail_004_kani=true&JigyosyoCd=1170206468-00&ServiceCd=430&Type=search" }, "geometry": { "type": "Point", "coordinates": [ 139.702420500000017, 35.5324917 ] } },
{ "type": "Feature", "properties": { "内容": "やさしい手川口芝高木居宅介護支援事業所【居宅介護支援】埼玉県川口市芝高木2-20-12", "url2": "https://www.kaigokensaku.mhlw.go.jp/11/index.php?action_kouhyou_detail_004_kani=true&JigyosyoCd=1170209157-00&ServiceCd=430&Type=search" }, "geometry": { "type": "Point", "coordinates": [ 139.6986169, 35.8430097 ] } },
{ "type": "Feature", "properties": { "内容": "居宅介護支援事業所　ケアセンターかがやき【居宅介護支援】埼玉県川口市西青木５－１－４０", "url2": "https://www.kaigokensaku.mhlw.go.jp/11/index.php?action_kouhyou_detail_004_kani=true&JigyosyoCd=1170200248-00&ServiceCd=430&Type=search" }, "geometry": { "type": "Point", "coordinates": [ 139.716089186265322, 35.821007843107054 ] } },
{ "type": "Feature", "properties": { "内容": "NPO法人介護サポートなごみ・戸塚【居宅介護支援】川口市安行出羽５－５－２６", "url2": "https://www.kaigokensaku.mhlw.go.jp/11/index.php?action_kouhyou_detail_004_kani=true&JigyosyoCd=1170201998-00&ServiceCd=430&Type=search" }, "geometry": { "type": "Point", "coordinates": [ 139.76507730000003, 35.8508853 ] } },
{ "type": "Feature", "properties": { "内容": "居宅介護支援事業所　やまぶき【居宅介護支援】埼玉県川口市安行慈林737-1テラスビューＣ－１０５", "url2": "https://www.kaigokensaku.mhlw.go.jp/11/index.php?action_kouhyou_detail_004_kani=true&JigyosyoCd=1170208142-00&ServiceCd=430&Type=search" }, "geometry": { "type": "Point", "coordinates": [ 139.749034398811318, 35.83966743162734 ] } },
{ "type": "Feature", "properties": { "内容": "居宅介護支援事業所かずき【居宅介護支援】本町4-5-262903", "url2": "https://www.kaigokensaku.mhlw.go.jp/11/index.php?action_kouhyou_detail_004_kani=true&JigyosyoCd=1170205536-00&ServiceCd=430&Type=search" }, "geometry": { "type": "Point", "coordinates": [ 139.721553300000011, 35.8007017 ] } },
{ "type": "Feature", "properties": { "内容": "居宅介護支援事業所あや【居宅介護支援】柳崎3-21-3", "url2": "https://www.kaigokensaku.mhlw.go.jp/11/index.php?action_kouhyou_detail_004_kani=true&JigyosyoCd=1170210379-00&ServiceCd=430&Type=search" }, "geometry": { "type": "Point", "coordinates": [ 139.696260646248646, 35.855127885927608 ] } },
{ "type": "Feature", "properties": { "内容": "居宅介護支援事業所みどり【居宅介護支援】芝樋ノ爪1-9-13", "url2": "https://www.kaigokensaku.mhlw.go.jp/11/index.php?action_kouhyou_detail_004_kani=true&JigyosyoCd=1170208274-00&ServiceCd=430&Type=search" }, "geometry": { "type": "Point", "coordinates": [ 139.689737400000013, 35.8325666 ] } },
{ "type": "Feature", "properties": { "内容": "ケアプランセンターすみれ【居宅介護支援】赤井1-16-7メゾンKI101", "url2": "https://www.kaigokensaku.mhlw.go.jp/11/index.php?action_kouhyou_detail_004_kani=true&JigyosyoCd=1170207615-00&ServiceCd=430&Type=search" }, "geometry": { "type": "Point", "coordinates": [ 139.746889485750131, 35.824875584661115 ] } },
{ "type": "Feature", "properties": { "内容": "居宅介護支援事業所　ＴＣしあわせ峯【居宅介護支援】川口市峯1371-1", "url2": "https://www.kaigokensaku.mhlw.go.jp/11/index.php?action_kouhyou_detail_004_kani=true&JigyosyoCd=1170204323-00&ServiceCd=430&Type=search" }, "geometry": { "type": "Point", "coordinates": [ 139.772743799999944, 35.8349822 ] } },
{ "type": "Feature", "properties": { "内容": "にこにこ介護相談【居宅介護支援】埼玉県川口市道合481-1", "url2": "https://www.kaigokensaku.mhlw.go.jp/11/index.php?action_kouhyou_detail_004_kani=true&JigyosyoCd=1170208670-00&ServiceCd=430&Type=search" }, "geometry": { "type": "Point", "coordinates": [ 139.717998604347656, 35.850839434235915 ] } },
{ "type": "Feature", "properties": { "内容": "有限会社　ケアラ【居宅介護支援】埼玉県川口市西川口３－１４－１マリオン川口第２　101", "url2": "https://www.kaigokensaku.mhlw.go.jp/11/index.php?action_kouhyou_detail_004_kani=true&JigyosyoCd=1170202749-00&ServiceCd=430&Type=search" }, "geometry": { "type": "Point", "coordinates": [ 139.705103300000019, 35.8139586 ] } },
{ "type": "Feature", "properties": { "内容": "ープ【居宅介護支援】埼玉県川口市戸塚二丁目５番５ライオンズヒルズ東川口６０４", "url2": "https://www.kaigokensaku.mhlw.go.jp/11/index.php?action_kouhyou_detail_004_kani=true&JigyosyoCd=1170210437-00&ServiceCd=430&Type=search" }, "geometry": { "type": "Point", "coordinates": [ 139.7457667, 35.8720661 ] } },
{ "type": "Feature", "properties": { "内容": "ケアリンク北園【居宅介護支援】埼玉県川口市北園町　46-10", "url2": "https://www.kaigokensaku.mhlw.go.jp/11/index.php?action_kouhyou_detail_004_kani=true&JigyosyoCd=1170204018-00&ServiceCd=430&Type=search" }, "geometry": { "type": "Point", "coordinates": [ 139.706811073541303, 35.856632773050656 ] } },
{ "type": "Feature", "properties": { "内容": "ケアプラン遊優【居宅介護支援】埼玉県川口市東川口６丁目１９番３３号メゾンドファミーユⅠ－１号室", "url2": "https://www.kaigokensaku.mhlw.go.jp/11/index.php?action_kouhyou_detail_004_kani=true&JigyosyoCd=1170210478-00&ServiceCd=430&Type=search" }, "geometry": { "type": "Point", "coordinates": [ 139.7518174, 35.8796683 ] } },
{ "type": "Feature", "properties": { "内容": "山桜＠居宅介護支援事業所【居宅介護支援】東本郷2033-1江端ビル２Ｆ", "url2": "https://www.kaigokensaku.mhlw.go.jp/11/index.php?action_kouhyou_detail_004_kani=true&JigyosyoCd=1170207458-00&ServiceCd=430&Type=search" }, "geometry": { "type": "Point", "coordinates": [ 139.760659, 35.8253471 ] } },
{ "type": "Feature", "properties": { "内容": "居宅介護支援事業所　シルバーホクソン末広【居宅介護支援】埼玉県川口市末広2-15-19　グレイス小嶋　1F", "url2": "https://www.kaigokensaku.mhlw.go.jp/11/index.php?action_kouhyou_detail_004_kani=true&JigyosyoCd=1170200297-00&ServiceCd=430&Type=search" }, "geometry": { "type": "Point", "coordinates": [ 139.737747899999931, 35.8032447 ] } },
{ "type": "Feature", "properties": { "内容": "居宅介護支援事業所ぺんぎん【居宅介護支援】埼玉県川口市差間87はすみマンション102", "url2": "https://www.kaigokensaku.mhlw.go.jp/11/index.php?action_kouhyou_detail_004_kani=true&JigyosyoCd=1170210502-00&ServiceCd=430&Type=search" }, "geometry": { "type": "Point", "coordinates": [ 139.7276597, 35.8656588 ] } },
{ "type": "Feature", "properties": { "内容": "健仁会ましこ居宅介護支援事業所【居宅介護支援】埼玉県川口市芝中田2-48-6", "url2": "https://www.kaigokensaku.mhlw.go.jp/11/index.php?action_kouhyou_detail_004_kani=true&JigyosyoCd=1170200750-00&ServiceCd=430&Type=search" }, "geometry": { "type": "Point", "coordinates": [ 139.705663038248616, 35.827543853788264 ] } },
{ "type": "Feature", "properties": { "内容": "２４ケア芝介護支援事業所【居宅介護支援】埼玉県川口市芝5-16-45メゾンマルサワ102", "url2": "https://www.kaigokensaku.mhlw.go.jp/11/index.php?action_kouhyou_detail_004_kani=true&JigyosyoCd=1170207839-00&ServiceCd=430&Type=search" }, "geometry": { "type": "Point", "coordinates": [ 139.69449, 35.83233 ] } },
{ "type": "Feature", "properties": { "内容": "PONOPONO居宅介護支援事業所【居宅介護支援】埼玉県川口市西青木2-12-2池田ビル1階", "url2": "https://www.kaigokensaku.mhlw.go.jp/11/index.php?action_kouhyou_detail_004_kani=true&JigyosyoCd=1170208456-00&ServiceCd=430&Type=search" }, "geometry": { "type": "Point", "coordinates": [ 139.713710799999944, 35.8162139 ] } },
{ "type": "Feature", "properties": { "内容": "行田市在宅介護支援センター壮幸会【居宅介護支援】埼玉県行田市下忍1162－14", "url2": "https://www.kaigokensaku.mhlw.go.jp/11/index.php?action_kouhyou_detail_004_kani=true&JigyosyoCd=1173700012-00&ServiceCd=430&Type=search" }, "geometry": { "type": "Point", "coordinates": [ 139.46176, 36.1189434 ] } },
{ "type": "Feature", "properties": { "内容": "ライフプランニングぜろいち【居宅介護支援】埼玉県行田市大字犬塚５４３番地１", "url2": "https://www.kaigokensaku.mhlw.go.jp/11/index.php?action_kouhyou_detail_004_kani=true&JigyosyoCd=1173701275-00&ServiceCd=430&Type=search" }, "geometry": { "type": "Point", "coordinates": [ 139.442908864374317, 36.176829380359074 ] } },
{ "type": "Feature", "properties": { "内容": "居宅介護支援事業所スターチス【居宅介護支援】行田市富士見町２丁目１２－１７", "url2": "https://www.kaigokensaku.mhlw.go.jp/11/index.php?action_kouhyou_detail_004_kani=true&JigyosyoCd=1173701259-00&ServiceCd=430&Type=search" }, "geometry": { "type": "Point", "coordinates": [ 139.472552, 36.1500078 ] } },
{ "type": "Feature", "properties": { "内容": "あずみ苑　行田【居宅介護支援】埼玉県行田市門井町3-2-1", "url2": "https://www.kaigokensaku.mhlw.go.jp/11/index.php?action_kouhyou_detail_004_kani=true&JigyosyoCd=1173700624-00&ServiceCd=430&Type=search" }, "geometry": { "type": "Point", "coordinates": [ 139.442575600000026, 36.1253778 ] } },
{ "type": "Feature", "properties": { "内容": "行田ケアセンターそよ風【居宅介護支援】埼玉県行田市天満８－２９", "url2": "https://www.kaigokensaku.mhlw.go.jp/11/index.php?action_kouhyou_detail_004_kani=true&JigyosyoCd=1173700236-00&ServiceCd=430&Type=search" }, "geometry": { "type": "Point", "coordinates": [ 139.458403699999963, 36.1359463 ] } },
{ "type": "Feature", "properties": { "内容": "行田市在宅介護支援センター緑風苑【居宅介護支援】行田市大字須加1529番地", "url2": "https://www.kaigokensaku.mhlw.go.jp/11/index.php?action_kouhyou_detail_004_kani=true&JigyosyoCd=1173700038-00&ServiceCd=430&Type=search" }, "geometry": { "type": "Point", "coordinates": [ 139.488728600000059, 36.1847617 ] } },
{ "type": "Feature", "properties": { "内容": "ケアプランえん【居宅介護支援】埼玉県行田市忍１丁目１１番１８号", "url2": "https://www.kaigokensaku.mhlw.go.jp/11/index.php?action_kouhyou_detail_004_kani=true&JigyosyoCd=1173701218-00&ServiceCd=430&Type=search" }, "geometry": { "type": "Point", "coordinates": [ 139.453005300000029, 36.1401958 ] } },
{ "type": "Feature", "properties": { "内容": "居宅介護支援事業所ふぁみぃゆケアプランセンター【居宅介護支援】埼玉県行田市下須戸75番地", "url2": "https://www.kaigokensaku.mhlw.go.jp/11/index.php?action_kouhyou_detail_004_kani=true&JigyosyoCd=1173700434-00&ServiceCd=430&Type=search" }, "geometry": { "type": "Point", "coordinates": [ 139.509701, 36.1392122 ] } },
{ "type": "Feature", "properties": { "内容": "ケアセンターさきたま【居宅介護支援】埼玉県行田市本丸　18-3", "url2": "https://www.kaigokensaku.mhlw.go.jp/11/index.php?action_kouhyou_detail_004_kani=true&JigyosyoCd=1173701077-00&ServiceCd=430&Type=search" }, "geometry": { "type": "Point", "coordinates": [ 139.454107599999986, 36.1369896 ] } },
{ "type": "Feature", "properties": { "内容": "アルファケア居宅介護支援事業所【居宅介護支援】門井町3-19-7", "url2": "https://www.kaigokensaku.mhlw.go.jp/11/index.php?action_kouhyou_detail_004_kani=true&JigyosyoCd=1173700962-00&ServiceCd=430&Type=search" }, "geometry": { "type": "Point", "coordinates": [ 139.444700499999954, 36.1220284 ] } },
{ "type": "Feature", "properties": { "内容": "六花ｻﾎﾟｰﾄｾﾝﾀｰ【居宅介護支援】埼玉県行田市持田2-4-15", "url2": "https://www.kaigokensaku.mhlw.go.jp/11/index.php?action_kouhyou_detail_004_kani=true&JigyosyoCd=1173701044-00&ServiceCd=430&Type=search" }, "geometry": { "type": "Point", "coordinates": [ 139.4405041, 36.1318906 ] } },
{ "type": "Feature", "properties": { "内容": "愛つむぎケアプランセンター【居宅介護支援】埼玉県行田市城西1-3-13ハイツ城西201", "url2": "https://www.kaigokensaku.mhlw.go.jp/11/index.php?action_kouhyou_detail_004_kani=true&JigyosyoCd=1173701093-00&ServiceCd=430&Type=search" }, "geometry": { "type": "Point", "coordinates": [ 139.449765110074452, 36.136759254872906 ] } },
{ "type": "Feature", "properties": { "内容": "居宅介護支援事業所　I’ｍケアマネ【居宅介護支援】埼玉県行田市忍2-16-21セントラルビル２階", "url2": "https://www.kaigokensaku.mhlw.go.jp/11/index.php?action_kouhyou_detail_004_kani=true&JigyosyoCd=1173701317-00&ServiceCd=430&Type=search" }, "geometry": { "type": "Point", "coordinates": [ 139.456735900000012, 36.1390563 ] } },
{ "type": "Feature", "properties": { "内容": "居宅介護支援　おきな【居宅介護支援】埼玉県行田市馬見塚６９３", "url2": "https://www.kaigokensaku.mhlw.go.jp/11/index.php?action_kouhyou_detail_004_kani=true&JigyosyoCd=1173600030-00&ServiceCd=430&Type=search" }, "geometry": { "type": "Point", "coordinates": [ 139.4393457, 36.1686454 ] } },
{ "type": "Feature", "properties": { "内容": "まきば園居宅介護支援センター【居宅介護支援】埼玉県行田市白川戸２７５", "url2": "https://www.kaigokensaku.mhlw.go.jp/11/index.php?action_kouhyou_detail_004_kani=true&JigyosyoCd=1173700160-00&ServiceCd=430&Type=search" }, "geometry": { "type": "Point", "coordinates": [ 139.468198900000061, 36.1624025 ] } },
{ "type": "Feature", "properties": { "内容": "ケアサポートみやじの里【居宅介護支援】埼玉県秩父市上宮地町16-24", "url2": "https://www.kaigokensaku.mhlw.go.jp/11/index.php?action_kouhyou_detail_004_kani=true&JigyosyoCd=1174901262-00&ServiceCd=430&Type=search" }, "geometry": { "type": "Point", "coordinates": [ 139.088509022753897, 36.002075227891183 ] } },
{ "type": "Feature", "properties": { "内容": "生協ちちぶケアステーション居宅介護支援【居宅介護支援】埼玉県秩父市阿保町1-11", "url2": "https://www.kaigokensaku.mhlw.go.jp/11/index.php?action_kouhyou_detail_004_kani=true&JigyosyoCd=1174901064-00&ServiceCd=430&Type=search" }, "geometry": { "type": "Point", "coordinates": [ 139.087381045368943, 36.013794306613995 ] } },
{ "type": "Feature", "properties": { "内容": "社会福祉法人秩父市社会福祉協議会居宅介護支援事業所【居宅介護支援】秩父市野坂町１丁目１３番１４号秩父市福祉女性会館内", "url2": "https://www.kaigokensaku.mhlw.go.jp/11/index.php?action_kouhyou_detail_004_kani=true&JigyosyoCd=1174900504-00&ServiceCd=430&Type=search" }, "geometry": { "type": "Point", "coordinates": [ 139.083105178642995, 35.987032853207047 ] } },
{ "type": "Feature", "properties": { "内容": "白砂恵慈園在宅介護支援センター【居宅介護支援】埼玉県秩父市吉田久長１８６－１", "url2": "https://www.kaigokensaku.mhlw.go.jp/11/index.php?action_kouhyou_detail_004_kani=true&JigyosyoCd=1174800027-00&ServiceCd=430&Type=search" }, "geometry": { "type": "Point", "coordinates": [ 139.04608630000007, 36.0503835 ] } },
{ "type": "Feature", "properties": { "内容": "居宅介護支援事業所　ひだまり【居宅介護支援】埼玉県秩父市上吉田3352-1", "url2": "https://www.kaigokensaku.mhlw.go.jp/11/index.php?action_kouhyou_detail_004_kani=true&JigyosyoCd=1174901163-00&ServiceCd=430&Type=search" }, "geometry": { "type": "Point", "coordinates": [ 138.9797642, 36.0554106 ] } },
{ "type": "Feature", "properties": { "内容": "秩父市社会福祉事業団　居宅介護支援事業所【居宅介護支援】埼玉県秩父市蒔田１９７７番地", "url2": "https://www.kaigokensaku.mhlw.go.jp/11/index.php?action_kouhyou_detail_004_kani=true&JigyosyoCd=1174900728-00&ServiceCd=430&Type=search" }, "geometry": { "type": "Point", "coordinates": [ 139.0826604, 36.0323728 ] } },
{ "type": "Feature", "properties": { "内容": "なんくる【居宅介護支援】埼玉県秩父市太田２，２２８番地２", "url2": "https://www.kaigokensaku.mhlw.go.jp/11/index.php?action_kouhyou_detail_004_kani=true&JigyosyoCd=1174900983-00&ServiceCd=430&Type=search" }, "geometry": { "type": "Point", "coordinates": [ 139.072467951095604, 36.059137301255056 ] } },
{ "type": "Feature", "properties": { "内容": "和泉の森居宅介護支援事業所【居宅介護支援】埼玉県秩父市和泉町16番地", "url2": "https://www.kaigokensaku.mhlw.go.jp/11/index.php?action_kouhyou_detail_004_kani=true&JigyosyoCd=1174800035-00&ServiceCd=430&Type=search" }, "geometry": { "type": "Point", "coordinates": [ 139.065696930024728, 35.983496280015274 ] } },
{ "type": "Feature", "properties": { "内容": "あずみ苑秩父【居宅介護支援】埼玉県秩父市中村町3-1-33", "url2": "https://www.kaigokensaku.mhlw.go.jp/11/index.php?action_kouhyou_detail_004_kani=true&JigyosyoCd=1174901114-00&ServiceCd=430&Type=search" }, "geometry": { "type": "Point", "coordinates": [ 139.075106399999981, 35.9987209 ] } },
{ "type": "Feature", "properties": { "内容": "eらいふプランズ【居宅介護支援】埼玉県秩父市大野原４１８番地１", "url2": "https://www.kaigokensaku.mhlw.go.jp/11/index.php?action_kouhyou_detail_004_kani=true&JigyosyoCd=1174901254-00&ServiceCd=430&Type=search" }, "geometry": { "type": "Point", "coordinates": [ 139.0925498, 36.0199342 ] } },
{ "type": "Feature", "properties": { "内容": "公益社団法人埼玉県看護協会秩父訪問看護ステーション【居宅介護支援】埼玉県秩父市近戸町9-9", "url2": "https://www.kaigokensaku.mhlw.go.jp/11/index.php?action_kouhyou_detail_004_kani=true&JigyosyoCd=1174900025-00&ServiceCd=430&Type=search" }, "geometry": { "type": "Point", "coordinates": [ 139.07254290000003, 35.9929937 ] } },
{ "type": "Feature", "properties": { "内容": "居宅介護支援事業所　宮杜【居宅介護支援】埼玉県秩父市番場町3－4", "url2": "https://www.kaigokensaku.mhlw.go.jp/11/index.php?action_kouhyou_detail_004_kani=true&JigyosyoCd=1174901239-00&ServiceCd=430&Type=search" }, "geometry": { "type": "Point", "coordinates": [ 139.0851461, 35.996819 ] } },
{ "type": "Feature", "properties": { "内容": "在宅介護支援センター　なかむら【居宅介護支援】秩父市中村町3-6-24", "url2": "https://www.kaigokensaku.mhlw.go.jp/11/index.php?action_kouhyou_detail_004_kani=true&JigyosyoCd=1174900140-00&ServiceCd=430&Type=search" }, "geometry": { "type": "Point", "coordinates": [ 139.073867599999971, 36.0002957 ] } },
{ "type": "Feature", "properties": { "内容": "エスポワール秩父居宅介護支援事業所【居宅介護支援】埼玉県秩父市寺尾2744", "url2": "https://www.kaigokensaku.mhlw.go.jp/11/index.php?action_kouhyou_detail_004_kani=true&JigyosyoCd=1154980039-00&ServiceCd=430&Type=search" }, "geometry": { "type": "Point", "coordinates": [ 139.078965399999987, 36.0256705 ] } },
{ "type": "Feature", "properties": { "内容": "居宅介護支援事業所　たんぽぽ【居宅介護支援】埼玉県秩父市下影森888-5", "url2": "https://www.kaigokensaku.mhlw.go.jp/11/index.php?action_kouhyou_detail_004_kani=true&JigyosyoCd=1174901213-00&ServiceCd=430&Type=search" }, "geometry": { "type": "Point", "coordinates": [ 139.0736221, 35.9782904 ] } },
{ "type": "Feature", "properties": { "内容": "ケアセンターあおば【居宅介護支援】埼玉県秩父市小柱１９６", "url2": "https://www.kaigokensaku.mhlw.go.jp/11/index.php?action_kouhyou_detail_004_kani=true&JigyosyoCd=1174900546-00&ServiceCd=430&Type=search" }, "geometry": { "type": "Point", "coordinates": [ 139.084122860713251, 36.063606450174817 ] } },
{ "type": "Feature", "properties": { "内容": "なの花居宅介護支援事業所【居宅介護支援】埼玉県秩父市栃谷４３１－３", "url2": "https://www.kaigokensaku.mhlw.go.jp/11/index.php?action_kouhyou_detail_004_kani=true&JigyosyoCd=1174901155-00&ServiceCd=430&Type=search" }, "geometry": { "type": "Point", "coordinates": [ 139.119306876489787, 36.028104825962906 ] } },
{ "type": "Feature", "properties": { "内容": "和らぎサポートセンター【居宅介護支援】埼玉県秩父市上影森５０３番地１０", "url2": "https://www.kaigokensaku.mhlw.go.jp/11/index.php?action_kouhyou_detail_004_kani=true&JigyosyoCd=1174900405-00&ServiceCd=430&Type=search" }, "geometry": { "type": "Point", "coordinates": [ 139.062247399999933, 35.9673992 ] } },
{ "type": "Feature", "properties": { "内容": "かげもりケアサポートセンター【居宅介護支援】埼玉県秩父市下影森９３９番地２－１階", "url2": "https://www.kaigokensaku.mhlw.go.jp/11/index.php?action_kouhyou_detail_004_kani=true&JigyosyoCd=1174901304-00&ServiceCd=430&Type=search" }, "geometry": { "type": "Point", "coordinates": [ 139.072360300000014, 35.980527 ] } },
{ "type": "Feature", "properties": { "内容": "有限会社大島介護大島介護サービスセンター【居宅介護支援】埼玉県秩父市桜木町11-21", "url2": "https://www.kaigokensaku.mhlw.go.jp/11/index.php?action_kouhyou_detail_004_kani=true&JigyosyoCd=1174900934-00&ServiceCd=430&Type=search" }, "geometry": { "type": "Point", "coordinates": [ 139.0813918, 36.0040456 ] } },
{ "type": "Feature", "properties": { "内容": "居宅介護支援事業所　藤の花【居宅介護支援】埼玉県秩父市日野田町２－１４－５", "url2": "https://www.kaigokensaku.mhlw.go.jp/11/index.php?action_kouhyou_detail_004_kani=true&JigyosyoCd=1174900603-00&ServiceCd=430&Type=search" }, "geometry": { "type": "Point", "coordinates": [ 139.0802787, 35.9828337 ] } },
{ "type": "Feature", "properties": { "内容": "秩父薬剤師会　在宅介護支援センターすずらん【居宅介護支援】埼玉県秩父市寺尾１４４７－３", "url2": "https://www.kaigokensaku.mhlw.go.jp/11/index.php?action_kouhyou_detail_004_kani=true&JigyosyoCd=1174900926-00&ServiceCd=430&Type=search" }, "geometry": { "type": "Point", "coordinates": [ 139.082249600000068, 36.0235405 ] } },
{ "type": "Feature", "properties": { "内容": "杏子苑居宅介護支援事業所【居宅介護支援】埼玉県秩父市寺尾3900-1", "url2": "https://www.kaigokensaku.mhlw.go.jp/11/index.php?action_kouhyou_detail_004_kani=true&JigyosyoCd=1174900322-00&ServiceCd=430&Type=search" }, "geometry": { "type": "Point", "coordinates": [ 139.069356800000037, 36.0056339 ] } },
{ "type": "Feature", "properties": { "内容": "居宅介護支援事業所幸せふくろう所沢【居宅介護支援】埼玉県所沢市くすのき台3-12-1所沢悠生苑", "url2": "https://www.kaigokensaku.mhlw.go.jp/11/index.php?action_kouhyou_detail_004_kani=true&JigyosyoCd=1172504910-00&ServiceCd=430&Type=search" }, "geometry": { "type": "Point", "coordinates": [ 139.478548400000022, 35.7877208 ] } },
{ "type": "Feature", "properties": { "内容": "ケアプラン　いこい【居宅介護支援】埼玉県所沢市狭山ヶ丘1-3003-135レジデンス狭山ヶ丘103", "url2": "https://www.kaigokensaku.mhlw.go.jp/11/index.php?action_kouhyou_detail_004_kani=true&JigyosyoCd=1172506329-00&ServiceCd=430&Type=search" }, "geometry": { "type": "Point", "coordinates": [ 139.4141908, 35.8092891 ] } },
{ "type": "Feature", "properties": { "内容": "ケアプラン桜【居宅介護支援】埼玉県所沢市山口681－2", "url2": "https://www.kaigokensaku.mhlw.go.jp/11/index.php?action_kouhyou_detail_004_kani=true&JigyosyoCd=1172503631-00&ServiceCd=430&Type=search" }, "geometry": { "type": "Point", "coordinates": [ 139.4468742, 35.7846183 ] } },
{ "type": "Feature", "properties": { "内容": "千寿里　指定居宅介護支援事業所【居宅介護支援】埼玉県所沢市坂之下1153-1", "url2": "https://www.kaigokensaku.mhlw.go.jp/11/index.php?action_kouhyou_detail_004_kani=true&JigyosyoCd=1172500975-00&ServiceCd=430&Type=search" }, "geometry": { "type": "Point", "coordinates": [ 139.5346958, 35.8121802 ] } },
{ "type": "Feature", "properties": { "内容": "きらら居宅介護支援事業所【居宅介護支援】埼玉県所沢市上新井1-29-39", "url2": "https://www.kaigokensaku.mhlw.go.jp/11/index.php?action_kouhyou_detail_004_kani=true&JigyosyoCd=1172505685-00&ServiceCd=430&Type=search" }, "geometry": { "type": "Point", "coordinates": [ 139.4481261, 35.7900473 ] } },
{ "type": "Feature", "properties": { "内容": "居宅介護支援事業所桑の実南相談室【居宅介護支援】所沢市山口１８５０－８福祉の森", "url2": "https://www.kaigokensaku.mhlw.go.jp/11/index.php?action_kouhyou_detail_004_kani=true&JigyosyoCd=1172501221-00&ServiceCd=430&Type=search" }, "geometry": { "type": "Point", "coordinates": [ 139.431019699999979, 35.7783321 ] } },
{ "type": "Feature", "properties": { "内容": "夢くらぶ居宅介護支援事業所【居宅介護支援】埼玉県所沢市小手指元町2-29-120", "url2": "https://www.kaigokensaku.mhlw.go.jp/11/index.php?action_kouhyou_detail_004_kani=true&JigyosyoCd=1172505354-00&ServiceCd=430&Type=search" }, "geometry": { "type": "Point", "coordinates": [ 139.456758499999978, 35.7972104 ] } },
{ "type": "Feature", "properties": { "内容": "ケアセンターとみおか【居宅介護支援】埼玉県所沢市中富1617", "url2": "https://www.kaigokensaku.mhlw.go.jp/11/index.php?action_kouhyou_detail_004_kani=true&JigyosyoCd=1172500884-00&ServiceCd=430&Type=search" }, "geometry": { "type": "Point", "coordinates": [ 139.483444400000053, 35.8150616 ] } },
{ "type": "Feature", "properties": { "内容": "中富ケアサポート【居宅介護支援】埼玉県所沢市中富1016番地", "url2": "https://www.kaigokensaku.mhlw.go.jp/11/index.php?action_kouhyou_detail_004_kani=true&JigyosyoCd=1172503052-00&ServiceCd=430&Type=search" }, "geometry": { "type": "Point", "coordinates": [ 139.481541500000048, 35.8262602 ] } },
{ "type": "Feature", "properties": { "内容": "けあビジョン東所沢【居宅介護支援】東所沢1-8-3第24北斗ビル101", "url2": "https://www.kaigokensaku.mhlw.go.jp/11/index.php?action_kouhyou_detail_004_kani=true&JigyosyoCd=1172503904-00&ServiceCd=430&Type=search" }, "geometry": { "type": "Point", "coordinates": [ 139.5144986, 35.7968769 ] } },
{ "type": "Feature", "properties": { "内容": "なずな居宅介護支援事業所【居宅介護支援】埼玉県所沢市泉町1792-2新所沢ｻﾝﾊｲﾂ　104号室", "url2": "https://www.kaigokensaku.mhlw.go.jp/11/index.php?action_kouhyou_detail_004_kani=true&JigyosyoCd=1172504076-00&ServiceCd=430&Type=search" }, "geometry": { "type": "Point", "coordinates": [ 139.460585218585265, 35.802363398509527 ] } },
{ "type": "Feature", "properties": { "内容": "居宅介護支援ゆうらく東所沢【居宅介護支援】埼玉県所沢市東所沢2-33-8パレスサンヴェールⅠ　102居宅介護支援ゆうらく東所沢", "url2": "https://www.kaigokensaku.mhlw.go.jp/11/index.php?action_kouhyou_detail_004_kani=true&JigyosyoCd=1172503508-00&ServiceCd=430&Type=search" }, "geometry": { "type": "Point", "coordinates": [ 139.5162676, 35.8000366 ] } },
{ "type": "Feature", "properties": { "内容": "指定居宅介護支援事業所　桑の実総合相談室【居宅介護支援】所沢市東狭山ヶ丘６－２８３５－２", "url2": "https://www.kaigokensaku.mhlw.go.jp/11/index.php?action_kouhyou_detail_004_kani=true&JigyosyoCd=1172500157-00&ServiceCd=430&Type=search" }, "geometry": { "type": "Point", "coordinates": [ 139.424229696258408, 35.815115267184325 ] } },
{ "type": "Feature", "properties": { "内容": "ケアネット21株式会社【居宅介護支援】荒幡131番地5", "url2": "https://www.kaigokensaku.mhlw.go.jp/11/index.php?action_kouhyou_detail_004_kani=true&JigyosyoCd=1172504977-00&ServiceCd=430&Type=search" }, "geometry": { "type": "Point", "coordinates": [ 139.452492528110156, 35.781928418526725 ] } },
{ "type": "Feature", "properties": { "内容": "居宅介護支援事業所　菜のはな【居宅介護支援】埼玉県所沢市山口2783-9", "url2": "https://www.kaigokensaku.mhlw.go.jp/11/index.php?action_kouhyou_detail_004_kani=true&JigyosyoCd=1172503698-00&ServiceCd=430&Type=search" }, "geometry": { "type": "Point", "coordinates": [ 139.437163879055447, 35.776625273735199 ] } },
{ "type": "Feature", "properties": { "内容": "居宅介護支援事業所　みかじま【居宅介護支援】埼玉県所沢市三ケ島5丁目1636番地", "url2": "https://www.kaigokensaku.mhlw.go.jp/11/index.php?action_kouhyou_detail_004_kani=true&JigyosyoCd=1172504407-00&ServiceCd=430&Type=search" }, "geometry": { "type": "Point", "coordinates": [ 139.404227100000071, 35.7972041 ] } },
{ "type": "Feature", "properties": { "内容": "老人介護支援センター　飛鳥野の里【居宅介護支援】所沢市神米金５０５－１", "url2": "https://www.kaigokensaku.mhlw.go.jp/11/index.php?action_kouhyou_detail_004_kani=true&JigyosyoCd=1172501049-00&ServiceCd=430&Type=search" }, "geometry": { "type": "Point", "coordinates": [ 139.453530199999932, 35.8218544 ] } },
{ "type": "Feature", "properties": { "内容": "医心館居宅介護支援事業所小手指【居宅介護支援】埼玉県所沢市小手指町３丁目26番地の５", "url2": "https://www.kaigokensaku.mhlw.go.jp/11/index.php?action_kouhyou_detail_004_kani=true&JigyosyoCd=1172506238-00&ServiceCd=430&Type=search" }, "geometry": { "type": "Point", "coordinates": [ 139.438976431877165, 35.799072889653722 ] } },
{ "type": "Feature", "properties": { "内容": "ケアプラン　アンミッコ【居宅介護支援】所沢市中富松下1639-3", "url2": "https://www.kaigokensaku.mhlw.go.jp/11/index.php?action_kouhyou_detail_004_kani=true&JigyosyoCd=1172504761-00&ServiceCd=430&Type=search" }, "geometry": { "type": "Point", "coordinates": [ 139.481715145923971, 35.817393703133014 ] } },
{ "type": "Feature", "properties": { "内容": "リズム居宅介護支援事業所【居宅介護支援】所沢市大字牛沼345番地4", "url2": "https://www.kaigokensaku.mhlw.go.jp/11/index.php?action_kouhyou_detail_004_kani=true&JigyosyoCd=1172503318-00&ServiceCd=430&Type=search" }, "geometry": { "type": "Point", "coordinates": [ 139.486436300000037, 35.7984611 ] } },
{ "type": "Feature", "properties": { "内容": "ケアプラン　ぐり～ん【居宅介護支援】山口901番地の9", "url2": "https://www.kaigokensaku.mhlw.go.jp/11/index.php?action_kouhyou_detail_004_kani=true&JigyosyoCd=1172506311-00&ServiceCd=430&Type=search" }, "geometry": { "type": "Point", "coordinates": [ 131.4738432, 34.1782945 ] } },
{ "type": "Feature", "properties": { "内容": "居宅介護支援事業所　ゆうなぎ【居宅介護支援】埼玉県所沢市大字久米1388番地６", "url2": "https://www.kaigokensaku.mhlw.go.jp/11/index.php?action_kouhyou_detail_004_kani=true&JigyosyoCd=1172501684-00&ServiceCd=430&Type=search" }, "geometry": { "type": "Point", "coordinates": [ 139.457881, 35.7824015 ] } },
{ "type": "Feature", "properties": { "内容": "医療法人社団明雄会エスポワール所沢　居宅介護支援事業所【居宅介護支援】埼玉県所沢市下富1310-15", "url2": "https://www.kaigokensaku.mhlw.go.jp/11/index.php?action_kouhyou_detail_004_kani=true&JigyosyoCd=1172504860-00&ServiceCd=430&Type=search" }, "geometry": { "type": "Point", "coordinates": [ 139.456371900000022, 35.8240838 ] } },
{ "type": "Feature", "properties": { "内容": "所沢第一病院　居宅介護支援事業所【居宅介護支援】埼玉県所沢市松郷77-11", "url2": "https://www.kaigokensaku.mhlw.go.jp/11/index.php?action_kouhyou_detail_004_kani=true&JigyosyoCd=1172500751-00&ServiceCd=430&Type=search" }, "geometry": { "type": "Point", "coordinates": [ 139.499324021590098, 35.793095188366244 ] } },
{ "type": "Feature", "properties": { "内容": "東所沢みどりの郷指定居宅介護支援事業所【居宅介護支援】埼玉県所沢市大字坂之下941-3", "url2": "https://www.kaigokensaku.mhlw.go.jp/11/index.php?action_kouhyou_detail_004_kani=true&JigyosyoCd=1172500496-00&ServiceCd=430&Type=search" }, "geometry": { "type": "Point", "coordinates": [ 139.5265465, 35.805761300000015 ] } },
{ "type": "Feature", "properties": { "内容": "指定居宅介護支援事業所　所沢やすらぎの里【居宅介護支援】埼玉県所沢市東狭山ヶ丘５丁目９２８－１", "url2": "https://www.kaigokensaku.mhlw.go.jp/11/index.php?action_kouhyou_detail_004_kani=true&JigyosyoCd=1172500025-00&ServiceCd=430&Type=search" }, "geometry": { "type": "Point", "coordinates": [ 139.432887700000038, 35.814022 ] } },
{ "type": "Feature", "properties": { "内容": "居宅介護支援事業所　ライフプラン【居宅介護支援】埼玉県所沢市有楽町2-10有楽町ビル301", "url2": "https://www.kaigokensaku.mhlw.go.jp/11/index.php?action_kouhyou_detail_004_kani=true&JigyosyoCd=1172504282-00&ServiceCd=430&Type=search" }, "geometry": { "type": "Point", "coordinates": [ 139.468129873463454, 35.792403983112528 ] } },
{ "type": "Feature", "properties": { "内容": "居宅介護支援事業所　真和の森【居宅介護支援】所沢市下富1206-1", "url2": "https://www.kaigokensaku.mhlw.go.jp/11/index.php?action_kouhyou_detail_004_kani=true&JigyosyoCd=1172503771-00&ServiceCd=430&Type=search" }, "geometry": { "type": "Point", "coordinates": [ 139.452263499999958, 35.8261511 ] } },
{ "type": "Feature", "properties": { "内容": "居宅介護支援事業所　あさがお【居宅介護支援】埼玉県所沢市北岩岡455-14", "url2": "https://www.kaigokensaku.mhlw.go.jp/11/index.php?action_kouhyou_detail_004_kani=true&JigyosyoCd=1172503573-00&ServiceCd=430&Type=search" }, "geometry": { "type": "Point", "coordinates": [ 139.458616399999983, 35.7999779 ] } },
{ "type": "Feature", "properties": { "内容": "指定居宅介護支援事業所　桑の実東所沢相談室【居宅介護支援】埼玉県所沢市本郷２６８－１", "url2": "https://www.kaigokensaku.mhlw.go.jp/11/index.php?action_kouhyou_detail_004_kani=true&JigyosyoCd=1172502666-00&ServiceCd=430&Type=search" }, "geometry": { "type": "Point", "coordinates": [ 139.522124800000029, 35.7968067 ] } },
{ "type": "Feature", "properties": { "内容": "所沢市医師会居宅介護支援事業所【居宅介護支援】埼玉県所沢市上安松1283-4", "url2": "https://www.kaigokensaku.mhlw.go.jp/11/index.php?action_kouhyou_detail_004_kani=true&JigyosyoCd=1172500892-00&ServiceCd=430&Type=search" }, "geometry": { "type": "Point", "coordinates": [ 139.485058900000013, 35.7902734 ] } },
{ "type": "Feature", "properties": { "内容": "SOMPOケア　所沢　居宅介護支援【居宅介護支援】埼玉県所沢市くすのき台3－1－2中村ビル４F-A", "url2": "https://www.kaigokensaku.mhlw.go.jp/11/index.php?action_kouhyou_detail_004_kani=true&JigyosyoCd=1172505487-00&ServiceCd=430&Type=search" }, "geometry": { "type": "Point", "coordinates": [ 139.476433120836617, 35.78702946510144 ] } },
{ "type": "Feature", "properties": { "内容": "指定居宅介護支援事業所　桑の実中央相談室【居宅介護支援】埼玉県所沢市小手指町4-18-1レジデンシャル小手指Ｓａｋｕｒａ", "url2": "https://www.kaigokensaku.mhlw.go.jp/11/index.php?action_kouhyou_detail_004_kani=true&JigyosyoCd=1172504548-00&ServiceCd=430&Type=search" }, "geometry": { "type": "Point", "coordinates": [ 139.435815782209005, 35.797194743220018 ] } },
{ "type": "Feature", "properties": { "内容": "所沢ケアセンターそよ風【居宅介護支援】埼玉県所沢市上新井5-7-12", "url2": "https://www.kaigokensaku.mhlw.go.jp/11/index.php?action_kouhyou_detail_004_kani=true&JigyosyoCd=1172501767-00&ServiceCd=430&Type=search" }, "geometry": { "type": "Point", "coordinates": [ 139.455692, 35.7940608 ] } },
{ "type": "Feature", "properties": { "内容": "ケアサポート俊英館【居宅介護支援】埼玉県所沢市下富946-2", "url2": "https://www.kaigokensaku.mhlw.go.jp/11/index.php?action_kouhyou_detail_004_kani=true&JigyosyoCd=1172505495-00&ServiceCd=430&Type=search" }, "geometry": { "type": "Point", "coordinates": [ 139.4571628, 35.8367444 ] } },
{ "type": "Feature", "properties": { "内容": "ケア21所沢【居宅介護支援】埼玉県所沢市並木３－１所沢パークタウン駅前通り第4号棟第109号室", "url2": "https://www.kaigokensaku.mhlw.go.jp/11/index.php?action_kouhyou_detail_004_kani=true&JigyosyoCd=1172506162-00&ServiceCd=430&Type=search" }, "geometry": { "type": "Point", "coordinates": [ 139.468828300000013, 35.8009777 ] } },
{ "type": "Feature", "properties": { "内容": "グリーンフィールド居宅介護支援事業所【居宅介護支援】埼玉県所沢市青葉台1296番地の21", "url2": "https://www.kaigokensaku.mhlw.go.jp/11/index.php?action_kouhyou_detail_004_kani=true&JigyosyoCd=1172505529-00&ServiceCd=430&Type=search" }, "geometry": { "type": "Point", "coordinates": [ 139.442964502951014, 35.807134392347095 ] } },
{ "type": "Feature", "properties": { "内容": "介護相談室たんぽぽ【居宅介護支援】埼玉県所沢市松が丘2－43－8", "url2": "https://www.kaigokensaku.mhlw.go.jp/11/index.php?action_kouhyou_detail_004_kani=true&JigyosyoCd=1172505735-00&ServiceCd=430&Type=search" }, "geometry": { "type": "Point", "coordinates": [ 139.456105500000035, 35.7741203 ] } },
{ "type": "Feature", "properties": { "内容": "居宅介護支援事業所　アリスの夢【居宅介護支援】埼玉県所沢市小手指南4－13－4", "url2": "https://www.kaigokensaku.mhlw.go.jp/11/index.php?action_kouhyou_detail_004_kani=true&JigyosyoCd=1172501007-00&ServiceCd=430&Type=search" }, "geometry": { "type": "Point", "coordinates": [ 139.432619299999942, 35.7875004 ] } },
{ "type": "Feature", "properties": { "内容": "ロイヤルの園居宅介護支援事業所【居宅介護支援】所沢市北野3丁目1番地18", "url2": "https://www.kaigokensaku.mhlw.go.jp/11/index.php?action_kouhyou_detail_004_kani=true&JigyosyoCd=1172500074-00&ServiceCd=430&Type=search" }, "geometry": { "type": "Point", "coordinates": [ 139.419847900000036, 35.7966491 ] } },
{ "type": "Feature", "properties": { "内容": "ケアプランきざし【居宅介護支援】埼玉県所沢市西狭山ヶ丘1-2473-13", "url2": "https://www.kaigokensaku.mhlw.go.jp/11/index.php?action_kouhyou_detail_004_kani=true&JigyosyoCd=1172505750-00&ServiceCd=430&Type=search" }, "geometry": { "type": "Point", "coordinates": [ 139.4140435, 35.8059696 ] } },
{ "type": "Feature", "properties": { "内容": "ファインケア所沢【居宅介護支援】埼玉県所沢市東所沢1-3-14増田ビル201号室", "url2": "https://www.kaigokensaku.mhlw.go.jp/11/index.php?action_kouhyou_detail_004_kani=true&JigyosyoCd=1172503649-00&ServiceCd=430&Type=search" }, "geometry": { "type": "Point", "coordinates": [ 139.51278776686479, 35.796012548896407 ] } },
{ "type": "Feature", "properties": { "内容": "所沢市社会福祉協議会居宅介護支援事業所【居宅介護支援】緑町一丁目６番１８プラザシティ新所沢けやき通り１０１号", "url2": "https://www.kaigokensaku.mhlw.go.jp/11/index.php?action_kouhyou_detail_004_kani=true&JigyosyoCd=1172505230-00&ServiceCd=430&Type=search" }, "geometry": { "type": "Point", "coordinates": [ 139.453350692906014, 35.80588647148199 ] } },
{ "type": "Feature", "properties": { "内容": "さわやかケア所沢・居宅介護支援【居宅介護支援】埼玉県所沢市御幸町13-4シンセカンドビル203", "url2": "https://www.kaigokensaku.mhlw.go.jp/11/index.php?action_kouhyou_detail_004_kani=true&JigyosyoCd=1172502336-00&ServiceCd=430&Type=search" }, "geometry": { "type": "Point", "coordinates": [ 139.4700388, 35.7923416 ] } },
{ "type": "Feature", "properties": { "内容": "福来居宅介護支援事業所【居宅介護支援】埼玉県所沢市大字久米1978番地の1", "url2": "https://www.kaigokensaku.mhlw.go.jp/11/index.php?action_kouhyou_detail_004_kani=true&JigyosyoCd=1172505313-00&ServiceCd=430&Type=search" }, "geometry": { "type": "Point", "coordinates": [ 139.462525199999959, 35.7786994 ] } },
{ "type": "Feature", "properties": { "内容": "介護相談室らぽーる【居宅介護支援】埼玉県所沢市荒幡683-4", "url2": "https://www.kaigokensaku.mhlw.go.jp/11/index.php?action_kouhyou_detail_004_kani=true&JigyosyoCd=1172505875-00&ServiceCd=430&Type=search" }, "geometry": { "type": "Point", "coordinates": [ 139.446898299999987, 35.7787551 ] } },
{ "type": "Feature", "properties": { "内容": "あしたかケアステーション【居宅介護支援】所沢市山口１２５４－４細谷ビル203", "url2": "https://www.kaigokensaku.mhlw.go.jp/11/index.php?action_kouhyou_detail_004_kani=true&JigyosyoCd=1172503177-00&ServiceCd=430&Type=search" }, "geometry": { "type": "Point", "coordinates": [ 139.440818658226362, 35.779138374868054 ] } },
{ "type": "Feature", "properties": { "内容": "たちばな総合相談【居宅介護支援】埼玉県所沢市和ケ原1-115-1レジデンス105", "url2": "https://www.kaigokensaku.mhlw.go.jp/11/index.php?action_kouhyou_detail_004_kani=true&JigyosyoCd=1172505263-00&ServiceCd=430&Type=search" }, "geometry": { "type": "Point", "coordinates": [ 139.4123482, 35.8073281 ] } },
{ "type": "Feature", "properties": { "内容": "わかさクリニック居宅介護支援事業所【居宅介護支援】埼玉県所沢市西狭山ヶ丘1-2473-3カーサビアンカ203", "url2": "https://www.kaigokensaku.mhlw.go.jp/11/index.php?action_kouhyou_detail_004_kani=true&JigyosyoCd=1172505271-00&ServiceCd=430&Type=search" }, "geometry": { "type": "Point", "coordinates": [ 139.413900495106532, 35.80582662318826 ] } },
{ "type": "Feature", "properties": { "内容": "居宅介護支援センター　くるみの木【居宅介護支援】埼玉県所沢市東所沢和田1-51-4", "url2": "https://www.kaigokensaku.mhlw.go.jp/11/index.php?action_kouhyou_detail_004_kani=true&JigyosyoCd=1172504100-00&ServiceCd=430&Type=search" }, "geometry": { "type": "Point", "coordinates": [ 139.507543, 35.7891684 ] } },
{ "type": "Feature", "properties": { "内容": "介護支援サービス　すずらん【居宅介護支援】所沢市中新井4-27-15", "url2": "https://www.kaigokensaku.mhlw.go.jp/11/index.php?action_kouhyou_detail_004_kani=true&JigyosyoCd=1172500918-00&ServiceCd=430&Type=search" }, "geometry": { "type": "Point", "coordinates": [ 139.475034615504569, 35.814753598157914 ] } },
{ "type": "Feature", "properties": { "内容": "医療法人社団白報会居宅介護支援事業所しらこばと所沢【居宅介護支援】埼玉県所沢市松葉町17-15ニューアーバン第一ビル３階", "url2": "https://www.kaigokensaku.mhlw.go.jp/11/index.php?action_kouhyou_detail_004_kani=true&JigyosyoCd=1172503565-00&ServiceCd=430&Type=search" }, "geometry": { "type": "Point", "coordinates": [ 139.457608100000016, 35.8075118 ] } },
{ "type": "Feature", "properties": { "内容": "未来ケアプラン【居宅介護支援】緑町3-1-14メゾン・ド・アヤ101", "url2": "https://www.kaigokensaku.mhlw.go.jp/11/index.php?action_kouhyou_detail_004_kani=true&JigyosyoCd=1172505040-00&ServiceCd=430&Type=search" }, "geometry": { "type": "Point", "coordinates": [ 139.452089247323414, 35.802861038215077 ] } },
{ "type": "Feature", "properties": { "内容": "居宅介護支援事業所　ところの苑【居宅介護支援】埼玉県所沢市大字久米字宮ヶ谷子戸1538番9居宅介護支援事業所　ところの苑", "url2": "https://www.kaigokensaku.mhlw.go.jp/11/index.php?action_kouhyou_detail_004_kani=true&JigyosyoCd=1172501858-00&ServiceCd=430&Type=search" }, "geometry": { "type": "Point", "coordinates": [ 139.466468585458699, 35.78006353483066 ] } },
{ "type": "Feature", "properties": { "内容": "ケアセンターとこしん【居宅介護支援】埼玉県所沢市宮本町2-23-34", "url2": "https://www.kaigokensaku.mhlw.go.jp/11/index.php?action_kouhyou_detail_004_kani=true&JigyosyoCd=1172501189-00&ServiceCd=430&Type=search" }, "geometry": { "type": "Point", "coordinates": [ 139.460730399999989, 35.7957718 ] } },
{ "type": "Feature", "properties": { "内容": "わかさクリニック居宅介護支援事業所にしとこ【居宅介護支援】埼玉県所沢市西所沢1丁目9番22", "url2": "https://www.kaigokensaku.mhlw.go.jp/11/index.php?action_kouhyou_detail_004_kani=true&JigyosyoCd=1172505669-00&ServiceCd=430&Type=search" }, "geometry": { "type": "Point", "coordinates": [ 139.457990700000011, 35.7885524 ] } },
{ "type": "Feature", "properties": { "内容": "ケアプラン　まんまる【居宅介護支援】狭山ヶ丘1丁目3003－109桜ビル206", "url2": "https://www.kaigokensaku.mhlw.go.jp/11/index.php?action_kouhyou_detail_004_kani=true&JigyosyoCd=1172506139-00&ServiceCd=430&Type=search" }, "geometry": { "type": "Point", "coordinates": [ 139.4151003, 35.8094432 ] } },
{ "type": "Feature", "properties": { "内容": "ケアプラザ居宅介護支援事業所【居宅介護支援】所沢市北秋津７９１－２増田ビル２０１号", "url2": "https://www.kaigokensaku.mhlw.go.jp/11/index.php?action_kouhyou_detail_004_kani=true&JigyosyoCd=1172501262-00&ServiceCd=430&Type=search" }, "geometry": { "type": "Point", "coordinates": [ 139.477779100000021, 35.7851906 ] } },
{ "type": "Feature", "properties": { "内容": "シルバーネットビー居宅介護支援事業所【居宅介護支援】埼玉県所沢市小手指町１－１３－２８", "url2": "https://www.kaigokensaku.mhlw.go.jp/11/index.php?action_kouhyou_detail_004_kani=true&JigyosyoCd=1172503219-00&ServiceCd=430&Type=search" }, "geometry": { "type": "Point", "coordinates": [ 139.437381661377032, 35.803125195468269 ] } },
{ "type": "Feature", "properties": { "内容": "所沢介護支援サービス【居宅介護支援】埼玉県所沢市小手指町2-13-8", "url2": "https://www.kaigokensaku.mhlw.go.jp/11/index.php?action_kouhyou_detail_004_kani=true&JigyosyoCd=1172500827-00&ServiceCd=430&Type=search" }, "geometry": { "type": "Point", "coordinates": [ 139.436293400000068, 35.8050759 ] } },
{ "type": "Feature", "properties": { "内容": "ケアプランみかずき【居宅介護支援】埼玉県所沢市南永井１９－１エステスクエア所沢７０３", "url2": "https://www.kaigokensaku.mhlw.go.jp/11/index.php?action_kouhyou_detail_004_kani=true&JigyosyoCd=1172506386-00&ServiceCd=430&Type=search" }, "geometry": { "type": "Point", "coordinates": [ 139.4967676, 35.8111821 ] } },
{ "type": "Feature", "properties": { "内容": "ケアプランイーライフ【居宅介護支援】埼玉県所沢市緑町3-9-20", "url2": "https://www.kaigokensaku.mhlw.go.jp/11/index.php?action_kouhyou_detail_004_kani=true&JigyosyoCd=1172506345-00&ServiceCd=430&Type=search" }, "geometry": { "type": "Point", "coordinates": [ 139.448642400000011, 35.8007154 ] } },
{ "type": "Feature", "properties": { "内容": "東京海上日動みずたま介護ＳＴ小手指ケアプランセンター【居宅介護支援】埼玉県所沢市小手指町4-19-1アーバンガーデン１階", "url2": "https://www.kaigokensaku.mhlw.go.jp/11/index.php?action_kouhyou_detail_004_kani=true&JigyosyoCd=1172506063-00&ServiceCd=430&Type=search" }, "geometry": { "type": "Point", "coordinates": [ 139.4361357, 35.7984232 ] } },
{ "type": "Feature", "properties": { "内容": "ケアパートナー・メリッサ所沢【居宅介護支援】埼玉県所沢市小手指町3-9-1グランデール小手指2号1階　B号室", "url2": "https://www.kaigokensaku.mhlw.go.jp/11/index.php?action_kouhyou_detail_004_kani=true&JigyosyoCd=1172506006-00&ServiceCd=430&Type=search" }, "geometry": { "type": "Point", "coordinates": [ 139.433575299999973, 35.8004185 ] } },
{ "type": "Feature", "properties": { "内容": "医療法人　清和会　新所沢清和病院【居宅介護支援】所沢市神米金141-3", "url2": "https://www.kaigokensaku.mhlw.go.jp/11/index.php?action_kouhyou_detail_004_kani=true&JigyosyoCd=1112502615-00&ServiceCd=430&Type=search" }, "geometry": { "type": "Point", "coordinates": [ 139.466901300000018, 35.8207827 ] } },
{ "type": "Feature", "properties": { "内容": "ケアプラン・りあんふぉーる【居宅介護支援】埼玉県所沢市山口1742-6", "url2": "https://www.kaigokensaku.mhlw.go.jp/11/index.php?action_kouhyou_detail_004_kani=true&JigyosyoCd=1172506212-00&ServiceCd=430&Type=search" }, "geometry": { "type": "Point", "coordinates": [ 139.430732799999959, 35.7825161 ] } },
{ "type": "Feature", "properties": { "内容": "アイナ所沢【居宅介護支援】埼玉県所沢市緑町３丁目３５－１７シティ新所沢１１１", "url2": "https://www.kaigokensaku.mhlw.go.jp/11/index.php?action_kouhyou_detail_004_kani=true&JigyosyoCd=1172506394-00&ServiceCd=430&Type=search" }, "geometry": { "type": "Point", "coordinates": [ 139.4471579, 35.8041768 ] } },
{ "type": "Feature", "properties": { "内容": "居宅介護支援イーライフ【居宅介護支援】埼玉県所沢市西狭山ヶ丘1-256-1-101.103", "url2": "https://www.kaigokensaku.mhlw.go.jp/11/index.php?action_kouhyou_detail_004_kani=true&JigyosyoCd=1172505438-00&ServiceCd=430&Type=search" }, "geometry": { "type": "Point", "coordinates": [ 139.406791111340567, 35.804914683350724 ] } },
{ "type": "Feature", "properties": { "内容": "介護美人居宅介護支援事業所【居宅介護支援】埼玉県所沢市弥生町2867-15", "url2": "https://www.kaigokensaku.mhlw.go.jp/11/index.php?action_kouhyou_detail_004_kani=true&JigyosyoCd=1172502088-00&ServiceCd=430&Type=search" }, "geometry": { "type": "Point", "coordinates": [ 139.462252199999966, 35.8045012 ] } },
{ "type": "Feature", "properties": { "内容": "居宅介護支援センター　遊【居宅介護支援】所沢市東狭山ヶ丘4-2666-1", "url2": "https://www.kaigokensaku.mhlw.go.jp/11/index.php?action_kouhyou_detail_004_kani=true&JigyosyoCd=1172503763-00&ServiceCd=430&Type=search" }, "geometry": { "type": "Point", "coordinates": [ 139.428641, 35.8098225 ] } },
{ "type": "Feature", "properties": { "内容": "たねまき居宅介護支援事業所【居宅介護支援】埼玉県所沢市山口５０９－８テラスエイト１０１", "url2": "https://www.kaigokensaku.mhlw.go.jp/11/index.php?action_kouhyou_detail_004_kani=true&JigyosyoCd=1172505511-00&ServiceCd=430&Type=search" }, "geometry": { "type": "Point", "coordinates": [ 139.4500706, 35.7844344 ] } },
{ "type": "Feature", "properties": { "内容": "やまざくら相談室【居宅介護支援】埼玉県所沢市和ケ原１－３０９５－２３フレンドシップ狭山ヶ丘１０３", "url2": "https://www.kaigokensaku.mhlw.go.jp/11/index.php?action_kouhyou_detail_004_kani=true&JigyosyoCd=1172505636-00&ServiceCd=430&Type=search" }, "geometry": { "type": "Point", "coordinates": [ 139.41002180000001, 35.8053707 ] } },
{ "type": "Feature", "properties": { "内容": "居宅介護支援事業所　所沢けやき【居宅介護支援】埼玉県所沢市三ケ島5-1229-1", "url2": "https://www.kaigokensaku.mhlw.go.jp/11/index.php?action_kouhyou_detail_004_kani=true&JigyosyoCd=1172505347-00&ServiceCd=430&Type=search" }, "geometry": { "type": "Point", "coordinates": [ 139.402336676057416, 35.788919034575443 ] } },
{ "type": "Feature", "properties": { "内容": "東京海上日動みずたま介護ＳＴ所沢ケアプランセンター【居宅介護支援】埼玉県所沢市北秋津720-1カデール細淵ﾋﾞﾙ101", "url2": "https://www.kaigokensaku.mhlw.go.jp/11/index.php?action_kouhyou_detail_004_kani=true&JigyosyoCd=1172505099-00&ServiceCd=430&Type=search" }, "geometry": { "type": "Point", "coordinates": [ 139.476424097236674, 35.784068080618098 ] } },
{ "type": "Feature", "properties": { "内容": "東京海上日動みずたま介護ＳＴ新所沢ケアプランセンター【居宅介護支援】埼玉県所沢市泉町1850-4ユーワビル2階", "url2": "https://www.kaigokensaku.mhlw.go.jp/11/index.php?action_kouhyou_detail_004_kani=true&JigyosyoCd=1172505107-00&ServiceCd=430&Type=search" }, "geometry": { "type": "Point", "coordinates": [ 139.457663799999978, 35.8011848 ] } },
{ "type": "Feature", "properties": { "内容": "セレニティケアプランセンター狭山ヶ丘【居宅介護支援】東狭山ヶ丘二丁目878-4", "url2": "https://www.kaigokensaku.mhlw.go.jp/11/index.php?action_kouhyou_detail_004_kani=true&JigyosyoCd=1172506410-00&ServiceCd=430&Type=search" }, "geometry": { "type": "Point", "coordinates": [ 139.4198169, 35.8115031 ] } },
{ "type": "Feature", "properties": { "内容": "亀令園居宅介護支援事業所【居宅介護支援】埼玉県所沢市東狭山ヶ丘４－２６９５－１", "url2": "https://www.kaigokensaku.mhlw.go.jp/11/index.php?action_kouhyou_detail_004_kani=true&JigyosyoCd=1172500215-00&ServiceCd=430&Type=search" }, "geometry": { "type": "Point", "coordinates": [ 139.4261162, 35.8103141 ] } },
{ "type": "Feature", "properties": { "内容": "居宅介護支援所　あいほっと。【居宅介護支援】埼玉県所沢市山口445-7", "url2": "https://www.kaigokensaku.mhlw.go.jp/11/index.php?action_kouhyou_detail_004_kani=true&JigyosyoCd=1172503938-00&ServiceCd=430&Type=search" }, "geometry": { "type": "Point", "coordinates": [ 139.467831899999965, 35.8161055 ] } },
{ "type": "Feature", "properties": { "内容": "居宅介護支援事業所　フレンド・スペース【居宅介護支援】埼玉県所沢市東狭山ヶ丘2-2979-14", "url2": "https://www.kaigokensaku.mhlw.go.jp/11/index.php?action_kouhyou_detail_004_kani=true&JigyosyoCd=1172506188-00&ServiceCd=430&Type=search" }, "geometry": { "type": "Point", "coordinates": [ 139.4116591, 35.8114179 ] } },
{ "type": "Feature", "properties": { "内容": "ケアマネファームステップ・スキップ小手指駅南口店【居宅介護支援】埼玉県所沢市小手指町３－１７小手指ハイツ西武ショッピングプラザＮ棟", "url2": "https://www.kaigokensaku.mhlw.go.jp/11/index.php?action_kouhyou_detail_004_kani=true&JigyosyoCd=1172504175-00&ServiceCd=430&Type=search" }, "geometry": { "type": "Point", "coordinates": [ 139.436573081465554, 35.799687577804391 ] } },
{ "type": "Feature", "properties": { "内容": "ケアプランはな【居宅介護支援】埼玉県所沢市林3-567-1", "url2": "https://www.kaigokensaku.mhlw.go.jp/11/index.php?action_kouhyou_detail_004_kani=true&JigyosyoCd=1172506436-00&ServiceCd=430&Type=search" }, "geometry": { "type": "Point", "coordinates": [ 139.404097900000011, 35.8102535 ] } },
{ "type": "Feature", "properties": { "内容": "ケアプランふれんず【居宅介護支援】埼玉県所沢市所沢新町2532‐6", "url2": "https://www.kaigokensaku.mhlw.go.jp/11/index.php?action_kouhyou_detail_004_kani=true&JigyosyoCd=1172504019-00&ServiceCd=430&Type=search" }, "geometry": { "type": "Point", "coordinates": [ 139.465745700000014, 35.8203697 ] } },
{ "type": "Feature", "properties": { "内容": "指定相談支援アットコレット航空公園【居宅介護支援】埼玉県所沢市けやき台2-42-11", "url2": "https://www.kaigokensaku.mhlw.go.jp/11/index.php?action_kouhyou_detail_004_kani=true&JigyosyoCd=1172506444-00&ServiceCd=430&Type=search" }, "geometry": { "type": "Point", "coordinates": [ 139.4584575, 35.7994848 ] } },
{ "type": "Feature", "properties": { "内容": "株式会社フルヤ　所沢ケアサービス【居宅介護支援】埼玉県所沢市御幸町６番２号　ＫＦビル6階", "url2": "https://www.kaigokensaku.mhlw.go.jp/11/index.php?action_kouhyou_detail_004_kani=true&JigyosyoCd=1172500868-00&ServiceCd=430&Type=search" }, "geometry": { "type": "Point", "coordinates": [ 139.469585300000062, 35.7911089 ] } },
{ "type": "Feature", "properties": { "内容": "トータルケアシステム蘭風園【居宅介護支援】埼玉県飯能市永田５２７番地２", "url2": "https://www.kaigokensaku.mhlw.go.jp/11/index.php?action_kouhyou_detail_004_kani=true&JigyosyoCd=1172600080-00&ServiceCd=430&Type=search" }, "geometry": { "type": "Point", "coordinates": [ 139.2958539, 35.8616292 ] } },
{ "type": "Feature", "properties": { "内容": "ケアプランあいこう【居宅介護支援】埼玉県飯能市新町4-16", "url2": "https://www.kaigokensaku.mhlw.go.jp/11/index.php?action_kouhyou_detail_004_kani=true&JigyosyoCd=1172600023-00&ServiceCd=430&Type=search" }, "geometry": { "type": "Point", "coordinates": [ 139.324682292343141, 35.855969337649718 ] } },
{ "type": "Feature", "properties": { "内容": "医療生協さいたま生活協同組合　ケアセンターはんのう【居宅介護支援】埼玉県飯能市双柳１５０－２３", "url2": "https://www.kaigokensaku.mhlw.go.jp/11/index.php?action_kouhyou_detail_004_kani=true&JigyosyoCd=1172600387-00&ServiceCd=430&Type=search" }, "geometry": { "type": "Point", "coordinates": [ 139.32872765767209, 35.853931495859953 ] } },
{ "type": "Feature", "properties": { "内容": "ケアセンターほたる【居宅介護支援】埼玉県飯能市上赤工91番地8", "url2": "https://www.kaigokensaku.mhlw.go.jp/11/index.php?action_kouhyou_detail_004_kani=true&JigyosyoCd=1172601047-00&ServiceCd=430&Type=search" }, "geometry": { "type": "Point", "coordinates": [ 139.2381358, 35.8706622 ] } },
{ "type": "Feature", "properties": { "内容": "介護相談室　名栗園【居宅介護支援】埼玉県飯能市芦苅場781シルバーハウス希望の園２階", "url2": "https://www.kaigokensaku.mhlw.go.jp/11/index.php?action_kouhyou_detail_004_kani=true&JigyosyoCd=1172600445-00&ServiceCd=430&Type=search" }, "geometry": { "type": "Point", "coordinates": [ 139.356852210402678, 35.867152431491675 ] } },
{ "type": "Feature", "properties": { "内容": "ケアプランたんぽぽ【居宅介護支援】飯能市落合290-4", "url2": "https://www.kaigokensaku.mhlw.go.jp/11/index.php?action_kouhyou_detail_004_kani=true&JigyosyoCd=1172600197-00&ServiceCd=430&Type=search" }, "geometry": { "type": "Point", "coordinates": [ 139.32142023366012, 35.833638189873334 ] } },
{ "type": "Feature", "properties": { "内容": "指定居宅介護支援事業所　くすのき【居宅介護支援】飯能市大字落合４５８番地１", "url2": "https://www.kaigokensaku.mhlw.go.jp/11/index.php?action_kouhyou_detail_004_kani=true&JigyosyoCd=1172600221-00&ServiceCd=430&Type=search" }, "geometry": { "type": "Point", "coordinates": [ 139.3136303, 35.8365522 ] } },
{ "type": "Feature", "properties": { "内容": "飯能市介護計画サービスほほえみ【居宅介護支援】飯能市虎秀25-1飯能市東吾野医療介護センター　Ｂ１階", "url2": "https://www.kaigokensaku.mhlw.go.jp/11/index.php?action_kouhyou_detail_004_kani=true&JigyosyoCd=1172600106-00&ServiceCd=430&Type=search" }, "geometry": { "type": "Point", "coordinates": [ 139.26064759999997, 35.8946973 ] } },
{ "type": "Feature", "properties": { "内容": "ほっとプランましば【居宅介護支援】埼玉県飯能市緑町7-6", "url2": "https://www.kaigokensaku.mhlw.go.jp/11/index.php?action_kouhyou_detail_004_kani=true&JigyosyoCd=1172600544-00&ServiceCd=430&Type=search" }, "geometry": { "type": "Point", "coordinates": [ 139.3264259, 35.8498565 ] } },
{ "type": "Feature", "properties": { "内容": "ケアプラン　サンタ【居宅介護支援】埼玉県飯能市大字矢颪３９８番地１", "url2": "https://www.kaigokensaku.mhlw.go.jp/11/index.php?action_kouhyou_detail_004_kani=true&JigyosyoCd=1172600593-00&ServiceCd=430&Type=search" }, "geometry": { "type": "Point", "coordinates": [ 139.31789033255879, 35.841435179611864 ] } },
{ "type": "Feature", "properties": { "内容": "ケアセンターONENESS【居宅介護支援】埼玉県飯能市川寺187-6", "url2": "https://www.kaigokensaku.mhlw.go.jp/11/index.php?action_kouhyou_detail_004_kani=true&JigyosyoCd=1172601211-00&ServiceCd=430&Type=search" }, "geometry": { "type": "Point", "coordinates": [ 139.325517800000029, 35.8497378 ] } },
{ "type": "Feature", "properties": { "内容": "居宅介護支援事業所ケアプラン小室【居宅介護支援】埼玉県飯能市八幡町2-3小室クリニック２F", "url2": "https://www.kaigokensaku.mhlw.go.jp/11/index.php?action_kouhyou_detail_004_kani=true&JigyosyoCd=1172601070-00&ServiceCd=430&Type=search" }, "geometry": { "type": "Point", "coordinates": [ 139.319833153910849, 35.853807198157689 ] } },
{ "type": "Feature", "properties": { "内容": "居宅介護支援事業所ケアプランなかちょう【居宅介護支援】埼玉県飯能市仲町５－７", "url2": "https://www.kaigokensaku.mhlw.go.jp/11/index.php?action_kouhyou_detail_004_kani=true&JigyosyoCd=1172600098-00&ServiceCd=430&Type=search" }, "geometry": { "type": "Point", "coordinates": [ 139.31909288130521, 35.853234921455645 ] } },
{ "type": "Feature", "properties": { "内容": "けあ・しゃきょう【居宅介護支援】埼玉県飯能市大字双柳３７１番地１３", "url2": "https://www.kaigokensaku.mhlw.go.jp/11/index.php?action_kouhyou_detail_004_kani=true&JigyosyoCd=1172600015-00&ServiceCd=430&Type=search" }, "geometry": { "type": "Point", "coordinates": [ 139.33037539999998, 35.8554421 ] } },
{ "type": "Feature", "properties": { "内容": "居宅介護支援事業所　ハッピーハウス【居宅介護支援】埼玉県加須市礼羽４６８－１", "url2": "https://www.kaigokensaku.mhlw.go.jp/11/index.php?action_kouhyou_detail_004_kani=true&JigyosyoCd=1173801489-00&ServiceCd=430&Type=search" }, "geometry": { "type": "Point", "coordinates": [ 139.5878492, 36.1254506 ] } },
{ "type": "Feature", "properties": { "内容": "ケアプランセンター　オレンジ【居宅介護支援】埼玉県加須市南町6-15", "url2": "https://www.kaigokensaku.mhlw.go.jp/11/index.php?action_kouhyou_detail_004_kani=true&JigyosyoCd=1173801711-00&ServiceCd=430&Type=search" }, "geometry": { "type": "Point", "coordinates": [ 139.601306599999987, 36.119384 ] } },
{ "type": "Feature", "properties": { "内容": "ケアプラン花言葉【居宅介護支援】埼玉県加須市馬内1037－2", "url2": "https://www.kaigokensaku.mhlw.go.jp/11/index.php?action_kouhyou_detail_004_kani=true&JigyosyoCd=1173801729-00&ServiceCd=430&Type=search" }, "geometry": { "type": "Point", "coordinates": [ 139.5763839, 36.128780500000019 ] } },
{ "type": "Feature", "properties": { "内容": "そわ道ケアマネハウス【居宅介護支援】埼玉県加須市伊賀袋396-24", "url2": "https://www.kaigokensaku.mhlw.go.jp/11/index.php?action_kouhyou_detail_004_kani=true&JigyosyoCd=1173801406-00&ServiceCd=430&Type=search" }, "geometry": { "type": "Point", "coordinates": [ 139.685751900000014, 36.1786482 ] } },
{ "type": "Feature", "properties": { "内容": "アイ・ケアプランセンター【居宅介護支援】埼玉県加須市南町2-13", "url2": "https://www.kaigokensaku.mhlw.go.jp/11/index.php?action_kouhyou_detail_004_kani=true&JigyosyoCd=1173801455-00&ServiceCd=430&Type=search" }, "geometry": { "type": "Point", "coordinates": [ 139.601098799999988, 36.1207651 ] } },
{ "type": "Feature", "properties": { "内容": "太野貴弘　ケアマネ事務所【居宅介護支援】埼玉県加須市牛重1544番地1", "url2": "https://www.kaigokensaku.mhlw.go.jp/11/index.php?action_kouhyou_detail_004_kani=true&JigyosyoCd=1173801596-00&ServiceCd=430&Type=search" }, "geometry": { "type": "Point", "coordinates": [ 139.5948402, 36.0973024 ] } },
{ "type": "Feature", "properties": { "内容": "居宅介護支援事業所　すずみな加須【居宅介護支援】南篠崎2250-2志久ハイツ1号", "url2": "https://www.kaigokensaku.mhlw.go.jp/11/index.php?action_kouhyou_detail_004_kani=true&JigyosyoCd=1173801547-00&ServiceCd=430&Type=search" }, "geometry": { "type": "Point", "coordinates": [ 139.627696500000013, 36.1209458 ] } },
{ "type": "Feature", "properties": { "内容": "みずほの里居宅介護支援【居宅介護支援】加須市平永142", "url2": "https://www.kaigokensaku.mhlw.go.jp/11/index.php?action_kouhyou_detail_004_kani=true&JigyosyoCd=1173800119-00&ServiceCd=430&Type=search" }, "geometry": { "type": "Point", "coordinates": [ 139.569553700000029, 36.1259989 ] } },
{ "type": "Feature", "properties": { "内容": "ＳＯＭＰＯケア　加須　居宅介護支援【居宅介護支援】埼玉県加須市三俣1-2-7国分貸店舗", "url2": "https://www.kaigokensaku.mhlw.go.jp/11/index.php?action_kouhyou_detail_004_kani=true&JigyosyoCd=1173801356-00&ServiceCd=430&Type=search" }, "geometry": { "type": "Point", "coordinates": [ 139.601169411917141, 36.132276992441454 ] } },
{ "type": "Feature", "properties": { "内容": "居宅介護支援事業所オハナマハロ【居宅介護支援】埼玉県加須市戸室100番地１", "url2": "https://www.kaigokensaku.mhlw.go.jp/11/index.php?action_kouhyou_detail_004_kani=true&JigyosyoCd=1173801679-00&ServiceCd=430&Type=search" }, "geometry": { "type": "Point", "coordinates": [ 139.5663337, 36.0889168 ] } },
{ "type": "Feature", "properties": { "内容": "多賀谷寿光園居宅介護支援事業所【居宅介護支援】埼玉県加須市上崎２０３７－１", "url2": "https://www.kaigokensaku.mhlw.go.jp/11/index.php?action_kouhyou_detail_004_kani=true&JigyosyoCd=1173600154-00&ServiceCd=430&Type=search" }, "geometry": { "type": "Point", "coordinates": [ 139.5465289, 36.1110474 ] } },
{ "type": "Feature", "properties": { "内容": "チェリー居宅介護支援事業所【居宅介護支援】埼玉県加須市向古河1911-3MYハウス201", "url2": "https://www.kaigokensaku.mhlw.go.jp/11/index.php?action_kouhyou_detail_004_kani=true&JigyosyoCd=1173801638-00&ServiceCd=430&Type=search" }, "geometry": { "type": "Point", "coordinates": [ 139.6747805, 36.1902228 ] } },
{ "type": "Feature", "properties": { "内容": "なかよし居宅介護支援事業所【居宅介護支援】埼玉県加須市飯積1904番地1", "url2": "https://www.kaigokensaku.mhlw.go.jp/11/index.php?action_kouhyou_detail_004_kani=true&JigyosyoCd=1173800721-00&ServiceCd=430&Type=search" }, "geometry": { "type": "Point", "coordinates": [ 139.6649453, 36.1879109 ] } },
{ "type": "Feature", "properties": { "内容": "愛の泉居宅介護支援事業【居宅介護支援】埼玉県加須市水深811-2", "url2": "https://www.kaigokensaku.mhlw.go.jp/11/index.php?action_kouhyou_detail_004_kani=true&JigyosyoCd=1173800069-00&ServiceCd=430&Type=search" }, "geometry": { "type": "Point", "coordinates": [ 139.635780396295104, 36.095877646708566 ] } },
{ "type": "Feature", "properties": { "内容": "北埼玉医師会居宅介護支援事業所【居宅介護支援】埼玉県加須市馬内441番地", "url2": "https://www.kaigokensaku.mhlw.go.jp/11/index.php?action_kouhyou_detail_004_kani=true&JigyosyoCd=1173800051-00&ServiceCd=430&Type=search" }, "geometry": { "type": "Point", "coordinates": [ 139.5701894, 36.1355839 ] } },
{ "type": "Feature", "properties": { "内容": "居宅介護支援レジデンス加須【居宅介護支援】埼玉県加須市諏訪1丁目6番28号", "url2": "https://www.kaigokensaku.mhlw.go.jp/11/index.php?action_kouhyou_detail_004_kani=true&JigyosyoCd=1173801372-00&ServiceCd=430&Type=search" }, "geometry": { "type": "Point", "coordinates": [ 139.598922499999958, 36.1308214 ] } },
{ "type": "Feature", "properties": { "内容": "ケアプラン久下けやきハウス【居宅介護支援】埼玉県加須市久下3丁目5番地1", "url2": "https://www.kaigokensaku.mhlw.go.jp/11/index.php?action_kouhyou_detail_004_kani=true&JigyosyoCd=1173801570-00&ServiceCd=430&Type=search" }, "geometry": { "type": "Point", "coordinates": [ 139.613165421426402, 36.122373928599615 ] } },
{ "type": "Feature", "properties": { "内容": "加須清輝苑　居宅介護支援事業所【居宅介護支援】埼玉県加須市陽光台２丁目８８３番地７８", "url2": "https://www.kaigokensaku.mhlw.go.jp/11/index.php?action_kouhyou_detail_004_kani=true&JigyosyoCd=1173801034-00&ServiceCd=430&Type=search" }, "geometry": { "type": "Point", "coordinates": [ 139.680136612164347, 36.190485117281483 ] } },
{ "type": "Feature", "properties": { "内容": "加須市社協加須ケアプランセンター【居宅介護支援】加須市下高柳1932番地1", "url2": "https://www.kaigokensaku.mhlw.go.jp/11/index.php?action_kouhyou_detail_004_kani=true&JigyosyoCd=1173800655-00&ServiceCd=430&Type=search" }, "geometry": { "type": "Point", "coordinates": [ 139.604150938522224, 36.113896895658222 ] } },
{ "type": "Feature", "properties": { "内容": "騎西病院居宅介護支援センター【居宅介護支援】埼玉県加須市日出安１３２１番地", "url2": "https://www.kaigokensaku.mhlw.go.jp/11/index.php?action_kouhyou_detail_004_kani=true&JigyosyoCd=1173600485-00&ServiceCd=430&Type=search" }, "geometry": { "type": "Point", "coordinates": [ 139.584827090768414, 36.11179625064208 ] } },
{ "type": "Feature", "properties": { "内容": "ケアステーション　すてっぷ【居宅介護支援】埼玉県加須市新川通181番地3", "url2": "https://www.kaigokensaku.mhlw.go.jp/11/index.php?action_kouhyou_detail_004_kani=true&JigyosyoCd=1173600063-00&ServiceCd=430&Type=search" }, "geometry": { "type": "Point", "coordinates": [ 139.670301399999971, 36.1587724 ] } },
{ "type": "Feature", "properties": { "内容": "ライゼ清輝苑指定居宅介護支援事業所【居宅介護支援】埼玉県加須市陽光台2－８８３－７５", "url2": "https://www.kaigokensaku.mhlw.go.jp/11/index.php?action_kouhyou_detail_004_kani=true&JigyosyoCd=1173600378-00&ServiceCd=430&Type=search" }, "geometry": { "type": "Point", "coordinates": [ 139.6803185, 36.1909886 ] } },
{ "type": "Feature", "properties": { "内容": "山崎居宅介護支援事業所【居宅介護支援】埼玉県加須市根古屋642-10", "url2": "https://www.kaigokensaku.mhlw.go.jp/11/index.php?action_kouhyou_detail_004_kani=true&JigyosyoCd=1173600295-00&ServiceCd=430&Type=search" }, "geometry": { "type": "Point", "coordinates": [ 139.582919500000031, 36.101471700000019 ] } },
{ "type": "Feature", "properties": { "内容": "居宅介護支援事業所まごころ【居宅介護支援】埼玉県加須市常泉614番地8", "url2": "https://www.kaigokensaku.mhlw.go.jp/11/index.php?action_kouhyou_detail_004_kani=true&JigyosyoCd=1173801695-00&ServiceCd=430&Type=search" }, "geometry": { "type": "Point", "coordinates": [ 139.6023356, 36.1049789 ] } },
{ "type": "Feature", "properties": { "内容": "医療法人徳洲会加須ふれあい介護相談所【居宅介護支援】埼玉県加須市下三俣1790-1", "url2": "https://www.kaigokensaku.mhlw.go.jp/11/index.php?action_kouhyou_detail_004_kani=true&JigyosyoCd=1173801513-00&ServiceCd=430&Type=search" }, "geometry": { "type": "Point", "coordinates": [ 139.607261700000038, 36.133265700000017 ] } },
{ "type": "Feature", "properties": { "内容": "ケアサポート　ひばりの里【居宅介護支援】埼玉県加須市麦倉２１１６番地２デイサービスセンター麦倉ひばりの里内", "url2": "https://www.kaigokensaku.mhlw.go.jp/11/index.php?action_kouhyou_detail_004_kani=true&JigyosyoCd=1173800911-00&ServiceCd=430&Type=search" }, "geometry": { "type": "Point", "coordinates": [ 139.607696800000014, 36.115898500000014 ] } },
{ "type": "Feature", "properties": { "内容": "居宅介護支援事業所　結び【居宅介護支援】埼玉県加須市富士見町8-60", "url2": "https://www.kaigokensaku.mhlw.go.jp/11/index.php?action_kouhyou_detail_004_kani=true&JigyosyoCd=1173801620-00&ServiceCd=430&Type=search" }, "geometry": { "type": "Point", "coordinates": [ 139.5959226, 36.1216445 ] } },
{ "type": "Feature", "properties": { "内容": "利根いこいの里居宅介護支援センター【居宅介護支援】加須市大越１９３３", "url2": "https://www.kaigokensaku.mhlw.go.jp/11/index.php?action_kouhyou_detail_004_kani=true&JigyosyoCd=1173800028-00&ServiceCd=430&Type=search" }, "geometry": { "type": "Point", "coordinates": [ 139.620588600000019, 36.1778718 ] } },
{ "type": "Feature", "properties": { "内容": "なぎさケアマネ事務所【居宅介護支援】埼玉県加須市中央１丁目7-24今成マンション106", "url2": "https://www.kaigokensaku.mhlw.go.jp/11/index.php?action_kouhyou_detail_004_kani=true&JigyosyoCd=1173801687-00&ServiceCd=430&Type=search" }, "geometry": { "type": "Point", "coordinates": [ 139.5964506, 36.1252297 ] } },
{ "type": "Feature", "properties": { "内容": "ラパン居宅介護支援【居宅介護支援】前原2丁目3番22号", "url2": "https://www.kaigokensaku.mhlw.go.jp/11/index.php?action_kouhyou_detail_004_kani=true&JigyosyoCd=1174302057-00&ServiceCd=430&Type=search" }, "geometry": { "type": "Point", "coordinates": [ 139.177159453442414, 36.238277098703534 ] } },
{ "type": "Feature", "properties": { "内容": "居宅介護支援事業所ふくしまライフサポート【居宅介護支援】埼玉県本庄市寿２－４－１０", "url2": "https://www.kaigokensaku.mhlw.go.jp/11/index.php?action_kouhyou_detail_004_kani=true&JigyosyoCd=1174301471-00&ServiceCd=430&Type=search" }, "geometry": { "type": "Point", "coordinates": [ 139.205341399999952, 36.2339302 ] } },
{ "type": "Feature", "properties": { "内容": "あずみ苑本庄【居宅介護支援】埼玉県本庄市西富田739番地1", "url2": "https://www.kaigokensaku.mhlw.go.jp/11/index.php?action_kouhyou_detail_004_kani=true&JigyosyoCd=1174301950-00&ServiceCd=430&Type=search" }, "geometry": { "type": "Point", "coordinates": [ 139.1680139, 36.2324655 ] } },
{ "type": "Feature", "properties": { "内容": "ケアプラン四季【居宅介護支援】埼玉県本庄市四季の里二丁目15番9号", "url2": "https://www.kaigokensaku.mhlw.go.jp/11/index.php?action_kouhyou_detail_004_kani=true&JigyosyoCd=1174301562-00&ServiceCd=430&Type=search" }, "geometry": { "type": "Point", "coordinates": [ 139.196472852445993, 36.224539973213297 ] } },
{ "type": "Feature", "properties": { "内容": "居宅介護支援事業所ゆたか本庄【居宅介護支援】埼玉県本庄市前原1丁目12番15号ナーシングホームこころ本庄", "url2": "https://www.kaigokensaku.mhlw.go.jp/11/index.php?action_kouhyou_detail_004_kani=true&JigyosyoCd=1174301786-00&ServiceCd=430&Type=search" }, "geometry": { "type": "Point", "coordinates": [ 139.178772700000025, 36.2399068 ] } },
{ "type": "Feature", "properties": { "内容": "トマト村【居宅介護支援】埼玉県本庄市早稲田の杜５－１４－８", "url2": "https://www.kaigokensaku.mhlw.go.jp/11/index.php?action_kouhyou_detail_004_kani=true&JigyosyoCd=1174300028-00&ServiceCd=430&Type=search" }, "geometry": { "type": "Point", "coordinates": [ 139.186697, 36.217916700000025 ] } },
{ "type": "Feature", "properties": { "内容": "まごころケアプラン【居宅介護支援】埼玉県本庄市栄2丁目8-1リオネルガーデン101号室", "url2": "https://www.kaigokensaku.mhlw.go.jp/11/index.php?action_kouhyou_detail_004_kani=true&JigyosyoCd=1174301307-00&ServiceCd=430&Type=search" }, "geometry": { "type": "Point", "coordinates": [ 139.170653899999934, 36.2365729 ] } },
{ "type": "Feature", "properties": { "内容": "居宅介護支援センター　彩【居宅介護支援】埼玉県本庄市西五十子634-4", "url2": "https://www.kaigokensaku.mhlw.go.jp/11/index.php?action_kouhyou_detail_004_kani=true&JigyosyoCd=1174301398-00&ServiceCd=430&Type=search" }, "geometry": { "type": "Point", "coordinates": [ 139.197921965559317, 36.222006538851538 ] } },
{ "type": "Feature", "properties": { "内容": "居宅介護支援事業所翔【居宅介護支援】埼玉県本庄市前原1-3-7comodoB102", "url2": "https://www.kaigokensaku.mhlw.go.jp/11/index.php?action_kouhyou_detail_004_kani=true&JigyosyoCd=1174301547-00&ServiceCd=430&Type=search" }, "geometry": { "type": "Point", "coordinates": [ 139.181691399999977, 36.2375148 ] } },
{ "type": "Feature", "properties": { "内容": "ベル居宅介護支援事業所【居宅介護支援】埼玉県本庄市児玉町八幡山274番地1ハートフルガーデンベル", "url2": "https://www.kaigokensaku.mhlw.go.jp/11/index.php?action_kouhyou_detail_004_kani=true&JigyosyoCd=1174301174-00&ServiceCd=430&Type=search" }, "geometry": { "type": "Point", "coordinates": [ 139.1301565, 36.195743 ] } },
{ "type": "Feature", "properties": { "内容": "はなわ居宅介護支援事業所【居宅介護支援】埼玉県本庄市若泉1-1-39", "url2": "https://www.kaigokensaku.mhlw.go.jp/11/index.php?action_kouhyou_detail_004_kani=true&JigyosyoCd=1174201135-00&ServiceCd=430&Type=search" }, "geometry": { "type": "Point", "coordinates": [ 139.185169589699967, 36.243873583963889 ] } },
{ "type": "Feature", "properties": { "内容": "ひまわり児玉【居宅介護支援】埼玉県本庄市児玉町入浅見838-3番地3", "url2": "https://www.kaigokensaku.mhlw.go.jp/11/index.php?action_kouhyou_detail_004_kani=true&JigyosyoCd=1174301638-00&ServiceCd=430&Type=search" }, "geometry": { "type": "Point", "coordinates": [ 139.143160800000032, 36.1965957 ] } },
{ "type": "Feature", "properties": { "内容": "吉沢病院指定介護支援センター【居宅介護支援】埼玉県本庄市1216-1", "url2": "https://www.kaigokensaku.mhlw.go.jp/11/index.php?action_kouhyou_detail_004_kani=true&JigyosyoCd=1174300069-00&ServiceCd=430&Type=search" }, "geometry": { "type": "Point", "coordinates": [ 139.204978495523051, 36.240119766173152 ] } },
{ "type": "Feature", "properties": { "内容": "居宅介護支援事業所　青い風【居宅介護支援】埼玉県本庄市日の出３－６－５０", "url2": "https://www.kaigokensaku.mhlw.go.jp/11/index.php?action_kouhyou_detail_004_kani=true&JigyosyoCd=1174301513-00&ServiceCd=430&Type=search" }, "geometry": { "type": "Point", "coordinates": [ 139.204166752778633, 36.236194873950446 ] } },
{ "type": "Feature", "properties": { "内容": "居宅介護支援事業所　彩の苑【居宅介護支援】埼玉県本庄市千代田1-1-21", "url2": "https://www.kaigokensaku.mhlw.go.jp/11/index.php?action_kouhyou_detail_004_kani=true&JigyosyoCd=1154380028-00&ServiceCd=430&Type=search" }, "geometry": { "type": "Point", "coordinates": [ 139.182271799999967, 36.2396758 ] } },
{ "type": "Feature", "properties": { "内容": "ケアプラン楓【居宅介護支援】埼玉県本庄市都島884-3", "url2": "https://www.kaigokensaku.mhlw.go.jp/11/index.php?action_kouhyou_detail_004_kani=true&JigyosyoCd=1174302008-00&ServiceCd=430&Type=search" }, "geometry": { "type": "Point", "coordinates": [ 139.1759495, 36.2585819 ] } },
{ "type": "Feature", "properties": { "内容": "居宅介護支援　ちとせ【居宅介護支援】埼玉県本庄市日の出3-3-6", "url2": "https://www.kaigokensaku.mhlw.go.jp/11/index.php?action_kouhyou_detail_004_kani=true&JigyosyoCd=1174301828-00&ServiceCd=430&Type=search" }, "geometry": { "type": "Point", "coordinates": [ 139.20002, 36.2369078 ] } },
{ "type": "Feature", "properties": { "内容": "在宅介護支援センター安誠園【居宅介護支援】埼玉県本庄市本庄３丁目１番２１号", "url2": "https://www.kaigokensaku.mhlw.go.jp/11/index.php?action_kouhyou_detail_004_kani=true&JigyosyoCd=1174300036-00&ServiceCd=430&Type=search" }, "geometry": { "type": "Point", "coordinates": [ 139.19015470093214, 36.240685169314794 ] } },
{ "type": "Feature", "properties": { "内容": "児玉居宅介護支援センター【居宅介護支援】埼玉県本庄市児玉町金屋１３０２－１", "url2": "https://www.kaigokensaku.mhlw.go.jp/11/index.php?action_kouhyou_detail_004_kani=true&JigyosyoCd=1174200038-00&ServiceCd=430&Type=search" }, "geometry": { "type": "Point", "coordinates": [ 139.122279400000025, 36.1959902 ] } },
{ "type": "Feature", "properties": { "内容": "ケアセンターはじめ【居宅介護支援】埼玉県本庄市児玉町児玉南四丁目11番32号", "url2": "https://www.kaigokensaku.mhlw.go.jp/11/index.php?action_kouhyou_detail_004_kani=true&JigyosyoCd=1174300739-00&ServiceCd=430&Type=search" }, "geometry": { "type": "Point", "coordinates": [ 139.131123500000058, 36.1817586 ] } },
{ "type": "Feature", "properties": { "内容": "居宅介護支援事業所　のんびり森【居宅介護支援】埼玉県本庄市日の出３丁目4番35号", "url2": "https://www.kaigokensaku.mhlw.go.jp/11/index.php?action_kouhyou_detail_004_kani=true&JigyosyoCd=1174301836-00&ServiceCd=430&Type=search" }, "geometry": { "type": "Point", "coordinates": [ 139.200668819918008, 36.235924693221357 ] } },
{ "type": "Feature", "properties": { "内容": "ことりケアプラン【居宅介護支援】埼玉県本庄市小島6-4-4", "url2": "https://www.kaigokensaku.mhlw.go.jp/11/index.php?action_kouhyou_detail_004_kani=true&JigyosyoCd=1174301646-00&ServiceCd=430&Type=search" }, "geometry": { "type": "Point", "coordinates": [ 139.166812199999981, 36.2510633 ] } },
{ "type": "Feature", "properties": { "内容": "ケアプランセンタージャム【居宅介護支援】埼玉県本庄市西五十子446-15", "url2": "https://www.kaigokensaku.mhlw.go.jp/11/index.php?action_kouhyou_detail_004_kani=true&JigyosyoCd=1174300820-00&ServiceCd=430&Type=search" }, "geometry": { "type": "Point", "coordinates": [ 139.202461399999947, 36.222139500000011 ] } },
{ "type": "Feature", "properties": { "内容": "むさしの居宅介護支援サービス【居宅介護支援】埼玉県本庄市児玉町飯倉170番地3", "url2": "https://www.kaigokensaku.mhlw.go.jp/11/index.php?action_kouhyou_detail_004_kani=true&JigyosyoCd=1174200095-00&ServiceCd=430&Type=search" }, "geometry": { "type": "Point", "coordinates": [ 139.094478751580624, 36.188371136873762 ] } },
{ "type": "Feature", "properties": { "内容": "あゆみ居宅介護支援事業所【居宅介護支援】埼玉県本庄市児玉町金屋1465-15", "url2": "https://www.kaigokensaku.mhlw.go.jp/11/index.php?action_kouhyou_detail_004_kani=true&JigyosyoCd=1174302016-00&ServiceCd=430&Type=search" }, "geometry": { "type": "Point", "coordinates": [ 139.1223641, 36.1982446 ] } },
{ "type": "Feature", "properties": { "内容": "ライフプランシナモン【居宅介護支援】埼玉県本庄市北堀705番地1２階", "url2": "https://www.kaigokensaku.mhlw.go.jp/11/index.php?action_kouhyou_detail_004_kani=true&JigyosyoCd=1174301919-00&ServiceCd=430&Type=search" }, "geometry": { "type": "Point", "coordinates": [ 139.18958, 36.2247764 ] } },
{ "type": "Feature", "properties": { "内容": "アビアント居宅介護支援事業所【居宅介護支援】小島南3-4-20", "url2": "https://www.kaigokensaku.mhlw.go.jp/11/index.php?action_kouhyou_detail_004_kani=true&JigyosyoCd=1174302099-00&ServiceCd=430&Type=search" }, "geometry": { "type": "Point", "coordinates": [ 139.163546349073783, 36.239176825652955 ] } },
{ "type": "Feature", "properties": { "内容": "しゃくなげケアプランセンター【居宅介護支援】埼玉県本庄市前原2-2-3", "url2": "https://www.kaigokensaku.mhlw.go.jp/11/index.php?action_kouhyou_detail_004_kani=true&JigyosyoCd=1174301497-00&ServiceCd=430&Type=search" }, "geometry": { "type": "Point", "coordinates": [ 139.181928, 36.238322 ] } },
{ "type": "Feature", "properties": { "内容": "本庄南介護支援センター【居宅介護支援】埼玉県本庄市日の出3-7-26", "url2": "https://www.kaigokensaku.mhlw.go.jp/11/index.php?action_kouhyou_detail_004_kani=true&JigyosyoCd=1174300010-00&ServiceCd=430&Type=search" }, "geometry": { "type": "Point", "coordinates": [ 139.203833329742281, 36.234965134684913 ] } },
{ "type": "Feature", "properties": { "内容": "本庄居宅介護支援センター【居宅介護支援】埼玉県本庄市小島五丁目６番１号", "url2": "https://www.kaigokensaku.mhlw.go.jp/11/index.php?action_kouhyou_detail_004_kani=true&JigyosyoCd=1174300283-00&ServiceCd=430&Type=search" }, "geometry": { "type": "Point", "coordinates": [ 139.175158499999952, 36.2487194 ] } },
{ "type": "Feature", "properties": { "内容": "セレーノ居宅介護支援事業所【居宅介護支援】埼玉県本庄市けや木3丁目1番1号", "url2": "https://www.kaigokensaku.mhlw.go.jp/11/index.php?action_kouhyou_detail_004_kani=true&JigyosyoCd=1174302115-00&ServiceCd=430&Type=search" }, "geometry": { "type": "Point", "coordinates": [ 139.1843432, 36.2296426 ] } },
{ "type": "Feature", "properties": { "内容": "シャローム居宅介護支援センター【居宅介護支援】埼玉県本庄市今井1251番地１", "url2": "https://www.kaigokensaku.mhlw.go.jp/11/index.php?action_kouhyou_detail_004_kani=true&JigyosyoCd=1174300077-00&ServiceCd=430&Type=search" }, "geometry": { "type": "Point", "coordinates": [ 139.150978799999962, 36.222740300000034 ] } },
{ "type": "Feature", "properties": { "内容": "くぼ　居宅介護支援事業所【居宅介護支援】埼玉県本庄市児玉町塩谷155", "url2": "https://www.kaigokensaku.mhlw.go.jp/11/index.php?action_kouhyou_detail_004_kani=true&JigyosyoCd=1174302073-00&ServiceCd=430&Type=search" }, "geometry": { "type": "Point", "coordinates": [ 139.107233799999989, 36.1898789 ] } },
{ "type": "Feature", "properties": { "内容": "あずみ苑　東松山【居宅介護支援】埼玉県東松山市松山1220-4", "url2": "https://www.kaigokensaku.mhlw.go.jp/11/index.php?action_kouhyou_detail_004_kani=true&JigyosyoCd=1173300656-00&ServiceCd=430&Type=search" }, "geometry": { "type": "Point", "coordinates": [ 139.415315, 36.0513589 ] } },
{ "type": "Feature", "properties": { "内容": "居宅介護支援事業所　ふるさとの杜【居宅介護支援】埼玉県東松山市神明町2-17-21A号棟", "url2": "https://www.kaigokensaku.mhlw.go.jp/11/index.php?action_kouhyou_detail_004_kani=true&JigyosyoCd=1173301266-00&ServiceCd=430&Type=search" }, "geometry": { "type": "Point", "coordinates": [ 139.404186699999968, 36.0280834 ] } },
{ "type": "Feature", "properties": { "内容": "居宅介護支援事業所　おおむらさき嵐山【居宅介護支援】埼玉県東松山市上唐子1312-1", "url2": "https://www.kaigokensaku.mhlw.go.jp/11/index.php?action_kouhyou_detail_004_kani=true&JigyosyoCd=1173301365-00&ServiceCd=430&Type=search" }, "geometry": { "type": "Point", "coordinates": [ 139.346693616394077, 36.039386030273505 ] } },
{ "type": "Feature", "properties": { "内容": "居宅介護支援事業所　梨花【居宅介護支援】埼玉県東松山市東平656-1", "url2": "https://www.kaigokensaku.mhlw.go.jp/11/index.php?action_kouhyou_detail_004_kani=true&JigyosyoCd=1173301514-00&ServiceCd=430&Type=search" }, "geometry": { "type": "Point", "coordinates": [ 139.399703779098473, 36.059704258777408 ] } },
{ "type": "Feature", "properties": { "内容": "居宅介護支援事業所　かけはし東松山【居宅介護支援】埼玉県東松山市箭弓町3-8-20K・Ⅱビル１階", "url2": "https://www.kaigokensaku.mhlw.go.jp/11/index.php?action_kouhyou_detail_004_kani=true&JigyosyoCd=1173301506-00&ServiceCd=430&Type=search" }, "geometry": { "type": "Point", "coordinates": [ 139.3996529, 36.0362696 ] } },
{ "type": "Feature", "properties": { "内容": "居宅介護支援事業所　わかばの丘【居宅介護支援】埼玉県東松山市毛塚７７３番地介護老人保健施設　わかばの丘", "url2": "https://www.kaigokensaku.mhlw.go.jp/11/index.php?action_kouhyou_detail_004_kani=true&JigyosyoCd=1153380033-00&ServiceCd=430&Type=search" }, "geometry": { "type": "Point", "coordinates": [ 139.398327900000027, 35.9939315 ] } },
{ "type": "Feature", "properties": { "内容": "居宅介護支援事業所ひがしまつやま寿苑【居宅介護支援】東松山市柏崎６２９－１", "url2": "https://www.kaigokensaku.mhlw.go.jp/11/index.php?action_kouhyou_detail_004_kani=true&JigyosyoCd=1173300920-00&ServiceCd=430&Type=search" }, "geometry": { "type": "Point", "coordinates": [ 139.421617800000035, 36.0268422 ] } },
{ "type": "Feature", "properties": { "内容": "居宅介護支援事業所東松山ホーム【居宅介護支援】埼玉県東松山市大字石橋１７１６", "url2": "https://www.kaigokensaku.mhlw.go.jp/11/index.php?action_kouhyou_detail_004_kani=true&JigyosyoCd=1173300045-00&ServiceCd=430&Type=search" }, "geometry": { "type": "Point", "coordinates": [ 139.379977599999961, 36.0412149 ] } },
{ "type": "Feature", "properties": { "内容": "ゆず居宅介護支援事業所【居宅介護支援】埼玉県東松山市大字下野本1465番地", "url2": "https://www.kaigokensaku.mhlw.go.jp/11/index.php?action_kouhyou_detail_004_kani=true&JigyosyoCd=1173301019-00&ServiceCd=430&Type=search" }, "geometry": { "type": "Point", "coordinates": [ 139.420384799999965, 36.022712 ] } },
{ "type": "Feature", "properties": { "内容": "楽らくケアサービス【居宅介護支援】埼玉県東松山市新郷２９－３", "url2": "https://www.kaigokensaku.mhlw.go.jp/11/index.php?action_kouhyou_detail_004_kani=true&JigyosyoCd=1173300557-00&ServiceCd=430&Type=search" }, "geometry": { "type": "Point", "coordinates": [ 139.3660099, 36.0325186 ] } },
{ "type": "Feature", "properties": { "内容": "株式会社ケアサービス彩松　ひだまりの郷　居宅介護支援事業所【居宅介護支援】埼玉県東松山市石橋1039-6", "url2": "https://www.kaigokensaku.mhlw.go.jp/11/index.php?action_kouhyou_detail_004_kani=true&JigyosyoCd=1173301225-00&ServiceCd=430&Type=search" }, "geometry": { "type": "Point", "coordinates": [ 139.384543198794518, 36.0276382687845 ] } },
{ "type": "Feature", "properties": { "内容": "総合福祉エリアきらめき居宅介護支援事業所【居宅介護支援】埼玉県東松山市大字松山２１８３番地", "url2": "https://www.kaigokensaku.mhlw.go.jp/11/index.php?action_kouhyou_detail_004_kani=true&JigyosyoCd=1173300565-00&ServiceCd=430&Type=search" }, "geometry": { "type": "Point", "coordinates": [ 139.40182470000002, 36.052811300000037 ] } },
{ "type": "Feature", "properties": { "内容": "在宅介護支援事業所「成恵」【居宅介護支援】埼玉県東松山市石橋１７２２－２", "url2": "https://www.kaigokensaku.mhlw.go.jp/11/index.php?action_kouhyou_detail_004_kani=true&JigyosyoCd=1113300720-00&ServiceCd=430&Type=search" }, "geometry": { "type": "Point", "coordinates": [ 139.377889237434374, 36.040341952227379 ] } },
{ "type": "Feature", "properties": { "内容": "ふくしのまち東松山【居宅介護支援】埼玉県東松山市元宿1-31-1", "url2": "https://www.kaigokensaku.mhlw.go.jp/11/index.php?action_kouhyou_detail_004_kani=true&JigyosyoCd=1173300029-00&ServiceCd=430&Type=search" }, "geometry": { "type": "Point", "coordinates": [ 139.3977112, 35.998556 ] } },
{ "type": "Feature", "properties": { "内容": "居宅介護支援事業所　ひなぎく【居宅介護支援】埼玉県東松山市若松町２－１０－４２クロノス東松山１０２号", "url2": "https://www.kaigokensaku.mhlw.go.jp/11/index.php?action_kouhyou_detail_004_kani=true&JigyosyoCd=1173301589-00&ServiceCd=430&Type=search" }, "geometry": { "type": "Point", "coordinates": [ 139.4126545, 36.0280198 ] } },
{ "type": "Feature", "properties": { "内容": "介護支援事業所　シャローム【居宅介護支援】埼玉県東松山市大字松山1496番地", "url2": "https://www.kaigokensaku.mhlw.go.jp/11/index.php?action_kouhyou_detail_004_kani=true&JigyosyoCd=1163390036-00&ServiceCd=430&Type=search" }, "geometry": { "type": "Point", "coordinates": [ 139.414381700000064, 36.052064299999984 ] } },
{ "type": "Feature", "properties": { "内容": "居宅介護支援事業所サイダー【居宅介護支援】大谷2822-6", "url2": "https://www.kaigokensaku.mhlw.go.jp/11/index.php?action_kouhyou_detail_004_kani=true&JigyosyoCd=1173301571-00&ServiceCd=430&Type=search" }, "geometry": { "type": "Point", "coordinates": [ 139.400433, 36.076703 ] } },
{ "type": "Feature", "properties": { "内容": "東松山医師会訪問看護リハビリステーション【居宅介護支援】東松山市神明町1-15-10", "url2": "https://www.kaigokensaku.mhlw.go.jp/11/index.php?action_kouhyou_detail_004_kani=true&JigyosyoCd=1163390010-00&ServiceCd=430&Type=search" }, "geometry": { "type": "Point", "coordinates": [ 139.407591330688547, 36.033930985895047 ] } },
{ "type": "Feature", "properties": { "内容": "みどりの郷あすかケアセンター【居宅介護支援】埼玉県東松山市大字大谷１５３８－１", "url2": "https://www.kaigokensaku.mhlw.go.jp/11/index.php?action_kouhyou_detail_004_kani=true&JigyosyoCd=1173300698-00&ServiceCd=430&Type=search" }, "geometry": { "type": "Point", "coordinates": [ 139.39798559999997, 36.0644629 ] } },
{ "type": "Feature", "properties": { "内容": "ライフ居宅介護支援センター【居宅介護支援】東松山市新郷180-5", "url2": "https://www.kaigokensaku.mhlw.go.jp/11/index.php?action_kouhyou_detail_004_kani=true&JigyosyoCd=1173300128-00&ServiceCd=430&Type=search" }, "geometry": { "type": "Point", "coordinates": [ 139.365187699999979, 36.0334823 ] } },
{ "type": "Feature", "properties": { "内容": "エール・ケア東松山【居宅介護支援】埼玉県東松山市神明町2丁目16-15", "url2": "https://www.kaigokensaku.mhlw.go.jp/11/index.php?action_kouhyou_detail_004_kani=true&JigyosyoCd=1173300789-00&ServiceCd=430&Type=search" }, "geometry": { "type": "Point", "coordinates": [ 139.4053477, 36.0276251 ] } },
{ "type": "Feature", "properties": { "内容": "株式会社ヘルシーサービス東松山営業所【居宅介護支援】神明町2-1-5ガーデンコート東松山", "url2": "https://www.kaigokensaku.mhlw.go.jp/11/index.php?action_kouhyou_detail_004_kani=true&JigyosyoCd=1173301324-00&ServiceCd=430&Type=search" }, "geometry": { "type": "Point", "coordinates": [ 139.7725087, 35.8976585 ] } },
{ "type": "Feature", "properties": { "内容": "居宅介護支援　モルゲンロート【居宅介護支援】埼玉県春日部市南１－１－７ふれあいキューブ５F-C2", "url2": "https://www.kaigokensaku.mhlw.go.jp/11/index.php?action_kouhyou_detail_004_kani=true&JigyosyoCd=1170604225-00&ServiceCd=430&Type=search" }, "geometry": { "type": "Point", "coordinates": [ 139.7552164, 35.9781216 ] } },
{ "type": "Feature", "properties": { "内容": "セレニティケアプランセンター春日部【居宅介護支援】埼玉県春日部市中央1丁目59番3", "url2": "https://www.kaigokensaku.mhlw.go.jp/11/index.php?action_kouhyou_detail_004_kani=true&JigyosyoCd=1170604233-00&ServiceCd=430&Type=search" }, "geometry": { "type": "Point", "coordinates": [ 139.7549803, 35.9756164 ] } },
{ "type": "Feature", "properties": { "内容": "医療法人　浜崎医院【居宅介護支援】埼玉県春日部市備後西3-8-57", "url2": "https://www.kaigokensaku.mhlw.go.jp/11/index.php?action_kouhyou_detail_004_kani=true&JigyosyoCd=1170600066-00&ServiceCd=430&Type=search" }, "geometry": { "type": "Point", "coordinates": [ 139.766530800000027, 35.9525072 ] } },
{ "type": "Feature", "properties": { "内容": "居宅介護支援事業所　庄和和合【居宅介護支援】春日部市金崎527-1", "url2": "https://www.kaigokensaku.mhlw.go.jp/11/index.php?action_kouhyou_detail_004_kani=true&JigyosyoCd=1170601510-00&ServiceCd=430&Type=search" }, "geometry": { "type": "Point", "coordinates": [ 139.80601, 35.9930059 ] } },
{ "type": "Feature", "properties": { "内容": "合同会社　けあまねはうす心結色【居宅介護支援】埼玉県春日部市備後東8-54-11コパン武里101", "url2": "https://www.kaigokensaku.mhlw.go.jp/11/index.php?action_kouhyou_detail_004_kani=true&JigyosyoCd=1170603961-00&ServiceCd=430&Type=search" }, "geometry": { "type": "Point", "coordinates": [ 139.769992282943605, 35.9515444095642 ] } },
{ "type": "Feature", "properties": { "内容": "援JOYケアサポーター春日部センター【居宅介護支援】埼玉県春日部市一ノ割３丁目１１－３５セルアーモスナダⅡ　３０５", "url2": "https://www.kaigokensaku.mhlw.go.jp/11/index.php?action_kouhyou_detail_004_kani=true&JigyosyoCd=1170604266-00&ServiceCd=430&Type=search" }, "geometry": { "type": "Point", "coordinates": [ 139.759829200000013, 35.9585498 ] } },
{ "type": "Feature", "properties": { "内容": "エフビー居宅介護支援事業所春日部【居宅介護支援】埼玉県春日部市緑町6町目4-6", "url2": "https://www.kaigokensaku.mhlw.go.jp/11/index.php?action_kouhyou_detail_004_kani=true&JigyosyoCd=1170603177-00&ServiceCd=430&Type=search" }, "geometry": { "type": "Point", "coordinates": [ 139.767224, 35.9691614 ] } },
{ "type": "Feature", "properties": { "内容": "さくらそう介護サービス【居宅介護支援】春日部市粕壁2丁目8番12号シカマビル207号室", "url2": "https://www.kaigokensaku.mhlw.go.jp/11/index.php?action_kouhyou_detail_004_kani=true&JigyosyoCd=1170800203-00&ServiceCd=430&Type=search" }, "geometry": { "type": "Point", "coordinates": [ 139.753077779762265, 35.983368955081829 ] } },
{ "type": "Feature", "properties": { "内容": "居宅介護支援事業所　さくら【居宅介護支援】埼玉県春日部市大場748番1", "url2": "https://www.kaigokensaku.mhlw.go.jp/11/index.php?action_kouhyou_detail_004_kani=true&JigyosyoCd=1170601981-00&ServiceCd=430&Type=search" }, "geometry": { "type": "Point", "coordinates": [ 139.762256662673963, 35.946559893528679 ] } },
{ "type": "Feature", "properties": { "内容": "ケアマネジャーセンター　アンビシャス【居宅介護支援】埼玉県春日部市粕壁2-8-12シカマビル303", "url2": "https://www.kaigokensaku.mhlw.go.jp/11/index.php?action_kouhyou_detail_004_kani=true&JigyosyoCd=1170603417-00&ServiceCd=430&Type=search" }, "geometry": { "type": "Point", "coordinates": [ 139.753036506346291, 35.98342007177844 ] } },
{ "type": "Feature", "properties": { "内容": "春日部訪問看護ステーションすみれ【居宅介護支援】春日部市中央１－５２－９", "url2": "https://www.kaigokensaku.mhlw.go.jp/11/index.php?action_kouhyou_detail_004_kani=true&JigyosyoCd=1160690032-00&ServiceCd=430&Type=search" }, "geometry": { "type": "Point", "coordinates": [ 139.751828599999953, 35.9769093 ] } },
{ "type": "Feature", "properties": { "内容": "春日部中央総合病院居宅介護支援事業所【居宅介護支援】埼玉県春日部市藤塚250-132", "url2": "https://www.kaigokensaku.mhlw.go.jp/11/index.php?action_kouhyou_detail_004_kani=true&JigyosyoCd=1170603284-00&ServiceCd=430&Type=search" }, "geometry": { "type": "Point", "coordinates": [ 139.778648988835499, 35.966062131567895 ] } },
{ "type": "Feature", "properties": { "内容": "医療法人財団　明理会　春日部ロイヤルケアセンター居宅介護支援事業所【居宅介護支援】春日部市藤塚２６２２－２", "url2": "https://www.kaigokensaku.mhlw.go.jp/11/index.php?action_kouhyou_detail_004_kani=true&JigyosyoCd=1170600694-00&ServiceCd=430&Type=search" }, "geometry": { "type": "Point", "coordinates": [ 139.783362799999963, 35.9637757 ] } },
{ "type": "Feature", "properties": { "内容": "ニチイケアセンター友輪【居宅介護支援】埼玉県春日部市八丁目４６８－１", "url2": "https://www.kaigokensaku.mhlw.go.jp/11/index.php?action_kouhyou_detail_004_kani=true&JigyosyoCd=1170600231-00&ServiceCd=430&Type=search" }, "geometry": { "type": "Point", "coordinates": [ 139.759025100000031, 35.9875803 ] } },
{ "type": "Feature", "properties": { "内容": "あおぞらネット春日部【居宅介護支援】埼玉県春日部市大場287-1", "url2": "https://www.kaigokensaku.mhlw.go.jp/11/index.php?action_kouhyou_detail_004_kani=true&JigyosyoCd=1170602245-00&ServiceCd=430&Type=search" }, "geometry": { "type": "Point", "coordinates": [ 139.766604308501883, 35.950300607699901 ] } },
{ "type": "Feature", "properties": { "内容": "おひさま【居宅介護支援】埼玉県春日部市豊町2丁目10-12小島ビル　1階103", "url2": "https://www.kaigokensaku.mhlw.go.jp/11/index.php?action_kouhyou_detail_004_kani=true&JigyosyoCd=1170603391-00&ServiceCd=430&Type=search" }, "geometry": { "type": "Point", "coordinates": [ 139.741686850926271, 35.968321166778964 ] } },
{ "type": "Feature", "properties": { "内容": "ぬくもり【居宅介護支援】埼玉県春日部市永沼2229番地1", "url2": "https://www.kaigokensaku.mhlw.go.jp/11/index.php?action_kouhyou_detail_004_kani=true&JigyosyoCd=1171100884-00&ServiceCd=430&Type=search" }, "geometry": { "type": "Point", "coordinates": [ 139.797572400000035, 35.9780102 ] } },
{ "type": "Feature", "properties": { "内容": "在宅支援センター悠友【居宅介護支援】埼玉県春日部市一ノ割下沖1086番地1", "url2": "https://www.kaigokensaku.mhlw.go.jp/11/index.php?action_kouhyou_detail_004_kani=true&JigyosyoCd=1170602252-00&ServiceCd=430&Type=search" }, "geometry": { "type": "Point", "coordinates": [ 139.752600393205313, 35.959079554437317 ] } },
{ "type": "Feature", "properties": { "内容": "居宅介護支援センター豊潤館【居宅介護支援】埼玉県春日部市花積２６７－７", "url2": "https://www.kaigokensaku.mhlw.go.jp/11/index.php?action_kouhyou_detail_004_kani=true&JigyosyoCd=1170600876-00&ServiceCd=430&Type=search" }, "geometry": { "type": "Point", "coordinates": [ 139.719446400000038, 35.9671171 ] } },
{ "type": "Feature", "properties": { "内容": "医療生協ケアセンターひだまり【居宅介護支援】春日部市谷原２－４－１２　２階", "url2": "https://www.kaigokensaku.mhlw.go.jp/11/index.php?action_kouhyou_detail_004_kani=true&JigyosyoCd=1160690065-00&ServiceCd=430&Type=search" }, "geometry": { "type": "Point", "coordinates": [ 139.747140888607646, 35.971427063124523 ] } },
{ "type": "Feature", "properties": { "内容": "アールスタッフ春日部ケアサービス【居宅介護支援】春日部市中央1-58-4最高研ビル１階", "url2": "https://www.kaigokensaku.mhlw.go.jp/11/index.php?action_kouhyou_detail_004_kani=true&JigyosyoCd=1170600587-00&ServiceCd=430&Type=search" }, "geometry": { "type": "Point", "coordinates": [ 139.753895, 35.9758205 ] } },
{ "type": "Feature", "properties": { "内容": "居宅介護支援事業所　あすなろの郷【居宅介護支援】埼玉県春日部市銚子口１１３３－１", "url2": "https://www.kaigokensaku.mhlw.go.jp/11/index.php?action_kouhyou_detail_004_kani=true&JigyosyoCd=1170601551-00&ServiceCd=430&Type=search" }, "geometry": { "type": "Point", "coordinates": [ 139.787693200000035, 35.9619373 ] } },
{ "type": "Feature", "properties": { "内容": "居宅介護支援センター　ヒューマンサポート春日部【居宅介護支援】春日部市備後西5丁目1-44", "url2": "https://www.kaigokensaku.mhlw.go.jp/11/index.php?action_kouhyou_detail_004_kani=true&JigyosyoCd=1170601825-00&ServiceCd=430&Type=search" }, "geometry": { "type": "Point", "coordinates": [ 139.762705899999986, 35.9572758 ] } },
{ "type": "Feature", "properties": { "内容": "ケアマネジメントこんぱす【居宅介護支援】埼玉県春日部市薄谷７８番地", "url2": "https://www.kaigokensaku.mhlw.go.jp/11/index.php?action_kouhyou_detail_004_kani=true&JigyosyoCd=1170603052-00&ServiceCd=430&Type=search" }, "geometry": { "type": "Point", "coordinates": [ 139.744224325009156, 35.989289636582846 ] } },
{ "type": "Feature", "properties": { "内容": "グラース春日部居宅介護支援事業所【居宅介護支援】埼玉県春日部市豊町3-5-7グラース春日部", "url2": "https://www.kaigokensaku.mhlw.go.jp/11/index.php?action_kouhyou_detail_004_kani=true&JigyosyoCd=1170603342-00&ServiceCd=430&Type=search" }, "geometry": { "type": "Point", "coordinates": [ 139.744489320901494, 35.966720368703776 ] } },
{ "type": "Feature", "properties": { "内容": "ＳＯＭＰＯケア春日部中央　居宅介護支援【居宅介護支援】埼玉県春日部市中央6-8-12", "url2": "https://www.kaigokensaku.mhlw.go.jp/11/index.php?action_kouhyou_detail_004_kani=true&JigyosyoCd=1170603557-00&ServiceCd=430&Type=search" }, "geometry": { "type": "Point", "coordinates": [ 139.750675900000033, 35.9744152 ] } },
{ "type": "Feature", "properties": { "内容": "孝楽園在宅介護支援センター【居宅介護支援】春日部市赤沼字堂面295番地在宅複合施設孝楽園", "url2": "https://www.kaigokensaku.mhlw.go.jp/11/index.php?action_kouhyou_detail_004_kani=true&JigyosyoCd=1170600405-00&ServiceCd=430&Type=search" }, "geometry": { "type": "Point", "coordinates": [ 139.797089899999946, 35.951525 ] } },
{ "type": "Feature", "properties": { "内容": "ケアプランあいはな【居宅介護支援】埼玉県春日部市大枝５５２－１", "url2": "https://www.kaigokensaku.mhlw.go.jp/11/index.php?action_kouhyou_detail_004_kani=true&JigyosyoCd=1170600454-00&ServiceCd=430&Type=search" }, "geometry": { "type": "Point", "coordinates": [ 139.759067499999986, 35.947263 ] } },
{ "type": "Feature", "properties": { "内容": "ケアマネジャーセンター　春日部勝彩園【居宅介護支援】埼玉県春日部市上大増新田　１０９－２", "url2": "https://www.kaigokensaku.mhlw.go.jp/11/index.php?action_kouhyou_detail_004_kani=true&JigyosyoCd=1170600033-00&ServiceCd=430&Type=search" }, "geometry": { "type": "Point", "coordinates": [ 139.737091700000065, 35.9612035 ] } },
{ "type": "Feature", "properties": { "内容": "ハピネスケア株式会社　春日部営業所【居宅介護支援】埼玉県春日部市梅田本町2－12－4", "url2": "https://www.kaigokensaku.mhlw.go.jp/11/index.php?action_kouhyou_detail_004_kani=true&JigyosyoCd=1170600389-00&ServiceCd=430&Type=search" }, "geometry": { "type": "Point", "coordinates": [ 139.743104200000062, 35.9890996 ] } },
{ "type": "Feature", "properties": { "内容": "社会福祉法人春日部市社会福祉協議会【居宅介護支援】春日部市中央二丁目２４番地１", "url2": "https://www.kaigokensaku.mhlw.go.jp/11/index.php?action_kouhyou_detail_004_kani=true&JigyosyoCd=1170601692-00&ServiceCd=430&Type=search" }, "geometry": { "type": "Point", "coordinates": [ 139.74559869999996, 35.9771011 ] } },
{ "type": "Feature", "properties": { "内容": "居宅介護支援事業所フラワーヒル【居宅介護支援】埼玉県春日部市一ノ割948番1", "url2": "https://www.kaigokensaku.mhlw.go.jp/11/index.php?action_kouhyou_detail_004_kani=true&JigyosyoCd=1170600843-00&ServiceCd=430&Type=search" }, "geometry": { "type": "Point", "coordinates": [ 139.758397800000012, 35.9594059 ] } },
{ "type": "Feature", "properties": { "内容": "介護老人保健施設　ちとせ【居宅介護支援】埼玉県春日部市下大増新田81-1", "url2": "https://www.kaigokensaku.mhlw.go.jp/11/index.php?action_kouhyou_detail_004_kani=true&JigyosyoCd=1150680017-00&ServiceCd=430&Type=search" }, "geometry": { "type": "Point", "coordinates": [ 139.741108, 35.955753 ] } },
{ "type": "Feature", "properties": { "内容": "居宅介護支援それいゆ【居宅介護支援】春日部市下蛭田２６３番地", "url2": "https://www.kaigokensaku.mhlw.go.jp/11/index.php?action_kouhyou_detail_004_kani=true&JigyosyoCd=1170601353-00&ServiceCd=430&Type=search" }, "geometry": { "type": "Point", "coordinates": [ 139.722132399999964, 35.9618484 ] } },
{ "type": "Feature", "properties": { "内容": "ケアプランの羽　居宅介護支援事業所【居宅介護支援】埼玉県春日部市大衾13-1システムマンション南桜井101", "url2": "https://www.kaigokensaku.mhlw.go.jp/11/index.php?action_kouhyou_detail_004_kani=true&JigyosyoCd=1170603474-00&ServiceCd=430&Type=search" }, "geometry": { "type": "Point", "coordinates": [ 139.798004100000071, 35.9877374 ] } },
{ "type": "Feature", "properties": { "内容": "居宅介護支援事業所　らいふ【居宅介護支援】埼玉県春日部市金崎987番地12", "url2": "https://www.kaigokensaku.mhlw.go.jp/11/index.php?action_kouhyou_detail_004_kani=true&JigyosyoCd=1170604068-00&ServiceCd=430&Type=search" }, "geometry": { "type": "Point", "coordinates": [ 139.798172599999987, 35.9878111 ] } },
{ "type": "Feature", "properties": { "内容": "社会福祉法人　平成会　居宅介護支援事業所　しょうぶ苑【居宅介護支援】埼玉県春日部市米崎３８９", "url2": "https://www.kaigokensaku.mhlw.go.jp/11/index.php?action_kouhyou_detail_004_kani=true&JigyosyoCd=1171100868-00&ServiceCd=430&Type=search" }, "geometry": { "type": "Point", "coordinates": [ 139.801855400000022, 35.9735135 ] } },
{ "type": "Feature", "properties": { "内容": "居宅介護支援事業所　アン・インプレッション【居宅介護支援】春日部市小渕1123番地1", "url2": "https://www.kaigokensaku.mhlw.go.jp/11/index.php?action_kouhyou_detail_004_kani=true&JigyosyoCd=1170601171-00&ServiceCd=430&Type=search" }, "geometry": { "type": "Point", "coordinates": [ 139.748067600000013, 35.9955848 ] } },
{ "type": "Feature", "properties": { "内容": "医療法人光仁会居宅介護支援事業所ひまわり武里【居宅介護支援】埼玉県春日部市大枝８９番地武里団地３－２３－２０５", "url2": "https://www.kaigokensaku.mhlw.go.jp/11/index.php?action_kouhyou_detail_004_kani=true&JigyosyoCd=1170602591-00&ServiceCd=430&Type=search" }, "geometry": { "type": "Point", "coordinates": [ 139.770769, 35.941273 ] } },
{ "type": "Feature", "properties": { "内容": "医療法人光仁会居宅介護支援事業所ひまわり【居宅介護支援】埼玉県春日部市下蛭田１２５－１春日部厚生クリニック内", "url2": "https://www.kaigokensaku.mhlw.go.jp/11/index.php?action_kouhyou_detail_004_kani=true&JigyosyoCd=1170600785-00&ServiceCd=430&Type=search" }, "geometry": { "type": "Point", "coordinates": [ 139.724323799999979, 35.9622288 ] } },
{ "type": "Feature", "properties": { "内容": "ななほしケアプランセンター【居宅介護支援】埼玉県春日部市緑町6-13-28第5小暮荘　101号室", "url2": "https://www.kaigokensaku.mhlw.go.jp/11/index.php?action_kouhyou_detail_004_kani=true&JigyosyoCd=1170603490-00&ServiceCd=430&Type=search" }, "geometry": { "type": "Point", "coordinates": [ 139.766335778820803, 35.965827154364746 ] } },
{ "type": "Feature", "properties": { "内容": "ケアプランこはる【居宅介護支援】埼玉県春日部市南５－６－７", "url2": "https://www.kaigokensaku.mhlw.go.jp/11/index.php?action_kouhyou_detail_004_kani=true&JigyosyoCd=1170603896-00&ServiceCd=430&Type=search" }, "geometry": { "type": "Point", "coordinates": [ 139.758799, 35.9666467 ] } },
{ "type": "Feature", "properties": { "内容": "居宅介護支援事業所　グッドラック【居宅介護支援】埼玉県春日部市中央3-11-7第１８イシモビル１F", "url2": "https://www.kaigokensaku.mhlw.go.jp/11/index.php?action_kouhyou_detail_004_kani=true&JigyosyoCd=1170603367-00&ServiceCd=430&Type=search" }, "geometry": { "type": "Point", "coordinates": [ 139.743180790846253, 35.974754125114032 ] } },
{ "type": "Feature", "properties": { "内容": "縁「ゆかり」【居宅介護支援】埼玉県春日部市永沼2158番地1", "url2": "https://www.kaigokensaku.mhlw.go.jp/11/index.php?action_kouhyou_detail_004_kani=true&JigyosyoCd=1170601957-00&ServiceCd=430&Type=search" }, "geometry": { "type": "Point", "coordinates": [ 139.7970057, 35.9777435 ] } },
{ "type": "Feature", "properties": { "内容": "けあぷらん・はっぴーらいふ【居宅介護支援】埼玉県春日部市一ノ割２－６－２５", "url2": "https://www.kaigokensaku.mhlw.go.jp/11/index.php?action_kouhyou_detail_004_kani=true&JigyosyoCd=1170603722-00&ServiceCd=430&Type=search" }, "geometry": { "type": "Point", "coordinates": [ 139.765573528407998, 35.959517515017325 ] } },
{ "type": "Feature", "properties": { "内容": "居宅介護支援事業所　かけはし【居宅介護支援】埼玉県春日部市中央1丁目16番地8CORE・Mビル　4D号室", "url2": "https://www.kaigokensaku.mhlw.go.jp/11/index.php?action_kouhyou_detail_004_kani=true&JigyosyoCd=1170603615-00&ServiceCd=430&Type=search" }, "geometry": { "type": "Point", "coordinates": [ 139.748967022809353, 35.978828422038177 ] } },
{ "type": "Feature", "properties": { "内容": "居宅介護支援事業所さらそうじゅ【居宅介護支援】埼玉県春日部市谷原3-13-5", "url2": "https://www.kaigokensaku.mhlw.go.jp/11/index.php?action_kouhyou_detail_004_kani=true&JigyosyoCd=1170603821-00&ServiceCd=430&Type=search" }, "geometry": { "type": "Point", "coordinates": [ 139.749675200000013, 35.9702959 ] } },
{ "type": "Feature", "properties": { "内容": "有限会社　ナーシングケアーセンター【居宅介護支援】春日部市中央５丁目３番地4", "url2": "https://www.kaigokensaku.mhlw.go.jp/11/index.php?action_kouhyou_detail_004_kani=true&JigyosyoCd=1170600124-00&ServiceCd=430&Type=search" }, "geometry": { "type": "Point", "coordinates": [ 139.752720100000033, 35.9733986 ] } },
{ "type": "Feature", "properties": { "内容": "エール【居宅介護支援】春日部市米島186番地", "url2": "https://www.kaigokensaku.mhlw.go.jp/11/index.php?action_kouhyou_detail_004_kani=true&JigyosyoCd=1176100145-00&ServiceCd=430&Type=search" }, "geometry": { "type": "Point", "coordinates": [ 139.805943899999988, 35.9748939 ] } },
{ "type": "Feature", "properties": { "内容": "水辺の園　しおり【居宅介護支援】春日部市本田町2-319", "url2": "https://www.kaigokensaku.mhlw.go.jp/11/index.php?action_kouhyou_detail_004_kani=true&JigyosyoCd=1170601155-00&ServiceCd=430&Type=search" }, "geometry": { "type": "Point", "coordinates": [ 139.774032600000027, 35.969944 ] } },
{ "type": "Feature", "properties": { "内容": "介護保険プランナーズ【居宅介護支援】栄町2-220", "url2": "https://www.kaigokensaku.mhlw.go.jp/11/index.php?action_kouhyou_detail_004_kani=true&JigyosyoCd=1170603011-00&ServiceCd=430&Type=search" }, "geometry": { "type": "Point", "coordinates": [ 139.733324528480182, 35.987514912039821 ] } },
{ "type": "Feature", "properties": { "内容": "春日部きせん居宅介護支援事業所【居宅介護支援】埼玉県春日部市中央1丁目53番地1号Mガーデンパレス2-201号室", "url2": "https://www.kaigokensaku.mhlw.go.jp/11/index.php?action_kouhyou_detail_004_kani=true&JigyosyoCd=1170601916-00&ServiceCd=430&Type=search" }, "geometry": { "type": "Point", "coordinates": [ 139.7525852, 35.9773543 ] } },
{ "type": "Feature", "properties": { "内容": "サンライトケア【居宅介護支援】埼玉県春日部市中央3-13-35", "url2": "https://www.kaigokensaku.mhlw.go.jp/11/index.php?action_kouhyou_detail_004_kani=true&JigyosyoCd=1170603409-00&ServiceCd=430&Type=search" }, "geometry": { "type": "Point", "coordinates": [ 139.742054299999978, 35.973600300000037 ] } },
{ "type": "Feature", "properties": { "内容": "ケアプラン　花ごころ【居宅介護支援】春日部市粕壁東5-15-37", "url2": "https://www.kaigokensaku.mhlw.go.jp/11/index.php?action_kouhyou_detail_004_kani=true&JigyosyoCd=1170601460-00&ServiceCd=430&Type=search" }, "geometry": { "type": "Point", "coordinates": [ 139.764866500000039, 35.9760374 ] } },
{ "type": "Feature", "properties": { "内容": "百合の郷【居宅介護支援】埼玉県春日部市大畑４０７番地２", "url2": "https://www.kaigokensaku.mhlw.go.jp/11/index.php?action_kouhyou_detail_004_kani=true&JigyosyoCd=1170600157-00&ServiceCd=430&Type=search" }, "geometry": { "type": "Point", "coordinates": [ 139.772141799999986, 35.944483500000011 ] } },
{ "type": "Feature", "properties": { "内容": "居宅介護支援事業所　いこい【居宅介護支援】埼玉県春日部市粕壁東１丁目１１番１２号", "url2": "https://www.kaigokensaku.mhlw.go.jp/11/index.php?action_kouhyou_detail_004_kani=true&JigyosyoCd=1170601759-00&ServiceCd=430&Type=search" }, "geometry": { "type": "Point", "coordinates": [ 139.754726299999987, 35.9797353 ] } },
{ "type": "Feature", "properties": { "内容": "ケアセンター　ピースフル春日部【居宅介護支援】埼玉県春日部市新宿新田335-1ピースフル春日部", "url2": "https://www.kaigokensaku.mhlw.go.jp/11/index.php?action_kouhyou_detail_004_kani=true&JigyosyoCd=1170604092-00&ServiceCd=430&Type=search" }, "geometry": { "type": "Point", "coordinates": [ 139.8179869, 35.9802597 ] } },
{ "type": "Feature", "properties": { "内容": "ケアプランはるか【居宅介護支援】埼玉県春日部市牛島1335-5コーポスズⅢ　1階", "url2": "https://www.kaigokensaku.mhlw.go.jp/11/index.php?action_kouhyou_detail_004_kani=true&JigyosyoCd=1170604209-00&ServiceCd=430&Type=search" }, "geometry": { "type": "Point", "coordinates": [ 139.7800188, 35.982455 ] } },
{ "type": "Feature", "properties": { "内容": "くらびくる【居宅介護支援】埼玉県春日部市谷原2丁目6番地17レジーナ壱番館102号", "url2": "https://www.kaigokensaku.mhlw.go.jp/11/index.php?action_kouhyou_detail_004_kani=true&JigyosyoCd=1170600926-00&ServiceCd=430&Type=search" }, "geometry": { "type": "Point", "coordinates": [ 139.746861299999978, 35.9700649 ] } },
{ "type": "Feature", "properties": { "内容": "武里まきば園居宅介護支援センター【居宅介護支援】埼玉県春日部市武里中野７０５", "url2": "https://www.kaigokensaku.mhlw.go.jp/11/index.php?action_kouhyou_detail_004_kani=true&JigyosyoCd=1170603037-00&ServiceCd=430&Type=search" }, "geometry": { "type": "Point", "coordinates": [ 139.756870311374911, 35.951506782674542 ] } },
{ "type": "Feature", "properties": { "内容": "むさしの園指定居宅介護支援事業【居宅介護支援】狭山市南入曽１０４８－２", "url2": "https://www.kaigokensaku.mhlw.go.jp/11/index.php?action_kouhyou_detail_004_kani=true&JigyosyoCd=1172700013-00&ServiceCd=430&Type=search" }, "geometry": { "type": "Point", "coordinates": [ 139.432213508459398, 35.822270421906055 ] } },
{ "type": "Feature", "properties": { "内容": "ケアマネジメントセンター椿【居宅介護支援】埼玉県狭山市入間川1730-1", "url2": "https://www.kaigokensaku.mhlw.go.jp/11/index.php?action_kouhyou_detail_004_kani=true&JigyosyoCd=1172701912-00&ServiceCd=430&Type=search" }, "geometry": { "type": "Point", "coordinates": [ 139.42097549999994, 35.8597943 ] } },
{ "type": "Feature", "properties": { "内容": "あずみ苑　入間川【居宅介護支援】埼玉県狭山市入間川3177-1", "url2": "https://www.kaigokensaku.mhlw.go.jp/11/index.php?action_kouhyou_detail_004_kani=true&JigyosyoCd=1172701151-00&ServiceCd=430&Type=search" }, "geometry": { "type": "Point", "coordinates": [ 139.423023100000023, 35.8417437 ] } },
{ "type": "Feature", "properties": { "内容": "ケアプランつばさ【居宅介護支援】埼玉県狭山市入間川3-12-30-102", "url2": "https://www.kaigokensaku.mhlw.go.jp/11/index.php?action_kouhyou_detail_004_kani=true&JigyosyoCd=1172702084-00&ServiceCd=430&Type=search" }, "geometry": { "type": "Point", "coordinates": [ 139.4063174, 35.8556406 ] } },
{ "type": "Feature", "properties": { "内容": "居宅介護支援事業所　さくら【居宅介護支援】埼玉県狭山市大字加佐志普門寺104番地", "url2": "https://www.kaigokensaku.mhlw.go.jp/11/index.php?action_kouhyou_detail_004_kani=true&JigyosyoCd=1172700575-00&ServiceCd=430&Type=search" }, "geometry": { "type": "Point", "coordinates": [ 139.412212899999986, 35.8529421 ] } },
{ "type": "Feature", "properties": { "内容": "居宅介護支援事業所　茶々【居宅介護支援】埼玉県狭山市狭山台２－２２－２４", "url2": "https://www.kaigokensaku.mhlw.go.jp/11/index.php?action_kouhyou_detail_004_kani=true&JigyosyoCd=1172701086-00&ServiceCd=430&Type=search" }, "geometry": { "type": "Point", "coordinates": [ 139.435596900000064, 35.856747400000017 ] } },
{ "type": "Feature", "properties": { "内容": "至聖在宅介護支援センター【居宅介護支援】埼玉県狭山市大字下奥富６８８", "url2": "https://www.kaigokensaku.mhlw.go.jp/11/index.php?action_kouhyou_detail_004_kani=true&JigyosyoCd=1112701415-00&ServiceCd=430&Type=search" }, "geometry": { "type": "Point", "coordinates": [ 139.433587799999941, 35.8812943 ] } },
{ "type": "Feature", "properties": { "内容": "狭山市医師会指定居宅介護支援事業所【居宅介護支援】埼玉県狭山市狭山台１－21狭山市医師会立狭山准看護学校　１Ｆ", "url2": "https://www.kaigokensaku.mhlw.go.jp/11/index.php?action_kouhyou_detail_004_kani=true&JigyosyoCd=1172700260-00&ServiceCd=430&Type=search" }, "geometry": { "type": "Point", "coordinates": [ 139.435565520268227, 35.862612822186243 ] } },
{ "type": "Feature", "properties": { "内容": "ケアプラン優愛【居宅介護支援】埼玉県狭山市富士見2-18-35-2F", "url2": "https://www.kaigokensaku.mhlw.go.jp/11/index.php?action_kouhyou_detail_004_kani=true&JigyosyoCd=1172702035-00&ServiceCd=430&Type=search" }, "geometry": { "type": "Point", "coordinates": [ 139.422284200000036, 35.8441601 ] } },
{ "type": "Feature", "properties": { "内容": "ケアウェルサポート狭山【居宅介護支援】埼玉県狭山市鵜ノ木13-37", "url2": "https://www.kaigokensaku.mhlw.go.jp/11/index.php?action_kouhyou_detail_004_kani=true&JigyosyoCd=1172701441-00&ServiceCd=430&Type=search" }, "geometry": { "type": "Point", "coordinates": [ 139.3961038, 35.8499725 ] } },
{ "type": "Feature", "properties": { "内容": "さやま苑在宅介護支援センター【居宅介護支援】埼玉県狭山市柏原714軽費老人ホーム柏苑内　1F", "url2": "https://www.kaigokensaku.mhlw.go.jp/11/index.php?action_kouhyou_detail_004_kani=true&JigyosyoCd=1172700054-00&ServiceCd=430&Type=search" }, "geometry": { "type": "Point", "coordinates": [ 139.401125, 35.8618323 ] } },
{ "type": "Feature", "properties": { "内容": "石心会介護支援センター【居宅介護支援】狭山市入間川４－１０－１５", "url2": "https://www.kaigokensaku.mhlw.go.jp/11/index.php?action_kouhyou_detail_004_kani=true&JigyosyoCd=1172700062-00&ServiceCd=430&Type=search" }, "geometry": { "type": "Point", "coordinates": [ 139.401064200000064, 35.8542082 ] } },
{ "type": "Feature", "properties": { "内容": "ケアプランちゃのみ【居宅介護支援】狭山市柏原２６９９－２", "url2": "https://www.kaigokensaku.mhlw.go.jp/11/index.php?action_kouhyou_detail_004_kani=true&JigyosyoCd=1172701268-00&ServiceCd=430&Type=search" }, "geometry": { "type": "Point", "coordinates": [ 139.405144439555642, 35.871839918102125 ] } },
{ "type": "Feature", "properties": { "内容": "ケアプランあかり【居宅介護支援】埼玉県狭山市堀兼2112-3", "url2": "https://www.kaigokensaku.mhlw.go.jp/11/index.php?action_kouhyou_detail_004_kani=true&JigyosyoCd=1172702175-00&ServiceCd=430&Type=search" }, "geometry": { "type": "Point", "coordinates": [ 139.448169299999989, 35.84694 ] } },
{ "type": "Feature", "properties": { "内容": "在宅介護支援センター２１彩【居宅介護支援】埼玉県狭山市水野５９４", "url2": "https://www.kaigokensaku.mhlw.go.jp/11/index.php?action_kouhyou_detail_004_kani=true&JigyosyoCd=1172700278-00&ServiceCd=430&Type=search" }, "geometry": { "type": "Point", "coordinates": [ 139.4187134, 35.821546 ] } },
{ "type": "Feature", "properties": { "内容": "在宅介護支援センター21彩　広瀬【居宅介護支援】埼玉県狭山市広瀬3-2-45エントピア・フラッツ　203", "url2": "https://www.kaigokensaku.mhlw.go.jp/11/index.php?action_kouhyou_detail_004_kani=true&JigyosyoCd=1172702324-00&ServiceCd=430&Type=search" }, "geometry": { "type": "Point", "coordinates": [ 139.3919234, 35.8611406 ] } },
{ "type": "Feature", "properties": { "内容": "居宅介護支援事業所　ふれあい広場　狭山【居宅介護支援】埼玉県狭山市入間川1430-140　エクセレント９２　１Ｆ", "url2": "https://www.kaigokensaku.mhlw.go.jp/11/index.php?action_kouhyou_detail_004_kani=true&JigyosyoCd=1172700047-00&ServiceCd=430&Type=search" }, "geometry": { "type": "Point", "coordinates": [ 139.432005900000036, 35.8472616 ] } },
{ "type": "Feature", "properties": { "内容": "ファインケア狭山【居宅介護支援】埼玉県狭山市入間川3－24－15小林ビル１F", "url2": "https://www.kaigokensaku.mhlw.go.jp/11/index.php?action_kouhyou_detail_004_kani=true&JigyosyoCd=1172701383-00&ServiceCd=430&Type=search" }, "geometry": { "type": "Point", "coordinates": [ 139.404987398967393, 35.857226004353727 ] } },
{ "type": "Feature", "properties": { "内容": "居宅介護事業所わ～くわっく狭山【居宅介護支援】埼玉県狭山市富士見1-11-15", "url2": "https://www.kaigokensaku.mhlw.go.jp/11/index.php?action_kouhyou_detail_004_kani=true&JigyosyoCd=1172702100-00&ServiceCd=430&Type=search" }, "geometry": { "type": "Point", "coordinates": [ 139.4160937, 35.8531678 ] } },
{ "type": "Feature", "properties": { "内容": "居宅介護支援事業所　ジョアン宮地の里【居宅介護支援】埼玉県狭山市大字笹井1568-2", "url2": "https://www.kaigokensaku.mhlw.go.jp/11/index.php?action_kouhyou_detail_004_kani=true&JigyosyoCd=1172700930-00&ServiceCd=430&Type=search" }, "geometry": { "type": "Point", "coordinates": [ 139.372430500000064, 35.8553045 ] } },
{ "type": "Feature", "properties": { "内容": "居宅介護支援事業所Style【居宅介護支援】埼玉県狭山市新狭山2丁目8-4寿ﾋﾞﾙ302号", "url2": "https://www.kaigokensaku.mhlw.go.jp/11/index.php?action_kouhyou_detail_004_kani=true&JigyosyoCd=1162790186-00&ServiceCd=430&Type=search" }, "geometry": { "type": "Point", "coordinates": [ 139.432423827692361, 35.875167492390254 ] } },
{ "type": "Feature", "properties": { "内容": "居宅介護支援事業所つつじの園【居宅介護支援】埼玉県狭山市柏原１１８５－６", "url2": "https://www.kaigokensaku.mhlw.go.jp/11/index.php?action_kouhyou_detail_004_kani=true&JigyosyoCd=1172700070-00&ServiceCd=430&Type=search" }, "geometry": { "type": "Point", "coordinates": [ 139.402338200000031, 35.8765277 ] } },
{ "type": "Feature", "properties": { "内容": "ケアマネジャー事務所Lotus【居宅介護支援】狭山市狭山台３－２５　4-3-111", "url2": "https://www.kaigokensaku.mhlw.go.jp/11/index.php?action_kouhyou_detail_004_kani=true&JigyosyoCd=1172700534-00&ServiceCd=430&Type=search" }, "geometry": { "type": "Point", "coordinates": [ 139.432939735547279, 35.856320623192957 ] } },
{ "type": "Feature", "properties": { "内容": "トータルケアサービスいずな介護相談窓口【居宅介護支援】下奥富649-9", "url2": "https://www.kaigokensaku.mhlw.go.jp/11/index.php?action_kouhyou_detail_004_kani=true&JigyosyoCd=1172702027-00&ServiceCd=430&Type=search" }, "geometry": { "type": "Point", "coordinates": [ 139.43582225000111, 35.882129328823176 ] } },
{ "type": "Feature", "properties": { "内容": "在宅介護支援センター　かけはし【居宅介護支援】狭山市水野１２４５－２", "url2": "https://www.kaigokensaku.mhlw.go.jp/11/index.php?action_kouhyou_detail_004_kani=true&JigyosyoCd=1172700690-00&ServiceCd=430&Type=search" }, "geometry": { "type": "Point", "coordinates": [ 139.418832800000018, 35.8219682 ] } },
{ "type": "Feature", "properties": { "内容": "ケアグレース　居宅介護支援事業所【居宅介護支援】埼玉県狭山市狭山台1丁目12-29スカイタウン狭山台107", "url2": "https://www.kaigokensaku.mhlw.go.jp/11/index.php?action_kouhyou_detail_004_kani=true&JigyosyoCd=1172702217-00&ServiceCd=430&Type=search" }, "geometry": { "type": "Point", "coordinates": [ 139.432158099999981, 35.860949300000016 ] } },
{ "type": "Feature", "properties": { "内容": "居宅介護支援事業所　オリーブ【居宅介護支援】埼玉県狭山市大字上赤坂２９０番地１", "url2": "https://www.kaigokensaku.mhlw.go.jp/11/index.php?action_kouhyou_detail_004_kani=true&JigyosyoCd=1172700948-00&ServiceCd=430&Type=search" }, "geometry": { "type": "Point", "coordinates": [ 139.459913584655709, 35.853266814790445 ] } },
{ "type": "Feature", "properties": { "内容": "さつき居宅介護支援事業所【居宅介護支援】埼玉県狭山市笹井3－20－16", "url2": "https://www.kaigokensaku.mhlw.go.jp/11/index.php?action_kouhyou_detail_004_kani=true&JigyosyoCd=1172702381-00&ServiceCd=430&Type=search" }, "geometry": { "type": "Point", "coordinates": [ 139.37368810000001, 35.854422 ] } },
{ "type": "Feature", "properties": { "内容": "合同会社居宅介護支援事業所まごころサポート【居宅介護支援】埼玉県狭山市入間川1417-1コート狭山台1-606", "url2": "https://www.kaigokensaku.mhlw.go.jp/11/index.php?action_kouhyou_detail_004_kani=true&JigyosyoCd=1172701854-00&ServiceCd=430&Type=search" }, "geometry": { "type": "Point", "coordinates": [ 139.43107040000001, 35.8499717 ] } },
{ "type": "Feature", "properties": { "内容": "あずみ苑狭山【居宅介護支援】埼玉県狭山市大字笹井２９３６－１", "url2": "https://www.kaigokensaku.mhlw.go.jp/11/index.php?action_kouhyou_detail_004_kani=true&JigyosyoCd=1172701094-00&ServiceCd=430&Type=search" }, "geometry": { "type": "Point", "coordinates": [ 139.366872699999931, 35.8468692 ] } },
{ "type": "Feature", "properties": { "内容": "居宅介護支援事業所　つむぎ【居宅介護支援】埼玉県羽生市大字中岩瀬493－1", "url2": "https://www.kaigokensaku.mhlw.go.jp/11/index.php?action_kouhyou_detail_004_kani=true&JigyosyoCd=1173900810-00&ServiceCd=430&Type=search" }, "geometry": { "type": "Point", "coordinates": [ 139.533727199999987, 36.163303 ] } },
{ "type": "Feature", "properties": { "内容": "ケアラインりきどう【居宅介護支援】埼玉県羽生市南2丁目18‐12", "url2": "https://www.kaigokensaku.mhlw.go.jp/11/index.php?action_kouhyou_detail_004_kani=true&JigyosyoCd=1173900786-00&ServiceCd=430&Type=search" }, "geometry": { "type": "Point", "coordinates": [ 139.5364818, 36.1656593 ] } },
{ "type": "Feature", "properties": { "内容": "ケアプランセンター　ルミエール【居宅介護支援】埼玉県羽生市上岩瀬１８０６", "url2": "https://www.kaigokensaku.mhlw.go.jp/11/index.php?action_kouhyou_detail_004_kani=true&JigyosyoCd=1173900406-00&ServiceCd=430&Type=search" }, "geometry": { "type": "Point", "coordinates": [ 139.52305350000006, 36.1639402 ] } },
{ "type": "Feature", "properties": { "内容": "くわの実居宅介護支援事業所【居宅介護支援】羽生市下新郷660", "url2": "https://www.kaigokensaku.mhlw.go.jp/11/index.php?action_kouhyou_detail_004_kani=true&JigyosyoCd=1173900190-00&ServiceCd=430&Type=search" }, "geometry": { "type": "Point", "coordinates": [ 139.5242518, 36.1442648 ] } },
{ "type": "Feature", "properties": { "内容": "薫藤園居宅介護支援事業所【居宅介護支援】埼玉県羽生市大字秀安352-3", "url2": "https://www.kaigokensaku.mhlw.go.jp/11/index.php?action_kouhyou_detail_004_kani=true&JigyosyoCd=1173900109-00&ServiceCd=430&Type=search" }, "geometry": { "type": "Point", "coordinates": [ 139.551429, 36.1604026 ] } },
{ "type": "Feature", "properties": { "内容": "羽生市在宅介護支援センターカノープス・羽生【居宅介護支援】埼玉県羽生市大字本川俣１３８４番地１", "url2": "https://www.kaigokensaku.mhlw.go.jp/11/index.php?action_kouhyou_detail_004_kani=true&JigyosyoCd=1173900026-00&ServiceCd=430&Type=search" }, "geometry": { "type": "Point", "coordinates": [ 139.53514988597351, 36.188919924975998 ] } },
{ "type": "Feature", "properties": { "内容": "シティ・オブ・ホープ　指定居宅介護支援事業所【居宅介護支援】羽生市大字上新郷5555番地1", "url2": "https://www.kaigokensaku.mhlw.go.jp/11/index.php?action_kouhyou_detail_004_kani=true&JigyosyoCd=1173900257-00&ServiceCd=430&Type=search" }, "geometry": { "type": "Point", "coordinates": [ 139.504066200000011, 36.1753522 ] } },
{ "type": "Feature", "properties": { "内容": "清輝苑指定居宅介護支援事業所【居宅介護支援】埼玉県羽生市下村君1169番地", "url2": "https://www.kaigokensaku.mhlw.go.jp/11/index.php?action_kouhyou_detail_004_kani=true&JigyosyoCd=1173900034-00&ServiceCd=430&Type=search" }, "geometry": { "type": "Point", "coordinates": [ 139.587357800000063, 36.1925859 ] } },
{ "type": "Feature", "properties": { "内容": "あいの郷居宅介護事業所【居宅介護支援】埼玉県羽生市桑崎196-1", "url2": "https://www.kaigokensaku.mhlw.go.jp/11/index.php?action_kouhyou_detail_004_kani=true&JigyosyoCd=1173900760-00&ServiceCd=430&Type=search" }, "geometry": { "type": "Point", "coordinates": [ 139.5183752, 36.1776303 ] } },
{ "type": "Feature", "properties": { "内容": "ケアプランセンター彩優【居宅介護支援】埼玉県羽生市桑崎533番地3", "url2": "https://www.kaigokensaku.mhlw.go.jp/11/index.php?action_kouhyou_detail_004_kani=true&JigyosyoCd=1173800929-00&ServiceCd=430&Type=search" }, "geometry": { "type": "Point", "coordinates": [ 139.515750953299857, 36.173642189941923 ] } },
{ "type": "Feature", "properties": { "内容": "羽生総合病院ふれあい介護相談所【居宅介護支援】下岩瀬446番地", "url2": "https://www.kaigokensaku.mhlw.go.jp/11/index.php?action_kouhyou_detail_004_kani=true&JigyosyoCd=1173900778-00&ServiceCd=430&Type=search" }, "geometry": { "type": "Point", "coordinates": [ 139.527915799999988, 36.160834 ] } },
{ "type": "Feature", "properties": { "内容": "エフビー居宅介護支援事業所　羽生中央【居宅介護支援】埼玉県羽生市藤井上組399-1", "url2": "https://www.kaigokensaku.mhlw.go.jp/11/index.php?action_kouhyou_detail_004_kani=true&JigyosyoCd=1173900695-00&ServiceCd=430&Type=search" }, "geometry": { "type": "Point", "coordinates": [ 139.560148127862618, 36.185136403695353 ] } },
{ "type": "Feature", "properties": { "内容": "居宅介護支援事業所オリーブ【居宅介護支援】埼玉県羽生市西５丁目２５－１ウエストパーク２ー１０２", "url2": "https://www.kaigokensaku.mhlw.go.jp/11/index.php?action_kouhyou_detail_004_kani=true&JigyosyoCd=1173900851-00&ServiceCd=430&Type=search" }, "geometry": { "type": "Point", "coordinates": [ 139.5262396, 36.176102 ] } },
{ "type": "Feature", "properties": { "内容": "居宅介護支援事業所りーべ【居宅介護支援】埼玉県羽生市東3丁目４３番４号", "url2": "https://www.kaigokensaku.mhlw.go.jp/11/index.php?action_kouhyou_detail_004_kani=true&JigyosyoCd=1173900711-00&ServiceCd=430&Type=search" }, "geometry": { "type": "Point", "coordinates": [ 139.539433742470806, 36.182927857404579 ] } },
{ "type": "Feature", "properties": { "内容": "かいごのいりぐち【居宅介護支援】鴻巣市神明2-3-34", "url2": "https://www.kaigokensaku.mhlw.go.jp/11/index.php?action_kouhyou_detail_004_kani=true&JigyosyoCd=1171700907-00&ServiceCd=430&Type=search" }, "geometry": { "type": "Point", "coordinates": [ 139.5061852, 36.070438 ] } },
{ "type": "Feature", "properties": { "内容": "居宅介護支援事業所　かんげんどう【居宅介護支援】埼玉県鴻巣市赤見台1-8-7", "url2": "https://www.kaigokensaku.mhlw.go.jp/11/index.php?action_kouhyou_detail_004_kani=true&JigyosyoCd=1171701772-00&ServiceCd=430&Type=search" }, "geometry": { "type": "Point", "coordinates": [ 139.478721299999989, 36.0842812 ] } },
{ "type": "Feature", "properties": { "内容": "こうのす共生園介護支援センター【居宅介護支援】埼玉県鴻巣市下谷409-1", "url2": "https://www.kaigokensaku.mhlw.go.jp/11/index.php?action_kouhyou_detail_004_kani=true&JigyosyoCd=1171700501-00&ServiceCd=430&Type=search" }, "geometry": { "type": "Point", "coordinates": [ 139.546783699999963, 36.051676800000017 ] } },
{ "type": "Feature", "properties": { "内容": "鴻巣居宅介護支援事業所こうのとり【居宅介護支援】埼玉県鴻巣市八幡田８４９", "url2": "https://www.kaigokensaku.mhlw.go.jp/11/index.php?action_kouhyou_detail_004_kani=true&JigyosyoCd=1171700063-00&ServiceCd=430&Type=search" }, "geometry": { "type": "Point", "coordinates": [ 139.50245483477903, 36.072918473049398 ] } },
{ "type": "Feature", "properties": { "内容": "ケアプランセンターこもれび【居宅介護支援】埼玉県鴻巣市登戸400-6", "url2": "https://www.kaigokensaku.mhlw.go.jp/11/index.php?action_kouhyou_detail_004_kani=true&JigyosyoCd=1171701632-00&ServiceCd=430&Type=search" }, "geometry": { "type": "Point", "coordinates": [ 139.493357300000014, 36.0677355 ] } },
{ "type": "Feature", "properties": { "内容": "株式会社　福祉の街　ふくしのまち鴻巣【居宅介護支援】鴻巣市滝馬室923-2", "url2": "https://www.kaigokensaku.mhlw.go.jp/11/index.php?action_kouhyou_detail_004_kani=true&JigyosyoCd=1171700055-00&ServiceCd=430&Type=search" }, "geometry": { "type": "Point", "coordinates": [ 139.506613099999981, 36.0538062 ] } },
{ "type": "Feature", "properties": { "内容": "ゆいまーる居宅介護支援事業所【居宅介護支援】埼玉県鴻巣市東二丁目３番14号", "url2": "https://www.kaigokensaku.mhlw.go.jp/11/index.php?action_kouhyou_detail_004_kani=true&JigyosyoCd=1171701822-00&ServiceCd=430&Type=search" }, "geometry": { "type": "Point", "coordinates": [ 139.516963500000031, 36.0613955 ] } },
{ "type": "Feature", "properties": { "内容": "居宅介護支援事業所　クローバー【居宅介護支援】埼玉県鴻巣市下谷1403番地２", "url2": "https://www.kaigokensaku.mhlw.go.jp/11/index.php?action_kouhyou_detail_004_kani=true&JigyosyoCd=1171701251-00&ServiceCd=430&Type=search" }, "geometry": { "type": "Point", "coordinates": [ 139.546533582671373, 36.045206649396363 ] } },
{ "type": "Feature", "properties": { "内容": "ＳＯＭＰＯケア　鴻巣　居宅介護支援【居宅介護支援】埼玉県鴻巣市東2-1-18相原ビル2Ｆ", "url2": "https://www.kaigokensaku.mhlw.go.jp/11/index.php?action_kouhyou_detail_004_kani=true&JigyosyoCd=1171701533-00&ServiceCd=430&Type=search" }, "geometry": { "type": "Point", "coordinates": [ 139.515931300000034, 36.0619308 ] } },
{ "type": "Feature", "properties": { "内容": "社会福祉法人　鴻巣市社会福祉協議会【居宅介護支援】埼玉県鴻巣市箕田４２１１番地１", "url2": "https://www.kaigokensaku.mhlw.go.jp/11/index.php?action_kouhyou_detail_004_kani=true&JigyosyoCd=1171700089-00&ServiceCd=430&Type=search" }, "geometry": { "type": "Point", "coordinates": [ 139.507018300000027, 36.0732043 ] } },
{ "type": "Feature", "properties": { "内容": "株式会社　くつろぎ【居宅介護支援】埼玉県鴻巣市屈巣２６２１－２", "url2": "https://www.kaigokensaku.mhlw.go.jp/11/index.php?action_kouhyou_detail_004_kani=true&JigyosyoCd=1171700527-00&ServiceCd=430&Type=search" }, "geometry": { "type": "Point", "coordinates": [ 139.505142799999931, 36.0889605 ] } },
{ "type": "Feature", "properties": { "内容": "あしすと居宅介護支援事業所【居宅介護支援】埼玉県鴻巣市宮前351", "url2": "https://www.kaigokensaku.mhlw.go.jp/11/index.php?action_kouhyou_detail_004_kani=true&JigyosyoCd=1171700758-00&ServiceCd=430&Type=search" }, "geometry": { "type": "Point", "coordinates": [ 139.4921276, 36.0723392 ] } },
{ "type": "Feature", "properties": { "内容": "鴻巣まきば園居宅介護支援センター【居宅介護支援】埼玉県鴻巣市前砂５１７－１", "url2": "https://www.kaigokensaku.mhlw.go.jp/11/index.php?action_kouhyou_detail_004_kani=true&JigyosyoCd=1171700659-00&ServiceCd=430&Type=search" }, "geometry": { "type": "Point", "coordinates": [ 139.463166900000033, 36.093583 ] } },
{ "type": "Feature", "properties": { "内容": "川里苑【居宅介護支援】埼玉県鴻巣市屈巣５１５８", "url2": "https://www.kaigokensaku.mhlw.go.jp/11/index.php?action_kouhyou_detail_004_kani=true&JigyosyoCd=1173600048-00&ServiceCd=430&Type=search" }, "geometry": { "type": "Point", "coordinates": [ 139.520929900000027, 36.0822259 ] } },
{ "type": "Feature", "properties": { "内容": "ケアステーション　オリーブ【居宅介護支援】鴻巣市本町３－１０－３５", "url2": "https://www.kaigokensaku.mhlw.go.jp/11/index.php?action_kouhyou_detail_004_kani=true&JigyosyoCd=1171700790-00&ServiceCd=430&Type=search" }, "geometry": { "type": "Point", "coordinates": [ 139.514362475532494, 36.058559644612465 ] } },
{ "type": "Feature", "properties": { "内容": "ソラスト鴻巣【居宅介護支援】埼玉県鴻巣市大間4-7-1セントル長島102", "url2": "https://www.kaigokensaku.mhlw.go.jp/11/index.php?action_kouhyou_detail_004_kani=true&JigyosyoCd=1171701442-00&ServiceCd=430&Type=search" }, "geometry": { "type": "Point", "coordinates": [ 139.507321300000058, 36.0584503 ] } },
{ "type": "Feature", "properties": { "内容": "居宅介護支援事業所吹上苑【居宅介護支援】埼玉県鴻巣市下忍4461", "url2": "https://www.kaigokensaku.mhlw.go.jp/11/index.php?action_kouhyou_detail_004_kani=true&JigyosyoCd=1171300013-00&ServiceCd=430&Type=search" }, "geometry": { "type": "Point", "coordinates": [ 139.467106479623453, 36.103491642995216 ] } },
{ "type": "Feature", "properties": { "内容": "翔裕園指定居宅介護支援センター【居宅介護支援】埼玉県鴻巣市東１－１－２５フラワービル4階", "url2": "https://www.kaigokensaku.mhlw.go.jp/11/index.php?action_kouhyou_detail_004_kani=true&JigyosyoCd=1171700022-00&ServiceCd=430&Type=search" }, "geometry": { "type": "Point", "coordinates": [ 139.515872899999977, 36.0623863 ] } },
{ "type": "Feature", "properties": { "内容": "株式会社　彩香らんど【居宅介護支援】埼玉県鴻巣市箕田２７０番１", "url2": "https://www.kaigokensaku.mhlw.go.jp/11/index.php?action_kouhyou_detail_004_kani=true&JigyosyoCd=1171700030-00&ServiceCd=430&Type=search" }, "geometry": { "type": "Point", "coordinates": [ 139.478310500000021, 36.0763832 ] } },
{ "type": "Feature", "properties": { "内容": "共生の家ケアプランセンター【居宅介護支援】埼玉県鴻巣市大間３－１－３６グランシャリオ３０４", "url2": "https://www.kaigokensaku.mhlw.go.jp/11/index.php?action_kouhyou_detail_004_kani=true&JigyosyoCd=1171701889-00&ServiceCd=430&Type=search" }, "geometry": { "type": "Point", "coordinates": [ 139.502171299999986, 36.0617946 ] } },
{ "type": "Feature", "properties": { "内容": "介護のさくら【居宅介護支援】埼玉県鴻巣市箕田3820番地", "url2": "https://www.kaigokensaku.mhlw.go.jp/11/index.php?action_kouhyou_detail_004_kani=true&JigyosyoCd=1171701749-00&ServiceCd=430&Type=search" }, "geometry": { "type": "Point", "coordinates": [ 139.496646700000014, 36.0693844 ] } },
{ "type": "Feature", "properties": { "内容": "こうのすケアセンターそよ風【居宅介護支援】埼玉県鴻巣市天神４－３２－１", "url2": "https://www.kaigokensaku.mhlw.go.jp/11/index.php?action_kouhyou_detail_004_kani=true&JigyosyoCd=1171700261-00&ServiceCd=430&Type=search" }, "geometry": { "type": "Point", "coordinates": [ 139.524530300000038, 36.0607811 ] } },
{ "type": "Feature", "properties": { "内容": "ケアプランとらすと【居宅介護支援】埼玉県鴻巣市神明2-1-20オークワン101", "url2": "https://www.kaigokensaku.mhlw.go.jp/11/index.php?action_kouhyou_detail_004_kani=true&JigyosyoCd=1171701863-00&ServiceCd=430&Type=search" }, "geometry": { "type": "Point", "coordinates": [ 139.5058699, 36.0696779 ] } },
{ "type": "Feature", "properties": { "内容": "居宅介護支援事業所ニパータ【居宅介護支援】埼玉県鴻巣市箕田3751番地", "url2": "https://www.kaigokensaku.mhlw.go.jp/11/index.php?action_kouhyou_detail_004_kani=true&JigyosyoCd=1171701400-00&ServiceCd=430&Type=search" }, "geometry": { "type": "Point", "coordinates": [ 139.452819699999964, 36.1106137 ] } },
{ "type": "Feature", "properties": { "内容": "居宅介護支援事業所なでしこ【居宅介護支援】埼玉県鴻巣市生出塚1-1-3", "url2": "https://www.kaigokensaku.mhlw.go.jp/11/index.php?action_kouhyou_detail_004_kani=true&JigyosyoCd=1171701384-00&ServiceCd=430&Type=search" }, "geometry": { "type": "Point", "coordinates": [ 139.524729400000012, 36.0625848 ] } },
{ "type": "Feature", "properties": { "内容": "居宅介護支援事業所そら【居宅介護支援】鴻巣市下忍3843-1TプラネットA棟２０２号", "url2": "https://www.kaigokensaku.mhlw.go.jp/11/index.php?action_kouhyou_detail_004_kani=true&JigyosyoCd=1171701046-00&ServiceCd=430&Type=search" }, "geometry": { "type": "Point", "coordinates": [ 139.4727222, 36.077399500000055 ] } },
{ "type": "Feature", "properties": { "内容": "おひさま介護相談所【居宅介護支援】埼玉県深谷市原郷1706番地", "url2": "https://www.kaigokensaku.mhlw.go.jp/11/index.php?action_kouhyou_detail_004_kani=true&JigyosyoCd=1174603090-00&ServiceCd=430&Type=search" }, "geometry": { "type": "Point", "coordinates": [ 139.308015215344227, 36.200337192560191 ] } },
{ "type": "Feature", "properties": { "内容": "株式会社　ケアマネジャー事務所　ケアプラン・ハーフレンド【居宅介護支援】埼玉県深谷市東方町2丁目15番地5", "url2": "https://www.kaigokensaku.mhlw.go.jp/11/index.php?action_kouhyou_detail_004_kani=true&JigyosyoCd=1174603116-00&ServiceCd=430&Type=search" }, "geometry": { "type": "Point", "coordinates": [ 139.314981499999988, 36.1892157 ] } },
{ "type": "Feature", "properties": { "内容": "ケアプラン　ライムライフ【居宅介護支援】埼玉県深谷市緑ヶ丘11番33号", "url2": "https://www.kaigokensaku.mhlw.go.jp/11/index.php?action_kouhyou_detail_004_kani=true&JigyosyoCd=1174603108-00&ServiceCd=430&Type=search" }, "geometry": { "type": "Point", "coordinates": [ 139.2904794, 36.186021 ] } },
{ "type": "Feature", "properties": { "内容": "ココロケア居宅介護支援事業所【居宅介護支援】常盤町65-7フェリスときわ102", "url2": "https://www.kaigokensaku.mhlw.go.jp/11/index.php?action_kouhyou_detail_004_kani=true&JigyosyoCd=1174603140-00&ServiceCd=430&Type=search" }, "geometry": { "type": "Point", "coordinates": [ 139.29851, 36.19723 ] } },
{ "type": "Feature", "properties": { "内容": "居宅介護支援こうじの木【居宅介護支援】埼玉県深谷市国済寺548番地1", "url2": "https://www.kaigokensaku.mhlw.go.jp/11/index.php?action_kouhyou_detail_004_kani=true&JigyosyoCd=1174602944-00&ServiceCd=430&Type=search" }, "geometry": { "type": "Point", "coordinates": [ 139.304960200000011, 36.1921684 ] } },
{ "type": "Feature", "properties": { "内容": "すずきケアマネジメント【居宅介護支援】埼玉県深谷市矢島７６９番地４", "url2": "https://www.kaigokensaku.mhlw.go.jp/11/index.php?action_kouhyou_detail_004_kani=true&JigyosyoCd=1174601227-00&ServiceCd=430&Type=search" }, "geometry": { "type": "Point", "coordinates": [ 139.261919900000066, 36.2186745 ] } },
{ "type": "Feature", "properties": { "内容": "ひまわりの里居宅介護支援事業所【居宅介護支援】埼玉県深谷市瀬山631番地", "url2": "https://www.kaigokensaku.mhlw.go.jp/11/index.php?action_kouhyou_detail_004_kani=true&JigyosyoCd=1174600849-00&ServiceCd=430&Type=search" }, "geometry": { "type": "Point", "coordinates": [ 139.31396, 36.1468721 ] } },
{ "type": "Feature", "properties": { "内容": "深谷市在宅介護支援センターＦＯＭＡ・なごみ【居宅介護支援】埼玉県深谷市新戒413-1", "url2": "https://www.kaigokensaku.mhlw.go.jp/11/index.php?action_kouhyou_detail_004_kani=true&JigyosyoCd=1174600039-00&ServiceCd=430&Type=search" }, "geometry": { "type": "Point", "coordinates": [ 139.292723099999989, 36.2287911 ] } },
{ "type": "Feature", "properties": { "内容": "エンゼル第３居宅介護支援センター【居宅介護支援】埼玉県深谷市岡２６６５番地５", "url2": "https://www.kaigokensaku.mhlw.go.jp/11/index.php?action_kouhyou_detail_004_kani=true&JigyosyoCd=1174602589-00&ServiceCd=430&Type=search" }, "geometry": { "type": "Point", "coordinates": [ 139.237360699999954, 36.2061782 ] } },
{ "type": "Feature", "properties": { "内容": "居宅介護支援事業所　談話室【居宅介護支援】埼玉県深谷市大塚１８９番地２", "url2": "https://www.kaigokensaku.mhlw.go.jp/11/index.php?action_kouhyou_detail_004_kani=true&JigyosyoCd=1174601938-00&ServiceCd=430&Type=search" }, "geometry": { "type": "Point", "coordinates": [ 139.27230510000004, 36.2270101 ] } },
{ "type": "Feature", "properties": { "内容": "深谷市在宅介護支援センターはなみずき【居宅介護支援】埼玉県深谷市柏合１０４１－１", "url2": "https://www.kaigokensaku.mhlw.go.jp/11/index.php?action_kouhyou_detail_004_kani=true&JigyosyoCd=1174600021-00&ServiceCd=430&Type=search" }, "geometry": { "type": "Point", "coordinates": [ 139.261034800000061, 36.1850807 ] } },
{ "type": "Feature", "properties": { "内容": "清風苑在宅介護支援センター【居宅介護支援】埼玉県深谷市本田４９１５番地１", "url2": "https://www.kaigokensaku.mhlw.go.jp/11/index.php?action_kouhyou_detail_004_kani=true&JigyosyoCd=1174500072-00&ServiceCd=430&Type=search" }, "geometry": { "type": "Point", "coordinates": [ 139.283703699999933, 36.1205638 ] } },
{ "type": "Feature", "properties": { "内容": "居宅介護支援事業所ウェルーツ【居宅介護支援】埼玉県深谷市見晴町4-64メゾン見晴A号室", "url2": "https://www.kaigokensaku.mhlw.go.jp/11/index.php?action_kouhyou_detail_004_kani=true&JigyosyoCd=1174602308-00&ServiceCd=430&Type=search" }, "geometry": { "type": "Point", "coordinates": [ 139.265765160054826, 36.194154638856034 ] } },
{ "type": "Feature", "properties": { "内容": "居宅介護支援事業所すずらん【居宅介護支援】埼玉県深谷市起会256番地3", "url2": "https://www.kaigokensaku.mhlw.go.jp/11/index.php?action_kouhyou_detail_004_kani=true&JigyosyoCd=1174601565-00&ServiceCd=430&Type=search" }, "geometry": { "type": "Point", "coordinates": [ 139.273344400000042, 36.2116254 ] } },
{ "type": "Feature", "properties": { "内容": "福寿園ケアセンター【居宅介護支援】埼玉県深谷市本郷341-1", "url2": "https://www.kaigokensaku.mhlw.go.jp/11/index.php?action_kouhyou_detail_004_kani=true&JigyosyoCd=1174500056-00&ServiceCd=430&Type=search" }, "geometry": { "type": "Point", "coordinates": [ 139.220760599999949, 36.1632544 ] } },
{ "type": "Feature", "properties": { "内容": "ケアプランさくら苑【居宅介護支援】深谷市東方４２９４－８", "url2": "https://www.kaigokensaku.mhlw.go.jp/11/index.php?action_kouhyou_detail_004_kani=true&JigyosyoCd=1174600419-00&ServiceCd=430&Type=search" }, "geometry": { "type": "Point", "coordinates": [ 139.315647600000034, 36.1786797 ] } },
{ "type": "Feature", "properties": { "内容": "エンゼル居宅介護支援センター【居宅介護支援】埼玉県深谷市今泉625番地", "url2": "https://www.kaigokensaku.mhlw.go.jp/11/index.php?action_kouhyou_detail_004_kani=true&JigyosyoCd=1174500130-00&ServiceCd=430&Type=search" }, "geometry": { "type": "Point", "coordinates": [ 139.209497400000032, 36.1846462 ] } },
{ "type": "Feature", "properties": { "内容": "ケアセンターみのり【居宅介護支援】深谷市人見1926-1", "url2": "https://www.kaigokensaku.mhlw.go.jp/11/index.php?action_kouhyou_detail_004_kani=true&JigyosyoCd=1174601664-00&ServiceCd=430&Type=search" }, "geometry": { "type": "Point", "coordinates": [ 139.2658437, 36.1650747 ] } },
{ "type": "Feature", "properties": { "内容": "在宅福祉支援推進センター居宅介護支援事業所【居宅介護支援】埼玉県深谷市小前田２７９９番地５", "url2": "https://www.kaigokensaku.mhlw.go.jp/11/index.php?action_kouhyou_detail_004_kani=true&JigyosyoCd=1174501005-00&ServiceCd=430&Type=search" }, "geometry": { "type": "Point", "coordinates": [ 139.229923500000041, 36.1363163 ] } },
{ "type": "Feature", "properties": { "内容": "居宅介護支援事業所　あかつき【居宅介護支援】埼玉県深谷市東方2737番1", "url2": "https://www.kaigokensaku.mhlw.go.jp/11/index.php?action_kouhyou_detail_004_kani=true&JigyosyoCd=1174600195-00&ServiceCd=430&Type=search" }, "geometry": { "type": "Point", "coordinates": [ 139.323926, 36.2151655 ] } },
{ "type": "Feature", "properties": { "内容": "パプリカケアセンター【居宅介護支援】埼玉県深谷市東方町5丁目16番地1ｺﾝﾌｫｰﾄ籠原602", "url2": "https://www.kaigokensaku.mhlw.go.jp/11/index.php?action_kouhyou_detail_004_kani=true&JigyosyoCd=1174603041-00&ServiceCd=430&Type=search" }, "geometry": { "type": "Point", "coordinates": [ 139.32192040000001, 36.1830068 ] } },
{ "type": "Feature", "properties": { "内容": "深緑苑居宅介護支援センター【居宅介護支援】埼玉県深谷市江原570番地", "url2": "https://www.kaigokensaku.mhlw.go.jp/11/index.php?action_kouhyou_detail_004_kani=true&JigyosyoCd=1174600138-00&ServiceCd=430&Type=search" }, "geometry": { "type": "Point", "coordinates": [ 139.325972299999989, 36.2283171 ] } },
{ "type": "Feature", "properties": { "内容": "豊里介護サービス【居宅介護支援】埼玉県深谷市国済寺305番地3", "url2": "https://www.kaigokensaku.mhlw.go.jp/11/index.php?action_kouhyou_detail_004_kani=true&JigyosyoCd=1174601599-00&ServiceCd=430&Type=search" }, "geometry": { "type": "Point", "coordinates": [ 139.29462, 36.189208 ] } },
{ "type": "Feature", "properties": { "内容": "エルケア【居宅介護支援】深谷市岡２丁目１３番地４", "url2": "https://www.kaigokensaku.mhlw.go.jp/11/index.php?action_kouhyou_detail_004_kani=true&JigyosyoCd=1174500924-00&ServiceCd=430&Type=search" }, "geometry": { "type": "Point", "coordinates": [ 139.301715, 36.182179 ] } },
{ "type": "Feature", "properties": { "内容": "あねとす地域ケアセンター深谷【居宅介護支援】埼玉県深谷市人見1975番地", "url2": "https://www.kaigokensaku.mhlw.go.jp/11/index.php?action_kouhyou_detail_004_kani=true&JigyosyoCd=1174601482-00&ServiceCd=430&Type=search" }, "geometry": { "type": "Point", "coordinates": [ 139.264010155199429, 36.162034294679025 ] } },
{ "type": "Feature", "properties": { "内容": "けあビジョン深谷【居宅介護支援】埼玉県深谷市萱場225-11根岸ビル　1階", "url2": "https://www.kaigokensaku.mhlw.go.jp/11/index.php?action_kouhyou_detail_004_kani=true&JigyosyoCd=1174601011-00&ServiceCd=430&Type=search" }, "geometry": { "type": "Point", "coordinates": [ 139.264770588204669, 36.193753247902123 ] } },
{ "type": "Feature", "properties": { "内容": "居宅介護支援センター　このみ【居宅介護支援】深谷市岡部１０１０－３", "url2": "https://www.kaigokensaku.mhlw.go.jp/11/index.php?action_kouhyou_detail_004_kani=true&JigyosyoCd=1174601342-00&ServiceCd=430&Type=search" }, "geometry": { "type": "Point", "coordinates": [ 139.254441277909791, 36.199625604527576 ] } },
{ "type": "Feature", "properties": { "内容": "居宅介護支援事業所　かがやき【居宅介護支援】深谷市成塚213", "url2": "https://www.kaigokensaku.mhlw.go.jp/11/index.php?action_kouhyou_detail_004_kani=true&JigyosyoCd=1174601821-00&ServiceCd=430&Type=search" }, "geometry": { "type": "Point", "coordinates": [ 139.293366754492126, 36.227164520689612 ] } },
{ "type": "Feature", "properties": { "内容": "あさがおケアセンター【居宅介護支援】埼玉県深谷市宿根504番地6", "url2": "https://www.kaigokensaku.mhlw.go.jp/11/index.php?action_kouhyou_detail_004_kani=true&JigyosyoCd=1174602332-00&ServiceCd=430&Type=search" }, "geometry": { "type": "Point", "coordinates": [ 139.262903325571529, 36.196399931159519 ] } },
{ "type": "Feature", "properties": { "内容": "指定居宅介護支援事業所ふじさわ苑【居宅介護支援】深谷市人見2028-3", "url2": "https://www.kaigokensaku.mhlw.go.jp/11/index.php?action_kouhyou_detail_004_kani=true&JigyosyoCd=1174600252-00&ServiceCd=430&Type=search" }, "geometry": { "type": "Point", "coordinates": [ 139.263427399999955, 36.1630221 ] } },
{ "type": "Feature", "properties": { "内容": "居宅介護支援事業所　橙【居宅介護支援】埼玉県深谷市深谷414-2", "url2": "https://www.kaigokensaku.mhlw.go.jp/11/index.php?action_kouhyou_detail_004_kani=true&JigyosyoCd=1174601441-00&ServiceCd=430&Type=search" }, "geometry": { "type": "Point", "coordinates": [ 139.282663700000057, 36.1989324 ] } },
{ "type": "Feature", "properties": { "内容": "ケアプラン　ステップ【居宅介護支援】埼玉県深谷市武蔵野2416-3", "url2": "https://www.kaigokensaku.mhlw.go.jp/11/index.php?action_kouhyou_detail_004_kani=true&JigyosyoCd=1174601318-00&ServiceCd=430&Type=search" }, "geometry": { "type": "Point", "coordinates": [ 139.2160877, 36.1454814 ] } },
{ "type": "Feature", "properties": { "内容": "労働者協同組合労協センター事業団【居宅介護支援】深谷市上柴町西4-23-8", "url2": "https://www.kaigokensaku.mhlw.go.jp/11/index.php?action_kouhyou_detail_004_kani=true&JigyosyoCd=1174600567-00&ServiceCd=430&Type=search" }, "geometry": { "type": "Point", "coordinates": [ 139.293244, 36.1796956 ] } },
{ "type": "Feature", "properties": { "内容": "ケアプランセンターうちリハ【居宅介護支援】埼玉県深谷市稲荷町2-1-21", "url2": "https://www.kaigokensaku.mhlw.go.jp/11/index.php?action_kouhyou_detail_004_kani=true&JigyosyoCd=1174602241-00&ServiceCd=430&Type=search" }, "geometry": { "type": "Point", "coordinates": [ 139.288347219640258, 36.194977351119753 ] } },
{ "type": "Feature", "properties": { "内容": "ハワイアンビレッヂケアマネージメント【居宅介護支援】埼玉県深谷市東方3705-2", "url2": "https://www.kaigokensaku.mhlw.go.jp/11/index.php?action_kouhyou_detail_004_kani=true&JigyosyoCd=1174602225-00&ServiceCd=430&Type=search" }, "geometry": { "type": "Point", "coordinates": [ 139.321361, 36.1772605 ] } },
{ "type": "Feature", "properties": { "内容": "みつばち介護【居宅介護支援】深谷市上柴町東５－１６－８７", "url2": "https://www.kaigokensaku.mhlw.go.jp/11/index.php?action_kouhyou_detail_004_kani=true&JigyosyoCd=1174601243-00&ServiceCd=430&Type=search" }, "geometry": { "type": "Point", "coordinates": [ 139.298913, 36.1773821 ] } },
{ "type": "Feature", "properties": { "内容": "社会福祉法人深谷市社会福祉協議会深谷事業所【居宅介護支援】埼玉県深谷市本住町１２番８号", "url2": "https://www.kaigokensaku.mhlw.go.jp/11/index.php?action_kouhyou_detail_004_kani=true&JigyosyoCd=1174600773-00&ServiceCd=430&Type=search" }, "geometry": { "type": "Point", "coordinates": [ 139.285833, 36.197066 ] } },
{ "type": "Feature", "properties": { "内容": "居宅介護支援事業所　ひびき【居宅介護支援】埼玉県深谷市長在家３９７６", "url2": "https://www.kaigokensaku.mhlw.go.jp/11/index.php?action_kouhyou_detail_004_kani=true&JigyosyoCd=1174601151-00&ServiceCd=430&Type=search" }, "geometry": { "type": "Point", "coordinates": [ 139.288795700000037, 36.1541982 ] } },
{ "type": "Feature", "properties": { "内容": "居宅介護支援事業所　あすか【居宅介護支援】埼玉県深谷市上原496", "url2": "https://www.kaigokensaku.mhlw.go.jp/11/index.php?action_kouhyou_detail_004_kani=true&JigyosyoCd=1174601128-00&ServiceCd=430&Type=search" }, "geometry": { "type": "Point", "coordinates": [ 139.271016700000018, 36.1505958 ] } },
{ "type": "Feature", "properties": { "内容": "社会福祉法人深谷市社会福祉協議会花園事業所【居宅介護支援】深谷市小前田1183番地1", "url2": "https://www.kaigokensaku.mhlw.go.jp/11/index.php?action_kouhyou_detail_004_kani=true&JigyosyoCd=1174600781-00&ServiceCd=430&Type=search" }, "geometry": { "type": "Point", "coordinates": [ 139.222552299999961, 36.1274313 ] } },
{ "type": "Feature", "properties": { "内容": "特別養護老人ホームフラワーヴィラ【居宅介護支援】埼玉県深谷市小前田2677", "url2": "https://www.kaigokensaku.mhlw.go.jp/11/index.php?action_kouhyou_detail_004_kani=true&JigyosyoCd=1174500031-00&ServiceCd=430&Type=search" }, "geometry": { "type": "Point", "coordinates": [ 139.2191355, 36.1344301 ] } },
{ "type": "Feature", "properties": { "内容": "ときわ町介護支援センターひまわり【居宅介護支援】埼玉県深谷市常盤町８２－１２", "url2": "https://www.kaigokensaku.mhlw.go.jp/11/index.php?action_kouhyou_detail_004_kani=true&JigyosyoCd=1174600948-00&ServiceCd=430&Type=search" }, "geometry": { "type": "Point", "coordinates": [ 139.303534300000024, 36.1956583 ] } },
{ "type": "Feature", "properties": { "内容": "深谷居宅介護支援事業所　ふれあい【居宅介護支援】埼玉県深谷市西島８１番地グレイスコート深谷", "url2": "https://www.kaigokensaku.mhlw.go.jp/11/index.php?action_kouhyou_detail_004_kani=true&JigyosyoCd=1174602811-00&ServiceCd=430&Type=search" }, "geometry": { "type": "Point", "coordinates": [ 139.286620392422606, 36.205569203790013 ] } },
{ "type": "Feature", "properties": { "内容": "ライフサポート城南【居宅介護支援】埼玉県深谷市人見758-2", "url2": "https://www.kaigokensaku.mhlw.go.jp/11/index.php?action_kouhyou_detail_004_kani=true&JigyosyoCd=1174601649-00&ServiceCd=430&Type=search" }, "geometry": { "type": "Point", "coordinates": [ 139.2756736, 36.1663328 ] } },
{ "type": "Feature", "properties": { "内容": "有限会社　グラン　ジュッテ【居宅介護支援】埼玉県深谷市南阿賀野19番地5", "url2": "https://www.kaigokensaku.mhlw.go.jp/11/index.php?action_kouhyou_detail_004_kani=true&JigyosyoCd=1174601045-00&ServiceCd=430&Type=search" }, "geometry": { "type": "Point", "coordinates": [ 139.249956500000053, 36.2319703 ] } },
{ "type": "Feature", "properties": { "内容": "スマイルケアサポート【居宅介護支援】深谷市上柴町東５丁目１５番２０号", "url2": "https://www.kaigokensaku.mhlw.go.jp/11/index.php?action_kouhyou_detail_004_kani=true&JigyosyoCd=1174601813-00&ServiceCd=430&Type=search" }, "geometry": { "type": "Point", "coordinates": [ 139.297608815344233, 36.177396738553391 ] } },
{ "type": "Feature", "properties": { "内容": "ケアマネ事務所　いなほ【居宅介護支援】埼玉県深谷市上柴町西6丁目14番地5松沢ハイツ　101", "url2": "https://www.kaigokensaku.mhlw.go.jp/11/index.php?action_kouhyou_detail_004_kani=true&JigyosyoCd=1174602852-00&ServiceCd=430&Type=search" }, "geometry": { "type": "Point", "coordinates": [ 139.2892654, 36.1799409 ] } },
{ "type": "Feature", "properties": { "内容": "居宅介護支援　ぼだい樹【居宅介護支援】埼玉県深谷市上柴町東　５－１１－４", "url2": "https://www.kaigokensaku.mhlw.go.jp/11/index.php?action_kouhyou_detail_004_kani=true&JigyosyoCd=1174600500-00&ServiceCd=430&Type=search" }, "geometry": { "type": "Point", "coordinates": [ 139.300529500000039, 36.1784265 ] } },
{ "type": "Feature", "properties": { "内容": "ライフマネジメントオフィス　アンテナ【居宅介護支援】埼玉県深谷市上野台3050-4ハイムウィステリアB101", "url2": "https://www.kaigokensaku.mhlw.go.jp/11/index.php?action_kouhyou_detail_004_kani=true&JigyosyoCd=1174602605-00&ServiceCd=430&Type=search" }, "geometry": { "type": "Point", "coordinates": [ 139.273789577909866, 36.184811659424795 ] } },
{ "type": "Feature", "properties": { "内容": "居宅介護支援センター花園【居宅介護支援】埼玉県深谷市永田1447番地2", "url2": "https://www.kaigokensaku.mhlw.go.jp/11/index.php?action_kouhyou_detail_004_kani=true&JigyosyoCd=1174500759-00&ServiceCd=430&Type=search" }, "geometry": { "type": "Point", "coordinates": [ 139.257343122090077, 36.135133078084685 ] } },
{ "type": "Feature", "properties": { "内容": "居宅介護支援事業所.あおい【居宅介護支援】埼玉県上尾市中妻5－11－2", "url2": "https://www.kaigokensaku.mhlw.go.jp/11/index.php?action_kouhyou_detail_004_kani=true&JigyosyoCd=1171603143-00&ServiceCd=430&Type=search" }, "geometry": { "type": "Point", "coordinates": [ 139.5669704, 35.9880005 ] } },
{ "type": "Feature", "properties": { "内容": "あんのケアプランセンター【居宅介護支援】埼玉県上尾市中妻4-7-23", "url2": "https://www.kaigokensaku.mhlw.go.jp/11/index.php?action_kouhyou_detail_004_kani=true&JigyosyoCd=1171602277-00&ServiceCd=430&Type=search" }, "geometry": { "type": "Point", "coordinates": [ 139.566993799999977, 35.984049 ] } },
{ "type": "Feature", "properties": { "内容": "ケアプランTAMA【居宅介護支援】埼玉県上尾市弁財1-7-21弁財コーポ東105号室", "url2": "https://www.kaigokensaku.mhlw.go.jp/11/index.php?action_kouhyou_detail_004_kani=true&JigyosyoCd=1171603085-00&ServiceCd=430&Type=search" }, "geometry": { "type": "Point", "coordinates": [ 139.575975579762257, 35.970411307668535 ] } },
{ "type": "Feature", "properties": { "内容": "わかばの樹【居宅介護支援】埼玉県上尾市藤波３－３０８－１", "url2": "https://www.kaigokensaku.mhlw.go.jp/11/index.php?action_kouhyou_detail_004_kani=true&JigyosyoCd=1171601527-00&ServiceCd=430&Type=search" }, "geometry": { "type": "Point", "coordinates": [ 139.549011800000017, 35.9909117 ] } },
{ "type": "Feature", "properties": { "内容": "居宅介護支援事業所　椋の木【居宅介護支援】埼玉県上尾市大字平塚３２２番地", "url2": "https://www.kaigokensaku.mhlw.go.jp/11/index.php?action_kouhyou_detail_004_kani=true&JigyosyoCd=1171602491-00&ServiceCd=430&Type=search" }, "geometry": { "type": "Point", "coordinates": [ 139.6173923, 35.9787393 ] } },
{ "type": "Feature", "properties": { "内容": "ケアプランセンター　みらい製作所【居宅介護支援】埼玉県上尾市本町1丁目1-5遠山ビル202", "url2": "https://www.kaigokensaku.mhlw.go.jp/11/index.php?action_kouhyou_detail_004_kani=true&JigyosyoCd=1171603036-00&ServiceCd=430&Type=search" }, "geometry": { "type": "Point", "coordinates": [ 139.5940281, 35.9772096 ] } },
{ "type": "Feature", "properties": { "内容": "居宅介護支援和み【居宅介護支援】埼玉県上尾市上830", "url2": "https://www.kaigokensaku.mhlw.go.jp/11/index.php?action_kouhyou_detail_004_kani=true&JigyosyoCd=1171602830-00&ServiceCd=430&Type=search" }, "geometry": { "type": "Point", "coordinates": [ 139.584295, 36.009621 ] } },
{ "type": "Feature", "properties": { "内容": "ケアプラン　セリオ【居宅介護支援】上尾市原市247-3　２階", "url2": "https://www.kaigokensaku.mhlw.go.jp/11/index.php?action_kouhyou_detail_004_kani=true&JigyosyoCd=1171601105-00&ServiceCd=430&Type=search" }, "geometry": { "type": "Point", "coordinates": [ 139.629214100000013, 35.957296 ] } },
{ "type": "Feature", "properties": { "内容": "指定居宅介護支援事業所上尾中央総合病院【居宅介護支援】埼玉県上尾市柏座1-10-3-15-104104号室", "url2": "https://www.kaigokensaku.mhlw.go.jp/11/index.php?action_kouhyou_detail_004_kani=true&JigyosyoCd=1111600394-00&ServiceCd=430&Type=search" }, "geometry": { "type": "Point", "coordinates": [ 139.585839032015997, 35.975981769974823 ] } },
{ "type": "Feature", "properties": { "内容": "ゆとりの里【居宅介護支援】上尾市愛宕３－４－１２ＺＩＯＮ２０１号", "url2": "https://www.kaigokensaku.mhlw.go.jp/11/index.php?action_kouhyou_detail_004_kani=true&JigyosyoCd=1171600677-00&ServiceCd=430&Type=search" }, "geometry": { "type": "Point", "coordinates": [ 139.597502800000029, 35.9667402 ] } },
{ "type": "Feature", "properties": { "内容": "NPO法人　上尾げんきセンター【居宅介護支援】上尾市春日1丁目45番地５", "url2": "https://www.kaigokensaku.mhlw.go.jp/11/index.php?action_kouhyou_detail_004_kani=true&JigyosyoCd=1171600503-00&ServiceCd=430&Type=search" }, "geometry": { "type": "Point", "coordinates": [ 139.581209299999955, 35.978069200000022 ] } },
{ "type": "Feature", "properties": { "内容": "指定居宅介護支援事業所　葺きの里【居宅介護支援】上尾市大字瓦葺2143番2", "url2": "https://www.kaigokensaku.mhlw.go.jp/11/index.php?action_kouhyou_detail_004_kani=true&JigyosyoCd=1171600206-00&ServiceCd=430&Type=search" }, "geometry": { "type": "Point", "coordinates": [ 139.648173499999984, 35.9571917 ] } },
{ "type": "Feature", "properties": { "内容": "居宅介護支援事業所　あけぼの【居宅介護支援】埼玉県上尾市大字上野５６７", "url2": "https://www.kaigokensaku.mhlw.go.jp/11/index.php?action_kouhyou_detail_004_kani=true&JigyosyoCd=1171600081-00&ServiceCd=430&Type=search" }, "geometry": { "type": "Point", "coordinates": [ 139.5620755, 35.9424608 ] } },
{ "type": "Feature", "properties": { "内容": "ケアプランちゃのみ上尾【居宅介護支援】埼玉県上尾市原市１１４０－１", "url2": "https://www.kaigokensaku.mhlw.go.jp/11/index.php?action_kouhyou_detail_004_kani=true&JigyosyoCd=1171602541-00&ServiceCd=430&Type=search" }, "geometry": { "type": "Point", "coordinates": [ 139.6173258, 35.972815 ] } },
{ "type": "Feature", "properties": { "内容": "恙なく暮らしたい会【居宅介護支援】上尾市大字平塚１５６５番地９", "url2": "https://www.kaigokensaku.mhlw.go.jp/11/index.php?action_kouhyou_detail_004_kani=true&JigyosyoCd=1171600685-00&ServiceCd=430&Type=search" }, "geometry": { "type": "Point", "coordinates": [ 139.607706600000029, 35.9868521 ] } },
{ "type": "Feature", "properties": { "内容": "指定居宅介護支援事業所エルサ上尾【居宅介護支援】埼玉県上尾市藤波３－２６５－１", "url2": "https://www.kaigokensaku.mhlw.go.jp/11/index.php?action_kouhyou_detail_004_kani=true&JigyosyoCd=1171601352-00&ServiceCd=430&Type=search" }, "geometry": { "type": "Point", "coordinates": [ 139.549203499999976, 35.9907339 ] } },
{ "type": "Feature", "properties": { "内容": "居宅介護支援事業所つながり【居宅介護支援】埼玉県上尾市壱丁目北24-17壱丁目ビル303", "url2": "https://www.kaigokensaku.mhlw.go.jp/11/index.php?action_kouhyou_detail_004_kani=true&JigyosyoCd=1171603135-00&ServiceCd=430&Type=search" }, "geometry": { "type": "Point", "coordinates": [ 139.56680529018368, 35.959495486625414 ] } },
{ "type": "Feature", "properties": { "内容": "フルール上尾居宅介護【居宅介護支援】埼玉県上尾市今泉三丁目5番地7フルール上尾", "url2": "https://www.kaigokensaku.mhlw.go.jp/11/index.php?action_kouhyou_detail_004_kani=true&JigyosyoCd=1171602517-00&ServiceCd=430&Type=search" }, "geometry": { "type": "Point", "coordinates": [ 139.5757381, 35.9634016 ] } },
{ "type": "Feature", "properties": { "内容": "ケアステーション　折り鶴【居宅介護支援】埼玉県上尾市向山1丁目30番地4", "url2": "https://www.kaigokensaku.mhlw.go.jp/11/index.php?action_kouhyou_detail_004_kani=true&JigyosyoCd=1171602731-00&ServiceCd=430&Type=search" }, "geometry": { "type": "Point", "coordinates": [ 139.583609199999955, 35.9602879 ] } },
{ "type": "Feature", "properties": { "内容": "居宅介護支援事業所　新生ホーム【居宅介護支援】埼玉県上尾市大字平方領々家213-1", "url2": "https://www.kaigokensaku.mhlw.go.jp/11/index.php?action_kouhyou_detail_004_kani=true&JigyosyoCd=1171600032-00&ServiceCd=430&Type=search" }, "geometry": { "type": "Point", "coordinates": [ 139.570905499999981, 35.9466072 ] } },
{ "type": "Feature", "properties": { "内容": "かがやき居宅介護支援事業所【居宅介護支援】平塚852-2", "url2": "https://www.kaigokensaku.mhlw.go.jp/11/index.php?action_kouhyou_detail_004_kani=true&JigyosyoCd=1171603028-00&ServiceCd=430&Type=search" }, "geometry": { "type": "Point", "coordinates": [ 139.3494949, 35.3352157 ] } },
{ "type": "Feature", "properties": { "内容": "上尾ケアセンターそよ風【居宅介護支援】埼玉県上尾市上尾村１１６７－１", "url2": "https://www.kaigokensaku.mhlw.go.jp/11/index.php?action_kouhyou_detail_004_kani=true&JigyosyoCd=1171601519-00&ServiceCd=430&Type=search" }, "geometry": { "type": "Point", "coordinates": [ 139.5952244, 35.9834883 ] } },
{ "type": "Feature", "properties": { "内容": "ケアプランむさしの【居宅介護支援】埼玉県上尾市原市315-29Utopia-21102号室", "url2": "https://www.kaigokensaku.mhlw.go.jp/11/index.php?action_kouhyou_detail_004_kani=true&JigyosyoCd=1171602574-00&ServiceCd=430&Type=search" }, "geometry": { "type": "Point", "coordinates": [ 139.6250589, 35.9584344 ] } },
{ "type": "Feature", "properties": { "内容": "東京海上日動みずたま介護ST上尾ケアプランセンター【居宅介護支援】埼玉県上尾市宮本町13-9モアニビル　1階", "url2": "https://www.kaigokensaku.mhlw.go.jp/11/index.php?action_kouhyou_detail_004_kani=true&JigyosyoCd=1171602459-00&ServiceCd=430&Type=search" }, "geometry": { "type": "Point", "coordinates": [ 139.591876242852777, 35.976858551118873 ] } },
{ "type": "Feature", "properties": { "内容": "上尾中央第二病院指定居宅介護支援事業所ささえ【居宅介護支援】上尾市大字地頭方420番地8", "url2": "https://www.kaigokensaku.mhlw.go.jp/11/index.php?action_kouhyou_detail_004_kani=true&JigyosyoCd=1171600040-00&ServiceCd=430&Type=search" }, "geometry": { "type": "Point", "coordinates": [ 139.57106716732028, 35.95327959135485 ] } },
{ "type": "Feature", "properties": { "内容": "はるスマイルケアプラン【居宅介護支援】埼玉県上尾市小泉五丁目15番地12", "url2": "https://www.kaigokensaku.mhlw.go.jp/11/index.php?action_kouhyou_detail_004_kani=true&JigyosyoCd=1171603127-00&ServiceCd=430&Type=search" }, "geometry": { "type": "Point", "coordinates": [ 139.5655942, 35.9796564 ] } },
{ "type": "Feature", "properties": { "内容": "上尾介護サービスセンターハーティ【居宅介護支援】埼玉県上尾市富士見２－２０－２６", "url2": "https://www.kaigokensaku.mhlw.go.jp/11/index.php?action_kouhyou_detail_004_kani=true&JigyosyoCd=1171600297-00&ServiceCd=430&Type=search" }, "geometry": { "type": "Point", "coordinates": [ 139.580546, 35.9680508 ] } },
{ "type": "Feature", "properties": { "内容": "居宅介護支援事業所　パストーン浅間台【居宅介護支援】埼玉県上尾市浅間台2-17-1", "url2": "https://www.kaigokensaku.mhlw.go.jp/11/index.php?action_kouhyou_detail_004_kani=true&JigyosyoCd=1171600636-00&ServiceCd=430&Type=search" }, "geometry": { "type": "Point", "coordinates": [ 139.574267099999986, 35.979735300000016 ] } },
{ "type": "Feature", "properties": { "内容": "みやぎケアプランセンター【居宅介護支援】埼玉県上尾市上1127-36", "url2": "https://www.kaigokensaku.mhlw.go.jp/11/index.php?action_kouhyou_detail_004_kani=true&JigyosyoCd=1171601873-00&ServiceCd=430&Type=search" }, "geometry": { "type": "Point", "coordinates": [ 139.573448800000023, 36.0092588 ] } },
{ "type": "Feature", "properties": { "内容": "指定居宅介護支援事業所　上尾くるみ【居宅介護支援】埼玉県上尾市緑丘3-6-19", "url2": "https://www.kaigokensaku.mhlw.go.jp/11/index.php?action_kouhyou_detail_004_kani=true&JigyosyoCd=1171600859-00&ServiceCd=430&Type=search" }, "geometry": { "type": "Point", "coordinates": [ 139.582245918524222, 35.987612846996342 ] } },
{ "type": "Feature", "properties": { "内容": "ケアプランセンター扇の森あげお【居宅介護支援】上尾市二ツ宮755-19", "url2": "https://www.kaigokensaku.mhlw.go.jp/11/index.php?action_kouhyou_detail_004_kani=true&JigyosyoCd=1171601030-00&ServiceCd=430&Type=search" }, "geometry": { "type": "Point", "coordinates": [ 139.5981716, 35.9796721 ] } },
{ "type": "Feature", "properties": { "内容": "医療法人社団　順信会　上尾メディカルクリニック　居宅介護支援センター【居宅介護支援】原市３１３３番地", "url2": "https://www.kaigokensaku.mhlw.go.jp/11/index.php?action_kouhyou_detail_004_kani=true&JigyosyoCd=1171602707-00&ServiceCd=430&Type=search" }, "geometry": { "type": "Point", "coordinates": [ 139.631908, 35.966987700673727 ] } },
{ "type": "Feature", "properties": { "内容": "医療法人藤仁会　指定居宅介護支援事業所　ふれあいあげお【居宅介護支援】埼玉県上尾市仲町１－８－３２", "url2": "https://www.kaigokensaku.mhlw.go.jp/11/index.php?action_kouhyou_detail_004_kani=true&JigyosyoCd=1171600057-00&ServiceCd=430&Type=search" }, "geometry": { "type": "Point", "coordinates": [ 139.591355900000053, 35.9727781 ] } },
{ "type": "Feature", "properties": { "内容": "アールスタッフ上尾ケアサービス【居宅介護支援】上尾市向山2-40-1アクアヒルズ101", "url2": "https://www.kaigokensaku.mhlw.go.jp/11/index.php?action_kouhyou_detail_004_kani=true&JigyosyoCd=1171600404-00&ServiceCd=430&Type=search" }, "geometry": { "type": "Point", "coordinates": [ 139.578495397106167, 35.957107634287645 ] } },
{ "type": "Feature", "properties": { "内容": "株式会社ひまわりケアサポート　居宅介護支援事業所【居宅介護支援】埼玉県上尾市小泉四丁目19番地1", "url2": "https://www.kaigokensaku.mhlw.go.jp/11/index.php?action_kouhyou_detail_004_kani=true&JigyosyoCd=1171601188-00&ServiceCd=430&Type=search" }, "geometry": { "type": "Point", "coordinates": [ 139.565841500000033, 35.9745861 ] } },
{ "type": "Feature", "properties": { "内容": "西村ハートケアプランセンター【居宅介護支援】春日一丁目4番22号", "url2": "https://www.kaigokensaku.mhlw.go.jp/11/index.php?action_kouhyou_detail_004_kani=true&JigyosyoCd=1111602804-00&ServiceCd=430&Type=search" }, "geometry": { "type": "Point", "coordinates": [ 139.582919167597993, 35.976452564409037 ] } },
{ "type": "Feature", "properties": { "内容": "あげお愛友の里　居宅介護支援事業所【居宅介護支援】上尾市大字西門前字南前６３６", "url2": "https://www.kaigokensaku.mhlw.go.jp/11/index.php?action_kouhyou_detail_004_kani=true&JigyosyoCd=1171600024-00&ServiceCd=430&Type=search" }, "geometry": { "type": "Point", "coordinates": [ 139.588194, 35.9910014 ] } },
{ "type": "Feature", "properties": { "内容": "居宅介護支援事業所　しののめ【居宅介護支援】埼玉県上尾市大字平塚字大砂２１４１", "url2": "https://www.kaigokensaku.mhlw.go.jp/11/index.php?action_kouhyou_detail_004_kani=true&JigyosyoCd=1171600487-00&ServiceCd=430&Type=search" }, "geometry": { "type": "Point", "coordinates": [ 139.602060366934211, 35.992590423043964 ] } },
{ "type": "Feature", "properties": { "内容": "居宅介護支援事業所　はらいち【居宅介護支援】埼玉県上尾市大字原市625番地１コーポK3-104", "url2": "https://www.kaigokensaku.mhlw.go.jp/11/index.php?action_kouhyou_detail_004_kani=true&JigyosyoCd=1171601584-00&ServiceCd=430&Type=search" }, "geometry": { "type": "Point", "coordinates": [ 139.626152333343498, 35.962003360399699 ] } },
{ "type": "Feature", "properties": { "内容": "けあビジョン上尾【居宅介護支援】埼玉県上尾市上町１－１－１４", "url2": "https://www.kaigokensaku.mhlw.go.jp/11/index.php?action_kouhyou_detail_004_kani=true&JigyosyoCd=1171600339-00&ServiceCd=430&Type=search" }, "geometry": { "type": "Point", "coordinates": [ 139.588582290082059, 35.97463068660241 ] } },
{ "type": "Feature", "properties": { "内容": "今泉ケアセンター指定居宅介護支援事業所【居宅介護支援】小敷谷854－1誠勇ビル別棟1F", "url2": "https://www.kaigokensaku.mhlw.go.jp/11/index.php?action_kouhyou_detail_004_kani=true&JigyosyoCd=1171602616-00&ServiceCd=430&Type=search" }, "geometry": { "type": "Point", "coordinates": [ 139.5628958, 35.963036 ] } },
{ "type": "Feature", "properties": { "内容": "居宅介護支援センターザイツー北上尾【居宅介護支援】埼玉県上尾市浅間台１－７－２サンシャイン浅間台101号室", "url2": "https://www.kaigokensaku.mhlw.go.jp/11/index.php?action_kouhyou_detail_004_kani=true&JigyosyoCd=1171601022-00&ServiceCd=430&Type=search" }, "geometry": { "type": "Point", "coordinates": [ 139.5780757, 35.9833859 ] } },
{ "type": "Feature", "properties": { "内容": "居宅介護支援事業所いっしん上尾【居宅介護支援】埼玉県上尾市本町4-8-19", "url2": "https://www.kaigokensaku.mhlw.go.jp/11/index.php?action_kouhyou_detail_004_kani=true&JigyosyoCd=1171601857-00&ServiceCd=430&Type=search" }, "geometry": { "type": "Point", "coordinates": [ 139.59589788702317, 35.980897688166017 ] } },
{ "type": "Feature", "properties": { "内容": "指定居宅介護支援事業所　ハーティハイム【居宅介護支援】上尾市平方３１４７－３介護老人保健施設ハーティハイム", "url2": "https://www.kaigokensaku.mhlw.go.jp/11/index.php?action_kouhyou_detail_004_kani=true&JigyosyoCd=1171600065-00&ServiceCd=430&Type=search" }, "geometry": { "type": "Point", "coordinates": [ 139.552429, 35.9512566 ] } },
{ "type": "Feature", "properties": { "内容": "ケアプランファースト【居宅介護支援】埼玉県上尾市柏座一丁目9番26ビクトリア上尾303号室", "url2": "https://www.kaigokensaku.mhlw.go.jp/11/index.php?action_kouhyou_detail_004_kani=true&JigyosyoCd=1171602939-00&ServiceCd=430&Type=search" }, "geometry": { "type": "Point", "coordinates": [ 139.5839848, 35.9777724 ] } },
{ "type": "Feature", "properties": { "内容": "リハビリホーム一歩　居宅介護支援事業所【居宅介護支援】埼玉県上尾市上尾下859-1", "url2": "https://www.kaigokensaku.mhlw.go.jp/11/index.php?action_kouhyou_detail_004_kani=true&JigyosyoCd=1171601618-00&ServiceCd=430&Type=search" }, "geometry": { "type": "Point", "coordinates": [ 139.609558695657313, 35.972255008970528 ] } },
{ "type": "Feature", "properties": { "内容": "有限会社ハートフル・ガーデン【居宅介護支援】埼玉県上尾市原市3669番地の1", "url2": "https://www.kaigokensaku.mhlw.go.jp/11/index.php?action_kouhyou_detail_004_kani=true&JigyosyoCd=1171600529-00&ServiceCd=430&Type=search" }, "geometry": { "type": "Point", "coordinates": [ 139.6221617, 35.9675353 ] } },
{ "type": "Feature", "properties": { "内容": "コープみらい上尾介護センター【居宅介護支援】埼玉県上尾市二ツ宮920-1", "url2": "https://www.kaigokensaku.mhlw.go.jp/11/index.php?action_kouhyou_detail_004_kani=true&JigyosyoCd=1171600792-00&ServiceCd=430&Type=search" }, "geometry": { "type": "Point", "coordinates": [ 139.604829399999971, 35.980461 ] } },
{ "type": "Feature", "properties": { "内容": "カイロス【居宅介護支援】埼玉県上尾市谷津1-1-6サンパーク谷津203", "url2": "https://www.kaigokensaku.mhlw.go.jp/11/index.php?action_kouhyou_detail_004_kani=true&JigyosyoCd=1171603259-00&ServiceCd=430&Type=search" }, "geometry": { "type": "Point", "coordinates": [ 139.590287786508185, 35.970724749099517 ] } },
{ "type": "Feature", "properties": { "内容": "医療生協さいたま訪問看護ステーションかもがわ【居宅介護支援】上尾市弁財1－6－1　第2ふじみハイツ1－Ｆ", "url2": "https://www.kaigokensaku.mhlw.go.jp/11/index.php?action_kouhyou_detail_004_kani=true&JigyosyoCd=1161690072-00&ServiceCd=430&Type=search" }, "geometry": { "type": "Point", "coordinates": [ 139.5766625, 35.9694855 ] } },
{ "type": "Feature", "properties": { "内容": "ツクイ草加駅前（居宅）【居宅介護支援】高砂2-18-16藤本ビル2階", "url2": "https://www.kaigokensaku.mhlw.go.jp/11/index.php?action_kouhyou_detail_004_kani=true&JigyosyoCd=1171803453-00&ServiceCd=430&Type=search" }, "geometry": { "type": "Point", "coordinates": [ 139.80536, 35.8286453 ] } },
{ "type": "Feature", "properties": { "内容": "居宅介護支援事業所もみじ草加【居宅介護支援】埼玉県草加市弁天5-4-57プレステージ関根203", "url2": "https://www.kaigokensaku.mhlw.go.jp/11/index.php?action_kouhyou_detail_004_kani=true&JigyosyoCd=1171803446-00&ServiceCd=430&Type=search" }, "geometry": { "type": "Point", "coordinates": [ 139.816229600000014, 35.8450346 ] } },
{ "type": "Feature", "properties": { "内容": "居宅介護支援事業所　にっさと介護【居宅介護支援】埼玉県草加市柳島町720ｺｰﾎﾟ大熊102", "url2": "https://www.kaigokensaku.mhlw.go.jp/11/index.php?action_kouhyou_detail_004_kani=true&JigyosyoCd=1171801952-00&ServiceCd=430&Type=search" }, "geometry": { "type": "Point", "coordinates": [ 139.78316, 35.8191662 ] } },
{ "type": "Feature", "properties": { "内容": "SOMPOケア　草加住吉　居宅介護支援【居宅介護支援】埼玉県草加市住吉1-13-31北ビル1F", "url2": "https://www.kaigokensaku.mhlw.go.jp/11/index.php?action_kouhyou_detail_004_kani=true&JigyosyoCd=1171802737-00&ServiceCd=430&Type=search" }, "geometry": { "type": "Point", "coordinates": [ 139.807149100000061, 35.8313037 ] } },
{ "type": "Feature", "properties": { "内容": "居宅介護支援事業所　青空【居宅介護支援】青柳　8-19-30", "url2": "https://www.kaigokensaku.mhlw.go.jp/11/index.php?action_kouhyou_detail_004_kani=true&JigyosyoCd=1171802570-00&ServiceCd=430&Type=search" }, "geometry": { "type": "Point", "coordinates": [ 139.8197324, 35.860256 ] } },
{ "type": "Feature", "properties": { "内容": "ケアプランたんぽぽ【居宅介護支援】埼玉県草加市中央2－12－32", "url2": "https://www.kaigokensaku.mhlw.go.jp/11/index.php?action_kouhyou_detail_004_kani=true&JigyosyoCd=1171802935-00&ServiceCd=430&Type=search" }, "geometry": { "type": "Point", "coordinates": [ 139.8115291, 35.82785510000005 ] } },
{ "type": "Feature", "properties": { "内容": "ＴＯＭＯ【居宅介護支援】草加市小山２ー１５ー１ニューグリーンハイム1階A号", "url2": "https://www.kaigokensaku.mhlw.go.jp/11/index.php?action_kouhyou_detail_004_kani=true&JigyosyoCd=1171802059-00&ServiceCd=430&Type=search" }, "geometry": { "type": "Point", "coordinates": [ 139.781328898147649, 35.839038712548899 ] } },
{ "type": "Feature", "properties": { "内容": "居宅介護支援事業所　草加キングス・ガーデン【居宅介護支援】埼玉県草加市新里町989-1", "url2": "https://www.kaigokensaku.mhlw.go.jp/11/index.php?action_kouhyou_detail_004_kani=true&JigyosyoCd=1171800566-00&ServiceCd=430&Type=search" }, "geometry": { "type": "Point", "coordinates": [ 139.777043633204585, 35.816348109986755 ] } },
{ "type": "Feature", "properties": { "内容": "ニチイケアセンター草加稲荷【居宅介護支援】埼玉県草加市稲荷4丁目4-36", "url2": "https://www.kaigokensaku.mhlw.go.jp/11/index.php?action_kouhyou_detail_004_kani=true&JigyosyoCd=1171800541-00&ServiceCd=430&Type=search" }, "geometry": { "type": "Point", "coordinates": [ 139.823683699999947, 35.8332538 ] } },
{ "type": "Feature", "properties": { "内容": "居宅介護支援事業所わ～くわっく草加【居宅介護支援】埼玉県草加市草加1-18-13", "url2": "https://www.kaigokensaku.mhlw.go.jp/11/index.php?action_kouhyou_detail_004_kani=true&JigyosyoCd=1171802471-00&ServiceCd=430&Type=search" }, "geometry": { "type": "Point", "coordinates": [ 139.802024399999937, 35.836622200000043 ] } },
{ "type": "Feature", "properties": { "内容": "ケアサポートそうか居宅介護支援事業所【居宅介護支援】埼玉県草加市瀬崎3-28-5", "url2": "https://www.kaigokensaku.mhlw.go.jp/11/index.php?action_kouhyou_detail_004_kani=true&JigyosyoCd=1171801176-00&ServiceCd=430&Type=search" }, "geometry": { "type": "Point", "coordinates": [ 139.804967945338376, 35.812057637451936 ] } },
{ "type": "Feature", "properties": { "内容": "居宅介護支援センターこまどり【居宅介護支援】埼玉県草加市青柳8-51-13", "url2": "https://www.kaigokensaku.mhlw.go.jp/11/index.php?action_kouhyou_detail_004_kani=true&JigyosyoCd=1171800038-00&ServiceCd=430&Type=search" }, "geometry": { "type": "Point", "coordinates": [ 139.819225746696446, 35.860522295137088 ] } },
{ "type": "Feature", "properties": { "内容": "居宅介護支援事業所クォーターヴィレッジ【居宅介護支援】埼玉県草加市新善町6番地", "url2": "https://www.kaigokensaku.mhlw.go.jp/11/index.php?action_kouhyou_detail_004_kani=true&JigyosyoCd=1171800947-00&ServiceCd=430&Type=search" }, "geometry": { "type": "Point", "coordinates": [ 139.788170829283104, 35.846821935291963 ] } },
{ "type": "Feature", "properties": { "内容": "居宅介護支援事業所　フェリス【居宅介護支援】埼玉県埼玉県草加市長栄二丁目1番地８", "url2": "https://www.kaigokensaku.mhlw.go.jp/11/index.php?action_kouhyou_detail_004_kani=true&JigyosyoCd=1171801390-00&ServiceCd=430&Type=search" }, "geometry": { "type": "Point", "coordinates": [ 139.782377279684397, 35.855242924648209 ] } },
{ "type": "Feature", "properties": { "内容": "介護老人保健施設　草加ロイヤルケアセンター　居宅介護支援事業所【居宅介護支援】埼玉県草加市柿木町１２３－２", "url2": "https://www.kaigokensaku.mhlw.go.jp/11/index.php?action_kouhyou_detail_004_kani=true&JigyosyoCd=1171801036-00&ServiceCd=430&Type=search" }, "geometry": { "type": "Point", "coordinates": [ 139.834546199999977, 35.8581031 ] } },
{ "type": "Feature", "properties": { "内容": "社会福祉法人　草加市社会福祉協議会【居宅介護支援】埼玉県草加市松江一丁目１番３２号", "url2": "https://www.kaigokensaku.mhlw.go.jp/11/index.php?action_kouhyou_detail_004_kani=true&JigyosyoCd=1171800012-00&ServiceCd=430&Type=search" }, "geometry": { "type": "Point", "coordinates": [ 139.806071100000054, 35.8436602 ] } },
{ "type": "Feature", "properties": { "内容": "居宅介護支援事業所　西うさぎ【居宅介護支援】草加市吉町２－２－２１野路ビル1階", "url2": "https://www.kaigokensaku.mhlw.go.jp/11/index.php?action_kouhyou_detail_004_kani=true&JigyosyoCd=1171801028-00&ServiceCd=430&Type=search" }, "geometry": { "type": "Point", "coordinates": [ 139.806277200000068, 35.8225079 ] } },
{ "type": "Feature", "properties": { "内容": "居宅介護支援　さわやかたすけあい草加【居宅介護支援】埼玉県草加市谷塚町828-12", "url2": "https://www.kaigokensaku.mhlw.go.jp/11/index.php?action_kouhyou_detail_004_kani=true&JigyosyoCd=1171803396-00&ServiceCd=430&Type=search" }, "geometry": { "type": "Point", "coordinates": [ 139.8003366, 35.8168649 ] } },
{ "type": "Feature", "properties": { "内容": "居宅介護支援事業所ソラスト草加【居宅介護支援】埼玉県草加市草加1-10-1グリーンヒルズ1階", "url2": "https://www.kaigokensaku.mhlw.go.jp/11/index.php?action_kouhyou_detail_004_kani=true&JigyosyoCd=1171802042-00&ServiceCd=430&Type=search" }, "geometry": { "type": "Point", "coordinates": [ 139.8010406, 35.8345939 ] } },
{ "type": "Feature", "properties": { "内容": "一正堂薬局　第二支店【居宅介護支援】埼玉県草加市青柳６丁目２４番２８号", "url2": "https://www.kaigokensaku.mhlw.go.jp/11/index.php?action_kouhyou_detail_004_kani=true&JigyosyoCd=1171801150-00&ServiceCd=430&Type=search" }, "geometry": { "type": "Point", "coordinates": [ 139.826158, 35.8519622 ] } },
{ "type": "Feature", "properties": { "内容": "あいブランチ【居宅介護支援】埼玉県草加市八幡町９６－１センターヴィレッチ２０２", "url2": "https://www.kaigokensaku.mhlw.go.jp/11/index.php?action_kouhyou_detail_004_kani=true&JigyosyoCd=1171801820-00&ServiceCd=430&Type=search" }, "geometry": { "type": "Point", "coordinates": [ 139.815396028788768, 35.848534133482566 ] } },
{ "type": "Feature", "properties": { "内容": "ケアプランセンター地域ケアそうか【居宅介護支援】埼玉県草加市高砂1-12-48ドーム・ヨシタケ１　1C", "url2": "https://www.kaigokensaku.mhlw.go.jp/11/index.php?action_kouhyou_detail_004_kani=true&JigyosyoCd=1171803339-00&ServiceCd=430&Type=search" }, "geometry": { "type": "Point", "coordinates": [ 139.804790364418039, 35.824822049525658 ] } },
{ "type": "Feature", "properties": { "内容": "居宅介護支援事業所　うらら【居宅介護支援】草加市瀬崎5-20-16", "url2": "https://www.kaigokensaku.mhlw.go.jp/11/index.php?action_kouhyou_detail_004_kani=true&JigyosyoCd=1171800392-00&ServiceCd=430&Type=search" }, "geometry": { "type": "Point", "coordinates": [ 139.810890847373912, 35.813602063834935 ] } },
{ "type": "Feature", "properties": { "内容": "居宅介護支援センターさんわ柳島【居宅介護支援】埼玉県草加市両新田西町438－8", "url2": "https://www.kaigokensaku.mhlw.go.jp/11/index.php?action_kouhyou_detail_004_kani=true&JigyosyoCd=1171802422-00&ServiceCd=430&Type=search" }, "geometry": { "type": "Point", "coordinates": [ 139.7868264, 35.8159948 ] } },
{ "type": "Feature", "properties": { "内容": "ケアラビット【居宅介護支援】埼玉県草加市谷塚１丁目２１番１メルヘンシャトー草加　１１０号", "url2": "https://www.kaigokensaku.mhlw.go.jp/11/index.php?action_kouhyou_detail_004_kani=true&JigyosyoCd=1171803131-00&ServiceCd=430&Type=search" }, "geometry": { "type": "Point", "coordinates": [ 139.8020852, 35.8109228 ] } },
{ "type": "Feature", "properties": { "内容": "マーヤケアセンター有限会社【居宅介護支援】埼玉県草加市柳島町１９９番地１１", "url2": "https://www.kaigokensaku.mhlw.go.jp/11/index.php?action_kouhyou_detail_004_kani=true&JigyosyoCd=1171800970-00&ServiceCd=430&Type=search" }, "geometry": { "type": "Point", "coordinates": [ 139.788276099999962, 35.8206857 ] } },
{ "type": "Feature", "properties": { "内容": "プレミア草加南居宅介護支援事業所【居宅介護支援】埼玉県草加市柳島町890-4", "url2": "https://www.kaigokensaku.mhlw.go.jp/11/index.php?action_kouhyou_detail_004_kani=true&JigyosyoCd=1171802190-00&ServiceCd=430&Type=search" }, "geometry": { "type": "Point", "coordinates": [ 139.786335479237323, 35.816727849789245 ] } },
{ "type": "Feature", "properties": { "内容": "居宅介護支援センター草加園【居宅介護支援】埼玉県草加市苗塚町200番地2", "url2": "https://www.kaigokensaku.mhlw.go.jp/11/index.php?action_kouhyou_detail_004_kani=true&JigyosyoCd=1171800202-00&ServiceCd=430&Type=search" }, "geometry": { "type": "Point", "coordinates": [ 139.7858288, 35.8327945 ] } },
{ "type": "Feature", "properties": { "内容": "居宅介護支援事業所　どれみ【居宅介護支援】埼玉県草加市草加２－１－３", "url2": "https://www.kaigokensaku.mhlw.go.jp/11/index.php?action_kouhyou_detail_004_kani=true&JigyosyoCd=1171802992-00&ServiceCd=430&Type=search" }, "geometry": { "type": "Point", "coordinates": [ 139.800819499999989, 35.8332326 ] } },
{ "type": "Feature", "properties": { "内容": "ケアプランゆずり葉【居宅介護支援】埼玉県草加市北谷1-22-1", "url2": "https://www.kaigokensaku.mhlw.go.jp/11/index.php?action_kouhyou_detail_004_kani=true&JigyosyoCd=1171801408-00&ServiceCd=430&Type=search" }, "geometry": { "type": "Point", "coordinates": [ 139.785735189575689, 35.841965979013246 ] } },
{ "type": "Feature", "properties": { "内容": "居宅介護支援センターともえ【居宅介護支援】埼玉県草加市青柳3-38-33キラニーハイツA１０１", "url2": "https://www.kaigokensaku.mhlw.go.jp/11/index.php?action_kouhyou_detail_004_kani=true&JigyosyoCd=1171802885-00&ServiceCd=430&Type=search" }, "geometry": { "type": "Point", "coordinates": [ 139.8238418, 35.8496604 ] } },
{ "type": "Feature", "properties": { "内容": "ケアプランかしの木【居宅介護支援】埼玉県草加市草加1-8-13", "url2": "https://www.kaigokensaku.mhlw.go.jp/11/index.php?action_kouhyou_detail_004_kani=true&JigyosyoCd=1171800343-00&ServiceCd=430&Type=search" }, "geometry": { "type": "Point", "coordinates": [ 139.802747248647904, 35.835502748941835 ] } },
{ "type": "Feature", "properties": { "内容": "ケアセンターひだまり【居宅介護支援】埼玉県草加市長栄3-46-1ルミエール長栄207", "url2": "https://www.kaigokensaku.mhlw.go.jp/11/index.php?action_kouhyou_detail_004_kani=true&JigyosyoCd=1171801697-00&ServiceCd=430&Type=search" }, "geometry": { "type": "Point", "coordinates": [ 139.773459598147639, 35.858190404608131 ] } },
{ "type": "Feature", "properties": { "内容": "ケアプランセンター風音【居宅介護支援】埼玉縣草加市金明町416-1-202", "url2": "https://www.kaigokensaku.mhlw.go.jp/11/index.php?action_kouhyou_detail_004_kani=true&JigyosyoCd=1171803545-00&ServiceCd=430&Type=search" }, "geometry": { "type": "Point", "coordinates": [ 139.794677600000028, 35.8528392 ] } },
{ "type": "Feature", "properties": { "内容": "居宅介護支援事業所　栞【居宅介護支援】埼玉県草加市清門2-22-1ブルーフェザーマンション　201", "url2": "https://www.kaigokensaku.mhlw.go.jp/11/index.php?action_kouhyou_detail_004_kani=true&JigyosyoCd=1171802711-00&ServiceCd=430&Type=search" }, "geometry": { "type": "Point", "coordinates": [ 139.7819646, 35.852422299999986 ] } },
{ "type": "Feature", "properties": { "内容": "株式会社　ケアネットワーク【居宅介護支援】草加市吉町5-3-8", "url2": "https://www.kaigokensaku.mhlw.go.jp/11/index.php?action_kouhyou_detail_004_kani=true&JigyosyoCd=1171802117-00&ServiceCd=430&Type=search" }, "geometry": { "type": "Point", "coordinates": [ 139.805332899999939, 35.8208249 ] } },
{ "type": "Feature", "properties": { "内容": "在宅リハビリテーションセンター草加ケアマネジメント部【居宅介護支援】草加市金明町604‐1・2階", "url2": "https://www.kaigokensaku.mhlw.go.jp/11/index.php?action_kouhyou_detail_004_kani=true&JigyosyoCd=1171801218-00&ServiceCd=430&Type=search" }, "geometry": { "type": "Point", "coordinates": [ 139.792120904199294, 35.856337215021277 ] } },
{ "type": "Feature", "properties": { "内容": "医療法人親和会居宅介護支援事業所ホウエイ【居宅介護支援】埼玉県草加市谷塚1-10-6", "url2": "https://www.kaigokensaku.mhlw.go.jp/11/index.php?action_kouhyou_detail_004_kani=true&JigyosyoCd=1171802547-00&ServiceCd=430&Type=search" }, "geometry": { "type": "Point", "coordinates": [ 139.800632676790656, 35.813057733161557 ] } },
{ "type": "Feature", "properties": { "内容": "居宅介護支援事業所ミント【居宅介護支援】埼玉県草加市谷塚1-16-34", "url2": "https://www.kaigokensaku.mhlw.go.jp/11/index.php?action_kouhyou_detail_004_kani=true&JigyosyoCd=1171803032-00&ServiceCd=430&Type=search" }, "geometry": { "type": "Point", "coordinates": [ 139.800424131877122, 35.812039337510242 ] } },
{ "type": "Feature", "properties": { "内容": "ケアステーションひかり　居宅介護支援事業所【居宅介護支援】埼玉県草加市中央2-2-9かくまんビル1階", "url2": "https://www.kaigokensaku.mhlw.go.jp/11/index.php?action_kouhyou_detail_004_kani=true&JigyosyoCd=1161890268-00&ServiceCd=430&Type=search" }, "geometry": { "type": "Point", "coordinates": [ 139.8075327, 35.8285097 ] } },
{ "type": "Feature", "properties": { "内容": "ブライト・ライフケアプラン越谷【居宅介護支援】埼玉県越谷市瓦曽根2丁目6-34RSビル401", "url2": "https://www.kaigokensaku.mhlw.go.jp/11/index.php?action_kouhyou_detail_004_kani=true&JigyosyoCd=1170805087-00&ServiceCd=430&Type=search" }, "geometry": { "type": "Point", "coordinates": [ 139.79314, 35.8842543 ] } },
{ "type": "Feature", "properties": { "内容": "コープみらい越谷介護センター【居宅介護支援】越谷市東大沢2-5-1コープ北越谷店厚生棟3階", "url2": "https://www.kaigokensaku.mhlw.go.jp/11/index.php?action_kouhyou_detail_004_kani=true&JigyosyoCd=1170802951-00&ServiceCd=430&Type=search" }, "geometry": { "type": "Point", "coordinates": [ 139.789464593779002, 35.910980460344675 ] } },
{ "type": "Feature", "properties": { "内容": "プランセンターよし【居宅介護支援】平方1708-1関根店舗", "url2": "https://www.kaigokensaku.mhlw.go.jp/11/index.php?action_kouhyou_detail_004_kani=true&JigyosyoCd=1170805145-00&ServiceCd=430&Type=search" }, "geometry": { "type": "Point", "coordinates": [ 139.5533311, 35.9468471 ] } },
{ "type": "Feature", "properties": { "内容": "居宅介護支援事業所ケアプランよし【居宅介護支援】埼玉県越谷市平方1708番地1関根店舗", "url2": "https://www.kaigokensaku.mhlw.go.jp/11/index.php?action_kouhyou_detail_004_kani=true&JigyosyoCd=1170804304-00&ServiceCd=430&Type=search" }, "geometry": { "type": "Point", "coordinates": [ 139.781421422615011, 35.945613892211085 ] } },
{ "type": "Feature", "properties": { "内容": "応援プラン【居宅介護支援】埼玉県越谷市千間台西５丁目２番地38", "url2": "https://www.kaigokensaku.mhlw.go.jp/11/index.php?action_kouhyou_detail_004_kani=true&JigyosyoCd=1170803421-00&ServiceCd=430&Type=search" }, "geometry": { "type": "Point", "coordinates": [ 139.765981600000032, 35.9326321 ] } },
{ "type": "Feature", "properties": { "内容": "ＳＯＭＰＯケア　北越谷　居宅介護支援【居宅介護支援】北越谷1丁目18-2", "url2": "https://www.kaigokensaku.mhlw.go.jp/11/index.php?action_kouhyou_detail_004_kani=true&JigyosyoCd=1170803975-00&ServiceCd=430&Type=search" }, "geometry": { "type": "Point", "coordinates": [ 139.781169, 35.8962552 ] } },
{ "type": "Feature", "properties": { "内容": "ＳＯＭＰＯケア　越谷蒲生　居宅介護支援【居宅介護支援】埼玉県越谷市蒲生茜町19-1井上ビル105号", "url2": "https://www.kaigokensaku.mhlw.go.jp/11/index.php?action_kouhyou_detail_004_kani=true&JigyosyoCd=1170803983-00&ServiceCd=430&Type=search" }, "geometry": { "type": "Point", "coordinates": [ 139.791007900000068, 35.8663015 ] } },
{ "type": "Feature", "properties": { "内容": "特定非営利活動法人　たすけあいすぎな【居宅介護支援】埼玉県越谷市下間久里998-1鵬松101号", "url2": "https://www.kaigokensaku.mhlw.go.jp/11/index.php?action_kouhyou_detail_004_kani=true&JigyosyoCd=1170800419-00&ServiceCd=430&Type=search" }, "geometry": { "type": "Point", "coordinates": [ 139.782142104040275, 35.927715086290483 ] } },
{ "type": "Feature", "properties": { "内容": "新越谷病院居宅介護支援事業所【居宅介護支援】埼玉県越谷市越ヶ谷1-11-33第一海野ビル２０１号室", "url2": "https://www.kaigokensaku.mhlw.go.jp/11/index.php?action_kouhyou_detail_004_kani=true&JigyosyoCd=1170802878-00&ServiceCd=430&Type=search" }, "geometry": { "type": "Point", "coordinates": [ 139.788707580039954, 35.886978721726344 ] } },
{ "type": "Feature", "properties": { "内容": "あずみ苑　蒲生【居宅介護支援】埼玉県越谷市蒲生4-17-1", "url2": "https://www.kaigokensaku.mhlw.go.jp/11/index.php?action_kouhyou_detail_004_kani=true&JigyosyoCd=1170803231-00&ServiceCd=430&Type=search" }, "geometry": { "type": "Point", "coordinates": [ 139.8047554, 35.8682779 ] } },
{ "type": "Feature", "properties": { "内容": "介護相談支援センターふくふく【居宅介護支援】埼玉県越谷市恩間231番地5", "url2": "https://www.kaigokensaku.mhlw.go.jp/11/index.php?action_kouhyou_detail_004_kani=true&JigyosyoCd=1170801912-00&ServiceCd=430&Type=search" }, "geometry": { "type": "Point", "coordinates": [ 139.772234843725073, 35.924724931206391 ] } },
{ "type": "Feature", "properties": { "内容": "居宅介護支援事業所イーアス【居宅介護支援】埼玉県越谷市相模町1丁目153番地１", "url2": "https://www.kaigokensaku.mhlw.go.jp/11/index.php?action_kouhyou_detail_004_kani=true&JigyosyoCd=1170804445-00&ServiceCd=430&Type=search" }, "geometry": { "type": "Point", "coordinates": [ 139.8052549, 35.8836765 ] } },
{ "type": "Feature", "properties": { "内容": "居宅介護支援事業所介護屋本舗【居宅介護支援】埼玉県越谷市赤山町1-57-1Aテック秋山ビル102", "url2": "https://www.kaigokensaku.mhlw.go.jp/11/index.php?action_kouhyou_detail_004_kani=true&JigyosyoCd=1170801755-00&ServiceCd=430&Type=search" }, "geometry": { "type": "Point", "coordinates": [ 139.784228471809797, 35.888204198548699 ] } },
{ "type": "Feature", "properties": { "内容": "居宅介護支援事業所きらら【居宅介護支援】埼玉県越谷市千間台東2-14-5カネコ店舗２階", "url2": "https://www.kaigokensaku.mhlw.go.jp/11/index.php?action_kouhyou_detail_004_kani=true&JigyosyoCd=1170804742-00&ServiceCd=430&Type=search" }, "geometry": { "type": "Point", "coordinates": [ 139.780667017176711, 35.935556887091472 ] } },
{ "type": "Feature", "properties": { "内容": "居宅介護支援事業所すずみな越谷【居宅介護支援】埼玉県越谷市南越谷３－１０－７フォルテ新越谷１０２", "url2": "https://www.kaigokensaku.mhlw.go.jp/11/index.php?action_kouhyou_detail_004_kani=true&JigyosyoCd=1170804213-00&ServiceCd=430&Type=search" }, "geometry": { "type": "Point", "coordinates": [ 139.7889533, 35.8782794 ] } },
{ "type": "Feature", "properties": { "内容": "ニチイケアセンター茜【居宅介護支援】埼玉県越谷市新越谷1丁目69-9", "url2": "https://www.kaigokensaku.mhlw.go.jp/11/index.php?action_kouhyou_detail_004_kani=true&JigyosyoCd=1170801045-00&ServiceCd=430&Type=search" }, "geometry": { "type": "Point", "coordinates": [ 139.784649899999977, 35.871650600000031 ] } },
{ "type": "Feature", "properties": { "内容": "居宅介護支援事業所あすなろ越谷【居宅介護支援】越谷市平方393-2", "url2": "https://www.kaigokensaku.mhlw.go.jp/11/index.php?action_kouhyou_detail_004_kani=true&JigyosyoCd=1170801938-00&ServiceCd=430&Type=search" }, "geometry": { "type": "Point", "coordinates": [ 139.784249100000011, 35.9553381 ] } },
{ "type": "Feature", "properties": { "内容": "ケアプランにじ【居宅介護支援】埼玉県越谷市東越谷8-11-3　２F", "url2": "https://www.kaigokensaku.mhlw.go.jp/11/index.php?action_kouhyou_detail_004_kani=true&JigyosyoCd=1170803470-00&ServiceCd=430&Type=search" }, "geometry": { "type": "Point", "coordinates": [ 139.78780493447573, 35.926150353518729 ] } },
{ "type": "Feature", "properties": { "内容": "指定居宅介護支援事業所　越谷なごみの郷【居宅介護支援】埼玉県越谷市川柳町３－６０－１", "url2": "https://www.kaigokensaku.mhlw.go.jp/11/index.php?action_kouhyou_detail_004_kani=true&JigyosyoCd=1170800054-00&ServiceCd=430&Type=search" }, "geometry": { "type": "Point", "coordinates": [ 139.813128199999937, 35.8639797 ] } },
{ "type": "Feature", "properties": { "内容": "居宅介護支援センター　キャンベルホーム【居宅介護支援】越谷市大字大吉552-1特別養護老人ホーム　キャンベルホーム", "url2": "https://www.kaigokensaku.mhlw.go.jp/11/index.php?action_kouhyou_detail_004_kani=true&JigyosyoCd=1170800609-00&ServiceCd=430&Type=search" }, "geometry": { "type": "Point", "coordinates": [ 139.803088099999968, 35.9178025 ] } },
{ "type": "Feature", "properties": { "内容": "居宅介護支援事業所　よつ葉【居宅介護支援】埼玉県越谷市御殿町4-53ハイムベルツリー203号", "url2": "https://www.kaigokensaku.mhlw.go.jp/11/index.php?action_kouhyou_detail_004_kani=true&JigyosyoCd=1170805053-00&ServiceCd=430&Type=search" }, "geometry": { "type": "Point", "coordinates": [ 139.788344, 35.8964946 ] } },
{ "type": "Feature", "properties": { "内容": "学研ココファン南越谷【居宅介護支援】越谷市新越谷1-68-1学研ココファン南越谷", "url2": "https://www.kaigokensaku.mhlw.go.jp/11/index.php?action_kouhyou_detail_004_kani=true&JigyosyoCd=1170802480-00&ServiceCd=430&Type=search" }, "geometry": { "type": "Point", "coordinates": [ 139.7846, 35.871284 ] } },
{ "type": "Feature", "properties": { "内容": "指定居宅介護支援事業所　シルバーケア敬愛【居宅介護支援】埼玉県越谷市平方２７２番地１", "url2": "https://www.kaigokensaku.mhlw.go.jp/11/index.php?action_kouhyou_detail_004_kani=true&JigyosyoCd=1170800047-00&ServiceCd=430&Type=search" }, "geometry": { "type": "Point", "coordinates": [ 139.778868800000026, 35.9569821 ] } },
{ "type": "Feature", "properties": { "内容": "指定居宅介護支援事業所　敬愛【居宅介護支援】埼玉県越谷市平方343番地1リハビリテーション天草病院内", "url2": "https://www.kaigokensaku.mhlw.go.jp/11/index.php?action_kouhyou_detail_004_kani=true&JigyosyoCd=1170803280-00&ServiceCd=430&Type=search" }, "geometry": { "type": "Point", "coordinates": [ 139.778838299999961, 35.9552907 ] } },
{ "type": "Feature", "properties": { "内容": "憩いの里　指定居宅介護支援事業所【居宅介護支援】埼玉県越谷市増森１－８５", "url2": "https://www.kaigokensaku.mhlw.go.jp/11/index.php?action_kouhyou_detail_004_kani=true&JigyosyoCd=1170800104-00&ServiceCd=430&Type=search" }, "geometry": { "type": "Point", "coordinates": [ 139.8207903, 35.9003807 ] } },
{ "type": "Feature", "properties": { "内容": "居宅介護支援事業所　越谷ホーム【居宅介護支援】埼玉県越谷市大字南荻島1987番地2", "url2": "https://www.kaigokensaku.mhlw.go.jp/11/index.php?action_kouhyou_detail_004_kani=true&JigyosyoCd=1170800039-00&ServiceCd=430&Type=search" }, "geometry": { "type": "Point", "coordinates": [ 139.760187299999984, 35.9029342 ] } },
{ "type": "Feature", "properties": { "内容": "あいライフ【居宅介護支援】埼玉県越谷市神明町2丁目341-8", "url2": "https://www.kaigokensaku.mhlw.go.jp/11/index.php?action_kouhyou_detail_004_kani=true&JigyosyoCd=1170802209-00&ServiceCd=430&Type=search" }, "geometry": { "type": "Point", "coordinates": [ 139.770622600000024, 35.8973686 ] } },
{ "type": "Feature", "properties": { "内容": "みらいKAIGOレイクタウン【居宅介護支援】越谷市レイクタウン1丁目33番地5", "url2": "https://www.kaigokensaku.mhlw.go.jp/11/index.php?action_kouhyou_detail_004_kani=true&JigyosyoCd=1170804361-00&ServiceCd=430&Type=search" }, "geometry": { "type": "Point", "coordinates": [ 139.8156311, 35.880712 ] } },
{ "type": "Feature", "properties": { "内容": "あおぞら介護サービス【居宅介護支援】越谷市大沢三丁目１５番１３号", "url2": "https://www.kaigokensaku.mhlw.go.jp/11/index.php?action_kouhyou_detail_004_kani=true&JigyosyoCd=1170800492-00&ServiceCd=430&Type=search" }, "geometry": { "type": "Point", "coordinates": [ 139.781938200000013, 35.9005963 ] } },
{ "type": "Feature", "properties": { "内容": "つどい支援事業所　越谷【居宅介護支援】越谷市千間台西4-3-14", "url2": "https://www.kaigokensaku.mhlw.go.jp/11/index.php?action_kouhyou_detail_004_kani=true&JigyosyoCd=1170800997-00&ServiceCd=430&Type=search" }, "geometry": { "type": "Point", "coordinates": [ 139.764981499999976, 35.9354315 ] } },
{ "type": "Feature", "properties": { "内容": "居宅介護支援事業所みちみち越谷【居宅介護支援】埼玉県越谷市大字船渡2046番地", "url2": "https://www.kaigokensaku.mhlw.go.jp/11/index.php?action_kouhyou_detail_004_kani=true&JigyosyoCd=1170803132-00&ServiceCd=430&Type=search" }, "geometry": { "type": "Point", "coordinates": [ 139.799617500000011, 35.9407139 ] } },
{ "type": "Feature", "properties": { "内容": "指定居宅介護支援事業所「こしがや社協」【居宅介護支援】越谷市宮本町一丁目１５１番地エスペランサ１０１号室", "url2": "https://www.kaigokensaku.mhlw.go.jp/11/index.php?action_kouhyou_detail_004_kani=true&JigyosyoCd=1170800096-00&ServiceCd=430&Type=search" }, "geometry": { "type": "Point", "coordinates": [ 139.782422837136806, 35.890301430030526 ] } },
{ "type": "Feature", "properties": { "内容": "介護プラン　笑顔の家【居宅介護支援】埼玉県越谷市東大沢2-23-2", "url2": "https://www.kaigokensaku.mhlw.go.jp/11/index.php?action_kouhyou_detail_004_kani=true&JigyosyoCd=1170802886-00&ServiceCd=430&Type=search" }, "geometry": { "type": "Point", "coordinates": [ 139.761829300000045, 35.9303628 ] } },
{ "type": "Feature", "properties": { "内容": "一般社団法人　越谷市医師会立居宅介護支援事業所【居宅介護支援】埼玉県越谷市東越谷十丁目31番地越谷市保健センター3階", "url2": "https://www.kaigokensaku.mhlw.go.jp/11/index.php?action_kouhyou_detail_004_kani=true&JigyosyoCd=1170800161-00&ServiceCd=430&Type=search" }, "geometry": { "type": "Point", "coordinates": [ 139.807332160910818, 35.898243083560679 ] } },
{ "type": "Feature", "properties": { "内容": "ケアプランひかり【居宅介護支援】越谷市大字恩間新田３８５番地１", "url2": "https://www.kaigokensaku.mhlw.go.jp/11/index.php?action_kouhyou_detail_004_kani=true&JigyosyoCd=1170804577-00&ServiceCd=430&Type=search" }, "geometry": { "type": "Point", "coordinates": [ 139.7615941, 35.9369136 ] } },
{ "type": "Feature", "properties": { "内容": "アートケアプラン【居宅介護支援】埼玉県越谷市赤山町1-147", "url2": "https://www.kaigokensaku.mhlw.go.jp/11/index.php?action_kouhyou_detail_004_kani=true&JigyosyoCd=1170803827-00&ServiceCd=430&Type=search" }, "geometry": { "type": "Point", "coordinates": [ 139.781785839609569, 35.888748926737954 ] } },
{ "type": "Feature", "properties": { "内容": "ひまわりクリニック介護相談室【居宅介護支援】蒲生3-17-5", "url2": "https://www.kaigokensaku.mhlw.go.jp/11/index.php?action_kouhyou_detail_004_kani=true&JigyosyoCd=1170803033-00&ServiceCd=430&Type=search" }, "geometry": { "type": "Point", "coordinates": [ 139.80203460000007, 35.867407 ] } },
{ "type": "Feature", "properties": { "内容": "ケアプラン　あさひ【居宅介護支援】埼玉県越谷市西新井982番地2号", "url2": "https://www.kaigokensaku.mhlw.go.jp/11/index.php?action_kouhyou_detail_004_kani=true&JigyosyoCd=1170804155-00&ServiceCd=430&Type=search" }, "geometry": { "type": "Point", "coordinates": [ 139.7476797, 35.8941364 ] } },
{ "type": "Feature", "properties": { "内容": "居宅介護支援事業所　ソラスト北越谷【居宅介護支援】埼玉県越谷市花田3-4-16メゾンパントラン　1階", "url2": "https://www.kaigokensaku.mhlw.go.jp/11/index.php?action_kouhyou_detail_004_kani=true&JigyosyoCd=1170802332-00&ServiceCd=430&Type=search" }, "geometry": { "type": "Point", "coordinates": [ 139.798405799999955, 35.9074957 ] } },
{ "type": "Feature", "properties": { "内容": "指定居宅介護支援事業所ダイヤモンド【居宅介護支援】埼玉県越谷市東大沢4-30-3ベルドゥムール越谷湯元温泉406", "url2": "https://www.kaigokensaku.mhlw.go.jp/11/index.php?action_kouhyou_detail_004_kani=true&JigyosyoCd=1170804270-00&ServiceCd=430&Type=search" }, "geometry": { "type": "Point", "coordinates": [ 139.792765300000013, 35.9085041 ] } },
{ "type": "Feature", "properties": { "内容": "居宅介護支援事業所　げんき【居宅介護支援】大沢4-6-24三貴ビル1F", "url2": "https://www.kaigokensaku.mhlw.go.jp/11/index.php?action_kouhyou_detail_004_kani=true&JigyosyoCd=1170803843-00&ServiceCd=430&Type=search" }, "geometry": { "type": "Point", "coordinates": [ 139.7841995, 35.8978453 ] } },
{ "type": "Feature", "properties": { "内容": "居宅介護支援事業所　ハーモニー【居宅介護支援】埼玉県越谷市大字大里１０８－７", "url2": "https://www.kaigokensaku.mhlw.go.jp/11/index.php?action_kouhyou_detail_004_kani=true&JigyosyoCd=1170801540-00&ServiceCd=430&Type=search" }, "geometry": { "type": "Point", "coordinates": [ 139.785595, 35.9207267 ] } },
{ "type": "Feature", "properties": { "内容": "指定居宅介護支援事業所あいあい【居宅介護支援】埼玉県越谷市大竹８３１－１", "url2": "https://www.kaigokensaku.mhlw.go.jp/11/index.php?action_kouhyou_detail_004_kani=true&JigyosyoCd=1170800534-00&ServiceCd=430&Type=search" }, "geometry": { "type": "Point", "coordinates": [ 139.764165700000035, 35.9252805 ] } },
{ "type": "Feature", "properties": { "内容": "ケアプラン喜【居宅介護支援】埼玉県越谷市弥栄町1丁目105番地5", "url2": "https://www.kaigokensaku.mhlw.go.jp/11/index.php?action_kouhyou_detail_004_kani=true&JigyosyoCd=1170805095-00&ServiceCd=430&Type=search" }, "geometry": { "type": "Point", "coordinates": [ 139.7960878, 35.9153897 ] } },
{ "type": "Feature", "properties": { "内容": "ケアプラン花梨【居宅介護支援】埼玉県越谷市越ヶ谷１丁目４番６号２階オフィス８０１（７号室）", "url2": "https://www.kaigokensaku.mhlw.go.jp/11/index.php?action_kouhyou_detail_004_kani=true&JigyosyoCd=1170804734-00&ServiceCd=430&Type=search" }, "geometry": { "type": "Point", "coordinates": [ 139.789972, 35.8891939 ] } },
{ "type": "Feature", "properties": { "内容": "コスモ訪問看護リハビリステーションレイクタウン【居宅介護支援】西方2-10-122階", "url2": "https://www.kaigokensaku.mhlw.go.jp/11/index.php?action_kouhyou_detail_004_kani=true&JigyosyoCd=1170803777-00&ServiceCd=430&Type=search" }, "geometry": { "type": "Point", "coordinates": [ 139.798470359304588, 35.884844990441927 ] } },
{ "type": "Feature", "properties": { "内容": "秀峰会　居宅介護支援事業所　徳風【居宅介護支援】越谷市七左町４－１５４", "url2": "https://www.kaigokensaku.mhlw.go.jp/11/index.php?action_kouhyou_detail_004_kani=true&JigyosyoCd=1170800088-00&ServiceCd=430&Type=search" }, "geometry": { "type": "Point", "coordinates": [ 139.770051299999977, 35.8705305 ] } },
{ "type": "Feature", "properties": { "内容": "居宅介護支援事業所みやび【居宅介護支援】埼玉県越谷市東越谷４－１１－５", "url2": "https://www.kaigokensaku.mhlw.go.jp/11/index.php?action_kouhyou_detail_004_kani=true&JigyosyoCd=1170804056-00&ServiceCd=430&Type=search" }, "geometry": { "type": "Point", "coordinates": [ 139.795637700000043, 35.8983838 ] } },
{ "type": "Feature", "properties": { "内容": "ケアプラン湖街【居宅介護支援】埼玉県越谷市レイクタウン8丁目12-12", "url2": "https://www.kaigokensaku.mhlw.go.jp/11/index.php?action_kouhyou_detail_004_kani=true&JigyosyoCd=1170804924-00&ServiceCd=430&Type=search" }, "geometry": { "type": "Point", "coordinates": [ 139.823179096295178, 35.875801266421902 ] } },
{ "type": "Feature", "properties": { "内容": "トータルライフケア越谷【居宅介護支援】蒲生西町2-1-36ベルメゾンKY101", "url2": "https://www.kaigokensaku.mhlw.go.jp/11/index.php?action_kouhyou_detail_004_kani=true&JigyosyoCd=1170805061-00&ServiceCd=430&Type=search" }, "geometry": { "type": "Point", "coordinates": [ 139.7918798, 35.8648469 ] } },
{ "type": "Feature", "properties": { "内容": "健康アカデミー認知症介護支援センター【居宅介護支援】埼玉県越谷市蒲生寿町５－７越谷メディカルビル３階", "url2": "https://www.kaigokensaku.mhlw.go.jp/11/index.php?action_kouhyou_detail_004_kani=true&JigyosyoCd=1170800922-00&ServiceCd=430&Type=search" }, "geometry": { "type": "Point", "coordinates": [ 139.794422850900929, 35.867754783484031 ] } },
{ "type": "Feature", "properties": { "内容": "居宅介護支援事業所ゆめいろ【居宅介護支援】埼玉県越谷市東越谷5丁目１２番地１小島ビル１０１", "url2": "https://www.kaigokensaku.mhlw.go.jp/11/index.php?action_kouhyou_detail_004_kani=true&JigyosyoCd=1170802258-00&ServiceCd=430&Type=search" }, "geometry": { "type": "Point", "coordinates": [ 139.7939927, 35.8993302 ] } },
{ "type": "Feature", "properties": { "内容": "かけはし指定居宅介護支援事業所【居宅介護支援】越谷市蒲生２－９－３０", "url2": "https://www.kaigokensaku.mhlw.go.jp/11/index.php?action_kouhyou_detail_004_kani=true&JigyosyoCd=1170801789-00&ServiceCd=430&Type=search" }, "geometry": { "type": "Point", "coordinates": [ 139.801665400000047, 35.8613022 ] } },
{ "type": "Feature", "properties": { "内容": "居宅介護支援事業所ケアプランローズ【居宅介護支援】埼玉県越谷市登戸町15番３６号", "url2": "https://www.kaigokensaku.mhlw.go.jp/11/index.php?action_kouhyou_detail_004_kani=true&JigyosyoCd=1170802712-00&ServiceCd=430&Type=search" }, "geometry": { "type": "Point", "coordinates": [ 139.7987717, 35.8735121 ] } },
{ "type": "Feature", "properties": { "内容": "ときわケアマネオフィス【居宅介護支援】埼玉県越谷市越ヶ谷二丁目8番地9号ＫＳ　ｂａｓｅ３０１", "url2": "https://www.kaigokensaku.mhlw.go.jp/11/index.php?action_kouhyou_detail_004_kani=true&JigyosyoCd=1170804239-00&ServiceCd=430&Type=search" }, "geometry": { "type": "Point", "coordinates": [ 139.7896857, 35.8904033 ] } },
{ "type": "Feature", "properties": { "内容": "居宅介護支援事業所　とも【居宅介護支援】埼玉県越谷市大間野町4丁目21-2大間野森田事務所1階", "url2": "https://www.kaigokensaku.mhlw.go.jp/11/index.php?action_kouhyou_detail_004_kani=true&JigyosyoCd=1170803272-00&ServiceCd=430&Type=search" }, "geometry": { "type": "Point", "coordinates": [ 139.779348873422208, 35.863795445894283 ] } },
{ "type": "Feature", "properties": { "内容": "居宅介護支援事業所おとはな【居宅介護支援】埼玉県越谷市大成町1丁目１９１番地３", "url2": "https://www.kaigokensaku.mhlw.go.jp/11/index.php?action_kouhyou_detail_004_kani=true&JigyosyoCd=1170805079-00&ServiceCd=430&Type=search" }, "geometry": { "type": "Point", "coordinates": [ 139.822630299999986, 35.8925707 ] } },
{ "type": "Feature", "properties": { "内容": "医療法人社団白報会　居宅介護支援事業所しらこばと越谷【居宅介護支援】埼玉県越谷市蒲生旭町13-5", "url2": "https://www.kaigokensaku.mhlw.go.jp/11/index.php?action_kouhyou_detail_004_kani=true&JigyosyoCd=1170802142-00&ServiceCd=430&Type=search" }, "geometry": { "type": "Point", "coordinates": [ 139.784908500000029, 35.9017534 ] } },
{ "type": "Feature", "properties": { "内容": "ケアプラン　やまぶき【居宅介護支援】埼玉県越谷市北越谷2丁目4番4号", "url2": "https://www.kaigokensaku.mhlw.go.jp/11/index.php?action_kouhyou_detail_004_kani=true&JigyosyoCd=1170804452-00&ServiceCd=430&Type=search" }, "geometry": { "type": "Point", "coordinates": [ 139.778487399999989, 35.8981634 ] } },
{ "type": "Feature", "properties": { "内容": "居宅介護支援事業所プルメリア【居宅介護支援】埼玉県越谷市瓦曽根2-12-16ファミール101　401号", "url2": "https://www.kaigokensaku.mhlw.go.jp/11/index.php?action_kouhyou_detail_004_kani=true&JigyosyoCd=1170805335-00&ServiceCd=430&Type=search" }, "geometry": { "type": "Point", "coordinates": [ 139.7916899, 35.8817584 ] } },
{ "type": "Feature", "properties": { "内容": "居宅介護支援事業所　とまりや【居宅介護支援】埼玉県越谷市谷中町四丁目293番地1", "url2": "https://www.kaigokensaku.mhlw.go.jp/11/index.php?action_kouhyou_detail_004_kani=true&JigyosyoCd=1170803314-00&ServiceCd=430&Type=search" }, "geometry": { "type": "Point", "coordinates": [ 139.764601399999947, 35.8832341 ] } },
{ "type": "Feature", "properties": { "内容": "ケア・オフィス福【居宅介護支援】埼玉県越谷市北越谷4-3-1阿出川ビル201", "url2": "https://www.kaigokensaku.mhlw.go.jp/11/index.php?action_kouhyou_detail_004_kani=true&JigyosyoCd=1170805020-00&ServiceCd=430&Type=search" }, "geometry": { "type": "Point", "coordinates": [ 139.778219111006166, 35.901886407028819 ] } },
{ "type": "Feature", "properties": { "内容": "居宅介護支援事業所　あを【居宅介護支援】埼玉県越谷市袋山1503番地30", "url2": "https://www.kaigokensaku.mhlw.go.jp/11/index.php?action_kouhyou_detail_004_kani=true&JigyosyoCd=1170804676-00&ServiceCd=430&Type=search" }, "geometry": { "type": "Point", "coordinates": [ 139.776958528202357, 35.922118223095083 ] } },
{ "type": "Feature", "properties": { "内容": "ケアプランゆう【居宅介護支援】越ヶ谷1-12-12", "url2": "https://www.kaigokensaku.mhlw.go.jp/11/index.php?action_kouhyou_detail_004_kani=true&JigyosyoCd=1160890350-00&ServiceCd=430&Type=search" }, "geometry": { "type": "Point", "coordinates": [ 139.78959446441803, 35.88675900371198 ] } },
{ "type": "Feature", "properties": { "内容": "特定居宅介護支援事業所　奏【居宅介護支援】埼玉県越谷市東越谷２－１７－６", "url2": "https://www.kaigokensaku.mhlw.go.jp/11/index.php?action_kouhyou_detail_004_kani=true&JigyosyoCd=1170804486-00&ServiceCd=430&Type=search" }, "geometry": { "type": "Point", "coordinates": [ 139.7974332, 35.8907484 ] } },
{ "type": "Feature", "properties": { "内容": "居宅介護支援事業所　寿【居宅介護支援】埼玉県越谷市東大沢1-17-2", "url2": "https://www.kaigokensaku.mhlw.go.jp/11/index.php?action_kouhyou_detail_004_kani=true&JigyosyoCd=1170801474-00&ServiceCd=430&Type=search" }, "geometry": { "type": "Point", "coordinates": [ 139.788123690801854, 35.907788058638857 ] } },
{ "type": "Feature", "properties": { "内容": "ゆとり庵北越谷　居宅介護支援事業所【居宅介護支援】埼玉県越谷市袋山1524-2リーベンハイム205号室", "url2": "https://www.kaigokensaku.mhlw.go.jp/11/index.php?action_kouhyou_detail_004_kani=true&JigyosyoCd=1170804338-00&ServiceCd=430&Type=search" }, "geometry": { "type": "Point", "coordinates": [ 139.777427686508162, 35.921706130537146 ] } },
{ "type": "Feature", "properties": { "内容": "アマーブレ【居宅介護支援】埼玉県越谷市七左町１－２６－８", "url2": "https://www.kaigokensaku.mhlw.go.jp/11/index.php?action_kouhyou_detail_004_kani=true&JigyosyoCd=1170802357-00&ServiceCd=430&Type=search" }, "geometry": { "type": "Point", "coordinates": [ 139.785587249073842, 35.867524278506401 ] } },
{ "type": "Feature", "properties": { "内容": "飛鳥ケアプラン【居宅介護支援】埼玉県越谷市袋山249-8", "url2": "https://www.kaigokensaku.mhlw.go.jp/11/index.php?action_kouhyou_detail_004_kani=true&JigyosyoCd=1170802654-00&ServiceCd=430&Type=search" }, "geometry": { "type": "Point", "coordinates": [ 139.773709599999961, 35.92299520000001 ] } },
{ "type": "Feature", "properties": { "内容": "介護相談室いと【居宅介護支援】埼玉県蕨市北町1-23-29ラフォーレ101", "url2": "https://www.kaigokensaku.mhlw.go.jp/11/index.php?action_kouhyou_detail_004_kani=true&JigyosyoCd=1171400979-00&ServiceCd=430&Type=search" }, "geometry": { "type": "Point", "coordinates": [ 139.682307600000058, 35.8306639 ] } },
{ "type": "Feature", "properties": { "内容": "和楽居宅介護支援事務所【居宅介護支援】埼玉県蕨市錦町6-7-7", "url2": "https://www.kaigokensaku.mhlw.go.jp/11/index.php?action_kouhyou_detail_004_kani=true&JigyosyoCd=1171400920-00&ServiceCd=430&Type=search" }, "geometry": { "type": "Point", "coordinates": [ 139.666874753967249, 35.82763825693155 ] } },
{ "type": "Feature", "properties": { "内容": "ベストケア【居宅介護支援】埼玉県蕨市塚越７－２４－１３メゾンワラビ101号", "url2": "https://www.kaigokensaku.mhlw.go.jp/11/index.php?action_kouhyou_detail_004_kani=true&JigyosyoCd=1171400391-00&ServiceCd=430&Type=search" }, "geometry": { "type": "Point", "coordinates": [ 139.706634300000019, 35.8213918 ] } },
{ "type": "Feature", "properties": { "内容": "蕨指定居宅介護支援センター【居宅介護支援】埼玉県蕨市錦町３－３－２７", "url2": "https://www.kaigokensaku.mhlw.go.jp/11/index.php?action_kouhyou_detail_004_kani=true&JigyosyoCd=1171400524-00&ServiceCd=430&Type=search" }, "geometry": { "type": "Point", "coordinates": [ 139.67287239999996, 35.8278224 ] } },
{ "type": "Feature", "properties": { "内容": "ファインテイスト【居宅介護支援】埼玉県蕨市中央４丁目７番６号", "url2": "https://www.kaigokensaku.mhlw.go.jp/11/index.php?action_kouhyou_detail_004_kani=true&JigyosyoCd=1171400664-00&ServiceCd=430&Type=search" }, "geometry": { "type": "Point", "coordinates": [ 139.684488874205016, 35.823303600783163 ] } },
{ "type": "Feature", "properties": { "内容": "寧幸会居宅介護支援事業所【居宅介護支援】蕨市北町５－１２－５", "url2": "https://www.kaigokensaku.mhlw.go.jp/11/index.php?action_kouhyou_detail_004_kani=true&JigyosyoCd=1171400797-00&ServiceCd=430&Type=search" }, "geometry": { "type": "Point", "coordinates": [ 139.66930590000004, 35.8347518 ] } },
{ "type": "Feature", "properties": { "内容": "ケアサポート　道【居宅介護支援】埼玉県蕨市南町４ー３８ー１８", "url2": "https://www.kaigokensaku.mhlw.go.jp/11/index.php?action_kouhyou_detail_004_kani=true&JigyosyoCd=1171400417-00&ServiceCd=430&Type=search" }, "geometry": { "type": "Point", "coordinates": [ 139.692646, 35.8162997 ] } },
{ "type": "Feature", "properties": { "内容": "居宅介護支援事業所　あかね【居宅介護支援】蕨市中央7-6-3サンピア小貫１階", "url2": "https://www.kaigokensaku.mhlw.go.jp/11/index.php?action_kouhyou_detail_004_kani=true&JigyosyoCd=1171400599-00&ServiceCd=430&Type=search" }, "geometry": { "type": "Point", "coordinates": [ 139.687524100000019, 35.8200962 ] } },
{ "type": "Feature", "properties": { "内容": "居宅介護支援事業所　ほっとみるくわらび【居宅介護支援】埼玉県蕨市北町1-8-10北町ロイヤルハイツA", "url2": "https://www.kaigokensaku.mhlw.go.jp/11/index.php?action_kouhyou_detail_004_kani=true&JigyosyoCd=1171400441-00&ServiceCd=430&Type=search" }, "geometry": { "type": "Point", "coordinates": [ 139.684374190946187, 35.828296885335121 ] } },
{ "type": "Feature", "properties": { "内容": "ホームケア笑みくる【居宅介護支援】埼玉県蕨市錦町1-9-1プランドールJIN202号", "url2": "https://www.kaigokensaku.mhlw.go.jp/11/index.php?action_kouhyou_detail_004_kani=true&JigyosyoCd=1171401050-00&ServiceCd=430&Type=search" }, "geometry": { "type": "Point", "coordinates": [ 139.680330496809802, 35.821614330570554 ] } },
{ "type": "Feature", "properties": { "内容": "蕨介護サービス事業所【居宅介護支援】埼玉県蕨市南町4-41-6", "url2": "https://www.kaigokensaku.mhlw.go.jp/11/index.php?action_kouhyou_detail_004_kani=true&JigyosyoCd=1171400268-00&ServiceCd=430&Type=search" }, "geometry": { "type": "Point", "coordinates": [ 139.6944403, 35.81618579999995 ] } },
{ "type": "Feature", "properties": { "内容": "花介護【居宅介護支援】埼玉県蕨市北町２丁目１２番７号", "url2": "https://www.kaigokensaku.mhlw.go.jp/11/index.php?action_kouhyou_detail_004_kani=true&JigyosyoCd=1171400904-00&ServiceCd=430&Type=search" }, "geometry": { "type": "Point", "coordinates": [ 139.6802245, 35.8274921 ] } },
{ "type": "Feature", "properties": { "内容": "まちの介護相談室ひかり【居宅介護支援】埼玉県蕨市中央6-8-17ひかり幼稚舎2F", "url2": "https://www.kaigokensaku.mhlw.go.jp/11/index.php?action_kouhyou_detail_004_kani=true&JigyosyoCd=1171401241-00&ServiceCd=430&Type=search" }, "geometry": { "type": "Point", "coordinates": [ 139.68281102023775, 35.821890545319256 ] } },
{ "type": "Feature", "properties": { "内容": "わらびとだ訪問看護ステーション居宅介護支援事業所【居宅介護支援】埼玉県蕨市中央４－９－２２", "url2": "https://www.kaigokensaku.mhlw.go.jp/11/index.php?action_kouhyou_detail_004_kani=true&JigyosyoCd=1161490028-00&ServiceCd=430&Type=search" }, "geometry": { "type": "Point", "coordinates": [ 139.68362430000002, 35.8240511 ] } },
{ "type": "Feature", "properties": { "内容": "イベリスキョタクカイゴシエンジギョウショ【居宅介護支援】南町5-17　プロエコレット304号室プロエコレット304号室", "url2": "https://www.kaigokensaku.mhlw.go.jp/11/index.php?action_kouhyou_detail_004_kani=true&JigyosyoCd=1171401258-00&ServiceCd=430&Type=search" }, "geometry": { "type": "Point", "coordinates": [ 139.535119400000013, 35.7242815 ] } },
{ "type": "Feature", "properties": { "内容": "みつわこまち　介護相談室【居宅介護支援】埼玉県蕨市南町2-9-12", "url2": "https://www.kaigokensaku.mhlw.go.jp/11/index.php?action_kouhyou_detail_004_kani=true&JigyosyoCd=1171400839-00&ServiceCd=430&Type=search" }, "geometry": { "type": "Point", "coordinates": [ 139.696453744257923, 35.821281348240063 ] } },
{ "type": "Feature", "properties": { "内容": "居宅介護支援事業所　彩【居宅介護支援】新曽1082パレグランドール109", "url2": "https://www.kaigokensaku.mhlw.go.jp/11/index.php?action_kouhyou_detail_004_kani=true&JigyosyoCd=1171902115-00&ServiceCd=430&Type=search" }, "geometry": { "type": "Point", "coordinates": [ 139.6660828, 35.81713 ] } },
{ "type": "Feature", "properties": { "内容": "ＳＯＭＰＯケア北戸田居宅介護支援【居宅介護支援】戸田市大字新曽2252そんぽの家Ｓ北戸田", "url2": "https://www.kaigokensaku.mhlw.go.jp/11/index.php?action_kouhyou_detail_004_kani=true&JigyosyoCd=1171901117-00&ServiceCd=430&Type=search" }, "geometry": { "type": "Point", "coordinates": [ 139.65921412475268, 35.823644521709888 ] } },
{ "type": "Feature", "properties": { "内容": "介護ステーションぱる戸田【居宅介護支援】埼玉県戸田市喜沢南2-5-23", "url2": "https://www.kaigokensaku.mhlw.go.jp/11/index.php?action_kouhyou_detail_004_kani=true&JigyosyoCd=1171900572-00&ServiceCd=430&Type=search" }, "geometry": { "type": "Point", "coordinates": [ 139.6913075, 35.8070316 ] } },
{ "type": "Feature", "properties": { "内容": "中央居宅介護支援センター【居宅介護支援】埼玉県戸田市大字上戸田５番地の４", "url2": "https://www.kaigokensaku.mhlw.go.jp/11/index.php?action_kouhyou_detail_004_kani=true&JigyosyoCd=1171900010-00&ServiceCd=430&Type=search" }, "geometry": { "type": "Point", "coordinates": [ 139.673731099999941, 35.8145438 ] } },
{ "type": "Feature", "properties": { "内容": "居宅介護支援センターみささ【居宅介護支援】戸田市笹目3-8-13セヴンスけやき1F", "url2": "https://www.kaigokensaku.mhlw.go.jp/11/index.php?action_kouhyou_detail_004_kani=true&JigyosyoCd=1171900838-00&ServiceCd=430&Type=search" }, "geometry": { "type": "Point", "coordinates": [ 139.648417399999971, 35.8164087 ] } },
{ "type": "Feature", "properties": { "内容": "ケアサポートセンター　もみじ【居宅介護支援】埼玉県戸田市笹目南町20－24－202", "url2": "https://www.kaigokensaku.mhlw.go.jp/11/index.php?action_kouhyou_detail_004_kani=true&JigyosyoCd=1171900317-00&ServiceCd=430&Type=search" }, "geometry": { "type": "Point", "coordinates": [ 139.653210700000045, 35.812999 ] } },
{ "type": "Feature", "properties": { "内容": "居宅介護支援センタ―四季/フォーシーズン【居宅介護支援】埼玉県戸田市上戸田3-23-32", "url2": "https://www.kaigokensaku.mhlw.go.jp/11/index.php?action_kouhyou_detail_004_kani=true&JigyosyoCd=1171901547-00&ServiceCd=430&Type=search" }, "geometry": { "type": "Point", "coordinates": [ 139.674711871163936, 35.81480415022444 ] } },
{ "type": "Feature", "properties": { "内容": "居宅介護支援事業所とだ優和の杜【居宅介護支援】埼玉県戸田市新曽南4-2-35", "url2": "https://www.kaigokensaku.mhlw.go.jp/11/index.php?action_kouhyou_detail_004_kani=true&JigyosyoCd=1171901315-00&ServiceCd=430&Type=search" }, "geometry": { "type": "Point", "coordinates": [ 139.662949, 35.806603 ] } },
{ "type": "Feature", "properties": { "内容": "指定相談支援アットコレット氷川町【居宅介護支援】埼玉県戸田市氷川町3-1-12", "url2": "https://www.kaigokensaku.mhlw.go.jp/11/index.php?action_kouhyou_detail_004_kani=true&JigyosyoCd=1171902057-00&ServiceCd=430&Type=search" }, "geometry": { "type": "Point", "coordinates": [ 139.6600199, 35.8072367 ] } },
{ "type": "Feature", "properties": { "内容": "ふくのき居宅介護支援事業所【居宅介護支援】埼玉県戸田市喜沢南2-7-14もとはしクリニック２F", "url2": "https://www.kaigokensaku.mhlw.go.jp/11/index.php?action_kouhyou_detail_004_kani=true&JigyosyoCd=1171902016-00&ServiceCd=430&Type=search" }, "geometry": { "type": "Point", "coordinates": [ 139.690479399999987, 35.8065149 ] } },
{ "type": "Feature", "properties": { "内容": "あいケアサポート戸田【居宅介護支援】戸田市新曽１５９５－１アドバンスドゥマン１０６", "url2": "https://www.kaigokensaku.mhlw.go.jp/11/index.php?action_kouhyou_detail_004_kani=true&JigyosyoCd=1171900721-00&ServiceCd=430&Type=search" }, "geometry": { "type": "Point", "coordinates": [ 139.663265, 35.8251392 ] } },
{ "type": "Feature", "properties": { "内容": "ハートケアサービス【居宅介護支援】埼玉県戸田市上戸田五丁目２６番１８号第二梅田コーポ１０５号室", "url2": "https://www.kaigokensaku.mhlw.go.jp/11/index.php?action_kouhyou_detail_004_kani=true&JigyosyoCd=1171901570-00&ServiceCd=430&Type=search" }, "geometry": { "type": "Point", "coordinates": [ 139.670537, 35.8118941 ] } },
{ "type": "Feature", "properties": { "内容": "居宅介護支援事業所もと【居宅介護支援】埼玉県戸田市新曽南2-12-14プリベール戸田Ⅱ1階", "url2": "https://www.kaigokensaku.mhlw.go.jp/11/index.php?action_kouhyou_detail_004_kani=true&JigyosyoCd=1171901935-00&ServiceCd=430&Type=search" }, "geometry": { "type": "Point", "coordinates": [ 139.663046, 35.8113565 ] } },
{ "type": "Feature", "properties": { "内容": "医療法人　髙仁会　老人介護支援センターコスモス苑【居宅介護支援】戸田市新曽南3-6-23", "url2": "https://www.kaigokensaku.mhlw.go.jp/11/index.php?action_kouhyou_detail_004_kani=true&JigyosyoCd=1171900044-00&ServiceCd=430&Type=search" }, "geometry": { "type": "Point", "coordinates": [ 139.667273600000044, 35.8046174 ] } },
{ "type": "Feature", "properties": { "内容": "居宅介護支援事業所　絆【居宅介護支援】埼玉県戸田市下戸田2-27-11ハイツ戸田1F", "url2": "https://www.kaigokensaku.mhlw.go.jp/11/index.php?action_kouhyou_detail_004_kani=true&JigyosyoCd=1171901836-00&ServiceCd=430&Type=search" }, "geometry": { "type": "Point", "coordinates": [ 139.68266228657069, 35.816871094019618 ] } },
{ "type": "Feature", "properties": { "内容": "居宅介護支援事業所　ソラスト　戸田【居宅介護支援】埼玉県戸田市喜沢1丁目30-5ブライトンⅠ", "url2": "https://www.kaigokensaku.mhlw.go.jp/11/index.php?action_kouhyou_detail_004_kani=true&JigyosyoCd=1171901430-00&ServiceCd=430&Type=search" }, "geometry": { "type": "Point", "coordinates": [ 139.694041199999987, 35.8134143 ] } },
{ "type": "Feature", "properties": { "内容": "居宅介護支援事業所ほほえみ戸田店【居宅介護支援】埼玉県戸田市大字新曽３３５", "url2": "https://www.kaigokensaku.mhlw.go.jp/11/index.php?action_kouhyou_detail_004_kani=true&JigyosyoCd=1171900358-00&ServiceCd=430&Type=search" }, "geometry": { "type": "Point", "coordinates": [ 139.668864799999938, 35.8159018 ] } },
{ "type": "Feature", "properties": { "内容": "居宅介護支援事業所　そめや【居宅介護支援】埼玉県戸田市上戸田１－7－8松尾ビル2階", "url2": "https://www.kaigokensaku.mhlw.go.jp/11/index.php?action_kouhyou_detail_004_kani=true&JigyosyoCd=1171901869-00&ServiceCd=430&Type=search" }, "geometry": { "type": "Point", "coordinates": [ 139.679957017999271, 35.817837520377275 ] } },
{ "type": "Feature", "properties": { "内容": "健やか人生福はうち【居宅介護支援】埼玉県戸田市笹目5-35-22大畑第一マンション101", "url2": "https://www.kaigokensaku.mhlw.go.jp/11/index.php?action_kouhyou_detail_004_kani=true&JigyosyoCd=1171900788-00&ServiceCd=430&Type=search" }, "geometry": { "type": "Point", "coordinates": [ 139.641622899999987, 35.8146458 ] } },
{ "type": "Feature", "properties": { "内容": "居宅介護支援事業所　スマイル戸田【居宅介護支援】埼玉県戸田市本町2-10-1山昌ビル", "url2": "https://www.kaigokensaku.mhlw.go.jp/11/index.php?action_kouhyou_detail_004_kani=true&JigyosyoCd=1171900820-00&ServiceCd=430&Type=search" }, "geometry": { "type": "Point", "coordinates": [ 139.677114299999971, 35.8093336 ] } },
{ "type": "Feature", "properties": { "内容": "戸田ケアコミュニティそよ風【居宅介護支援】埼玉県戸田市氷川町2-16-23", "url2": "https://www.kaigokensaku.mhlw.go.jp/11/index.php?action_kouhyou_detail_004_kani=true&JigyosyoCd=1171900853-00&ServiceCd=430&Type=search" }, "geometry": { "type": "Point", "coordinates": [ 139.65796279999995, 35.811895 ] } },
{ "type": "Feature", "properties": { "内容": "居宅介護支援事業所ゆめみらい戸田【居宅介護支援】埼玉県戸田市美女木1－15－9戸田パークハイツ215号室", "url2": "https://www.kaigokensaku.mhlw.go.jp/11/index.php?action_kouhyou_detail_004_kani=true&JigyosyoCd=1171902131-00&ServiceCd=430&Type=search" }, "geometry": { "type": "Point", "coordinates": [ 139.6393555, 35.8318364 ] } },
{ "type": "Feature", "properties": { "内容": "orangelemonケアプランセンター【居宅介護支援】笹目南町20‐23", "url2": "https://www.kaigokensaku.mhlw.go.jp/11/index.php?action_kouhyou_detail_004_kani=true&JigyosyoCd=1171902081-00&ServiceCd=430&Type=search" }, "geometry": { "type": "Point", "coordinates": [ 139.6528415, 35.8129688 ] } },
{ "type": "Feature", "properties": { "内容": "Onestepケアマネージメント相談室【居宅介護支援】埼玉県入間市下藤沢3-26-15ブランシェール1号室", "url2": "https://www.kaigokensaku.mhlw.go.jp/11/index.php?action_kouhyou_detail_004_kani=true&JigyosyoCd=1172802165-00&ServiceCd=430&Type=search" }, "geometry": { "type": "Point", "coordinates": [ 139.408675799999969, 35.8179579 ] } },
{ "type": "Feature", "properties": { "内容": "はたの介護福祉相談室【居宅介護支援】埼玉県入間市新光416-103", "url2": "https://www.kaigokensaku.mhlw.go.jp/11/index.php?action_kouhyou_detail_004_kani=true&JigyosyoCd=1172801910-00&ServiceCd=430&Type=search" }, "geometry": { "type": "Point", "coordinates": [ 139.3604961, 35.8590804 ] } },
{ "type": "Feature", "properties": { "内容": "あじさい居宅介護支援事業所【居宅介護支援】埼玉県入間市下藤沢７３７－１", "url2": "https://www.kaigokensaku.mhlw.go.jp/11/index.php?action_kouhyou_detail_004_kani=true&JigyosyoCd=1172801001-00&ServiceCd=430&Type=search" }, "geometry": { "type": "Point", "coordinates": [ 139.405126, 35.8213151 ] } },
{ "type": "Feature", "properties": { "内容": "杏花里在宅介護支援センター【居宅介護支援】入間市新光115番地5", "url2": "https://www.kaigokensaku.mhlw.go.jp/11/index.php?action_kouhyou_detail_004_kani=true&JigyosyoCd=1172800375-00&ServiceCd=430&Type=search" }, "geometry": { "type": "Point", "coordinates": [ 139.347090699999967, 35.8506182 ] } },
{ "type": "Feature", "properties": { "内容": "ラウンド＆ケア居宅介護支援事業所西部【居宅介護支援】埼玉県入間市上藤沢531番地6石田事務所2階", "url2": "https://www.kaigokensaku.mhlw.go.jp/11/index.php?action_kouhyou_detail_004_kani=true&JigyosyoCd=1172802173-00&ServiceCd=430&Type=search" }, "geometry": { "type": "Point", "coordinates": [ 139.3932375, 35.816832 ] } },
{ "type": "Feature", "properties": { "内容": "アイル　暮らしの保健室　入間【居宅介護支援】埼玉県入間市東町二丁目４番45号", "url2": "https://www.kaigokensaku.mhlw.go.jp/11/index.php?action_kouhyou_detail_004_kani=true&JigyosyoCd=1172801894-00&ServiceCd=430&Type=search" }, "geometry": { "type": "Point", "coordinates": [ 139.4010022, 35.8321933 ] } },
{ "type": "Feature", "properties": { "内容": "おおぎ在宅介護支援センター【居宅介護支援】埼玉県入間市東町４－１－８０", "url2": "https://www.kaigokensaku.mhlw.go.jp/11/index.php?action_kouhyou_detail_004_kani=true&JigyosyoCd=1172800359-00&ServiceCd=430&Type=search" }, "geometry": { "type": "Point", "coordinates": [ 139.403744998147545, 35.832844570868865 ] } },
{ "type": "Feature", "properties": { "内容": "扇揚苑在宅介護支援センター【居宅介護支援】入間市大字中神８５３－１", "url2": "https://www.kaigokensaku.mhlw.go.jp/11/index.php?action_kouhyou_detail_004_kani=true&JigyosyoCd=1172800599-00&ServiceCd=430&Type=search" }, "geometry": { "type": "Point", "coordinates": [ 139.3553551, 35.8106232 ] } },
{ "type": "Feature", "properties": { "内容": "入間在宅介護支援センター【居宅介護支援】埼玉県入間市大字小谷田１６５６番地１", "url2": "https://www.kaigokensaku.mhlw.go.jp/11/index.php?action_kouhyou_detail_004_kani=true&JigyosyoCd=1172800037-00&ServiceCd=430&Type=search" }, "geometry": { "type": "Point", "coordinates": [ 139.367820299999948, 35.8325265 ] } },
{ "type": "Feature", "properties": { "内容": "里の家居宅介護支援事業所【居宅介護支援】埼玉県入間市仏子284-10", "url2": "https://www.kaigokensaku.mhlw.go.jp/11/index.php?action_kouhyou_detail_004_kani=true&JigyosyoCd=1172800847-00&ServiceCd=430&Type=search" }, "geometry": { "type": "Point", "coordinates": [ 139.348746600000027, 35.8348618 ] } },
{ "type": "Feature", "properties": { "内容": "居宅介護支援事業所入間つつじの園【居宅介護支援】埼玉県入間市宮寺2467番地", "url2": "https://www.kaigokensaku.mhlw.go.jp/11/index.php?action_kouhyou_detail_004_kani=true&JigyosyoCd=1172801399-00&ServiceCd=430&Type=search" }, "geometry": { "type": "Point", "coordinates": [ 139.379996091848739, 35.797215473349503 ] } },
{ "type": "Feature", "properties": { "内容": "プランニングかえら【居宅介護支援】埼玉県入間市扇町屋１丁目４番15号", "url2": "https://www.kaigokensaku.mhlw.go.jp/11/index.php?action_kouhyou_detail_004_kani=true&JigyosyoCd=1172801456-00&ServiceCd=430&Type=search" }, "geometry": { "type": "Point", "coordinates": [ 139.385434347221349, 35.833228179483584 ] } },
{ "type": "Feature", "properties": { "内容": "あい介護支援センター【居宅介護支援】埼玉県入間市小谷田２６９－１", "url2": "https://www.kaigokensaku.mhlw.go.jp/11/index.php?action_kouhyou_detail_004_kani=true&JigyosyoCd=1172800672-00&ServiceCd=430&Type=search" }, "geometry": { "type": "Point", "coordinates": [ 139.368541654631031, 35.825055767201086 ] } },
{ "type": "Feature", "properties": { "内容": "在宅サポートセンター　きがわ【居宅介護支援】埼玉県入間市野田１６３０", "url2": "https://www.kaigokensaku.mhlw.go.jp/11/index.php?action_kouhyou_detail_004_kani=true&JigyosyoCd=1172600817-00&ServiceCd=430&Type=search" }, "geometry": { "type": "Point", "coordinates": [ 139.34677970000007, 35.847538 ] } },
{ "type": "Feature", "properties": { "内容": "指定居宅支援事業所　はらだ【居宅介護支援】入間市豊岡1-5-23", "url2": "https://www.kaigokensaku.mhlw.go.jp/11/index.php?action_kouhyou_detail_004_kani=true&JigyosyoCd=1172800334-00&ServiceCd=430&Type=search" }, "geometry": { "type": "Point", "coordinates": [ 139.3879412, 35.8367322 ] } },
{ "type": "Feature", "properties": { "内容": "居宅介護サービス　恵【居宅介護支援】入間市鍵山2丁目1-20-3", "url2": "https://www.kaigokensaku.mhlw.go.jp/11/index.php?action_kouhyou_detail_004_kani=true&JigyosyoCd=1172801118-00&ServiceCd=430&Type=search" }, "geometry": { "type": "Point", "coordinates": [ 139.379353975840672, 35.843993016546001 ] } },
{ "type": "Feature", "properties": { "内容": "居宅介護支援事業所青い鳥【居宅介護支援】入間市宮寺2417", "url2": "https://www.kaigokensaku.mhlw.go.jp/11/index.php?action_kouhyou_detail_004_kani=true&JigyosyoCd=1172800433-00&ServiceCd=430&Type=search" }, "geometry": { "type": "Point", "coordinates": [ 139.378170143902594, 35.794056380598526 ] } },
{ "type": "Feature", "properties": { "内容": "介護支援センターおおさわ【居宅介護支援】埼玉県入間市高倉2-3-40ザ・ハウスヨシザワ103", "url2": "https://www.kaigokensaku.mhlw.go.jp/11/index.php?action_kouhyou_detail_004_kani=true&JigyosyoCd=1172801449-00&ServiceCd=430&Type=search" }, "geometry": { "type": "Point", "coordinates": [ 139.383077500000013, 35.840851 ] } },
{ "type": "Feature", "properties": { "内容": "わかさクリニック居宅介護支援事業所　いるま【居宅介護支援】埼玉県入間市久保稲荷１丁目28ー14", "url2": "https://www.kaigokensaku.mhlw.go.jp/11/index.php?action_kouhyou_detail_004_kani=true&JigyosyoCd=1172801951-00&ServiceCd=430&Type=search" }, "geometry": { "type": "Point", "coordinates": [ 139.3940467, 35.826435900000014 ] } },
{ "type": "Feature", "properties": { "内容": "ユアパートナー【居宅介護支援】埼玉県入間市新久475-6", "url2": "https://www.kaigokensaku.mhlw.go.jp/11/index.php?action_kouhyou_detail_004_kani=true&JigyosyoCd=1172802033-00&ServiceCd=430&Type=search" }, "geometry": { "type": "Point", "coordinates": [ 139.411559899999986, 35.8330612 ] } },
{ "type": "Feature", "properties": { "内容": "ケアプラン綾【居宅介護支援】埼玉県入間市野田100-1コーポK&T201", "url2": "https://www.kaigokensaku.mhlw.go.jp/11/index.php?action_kouhyou_detail_004_kani=true&JigyosyoCd=1172802124-00&ServiceCd=430&Type=search" }, "geometry": { "type": "Point", "coordinates": [ 139.348121, 35.8400604 ] } },
{ "type": "Feature", "properties": { "内容": "松本居宅介護サービス【居宅介護支援】埼玉県入間市宮寺１９７７番地", "url2": "https://www.kaigokensaku.mhlw.go.jp/11/index.php?action_kouhyou_detail_004_kani=true&JigyosyoCd=1172800391-00&ServiceCd=430&Type=search" }, "geometry": { "type": "Point", "coordinates": [ 139.37574648876361, 35.79131368771349 ] } },
{ "type": "Feature", "properties": { "内容": "居宅介護支援事業所　鍵山苑【居宅介護支援】埼玉県入間市鍵山3-11-2", "url2": "https://www.kaigokensaku.mhlw.go.jp/11/index.php?action_kouhyou_detail_004_kani=true&JigyosyoCd=1172801779-00&ServiceCd=430&Type=search" }, "geometry": { "type": "Point", "coordinates": [ 139.373984599999972, 35.8460807 ] } },
{ "type": "Feature", "properties": { "内容": "杏樹苑在宅介護支援センター【居宅介護支援】入間市上藤沢851-1", "url2": "https://www.kaigokensaku.mhlw.go.jp/11/index.php?action_kouhyou_detail_004_kani=true&JigyosyoCd=1172800110-00&ServiceCd=430&Type=search" }, "geometry": { "type": "Point", "coordinates": [ 139.388189199999943, 35.8104937 ] } },
{ "type": "Feature", "properties": { "内容": "ケアパートナー・メリッサ【居宅介護支援】埼玉県入間市東町3-4-2イーストハイツ101", "url2": "https://www.kaigokensaku.mhlw.go.jp/11/index.php?action_kouhyou_detail_004_kani=true&JigyosyoCd=1172801647-00&ServiceCd=430&Type=search" }, "geometry": { "type": "Point", "coordinates": [ 139.4018754, 35.8313352 ] } },
{ "type": "Feature", "properties": { "内容": "西武居宅介護支援事業所【居宅介護支援】入間市仏子954-11", "url2": "https://www.kaigokensaku.mhlw.go.jp/11/index.php?action_kouhyou_detail_004_kani=true&JigyosyoCd=1172800383-00&ServiceCd=430&Type=search" }, "geometry": { "type": "Point", "coordinates": [ 139.359942899999965, 35.8381062 ] } },
{ "type": "Feature", "properties": { "内容": "入間在宅支援事業所カラフル【居宅介護支援】埼玉県入間市扇町屋2-1-12", "url2": "https://www.kaigokensaku.mhlw.go.jp/11/index.php?action_kouhyou_detail_004_kani=true&JigyosyoCd=1172801654-00&ServiceCd=430&Type=search" }, "geometry": { "type": "Point", "coordinates": [ 139.384619973373248, 35.834324613456261 ] } },
{ "type": "Feature", "properties": { "内容": "くらしの居宅【居宅介護支援】埼玉県入間市狭山台1丁目14番地7", "url2": "https://www.kaigokensaku.mhlw.go.jp/11/index.php?action_kouhyou_detail_004_kani=true&JigyosyoCd=1172801555-00&ServiceCd=430&Type=search" }, "geometry": { "type": "Point", "coordinates": [ 139.364469444180259, 35.804863433640115 ] } },
{ "type": "Feature", "properties": { "内容": "ミアヘルサケアプラン朝霞【居宅介護支援】三原1-11-22ミアヘルサオアシス朝霞", "url2": "https://www.kaigokensaku.mhlw.go.jp/11/index.php?action_kouhyou_detail_004_kani=true&JigyosyoCd=1172101170-00&ServiceCd=430&Type=search" }, "geometry": { "type": "Point", "coordinates": [ 127.6974222, 26.2120907 ] } },
{ "type": "Feature", "properties": { "内容": "ＳＯＭＰＯケア　朝霞　居宅介護支援【居宅介護支援】埼玉県朝霞市根岸台3-6-12大興ビル3Ｆ", "url2": "https://www.kaigokensaku.mhlw.go.jp/11/index.php?action_kouhyou_detail_004_kani=true&JigyosyoCd=1172101378-00&ServiceCd=430&Type=search" }, "geometry": { "type": "Point", "coordinates": [ 139.610447900000054, 35.8064927 ] } },
{ "type": "Feature", "properties": { "内容": "いろどりケア【居宅介護支援】埼玉県朝霞市本町1-19-23グレープハイムＢ棟101号", "url2": "https://www.kaigokensaku.mhlw.go.jp/11/index.php?action_kouhyou_detail_004_kani=true&JigyosyoCd=1172101386-00&ServiceCd=430&Type=search" }, "geometry": { "type": "Point", "coordinates": [ 139.594886777909892, 35.801353289325945 ] } },
{ "type": "Feature", "properties": { "内容": "居宅介護支援事業所みどりケア【居宅介護支援】埼玉県朝霞市上内間木323-1サニーハイツM201", "url2": "https://www.kaigokensaku.mhlw.go.jp/11/index.php?action_kouhyou_detail_004_kani=true&JigyosyoCd=1172101600-00&ServiceCd=430&Type=search" }, "geometry": { "type": "Point", "coordinates": [ 139.609974298672483, 35.821495495932723 ] } },
{ "type": "Feature", "properties": { "内容": "有限会社　あいケアプラン【居宅介護支援】朝霞市根岸台7-20-46", "url2": "https://www.kaigokensaku.mhlw.go.jp/11/index.php?action_kouhyou_detail_004_kani=true&JigyosyoCd=1172100560-00&ServiceCd=430&Type=search" }, "geometry": { "type": "Point", "coordinates": [ 139.606170337469166, 35.797572577906458 ] } },
{ "type": "Feature", "properties": { "内容": "朝光苑居宅介護支援センター【居宅介護支援】埼玉県朝霞市青葉台１丁目１０番３２号特別養護老人ホーム朝光苑内", "url2": "https://www.kaigokensaku.mhlw.go.jp/11/index.php?action_kouhyou_detail_004_kani=true&JigyosyoCd=1172100537-00&ServiceCd=430&Type=search" }, "geometry": { "type": "Point", "coordinates": [ 139.590403199999969, 35.7904588 ] } },
{ "type": "Feature", "properties": { "内容": "居宅介護支援事業所　ひいらぎの里【居宅介護支援】埼玉県朝霞市岡3-17-60", "url2": "https://www.kaigokensaku.mhlw.go.jp/11/index.php?action_kouhyou_detail_004_kani=true&JigyosyoCd=1172100479-00&ServiceCd=430&Type=search" }, "geometry": { "type": "Point", "coordinates": [ 139.605170108598315, 35.80964780430029 ] } },
{ "type": "Feature", "properties": { "内容": "居宅介護支援事業所ひいらぎの里溝沼【居宅介護支援】埼玉県朝霞市溝沼7-8-22", "url2": "https://www.kaigokensaku.mhlw.go.jp/11/index.php?action_kouhyou_detail_004_kani=true&JigyosyoCd=1172100859-00&ServiceCd=430&Type=search" }, "geometry": { "type": "Point", "coordinates": [ 139.591024800000014, 35.8085147 ] } },
{ "type": "Feature", "properties": { "内容": "居宅介護支援事業所アルゴ朝霞【居宅介護支援】埼玉県朝霞市東弁財1-2-16保ビル　3F", "url2": "https://www.kaigokensaku.mhlw.go.jp/11/index.php?action_kouhyou_detail_004_kani=true&JigyosyoCd=1172101642-00&ServiceCd=430&Type=search" }, "geometry": { "type": "Point", "coordinates": [ 139.585936611001301, 35.813746254110889 ] } },
{ "type": "Feature", "properties": { "内容": "居宅介護支援事業所なのはな【居宅介護支援】埼玉県朝霞市本町2丁目7番34号リブ朝霞102号室", "url2": "https://www.kaigokensaku.mhlw.go.jp/11/index.php?action_kouhyou_detail_004_kani=true&JigyosyoCd=1172101501-00&ServiceCd=430&Type=search" }, "geometry": { "type": "Point", "coordinates": [ 139.595065862565605, 35.797659844935311 ] } },
{ "type": "Feature", "properties": { "内容": "ニチイケアセンター朝霞【居宅介護支援】朝霞市本町2-6-36メスプリージー1階", "url2": "https://www.kaigokensaku.mhlw.go.jp/11/index.php?action_kouhyou_detail_004_kani=true&JigyosyoCd=1172100065-00&ServiceCd=430&Type=search" }, "geometry": { "type": "Point", "coordinates": [ 139.596996873502349, 35.7972047384891 ] } },
{ "type": "Feature", "properties": { "内容": "朝霞ケアセンターそよ風【居宅介護支援】埼玉県朝霞市溝沼1050-1", "url2": "https://www.kaigokensaku.mhlw.go.jp/11/index.php?action_kouhyou_detail_004_kani=true&JigyosyoCd=1172100834-00&ServiceCd=430&Type=search" }, "geometry": { "type": "Point", "coordinates": [ 139.586858600000028, 35.8066981 ] } },
{ "type": "Feature", "properties": { "内容": "指定居宅介護支援事業所『ホームケアふれあいの手』【居宅介護支援】埼玉県朝霞市下内間木１３６３－１", "url2": "https://www.kaigokensaku.mhlw.go.jp/11/index.php?action_kouhyou_detail_004_kani=true&JigyosyoCd=1172100115-00&ServiceCd=430&Type=search" }, "geometry": { "type": "Point", "coordinates": [ 139.6176527, 35.817756 ] } },
{ "type": "Feature", "properties": { "内容": "埼玉ライフケアサービスあさか指定居宅介護支援事業所【居宅介護支援】朝霞市本町2-4-25　T－BLD朝霞", "url2": "https://www.kaigokensaku.mhlw.go.jp/11/index.php?action_kouhyou_detail_004_kani=true&JigyosyoCd=1172100016-00&ServiceCd=430&Type=search" }, "geometry": { "type": "Point", "coordinates": [ 139.598858800000016, 35.7962344 ] } },
{ "type": "Feature", "properties": { "内容": "循和会　居宅介護支援事業所　朝霞【居宅介護支援】埼玉県朝霞市北原1-1-14　2F", "url2": "https://www.kaigokensaku.mhlw.go.jp/11/index.php?action_kouhyou_detail_004_kani=true&JigyosyoCd=1172101402-00&ServiceCd=430&Type=search" }, "geometry": { "type": "Point", "coordinates": [ 139.589865257023632, 35.817861275535883 ] } },
{ "type": "Feature", "properties": { "内容": "藤川鍼灸接骨院　居宅介護支援事業所【居宅介護支援】埼玉県朝霞市本町3-4-8", "url2": "https://www.kaigokensaku.mhlw.go.jp/11/index.php?action_kouhyou_detail_004_kani=true&JigyosyoCd=1172101329-00&ServiceCd=430&Type=search" }, "geometry": { "type": "Point", "coordinates": [ 139.5978662, 35.7944946 ] } },
{ "type": "Feature", "properties": { "内容": "ケアプラン安心のおせわ～く広場【居宅介護支援】西原一丁目７番１号", "url2": "https://www.kaigokensaku.mhlw.go.jp/11/index.php?action_kouhyou_detail_004_kani=true&JigyosyoCd=1172101196-00&ServiceCd=430&Type=search" }, "geometry": { "type": "Point", "coordinates": [ 139.588280400000031, 35.817133 ] } },
{ "type": "Feature", "properties": { "内容": "セレクトケアプラザ株式会社居宅介護支援事業所朝霞【居宅介護支援】埼玉県朝霞市東弁財3丁目14-7WJ・A-12　1F", "url2": "https://www.kaigokensaku.mhlw.go.jp/11/index.php?action_kouhyou_detail_004_kani=true&JigyosyoCd=1172101436-00&ServiceCd=430&Type=search" }, "geometry": { "type": "Point", "coordinates": [ 139.583205899999939, 35.8126085 ] } },
{ "type": "Feature", "properties": { "内容": "ＴＭＧケアプランセンターあさか【居宅介護支援】西弁財1-8-21ＴＭＧサテライトクリニックＢ棟", "url2": "https://www.kaigokensaku.mhlw.go.jp/11/index.php?action_kouhyou_detail_004_kani=true&JigyosyoCd=1172101410-00&ServiceCd=430&Type=search" }, "geometry": { "type": "Point", "coordinates": [ 139.584355800000026, 35.8140806 ] } },
{ "type": "Feature", "properties": { "内容": "ケアパートナーえん【居宅介護支援】埼玉県朝霞市栄町2-1-31-203", "url2": "https://www.kaigokensaku.mhlw.go.jp/11/index.php?action_kouhyou_detail_004_kani=true&JigyosyoCd=1172101253-00&ServiceCd=430&Type=search" }, "geometry": { "type": "Point", "coordinates": [ 139.600166100000024, 35.7896648 ] } },
{ "type": "Feature", "properties": { "内容": "やさしい手志木居宅介護支援事業所【居宅介護支援】埼玉県朝霞市三原三丁目33番16オウカス志木　1階", "url2": "https://www.kaigokensaku.mhlw.go.jp/11/index.php?action_kouhyou_detail_004_kani=true&JigyosyoCd=1172101659-00&ServiceCd=430&Type=search" }, "geometry": { "type": "Point", "coordinates": [ 139.5777075, 35.8200419 ] } },
{ "type": "Feature", "properties": { "内容": "ふぉれすと朝霞本町【居宅介護支援】埼玉県朝霞市本町2‐17‐4", "url2": "https://www.kaigokensaku.mhlw.go.jp/11/index.php?action_kouhyou_detail_004_kani=true&JigyosyoCd=1172101691-00&ServiceCd=430&Type=search" }, "geometry": { "type": "Point", "coordinates": [ 139.597004700000014, 35.79860840000002 ] } },
{ "type": "Feature", "properties": { "内容": "内間木苑指定居宅介護支援事業所【居宅介護支援】埼玉県朝霞市上内間木４９８－４", "url2": "https://www.kaigokensaku.mhlw.go.jp/11/index.php?action_kouhyou_detail_004_kani=true&JigyosyoCd=1172100164-00&ServiceCd=430&Type=search" }, "geometry": { "type": "Point", "coordinates": [ 139.602948100000049, 35.8281793 ] } },
{ "type": "Feature", "properties": { "内容": "ホット・クローバー【居宅介護支援】埼玉県朝霞市泉水三丁目3番13-2号", "url2": "https://www.kaigokensaku.mhlw.go.jp/11/index.php?action_kouhyou_detail_004_kani=true&JigyosyoCd=1172101725-00&ServiceCd=430&Type=search" }, "geometry": { "type": "Point", "coordinates": [ 139.5795818, 35.8058159 ] } },
{ "type": "Feature", "properties": { "内容": "合同会社介護プランほほえみ【居宅介護支援】埼玉県朝霞市根岸台１丁目６番地87号", "url2": "https://www.kaigokensaku.mhlw.go.jp/11/index.php?action_kouhyou_detail_004_kani=true&JigyosyoCd=1172101014-00&ServiceCd=430&Type=search" }, "geometry": { "type": "Point", "coordinates": [ 139.601960723755042, 35.802106984198517 ] } },
{ "type": "Feature", "properties": { "内容": "ケアプラン・コンパス【居宅介護支援】埼玉県朝霞市三原2-26-24", "url2": "https://www.kaigokensaku.mhlw.go.jp/11/index.php?action_kouhyou_detail_004_kani=true&JigyosyoCd=1172101634-00&ServiceCd=430&Type=search" }, "geometry": { "type": "Point", "coordinates": [ 139.5786828, 35.8156633 ] } },
{ "type": "Feature", "properties": { "内容": "介護老人保健施設　ケアライフ朝霞　居宅介護支援事業所【居宅介護支援】埼玉県朝霞市溝沼３－２－３２ウェルネスプラザアサカ１階", "url2": "https://www.kaigokensaku.mhlw.go.jp/11/index.php?action_kouhyou_detail_004_kani=true&JigyosyoCd=1152180016-00&ServiceCd=430&Type=search" }, "geometry": { "type": "Point", "coordinates": [ 139.587435319890574, 35.800927547497366 ] } },
{ "type": "Feature", "properties": { "内容": "ASK【居宅介護支援】埼玉県朝霞市膝折町4-10-17", "url2": "https://www.kaigokensaku.mhlw.go.jp/11/index.php?action_kouhyou_detail_004_kani=true&JigyosyoCd=1172101485-00&ServiceCd=430&Type=search" }, "geometry": { "type": "Point", "coordinates": [ 139.581210599999963, 35.7997903 ] } },
{ "type": "Feature", "properties": { "内容": "社会福祉法人　志木市社会福祉協議会居宅介護支援事業所【居宅介護支援】埼玉県志木市上宗岡１丁目５番１号志木市総合福祉センター　東館2階", "url2": "https://www.kaigokensaku.mhlw.go.jp/11/index.php?action_kouhyou_detail_004_kani=true&JigyosyoCd=1172200014-00&ServiceCd=430&Type=search" }, "geometry": { "type": "Point", "coordinates": [ 139.581988388774846, 35.84229924720433 ] } },
{ "type": "Feature", "properties": { "内容": "ケアプランセンター　なでしこ【居宅介護支援】埼玉県志木市本町4-15-1高橋ビル302号", "url2": "https://www.kaigokensaku.mhlw.go.jp/11/index.php?action_kouhyou_detail_004_kani=true&JigyosyoCd=1172200543-00&ServiceCd=430&Type=search" }, "geometry": { "type": "Point", "coordinates": [ 139.581490679328908, 35.82591490106919 ] } },
{ "type": "Feature", "properties": { "内容": "居宅介護支援事業所　あおい糸志木【居宅介護支援】埼玉県志木市上宗岡５－１２－３T＆M１０３号", "url2": "https://www.kaigokensaku.mhlw.go.jp/11/index.php?action_kouhyou_detail_004_kani=true&JigyosyoCd=1172200873-00&ServiceCd=430&Type=search" }, "geometry": { "type": "Point", "coordinates": [ 139.5839675, 35.8445291 ] } },
{ "type": "Feature", "properties": { "内容": "居宅介護支援事業所あさがお志木【居宅介護支援】埼玉県志木市中宗岡1-19-51", "url2": "https://www.kaigokensaku.mhlw.go.jp/11/index.php?action_kouhyou_detail_004_kani=true&JigyosyoCd=1172200675-00&ServiceCd=430&Type=search" }, "geometry": { "type": "Point", "coordinates": [ 139.586731791401689, 35.843382423043003 ] } },
{ "type": "Feature", "properties": { "内容": "指定居宅介護支援事業所ブロン【居宅介護支援】埼玉県志木市本町2-10-50", "url2": "https://www.kaigokensaku.mhlw.go.jp/11/index.php?action_kouhyou_detail_004_kani=true&JigyosyoCd=1172200030-00&ServiceCd=430&Type=search" }, "geometry": { "type": "Point", "coordinates": [ 139.5821221, 35.8338699 ] } },
{ "type": "Feature", "properties": { "内容": "居宅介護支援事業所　みゅう志木【居宅介護支援】志木市上宗岡1-17-66", "url2": "https://www.kaigokensaku.mhlw.go.jp/11/index.php?action_kouhyou_detail_004_kani=true&JigyosyoCd=1172200451-00&ServiceCd=430&Type=search" }, "geometry": { "type": "Point", "coordinates": [ 139.5738642, 35.8421494 ] } },
{ "type": "Feature", "properties": { "内容": "居宅介護支援事業所志木ナーシングホーム【居宅介護支援】埼玉県志木市柏町1-6-74志木ナーシングホーム", "url2": "https://www.kaigokensaku.mhlw.go.jp/11/index.php?action_kouhyou_detail_004_kani=true&JigyosyoCd=1172200790-00&ServiceCd=430&Type=search" }, "geometry": { "type": "Point", "coordinates": [ 139.575740039811734, 35.836814611657033 ] } },
{ "type": "Feature", "properties": { "内容": "居宅介護支援事業所さくら草【居宅介護支援】埼玉県志木市中宗岡4-17-23遠藤ビル102号", "url2": "https://www.kaigokensaku.mhlw.go.jp/11/index.php?action_kouhyou_detail_004_kani=true&JigyosyoCd=1172200683-00&ServiceCd=430&Type=search" }, "geometry": { "type": "Point", "coordinates": [ 139.592151699999931, 35.8361392 ] } },
{ "type": "Feature", "properties": { "内容": "たすけあいネット志木【居宅介護支援】埼玉県志木市柏町3丁目3番31号コーポカシワ101", "url2": "https://www.kaigokensaku.mhlw.go.jp/11/index.php?action_kouhyou_detail_004_kani=true&JigyosyoCd=1172200279-00&ServiceCd=430&Type=search" }, "geometry": { "type": "Point", "coordinates": [ 139.570395400000052, 35.8331227 ] } },
{ "type": "Feature", "properties": { "内容": "居宅介護支援事業所　志木みずほ【居宅介護支援】志木市上宗岡2丁目２０番地１７", "url2": "https://www.kaigokensaku.mhlw.go.jp/11/index.php?action_kouhyou_detail_004_kani=true&JigyosyoCd=1172200485-00&ServiceCd=430&Type=search" }, "geometry": { "type": "Point", "coordinates": [ 139.58139970000002, 35.8498707 ] } },
{ "type": "Feature", "properties": { "内容": "こころ居宅介護支援事業所【居宅介護支援】埼玉県志木市中宗岡2-1-41", "url2": "https://www.kaigokensaku.mhlw.go.jp/11/index.php?action_kouhyou_detail_004_kani=true&JigyosyoCd=1172200725-00&ServiceCd=430&Type=search" }, "geometry": { "type": "Point", "coordinates": [ 139.588890908970399, 35.839332162595746 ] } },
{ "type": "Feature", "properties": { "内容": "ケアプランセンターmimosa【居宅介護支援】埼玉県志木市柏町一丁目22番23号志幸柏103号室", "url2": "https://www.kaigokensaku.mhlw.go.jp/11/index.php?action_kouhyou_detail_004_kani=true&JigyosyoCd=1172201103-00&ServiceCd=430&Type=search" }, "geometry": { "type": "Point", "coordinates": [ 139.5732385, 35.8322478 ] } },
{ "type": "Feature", "properties": { "内容": "おむすびケア和光【居宅介護支援】埼玉県和光市丸山台2-8-29志幸58JASMINE・205号室", "url2": "https://www.kaigokensaku.mhlw.go.jp/11/index.php?action_kouhyou_detail_004_kani=true&JigyosyoCd=1172300921-00&ServiceCd=430&Type=search" }, "geometry": { "type": "Point", "coordinates": [ 139.619238657672156, 35.784210921016417 ] } },
{ "type": "Feature", "properties": { "内容": "ケアプランくるみ【居宅介護支援】南1-11-87第一福寿ビル103号室", "url2": "https://www.kaigokensaku.mhlw.go.jp/11/index.php?action_kouhyou_detail_004_kani=true&JigyosyoCd=1172300814-00&ServiceCd=430&Type=search" }, "geometry": { "type": "Point", "coordinates": [ 139.6900207, 35.6145719 ] } },
{ "type": "Feature", "properties": { "内容": "ニチイケアセンター和光【居宅介護支援】埼玉県和光市南1丁目２９－４０", "url2": "https://www.kaigokensaku.mhlw.go.jp/11/index.php?action_kouhyou_detail_004_kani=true&JigyosyoCd=1172300053-00&ServiceCd=430&Type=search" }, "geometry": { "type": "Point", "coordinates": [ 139.60149679999995, 35.7709371 ] } },
{ "type": "Feature", "properties": { "内容": "合同会社　くすの木【居宅介護支援】埼玉県和光市中央2丁目3番24号", "url2": "https://www.kaigokensaku.mhlw.go.jp/11/index.php?action_kouhyou_detail_004_kani=true&JigyosyoCd=1172300731-00&ServiceCd=430&Type=search" }, "geometry": { "type": "Point", "coordinates": [ 139.619105799999943, 35.781830400000018 ] } },
{ "type": "Feature", "properties": { "内容": "SOMPOケア　和光　居宅介護支援【居宅介護支援】西大和団地６デュプレ西大和団地第４号棟第１０４号室", "url2": "https://www.kaigokensaku.mhlw.go.jp/11/index.php?action_kouhyou_detail_004_kani=true&JigyosyoCd=1172300855-00&ServiceCd=430&Type=search" }, "geometry": { "type": "Point", "coordinates": [ 139.608262689549292, 35.777761170070967 ] } },
{ "type": "Feature", "properties": { "内容": "ミアヘルサケアプラン和光【居宅介護支援】埼玉県和光市新倉2-5-49", "url2": "https://www.kaigokensaku.mhlw.go.jp/11/index.php?action_kouhyou_detail_004_kani=true&JigyosyoCd=1172300475-00&ServiceCd=430&Type=search" }, "geometry": { "type": "Point", "coordinates": [ 139.619608500000027, 35.7942286 ] } },
{ "type": "Feature", "properties": { "内容": "リーシェガーデン和光ケアプランセンター【居宅介護支援】和光市丸山台２丁目11-1リーシェガーデン和光　本館　２階", "url2": "https://www.kaigokensaku.mhlw.go.jp/11/index.php?action_kouhyou_detail_004_kani=true&JigyosyoCd=1172300558-00&ServiceCd=430&Type=search" }, "geometry": { "type": "Point", "coordinates": [ 139.617140400000011, 35.7841683 ] } },
{ "type": "Feature", "properties": { "内容": "和光福祉会　居宅介護支援センター【居宅介護支援】埼玉県和光市丸山台２－６－２０", "url2": "https://www.kaigokensaku.mhlw.go.jp/11/index.php?action_kouhyou_detail_004_kani=true&JigyosyoCd=1172300012-00&ServiceCd=430&Type=search" }, "geometry": { "type": "Point", "coordinates": [ 139.61769490000006, 35.7861548 ] } },
{ "type": "Feature", "properties": { "内容": "ケアプランのぞみ和光居宅介護支援事業所【居宅介護支援】埼玉県和光市丸山台１－４－４ビズコンフォート和光市２Ｆ－０３号室", "url2": "https://www.kaigokensaku.mhlw.go.jp/11/index.php?action_kouhyou_detail_004_kani=true&JigyosyoCd=1172300939-00&ServiceCd=430&Type=search" }, "geometry": { "type": "Point", "coordinates": [ 139.6135945, 35.7866935 ] } },
{ "type": "Feature", "properties": { "内容": "カナエル介護暮らしの支援室【居宅介護支援】埼玉県和光市南1-11-76第二福寿ビル302", "url2": "https://www.kaigokensaku.mhlw.go.jp/11/index.php?action_kouhyou_detail_004_kani=true&JigyosyoCd=1172300822-00&ServiceCd=430&Type=search" }, "geometry": { "type": "Point", "coordinates": [ 139.614159196958894, 35.771919481515965 ] } },
{ "type": "Feature", "properties": { "内容": "循和会　居宅介護支援事業所　和光【居宅介護支援】埼玉県和光市本町29-1ハイツ本橋305", "url2": "https://www.kaigokensaku.mhlw.go.jp/11/index.php?action_kouhyou_detail_004_kani=true&JigyosyoCd=1172300723-00&ServiceCd=430&Type=search" }, "geometry": { "type": "Point", "coordinates": [ 139.602321500000016, 35.785718300000021 ] } },
{ "type": "Feature", "properties": { "内容": "ケアプランえくぼ【居宅介護支援】埼玉県和光市白子1-13-11サンパレス豊光102", "url2": "https://www.kaigokensaku.mhlw.go.jp/11/index.php?action_kouhyou_detail_004_kani=true&JigyosyoCd=1172300947-00&ServiceCd=430&Type=search" }, "geometry": { "type": "Point", "coordinates": [ 139.6199081, 35.7691858 ] } },
{ "type": "Feature", "properties": { "内容": "ＮＰＯぽけっとステーション【居宅介護支援】埼玉県和光市丸山台3-12-12志幸75MANDARIN和光406", "url2": "https://www.kaigokensaku.mhlw.go.jp/11/index.php?action_kouhyou_detail_004_kani=true&JigyosyoCd=1172300368-00&ServiceCd=430&Type=search" }, "geometry": { "type": "Point", "coordinates": [ 139.619733346026464, 35.782142117338637 ] } },
{ "type": "Feature", "properties": { "内容": "ケアマネジメントオフィス・ビサイド【居宅介護支援】埼玉県新座市野火止5-1-41-302", "url2": "https://www.kaigokensaku.mhlw.go.jp/11/index.php?action_kouhyou_detail_004_kani=true&JigyosyoCd=1175102373-00&ServiceCd=430&Type=search" }, "geometry": { "type": "Point", "coordinates": [ 139.5588788, 35.8026247 ] } },
{ "type": "Feature", "properties": { "内容": "居宅介護支援事業所　ふれあい広場　新座【居宅介護支援】埼玉県新座市東北２－２９－１１　２階", "url2": "https://www.kaigokensaku.mhlw.go.jp/11/index.php?action_kouhyou_detail_004_kani=true&JigyosyoCd=1175100021-00&ServiceCd=430&Type=search" }, "geometry": { "type": "Point", "coordinates": [ 139.572739899999988, 35.8219185 ] } },
{ "type": "Feature", "properties": { "内容": "居宅介護支援事業所　ケアプラザ彩ふく【居宅介護支援】埼玉県新座市堀ノ内３－７－３１", "url2": "https://www.kaigokensaku.mhlw.go.jp/11/index.php?action_kouhyou_detail_004_kani=true&JigyosyoCd=1175100518-00&ServiceCd=430&Type=search" }, "geometry": { "type": "Point", "coordinates": [ 139.5577697, 35.7780016 ] } },
{ "type": "Feature", "properties": { "内容": "居宅介護支援事業所すず【居宅介護支援】埼玉県新座市野寺一丁目１１番１９美しの森ハウスＢ棟１階１１１号室", "url2": "https://www.kaigokensaku.mhlw.go.jp/11/index.php?action_kouhyou_detail_004_kani=true&JigyosyoCd=1175101680-00&ServiceCd=430&Type=search" }, "geometry": { "type": "Point", "coordinates": [ 139.552564699999948, 35.7649405 ] } },
{ "type": "Feature", "properties": { "内容": "特定非営利活動法人　太陽　居宅介護支援事業所【居宅介護支援】新座市大和田5-17-25", "url2": "https://www.kaigokensaku.mhlw.go.jp/11/index.php?action_kouhyou_detail_004_kani=true&JigyosyoCd=1175101102-00&ServiceCd=430&Type=search" }, "geometry": { "type": "Point", "coordinates": [ 139.559622941000384, 35.817583187463697 ] } },
{ "type": "Feature", "properties": { "内容": "居宅介護支援事業所　ケアプランえん【居宅介護支援】新座市石神２－１－４", "url2": "https://www.kaigokensaku.mhlw.go.jp/11/index.php?action_kouhyou_detail_004_kani=true&JigyosyoCd=1175100708-00&ServiceCd=430&Type=search" }, "geometry": { "type": "Point", "coordinates": [ 139.555575399999952, 35.7721273 ] } },
{ "type": "Feature", "properties": { "内容": "ケアサポートにいざ居宅介護支援事業所【居宅介護支援】埼玉県新座市大和田1-8-2", "url2": "https://www.kaigokensaku.mhlw.go.jp/11/index.php?action_kouhyou_detail_004_kani=true&JigyosyoCd=1175101508-00&ServiceCd=430&Type=search" }, "geometry": { "type": "Point", "coordinates": [ 139.550984100000051, 35.8071135 ] } },
{ "type": "Feature", "properties": { "内容": "社会福祉法人晴智会　晴和苑居宅介護支援事業所【居宅介護支援】埼玉県新座市東3-7-26", "url2": "https://www.kaigokensaku.mhlw.go.jp/11/index.php?action_kouhyou_detail_004_kani=true&JigyosyoCd=1175100070-00&ServiceCd=430&Type=search" }, "geometry": { "type": "Point", "coordinates": [ 139.572402366339929, 35.814814493705434 ] } },
{ "type": "Feature", "properties": { "内容": "新座病院在宅介護支援センター【居宅介護支援】埼玉県新座市堀ノ内3-14-30", "url2": "https://www.kaigokensaku.mhlw.go.jp/11/index.php?action_kouhyou_detail_004_kani=true&JigyosyoCd=1175102258-00&ServiceCd=430&Type=search" }, "geometry": { "type": "Point", "coordinates": [ 139.554766042327913, 35.774042880005119 ] } },
{ "type": "Feature", "properties": { "内容": "新座園ケアポート【居宅介護支援】埼玉県新座市野火止４－１４－２０", "url2": "https://www.kaigokensaku.mhlw.go.jp/11/index.php?action_kouhyou_detail_004_kani=true&JigyosyoCd=1175100385-00&ServiceCd=430&Type=search" }, "geometry": { "type": "Point", "coordinates": [ 139.552989499999967, 35.7994962 ] } },
{ "type": "Feature", "properties": { "内容": "居宅介護支援事業所　みかんの里【居宅介護支援】埼玉県新座市中野1-17-33", "url2": "https://www.kaigokensaku.mhlw.go.jp/11/index.php?action_kouhyou_detail_004_kani=true&JigyosyoCd=1175100278-00&ServiceCd=430&Type=search" }, "geometry": { "type": "Point", "coordinates": [ 139.538689799999929, 35.8206237 ] } },
{ "type": "Feature", "properties": { "内容": "埼玉ライフケアサービス新座居宅介護支援事業所【居宅介護支援】埼玉県新座市野寺1-4-20", "url2": "https://www.kaigokensaku.mhlw.go.jp/11/index.php?action_kouhyou_detail_004_kani=true&JigyosyoCd=1175100641-00&ServiceCd=430&Type=search" }, "geometry": { "type": "Point", "coordinates": [ 139.555908950826307, 35.765384840218942 ] } },
{ "type": "Feature", "properties": { "内容": "ケアマネジメントセンター椿☆新座【居宅介護支援】埼玉県新座市野寺5-3-37ｻﾆｰﾌﾟﾚｽｷｬｯｽﾙB111", "url2": "https://www.kaigokensaku.mhlw.go.jp/11/index.php?action_kouhyou_detail_004_kani=true&JigyosyoCd=1175102001-00&ServiceCd=430&Type=search" }, "geometry": { "type": "Point", "coordinates": [ 139.555385579473011, 35.75914524389551 ] } },
{ "type": "Feature", "properties": { "内容": "めいと新座志木居宅介護支援事業所【居宅介護支援】埼玉県新座市野火止5-18-21", "url2": "https://www.kaigokensaku.mhlw.go.jp/11/index.php?action_kouhyou_detail_004_kani=true&JigyosyoCd=1175100989-00&ServiceCd=430&Type=search" }, "geometry": { "type": "Point", "coordinates": [ 139.563721621301454, 35.809890722821997 ] } },
{ "type": "Feature", "properties": { "内容": "「和」居宅介護支援事業所【居宅介護支援】埼玉県新座市あたご3丁目8-22サンロードあたご101", "url2": "https://www.kaigokensaku.mhlw.go.jp/11/index.php?action_kouhyou_detail_004_kani=true&JigyosyoCd=1175102134-00&ServiceCd=430&Type=search" }, "geometry": { "type": "Point", "coordinates": [ 139.541049119712824, 35.794173468764654 ] } },
{ "type": "Feature", "properties": { "内容": "医療法人社団　慈生会　居宅介護支援事業所　あかね【居宅介護支援】埼玉県新座市新堀３－１１－１１", "url2": "https://www.kaigokensaku.mhlw.go.jp/11/index.php?action_kouhyou_detail_004_kani=true&JigyosyoCd=1115100953-00&ServiceCd=430&Type=search" }, "geometry": { "type": "Point", "coordinates": [ 139.522695, 35.7700377 ] } },
{ "type": "Feature", "properties": { "内容": "居宅介護支援事業所ミントケアズ【居宅介護支援】埼玉県新座市野火止５－２１－２", "url2": "https://www.kaigokensaku.mhlw.go.jp/11/index.php?action_kouhyou_detail_004_kani=true&JigyosyoCd=1175102159-00&ServiceCd=430&Type=search" }, "geometry": { "type": "Point", "coordinates": [ 139.5613888, 35.8100126 ] } },
{ "type": "Feature", "properties": { "内容": "ロンド【居宅介護支援】埼玉県新座市栄4-3-17ﾒｿﾞﾝﾗﾌｨｯﾄ103", "url2": "https://www.kaigokensaku.mhlw.go.jp/11/index.php?action_kouhyou_detail_004_kani=true&JigyosyoCd=1175102340-00&ServiceCd=430&Type=search" }, "geometry": { "type": "Point", "coordinates": [ 139.583529499999969, 35.773518700000018 ] } },
{ "type": "Feature", "properties": { "内容": "居宅介護支援事業所・菜々の郷【居宅介護支援】新座市馬場1－2－35", "url2": "https://www.kaigokensaku.mhlw.go.jp/11/index.php?action_kouhyou_detail_004_kani=true&JigyosyoCd=1175101052-00&ServiceCd=430&Type=search" }, "geometry": { "type": "Point", "coordinates": [ 139.569963199999961, 35.7848788 ] } },
{ "type": "Feature", "properties": { "内容": "居宅介護支援事業所「きたの」【居宅介護支援】埼玉県新座市北野２－１２－３６", "url2": "https://www.kaigokensaku.mhlw.go.jp/11/index.php?action_kouhyou_detail_004_kani=true&JigyosyoCd=1175100468-00&ServiceCd=430&Type=search" }, "geometry": { "type": "Point", "coordinates": [ 139.561877200000026, 35.817077400000024 ] } },
{ "type": "Feature", "properties": { "内容": "かくの木介護支援事業所【居宅介護支援】埼玉県新座市新堀1-13-6谷野ビル２０２号", "url2": "https://www.kaigokensaku.mhlw.go.jp/11/index.php?action_kouhyou_detail_004_kani=true&JigyosyoCd=1175100047-00&ServiceCd=430&Type=search" }, "geometry": { "type": "Point", "coordinates": [ 139.532354899999973, 35.770248100000025 ] } },
{ "type": "Feature", "properties": { "内容": "小さな　一歩【居宅介護支援】埼玉県　新座市　片山　１丁目　３番７号", "url2": "https://www.kaigokensaku.mhlw.go.jp/11/index.php?action_kouhyou_detail_004_kani=true&JigyosyoCd=1175102019-00&ServiceCd=430&Type=search" }, "geometry": { "type": "Point", "coordinates": [ 139.568433735432791, 35.770874178357346 ] } },
{ "type": "Feature", "properties": { "内容": "指定居宅介護支援事業所山吹【居宅介護支援】埼玉県新座市大和田4-18-53山びこ保育園", "url2": "https://www.kaigokensaku.mhlw.go.jp/11/index.php?action_kouhyou_detail_004_kani=true&JigyosyoCd=1175100625-00&ServiceCd=430&Type=search" }, "geometry": { "type": "Point", "coordinates": [ 139.555822199999966, 35.8167802 ] } },
{ "type": "Feature", "properties": { "内容": "居宅介護支援事業所　あおぞら【居宅介護支援】新座市堀ノ内２－９－３１堀ノ内病院地域医療センター", "url2": "https://www.kaigokensaku.mhlw.go.jp/11/index.php?action_kouhyou_detail_004_kani=true&JigyosyoCd=1115100680-00&ServiceCd=430&Type=search" }, "geometry": { "type": "Point", "coordinates": [ 139.5572622, 35.771719300000015 ] } },
{ "type": "Feature", "properties": { "内容": "株式会社ケアポート・オリーブ【居宅介護支援】新座市野火止1-15-28-102", "url2": "https://www.kaigokensaku.mhlw.go.jp/11/index.php?action_kouhyou_detail_004_kani=true&JigyosyoCd=1175101003-00&ServiceCd=430&Type=search" }, "geometry": { "type": "Point", "coordinates": [ 139.566238881135746, 35.791003007880725 ] } },
{ "type": "Feature", "properties": { "内容": "社会福祉法人新座市社会福祉協議会居宅介護支援事業所【居宅介護支援】埼玉県新座市野火止一丁目９番６３号新座市役所第３庁舎内新座市役所第三庁舎内", "url2": "https://www.kaigokensaku.mhlw.go.jp/11/index.php?action_kouhyou_detail_004_kani=true&JigyosyoCd=1175100039-00&ServiceCd=430&Type=search" }, "geometry": { "type": "Point", "coordinates": [ 139.567937005060799, 35.794084015962085 ] } },
{ "type": "Feature", "properties": { "内容": "居宅介護支援事業所　一心館【居宅介護支援】埼玉県新座市栗原4丁目10番24号日神パレステージひばりヶ丘　307", "url2": "https://www.kaigokensaku.mhlw.go.jp/11/index.php?action_kouhyou_detail_004_kani=true&JigyosyoCd=1175102282-00&ServiceCd=430&Type=search" }, "geometry": { "type": "Point", "coordinates": [ 139.5509533, 35.7570108 ] } },
{ "type": "Feature", "properties": { "内容": "埼玉ライフケアサービス　　大和田居宅介護支援事業所【居宅介護支援】新座市大和田1-16-2", "url2": "https://www.kaigokensaku.mhlw.go.jp/11/index.php?action_kouhyou_detail_004_kani=true&JigyosyoCd=1175101573-00&ServiceCd=430&Type=search" }, "geometry": { "type": "Point", "coordinates": [ 139.555440581475864, 35.80731380808551 ] } },
{ "type": "Feature", "properties": { "内容": "ミアヘルサケアプラン新座【居宅介護支援】埼玉県新座市北野３－１８－２４ミアヘルサオアシス新座", "url2": "https://www.kaigokensaku.mhlw.go.jp/11/index.php?action_kouhyou_detail_004_kani=true&JigyosyoCd=1175101771-00&ServiceCd=430&Type=search" }, "geometry": { "type": "Point", "coordinates": [ 139.564949100000035, 35.8189355 ] } },
{ "type": "Feature", "properties": { "内容": "居宅介護支援セレストブルー【居宅介護支援】埼玉県桶川市川田谷3455番地の3A棟", "url2": "https://www.kaigokensaku.mhlw.go.jp/11/index.php?action_kouhyou_detail_004_kani=true&JigyosyoCd=1175201431-00&ServiceCd=430&Type=search" }, "geometry": { "type": "Point", "coordinates": [ 139.534882949373269, 35.992629168402445 ] } },
{ "type": "Feature", "properties": { "内容": "みらいケアセンター【居宅介護支援】埼玉県桶川市下日出谷西1-21-33", "url2": "https://www.kaigokensaku.mhlw.go.jp/11/index.php?action_kouhyou_detail_004_kani=true&JigyosyoCd=1175201290-00&ServiceCd=430&Type=search" }, "geometry": { "type": "Point", "coordinates": [ 139.550352703593518, 35.99487036830665 ] } },
{ "type": "Feature", "properties": { "内容": "ゴールドプランニング【居宅介護支援】埼玉県桶川市加納８４－８", "url2": "https://www.kaigokensaku.mhlw.go.jp/11/index.php?action_kouhyou_detail_004_kani=true&JigyosyoCd=1175300589-00&ServiceCd=430&Type=search" }, "geometry": { "type": "Point", "coordinates": [ 139.554595088499468, 36.012819071950176 ] } },
{ "type": "Feature", "properties": { "内容": "居宅介護支援事業所　ルーエハイム【居宅介護支援】埼玉県桶川市川田谷４９４８－１", "url2": "https://www.kaigokensaku.mhlw.go.jp/11/index.php?action_kouhyou_detail_004_kani=true&JigyosyoCd=1155280011-00&ServiceCd=430&Type=search" }, "geometry": { "type": "Point", "coordinates": [ 139.518902600000047, 35.9943739 ] } },
{ "type": "Feature", "properties": { "内容": "社会福祉法人　安誠福祉会　桶川介護サービスセンター【居宅介護支援】桶川市泉1-2-5", "url2": "https://www.kaigokensaku.mhlw.go.jp/11/index.php?action_kouhyou_detail_004_kani=true&JigyosyoCd=1175200128-00&ServiceCd=430&Type=search" }, "geometry": { "type": "Point", "coordinates": [ 139.5595995, 36.0023912 ] } },
{ "type": "Feature", "properties": { "内容": "ながつき【居宅介護支援】埼玉県桶川市坂田東3-22-7", "url2": "https://www.kaigokensaku.mhlw.go.jp/11/index.php?action_kouhyou_detail_004_kani=true&JigyosyoCd=1175201241-00&ServiceCd=430&Type=search" }, "geometry": { "type": "Point", "coordinates": [ 139.575072074239728, 36.016582601263607 ] } },
{ "type": "Feature", "properties": { "内容": "ケアステーションみやび【居宅介護支援】埼玉県桶川市川田谷２８８１－３", "url2": "https://www.kaigokensaku.mhlw.go.jp/11/index.php?action_kouhyou_detail_004_kani=true&JigyosyoCd=1175200763-00&ServiceCd=430&Type=search" }, "geometry": { "type": "Point", "coordinates": [ 139.5300463, 35.9910054 ] } },
{ "type": "Feature", "properties": { "内容": "ハートサービス桶川事業所【居宅介護支援】埼玉県桶川市西2-5-7", "url2": "https://www.kaigokensaku.mhlw.go.jp/11/index.php?action_kouhyou_detail_004_kani=true&JigyosyoCd=1175201134-00&ServiceCd=430&Type=search" }, "geometry": { "type": "Point", "coordinates": [ 139.558020095732644, 36.00574358568867 ] } },
{ "type": "Feature", "properties": { "内容": "桶川介護サービスセンターせいじん【居宅介護支援】埼玉県桶川市泉1-7-5", "url2": "https://www.kaigokensaku.mhlw.go.jp/11/index.php?action_kouhyou_detail_004_kani=true&JigyosyoCd=1175200441-00&ServiceCd=430&Type=search" }, "geometry": { "type": "Point", "coordinates": [ 139.556977599999982, 36.0009274 ] } },
{ "type": "Feature", "properties": { "内容": "桶川ケアセンターそよ風【居宅介護支援】埼玉県桶川市上日出谷１２４５－２", "url2": "https://www.kaigokensaku.mhlw.go.jp/11/index.php?action_kouhyou_detail_004_kani=true&JigyosyoCd=1175200409-00&ServiceCd=430&Type=search" }, "geometry": { "type": "Point", "coordinates": [ 139.548194700000067, 36.0050488 ] } },
{ "type": "Feature", "properties": { "内容": "ねむのき【居宅介護支援】桶川市大字川田谷5830番地１", "url2": "https://www.kaigokensaku.mhlw.go.jp/11/index.php?action_kouhyou_detail_004_kani=true&JigyosyoCd=1175200011-00&ServiceCd=430&Type=search" }, "geometry": { "type": "Point", "coordinates": [ 139.531015300000035, 36.0032423 ] } },
{ "type": "Feature", "properties": { "内容": "在宅介護支援センター　はにわの里【居宅介護支援】埼玉県桶川市川田谷7141番地1", "url2": "https://www.kaigokensaku.mhlw.go.jp/11/index.php?action_kouhyou_detail_004_kani=true&JigyosyoCd=1175200037-00&ServiceCd=430&Type=search" }, "geometry": { "type": "Point", "coordinates": [ 139.509878500000013, 35.9988342 ] } },
{ "type": "Feature", "properties": { "内容": "ケアプランセンター扇の森おけがわ【居宅介護支援】埼玉県桶川市泉1-8-17", "url2": "https://www.kaigokensaku.mhlw.go.jp/11/index.php?action_kouhyou_detail_004_kani=true&JigyosyoCd=1175201365-00&ServiceCd=430&Type=search" }, "geometry": { "type": "Point", "coordinates": [ 139.5571115, 36.0000121 ] } },
{ "type": "Feature", "properties": { "内容": "オカダの学校　介護相談室【居宅介護支援】埼玉県桶川市上日出谷南1-21-１", "url2": "https://www.kaigokensaku.mhlw.go.jp/11/index.php?action_kouhyou_detail_004_kani=true&JigyosyoCd=1175201332-00&ServiceCd=430&Type=search" }, "geometry": { "type": "Point", "coordinates": [ 139.543942672483297, 36.001193910170741 ] } },
{ "type": "Feature", "properties": { "内容": "桶川市在宅介護支援センターハートランド【居宅介護支援】桶川市坂田１７２５", "url2": "https://www.kaigokensaku.mhlw.go.jp/11/index.php?action_kouhyou_detail_004_kani=true&JigyosyoCd=1175200029-00&ServiceCd=430&Type=search" }, "geometry": { "type": "Point", "coordinates": [ 139.561398700000041, 36.0113488 ] } },
{ "type": "Feature", "properties": { "内容": "木のかほり【居宅介護支援】埼玉県桶川市若宮2-20-5サンシティB102", "url2": "https://www.kaigokensaku.mhlw.go.jp/11/index.php?action_kouhyou_detail_004_kani=true&JigyosyoCd=1175201209-00&ServiceCd=430&Type=search" }, "geometry": { "type": "Point", "coordinates": [ 139.56592681975448, 35.994849980899843 ] } },
{ "type": "Feature", "properties": { "内容": "ゆうメディカルケアプラン【居宅介護支援】埼玉県桶川市鴨川1-5-14ソレイユビル3階B号室", "url2": "https://www.kaigokensaku.mhlw.go.jp/11/index.php?action_kouhyou_detail_004_kani=true&JigyosyoCd=1175201399-00&ServiceCd=430&Type=search" }, "geometry": { "type": "Point", "coordinates": [ 139.560105, 35.9954556 ] } },
{ "type": "Feature", "properties": { "内容": "桶川ひまわりケアサポート【居宅介護支援】埼玉県桶川市坂田西3丁目54-1", "url2": "https://www.kaigokensaku.mhlw.go.jp/11/index.php?action_kouhyou_detail_004_kani=true&JigyosyoCd=1175200797-00&ServiceCd=430&Type=search" }, "geometry": { "type": "Point", "coordinates": [ 139.57183329999998, 36.0154515 ] } },
{ "type": "Feature", "properties": { "内容": "ワンズ・プラス【居宅介護支援】若宮1-7-22", "url2": "https://www.kaigokensaku.mhlw.go.jp/11/index.php?action_kouhyou_detail_004_kani=true&JigyosyoCd=1175201480-00&ServiceCd=430&Type=search" }, "geometry": { "type": "Point", "coordinates": [ 139.560187930688471, 35.996900321809498 ] } },
{ "type": "Feature", "properties": { "内容": "ケアプラン雪笑【居宅介護支援】埼玉県久喜市桜田二丁目６番２レーベン東鷲宮テラス３０６", "url2": "https://www.kaigokensaku.mhlw.go.jp/11/index.php?action_kouhyou_detail_004_kani=true&JigyosyoCd=1170901993-00&ServiceCd=430&Type=search" }, "geometry": { "type": "Point", "coordinates": [ 139.683839382831536, 36.095380089207993 ] } },
{ "type": "Feature", "properties": { "内容": "ケアプランひとりしずか【居宅介護支援】埼玉県久喜市青葉4-2-5", "url2": "https://www.kaigokensaku.mhlw.go.jp/11/index.php?action_kouhyou_detail_004_kani=true&JigyosyoCd=1170902009-00&ServiceCd=430&Type=search" }, "geometry": { "type": "Point", "coordinates": [ 139.7005519, 36.0726592 ] } },
{ "type": "Feature", "properties": { "内容": "ケアプランらくえん【居宅介護支援】埼玉県久喜市栗原１－１６－１", "url2": "https://www.kaigokensaku.mhlw.go.jp/11/index.php?action_kouhyou_detail_004_kani=true&JigyosyoCd=1170901522-00&ServiceCd=430&Type=search" }, "geometry": { "type": "Point", "coordinates": [ 139.703528299999988, 36.0693521 ] } },
{ "type": "Feature", "properties": { "内容": "居宅介護支援事業所すずみな鷲宮【居宅介護支援】埼玉県久喜市鷲宮２－１－７", "url2": "https://www.kaigokensaku.mhlw.go.jp/11/index.php?action_kouhyou_detail_004_kani=true&JigyosyoCd=1170901944-00&ServiceCd=430&Type=search" }, "geometry": { "type": "Point", "coordinates": [ 139.659288848438877, 36.099019473234392 ] } },
{ "type": "Feature", "properties": { "内容": "居宅介護支援事業所　すずのき【居宅介護支援】埼玉県久喜市北青柳1324-2", "url2": "https://www.kaigokensaku.mhlw.go.jp/11/index.php?action_kouhyou_detail_004_kani=true&JigyosyoCd=1170901704-00&ServiceCd=430&Type=search" }, "geometry": { "type": "Point", "coordinates": [ 139.663880400000011, 36.0512325 ] } },
{ "type": "Feature", "properties": { "内容": "居宅介護支援事業所　すずみな【居宅介護支援】埼玉県久喜市佐間279-4", "url2": "https://www.kaigokensaku.mhlw.go.jp/11/index.php?action_kouhyou_detail_004_kani=true&JigyosyoCd=1170901225-00&ServiceCd=430&Type=search" }, "geometry": { "type": "Point", "coordinates": [ 139.679771792562974, 36.119684386625288 ] } },
{ "type": "Feature", "properties": { "内容": "さわらびケア【居宅介護支援】埼玉県久喜市桜田４丁目２番１－１３－３０７", "url2": "https://www.kaigokensaku.mhlw.go.jp/11/index.php?action_kouhyou_detail_004_kani=true&JigyosyoCd=1170900862-00&ServiceCd=430&Type=search" }, "geometry": { "type": "Point", "coordinates": [ 139.681835699999965, 36.0868061 ] } },
{ "type": "Feature", "properties": { "内容": "太陽【居宅介護支援】埼玉県久喜市吉羽2-19-16", "url2": "https://www.kaigokensaku.mhlw.go.jp/11/index.php?action_kouhyou_detail_004_kani=true&JigyosyoCd=1170901084-00&ServiceCd=430&Type=search" }, "geometry": { "type": "Point", "coordinates": [ 139.6885949, 36.0668877 ] } },
{ "type": "Feature", "properties": { "内容": "SOMPOケア　久喜　居宅介護支援【居宅介護支援】埼玉県久喜市久喜中央四丁目9-50第3三髙ビル204", "url2": "https://www.kaigokensaku.mhlw.go.jp/11/index.php?action_kouhyou_detail_004_kani=true&JigyosyoCd=1170901878-00&ServiceCd=430&Type=search" }, "geometry": { "type": "Point", "coordinates": [ 139.674269, 36.070548500000015 ] } },
{ "type": "Feature", "properties": { "内容": "久喜市医師会指定居宅介護支援事業所よろこび【居宅介護支援】埼玉県久喜市本町5-3-19", "url2": "https://www.kaigokensaku.mhlw.go.jp/11/index.php?action_kouhyou_detail_004_kani=true&JigyosyoCd=1170900151-00&ServiceCd=430&Type=search" }, "geometry": { "type": "Point", "coordinates": [ 139.665342100000032, 36.0704696 ] } },
{ "type": "Feature", "properties": { "内容": "あおぞらネット【居宅介護支援】埼玉県久喜市青葉4-3-3", "url2": "https://www.kaigokensaku.mhlw.go.jp/11/index.php?action_kouhyou_detail_004_kani=true&JigyosyoCd=1170900326-00&ServiceCd=430&Type=search" }, "geometry": { "type": "Point", "coordinates": [ 139.6986991, 36.0690253 ] } },
{ "type": "Feature", "properties": { "内容": "わしのみや訪問看護ステーション居宅介護支援事業所【居宅介護支援】久喜市鷲宮６丁目24番18号", "url2": "https://www.kaigokensaku.mhlw.go.jp/11/index.php?action_kouhyou_detail_004_kani=true&JigyosyoCd=1171100496-00&ServiceCd=430&Type=search" }, "geometry": { "type": "Point", "coordinates": [ 139.670827700000018, 36.0981016 ] } },
{ "type": "Feature", "properties": { "内容": "ほっと・ケアライフ栗橋【居宅介護支援】久喜市間鎌471-6ハーウィルアシスト栗橋1F", "url2": "https://www.kaigokensaku.mhlw.go.jp/11/index.php?action_kouhyou_detail_004_kani=true&JigyosyoCd=1171101130-00&ServiceCd=430&Type=search" }, "geometry": { "type": "Point", "coordinates": [ 139.697883300000058, 36.1241881 ] } },
{ "type": "Feature", "properties": { "内容": "ソレアード　ケアプランセンター【居宅介護支援】埼玉県久喜市栗原1-15-10", "url2": "https://www.kaigokensaku.mhlw.go.jp/11/index.php?action_kouhyou_detail_004_kani=true&JigyosyoCd=1170500464-00&ServiceCd=430&Type=search" }, "geometry": { "type": "Point", "coordinates": [ 139.704298800000061, 36.068258900000011 ] } },
{ "type": "Feature", "properties": { "内容": "指定居宅介護支援事業所　縁【居宅介護支援】埼玉県久喜市吉羽1－38－16", "url2": "https://www.kaigokensaku.mhlw.go.jp/11/index.php?action_kouhyou_detail_004_kani=true&JigyosyoCd=1170901399-00&ServiceCd=430&Type=search" }, "geometry": { "type": "Point", "coordinates": [ 139.68525, 36.0689389 ] } },
{ "type": "Feature", "properties": { "内容": "ケア・アシスト東鷲宮【居宅介護支援】埼玉県久喜市桜田二丁目1-2", "url2": "https://www.kaigokensaku.mhlw.go.jp/11/index.php?action_kouhyou_detail_004_kani=true&JigyosyoCd=1171101320-00&ServiceCd=430&Type=search" }, "geometry": { "type": "Point", "coordinates": [ 139.681302255090714, 36.093272992508176 ] } },
{ "type": "Feature", "properties": { "内容": "ゆとり野居宅介護支援事業所【居宅介護支援】久喜市菖蒲町上大崎736番地", "url2": "https://www.kaigokensaku.mhlw.go.jp/11/index.php?action_kouhyou_detail_004_kani=true&JigyosyoCd=1170500043-00&ServiceCd=430&Type=search" }, "geometry": { "type": "Point", "coordinates": [ 139.604167614076914, 36.058942941623151 ] } },
{ "type": "Feature", "properties": { "内容": "ケア・アシスト南栗橋【居宅介護支援】久喜市南栗橋４－１１－４ラフィーネⅡ１０１号", "url2": "https://www.kaigokensaku.mhlw.go.jp/11/index.php?action_kouhyou_detail_004_kani=true&JigyosyoCd=1170901142-00&ServiceCd=430&Type=search" }, "geometry": { "type": "Point", "coordinates": [ 139.71047980000003, 36.1110456 ] } },
{ "type": "Feature", "properties": { "内容": "指定居宅介護支援事業所久喜の里【居宅介護支援】久喜市下早見１７２８番地１", "url2": "https://www.kaigokensaku.mhlw.go.jp/11/index.php?action_kouhyou_detail_004_kani=true&JigyosyoCd=1170900029-00&ServiceCd=430&Type=search" }, "geometry": { "type": "Point", "coordinates": [ 139.653595, 36.0506833 ] } },
{ "type": "Feature", "properties": { "内容": "鶴寿荘指定居宅介護支援事業所【居宅介護支援】埼玉県久喜市北青柳1364", "url2": "https://www.kaigokensaku.mhlw.go.jp/11/index.php?action_kouhyou_detail_004_kani=true&JigyosyoCd=1170900037-00&ServiceCd=430&Type=search" }, "geometry": { "type": "Point", "coordinates": [ 139.661486100000047, 36.0518941 ] } },
{ "type": "Feature", "properties": { "内容": "居宅介護支援事業所　桜田【居宅介護支援】埼玉県久喜市東大輪2039-4", "url2": "https://www.kaigokensaku.mhlw.go.jp/11/index.php?action_kouhyou_detail_004_kani=true&JigyosyoCd=1170901969-00&ServiceCd=430&Type=search" }, "geometry": { "type": "Point", "coordinates": [ 139.6754439, 36.0968534 ] } },
{ "type": "Feature", "properties": { "内容": "指定介護支援事業所　在宅介護支援センター恒寿苑【居宅介護支援】埼玉県久喜市中妻９０２－１", "url2": "https://www.kaigokensaku.mhlw.go.jp/11/index.php?action_kouhyou_detail_004_kani=true&JigyosyoCd=1171100066-00&ServiceCd=430&Type=search" }, "geometry": { "type": "Point", "coordinates": [ 139.645174600000018, 36.0886193 ] } },
{ "type": "Feature", "properties": { "内容": "久喜市社協居宅介護支援事業所【居宅介護支援】埼玉県久喜市青毛７５３－１ふれあいセンター久喜内", "url2": "https://www.kaigokensaku.mhlw.go.jp/11/index.php?action_kouhyou_detail_004_kani=true&JigyosyoCd=1170900771-00&ServiceCd=430&Type=search" }, "geometry": { "type": "Point", "coordinates": [ 139.693265900000029, 36.0722608 ] } },
{ "type": "Feature", "properties": { "内容": "居宅介護支援　ポケット【居宅介護支援】久喜市八甫４－９３－１", "url2": "https://www.kaigokensaku.mhlw.go.jp/11/index.php?action_kouhyou_detail_004_kani=true&JigyosyoCd=1171100728-00&ServiceCd=430&Type=search" }, "geometry": { "type": "Point", "coordinates": [ 139.689534800000047, 36.0986853 ] } },
{ "type": "Feature", "properties": { "内容": "ハートケアプランセンター【居宅介護支援】埼玉県久喜市吉羽3丁目18番地8", "url2": "https://www.kaigokensaku.mhlw.go.jp/11/index.php?action_kouhyou_detail_004_kani=true&JigyosyoCd=1170901464-00&ServiceCd=430&Type=search" }, "geometry": { "type": "Point", "coordinates": [ 139.692208, 36.065239399999989 ] } },
{ "type": "Feature", "properties": { "内容": "えがお居宅介護支援事業所【居宅介護支援】埼玉県久喜市鷲宮中央２丁目２番２号", "url2": "https://www.kaigokensaku.mhlw.go.jp/11/index.php?action_kouhyou_detail_004_kani=true&JigyosyoCd=1170902041-00&ServiceCd=430&Type=search" }, "geometry": { "type": "Point", "coordinates": [ 139.6577752, 36.0978354 ] } },
{ "type": "Feature", "properties": { "内容": "医療法人社団　永成会やはぎケア【居宅介護支援】埼玉県久喜市東大輪143-3", "url2": "https://www.kaigokensaku.mhlw.go.jp/11/index.php?action_kouhyou_detail_004_kani=true&JigyosyoCd=1171101338-00&ServiceCd=430&Type=search" }, "geometry": { "type": "Point", "coordinates": [ 139.6883058, 36.0877057 ] } },
{ "type": "Feature", "properties": { "内容": "老人保健施設みやじま【居宅介護支援】久喜市菖蒲町菖蒲4028", "url2": "https://www.kaigokensaku.mhlw.go.jp/11/index.php?action_kouhyou_detail_004_kani=true&JigyosyoCd=1150501296-00&ServiceCd=430&Type=search" }, "geometry": { "type": "Point", "coordinates": [ 139.6121511, 36.0717493 ] } },
{ "type": "Feature", "properties": { "内容": "きらら居宅介護支援事業所【居宅介護支援】埼玉県久喜市伊坂北2丁目15番15", "url2": "https://www.kaigokensaku.mhlw.go.jp/11/index.php?action_kouhyou_detail_004_kani=true&JigyosyoCd=1170901928-00&ServiceCd=430&Type=search" }, "geometry": { "type": "Point", "coordinates": [ 139.6928474, 36.1407836 ] } },
{ "type": "Feature", "properties": { "内容": "ケアプラン虹【居宅介護支援】埼玉県久喜市桜田3丁目6-1205", "url2": "https://www.kaigokensaku.mhlw.go.jp/11/index.php?action_kouhyou_detail_004_kani=true&JigyosyoCd=1170902017-00&ServiceCd=430&Type=search" }, "geometry": { "type": "Point", "coordinates": [ 139.6834199, 36.0891409 ] } },
{ "type": "Feature", "properties": { "内容": "コープみらい北本介護センター【居宅介護支援】埼玉県北本市下石戸下1512-1", "url2": "https://www.kaigokensaku.mhlw.go.jp/11/index.php?action_kouhyou_detail_004_kani=true&JigyosyoCd=1175300373-00&ServiceCd=430&Type=search" }, "geometry": { "type": "Point", "coordinates": [ 139.537282987619079, 36.017889339728086 ] } },
{ "type": "Feature", "properties": { "内容": "居宅介護支援　ハヤシ・スキップ【居宅介護支援】埼玉県北本市石戸五丁目263番地1センチュリー北本高尾２０１号", "url2": "https://www.kaigokensaku.mhlw.go.jp/11/index.php?action_kouhyou_detail_004_kani=true&JigyosyoCd=1175300878-00&ServiceCd=430&Type=search" }, "geometry": { "type": "Point", "coordinates": [ 139.525493899999987, 36.019152 ] } },
{ "type": "Feature", "properties": { "内容": "学研ココファン北本【居宅介護支援】埼玉県北本市中央2-95", "url2": "https://www.kaigokensaku.mhlw.go.jp/11/index.php?action_kouhyou_detail_004_kani=true&JigyosyoCd=1175300654-00&ServiceCd=430&Type=search" }, "geometry": { "type": "Point", "coordinates": [ 139.533294235581934, 36.030511911978159 ] } },
{ "type": "Feature", "properties": { "内容": "居宅介護支援事業所　北本【居宅介護支援】埼玉県北本市緑3丁目16番地", "url2": "https://www.kaigokensaku.mhlw.go.jp/11/index.php?action_kouhyou_detail_004_kani=true&JigyosyoCd=1175300456-00&ServiceCd=430&Type=search" }, "geometry": { "type": "Point", "coordinates": [ 139.5359638, 36.0230658 ] } },
{ "type": "Feature", "properties": { "内容": "ケアメディカル北本居宅介護支援事業所【居宅介護支援】埼玉県北本市緑2-60-1", "url2": "https://www.kaigokensaku.mhlw.go.jp/11/index.php?action_kouhyou_detail_004_kani=true&JigyosyoCd=1175300910-00&ServiceCd=430&Type=search" }, "geometry": { "type": "Point", "coordinates": [ 139.535653109226502, 36.02767922862909 ] } },
{ "type": "Feature", "properties": { "内容": "居宅介護支援事業所きたもと寿苑【居宅介護支援】埼玉県北本市二ツ家３丁目１１３－３", "url2": "https://www.kaigokensaku.mhlw.go.jp/11/index.php?action_kouhyou_detail_004_kani=true&JigyosyoCd=1175300738-00&ServiceCd=430&Type=search" }, "geometry": { "type": "Point", "coordinates": [ 139.552273922615058, 36.014682735382422 ] } },
{ "type": "Feature", "properties": { "内容": "ニチイケアセンター北本【居宅介護支援】埼玉県北本市北本3丁目112番地", "url2": "https://www.kaigokensaku.mhlw.go.jp/11/index.php?action_kouhyou_detail_004_kani=true&JigyosyoCd=1175300118-00&ServiceCd=430&Type=search" }, "geometry": { "type": "Point", "coordinates": [ 139.536846400000059, 36.0347871 ] } },
{ "type": "Feature", "properties": { "内容": "ゆうゆうケア【居宅介護支援】埼玉県北本市中央３－７１－４", "url2": "https://www.kaigokensaku.mhlw.go.jp/11/index.php?action_kouhyou_detail_004_kani=true&JigyosyoCd=1165390026-00&ServiceCd=430&Type=search" }, "geometry": { "type": "Point", "coordinates": [ 139.532499599999937, 36.0316426 ] } },
{ "type": "Feature", "properties": { "内容": "居宅介護支援事業所ちとせ北本【居宅介護支援】埼玉県北本市深井3-25-1", "url2": "https://www.kaigokensaku.mhlw.go.jp/11/index.php?action_kouhyou_detail_004_kani=true&JigyosyoCd=1175301009-00&ServiceCd=430&Type=search" }, "geometry": { "type": "Point", "coordinates": [ 139.5260905, 36.0485147 ] } },
{ "type": "Feature", "properties": { "内容": "居宅介護支援事業所　いこいの家【居宅介護支援】北本市本町6-232", "url2": "https://www.kaigokensaku.mhlw.go.jp/11/index.php?action_kouhyou_detail_004_kani=true&JigyosyoCd=1175300159-00&ServiceCd=430&Type=search" }, "geometry": { "type": "Point", "coordinates": [ 139.528139, 36.0272872 ] } },
{ "type": "Feature", "properties": { "内容": "たま居宅介護支援事業所【居宅介護支援】埼玉県北本市東間４丁目１０３番地", "url2": "https://www.kaigokensaku.mhlw.go.jp/11/index.php?action_kouhyou_detail_004_kani=true&JigyosyoCd=1175300530-00&ServiceCd=430&Type=search" }, "geometry": { "type": "Point", "coordinates": [ 139.532599299999987, 36.0401113 ] } },
{ "type": "Feature", "properties": { "内容": "あずみ苑　八潮【居宅介護支援】埼玉県八潮市大字八條３６３６－１", "url2": "https://www.kaigokensaku.mhlw.go.jp/11/index.php?action_kouhyou_detail_004_kani=true&JigyosyoCd=1171000399-00&ServiceCd=430&Type=search" }, "geometry": { "type": "Point", "coordinates": [ 139.8416679, 35.843633599999983 ] } },
{ "type": "Feature", "properties": { "内容": "ヴィレクール居宅介護支援事業所【居宅介護支援】埼玉県八潮市八條２６２７", "url2": "https://www.kaigokensaku.mhlw.go.jp/11/index.php?action_kouhyou_detail_004_kani=true&JigyosyoCd=1171000506-00&ServiceCd=430&Type=search" }, "geometry": { "type": "Point", "coordinates": [ 139.83979734232787, 35.837368193031558 ] } },
{ "type": "Feature", "properties": { "内容": "居宅介護支援事業所　晴レルヤ【居宅介護支援】埼玉県八潮市八潮6丁目2-36", "url2": "https://www.kaigokensaku.mhlw.go.jp/11/index.php?action_kouhyou_detail_004_kani=true&JigyosyoCd=1171000811-00&ServiceCd=430&Type=search" }, "geometry": { "type": "Point", "coordinates": [ 139.834683699999971, 35.8137169 ] } },
{ "type": "Feature", "properties": { "内容": "居宅介護支援事業所リリケア【居宅介護支援】埼玉県八潮市古新田１０９１サザンクロス１０２", "url2": "https://www.kaigokensaku.mhlw.go.jp/11/index.php?action_kouhyou_detail_004_kani=true&JigyosyoCd=1171000837-00&ServiceCd=430&Type=search" }, "geometry": { "type": "Point", "coordinates": [ 139.853531299999986, 35.7969296 ] } },
{ "type": "Feature", "properties": { "内容": "居宅介護支援事業所　ぽっかぽか【居宅介護支援】埼玉県八潮市大字八條５０番地", "url2": "https://www.kaigokensaku.mhlw.go.jp/11/index.php?action_kouhyou_detail_004_kani=true&JigyosyoCd=1171000266-00&ServiceCd=430&Type=search" }, "geometry": { "type": "Point", "coordinates": [ 139.838229400000046, 35.8574533 ] } },
{ "type": "Feature", "properties": { "内容": "居宅介護支援センター　杜の家やしお【居宅介護支援】埼玉県八潮市鶴ケ曽根567-1", "url2": "https://www.kaigokensaku.mhlw.go.jp/11/index.php?action_kouhyou_detail_004_kani=true&JigyosyoCd=1171000381-00&ServiceCd=430&Type=search" }, "geometry": { "type": "Point", "coordinates": [ 139.836666400000013, 35.8300654 ] } },
{ "type": "Feature", "properties": { "内容": "ケアサポートこいずみ【居宅介護支援】八潮市南後谷430-2ｺｰﾎﾟﾎﾞｰﾔ102号室", "url2": "https://www.kaigokensaku.mhlw.go.jp/11/index.php?action_kouhyou_detail_004_kani=true&JigyosyoCd=1171000332-00&ServiceCd=430&Type=search" }, "geometry": { "type": "Point", "coordinates": [ 139.819039800000041, 35.8289155 ] } },
{ "type": "Feature", "properties": { "内容": "指定居宅介護支援事業所　ケアセンター八潮【居宅介護支援】埼玉県八潮市鶴ケ曽根１１８４番地４", "url2": "https://www.kaigokensaku.mhlw.go.jp/11/index.php?action_kouhyou_detail_004_kani=true&JigyosyoCd=1171000316-00&ServiceCd=430&Type=search" }, "geometry": { "type": "Point", "coordinates": [ 139.8365387, 35.8266742 ] } },
{ "type": "Feature", "properties": { "内容": "指定居宅介護支援事業所八潮中央訪問看護ステーション【居宅介護支援】埼玉県八潮市南川崎722-1", "url2": "https://www.kaigokensaku.mhlw.go.jp/11/index.php?action_kouhyou_detail_004_kani=true&JigyosyoCd=1171000035-00&ServiceCd=430&Type=search" }, "geometry": { "type": "Point", "coordinates": [ 139.852857221548419, 35.813842054515 ] } },
{ "type": "Feature", "properties": { "内容": "医療法人社団協友会　居宅介護支援事業所回生【居宅介護支援】埼玉県八潮市大原４５５番地", "url2": "https://www.kaigokensaku.mhlw.go.jp/11/index.php?action_kouhyou_detail_004_kani=true&JigyosyoCd=1171000019-00&ServiceCd=430&Type=search" }, "geometry": { "type": "Point", "coordinates": [ 139.839325300000041, 35.8054191 ] } },
{ "type": "Feature", "properties": { "内容": "介護相談室　やしお苑【居宅介護支援】埼玉県八潮市南川崎210-1", "url2": "https://www.kaigokensaku.mhlw.go.jp/11/index.php?action_kouhyou_detail_004_kani=true&JigyosyoCd=1171000027-00&ServiceCd=430&Type=search" }, "geometry": { "type": "Point", "coordinates": [ 139.860568100000023, 35.8116599 ] } },
{ "type": "Feature", "properties": { "内容": "介護相談室えねむ【居宅介護支援】埼玉県八潮市鶴ケ曽根１６７林アパート1号室", "url2": "https://www.kaigokensaku.mhlw.go.jp/11/index.php?action_kouhyou_detail_004_kani=true&JigyosyoCd=1171000852-00&ServiceCd=430&Type=search" }, "geometry": { "type": "Point", "coordinates": [ 139.83933459818229, 35.831554450843576 ] } },
{ "type": "Feature", "properties": { "内容": "つむぐケアプランセンター【居宅介護支援】埼玉県八潮市西袋675－15", "url2": "https://www.kaigokensaku.mhlw.go.jp/11/index.php?action_kouhyou_detail_004_kani=true&JigyosyoCd=1171000886-00&ServiceCd=430&Type=search" }, "geometry": { "type": "Point", "coordinates": [ 139.81440906728605, 35.819851405335314 ] } },
{ "type": "Feature", "properties": { "内容": "居宅介護支援事業所　虹の詩【居宅介護支援】埼玉県八潮市八潮8丁目14番地2グリーンパーク第2八潮609号室", "url2": "https://www.kaigokensaku.mhlw.go.jp/11/index.php?action_kouhyou_detail_004_kani=true&JigyosyoCd=1171000944-00&ServiceCd=430&Type=search" }, "geometry": { "type": "Point", "coordinates": [ 139.828527400000041, 35.8140889 ] } },
{ "type": "Feature", "properties": { "内容": "八潮ケアセンターそよ風【居宅介護支援】埼玉県八潮市中央3-1-12", "url2": "https://www.kaigokensaku.mhlw.go.jp/11/index.php?action_kouhyou_detail_004_kani=true&JigyosyoCd=1171000175-00&ServiceCd=430&Type=search" }, "geometry": { "type": "Point", "coordinates": [ 139.83290850000003, 35.8215417 ] } },
{ "type": "Feature", "properties": { "内容": "指定居宅介護支援事業所　やしお寿苑【居宅介護支援】埼玉県八潮市大字八條字入谷294-4", "url2": "https://www.kaigokensaku.mhlw.go.jp/11/index.php?action_kouhyou_detail_004_kani=true&JigyosyoCd=1171000159-00&ServiceCd=430&Type=search" }, "geometry": { "type": "Point", "coordinates": [ 139.835201183744857, 35.853201166948658 ] } },
{ "type": "Feature", "properties": { "内容": "居宅支援介護事業所あおい糸【居宅介護支援】埼玉県富士見市羽沢2丁目5番45号", "url2": "https://www.kaigokensaku.mhlw.go.jp/11/index.php?action_kouhyou_detail_004_kani=true&JigyosyoCd=1172901371-00&ServiceCd=430&Type=search" }, "geometry": { "type": "Point", "coordinates": [ 139.537641143516538, 35.857367886003246 ] } },
{ "type": "Feature", "properties": { "内容": "福祉ＮＰＯグループみずほ【居宅介護支援】埼玉県富士見市西みずほ台三丁目３番地１１ハイツみずほ台104号", "url2": "https://www.kaigokensaku.mhlw.go.jp/11/index.php?action_kouhyou_detail_004_kani=true&JigyosyoCd=1172900266-00&ServiceCd=430&Type=search" }, "geometry": { "type": "Point", "coordinates": [ 139.547969299999977, 35.8356722 ] } },
{ "type": "Feature", "properties": { "内容": "医療法人さくら　ふじさくら居宅介護支援事業所【居宅介護支援】埼玉県富士見市水谷東一丁目28番1号", "url2": "https://www.kaigokensaku.mhlw.go.jp/11/index.php?action_kouhyou_detail_004_kani=true&JigyosyoCd=1172901421-00&ServiceCd=430&Type=search" }, "geometry": { "type": "Point", "coordinates": [ 139.57004874470519, 35.84190811694917 ] } },
{ "type": "Feature", "properties": { "内容": "支援センターひだまりの庭むさしの【居宅介護支援】大字水子１８８２番１", "url2": "https://www.kaigokensaku.mhlw.go.jp/11/index.php?action_kouhyou_detail_004_kani=true&JigyosyoCd=1172900985-00&ServiceCd=430&Type=search" }, "geometry": { "type": "Point", "coordinates": [ 139.564598199999978, 35.8446019 ] } },
{ "type": "Feature", "properties": { "内容": "ニチイケアセンター鶴瀬【居宅介護支援】富士見市鶴馬１－２６－７", "url2": "https://www.kaigokensaku.mhlw.go.jp/11/index.php?action_kouhyou_detail_004_kani=true&JigyosyoCd=1172900563-00&ServiceCd=430&Type=search" }, "geometry": { "type": "Point", "coordinates": [ 139.544153517196747, 35.850854694955778 ] } },
{ "type": "Feature", "properties": { "内容": "富士見市社会福祉協議会居宅介護支援事業所【居宅介護支援】埼玉県富士見市大字鶴馬１９３２－７市民福祉活動センター「ぱれっと」内", "url2": "https://www.kaigokensaku.mhlw.go.jp/11/index.php?action_kouhyou_detail_004_kani=true&JigyosyoCd=1172900662-00&ServiceCd=430&Type=search" }, "geometry": { "type": "Point", "coordinates": [ 139.551507, 35.854409 ] } },
{ "type": "Feature", "properties": { "内容": "支援センターむさしの【居宅介護支援】埼玉県富士見市大字南畑新田１６番地１", "url2": "https://www.kaigokensaku.mhlw.go.jp/11/index.php?action_kouhyou_detail_004_kani=true&JigyosyoCd=1172900324-00&ServiceCd=430&Type=search" }, "geometry": { "type": "Point", "coordinates": [ 139.563999599999988, 35.8714987 ] } },
{ "type": "Feature", "properties": { "内容": "居宅介護支援センターえぶりわん鶴瀬Nisi【居宅介護支援】埼玉県富士見市鶴瀬西２－８－２５", "url2": "https://www.kaigokensaku.mhlw.go.jp/11/index.php?action_kouhyou_detail_004_kani=true&JigyosyoCd=1172900969-00&ServiceCd=430&Type=search" }, "geometry": { "type": "Point", "coordinates": [ 139.534480799999983, 35.846726 ] } },
{ "type": "Feature", "properties": { "内容": "ケアプランセンターにじいろ【居宅介護支援】埼玉県富士見市鶴瀬西3-14-4", "url2": "https://www.kaigokensaku.mhlw.go.jp/11/index.php?action_kouhyou_detail_004_kani=true&JigyosyoCd=1172901298-00&ServiceCd=430&Type=search" }, "geometry": { "type": "Point", "coordinates": [ 139.531109473571803, 35.847479417194776 ] } },
{ "type": "Feature", "properties": { "内容": "ケアマネジャー事務所　サーバント　富士見【居宅介護支援】富士見市ふじみ野市東4‐16‐7", "url2": "https://www.kaigokensaku.mhlw.go.jp/11/index.php?action_kouhyou_detail_004_kani=true&JigyosyoCd=1172400341-00&ServiceCd=430&Type=search" }, "geometry": { "type": "Point", "coordinates": [ 139.529995217401847, 35.864516041769434 ] } },
{ "type": "Feature", "properties": { "内容": "ケアマネジャー事務所　サーバントふじみ・みよし【居宅介護支援】埼玉県富士見市針ヶ谷1-10-9西ハイツ106", "url2": "https://www.kaigokensaku.mhlw.go.jp/11/index.php?action_kouhyou_detail_004_kani=true&JigyosyoCd=1172901439-00&ServiceCd=430&Type=search" }, "geometry": { "type": "Point", "coordinates": [ 139.556234244408614, 35.834110923411338 ] } },
{ "type": "Feature", "properties": { "内容": "居宅介護支援事業所ふじみ苑【居宅介護支援】埼玉県富士見市大字鶴馬３３６０番地１", "url2": "https://www.kaigokensaku.mhlw.go.jp/11/index.php?action_kouhyou_detail_004_kani=true&JigyosyoCd=1172900118-00&ServiceCd=430&Type=search" }, "geometry": { "type": "Point", "coordinates": [ 139.5552457, 35.8518038 ] } },
{ "type": "Feature", "properties": { "内容": "株式会社アズ・ライフケア　あずみ苑みずほ【居宅介護支援】埼玉県富士見市鶴馬３－８－２", "url2": "https://www.kaigokensaku.mhlw.go.jp/11/index.php?action_kouhyou_detail_004_kani=true&JigyosyoCd=1172900530-00&ServiceCd=430&Type=search" }, "geometry": { "type": "Point", "coordinates": [ 139.549843600000031, 35.8471792 ] } },
{ "type": "Feature", "properties": { "内容": "ReStart　未来【居宅介護支援】埼玉県富士見市鶴瀬東1-1-51横田店舗1階", "url2": "https://www.kaigokensaku.mhlw.go.jp/11/index.php?action_kouhyou_detail_004_kani=true&JigyosyoCd=1172901579-00&ServiceCd=430&Type=search" }, "geometry": { "type": "Point", "coordinates": [ 139.541852, 35.848504 ] } },
{ "type": "Feature", "properties": { "内容": "居宅介護支援事業所すてっぷ【居宅介護支援】埼玉県富士見市針ヶ谷１－９－６", "url2": "https://www.kaigokensaku.mhlw.go.jp/11/index.php?action_kouhyou_detail_004_kani=true&JigyosyoCd=1172900860-00&ServiceCd=430&Type=search" }, "geometry": { "type": "Point", "coordinates": [ 139.55553, 35.834742 ] } },
{ "type": "Feature", "properties": { "内容": "居宅介護支援事業所　あやか【居宅介護支援】埼玉県富士見市水子４６９４－３アメニティみずほ台　１０１号室", "url2": "https://www.kaigokensaku.mhlw.go.jp/11/index.php?action_kouhyou_detail_004_kani=true&JigyosyoCd=1172901363-00&ServiceCd=430&Type=search" }, "geometry": { "type": "Point", "coordinates": [ 139.556504100000012, 35.8391053 ] } },
{ "type": "Feature", "properties": { "内容": "富家在宅支援センター富士見【居宅介護支援】埼玉県富士見市西みずほ台1-2-4アジュールみずほ台103号", "url2": "https://www.kaigokensaku.mhlw.go.jp/11/index.php?action_kouhyou_detail_004_kani=true&JigyosyoCd=1172901231-00&ServiceCd=430&Type=search" }, "geometry": { "type": "Point", "coordinates": [ 139.549246900000071, 35.838933 ] } },
{ "type": "Feature", "properties": { "内容": "居宅介護支援事業所　つなぐ【居宅介護支援】関沢3丁目38-29フィオーレ関沢101号室", "url2": "https://www.kaigokensaku.mhlw.go.jp/11/index.php?action_kouhyou_detail_004_kani=true&JigyosyoCd=1172901512-00&ServiceCd=430&Type=search" }, "geometry": { "type": "Point", "coordinates": [ 139.5405518, 35.8383274 ] } },
{ "type": "Feature", "properties": { "内容": "コープみらい富士見介護センター【居宅介護支援】埼玉県富士見市東みずほ台3-24コープみずほ台２階", "url2": "https://www.kaigokensaku.mhlw.go.jp/11/index.php?action_kouhyou_detail_004_kani=true&JigyosyoCd=1172901157-00&ServiceCd=430&Type=search" }, "geometry": { "type": "Point", "coordinates": [ 139.54800780000005, 35.8428464 ] } },
{ "type": "Feature", "properties": { "内容": "MC居宅介護支援センター【居宅介護支援】埼玉県三郷市彦川戸一丁目84番地1", "url2": "https://www.kaigokensaku.mhlw.go.jp/11/index.php?action_kouhyou_detail_004_kani=true&JigyosyoCd=1171201393-00&ServiceCd=430&Type=search" }, "geometry": { "type": "Point", "coordinates": [ 139.850692799999933, 35.8476547 ] } },
{ "type": "Feature", "properties": { "内容": "デイサロンみさと居宅介護支援事業所【居宅介護支援】戸ヶ崎1-224-2", "url2": "https://www.kaigokensaku.mhlw.go.jp/11/index.php?action_kouhyou_detail_004_kani=true&JigyosyoCd=1171200833-00&ServiceCd=430&Type=search" }, "geometry": { "type": "Point", "coordinates": [ 139.865585900000013, 35.8075369 ] } },
{ "type": "Feature", "properties": { "内容": "居宅介護支援事業所　一真会【居宅介護支援】埼玉県三郷市早稲田２－４－７メゾン・ド・ベール早稲田Ⅲ　１０６号", "url2": "https://www.kaigokensaku.mhlw.go.jp/11/index.php?action_kouhyou_detail_004_kani=true&JigyosyoCd=1171201757-00&ServiceCd=430&Type=search" }, "geometry": { "type": "Point", "coordinates": [ 139.883926284655786, 35.847857615309991 ] } },
{ "type": "Feature", "properties": { "内容": "居宅介護支援事業所さくら新三郷【居宅介護支援】埼玉県三郷市采女1-157-1", "url2": "https://www.kaigokensaku.mhlw.go.jp/11/index.php?action_kouhyou_detail_004_kani=true&JigyosyoCd=1171201195-00&ServiceCd=430&Type=search" }, "geometry": { "type": "Point", "coordinates": [ 139.861726081614734, 35.859938871220557 ] } },
{ "type": "Feature", "properties": { "内容": "埼玉みさと総合リハビリテーション病院指定居宅介護支援事業所【居宅介護支援】埼玉県三郷市新和5-207", "url2": "https://www.kaigokensaku.mhlw.go.jp/11/index.php?action_kouhyou_detail_004_kani=true&JigyosyoCd=1171200064-00&ServiceCd=430&Type=search" }, "geometry": { "type": "Point", "coordinates": [ 139.881613499999958, 35.8102908 ] } },
{ "type": "Feature", "properties": { "内容": "居宅介護支援事業所しいの木の郷【居宅介護支援】埼玉県三郷市番匠免1丁目３１４", "url2": "https://www.kaigokensaku.mhlw.go.jp/11/index.php?action_kouhyou_detail_004_kani=true&JigyosyoCd=1171200148-00&ServiceCd=430&Type=search" }, "geometry": { "type": "Point", "coordinates": [ 139.852593100000036, 35.8342064 ] } },
{ "type": "Feature", "properties": { "内容": "みさと健和団地診療所【居宅介護支援】埼玉県三郷市采女１－７６", "url2": "https://www.kaigokensaku.mhlw.go.jp/11/index.php?action_kouhyou_detail_004_kani=true&JigyosyoCd=1111201763-00&ServiceCd=430&Type=search" }, "geometry": { "type": "Point", "coordinates": [ 139.863905299999942, 35.8571565 ] } },
{ "type": "Feature", "properties": { "内容": "みさと南訪問看護ステーション　居宅介護支援事業所【居宅介護支援】埼玉県三郷市鷹野5丁目５１６－１　2階", "url2": "https://www.kaigokensaku.mhlw.go.jp/11/index.php?action_kouhyou_detail_004_kani=true&JigyosyoCd=1171201724-00&ServiceCd=430&Type=search" }, "geometry": { "type": "Point", "coordinates": [ 139.874315439674547, 35.798057313680722 ] } },
{ "type": "Feature", "properties": { "内容": "福祉のニッカ　早稲田介護相談室【居宅介護支援】三郷市早稲田3-8-1", "url2": "https://www.kaigokensaku.mhlw.go.jp/11/index.php?action_kouhyou_detail_004_kani=true&JigyosyoCd=1171201500-00&ServiceCd=430&Type=search" }, "geometry": { "type": "Point", "coordinates": [ 139.887161800000058, 35.8497468 ] } },
{ "type": "Feature", "properties": { "内容": "居宅介護支援事業所　ふれあい【居宅介護支援】三郷市早稲田3丁目27番12　ﾊﾟｰｸｻｲﾄﾞ早稲田B棟202ﾊﾟｰｸｻｲﾄﾞ早稲田Ｂ棟202号室", "url2": "https://www.kaigokensaku.mhlw.go.jp/11/index.php?action_kouhyou_detail_004_kani=true&JigyosyoCd=1171200841-00&ServiceCd=430&Type=search" }, "geometry": { "type": "Point", "coordinates": [ 139.888709841000377, 35.853249615444106 ] } },
{ "type": "Feature", "properties": { "内容": "居宅介護支援センターピースケア三郷【居宅介護支援】埼玉県三郷市早稲田４丁目２０－２６", "url2": "https://www.kaigokensaku.mhlw.go.jp/11/index.php?action_kouhyou_detail_004_kani=true&JigyosyoCd=1171201971-00&ServiceCd=430&Type=search" }, "geometry": { "type": "Point", "coordinates": [ 139.880718552578742, 35.852881658566275 ] } },
{ "type": "Feature", "properties": { "内容": "ケアプラン福まる【居宅介護支援】埼玉県三郷市高州1丁目165-6", "url2": "https://www.kaigokensaku.mhlw.go.jp/11/index.php?action_kouhyou_detail_004_kani=true&JigyosyoCd=1171202086-00&ServiceCd=430&Type=search" }, "geometry": { "type": "Point", "coordinates": [ 139.8690133, 35.8066526 ] } },
{ "type": "Feature", "properties": { "内容": "居宅介護支援事業所あすなろ三郷【居宅介護支援】新和4-545-2", "url2": "https://www.kaigokensaku.mhlw.go.jp/11/index.php?action_kouhyou_detail_004_kani=true&JigyosyoCd=1171201732-00&ServiceCd=430&Type=search" }, "geometry": { "type": "Point", "coordinates": [ 139.8866769, 35.8125072 ] } },
{ "type": "Feature", "properties": { "内容": "居宅介護支援事業所プロージット【居宅介護支援】埼玉県三郷市早稲田6-18-12", "url2": "https://www.kaigokensaku.mhlw.go.jp/11/index.php?action_kouhyou_detail_004_kani=true&JigyosyoCd=1171201526-00&ServiceCd=430&Type=search" }, "geometry": { "type": "Point", "coordinates": [ 139.883228417203043, 35.856629274237591 ] } },
{ "type": "Feature", "properties": { "内容": "医療法人財団　健和会　みさと健和クリニック　介護保険相談室【居宅介護支援】埼玉県三郷市鷹野４－５１０－１", "url2": "https://www.kaigokensaku.mhlw.go.jp/11/index.php?action_kouhyou_detail_004_kani=true&JigyosyoCd=1111200815-00&ServiceCd=430&Type=search" }, "geometry": { "type": "Point", "coordinates": [ 139.879676550926234, 35.800074224543778 ] } },
{ "type": "Feature", "properties": { "内容": "指定居宅介護支援事業所介護老人保健施設三郷ケアセンター【居宅介護支援】三郷市南蓮沼２６０－２", "url2": "https://www.kaigokensaku.mhlw.go.jp/11/index.php?action_kouhyou_detail_004_kani=true&JigyosyoCd=1171200155-00&ServiceCd=430&Type=search" }, "geometry": { "type": "Point", "coordinates": [ 139.87126330000001, 35.8469496 ] } },
{ "type": "Feature", "properties": { "内容": "ケアプラン青空【居宅介護支援】埼玉県三郷市彦江1-101-10", "url2": "https://www.kaigokensaku.mhlw.go.jp/11/index.php?action_kouhyou_detail_004_kani=true&JigyosyoCd=1171201773-00&ServiceCd=430&Type=search" }, "geometry": { "type": "Point", "coordinates": [ 139.855136600000037, 35.8265385 ] } },
{ "type": "Feature", "properties": { "内容": "福祉のニッカ　介護相談室【居宅介護支援】三郷市彦成３－７－１２－１０１", "url2": "https://www.kaigokensaku.mhlw.go.jp/11/index.php?action_kouhyou_detail_004_kani=true&JigyosyoCd=1171200080-00&ServiceCd=430&Type=search" }, "geometry": { "type": "Point", "coordinates": [ 139.859103, 35.8565676 ] } },
{ "type": "Feature", "properties": { "内容": "居宅介護支援事業所　　あいあい【居宅介護支援】埼玉県三郷市彦成3-9-14-803", "url2": "https://www.kaigokensaku.mhlw.go.jp/11/index.php?action_kouhyou_detail_004_kani=true&JigyosyoCd=1171201567-00&ServiceCd=430&Type=search" }, "geometry": { "type": "Point", "coordinates": [ 139.858610893254081, 35.858742957003457 ] } },
{ "type": "Feature", "properties": { "内容": "有限会社仁【居宅介護支援】三郷市彦成2-336難病ケアハウス仁", "url2": "https://www.kaigokensaku.mhlw.go.jp/11/index.php?action_kouhyou_detail_004_kani=true&JigyosyoCd=1161290089-00&ServiceCd=430&Type=search" }, "geometry": { "type": "Point", "coordinates": [ 139.852398099999959, 35.8541623 ] } },
{ "type": "Feature", "properties": { "内容": "ケアプラン　きさらぎ【居宅介護支援】埼玉県三郷市早稲田5-23-5三郷ダイヤモンドマンション105号", "url2": "https://www.kaigokensaku.mhlw.go.jp/11/index.php?action_kouhyou_detail_004_kani=true&JigyosyoCd=1171202052-00&ServiceCd=430&Type=search" }, "geometry": { "type": "Point", "coordinates": [ 139.8802081, 35.8554846 ] } },
{ "type": "Feature", "properties": { "内容": "ケアプランゆいちご【居宅介護支援】埼玉県三郷市高州3-458-2ﾛｲﾔﾙｼｬﾄﾚｰ1F", "url2": "https://www.kaigokensaku.mhlw.go.jp/11/index.php?action_kouhyou_detail_004_kani=true&JigyosyoCd=1171202029-00&ServiceCd=430&Type=search" }, "geometry": { "type": "Point", "coordinates": [ 139.8808282, 35.7834388 ] } },
{ "type": "Feature", "properties": { "内容": "ファミリア三郷【居宅介護支援】埼玉県三郷市早稲田6丁目33－50", "url2": "https://www.kaigokensaku.mhlw.go.jp/11/index.php?action_kouhyou_detail_004_kani=true&JigyosyoCd=1171202151-00&ServiceCd=430&Type=search" }, "geometry": { "type": "Point", "coordinates": [ 139.8806136, 35.8572646 ] } },
{ "type": "Feature", "properties": { "内容": "ケアリッツプラン三郷【居宅介護支援】埼玉県三郷市三郷2-1-4ふじプラザビル3階", "url2": "https://www.kaigokensaku.mhlw.go.jp/11/index.php?action_kouhyou_detail_004_kani=true&JigyosyoCd=1171201484-00&ServiceCd=430&Type=search" }, "geometry": { "type": "Point", "coordinates": [ 139.885170726748811, 35.844780097950959 ] } },
{ "type": "Feature", "properties": { "内容": "あおい居宅介護支援事業所【居宅介護支援】埼玉県蓮田市根金1698-1", "url2": "https://www.kaigokensaku.mhlw.go.jp/11/index.php?action_kouhyou_detail_004_kani=true&JigyosyoCd=1170500266-00&ServiceCd=430&Type=search" }, "geometry": { "type": "Point", "coordinates": [ 139.638575800000012, 36.0223418 ] } },
{ "type": "Feature", "properties": { "内容": "あさがお蓮田【居宅介護支援】埼玉県蓮田市東2-1-25", "url2": "https://www.kaigokensaku.mhlw.go.jp/11/index.php?action_kouhyou_detail_004_kani=true&JigyosyoCd=1175700671-00&ServiceCd=430&Type=search" }, "geometry": { "type": "Point", "coordinates": [ 139.655512800000054, 35.9850583 ] } },
{ "type": "Feature", "properties": { "内容": "コスモ訪問看護リハビリステーション　蓮田【居宅介護支援】埼玉県蓮田市東5-8-28", "url2": "https://www.kaigokensaku.mhlw.go.jp/11/index.php?action_kouhyou_detail_004_kani=true&JigyosyoCd=1165790043-00&ServiceCd=430&Type=search" }, "geometry": { "type": "Point", "coordinates": [ 139.655899399999953, 35.9783563 ] } },
{ "type": "Feature", "properties": { "内容": "訪問介護ステーション　あゆみ【居宅介護支援】埼玉県蓮田市馬込１－２２２", "url2": "https://www.kaigokensaku.mhlw.go.jp/11/index.php?action_kouhyou_detail_004_kani=true&JigyosyoCd=1175700325-00&ServiceCd=430&Type=search" }, "geometry": { "type": "Point", "coordinates": [ 139.656669, 35.9762483 ] } },
{ "type": "Feature", "properties": { "内容": "居宅介護支援事業所　らいそる【居宅介護支援】埼玉県蓮田市関山3丁目8番14号", "url2": "https://www.kaigokensaku.mhlw.go.jp/11/index.php?action_kouhyou_detail_004_kani=true&JigyosyoCd=1175700895-00&ServiceCd=430&Type=search" }, "geometry": { "type": "Point", "coordinates": [ 139.6528016, 35.989799600000033 ] } },
{ "type": "Feature", "properties": { "内容": "元気ケアプランニングセンター埼玉【居宅介護支援】埼玉県蓮田市大字閏戸字吹上１８２６－１", "url2": "https://www.kaigokensaku.mhlw.go.jp/11/index.php?action_kouhyou_detail_004_kani=true&JigyosyoCd=1175700036-00&ServiceCd=430&Type=search" }, "geometry": { "type": "Point", "coordinates": [ 139.64299774297794, 36.002336095761109 ] } },
{ "type": "Feature", "properties": { "内容": "指定居宅介護支援事業所　吾亦紅【居宅介護支援】埼玉県蓮田市大字閏戸１８８５番地", "url2": "https://www.kaigokensaku.mhlw.go.jp/11/index.php?action_kouhyou_detail_004_kani=true&JigyosyoCd=1175700028-00&ServiceCd=430&Type=search" }, "geometry": { "type": "Point", "coordinates": [ 139.639627300000029, 36.0043324 ] } },
{ "type": "Feature", "properties": { "内容": "居宅介護支援事業所すてっぷ【居宅介護支援】蓮田2-33-1", "url2": "https://www.kaigokensaku.mhlw.go.jp/11/index.php?action_kouhyou_detail_004_kani=true&JigyosyoCd=1175700853-00&ServiceCd=430&Type=search" }, "geometry": { "type": "Point", "coordinates": [ 139.6517255, 35.974368 ] } },
{ "type": "Feature", "properties": { "内容": "けあビジョン蓮田【居宅介護支援】埼玉県蓮田市東6-2-11　會田ビル2F", "url2": "https://www.kaigokensaku.mhlw.go.jp/11/index.php?action_kouhyou_detail_004_kani=true&JigyosyoCd=1175700283-00&ServiceCd=430&Type=search" }, "geometry": { "type": "Point", "coordinates": [ 139.653371800000059, 35.9794838 ] } },
{ "type": "Feature", "properties": { "内容": "居宅介護支援事業所はすだ【居宅介護支援】埼玉県蓮田市馬込五丁目１９８番地", "url2": "https://www.kaigokensaku.mhlw.go.jp/11/index.php?action_kouhyou_detail_004_kani=true&JigyosyoCd=1175700770-00&ServiceCd=430&Type=search" }, "geometry": { "type": "Point", "coordinates": [ 139.661968500000057, 35.9753651 ] } },
{ "type": "Feature", "properties": { "内容": "居宅介護支援事業所　楓【居宅介護支援】埼玉県蓮田市馬込一丁目308番地ドムス壱番館103号室", "url2": "https://www.kaigokensaku.mhlw.go.jp/11/index.php?action_kouhyou_detail_004_kani=true&JigyosyoCd=1175701018-00&ServiceCd=430&Type=search" }, "geometry": { "type": "Point", "coordinates": [ 139.6561897, 35.9750637 ] } },
{ "type": "Feature", "properties": { "内容": "居宅介護支援事業所エレン【居宅介護支援】大字黒浜３５３５番地８７", "url2": "https://www.kaigokensaku.mhlw.go.jp/11/index.php?action_kouhyou_detail_004_kani=true&JigyosyoCd=1175700986-00&ServiceCd=430&Type=search" }, "geometry": { "type": "Point", "coordinates": [ 139.666026, 35.9961308 ] } },
{ "type": "Feature", "properties": { "内容": "ライフサポート若桜【居宅介護支援】埼玉県蓮田市見沼町2番7号", "url2": "https://www.kaigokensaku.mhlw.go.jp/11/index.php?action_kouhyou_detail_004_kani=true&JigyosyoCd=1175700499-00&ServiceCd=430&Type=search" }, "geometry": { "type": "Point", "coordinates": [ 139.648861, 35.982733 ] } },
{ "type": "Feature", "properties": { "内容": "居宅介護支援事業所　ひので【居宅介護支援】埼玉県蓮田市大字上平野616番地1", "url2": "https://www.kaigokensaku.mhlw.go.jp/11/index.php?action_kouhyou_detail_004_kani=true&JigyosyoCd=1175700804-00&ServiceCd=430&Type=search" }, "geometry": { "type": "Point", "coordinates": [ 131.381661200000053, 31.5985655 ] } },
{ "type": "Feature", "properties": { "内容": "居宅介護支援事業所ゆうゆう【居宅介護支援】埼玉県蓮田市南新宿字宿994番地1", "url2": "https://www.kaigokensaku.mhlw.go.jp/11/index.php?action_kouhyou_detail_004_kani=true&JigyosyoCd=1175700655-00&ServiceCd=430&Type=search" }, "geometry": { "type": "Point", "coordinates": [ 139.664335336276281, 36.006258702332993 ] } },
{ "type": "Feature", "properties": { "内容": "ケアプランすまいる【居宅介護支援】埼玉県蓮田市上１－３－１５ヴィラグレイス３階", "url2": "https://www.kaigokensaku.mhlw.go.jp/11/index.php?action_kouhyou_detail_004_kani=true&JigyosyoCd=1175700754-00&ServiceCd=430&Type=search" }, "geometry": { "type": "Point", "coordinates": [ 139.650790602712959, 35.983852036946864 ] } },
{ "type": "Feature", "properties": { "内容": "居宅介護支援事業所えいじゅ【居宅介護支援】埼玉県蓮田市椿山4-11-4", "url2": "https://www.kaigokensaku.mhlw.go.jp/11/index.php?action_kouhyou_detail_004_kani=true&JigyosyoCd=1175701067-00&ServiceCd=430&Type=search" }, "geometry": { "type": "Point", "coordinates": [ 139.6597049, 35.9957167 ] } },
{ "type": "Feature", "properties": { "内容": "ケアプランおれんじ【居宅介護支援】埼玉県坂戸市堀込８７－５", "url2": "https://www.kaigokensaku.mhlw.go.jp/11/index.php?action_kouhyou_detail_004_kani=true&JigyosyoCd=1176001533-00&ServiceCd=430&Type=search" }, "geometry": { "type": "Point", "coordinates": [ 139.36787529999998, 35.9657964 ] } },
{ "type": "Feature", "properties": { "内容": "居宅介護支援事業所　わかば【居宅介護支援】坂戸市緑町21-21前田ビル1F", "url2": "https://www.kaigokensaku.mhlw.go.jp/11/index.php?action_kouhyou_detail_004_kani=true&JigyosyoCd=1176000675-00&ServiceCd=430&Type=search" }, "geometry": { "type": "Point", "coordinates": [ 139.391644286303574, 35.953670451973217 ] } },
{ "type": "Feature", "properties": { "内容": "居宅介護支援事業所こころ【居宅介護支援】埼玉県坂戸市中小坂551-11", "url2": "https://www.kaigokensaku.mhlw.go.jp/11/index.php?action_kouhyou_detail_004_kani=true&JigyosyoCd=1176000832-00&ServiceCd=430&Type=search" }, "geometry": { "type": "Point", "coordinates": [ 139.441549718741925, 35.951190872337499 ] } },
{ "type": "Feature", "properties": { "内容": "居宅介護支援事業所ありんこ【居宅介護支援】埼玉県坂戸市三光町30番地10", "url2": "https://www.kaigokensaku.mhlw.go.jp/11/index.php?action_kouhyou_detail_004_kani=true&JigyosyoCd=1176000717-00&ServiceCd=430&Type=search" }, "geometry": { "type": "Point", "coordinates": [ 139.388521399999945, 35.9580195 ] } },
{ "type": "Feature", "properties": { "内容": "有限会社にこにこ介護【居宅介護支援】埼玉県坂戸市北峰13-1", "url2": "https://www.kaigokensaku.mhlw.go.jp/11/index.php?action_kouhyou_detail_004_kani=true&JigyosyoCd=1176000477-00&ServiceCd=430&Type=search" }, "geometry": { "type": "Point", "coordinates": [ 139.3602965, 35.9614049 ] } },
{ "type": "Feature", "properties": { "内容": "一般社団法人　坂戸鶴ヶ島医師会立居宅介護支援事業所さつき【居宅介護支援】埼玉県坂戸市大字石井2327-５", "url2": "https://www.kaigokensaku.mhlw.go.jp/11/index.php?action_kouhyou_detail_004_kani=true&JigyosyoCd=1176000279-00&ServiceCd=430&Type=search" }, "geometry": { "type": "Point", "coordinates": [ 139.408049300000016, 35.9680458 ] } },
{ "type": "Feature", "properties": { "内容": "テパエ坂戸　居宅介護支援事業所【居宅介護支援】埼玉県坂戸市南町12-12幸陽ビル103号", "url2": "https://www.kaigokensaku.mhlw.go.jp/11/index.php?action_kouhyou_detail_004_kani=true&JigyosyoCd=1176001525-00&ServiceCd=430&Type=search" }, "geometry": { "type": "Point", "coordinates": [ 139.3952689, 35.9553659 ] } },
{ "type": "Feature", "properties": { "内容": "居宅介護支援事業所　ポピー【居宅介護支援】埼玉県坂戸市戸宮６０９番地若葉病院", "url2": "https://www.kaigokensaku.mhlw.go.jp/11/index.php?action_kouhyou_detail_004_kani=true&JigyosyoCd=1176000022-00&ServiceCd=430&Type=search" }, "geometry": { "type": "Point", "coordinates": [ 139.42615859999998, 35.962686199999979 ] } },
{ "type": "Feature", "properties": { "内容": "居宅介護支援事業所　エルダーケア【居宅介護支援】埼玉県坂戸市　鶴舞2-22-21", "url2": "https://www.kaigokensaku.mhlw.go.jp/11/index.php?action_kouhyou_detail_004_kani=true&JigyosyoCd=1176001384-00&ServiceCd=430&Type=search" }, "geometry": { "type": "Point", "coordinates": [ 139.3723157, 35.9522228 ] } },
{ "type": "Feature", "properties": { "内容": "ハートサービス　坂戸事業所【居宅介護支援】埼玉県坂戸市千代田2-6-81", "url2": "https://www.kaigokensaku.mhlw.go.jp/11/index.php?action_kouhyou_detail_004_kani=true&JigyosyoCd=1176001186-00&ServiceCd=430&Type=search" }, "geometry": { "type": "Point", "coordinates": [ 139.405314949394835, 35.957426174755682 ] } },
{ "type": "Feature", "properties": { "内容": "はつらつ居宅介護支援事業所【居宅介護支援】坂戸市本町２－１３", "url2": "https://www.kaigokensaku.mhlw.go.jp/11/index.php?action_kouhyou_detail_004_kani=true&JigyosyoCd=1176000048-00&ServiceCd=430&Type=search" }, "geometry": { "type": "Point", "coordinates": [ 139.393590469311562, 35.961559631794856 ] } },
{ "type": "Feature", "properties": { "内容": "ケアプラン好日の家【居宅介護支援】埼玉県坂戸市浅羽1430-1", "url2": "https://www.kaigokensaku.mhlw.go.jp/11/index.php?action_kouhyou_detail_004_kani=true&JigyosyoCd=1176001434-00&ServiceCd=430&Type=search" }, "geometry": { "type": "Point", "coordinates": [ 139.3940575, 35.9533888 ] } },
{ "type": "Feature", "properties": { "内容": "多和目居宅介護支援事業所【居宅介護支援】埼玉県坂戸市多和目８３－4", "url2": "https://www.kaigokensaku.mhlw.go.jp/11/index.php?action_kouhyou_detail_004_kani=true&JigyosyoCd=1176001491-00&ServiceCd=430&Type=search" }, "geometry": { "type": "Point", "coordinates": [ 139.341640399999989, 35.9268212 ] } },
{ "type": "Feature", "properties": { "内容": "ニチイケアセンター北坂戸【居宅介護支援】末広町17-23", "url2": "https://www.kaigokensaku.mhlw.go.jp/11/index.php?action_kouhyou_detail_004_kani=true&JigyosyoCd=1176000543-00&ServiceCd=430&Type=search" }, "geometry": { "type": "Point", "coordinates": [ 139.398817199999939, 35.977889 ] } },
{ "type": "Feature", "properties": { "内容": "居宅介護支援事業所かおる【居宅介護支援】埼玉県坂戸市薬師町19-4１０２号室", "url2": "https://www.kaigokensaku.mhlw.go.jp/11/index.php?action_kouhyou_detail_004_kani=true&JigyosyoCd=1176000956-00&ServiceCd=430&Type=search" }, "geometry": { "type": "Point", "coordinates": [ 139.40069313613742, 35.969545775028543 ] } },
{ "type": "Feature", "properties": { "内容": "やまぶきの郷居宅介護支援事業所【居宅介護支援】埼玉県坂戸市多和目３３０番地", "url2": "https://www.kaigokensaku.mhlw.go.jp/11/index.php?action_kouhyou_detail_004_kani=true&JigyosyoCd=1176000618-00&ServiceCd=430&Type=search" }, "geometry": { "type": "Point", "coordinates": [ 139.344271700000036, 35.9223157 ] } },
{ "type": "Feature", "properties": { "内容": "居宅介護支援事業所さくら【居宅介護支援】坂戸市末広町5-1シャンボールビル103", "url2": "https://www.kaigokensaku.mhlw.go.jp/11/index.php?action_kouhyou_detail_004_kani=true&JigyosyoCd=1176000337-00&ServiceCd=430&Type=search" }, "geometry": { "type": "Point", "coordinates": [ 139.395648299999948, 35.9742617 ] } },
{ "type": "Feature", "properties": { "内容": "居宅介護支援事業所「シャローム」【居宅介護支援】埼玉県坂戸市大字新堀1番地1", "url2": "https://www.kaigokensaku.mhlw.go.jp/11/index.php?action_kouhyou_detail_004_kani=true&JigyosyoCd=1176000055-00&ServiceCd=430&Type=search" }, "geometry": { "type": "Point", "coordinates": [ 139.370858466690066, 35.962167584497934 ] } },
{ "type": "Feature", "properties": { "内容": "居宅介護支援事業所悠々【居宅介護支援】石井2333-2", "url2": "https://www.kaigokensaku.mhlw.go.jp/11/index.php?action_kouhyou_detail_004_kani=true&JigyosyoCd=1176001426-00&ServiceCd=430&Type=search" }, "geometry": { "type": "Point", "coordinates": [ 139.407869, 35.967103 ] } },
{ "type": "Feature", "properties": { "内容": "ピオ【居宅介護支援】埼玉県坂戸市千代田1-1-29第5武井ビル202", "url2": "https://www.kaigokensaku.mhlw.go.jp/11/index.php?action_kouhyou_detail_004_kani=true&JigyosyoCd=1176001558-00&ServiceCd=430&Type=search" }, "geometry": { "type": "Point", "coordinates": [ 139.403820099999962, 35.9567958 ] } },
{ "type": "Feature", "properties": { "内容": "しらさぎ苑居宅介護支援センター【居宅介護支援】埼玉県幸手市大字下吉羽１２５０－１", "url2": "https://www.kaigokensaku.mhlw.go.jp/11/index.php?action_kouhyou_detail_004_kani=true&JigyosyoCd=1176100319-00&ServiceCd=430&Type=search" }, "geometry": { "type": "Point", "coordinates": [ 139.758873880156671, 36.070767275054394 ] } },
{ "type": "Feature", "properties": { "内容": "居宅介護支援　フローラ幸手【居宅介護支援】埼玉県幸手市上吉羽92-1", "url2": "https://www.kaigokensaku.mhlw.go.jp/11/index.php?action_kouhyou_detail_004_kani=true&JigyosyoCd=1176100574-00&ServiceCd=430&Type=search" }, "geometry": { "type": "Point", "coordinates": [ 139.732010147281841, 36.070658040233326 ] } },
{ "type": "Feature", "properties": { "内容": "桜楓苑居宅介護支援センター【居宅介護支援】幸手市平須賀２丁目２２５番地", "url2": "https://www.kaigokensaku.mhlw.go.jp/11/index.php?action_kouhyou_detail_004_kani=true&JigyosyoCd=1176100020-00&ServiceCd=430&Type=search" }, "geometry": { "type": "Point", "coordinates": [ 139.734766600000057, 36.0531672 ] } },
{ "type": "Feature", "properties": { "内容": "ＳＯＭＰＯケア　幸手　　居宅介護支援【居宅介護支援】埼玉県幸手市中1丁目4番8号岡野ビル１階101号室", "url2": "https://www.kaigokensaku.mhlw.go.jp/11/index.php?action_kouhyou_detail_004_kani=true&JigyosyoCd=1176100947-00&ServiceCd=430&Type=search" }, "geometry": { "type": "Point", "coordinates": [ 139.7170477, 36.0735725 ] } },
{ "type": "Feature", "properties": { "内容": "居宅介護支援さっての里【居宅介護支援】埼玉県幸手市大字松石西６番1", "url2": "https://www.kaigokensaku.mhlw.go.jp/11/index.php?action_kouhyou_detail_004_kani=true&JigyosyoCd=1176100822-00&ServiceCd=430&Type=search" }, "geometry": { "type": "Point", "coordinates": [ 139.708945494703698, 36.097048016422221 ] } },
{ "type": "Feature", "properties": { "内容": "幸手ナーシングホーム居宅介護支援センター【居宅介護支援】幸手市東3-1-5", "url2": "https://www.kaigokensaku.mhlw.go.jp/11/index.php?action_kouhyou_detail_004_kani=true&JigyosyoCd=1176100012-00&ServiceCd=430&Type=search" }, "geometry": { "type": "Point", "coordinates": [ 139.7233, 36.0743559 ] } },
{ "type": "Feature", "properties": { "内容": "居宅介護支援事業所　あすなろ幸手【居宅介護支援】埼玉県幸手市南3-9-5あすなろホーム幸手", "url2": "https://www.kaigokensaku.mhlw.go.jp/11/index.php?action_kouhyou_detail_004_kani=true&JigyosyoCd=1176100889-00&ServiceCd=430&Type=search" }, "geometry": { "type": "Point", "coordinates": [ 139.712793156761109, 36.071670059056551 ] } },
{ "type": "Feature", "properties": { "内容": "株式会社　椿【居宅介護支援】埼玉県幸手市南2-13-36エントピア105", "url2": "https://www.kaigokensaku.mhlw.go.jp/11/index.php?action_kouhyou_detail_004_kani=true&JigyosyoCd=1176100640-00&ServiceCd=430&Type=search" }, "geometry": { "type": "Point", "coordinates": [ 139.713895500000035, 36.069470100000011 ] } },
{ "type": "Feature", "properties": { "内容": "幸手さくらケアセンター【居宅介護支援】埼玉県幸手市北3-7-21エステートピア巻島Ⅱ-201", "url2": "https://www.kaigokensaku.mhlw.go.jp/11/index.php?action_kouhyou_detail_004_kani=true&JigyosyoCd=1176101036-00&ServiceCd=430&Type=search" }, "geometry": { "type": "Point", "coordinates": [ 139.7288595, 36.087069 ] } },
{ "type": "Feature", "properties": { "内容": "居宅介護支援事業所　みどりの風鶴ヶ島【居宅介護支援】埼玉県鶴ヶ島市上広谷543番1", "url2": "https://www.kaigokensaku.mhlw.go.jp/11/index.php?action_kouhyou_detail_004_kani=true&JigyosyoCd=1176200457-00&ServiceCd=430&Type=search" }, "geometry": { "type": "Point", "coordinates": [ 139.414431499999978, 35.9383927 ] } },
{ "type": "Feature", "properties": { "内容": "ピド・ケアコンサル【居宅介護支援】埼玉県鶴ヶ島市松ヶ丘3-32-26-102", "url2": "https://www.kaigokensaku.mhlw.go.jp/11/index.php?action_kouhyou_detail_004_kani=true&JigyosyoCd=1176200960-00&ServiceCd=430&Type=search" }, "geometry": { "type": "Point", "coordinates": [ 139.415990773016318, 35.923297282739647 ] } },
{ "type": "Feature", "properties": { "内容": "居宅介護支援事業所ほほえみの郷【居宅介護支援】埼玉県鶴ヶ島市高倉773-1社会福祉法人忠黎会鶴ヶ島ほっこり村診療所内", "url2": "https://www.kaigokensaku.mhlw.go.jp/11/index.php?action_kouhyou_detail_004_kani=true&JigyosyoCd=1176201265-00&ServiceCd=430&Type=search" }, "geometry": { "type": "Point", "coordinates": [ 139.384681300000011, 35.933895 ] } },
{ "type": "Feature", "properties": { "内容": "せせらぎ支援センター鶴ヶ島【居宅介護支援】埼玉県鶴ヶ島市脚折町3-9-13元気ハウス　すまいる・ランド", "url2": "https://www.kaigokensaku.mhlw.go.jp/11/index.php?action_kouhyou_detail_004_kani=true&JigyosyoCd=1176200952-00&ServiceCd=430&Type=search" }, "geometry": { "type": "Point", "coordinates": [ 139.3873714, 35.9451947 ] } },
{ "type": "Feature", "properties": { "内容": "フェアネス。【居宅介護支援】松ヶ丘1-19-7ルミエール松ヶ丘308", "url2": "https://www.kaigokensaku.mhlw.go.jp/11/index.php?action_kouhyou_detail_004_kani=true&JigyosyoCd=1176201224-00&ServiceCd=430&Type=search" }, "geometry": { "type": "Point", "coordinates": [ 140.2050663, 35.9354477 ] } },
{ "type": "Feature", "properties": { "内容": "合同会社木漏れ日はる【居宅介護支援】埼玉県鶴ヶ島市脚折町1-29-34ホワイトハイツウマハシ103", "url2": "https://www.kaigokensaku.mhlw.go.jp/11/index.php?action_kouhyou_detail_004_kani=true&JigyosyoCd=1176201067-00&ServiceCd=430&Type=search" }, "geometry": { "type": "Point", "coordinates": [ 139.393462199999988, 35.9525049 ] } },
{ "type": "Feature", "properties": { "内容": "テパエ鶴ヶ島　居宅介護支援事業所【居宅介護支援】埼玉県鶴ヶ島市太田ヶ谷432-2", "url2": "https://www.kaigokensaku.mhlw.go.jp/11/index.php?action_kouhyou_detail_004_kani=true&JigyosyoCd=1176200770-00&ServiceCd=430&Type=search" }, "geometry": { "type": "Point", "coordinates": [ 139.403398567892509, 35.927431450064006 ] } },
{ "type": "Feature", "properties": { "内容": "居宅介護支援センター富士【居宅介護支援】埼玉県鶴ヶ島市藤金878-122グリーンコーポ若葉106", "url2": "https://www.kaigokensaku.mhlw.go.jp/11/index.php?action_kouhyou_detail_004_kani=true&JigyosyoCd=1176200184-00&ServiceCd=430&Type=search" }, "geometry": { "type": "Point", "coordinates": [ 139.405457300000023, 35.9461567 ] } },
{ "type": "Feature", "properties": { "内容": "いしんかんきょたくかいごしえんじぎょうしょつるがしま【居宅介護支援】埼玉県鶴ヶ島市大字藤金８７１番７", "url2": "https://www.kaigokensaku.mhlw.go.jp/11/index.php?action_kouhyou_detail_004_kani=true&JigyosyoCd=1176201257-00&ServiceCd=430&Type=search" }, "geometry": { "type": "Point", "coordinates": [ 139.4030526, 35.9467119 ] } },
{ "type": "Feature", "properties": { "内容": "ケアサポート若葉【居宅介護支援】埼玉県鶴ヶ島市富士見４丁目２-１６グランステージ若葉", "url2": "https://www.kaigokensaku.mhlw.go.jp/11/index.php?action_kouhyou_detail_004_kani=true&JigyosyoCd=1176200572-00&ServiceCd=430&Type=search" }, "geometry": { "type": "Point", "coordinates": [ 139.416439699999955, 35.9554786 ] } },
{ "type": "Feature", "properties": { "内容": "鶴ヶ島耳鼻咽喉科診療所【居宅介護支援】埼玉県鶴ヶ島市上広谷8-15", "url2": "https://www.kaigokensaku.mhlw.go.jp/11/index.php?action_kouhyou_detail_004_kani=true&JigyosyoCd=1116200224-00&ServiceCd=430&Type=search" }, "geometry": { "type": "Point", "coordinates": [ 139.425333, 35.9393568 ] } },
{ "type": "Feature", "properties": { "内容": "居宅介護支援事業所たんぽぽ【居宅介護支援】埼玉県鶴ヶ島市大字脚折145-1", "url2": "https://www.kaigokensaku.mhlw.go.jp/11/index.php?action_kouhyou_detail_004_kani=true&JigyosyoCd=1176200119-00&ServiceCd=430&Type=search" }, "geometry": { "type": "Point", "coordinates": [ 139.386746300000027, 35.9497513 ] } },
{ "type": "Feature", "properties": { "内容": "はるかぜきょたくかいごしえんじぎょうしょ【居宅介護支援】埼玉県鶴ヶ島市上広谷７２２－１１", "url2": "https://www.kaigokensaku.mhlw.go.jp/11/index.php?action_kouhyou_detail_004_kani=true&JigyosyoCd=1176200861-00&ServiceCd=430&Type=search" }, "geometry": { "type": "Point", "coordinates": [ 139.4158536, 35.9447194 ] } },
{ "type": "Feature", "properties": { "内容": "医療法人愛新会　居宅介護支援事業所しんまち【居宅介護支援】埼玉県鶴ヶ島市新町2-23-20ソレイユ2号", "url2": "https://www.kaigokensaku.mhlw.go.jp/11/index.php?action_kouhyou_detail_004_kani=true&JigyosyoCd=1176200937-00&ServiceCd=430&Type=search" }, "geometry": { "type": "Point", "coordinates": [ 139.369934, 35.9353835 ] } },
{ "type": "Feature", "properties": { "内容": "きぼう【居宅介護支援】埼玉県鶴ヶ島市脚折1441-2", "url2": "https://www.kaigokensaku.mhlw.go.jp/11/index.php?action_kouhyou_detail_004_kani=true&JigyosyoCd=1176201034-00&ServiceCd=430&Type=search" }, "geometry": { "type": "Point", "coordinates": [ 139.396186888954929, 35.939127130644422 ] } },
{ "type": "Feature", "properties": { "内容": "居宅介護支援事業所モイ【居宅介護支援】埼玉県鶴ヶ島市松ヶ丘5丁目27-11ベルメゾン鶴ヶ島103号", "url2": "https://www.kaigokensaku.mhlw.go.jp/11/index.php?action_kouhyou_detail_004_kani=true&JigyosyoCd=1176201190-00&ServiceCd=430&Type=search" }, "geometry": { "type": "Point", "coordinates": [ 139.4116993, 35.9261308 ] } },
{ "type": "Feature", "properties": { "内容": "ケアプラン　ふるさとけあ【居宅介護支援】埼玉県日高市中鹿山133-1", "url2": "https://www.kaigokensaku.mhlw.go.jp/11/index.php?action_kouhyou_detail_004_kani=true&JigyosyoCd=1176300190-00&ServiceCd=430&Type=search" }, "geometry": { "type": "Point", "coordinates": [ 139.343023200000061, 35.891182 ] } },
{ "type": "Feature", "properties": { "内容": "介護支援センター　萌木【居宅介護支援】埼玉県日高市高富５９－１８", "url2": "https://www.kaigokensaku.mhlw.go.jp/11/index.php?action_kouhyou_detail_004_kani=true&JigyosyoCd=1176300398-00&ServiceCd=430&Type=search" }, "geometry": { "type": "Point", "coordinates": [ 139.387864600000057, 35.8804908 ] } },
{ "type": "Feature", "properties": { "内容": "あさひ介護支援センター【居宅介護支援】埼玉県日高市駒寺野新田字牛双木２５６番地の６", "url2": "https://www.kaigokensaku.mhlw.go.jp/11/index.php?action_kouhyou_detail_004_kani=true&JigyosyoCd=1176300588-00&ServiceCd=430&Type=search" }, "geometry": { "type": "Point", "coordinates": [ 139.368227499999989, 35.9208863 ] } },
{ "type": "Feature", "properties": { "内容": "あさひヶ丘ケアプランセンター【居宅介護支援】日高市大字森戸新田９９番地1", "url2": "https://www.kaigokensaku.mhlw.go.jp/11/index.php?action_kouhyou_detail_004_kani=true&JigyosyoCd=1176300372-00&ServiceCd=430&Type=search" }, "geometry": { "type": "Point", "coordinates": [ 139.373671173216565, 35.911144813561634 ] } },
{ "type": "Feature", "properties": { "内容": "居宅介護支援事業所　日高の里【居宅介護支援】埼玉県日高市大字久保９６－１", "url2": "https://www.kaigokensaku.mhlw.go.jp/11/index.php?action_kouhyou_detail_004_kani=true&JigyosyoCd=1176300018-00&ServiceCd=430&Type=search" }, "geometry": { "type": "Point", "coordinates": [ 139.3005948, 35.8830514 ] } },
{ "type": "Feature", "properties": { "内容": "ケアマネジメントかえる【居宅介護支援】埼玉県日高市大字鹿山２０１番地１１", "url2": "https://www.kaigokensaku.mhlw.go.jp/11/index.php?action_kouhyou_detail_004_kani=true&JigyosyoCd=1176300687-00&ServiceCd=430&Type=search" }, "geometry": { "type": "Point", "coordinates": [ 139.3397977, 35.8936354 ] } },
{ "type": "Feature", "properties": { "内容": "K&F居宅介護支援事業所【居宅介護支援】埼玉県日高市高萩615-8", "url2": "https://www.kaigokensaku.mhlw.go.jp/11/index.php?action_kouhyou_detail_004_kani=true&JigyosyoCd=1176300737-00&ServiceCd=430&Type=search" }, "geometry": { "type": "Point", "coordinates": [ 139.372532874340123, 35.900644465034446 ] } },
{ "type": "Feature", "properties": { "内容": "医療法人相羽医院　たんぽぽ【居宅介護支援】埼玉県吉川市中央3丁目28-2", "url2": "https://www.kaigokensaku.mhlw.go.jp/11/index.php?action_kouhyou_detail_004_kani=true&JigyosyoCd=1176400412-00&ServiceCd=430&Type=search" }, "geometry": { "type": "Point", "coordinates": [ 139.857188, 35.8925431 ] } },
{ "type": "Feature", "properties": { "内容": "あずみ苑　吉川【居宅介護支援】埼玉県吉川市保９３１－１", "url2": "https://www.kaigokensaku.mhlw.go.jp/11/index.php?action_kouhyou_detail_004_kani=true&JigyosyoCd=1176400396-00&ServiceCd=430&Type=search" }, "geometry": { "type": "Point", "coordinates": [ 139.857240899999965, 35.8831532 ] } },
{ "type": "Feature", "properties": { "内容": "居宅介護支援事業所　よしかわ【居宅介護支援】埼玉県吉川市鍋小路81-1　中村病院内", "url2": "https://www.kaigokensaku.mhlw.go.jp/11/index.php?action_kouhyou_detail_004_kani=true&JigyosyoCd=1176400198-00&ServiceCd=430&Type=search" }, "geometry": { "type": "Point", "coordinates": [ 139.8646473, 35.9072486 ] } },
{ "type": "Feature", "properties": { "内容": "ケアプランまあと【居宅介護支援】埼玉県吉川市美南3-7-14", "url2": "https://www.kaigokensaku.mhlw.go.jp/11/index.php?action_kouhyou_detail_004_kani=true&JigyosyoCd=1176401006-00&ServiceCd=430&Type=search" }, "geometry": { "type": "Point", "coordinates": [ 139.856445400000013, 35.8639818 ] } },
{ "type": "Feature", "properties": { "内容": "ラウンド＆ケア居宅介護支援事業所東部【居宅介護支援】埼玉県吉川市木売1-4-11宏次ビル5階A", "url2": "https://www.kaigokensaku.mhlw.go.jp/11/index.php?action_kouhyou_detail_004_kani=true&JigyosyoCd=1176401048-00&ServiceCd=430&Type=search" }, "geometry": { "type": "Point", "coordinates": [ 139.8431067, 35.8769598 ] } },
{ "type": "Feature", "properties": { "内容": "居宅介護支援事業所　吉川中央【居宅介護支援】埼玉県吉川市平沼101番地２３", "url2": "https://www.kaigokensaku.mhlw.go.jp/11/index.php?action_kouhyou_detail_004_kani=true&JigyosyoCd=1176400149-00&ServiceCd=430&Type=search" }, "geometry": { "type": "Point", "coordinates": [ 139.840385088746586, 35.882381502817609 ] } },
{ "type": "Feature", "properties": { "内容": "居宅介護支援事業所　吉川平成園【居宅介護支援】埼玉県吉川市大字加藤字中道１８７－１", "url2": "https://www.kaigokensaku.mhlw.go.jp/11/index.php?action_kouhyou_detail_004_kani=true&JigyosyoCd=1176400024-00&ServiceCd=430&Type=search" }, "geometry": { "type": "Point", "coordinates": [ 139.881556849073803, 35.889469167896181 ] } },
{ "type": "Feature", "properties": { "内容": "ツクイ吉川美南【居宅介護支援】吉川市美南4-5-2", "url2": "https://www.kaigokensaku.mhlw.go.jp/11/index.php?action_kouhyou_detail_004_kani=true&JigyosyoCd=1171200544-00&ServiceCd=430&Type=search" }, "geometry": { "type": "Point", "coordinates": [ 139.848678966595457, 35.863240941480946 ] } },
{ "type": "Feature", "properties": { "内容": "福祉楽団　地域ケアよしかわ【居宅介護支援】埼玉県吉川市吉川団地1街区7号棟107号室", "url2": "https://www.kaigokensaku.mhlw.go.jp/11/index.php?action_kouhyou_detail_004_kani=true&JigyosyoCd=1176400743-00&ServiceCd=430&Type=search" }, "geometry": { "type": "Point", "coordinates": [ 139.846477361238158, 35.891904320498753 ] } },
{ "type": "Feature", "properties": { "内容": "社会福祉法人吉川市社会福祉協議会【居宅介護支援】埼玉県吉川市吉川二丁目１番地１", "url2": "https://www.kaigokensaku.mhlw.go.jp/11/index.php?action_kouhyou_detail_004_kani=true&JigyosyoCd=1176400016-00&ServiceCd=430&Type=search" }, "geometry": { "type": "Point", "coordinates": [ 139.840890347657023, 35.891026391584873 ] } },
{ "type": "Feature", "properties": { "内容": "居宅介護支援事業所　はるかぜ【居宅介護支援】埼玉県吉川市中曽根二丁目9－10豊田ハイツ103", "url2": "https://www.kaigokensaku.mhlw.go.jp/11/index.php?action_kouhyou_detail_004_kani=true&JigyosyoCd=1176400925-00&ServiceCd=430&Type=search" }, "geometry": { "type": "Point", "coordinates": [ 139.847318, 35.864733 ] } },
{ "type": "Feature", "properties": { "内容": "吉川松伏医師会訪問看護ステーション【居宅介護支援】埼玉県吉川市中央二丁目7番地10医師会館　３階", "url2": "https://www.kaigokensaku.mhlw.go.jp/11/index.php?action_kouhyou_detail_004_kani=true&JigyosyoCd=1166490015-00&ServiceCd=430&Type=search" }, "geometry": { "type": "Point", "coordinates": [ 139.854021906745828, 35.889285545990255 ] } },
{ "type": "Feature", "properties": { "内容": "インホーム吉川居宅介護支援事業所【居宅介護支援】埼玉県吉川市高久1-27-39", "url2": "https://www.kaigokensaku.mhlw.go.jp/11/index.php?action_kouhyou_detail_004_kani=true&JigyosyoCd=1176401055-00&ServiceCd=430&Type=search" }, "geometry": { "type": "Point", "coordinates": [ 139.8432096, 35.8671491 ] } },
{ "type": "Feature", "properties": { "内容": "吉川ケアマネステーション【居宅介護支援】埼玉県吉川市大字保480-5竹内ビル201", "url2": "https://www.kaigokensaku.mhlw.go.jp/11/index.php?action_kouhyou_detail_004_kani=true&JigyosyoCd=1176400842-00&ServiceCd=430&Type=search" }, "geometry": { "type": "Point", "coordinates": [ 139.847064700000033, 35.8815279 ] } },
{ "type": "Feature", "properties": { "内容": "居宅介護支援事業所つむぎ【居宅介護支援】埼玉県ふじみ野市大原1-11-28コーポ丸森1階", "url2": "https://www.kaigokensaku.mhlw.go.jp/11/index.php?action_kouhyou_detail_004_kani=true&JigyosyoCd=1173001627-00&ServiceCd=430&Type=search" }, "geometry": { "type": "Point", "coordinates": [ 139.514914299999987, 35.8778464 ] } },
{ "type": "Feature", "properties": { "内容": "富家在宅リハビリテーションケアセンター【居宅介護支援】埼玉県ふじみ野市亀久保1839-4", "url2": "https://www.kaigokensaku.mhlw.go.jp/11/index.php?action_kouhyou_detail_004_kani=true&JigyosyoCd=1112402410-00&ServiceCd=430&Type=search" }, "geometry": { "type": "Point", "coordinates": [ 139.493558900000039, 35.8567264 ] } },
{ "type": "Feature", "properties": { "内容": "居宅介護支援レジデンスふじみ野【居宅介護支援】埼玉県ふじみ野市鶴ヶ岡1-12-9レジデンスふじみ野", "url2": "https://www.kaigokensaku.mhlw.go.jp/11/index.php?action_kouhyou_detail_004_kani=true&JigyosyoCd=1173001353-00&ServiceCd=430&Type=search" }, "geometry": { "type": "Point", "coordinates": [ 139.50249725025887, 35.865204410220848 ] } },
{ "type": "Feature", "properties": { "内容": "ケアサポートふじみの【居宅介護支援】埼玉県ふじみ野市長宮2-4-6", "url2": "https://www.kaigokensaku.mhlw.go.jp/11/index.php?action_kouhyou_detail_004_kani=true&JigyosyoCd=1173000751-00&ServiceCd=430&Type=search" }, "geometry": { "type": "Point", "coordinates": [ 139.528807699999987, 35.8778638 ] } },
{ "type": "Feature", "properties": { "内容": "医療法人財団明理会介護老人保健施設イムスケアふじみの居宅介護支援事業所【居宅介護支援】埼玉県ふじみ野市鶴ヶ岡5-6-58", "url2": "https://www.kaigokensaku.mhlw.go.jp/11/index.php?action_kouhyou_detail_004_kani=true&JigyosyoCd=1173000462-00&ServiceCd=430&Type=search" }, "geometry": { "type": "Point", "coordinates": [ 139.495291800000018, 35.8659614 ] } },
{ "type": "Feature", "properties": { "内容": "医療生協さいたま　ふじみ野ケアセンター【居宅介護支援】埼玉県ふじみ野市上福岡３－３－７", "url2": "https://www.kaigokensaku.mhlw.go.jp/11/index.php?action_kouhyou_detail_004_kani=true&JigyosyoCd=1172400481-00&ServiceCd=430&Type=search" }, "geometry": { "type": "Point", "coordinates": [ 139.514987099999985, 35.8713281 ] } },
{ "type": "Feature", "properties": { "内容": "ベテラン館【居宅介護支援】埼玉県ふじみ野市上福岡１－６－２５KONADOテラス2階C号室", "url2": "https://www.kaigokensaku.mhlw.go.jp/11/index.php?action_kouhyou_detail_004_kani=true&JigyosyoCd=1173000827-00&ServiceCd=430&Type=search" }, "geometry": { "type": "Point", "coordinates": [ 139.49456710000004, 35.8595066 ] } },
{ "type": "Feature", "properties": { "内容": "居宅介護支援事業所あさがお上福岡【居宅介護支援】埼玉県ふじみ野市西1-11-9ハイツウエストサイド203号", "url2": "https://www.kaigokensaku.mhlw.go.jp/11/index.php?action_kouhyou_detail_004_kani=true&JigyosyoCd=1173000496-00&ServiceCd=430&Type=search" }, "geometry": { "type": "Point", "coordinates": [ 139.508208132734268, 35.86906599450861 ] } },
{ "type": "Feature", "properties": { "内容": "上福岡リハケアセンター指定居宅介護支援事業所【居宅介護支援】埼玉県ふじみ野市福岡新田１０８－１", "url2": "https://www.kaigokensaku.mhlw.go.jp/11/index.php?action_kouhyou_detail_004_kani=true&JigyosyoCd=1173000447-00&ServiceCd=430&Type=search" }, "geometry": { "type": "Point", "coordinates": [ 139.541118859018951, 35.876794524490393 ] } },
{ "type": "Feature", "properties": { "内容": "居宅介護支援事業所ケアマネジメントなごみ【居宅介護支援】埼玉県ふじみ野市川崎2-4-10", "url2": "https://www.kaigokensaku.mhlw.go.jp/11/index.php?action_kouhyou_detail_004_kani=true&JigyosyoCd=1173001114-00&ServiceCd=430&Type=search" }, "geometry": { "type": "Point", "coordinates": [ 139.520402399999966, 35.8860376 ] } },
{ "type": "Feature", "properties": { "内容": "居宅介護支援センター　あゆみ【居宅介護支援】ふじみ野市上福岡3－１１－３", "url2": "https://www.kaigokensaku.mhlw.go.jp/11/index.php?action_kouhyou_detail_004_kani=true&JigyosyoCd=1173000264-00&ServiceCd=430&Type=search" }, "geometry": { "type": "Point", "coordinates": [ 139.515787754440112, 35.870478542021822 ] } },
{ "type": "Feature", "properties": { "内容": "SOMPOケアふじみ野居宅介護支援【居宅介護支援】埼玉県ふじみ野市南台1-15-12そんぽの家Sふじみ野", "url2": "https://www.kaigokensaku.mhlw.go.jp/11/index.php?action_kouhyou_detail_004_kani=true&JigyosyoCd=1173001569-00&ServiceCd=430&Type=search" }, "geometry": { "type": "Point", "coordinates": [ 139.5198374, 35.8682628 ] } },
{ "type": "Feature", "properties": { "内容": "居宅介護支援事業所　すずらんの花【居宅介護支援】埼玉県ふじみ野市鶴ケ岡２－２７－３", "url2": "https://www.kaigokensaku.mhlw.go.jp/11/index.php?action_kouhyou_detail_004_kani=true&JigyosyoCd=1173000694-00&ServiceCd=430&Type=search" }, "geometry": { "type": "Point", "coordinates": [ 139.509130199999959, 35.8575369 ] } },
{ "type": "Feature", "properties": { "内容": "在宅介護支援センター　アヤカリナ【居宅介護支援】埼玉県ふじみ野市福岡2-1-6ｲｵﾝﾀｳﾝふじみ野3階", "url2": "https://www.kaigokensaku.mhlw.go.jp/11/index.php?action_kouhyou_detail_004_kani=true&JigyosyoCd=1173001445-00&ServiceCd=430&Type=search" }, "geometry": { "type": "Point", "coordinates": [ 139.516257700000011, 35.8868579 ] } },
{ "type": "Feature", "properties": { "内容": "ほほえみケアセンター　居宅介護支援事業所【居宅介護支援】埼玉県ふじみ野市福岡中央2-1-11", "url2": "https://www.kaigokensaku.mhlw.go.jp/11/index.php?action_kouhyou_detail_004_kani=true&JigyosyoCd=1173001098-00&ServiceCd=430&Type=search" }, "geometry": { "type": "Point", "coordinates": [ 139.517825600000037, 35.872828 ] } },
{ "type": "Feature", "properties": { "内容": "居宅介護支援事業所あやめの里【居宅介護支援】中福岡263", "url2": "https://www.kaigokensaku.mhlw.go.jp/11/index.php?action_kouhyou_detail_004_kani=true&JigyosyoCd=1173001148-00&ServiceCd=430&Type=search" }, "geometry": { "type": "Point", "coordinates": [ 139.536021099999971, 35.8748255 ] } },
{ "type": "Feature", "properties": { "内容": "居宅介護支援事業所　しあわせの介護プラン【居宅介護支援】埼玉県ふじみ野市福岡武蔵野10-3美山野ハウス1001", "url2": "https://www.kaigokensaku.mhlw.go.jp/11/index.php?action_kouhyou_detail_004_kani=true&JigyosyoCd=1173001205-00&ServiceCd=430&Type=search" }, "geometry": { "type": "Point", "coordinates": [ 138.252924, 36.204824 ] } },
{ "type": "Feature", "properties": { "内容": "社会福祉法人　崇徳会　マザーアース居宅介護支援事業所【居宅介護支援】埼玉県ふじみ野市大井６２１－１", "url2": "https://www.kaigokensaku.mhlw.go.jp/11/index.php?action_kouhyou_detail_004_kani=true&JigyosyoCd=1172400069-00&ServiceCd=430&Type=search" }, "geometry": { "type": "Point", "coordinates": [ 139.525934099999972, 35.8497504 ] } },
{ "type": "Feature", "properties": { "内容": "あいの手プランニング【居宅介護支援】埼玉県ふじみ野市亀久保６４３番地１００", "url2": "https://www.kaigokensaku.mhlw.go.jp/11/index.php?action_kouhyou_detail_004_kani=true&JigyosyoCd=1173001544-00&ServiceCd=430&Type=search" }, "geometry": { "type": "Point", "coordinates": [ 139.5082669, 35.8550963 ] } },
{ "type": "Feature", "properties": { "内容": "ケアマネジャー事務所サーバントふじみ野【居宅介護支援】埼玉県ふじみ野市大井中央4-18-31", "url2": "https://www.kaigokensaku.mhlw.go.jp/11/index.php?action_kouhyou_detail_004_kani=true&JigyosyoCd=1173000934-00&ServiceCd=430&Type=search" }, "geometry": { "type": "Point", "coordinates": [ 139.505235769229671, 35.862028887994114 ] } },
{ "type": "Feature", "properties": { "内容": "ウエルシア介護サービス白岡居宅介護支援【居宅介護支援】埼玉県白岡市小久喜1413", "url2": "https://www.kaigokensaku.mhlw.go.jp/11/index.php?action_kouhyou_detail_004_kani=true&JigyosyoCd=1176600144-00&ServiceCd=430&Type=search" }, "geometry": { "type": "Point", "coordinates": [ 139.671741435967562, 36.016927493343431 ] } },
{ "type": "Feature", "properties": { "内容": "ケアプラン作成相談センター光乃里【居宅介護支援】埼玉県白岡市荒井新田359-1", "url2": "https://www.kaigokensaku.mhlw.go.jp/11/index.php?action_kouhyou_detail_004_kani=true&JigyosyoCd=1170500050-00&ServiceCd=430&Type=search" }, "geometry": { "type": "Point", "coordinates": [ 139.62295359999996, 36.042231 ] } },
{ "type": "Feature", "properties": { "内容": "医療法人社団哺育会　指定居宅介護支援事業所白岡【居宅介護支援】埼玉県白岡市小久喜913番地1", "url2": "https://www.kaigokensaku.mhlw.go.jp/11/index.php?action_kouhyou_detail_004_kani=true&JigyosyoCd=1110501106-00&ServiceCd=430&Type=search" }, "geometry": { "type": "Point", "coordinates": [ 139.665351399999963, 36.0129991 ] } },
{ "type": "Feature", "properties": { "内容": "居宅介護支援事業所　一番山車【居宅介護支援】埼玉県白岡市篠津1926番地3", "url2": "https://www.kaigokensaku.mhlw.go.jp/11/index.php?action_kouhyou_detail_004_kani=true&JigyosyoCd=1176600102-00&ServiceCd=430&Type=search" }, "geometry": { "type": "Point", "coordinates": [ 139.657954199999949, 36.0239757 ] } },
{ "type": "Feature", "properties": { "内容": "居宅介護支援事業所　ＣＯＲＥ【居宅介護支援】白岡市新白岡3丁目41番号ルネ・グランガーデン5号室", "url2": "https://www.kaigokensaku.mhlw.go.jp/11/index.php?action_kouhyou_detail_004_kani=true&JigyosyoCd=1176600037-00&ServiceCd=430&Type=search" }, "geometry": { "type": "Point", "coordinates": [ 139.674477020060863, 36.032886898991528 ] } },
{ "type": "Feature", "properties": { "内容": "いなほの介護相談窓口【居宅介護支援】埼玉県白岡市小久喜942-8", "url2": "https://www.kaigokensaku.mhlw.go.jp/11/index.php?action_kouhyou_detail_004_kani=true&JigyosyoCd=1176600276-00&ServiceCd=430&Type=search" }, "geometry": { "type": "Point", "coordinates": [ 139.671634300000051, 36.0134655 ] } },
{ "type": "Feature", "properties": { "内容": "居宅介護支援事業所　ケアプランぽっかぽか【居宅介護支援】白岡市白岡1025-1　ラフィーネ2F", "url2": "https://www.kaigokensaku.mhlw.go.jp/11/index.php?action_kouhyou_detail_004_kani=true&JigyosyoCd=1170500357-00&ServiceCd=430&Type=search" }, "geometry": { "type": "Point", "coordinates": [ 139.684097, 36.0172952 ] } },
{ "type": "Feature", "properties": { "内容": "おおるり介護保険サービス事業所【居宅介護支援】白岡市上野田1741-1", "url2": "https://www.kaigokensaku.mhlw.go.jp/11/index.php?action_kouhyou_detail_004_kani=true&JigyosyoCd=1170500274-00&ServiceCd=430&Type=search" }, "geometry": { "type": "Point", "coordinates": [ 139.682910799999945, 36.0226835 ] } },
{ "type": "Feature", "properties": { "内容": "いちょうの木【居宅介護支援】埼玉県白岡市上野田５５番地４", "url2": "https://www.kaigokensaku.mhlw.go.jp/11/index.php?action_kouhyou_detail_004_kani=true&JigyosyoCd=1170500696-00&ServiceCd=430&Type=search" }, "geometry": { "type": "Point", "coordinates": [ 139.6941491, 36.0131374 ] } },
{ "type": "Feature", "properties": { "内容": "医療法人社団愛友会　介護老人保健施設一心館【居宅介護支援】埼玉県北足立郡伊奈町小室8113番地", "url2": "https://www.kaigokensaku.mhlw.go.jp/11/index.php?action_kouhyou_detail_004_kani=true&JigyosyoCd=1153080017-00&ServiceCd=430&Type=search" }, "geometry": { "type": "Point", "coordinates": [ 139.628215400000045, 35.9992819 ] } },
{ "type": "Feature", "properties": { "内容": "ゆめこうぼう虹【居宅介護支援】埼玉県北足立郡伊奈町中央2-320", "url2": "https://www.kaigokensaku.mhlw.go.jp/11/index.php?action_kouhyou_detail_004_kani=true&JigyosyoCd=1171300419-00&ServiceCd=430&Type=search" }, "geometry": { "type": "Point", "coordinates": [ 139.613339, 36.0018921 ] } },
{ "type": "Feature", "properties": { "内容": "ケア・アシスト　伊奈【居宅介護支援】埼玉県北足立郡伊奈町小室3170", "url2": "https://www.kaigokensaku.mhlw.go.jp/11/index.php?action_kouhyou_detail_004_kani=true&JigyosyoCd=1171300799-00&ServiceCd=430&Type=search" }, "geometry": { "type": "Point", "coordinates": [ 139.633904651589972, 35.983202574212982 ] } },
{ "type": "Feature", "properties": { "内容": "居宅介護支援事業所みちみち伊奈南【居宅介護支援】埼玉県北足立郡伊奈町栄4-28-2", "url2": "https://www.kaigokensaku.mhlw.go.jp/11/index.php?action_kouhyou_detail_004_kani=true&JigyosyoCd=1171300757-00&ServiceCd=430&Type=search" }, "geometry": { "type": "Point", "coordinates": [ 139.6419314, 35.9838821 ] } },
{ "type": "Feature", "properties": { "内容": "あずみ苑伊奈【居宅介護支援】埼玉県北足立郡伊奈町小室1024-1", "url2": "https://www.kaigokensaku.mhlw.go.jp/11/index.php?action_kouhyou_detail_004_kani=true&JigyosyoCd=1171300377-00&ServiceCd=430&Type=search" }, "geometry": { "type": "Point", "coordinates": [ 139.625797, 35.9811172 ] } },
{ "type": "Feature", "properties": { "内容": "ケアプラン伊奈の里【居宅介護支援】埼玉県北足立郡伊奈町中央１－９３", "url2": "https://www.kaigokensaku.mhlw.go.jp/11/index.php?action_kouhyou_detail_004_kani=true&JigyosyoCd=1171300039-00&ServiceCd=430&Type=search" }, "geometry": { "type": "Point", "coordinates": [ 139.615643920762636, 35.997654124522775 ] } },
{ "type": "Feature", "properties": { "内容": "居宅介護支援事業所　ささえ【居宅介護支援】埼玉県北足立郡伊奈町本町１－５９番地", "url2": "https://www.kaigokensaku.mhlw.go.jp/11/index.php?action_kouhyou_detail_004_kani=true&JigyosyoCd=1171300021-00&ServiceCd=430&Type=search" }, "geometry": { "type": "Point", "coordinates": [ 139.626515700000027, 35.9986707 ] } },
{ "type": "Feature", "properties": { "内容": "居宅介護支援事業所　こころの杜【居宅介護支援】埼玉県北足立群伊奈町小室5047-5", "url2": "https://www.kaigokensaku.mhlw.go.jp/11/index.php?action_kouhyou_detail_004_kani=true&JigyosyoCd=1171300575-00&ServiceCd=430&Type=search" }, "geometry": { "type": "Point", "coordinates": [ 139.617685196728502, 35.993949619369864 ] } },
{ "type": "Feature", "properties": { "内容": "社会福祉法人伊奈町社会福祉協議会【居宅介護支援】伊奈町中央1丁目93番地", "url2": "https://www.kaigokensaku.mhlw.go.jp/11/index.php?action_kouhyou_detail_004_kani=true&JigyosyoCd=1171300120-00&ServiceCd=430&Type=search" }, "geometry": { "type": "Point", "coordinates": [ 139.6162501, 35.9972288 ] } },
{ "type": "Feature", "properties": { "内容": "介護相談室バラ色【居宅介護支援】埼玉県北足立郡伊奈町小室6588-3エレガンス１０３", "url2": "https://www.kaigokensaku.mhlw.go.jp/11/index.php?action_kouhyou_detail_004_kani=true&JigyosyoCd=1171300708-00&ServiceCd=430&Type=search" }, "geometry": { "type": "Point", "coordinates": [ 139.633330233748524, 35.996814058325846 ] } },
{ "type": "Feature", "properties": { "内容": "いな居宅介護支援事業所ひまわり【居宅介護支援】埼玉県北足立郡伊奈町本町1₋373", "url2": "https://www.kaigokensaku.mhlw.go.jp/11/index.php?action_kouhyou_detail_004_kani=true&JigyosyoCd=1171300823-00&ServiceCd=430&Type=search" }, "geometry": { "type": "Point", "coordinates": [ 139.629667823316254, 35.998165000877854 ] } },
{ "type": "Feature", "properties": { "内容": "居宅介護支援事業所　みちみち伊奈【居宅介護支援】埼玉県北足立郡伊奈町小針新宿368-1", "url2": "https://www.kaigokensaku.mhlw.go.jp/11/index.php?action_kouhyou_detail_004_kani=true&JigyosyoCd=1171300609-00&ServiceCd=430&Type=search" }, "geometry": { "type": "Point", "coordinates": [ 139.5973382, 36.0088034 ] } },
{ "type": "Feature", "properties": { "内容": "ぶどうの木　居宅介護【居宅介護支援】埼玉県北足立郡伊奈町中央1-49小坂商会事務所　2階　1号室", "url2": "https://www.kaigokensaku.mhlw.go.jp/11/index.php?action_kouhyou_detail_004_kani=true&JigyosyoCd=1171300856-00&ServiceCd=430&Type=search" }, "geometry": { "type": "Point", "coordinates": [ 139.6152056, 35.9987523 ] } },
{ "type": "Feature", "properties": { "内容": "桜荘居宅介護支援事業所【居宅介護支援】埼玉県入間郡三芳町大字北永井字桜並４１５番１", "url2": "https://www.kaigokensaku.mhlw.go.jp/11/index.php?action_kouhyou_detail_004_kani=true&JigyosyoCd=1172400937-00&ServiceCd=430&Type=search" }, "geometry": { "type": "Point", "coordinates": [ 139.524002500000051, 35.8236267 ] } },
{ "type": "Feature", "properties": { "内容": "株式会社　ケア・２４+【居宅介護支援】北永井706-4", "url2": "https://www.kaigokensaku.mhlw.go.jp/11/index.php?action_kouhyou_detail_004_kani=true&JigyosyoCd=1172401331-00&ServiceCd=430&Type=search" }, "geometry": { "type": "Point", "coordinates": [ 139.520869704954407, 35.836180790227807 ] } },
{ "type": "Feature", "properties": { "内容": "三芳町社会福祉協議会【居宅介護支援】埼玉県入間郡三芳町藤久保１１００番地１三芳町役場一階", "url2": "https://www.kaigokensaku.mhlw.go.jp/11/index.php?action_kouhyou_detail_004_kani=true&JigyosyoCd=1172400986-00&ServiceCd=430&Type=search" }, "geometry": { "type": "Point", "coordinates": [ 139.526596941142316, 35.828495273697023 ] } },
{ "type": "Feature", "properties": { "内容": "ラウンド＆ケア居宅介護支援事業所鶴瀬【居宅介護支援】埼玉県入間郡三芳町藤久保309番地3アークメゾン001号室", "url2": "https://www.kaigokensaku.mhlw.go.jp/11/index.php?action_kouhyou_detail_004_kani=true&JigyosyoCd=1172401596-00&ServiceCd=430&Type=search" }, "geometry": { "type": "Point", "coordinates": [ 139.5363075, 35.840447 ] } },
{ "type": "Feature", "properties": { "内容": "在宅介護支援センター　みずほ苑【居宅介護支援】埼玉県入間郡三芳町大字竹間沢７３５－１", "url2": "https://www.kaigokensaku.mhlw.go.jp/11/index.php?action_kouhyou_detail_004_kani=true&JigyosyoCd=1172400010-00&ServiceCd=430&Type=search" }, "geometry": { "type": "Point", "coordinates": [ 139.5476529, 35.8292508 ] } },
{ "type": "Feature", "properties": { "内容": "居宅介護支援事業所　むさしの苑【居宅介護支援】埼玉県入間郡三芳町上富１７８４－７", "url2": "https://www.kaigokensaku.mhlw.go.jp/11/index.php?action_kouhyou_detail_004_kani=true&JigyosyoCd=1172401133-00&ServiceCd=430&Type=search" }, "geometry": { "type": "Point", "coordinates": [ 139.492817800000012, 35.8416698 ] } },
{ "type": "Feature", "properties": { "内容": "ケアプラン至福　みよし【居宅介護支援】埼玉県入間郡三芳町藤久保384-1ﾄﾞﾐｼﾙｻｶｴA101", "url2": "https://www.kaigokensaku.mhlw.go.jp/11/index.php?action_kouhyou_detail_004_kani=true&JigyosyoCd=1172401620-00&ServiceCd=430&Type=search" }, "geometry": { "type": "Point", "coordinates": [ 139.5393425, 35.8369092 ] } },
{ "type": "Feature", "properties": { "内容": "介護老人保健施設埼玉ロイヤルケアセンター　居宅介護支援事業所【居宅介護支援】埼玉県入間郡三芳町上富2181-5", "url2": "https://www.kaigokensaku.mhlw.go.jp/11/index.php?action_kouhyou_detail_004_kani=true&JigyosyoCd=1152480010-00&ServiceCd=430&Type=search" }, "geometry": { "type": "Point", "coordinates": [ 139.5045834, 35.8414897 ] } },
{ "type": "Feature", "properties": { "内容": "ケアプランちゃお【居宅介護支援】埼玉県入間郡毛呂山町南台５丁目３５番地３４", "url2": "https://www.kaigokensaku.mhlw.go.jp/11/index.php?action_kouhyou_detail_004_kani=true&JigyosyoCd=1172401075-00&ServiceCd=430&Type=search" }, "geometry": { "type": "Point", "coordinates": [ 139.332122379098564, 35.939175170439078 ] } },
{ "type": "Feature", "properties": { "内容": "ななふく苑【居宅介護支援】埼玉県入間郡毛呂山町西大久保７６６－１", "url2": "https://www.kaigokensaku.mhlw.go.jp/11/index.php?action_kouhyou_detail_004_kani=true&JigyosyoCd=1172400572-00&ServiceCd=430&Type=search" }, "geometry": { "type": "Point", "coordinates": [ 139.3538026, 35.9470899 ] } },
{ "type": "Feature", "properties": { "内容": "悠久園居宅介護支援センター【居宅介護支援】埼玉県入間郡毛呂山町南台５－３８－５", "url2": "https://www.kaigokensaku.mhlw.go.jp/11/index.php?action_kouhyou_detail_004_kani=true&JigyosyoCd=1172400036-00&ServiceCd=430&Type=search" }, "geometry": { "type": "Point", "coordinates": [ 139.329846399999951, 35.9399984 ] } },
{ "type": "Feature", "properties": { "内容": "指定居宅介護支援センターHAPPINESS館【居宅介護支援】埼玉県入間郡毛呂山町毛呂本郷1006番地", "url2": "https://www.kaigokensaku.mhlw.go.jp/11/index.php?action_kouhyou_detail_004_kani=true&JigyosyoCd=1172400317-00&ServiceCd=430&Type=search" }, "geometry": { "type": "Point", "coordinates": [ 139.308380001501064, 35.939605334079857 ] } },
{ "type": "Feature", "properties": { "内容": "木もれ陽【居宅介護支援】埼玉県入間郡毛呂山町大字西戸字前原661番地1", "url2": "https://www.kaigokensaku.mhlw.go.jp/11/index.php?action_kouhyou_detail_004_kani=true&JigyosyoCd=1172401307-00&ServiceCd=430&Type=search" }, "geometry": { "type": "Point", "coordinates": [ 139.335001634948753, 35.95630338238108 ] } },
{ "type": "Feature", "properties": { "内容": "ケアプラン好日の家　毛呂山【居宅介護支援】埼玉県入間郡毛呂山町前久保南3-38-3-101", "url2": "https://www.kaigokensaku.mhlw.go.jp/11/index.php?action_kouhyou_detail_004_kani=true&JigyosyoCd=1172401539-00&ServiceCd=430&Type=search" }, "geometry": { "type": "Point", "coordinates": [ 139.324850068737192, 35.942592045922829 ] } },
{ "type": "Feature", "properties": { "内容": "ケアプランえがお【居宅介護支援】南台5-26-40", "url2": "https://www.kaigokensaku.mhlw.go.jp/11/index.php?action_kouhyou_detail_004_kani=true&JigyosyoCd=1172401562-00&ServiceCd=430&Type=search" }, "geometry": { "type": "Point", "coordinates": [ 139.6615511, 35.6830803 ] } },
{ "type": "Feature", "properties": { "内容": "居宅介護支援事業所つむぐ【居宅介護支援】埼玉県入間郡毛呂山町前久保１０９－２４ベルゴールドビル２０３", "url2": "https://www.kaigokensaku.mhlw.go.jp/11/index.php?action_kouhyou_detail_004_kani=true&JigyosyoCd=1172401604-00&ServiceCd=430&Type=search" }, "geometry": { "type": "Point", "coordinates": [ 139.327316599999989, 35.9476668 ] } },
{ "type": "Feature", "properties": { "内容": "指定居宅介護支援事業所光の丘【居宅介護支援】埼玉県入間郡越生町大字上野3078番地5", "url2": "https://www.kaigokensaku.mhlw.go.jp/11/index.php?action_kouhyou_detail_004_kani=true&JigyosyoCd=1172400044-00&ServiceCd=430&Type=search" }, "geometry": { "type": "Point", "coordinates": [ 139.29588590000003, 35.9465271 ] } },
{ "type": "Feature", "properties": { "内容": "ケアプラン純【居宅介護支援】埼玉県入間郡越生町越生東4-2-6サンコートA101", "url2": "https://www.kaigokensaku.mhlw.go.jp/11/index.php?action_kouhyou_detail_004_kani=true&JigyosyoCd=1172401638-00&ServiceCd=430&Type=search" }, "geometry": { "type": "Point", "coordinates": [ 139.303137600000014, 35.9621555 ] } },
{ "type": "Feature", "properties": { "内容": "指定居宅介護支援事業所　いづみ【居宅介護支援】埼玉県比企郡滑川町大字羽尾1041番地7", "url2": "https://www.kaigokensaku.mhlw.go.jp/11/index.php?action_kouhyou_detail_004_kani=true&JigyosyoCd=1173201136-00&ServiceCd=430&Type=search" }, "geometry": { "type": "Point", "coordinates": [ 139.372003037187937, 36.049921533955995 ] } },
{ "type": "Feature", "properties": { "内容": "居宅介護支援事業所　森林園【居宅介護支援】埼玉県比企郡滑川町大字羽尾字寺谷4738番地2", "url2": "https://www.kaigokensaku.mhlw.go.jp/11/index.php?action_kouhyou_detail_004_kani=true&JigyosyoCd=1173201557-00&ServiceCd=430&Type=search" }, "geometry": { "type": "Point", "coordinates": [ 139.363078560465965, 36.055028379939323 ] } },
{ "type": "Feature", "properties": { "内容": "ケアセンター　虹の杜【居宅介護支援】埼玉県比企郡嵐山町大字志賀316番地163", "url2": "https://www.kaigokensaku.mhlw.go.jp/11/index.php?action_kouhyou_detail_004_kani=true&JigyosyoCd=1173202498-00&ServiceCd=430&Type=search" }, "geometry": { "type": "Point", "coordinates": [ 139.323674899999986, 36.0526332 ] } },
{ "type": "Feature", "properties": { "内容": "嵐山町社会福祉協議会居宅介護支援事業所【居宅介護支援】埼玉県比企郡嵐山町大字菅谷４８７－１", "url2": "https://www.kaigokensaku.mhlw.go.jp/11/index.php?action_kouhyou_detail_004_kani=true&JigyosyoCd=1173200013-00&ServiceCd=430&Type=search" }, "geometry": { "type": "Point", "coordinates": [ 139.3245399, 36.0422952 ] } },
{ "type": "Feature", "properties": { "内容": "らんざん苑指定居宅介護支援事業所【居宅介護支援】埼玉県比企郡嵐山町越畑１３７１－１", "url2": "https://www.kaigokensaku.mhlw.go.jp/11/index.php?action_kouhyou_detail_004_kani=true&JigyosyoCd=1173200021-00&ServiceCd=430&Type=search" }, "geometry": { "type": "Point", "coordinates": [ 139.308661499999971, 36.0817177 ] } },
{ "type": "Feature", "properties": { "内容": "むさし野ケアサービス嵐山【居宅介護支援】埼玉県比企郡嵐山町大字古里１１６９－１", "url2": "https://www.kaigokensaku.mhlw.go.jp/11/index.php?action_kouhyou_detail_004_kani=true&JigyosyoCd=1173201300-00&ServiceCd=430&Type=search" }, "geometry": { "type": "Point", "coordinates": [ 139.2919819, 36.1000338 ] } },
{ "type": "Feature", "properties": { "内容": "居宅介護支援事業所　かたくり【居宅介護支援】埼玉県比企郡小川町大字靱負111-1", "url2": "https://www.kaigokensaku.mhlw.go.jp/11/index.php?action_kouhyou_detail_004_kani=true&JigyosyoCd=1173201292-00&ServiceCd=430&Type=search" }, "geometry": { "type": "Point", "coordinates": [ 139.243158619314698, 36.073253441551842 ] } },
{ "type": "Feature", "properties": { "内容": "居宅介護支援事業所　眞美の郷【居宅介護支援】埼玉県比企郡小川町東小川二丁目22番5", "url2": "https://www.kaigokensaku.mhlw.go.jp/11/index.php?action_kouhyou_detail_004_kani=true&JigyosyoCd=1173202506-00&ServiceCd=430&Type=search" }, "geometry": { "type": "Point", "coordinates": [ 139.099230200000022, 36.215780099999989 ] } },
{ "type": "Feature", "properties": { "内容": "ケアプラン小川【居宅介護支援】埼玉県比企郡小川町大字小川３９５番地2", "url2": "https://www.kaigokensaku.mhlw.go.jp/11/index.php?action_kouhyou_detail_004_kani=true&JigyosyoCd=1173202274-00&ServiceCd=430&Type=search" }, "geometry": { "type": "Point", "coordinates": [ 139.2705594, 36.0534643 ] } },
{ "type": "Feature", "properties": { "内容": "居宅介護支援事業所　彩香らんど「田舎の家」【居宅介護支援】埼玉県比企郡小川町大字下里706-1", "url2": "https://www.kaigokensaku.mhlw.go.jp/11/index.php?action_kouhyou_detail_004_kani=true&JigyosyoCd=1173200427-00&ServiceCd=430&Type=search" }, "geometry": { "type": "Point", "coordinates": [ 139.281341099999963, 36.0431272 ] } },
{ "type": "Feature", "properties": { "内容": "ふれあい四津山ケアプランハウス【居宅介護支援】埼玉県比企郡小川町高見６１４－１", "url2": "https://www.kaigokensaku.mhlw.go.jp/11/index.php?action_kouhyou_detail_004_kani=true&JigyosyoCd=1173201391-00&ServiceCd=430&Type=search" }, "geometry": { "type": "Point", "coordinates": [ 139.2684236, 36.0897127 ] } },
{ "type": "Feature", "properties": { "内容": "居宅介護支援事業所　ふくじゅ草【居宅介護支援】埼玉県比企郡小川町みどりが丘2丁目15番地１８", "url2": "https://www.kaigokensaku.mhlw.go.jp/11/index.php?action_kouhyou_detail_004_kani=true&JigyosyoCd=1173202175-00&ServiceCd=430&Type=search" }, "geometry": { "type": "Point", "coordinates": [ 139.259450600000037, 36.0704011 ] } },
{ "type": "Feature", "properties": { "内容": "ケアサービスひまわり【居宅介護支援】比企郡小川町大塚1267", "url2": "https://www.kaigokensaku.mhlw.go.jp/11/index.php?action_kouhyou_detail_004_kani=true&JigyosyoCd=1173200674-00&ServiceCd=430&Type=search" }, "geometry": { "type": "Point", "coordinates": [ 139.264775500000042, 36.0570861 ] } },
{ "type": "Feature", "properties": { "内容": "居宅介護支援事業所　ほほえみ【居宅介護支援】埼玉県比企郡小川町靱負６８１－１", "url2": "https://www.kaigokensaku.mhlw.go.jp/11/index.php?action_kouhyou_detail_004_kani=true&JigyosyoCd=1173202068-00&ServiceCd=430&Type=search" }, "geometry": { "type": "Point", "coordinates": [ 139.23774503582149, 36.075646999241314 ] } },
{ "type": "Feature", "properties": { "内容": "社会福祉法人　永楽会　指定居宅介護支援事業所【居宅介護支援】比企郡川島町大字山ヶ谷戸519-1", "url2": "https://www.kaigokensaku.mhlw.go.jp/11/index.php?action_kouhyou_detail_004_kani=true&JigyosyoCd=1173200260-00&ServiceCd=430&Type=search" }, "geometry": { "type": "Point", "coordinates": [ 139.510439899999938, 35.9818537 ] } },
{ "type": "Feature", "properties": { "内容": "介護相談室　奏【居宅介護支援】埼玉県比企郡川島町中山1115-6レジデンス川島B棟101号室", "url2": "https://www.kaigokensaku.mhlw.go.jp/11/index.php?action_kouhyou_detail_004_kani=true&JigyosyoCd=1173202258-00&ServiceCd=430&Type=search" }, "geometry": { "type": "Point", "coordinates": [ 139.451009900000031, 35.9879118 ] } },
{ "type": "Feature", "properties": { "内容": "医療法人　啓仁会　居宅介護支援事業所　きずな【居宅介護支援】埼玉県比企郡川島町大字畑中478番地1", "url2": "https://www.kaigokensaku.mhlw.go.jp/11/index.php?action_kouhyou_detail_004_kani=true&JigyosyoCd=1173200641-00&ServiceCd=430&Type=search" }, "geometry": { "type": "Point", "coordinates": [ 139.490094699999986, 35.991899 ] } },
{ "type": "Feature", "properties": { "内容": "社会福祉法人川島町社会福祉協議会指定居宅介護支援事業所【居宅介護支援】埼玉県比企郡川島町大字曲師402-1", "url2": "https://www.kaigokensaku.mhlw.go.jp/11/index.php?action_kouhyou_detail_004_kani=true&JigyosyoCd=1173200070-00&ServiceCd=430&Type=search" }, "geometry": { "type": "Point", "coordinates": [ 139.503703099999967, 35.9615989 ] } },
{ "type": "Feature", "properties": { "内容": "ロイヤルレジデンス川島【居宅介護支援】埼玉県比企郡川島町大字伊草９７－５", "url2": "https://www.kaigokensaku.mhlw.go.jp/11/index.php?action_kouhyou_detail_004_kani=true&JigyosyoCd=1173201458-00&ServiceCd=430&Type=search" }, "geometry": { "type": "Point", "coordinates": [ 139.4685574, 35.9635519 ] } },
{ "type": "Feature", "properties": { "内容": "ＪＡ埼玉中央居宅介護支援事業所なごみ【居宅介護支援】埼玉県比企郡吉見町大字前河内71-1JA埼玉中央　介護センター", "url2": "https://www.kaigokensaku.mhlw.go.jp/11/index.php?action_kouhyou_detail_004_kani=true&JigyosyoCd=1173202142-00&ServiceCd=430&Type=search" }, "geometry": { "type": "Point", "coordinates": [ 139.456401029134298, 36.0266443238135 ] } },
{ "type": "Feature", "properties": { "内容": "社会福祉法人吉見町社会福祉協議会居宅介護支援事業所【居宅介護支援】埼玉県比企郡吉見町大字下細谷1216番地1吉見町福祉会館内", "url2": "https://www.kaigokensaku.mhlw.go.jp/11/index.php?action_kouhyou_detail_004_kani=true&JigyosyoCd=1173200088-00&ServiceCd=430&Type=search" }, "geometry": { "type": "Point", "coordinates": [ 139.45493579999993, 36.044538462932842 ] } },
{ "type": "Feature", "properties": { "内容": "常磐苑居宅介護支援事業所【居宅介護支援】埼玉県比企郡吉見町大字北吉見350", "url2": "https://www.kaigokensaku.mhlw.go.jp/11/index.php?action_kouhyou_detail_004_kani=true&JigyosyoCd=1173200161-00&ServiceCd=430&Type=search" }, "geometry": { "type": "Point", "coordinates": [ 139.4202259, 36.0401353 ] } },
{ "type": "Feature", "properties": { "内容": "彩西ケアプランセンター鳩山【居宅介護支援】埼玉県比企郡鳩山町松ヶ丘四丁目1番4号", "url2": "https://www.kaigokensaku.mhlw.go.jp/11/index.php?action_kouhyou_detail_004_kani=true&JigyosyoCd=1173201342-00&ServiceCd=430&Type=search" }, "geometry": { "type": "Point", "coordinates": [ 139.351990017872367, 35.991441101369112 ] } },
{ "type": "Feature", "properties": { "内容": "ケアプラン　かざみどり【居宅介護支援】埼玉県比企郡鳩山町大字大豆戸154-4", "url2": "https://www.kaigokensaku.mhlw.go.jp/11/index.php?action_kouhyou_detail_004_kani=true&JigyosyoCd=1173201771-00&ServiceCd=430&Type=search" }, "geometry": { "type": "Point", "coordinates": [ 139.3369784, 35.9764387 ] } },
{ "type": "Feature", "properties": { "内容": "居宅介護支援事業所　ポラリス【居宅介護支援】比企郡鳩山町大字石坂1515-273", "url2": "https://www.kaigokensaku.mhlw.go.jp/11/index.php?action_kouhyou_detail_004_kani=true&JigyosyoCd=1173201821-00&ServiceCd=430&Type=search" }, "geometry": { "type": "Point", "coordinates": [ 139.353149600000052, 35.9799887 ] } },
{ "type": "Feature", "properties": { "内容": "ケアプラン・シンフォニー【居宅介護支援】埼玉県比企郡鳩山町須江902", "url2": "https://www.kaigokensaku.mhlw.go.jp/11/index.php?action_kouhyou_detail_004_kani=true&JigyosyoCd=1173202472-00&ServiceCd=430&Type=search" }, "geometry": { "type": "Point", "coordinates": [ 139.320654884655795, 36.010036329677916 ] } },
{ "type": "Feature", "properties": { "内容": "居宅介護支援事業所ほっとみるく鳩山【居宅介護支援】埼玉県比企郡鳩山町楓ヶ丘四丁目17番7号", "url2": "https://www.kaigokensaku.mhlw.go.jp/11/index.php?action_kouhyou_detail_004_kani=true&JigyosyoCd=1173202381-00&ServiceCd=430&Type=search" }, "geometry": { "type": "Point", "coordinates": [ 139.359894200000014, 35.9845211 ] } },
{ "type": "Feature", "properties": { "内容": "居宅介護支援事業所　麻見江【居宅介護支援】埼玉県比企郡鳩山町大橋1042-1", "url2": "https://www.kaigokensaku.mhlw.go.jp/11/index.php?action_kouhyou_detail_004_kani=true&JigyosyoCd=1113200896-00&ServiceCd=430&Type=search" }, "geometry": { "type": "Point", "coordinates": [ 139.342378435443123, 35.990950462878281 ] } },
{ "type": "Feature", "properties": { "内容": "ケアプラン　陽だまり【居宅介護支援】埼玉県比企郡ときがわ町大字瀬戸元上２９３－８", "url2": "https://www.kaigokensaku.mhlw.go.jp/11/index.php?action_kouhyou_detail_004_kani=true&JigyosyoCd=1173202316-00&ServiceCd=430&Type=search" }, "geometry": { "type": "Point", "coordinates": [ 139.2736382, 35.9982801 ] } },
{ "type": "Feature", "properties": { "内容": "ケアプラン上田【居宅介護支援】埼玉県比企郡ときがわ町瀬戸元下110-39", "url2": "https://www.kaigokensaku.mhlw.go.jp/11/index.php?action_kouhyou_detail_004_kani=true&JigyosyoCd=1173201722-00&ServiceCd=430&Type=search" }, "geometry": { "type": "Point", "coordinates": [ 139.277348294084163, 35.988754685636806 ] } },
{ "type": "Feature", "properties": { "内容": "エスコケアセンター【居宅介護支援】埼玉県比企郡ときがわ町大字番匠２３８番地", "url2": "https://www.kaigokensaku.mhlw.go.jp/11/index.php?action_kouhyou_detail_004_kani=true&JigyosyoCd=1173200880-00&ServiceCd=430&Type=search" }, "geometry": { "type": "Point", "coordinates": [ 139.293655199999989, 36.003723 ] } },
{ "type": "Feature", "properties": { "内容": "お住まいに心で通うよし乃郷【居宅介護支援】埼玉県比企郡ときがわ町五明1449-2", "url2": "https://www.kaigokensaku.mhlw.go.jp/11/index.php?action_kouhyou_detail_004_kani=true&JigyosyoCd=1173200575-00&ServiceCd=430&Type=search" }, "geometry": { "type": "Point", "coordinates": [ 139.270028799999977, 36.0226984 ] } },
{ "type": "Feature", "properties": { "内容": "社会福祉法人　ときがわ町社会福祉協議会　居宅介護支援事業所【居宅介護支援】埼玉県比企郡ときがわ町大字関堀145番地2", "url2": "https://www.kaigokensaku.mhlw.go.jp/11/index.php?action_kouhyou_detail_004_kani=true&JigyosyoCd=1173200096-00&ServiceCd=430&Type=search" }, "geometry": { "type": "Point", "coordinates": [ 139.273733690620759, 36.003066054823364 ] } },
{ "type": "Feature", "properties": { "内容": "居宅介護支援事業所　よこぜ【居宅介護支援】埼玉県秩父郡横瀬町大字横瀬５８０６番地１", "url2": "https://www.kaigokensaku.mhlw.go.jp/11/index.php?action_kouhyou_detail_004_kani=true&JigyosyoCd=1174800712-00&ServiceCd=430&Type=search" }, "geometry": { "type": "Point", "coordinates": [ 139.110138499999948, 36.0054178 ] } },
{ "type": "Feature", "properties": { "内容": "居宅介護支援事業所　武甲の里【居宅介護支援】埼玉県秩父郡横瀬町横瀬1170-20", "url2": "https://www.kaigokensaku.mhlw.go.jp/11/index.php?action_kouhyou_detail_004_kani=true&JigyosyoCd=1174800944-00&ServiceCd=430&Type=search" }, "geometry": { "type": "Point", "coordinates": [ 139.107597899999973, 35.9814371 ] } },
{ "type": "Feature", "properties": { "内容": "ＮＰＯ法人ライフアップサポート【居宅介護支援】埼玉県秩父郡横瀬町大字横瀬4549番地1", "url2": "https://www.kaigokensaku.mhlw.go.jp/11/index.php?action_kouhyou_detail_004_kani=true&JigyosyoCd=1174800761-00&ServiceCd=430&Type=search" }, "geometry": { "type": "Point", "coordinates": [ 139.099978758197039, 35.98795441947761 ] } },
{ "type": "Feature", "properties": { "内容": "居宅介護支援事業所なごみ【居宅介護支援】埼玉県秩父郡横瀬町大字横瀬５８５０", "url2": "https://www.kaigokensaku.mhlw.go.jp/11/index.php?action_kouhyou_detail_004_kani=true&JigyosyoCd=1174801165-00&ServiceCd=430&Type=search" }, "geometry": { "type": "Point", "coordinates": [ 139.108913700000016, 36.0046073 ] } },
{ "type": "Feature", "properties": { "内容": "居宅介護支援事業所　悠う湯ホーム【居宅介護支援】秩父郡皆野町下日野沢３９０６－３", "url2": "https://www.kaigokensaku.mhlw.go.jp/11/index.php?action_kouhyou_detail_004_kani=true&JigyosyoCd=1174800043-00&ServiceCd=430&Type=search" }, "geometry": { "type": "Point", "coordinates": [ 139.070746200000031, 36.081815600000034 ] } },
{ "type": "Feature", "properties": { "内容": "清水【居宅介護支援】埼玉県秩父郡皆野町大字皆野1394-1愛育院", "url2": "https://www.kaigokensaku.mhlw.go.jp/11/index.php?action_kouhyou_detail_004_kani=true&JigyosyoCd=1174800795-00&ServiceCd=430&Type=search" }, "geometry": { "type": "Point", "coordinates": [ 139.096940634393377, 36.070269158790992 ] } },
{ "type": "Feature", "properties": { "内容": "医療法人徳洲会　皆野病院【居宅介護支援】埼玉県秩父郡皆野町皆野2031-1", "url2": "https://www.kaigokensaku.mhlw.go.jp/11/index.php?action_kouhyou_detail_004_kani=true&JigyosyoCd=1174801249-00&ServiceCd=430&Type=search" }, "geometry": { "type": "Point", "coordinates": [ 139.1012093, 36.0770979 ] } },
{ "type": "Feature", "properties": { "内容": "ケアサポートセンターしあわせの森【居宅介護支援】埼玉県秩父郡長瀞町長瀞293サービス付き高齢者向け住宅　しあわせの森", "url2": "https://www.kaigokensaku.mhlw.go.jp/11/index.php?action_kouhyou_detail_004_kani=true&JigyosyoCd=1174801033-00&ServiceCd=430&Type=search" }, "geometry": { "type": "Point", "coordinates": [ 139.110490211378874, 36.100150483144169 ] } },
{ "type": "Feature", "properties": { "内容": "居宅介護支援事業所　縄文の里　長瀞倶楽部【居宅介護支援】埼玉県秩父郡長瀞町岩田587番地", "url2": "https://www.kaigokensaku.mhlw.go.jp/11/index.php?action_kouhyou_detail_004_kani=true&JigyosyoCd=1174800860-00&ServiceCd=430&Type=search" }, "geometry": { "type": "Point", "coordinates": [ 139.1245776, 36.1288218 ] } },
{ "type": "Feature", "properties": { "内容": "さくら【居宅介護支援】埼玉県秩父郡小鹿野町般若８２１", "url2": "https://www.kaigokensaku.mhlw.go.jp/11/index.php?action_kouhyou_detail_004_kani=true&JigyosyoCd=1174800480-00&ServiceCd=430&Type=search" }, "geometry": { "type": "Point", "coordinates": [ 139.033421399999952, 35.9964346 ] } },
{ "type": "Feature", "properties": { "内容": "小鹿野町小鹿野在宅介護支援センター【居宅介護支援】埼玉県秩父郡小鹿野町小鹿野300番地小鹿野町保健福祉センター", "url2": "https://www.kaigokensaku.mhlw.go.jp/11/index.php?action_kouhyou_detail_004_kani=true&JigyosyoCd=1174800654-00&ServiceCd=430&Type=search" }, "geometry": { "type": "Point", "coordinates": [ 139.003609220237792, 36.017747612220688 ] } },
{ "type": "Feature", "properties": { "内容": "居宅介護支援事業所みどうの杜【居宅介護支援】東秩父村大字御堂1456-4", "url2": "https://www.kaigokensaku.mhlw.go.jp/11/index.php?action_kouhyou_detail_004_kani=true&JigyosyoCd=1154880019-00&ServiceCd=430&Type=search" }, "geometry": { "type": "Point", "coordinates": [ 139.201300599999968, 36.052732 ] } },
{ "type": "Feature", "properties": { "内容": "社会福祉法人東秩父村社会福祉協議会指定居宅介護支援事業所【居宅介護支援】埼玉県秩父郡東秩父村大字御堂３６９番地東秩父村コミュニティセンターやまなみ内", "url2": "https://www.kaigokensaku.mhlw.go.jp/11/index.php?action_kouhyou_detail_004_kani=true&JigyosyoCd=1174800308-00&ServiceCd=430&Type=search" }, "geometry": { "type": "Point", "coordinates": [ 139.205026807315363, 36.051671140486384 ] } },
{ "type": "Feature", "properties": { "内容": "居宅介護支援センター　チューリップ【居宅介護支援】埼玉県児玉郡美里町大字阿那志７７５", "url2": "https://www.kaigokensaku.mhlw.go.jp/11/index.php?action_kouhyou_detail_004_kani=true&JigyosyoCd=1174200731-00&ServiceCd=430&Type=search" }, "geometry": { "type": "Point", "coordinates": [ 139.17858769999998, 36.1897833 ] } },
{ "type": "Feature", "properties": { "内容": "居宅支援サービスくどう【居宅介護支援】埼玉県児玉郡美里町大字木部８０番地１", "url2": "https://www.kaigokensaku.mhlw.go.jp/11/index.php?action_kouhyou_detail_004_kani=true&JigyosyoCd=1174201770-00&ServiceCd=430&Type=search" }, "geometry": { "type": "Point", "coordinates": [ 139.171855, 36.1695458 ] } },
{ "type": "Feature", "properties": { "内容": "ももよの丘【居宅介護支援】埼玉県児玉郡美里町大字白石2323-1", "url2": "https://www.kaigokensaku.mhlw.go.jp/11/index.php?action_kouhyou_detail_004_kani=true&JigyosyoCd=1174200426-00&ServiceCd=430&Type=search" }, "geometry": { "type": "Point", "coordinates": [ 139.178772, 36.1547154 ] } },
{ "type": "Feature", "properties": { "内容": "居宅介護支援センター「けいあい」【居宅介護支援】埼玉県児玉郡美里町小茂田749", "url2": "https://www.kaigokensaku.mhlw.go.jp/11/index.php?action_kouhyou_detail_004_kani=true&JigyosyoCd=1174200079-00&ServiceCd=430&Type=search" }, "geometry": { "type": "Point", "coordinates": [ 139.1915132, 36.205192099999984 ] } },
{ "type": "Feature", "properties": { "内容": "居宅介護支援事業所　陽寄りの丘【居宅介護支援】埼玉県児玉郡美里町甘粕139-7篠原ビル", "url2": "https://www.kaigokensaku.mhlw.go.jp/11/index.php?action_kouhyou_detail_004_kani=true&JigyosyoCd=1174201507-00&ServiceCd=430&Type=search" }, "geometry": { "type": "Point", "coordinates": [ 139.182223900000054, 36.172641 ] } },
{ "type": "Feature", "properties": { "内容": "居宅介護支援事業所こだま【居宅介護支援】埼玉県児玉郡神川町大字植竹２５６番地８", "url2": "https://www.kaigokensaku.mhlw.go.jp/11/index.php?action_kouhyou_detail_004_kani=true&JigyosyoCd=1174201481-00&ServiceCd=430&Type=search" }, "geometry": { "type": "Point", "coordinates": [ 139.098831834918201, 36.216897487183886 ] } },
{ "type": "Feature", "properties": { "内容": "在宅介護支援センターいずみ【居宅介護支援】埼玉県児玉郡神川町大字上阿久原567番地", "url2": "https://www.kaigokensaku.mhlw.go.jp/11/index.php?action_kouhyou_detail_004_kani=true&JigyosyoCd=1174200053-00&ServiceCd=430&Type=search" }, "geometry": { "type": "Point", "coordinates": [ 139.053719300000012, 36.1466645 ] } },
{ "type": "Feature", "properties": { "内容": "神川町社会福祉協議会ケアプランセンター【居宅介護支援】埼玉県児玉郡神川町大字植竹900-1神川町就業改善センター", "url2": "https://www.kaigokensaku.mhlw.go.jp/11/index.php?action_kouhyou_detail_004_kani=true&JigyosyoCd=1174201192-00&ServiceCd=430&Type=search" }, "geometry": { "type": "Point", "coordinates": [ 139.102435033729563, 36.214516521070863 ] } },
{ "type": "Feature", "properties": { "内容": "老人保健施設かみかわ【居宅介護支援】埼玉県児玉郡神川町大字新里2783-5", "url2": "https://www.kaigokensaku.mhlw.go.jp/11/index.php?action_kouhyou_detail_004_kani=true&JigyosyoCd=1174200046-00&ServiceCd=430&Type=search" }, "geometry": { "type": "Point", "coordinates": [ 139.093766100000039, 36.1961227 ] } },
{ "type": "Feature", "properties": { "内容": "居宅介護支援事業所ゆたか【居宅介護支援】埼玉県児玉郡上里町七本木2955-2", "url2": "https://www.kaigokensaku.mhlw.go.jp/11/index.php?action_kouhyou_detail_004_kani=true&JigyosyoCd=1174201317-00&ServiceCd=430&Type=search" }, "geometry": { "type": "Point", "coordinates": [ 139.148664599999961, 36.2373527 ] } },
{ "type": "Feature", "properties": { "内容": "居宅介護支援センターりんどう【居宅介護支援】埼玉県児玉郡上里町大字金久保777", "url2": "https://www.kaigokensaku.mhlw.go.jp/11/index.php?action_kouhyou_detail_004_kani=true&JigyosyoCd=1174200533-00&ServiceCd=430&Type=search" }, "geometry": { "type": "Point", "coordinates": [ 139.132276400000023, 36.2654719 ] } },
{ "type": "Feature", "properties": { "内容": "かみさと居宅介護支援事業所【居宅介護支援】埼玉県児玉郡上里町大字堤４８７番地－１", "url2": "https://www.kaigokensaku.mhlw.go.jp/11/index.php?action_kouhyou_detail_004_kani=true&JigyosyoCd=1174200087-00&ServiceCd=430&Type=search" }, "geometry": { "type": "Point", "coordinates": [ 139.129794, 36.2410907 ] } },
{ "type": "Feature", "properties": { "内容": "かみさとナーシングホーム　居宅介護支援事業所【居宅介護支援】埼玉県児玉郡上里町金久保１３３６", "url2": "https://www.kaigokensaku.mhlw.go.jp/11/index.php?action_kouhyou_detail_004_kani=true&JigyosyoCd=1174200277-00&ServiceCd=430&Type=search" }, "geometry": { "type": "Point", "coordinates": [ 139.145741899999962, 36.2620671 ] } },
{ "type": "Feature", "properties": { "内容": "ケアプランたちばな【居宅介護支援】児玉郡上里町大字大御堂８０６－１", "url2": "https://www.kaigokensaku.mhlw.go.jp/11/index.php?action_kouhyou_detail_004_kani=true&JigyosyoCd=1174200061-00&ServiceCd=430&Type=search" }, "geometry": { "type": "Point", "coordinates": [ 139.124850299999906, 36.231469300000015 ] } },
{ "type": "Feature", "properties": { "内容": "ケアプランさわやか【居宅介護支援】埼玉県児玉郡上里町大字七本木2169番地9", "url2": "https://www.kaigokensaku.mhlw.go.jp/11/index.php?action_kouhyou_detail_004_kani=true&JigyosyoCd=1174201564-00&ServiceCd=430&Type=search" }, "geometry": { "type": "Point", "coordinates": [ 139.156151015344193, 36.245463405843005 ] } },
{ "type": "Feature", "properties": { "内容": "生協介護センターこだま【居宅介護支援】児玉郡上里町七本木3556-4アヴァンティメゾン102", "url2": "https://www.kaigokensaku.mhlw.go.jp/11/index.php?action_kouhyou_detail_004_kani=true&JigyosyoCd=1174200608-00&ServiceCd=430&Type=search" }, "geometry": { "type": "Point", "coordinates": [ 139.155759249919129, 36.241081363155999 ] } },
{ "type": "Feature", "properties": { "内容": "ケアプラン心の里【居宅介護支援】埼玉県児玉郡上里町大字七本木420番地", "url2": "https://www.kaigokensaku.mhlw.go.jp/11/index.php?action_kouhyou_detail_004_kani=true&JigyosyoCd=1174200004-00&ServiceCd=430&Type=search" }, "geometry": { "type": "Point", "coordinates": [ 139.1396737, 36.2391273 ] } },
{ "type": "Feature", "properties": { "内容": "ハピネスケアセンター【居宅介護支援】埼玉県児玉郡上里町神保原町354-2神保原ビル1階", "url2": "https://www.kaigokensaku.mhlw.go.jp/11/index.php?action_kouhyou_detail_004_kani=true&JigyosyoCd=1174201218-00&ServiceCd=430&Type=search" }, "geometry": { "type": "Point", "coordinates": [ 139.147722, 36.255193 ] } },
{ "type": "Feature", "properties": { "内容": "ヨコタ居宅介護事業所【居宅介護支援】大字勅使河原1281-5", "url2": "https://www.kaigokensaku.mhlw.go.jp/11/index.php?action_kouhyou_detail_004_kani=true&JigyosyoCd=1174201606-00&ServiceCd=430&Type=search" }, "geometry": { "type": "Point", "coordinates": [ 139.1306601, 36.2586225 ] } },
{ "type": "Feature", "properties": { "内容": "上里町社会福祉協議会居宅介護支援センター【居宅介護支援】埼玉県児玉郡上里町大字七本木5520番地", "url2": "https://www.kaigokensaku.mhlw.go.jp/11/index.php?action_kouhyou_detail_004_kani=true&JigyosyoCd=1174200285-00&ServiceCd=430&Type=search" }, "geometry": { "type": "Point", "coordinates": [ 139.144103944856596, 36.25171639803996 ] } },
{ "type": "Feature", "properties": { "内容": "グループホームあかつき【居宅介護支援】大里郡寄居町鉢形３１７９番地２", "url2": "https://www.kaigokensaku.mhlw.go.jp/11/index.php?action_kouhyou_detail_004_kani=true&JigyosyoCd=1174500478-00&ServiceCd=430&Type=search" }, "geometry": { "type": "Point", "coordinates": [ 139.197793, 36.0982709 ] } },
{ "type": "Feature", "properties": { "内容": "有限会社　城南サービス【居宅介護支援】埼玉県大里郡寄居町大字鉢形987番地", "url2": "https://www.kaigokensaku.mhlw.go.jp/11/index.php?action_kouhyou_detail_004_kani=true&JigyosyoCd=1174500585-00&ServiceCd=430&Type=search" }, "geometry": { "type": "Point", "coordinates": [ 139.202888900000062, 36.1089973 ] } },
{ "type": "Feature", "properties": { "内容": "居宅介護支援センター花ぞの【居宅介護支援】埼玉県大里郡寄居町大字用土2440-5", "url2": "https://www.kaigokensaku.mhlw.go.jp/11/index.php?action_kouhyou_detail_004_kani=true&JigyosyoCd=1174501476-00&ServiceCd=430&Type=search" }, "geometry": { "type": "Point", "coordinates": [ 139.2019775, 36.1553909 ] } },
{ "type": "Feature", "properties": { "内容": "おぶすまの里【居宅介護支援】埼玉県大里郡寄居町大字牟礼１５１０番地", "url2": "https://www.kaigokensaku.mhlw.go.jp/11/index.php?action_kouhyou_detail_004_kani=true&JigyosyoCd=1174500973-00&ServiceCd=430&Type=search" }, "geometry": { "type": "Point", "coordinates": [ 139.256695900000068, 36.1057799 ] } },
{ "type": "Feature", "properties": { "内容": "社会福祉法人　寄居町社会福祉協議会【居宅介護支援】埼玉県大里郡寄居町保田原３０１番地", "url2": "https://www.kaigokensaku.mhlw.go.jp/11/index.php?action_kouhyou_detail_004_kani=true&JigyosyoCd=1174500023-00&ServiceCd=430&Type=search" }, "geometry": { "type": "Point", "coordinates": [ 139.214995300000027, 36.1180324 ] } },
{ "type": "Feature", "properties": { "内容": "逍遥の郷居宅介護支援センター【居宅介護支援】埼玉県大里郡寄居町大字寄居1476番地", "url2": "https://www.kaigokensaku.mhlw.go.jp/11/index.php?action_kouhyou_detail_004_kani=true&JigyosyoCd=1174500510-00&ServiceCd=430&Type=search" }, "geometry": { "type": "Point", "coordinates": [ 139.190246685855527, 36.121174694139285 ] } },
{ "type": "Feature", "properties": { "内容": "ケアサポートうぐいす【居宅介護支援】埼玉県大里郡寄居町桜沢3573-1", "url2": "https://www.kaigokensaku.mhlw.go.jp/11/index.php?action_kouhyou_detail_004_kani=true&JigyosyoCd=1174501450-00&ServiceCd=430&Type=search" }, "geometry": { "type": "Point", "coordinates": [ 139.199433199999987, 36.1323967 ] } },
{ "type": "Feature", "properties": { "内容": "あきやま苑居宅介護支援センター【居宅介護支援】埼玉県大里郡寄居町大字秋山721", "url2": "https://www.kaigokensaku.mhlw.go.jp/11/index.php?action_kouhyou_detail_004_kani=true&JigyosyoCd=1174500387-00&ServiceCd=430&Type=search" }, "geometry": { "type": "Point", "coordinates": [ 139.1684626, 36.0971318 ] } },
{ "type": "Feature", "properties": { "内容": "介護サービスたんぽぽ【居宅介護支援】埼玉県大里郡寄居町寄居８８７－１", "url2": "https://www.kaigokensaku.mhlw.go.jp/11/index.php?action_kouhyou_detail_004_kani=true&JigyosyoCd=1174500916-00&ServiceCd=430&Type=search" }, "geometry": { "type": "Point", "coordinates": [ 139.196584288360555, 36.115719026659285 ] } },
{ "type": "Feature", "properties": { "内容": "介護老人保健施設やまざくら【居宅介護支援】埼玉県大里郡寄居町末野2109", "url2": "https://www.kaigokensaku.mhlw.go.jp/11/index.php?action_kouhyou_detail_004_kani=true&JigyosyoCd=1174500700-00&ServiceCd=430&Type=search" }, "geometry": { "type": "Point", "coordinates": [ 139.165133400000059, 36.124789 ] } },
{ "type": "Feature", "properties": { "内容": "株式会社よりい介護【居宅介護支援】埼玉県大里郡寄居町大字富田1758番地2", "url2": "https://www.kaigokensaku.mhlw.go.jp/11/index.php?action_kouhyou_detail_004_kani=true&JigyosyoCd=1174501575-00&ServiceCd=430&Type=search" }, "geometry": { "type": "Point", "coordinates": [ 139.23296670000002, 36.1080289 ] } },
{ "type": "Feature", "properties": { "内容": "居宅介護支援事業所リンク【居宅介護支援】埼玉県大里郡寄居町末野1710番地1", "url2": "https://www.kaigokensaku.mhlw.go.jp/11/index.php?action_kouhyou_detail_004_kani=true&JigyosyoCd=1174501641-00&ServiceCd=430&Type=search" }, "geometry": { "type": "Point", "coordinates": [ 139.176127, 36.1196231 ] } },
{ "type": "Feature", "properties": { "内容": "寄居ケアプラン【居宅介護支援】埼玉県大里郡寄居町大字赤浜2770-2", "url2": "https://www.kaigokensaku.mhlw.go.jp/11/index.php?action_kouhyou_detail_004_kani=true&JigyosyoCd=1174500064-00&ServiceCd=430&Type=search" }, "geometry": { "type": "Point", "coordinates": [ 139.266622, 36.1183947 ] } },
{ "type": "Feature", "properties": { "内容": "宮代町社会福祉協議会【居宅介護支援】埼玉県南埼玉郡宮代町字西原278", "url2": "https://www.kaigokensaku.mhlw.go.jp/11/index.php?action_kouhyou_detail_004_kani=true&JigyosyoCd=1170500019-00&ServiceCd=430&Type=search" }, "geometry": { "type": "Point", "coordinates": [ 139.725966199999988, 36.0100847 ] } },
{ "type": "Feature", "properties": { "内容": "公設宮代福祉医療センター在宅介護支援センター六花【居宅介護支援】埼玉県南埼玉郡宮代町大字須賀177", "url2": "https://www.kaigokensaku.mhlw.go.jp/11/index.php?action_kouhyou_detail_004_kani=true&JigyosyoCd=1170500423-00&ServiceCd=430&Type=search" }, "geometry": { "type": "Point", "coordinates": [ 139.719265490737939, 36.021099938744015 ] } },
{ "type": "Feature", "properties": { "内容": "指定居宅介護支援事業所みどりの森【居宅介護支援】埼玉県南埼玉郡宮代町和戸１７８０－１特別養護老人ホームみどりの森", "url2": "https://www.kaigokensaku.mhlw.go.jp/11/index.php?action_kouhyou_detail_004_kani=true&JigyosyoCd=1170500035-00&ServiceCd=430&Type=search" }, "geometry": { "type": "Point", "coordinates": [ 139.695075, 36.055188 ] } },
{ "type": "Feature", "properties": { "内容": "あいあい【居宅介護支援】南埼玉郡宮代町川端3－8－25きらり姫宮", "url2": "https://www.kaigokensaku.mhlw.go.jp/11/index.php?action_kouhyou_detail_004_kani=true&JigyosyoCd=1170500456-00&ServiceCd=430&Type=search" }, "geometry": { "type": "Point", "coordinates": [ 139.7420651, 36.0031978 ] } },
{ "type": "Feature", "properties": { "内容": "もみの木居宅介護支援センター【居宅介護支援】南埼玉郡宮代町道佛3-17-14", "url2": "https://www.kaigokensaku.mhlw.go.jp/11/index.php?action_kouhyou_detail_004_kani=true&JigyosyoCd=1170500076-00&ServiceCd=430&Type=search" }, "geometry": { "type": "Point", "coordinates": [ 139.7315734, 36.0147908 ] } },
{ "type": "Feature", "properties": { "内容": "ケアウエスト介護相談センター【居宅介護支援】埼玉県南埼玉郡宮代町西粂原５９９－１", "url2": "https://www.kaigokensaku.mhlw.go.jp/11/index.php?action_kouhyou_detail_004_kani=true&JigyosyoCd=1170500985-00&ServiceCd=430&Type=search" }, "geometry": { "type": "Point", "coordinates": [ 139.691987499999982, 36.0340071 ] } },
{ "type": "Feature", "properties": { "内容": "医療法人社団　一恵会　はーとぴあ【居宅介護支援】埼玉県南埼玉郡宮代町字山崎472番地", "url2": "https://www.kaigokensaku.mhlw.go.jp/11/index.php?action_kouhyou_detail_004_kani=true&JigyosyoCd=1170500522-00&ServiceCd=430&Type=search" }, "geometry": { "type": "Point", "coordinates": [ 139.724828113491867, 36.012182268431289 ] } },
{ "type": "Feature", "properties": { "内容": "わたぼうし【居宅介護支援】南埼玉郡宮代町笠原2-5-23", "url2": "https://www.kaigokensaku.mhlw.go.jp/11/index.php?action_kouhyou_detail_004_kani=true&JigyosyoCd=1160590034-00&ServiceCd=430&Type=search" }, "geometry": { "type": "Point", "coordinates": [ 139.72511, 36.0203347 ] } },
{ "type": "Feature", "properties": { "内容": "ケアプラン　リンク【居宅介護支援】埼玉県南埼玉郡宮代町本田4-9-15", "url2": "https://www.kaigokensaku.mhlw.go.jp/11/index.php?action_kouhyou_detail_004_kani=true&JigyosyoCd=1170501090-00&ServiceCd=430&Type=search" }, "geometry": { "type": "Point", "coordinates": [ 139.720257972197118, 36.023509744259776 ] } },
{ "type": "Feature", "properties": { "内容": "幸せの羽ケアマネジメント【居宅介護支援】埼玉県北葛飾郡杉戸町堤根4436番地1号麻雀シモン　1階", "url2": "https://www.kaigokensaku.mhlw.go.jp/11/index.php?action_kouhyou_detail_004_kani=true&JigyosyoCd=1171101957-00&ServiceCd=430&Type=search" }, "geometry": { "type": "Point", "coordinates": [ 139.746601065908749, 36.019145554121124 ] } },
{ "type": "Feature", "properties": { "内容": "杉戸町社会福祉協議会居宅介護支援事業所【居宅介護支援】北葛飾郡杉戸町大字堤根４７４２番地１杉戸町彩の国いきいきセンターすぎとピア内", "url2": "https://www.kaigokensaku.mhlw.go.jp/11/index.php?action_kouhyou_detail_004_kani=true&JigyosyoCd=1171101064-00&ServiceCd=430&Type=search" }, "geometry": { "type": "Point", "coordinates": [ 139.744633799999974, 36.0226097 ] } },
{ "type": "Feature", "properties": { "内容": "社会福祉法人博心会　清風園居宅介護支援事業所【居宅介護支援】埼玉県北葛飾郡杉戸町本郷４１９番清風園　特別養護老人ホーム", "url2": "https://www.kaigokensaku.mhlw.go.jp/11/index.php?action_kouhyou_detail_004_kani=true&JigyosyoCd=1171101783-00&ServiceCd=430&Type=search" }, "geometry": { "type": "Point", "coordinates": [ 139.7571524, 36.0064023 ] } },
{ "type": "Feature", "properties": { "内容": "はなみずき居宅介護支援事業所【居宅介護支援】埼玉県北葛飾郡杉戸町高野台西1-16-11", "url2": "https://www.kaigokensaku.mhlw.go.jp/11/index.php?action_kouhyou_detail_004_kani=true&JigyosyoCd=1171100934-00&ServiceCd=430&Type=search" }, "geometry": { "type": "Point", "coordinates": [ 139.7126394, 36.054511500000011 ] } },
{ "type": "Feature", "properties": { "内容": "ケアネット東埼玉　あゆみ【居宅介護支援】埼玉県北葛飾郡杉戸町清地2-1-2", "url2": "https://www.kaigokensaku.mhlw.go.jp/11/index.php?action_kouhyou_detail_004_kani=true&JigyosyoCd=1171101452-00&ServiceCd=430&Type=search" }, "geometry": { "type": "Point", "coordinates": [ 139.735995300000013, 36.0270397 ] } },
{ "type": "Feature", "properties": { "内容": "ケアネット東埼玉　こころ【居宅介護支援】埼玉県北葛飾郡杉戸町清地2-1-2", "url2": "https://www.kaigokensaku.mhlw.go.jp/11/index.php?action_kouhyou_detail_004_kani=true&JigyosyoCd=1171101502-00&ServiceCd=430&Type=search" }, "geometry": { "type": "Point", "coordinates": [ 139.735995300000013, 36.0270397 ] } },
{ "type": "Feature", "properties": { "内容": "高野台介護支援センター【居宅介護支援】埼玉県北葛飾郡杉戸町下野435", "url2": "https://www.kaigokensaku.mhlw.go.jp/11/index.php?action_kouhyou_detail_004_kani=true&JigyosyoCd=1171101734-00&ServiceCd=430&Type=search" }, "geometry": { "type": "Point", "coordinates": [ 139.7056298, 36.0549938 ] } },
{ "type": "Feature", "properties": { "内容": "株式会社　せいりん舎　　　ケアプラン　　わたや【居宅介護支援】埼玉県北葛飾郡杉戸町清地3-8-22", "url2": "https://www.kaigokensaku.mhlw.go.jp/11/index.php?action_kouhyou_detail_004_kani=true&JigyosyoCd=1171102047-00&ServiceCd=430&Type=search" }, "geometry": { "type": "Point", "coordinates": [ 139.740046400000011, 36.0233916 ] } },
{ "type": "Feature", "properties": { "内容": "ケアパートナーうちだ【居宅介護支援】埼玉県北葛飾郡杉戸町2828番地65", "url2": "https://www.kaigokensaku.mhlw.go.jp/11/index.php?action_kouhyou_detail_004_kani=true&JigyosyoCd=1171101932-00&ServiceCd=430&Type=search" }, "geometry": { "type": "Point", "coordinates": [ 139.730621923293029, 36.040416288189242 ] } },
{ "type": "Feature", "properties": { "内容": "居宅介護支援事業所　さとうきび畑【居宅介護支援】埼玉県北葛飾郡松伏町大字築比地４６－４３", "url2": "https://www.kaigokensaku.mhlw.go.jp/11/index.php?action_kouhyou_detail_004_kani=true&JigyosyoCd=1171101544-00&ServiceCd=430&Type=search" }, "geometry": { "type": "Point", "coordinates": [ 139.837152, 35.9472603 ] } },
{ "type": "Feature", "properties": { "内容": "ケアプランゆうゆう【居宅介護支援】埼玉県北葛飾郡松伏町松葉1-1-24", "url2": "https://www.kaigokensaku.mhlw.go.jp/11/index.php?action_kouhyou_detail_004_kani=true&JigyosyoCd=1171101643-00&ServiceCd=430&Type=search" }, "geometry": { "type": "Point", "coordinates": [ 139.819869499999982, 35.9253736 ] } },
{ "type": "Feature", "properties": { "内容": "社会福祉法人松伏町社会福祉協議会【居宅介護支援】埼玉県北葛飾郡松伏町松伏357松伏町ふれあいセンターかがやき", "url2": "https://www.kaigokensaku.mhlw.go.jp/11/index.php?action_kouhyou_detail_004_kani=true&JigyosyoCd=1171100017-00&ServiceCd=430&Type=search" }, "geometry": { "type": "Point", "coordinates": [ 139.8252185, 35.932978 ] } },
{ "type": "Feature", "properties": { "内容": "介護センターふるさと【居宅介護支援】埼玉県北葛飾郡松伏町上赤岩７５２－１", "url2": "https://www.kaigokensaku.mhlw.go.jp/11/index.php?action_kouhyou_detail_004_kani=true&JigyosyoCd=1171100025-00&ServiceCd=430&Type=search" }, "geometry": { "type": "Point", "coordinates": [ 139.822222600000032, 35.9153949 ] } },
{ "type": "Feature", "properties": { "内容": "松伏ケアマネステーション【居宅介護支援】埼玉県北葛飾郡松伏町田中1-2-2", "url2": "https://www.kaigokensaku.mhlw.go.jp/11/index.php?action_kouhyou_detail_004_kani=true&JigyosyoCd=1171101924-00&ServiceCd=430&Type=search" }, "geometry": { "type": "Point", "coordinates": [ 139.8145667, 35.92632110000001 ] } },
{ "type": "Feature", "properties": { "内容": "なのはなの里【居宅介護支援】埼玉県北葛飾郡松伏町金杉1908", "url2": "https://www.kaigokensaku.mhlw.go.jp/11/index.php?action_kouhyou_detail_004_kani=true&JigyosyoCd=1171100942-00&ServiceCd=430&Type=search" }, "geometry": { "type": "Point", "coordinates": [ 139.826379, 35.9474285 ] } },
{ "type": "Feature", "properties": { "内容": "株式会社みどりの丘ケアセンター【居宅介護支援】埼玉県北葛飾郡松伏町松伏2837-6", "url2": "https://www.kaigokensaku.mhlw.go.jp/11/index.php?action_kouhyou_detail_004_kani=true&JigyosyoCd=1171101700-00&ServiceCd=430&Type=search" }, "geometry": { "type": "Point", "coordinates": [ 139.814938526003033, 35.921813949605763 ] } }
]
}
