{
"type": "FeatureCollection",
"name": "geo_11_1",
"crs": { "type": "name", "properties": { "name": "urn:ogc:def:crs:OGC:1.3:CRS84" } },
"features": [
{ "type": "Feature", "properties": { "ID": 1111100001500, "正式名称": "川口市立医療センター", "機関区分": 1, "都道府県コード": 11, "市区町村コード": 203, "所在地": "埼玉県川口市西新井宿１８０", "緯度": 35.843237, "経度": 139.730544, "url": "https://www.iryou.teikyouseido.mhlw.go.jp/znk-web/juminkanja/S2430/initialize?prefCd=11&kikanCd=1100001500&kikanKbn=1", "url2": "https://kawaguchi-mmc.org/", "内容": "川口市立医療センター【1:病院】【診療科目:内科_血液内科_糖尿病・内分泌内科_脳神経内科_呼吸器内科_循環器内科_消化器内科_腎臓内科_緩和ケア内科_外科_脳神経外科_呼吸器外科_心臓血管外科_消化器外科_乳腺外科_整形外科_形成外科_小児科_小児外科_産婦人科_眼科_耳鼻いんこう科_皮膚科_泌尿器科_精神科_歯科口腔外科_リハビリテーション科_放射線科_病理診断科_麻酔科】【一般病床数:510療養病床数:0精神病床数:0感染症病床数:0合計病床数:510】埼玉県川口市西新井宿１８０" }, "geometry": { "type": "Point", "coordinates": [ 139.730544, 35.843237 ] } },
{ "type": "Feature", "properties": { "ID": 1111100001509, "正式名称": "川口きゅうぽらリハビリテーション病院", "機関区分": 1, "都道府県コード": 11, "市区町村コード": 203, "所在地": "埼玉県川口市上青木西１丁目２０番６号", "緯度": 35.82368, "経度": 139.71246, "url": "https://www.iryou.teikyouseido.mhlw.go.jp/znk-web/juminkanja/S2430/initialize?prefCd=11&kikanCd=1100001509&kikanKbn=1", "url2": "https://www.kyukokai.com/kyukokai/kyupora/", "内容": "川口きゅうぽらリハビリテーション病院【1:病院】【診療科目:内科_内分泌内科_脳神経内科_呼吸器内科_循環器内科_消化器内科_脳卒中内科_脳神経外科_整形外科_歯科_リハビリテーション科】【一般病床数:136療養病床数:0精神病床数:0感染症病床数:0合計病床数:180】埼玉県川口市上青木西１丁目２０番６号" }, "geometry": { "type": "Point", "coordinates": [ 139.71246, 35.82368 ] } },
{ "type": "Feature", "properties": { "ID": 1111100002300, "正式名称": "社会福祉法人恩賜財団済生会支部埼玉県済生会川口総合病院", "機関区分": 1, "都道府県コード": 11, "市区町村コード": 203, "所在地": "埼玉県川口市西川口５－１１－５", "緯度": 35.809599, "経度": 139.703203, "url": "https://www.iryou.teikyouseido.mhlw.go.jp/znk-web/juminkanja/S2430/initialize?prefCd=11&kikanCd=1100002300&kikanKbn=1", "url2": "https://www.saiseikai.gr.jp/", "内容": "社会福祉法人恩賜財団済生会支部埼玉県済生会川口総合病院【1:病院】【診療科目:内科_糖尿病・内分泌内科_呼吸器内科_循環器内科_消化器内科_腎臓内科_神経内科_腫瘍内科_外科_脳神経外科_呼吸器外科_血管外科_心臓外科_整形外科_小児科_産婦人科_眼科_耳鼻いんこう科_皮膚科_泌尿器科_精神科_リハビリテーション科_放射線科_病理診断科_臨床検査科_麻酔科】【一般病床数:424療養病床数:0精神病床数:0感染症病床数:0合計病床数:424】埼玉県川口市西川口５－１１－５" }, "geometry": { "type": "Point", "coordinates": [ 139.703203, 35.809599 ] } },
{ "type": "Feature", "properties": { "ID": 1111100002609, "正式名称": "ふれあい生協病院", "機関区分": 1, "都道府県コード": 11, "市区町村コード": 203, "所在地": "埼玉県川口市木曽呂１３０２－１", "緯度": 35.860951, "経度": 139.716942, "url": "https://www.iryou.teikyouseido.mhlw.go.jp/znk-web/juminkanja/S2430/initialize?prefCd=11&kikanCd=1100002609&kikanKbn=1", "url2": "https://fureai-hp.com/", "内容": "ふれあい生協病院【1:病院】【診療科目:内科_糖尿病内科_糖尿病・代謝内科_脳神経内科_呼吸器内科_循環器内科_消化器内科_神経内科_外科_脳神経外科_小児科_眼科_耳鼻いんこう科_皮膚科_泌尿器科】【一般病床数:54療養病床数:0精神病床数:0感染症病床数:0合計病床数:54】埼玉県川口市木曽呂１３０２－１" }, "geometry": { "type": "Point", "coordinates": [ 139.716942, 35.860951 ] } },
{ "type": "Feature", "properties": { "ID": 1111100003100, "正式名称": "社会医療法人新青会　川口工業総合病院", "機関区分": 1, "都道府県コード": 11, "市区町村コード": 203, "所在地": "埼玉県川口市青木１－１８－１５", "緯度": 35.803747, "経度": 139.730815, "url": "https://www.iryou.teikyouseido.mhlw.go.jp/znk-web/juminkanja/S2430/initialize?prefCd=11&kikanCd=1100003100&kikanKbn=1", "url2": "http://www.kogyohsp.gr.jp", "内容": "社会医療法人新青会　川口工業総合病院【1:病院】【診療科目:内科_循環器内科_消化器内科_神経内科_ペインクリニック内科_外科_消化器外科_整形外科_眼科_皮膚科_泌尿器科_リウマチ科_リハビリテーション科_放射線科_救急科_麻酔科】【一般病床数:199療養病床数:0精神病床数:0感染症病床数:0合計病床数:199】埼玉県川口市青木１－１８－１５" }, "geometry": { "type": "Point", "coordinates": [ 139.730815, 35.803747 ] } },
{ "type": "Feature", "properties": { "ID": 1111100003907, "正式名称": "医療法人社団美誠会　荻島あかり病院", "機関区分": 1, "都道府県コード": 11, "市区町村コード": 222, "所在地": "埼玉県越谷市南荻島４８５－１", "緯度": 35.892275, "経度": 139.832299, "url": "https://www.iryou.teikyouseido.mhlw.go.jp/znk-web/juminkanja/S2430/initialize?prefCd=11&kikanCd=1100003907&kikanKbn=1", "url2": "https://ogishimaakari-hp.com/", "内容": "医療法人社団美誠会　荻島あかり病院【1:病院】【診療科目:内科_リハビリテーション科】【一般病床数:0療養病床数:150精神病床数:0感染症病床数:0合計病床数:150】埼玉県越谷市南荻島４８５－１" }, "geometry": { "type": "Point", "coordinates": [ 139.832299, 35.892275 ] } },
{ "type": "Feature", "properties": { "ID": 1111100004000, "正式名称": "医療法人高仁会　川口病院", "機関区分": 1, "都道府県コード": 11, "市区町村コード": 203, "所在地": "埼玉県川口市西川口６－１７－３４", "緯度": 35.807399, "経度": 139.699498, "url": "https://www.iryou.teikyouseido.mhlw.go.jp/znk-web/juminkanja/S2430/initialize?prefCd=11&kikanCd=1100004000&kikanKbn=1", "url2": "http://www.koujinkai.or.jp/kawa/", "内容": "医療法人高仁会　川口病院【1:病院】【診療科目:内科_精神科_神経科_心療内科_老年精神科】【一般病床数:0療養病床数:0精神病床数:198感染症病床数:0合計病床数:198】埼玉県川口市西川口６－１７－３４" }, "geometry": { "type": "Point", "coordinates": [ 139.699498, 35.807399 ] } },
{ "type": "Feature", "properties": { "ID": 1111100005800, "正式名称": "医療法人安東病院", "機関区分": 1, "都道府県コード": 11, "市区町村コード": 203, "所在地": "埼玉県川口市芝３丁目７番１２号", "緯度": 35.836246, "経度": 139.695594, "url": "https://www.iryou.teikyouseido.mhlw.go.jp/znk-web/juminkanja/S2430/initialize?prefCd=11&kikanCd=1100005800&kikanKbn=1", "url2": "http://ando-hospital.jp/", "内容": "医療法人安東病院【1:病院】【診療科目:内科_循環器内科_消化器内科_外科_整形外科_皮膚科_リハビリテーション科】【一般病床数:74療養病床数:30精神病床数:0感染症病床数:0合計病床数:104】埼玉県川口市芝３丁目７番１２号" }, "geometry": { "type": "Point", "coordinates": [ 139.695594, 35.836246 ] } },
{ "type": "Feature", "properties": { "ID": 1111100006600, "正式名称": "医療法人健仁会　益子病院", "機関区分": 1, "都道府県コード": 11, "市区町村コード": 203, "所在地": "埼玉県川口市芝中田２丁目４８番６号", "緯度": 35.827397, "経度": 139.705994, "url": "https://www.iryou.teikyouseido.mhlw.go.jp/znk-web/juminkanja/S2430/initialize?prefCd=11&kikanCd=1100006600&kikanKbn=1", "url2": "http://www.masiko.or.jp/", "内容": "医療法人健仁会　益子病院【1:病院】【診療科目:内科_循環器内科_消化器内科_腎臓内科_内視鏡内科_外科_心臓血管外科_乳腺外科_内視鏡外科_整形外科_小児科_泌尿器科_リハビリテーション科_救急科_麻酔科】【一般病床数:115療養病床数:0精神病床数:0感染症病床数:0合計病床数:115】埼玉県川口市芝中田２丁目４８番６号" }, "geometry": { "type": "Point", "coordinates": [ 139.705994, 35.827397 ] } },
{ "type": "Feature", "properties": { "ID": 1111100008200, "正式名称": "医療法人刀水会　齋藤記念病院", "機関区分": 1, "都道府県コード": 11, "市区町村コード": 203, "所在地": "埼玉県川口市並木４－６－６", "緯度": 35.820639, "経度": 139.70773, "url": "https://www.iryou.teikyouseido.mhlw.go.jp/znk-web/juminkanja/S2430/initialize?prefCd=11&kikanCd=1100008200&kikanKbn=1", "url2": "https://www.saito-kinen.or.jp", "内容": "医療法人刀水会　齋藤記念病院【1:病院】【診療科目:内科_呼吸器内科_循環器内科_腎臓内科_脳神経内科_外科_血管外科_心臓血管外科_整形外科_胃腸科_泌尿器科】【一般病床数:0療養病床数:60精神病床数:0感染症病床数:0合計病床数:60】埼玉県川口市並木４－６－６" }, "geometry": { "type": "Point", "coordinates": [ 139.70773, 35.820639 ] } },
{ "type": "Feature", "properties": { "ID": 1111100009000, "正式名称": "社会医療法人社団大成会　武南病院", "機関区分": 1, "都道府県コード": 11, "市区町村コード": 203, "所在地": "埼玉県川口市東本郷", "緯度": 35.824832, "経度": 139.760128, "url": "https://www.iryou.teikyouseido.mhlw.go.jp/znk-web/juminkanja/S2430/initialize?prefCd=11&kikanCd=1100009000&kikanKbn=1", "url2": "http://www.bunan.jp", "内容": "社会医療法人社団大成会　武南病院【1:病院】【診療科目:内科_外科_脳神経外科_整形外科_皮膚科_リハビリテーション科】【一般病床数:94療養病床数:141精神病床数:0感染症病床数:0合計病床数:235】埼玉県川口市東本郷" }, "geometry": { "type": "Point", "coordinates": [ 139.760128, 35.824832 ] } },
{ "type": "Feature", "properties": { "ID": 1111100010400, "正式名称": "寿康会病院", "機関区分": 1, "都道府県コード": 11, "市区町村コード": 203, "所在地": "埼玉県川口市西青木２－１５－１０", "緯度": 35.816307, "経度": 139.71481, "url": "https://www.iryou.teikyouseido.mhlw.go.jp/znk-web/juminkanja/S2430/initialize?prefCd=11&kikanCd=1100010400&kikanKbn=1", "url2": "http://www.jukoukai-hp.or.jp", "内容": "寿康会病院【1:病院】【診療科目:内科_循環器内科_胃腸内科_外科_肛門外科_整形外科_リウマチ科_リハビリテーション科】【一般病床数:27療養病床数:44精神病床数:0感染症病床数:0合計病床数:71】埼玉県川口市西青木２－１５－１０" }, "geometry": { "type": "Point", "coordinates": [ 139.71481, 35.816307 ] } },
{ "type": "Feature", "properties": { "ID": 1111100012000, "正式名称": "医療法人誠朗会　上野病院", "機関区分": 1, "都道府県コード": 11, "市区町村コード": 203, "所在地": "埼玉県川口市西青木１－９－３０", "緯度": 35.814971, "経度": 139.715788, "url": "https://www.iryou.teikyouseido.mhlw.go.jp/znk-web/juminkanja/S2430/initialize?prefCd=11&kikanCd=1100012000&kikanKbn=1", "url2": "https://ueno-hospital.net", "内容": "医療法人誠朗会　上野病院【1:病院】【診療科目:内科_脳神経内科】【一般病床数:0療養病床数:51精神病床数:0感染症病床数:0合計病床数:51】埼玉県川口市西青木１－９－３０" }, "geometry": { "type": "Point", "coordinates": [ 139.715788, 35.814971 ] } },
{ "type": "Feature", "properties": { "ID": 1111100013900, "正式名称": "医療法人千葉外科内科病院", "機関区分": 1, "都道府県コード": 11, "市区町村コード": 203, "所在地": "埼玉県川口市原町４番４１号", "緯度": 35.802641, "経度": 139.707837, "url": "https://www.iryou.teikyouseido.mhlw.go.jp/znk-web/juminkanja/S2430/initialize?prefCd=11&kikanCd=1100013900&kikanKbn=1", "url2": "https://chibageka.jp/", "内容": "医療法人千葉外科内科病院【1:病院】【診療科目:内科_循環器内科_胃腸内科_外科_肛門外科_整形外科_小児外科】【一般病床数:32療養病床数:0精神病床数:0感染症病床数:0合計病床数:32】埼玉県川口市原町４番４１号" }, "geometry": { "type": "Point", "coordinates": [ 139.707837, 35.802641 ] } },
{ "type": "Feature", "properties": { "ID": 1111100014700, "正式名称": "医療法人社団協友会　東川口病院", "機関区分": 1, "都道府県コード": 11, "市区町村コード": 203, "所在地": "埼玉県川口市東川口", "緯度": 35.877253, "経度": 139.74723, "url": "https://www.iryou.teikyouseido.mhlw.go.jp/znk-web/juminkanja/S2430/initialize?prefCd=11&kikanCd=1100014700&kikanKbn=1", "url2": "http://www.e-kawaguchi-hp.jp/", "内容": "医療法人社団協友会　東川口病院【1:病院】【診療科目:内科_呼吸器内科_循環器内科_消化器内科_人工透析内科_外科_脳神経外科_整形外科_耳鼻いんこう科_皮膚科_泌尿器科_リハビリテーション科_放射線科_麻酔科】【一般病床数:198療養病床数:0精神病床数:0感染症病床数:0合計病床数:198】埼玉県川口市東川口" }, "geometry": { "type": "Point", "coordinates": [ 139.74723, 35.877253 ] } },
{ "type": "Feature", "properties": { "ID": 1111100016300, "正式名称": "医療法人三誠会　川口誠和病院", "機関区分": 1, "都道府県コード": 11, "市区町村コード": 203, "所在地": "埼玉県川口市江戸３－３５－４６", "緯度": 35.819726, "経度": 139.755226, "url": "https://www.iryou.teikyouseido.mhlw.go.jp/znk-web/juminkanja/S2430/initialize?prefCd=11&kikanCd=1100016300&kikanKbn=1", "url2": "https://www.kawaguchi-seiwa-hp.com/index.html", "内容": "医療法人三誠会　川口誠和病院【1:病院】【診療科目:内科_糖尿病内科_呼吸器内科_循環器内科_胃腸内科_外科_脳神経外科_肛門外科_整形外科_婦人科_泌尿器科_リハビリテーション科_放射線科】【一般病床数:48療養病床数:52精神病床数:0感染症病床数:0合計病床数:100】埼玉県川口市江戸３－３５－４６" }, "geometry": { "type": "Point", "coordinates": [ 139.755226, 35.819726 ] } },
{ "type": "Feature", "properties": { "ID": 1111100017100, "正式名称": "埼玉協同病院", "機関区分": 1, "都道府県コード": 11, "市区町村コード": 203, "所在地": "埼玉県川口市木曽呂１３１７", "緯度": 35.860163, "経度": 139.716061, "url": "https://www.iryou.teikyouseido.mhlw.go.jp/znk-web/juminkanja/S2430/initialize?prefCd=11&kikanCd=1100017100&kikanKbn=1", "url2": "http://www.kyoudou-hp.com", "内容": "埼玉協同病院【1:病院】【診療科目:内科_血液内科_糖尿病内科_脳神経内科_呼吸器内科_循環器内科_消化器内科_腎臓内科_緩和ケア内科_外科_脳神経外科_呼吸器外科_消化器外科_乳腺外科_整形外科_緩和ケア外科_小児科_産婦人科_眼科_耳鼻いんこう科_皮膚科_泌尿器科_精神科_リウマチ科_リハビリテーション科_放射線科_病理診断科_臨床検査科_救急科_麻酔科】【一般病床数:377療養病床数:0精神病床数:0感染症病床数:0合計病床数:377】埼玉県川口市木曽呂１３１７" }, "geometry": { "type": "Point", "coordinates": [ 139.716061, 35.860163 ] } },
{ "type": "Feature", "properties": { "ID": 1111100018000, "正式名称": "医療法人厚和会　河合病院", "機関区分": 1, "都道府県コード": 11, "市区町村コード": 203, "所在地": "埼玉県川口市領家３−６−７", "緯度": 35.793818, "経度": 139.747967, "url": "https://www.iryou.teikyouseido.mhlw.go.jp/znk-web/juminkanja/S2430/initialize?prefCd=11&kikanCd=1100018000&kikanKbn=1", "url2": "http://www.kawai-hospital.jp", "内容": "医療法人厚和会　河合病院【1:病院】【診療科目:内科_呼吸器内科_消化器内科_内視鏡内科_外科_脳神経外科_胃腸外科_肝臓・胆のう・膵臓外科_乳腺外科_整形外科_皮膚科】【一般病床数:52療養病床数:56精神病床数:0感染症病床数:0合計病床数:108】埼玉県川口市領家３−６−７" }, "geometry": { "type": "Point", "coordinates": [ 139.747967, 35.793818 ] } },
{ "type": "Feature", "properties": { "ID": 1111100019800, "正式名称": "医療法人社団桐和会　タムスさくら病院川口", "機関区分": 1, "都道府県コード": 11, "市区町村コード": 203, "所在地": "埼玉県川口市神戸", "緯度": 35.852581, "経度": 139.724683, "url": "https://www.iryou.teikyouseido.mhlw.go.jp/znk-web/juminkanja/S2430/initialize?prefCd=11&kikanCd=1100019800&kikanKbn=1", "url2": "http://www.kawaguchi-sakura.jp/", "内容": "医療法人社団桐和会　タムスさくら病院川口【1:病院】【診療科目:内科_精神科_リハビリテーション科】【一般病床数:150療養病床数:0精神病床数:240感染症病床数:0合計病床数:390】埼玉県川口市神戸" }, "geometry": { "type": "Point", "coordinates": [ 139.724683, 35.852581 ] } },
{ "type": "Feature", "properties": { "ID": 1111100020100, "正式名称": "医療法人社団敬寿会　川口北部リハビリテーション病院", "機関区分": 1, "都道府県コード": 11, "市区町村コード": 203, "所在地": "埼玉県川口市大字道合６００ー１", "緯度": 35.848216, "経度": 139.716788, "url": "https://www.iryou.teikyouseido.mhlw.go.jp/znk-web/juminkanja/S2430/initialize?prefCd=11&kikanCd=1100020100&kikanKbn=1", "url2": "https://keijukai.or.jp/", "内容": "医療法人社団敬寿会　川口北部リハビリテーション病院【1:病院】【診療科目:内科_呼吸器内科_神経内科_ペインクリニック内科_リハビリテーション科】【一般病床数:0療養病床数:60精神病床数:0感染症病床数:0合計病床数:60】埼玉県川口市大字道合６００ー１" }, "geometry": { "type": "Point", "coordinates": [ 139.716788, 35.848216 ] } },
{ "type": "Feature", "properties": { "ID": 1111100021000, "正式名称": "医療法人今井病院", "機関区分": 1, "都道府県コード": 11, "市区町村コード": 223, "所在地": "埼玉県蕨市塚越７－３４－２", "緯度": 35.820001, "経度": 139.70565, "url": "https://www.iryou.teikyouseido.mhlw.go.jp/znk-web/juminkanja/S2430/initialize?prefCd=11&kikanCd=1100021000&kikanKbn=1", "url2": "https://imai-hp.com/", "内容": "医療法人今井病院【1:病院】【診療科目:内科_循環器内科_消化器内科_人工透析内科_外科_整形外科_小児科_リハビリテーション科_放射線科】【一般病床数:0療養病床数:46精神病床数:0感染症病床数:0合計病床数:46】埼玉県蕨市塚越７－３４－２" }, "geometry": { "type": "Point", "coordinates": [ 139.70565, 35.820001 ] } },
{ "type": "Feature", "properties": { "ID": 1111100022800, "正式名称": "蕨市立病院", "機関区分": 1, "都道府県コード": 11, "市区町村コード": 223, "所在地": "埼玉県蕨市北町", "緯度": 35.828171, "経度": 139.680046, "url": "https://www.iryou.teikyouseido.mhlw.go.jp/znk-web/juminkanja/S2430/initialize?prefCd=11&kikanCd=1100022800&kikanKbn=1", "url2": "https://www.city.warabi.saitama.jp/hospital/index.html", "内容": "蕨市立病院【1:病院】【診療科目:内科_外科_整形外科_小児科_産婦人科_眼科_耳鼻いんこう科】【一般病床数:130療養病床数:0精神病床数:0感染症病床数:0合計病床数:130】埼玉県蕨市北町" }, "geometry": { "type": "Point", "coordinates": [ 139.680046, 35.828171 ] } },
{ "type": "Feature", "properties": { "ID": 1111100023600, "正式名称": "ＬｅＭｏｎみんなの病院", "機関区分": 1, "都道府県コード": 11, "市区町村コード": 224, "所在地": "埼玉県戸田市笹目南町２０番１６号", "緯度": 35.812937, "経度": 139.652724, "url": "https://www.iryou.teikyouseido.mhlw.go.jp/znk-web/juminkanja/S2430/initialize?prefCd=11&kikanCd=1100023600&kikanKbn=1", "url2": "http://www.kodaira.life", "内容": "ＬｅＭｏｎみんなの病院【1:病院】【診療科目:内科_糖尿病内科_循環器内科_消化器内科_神経内科_腫瘍内科_緩和ケア内科_外科_乳腺外科_整形外科_形成外科_リハビリテーション科】【一般病床数:44療養病床数:0精神病床数:0感染症病床数:0合計病床数:44】埼玉県戸田市笹目南町２０番１６号" }, "geometry": { "type": "Point", "coordinates": [ 139.652724, 35.812937 ] } },
{ "type": "Feature", "properties": { "ID": 1111100024400, "正式名称": "医療法人高仁会　戸田病院", "機関区分": 1, "都道府県コード": 11, "市区町村コード": 224, "所在地": "埼玉県戸田市新曽南３－４－２５", "緯度": 35.803702, "経度": 139.670265, "url": "https://www.iryou.teikyouseido.mhlw.go.jp/znk-web/juminkanja/S2430/initialize?prefCd=11&kikanCd=1100024400&kikanKbn=1", "url2": "https://toda-hp.jp/", "内容": "医療法人高仁会　戸田病院【1:病院】【診療科目:内科_精神科】【一般病床数:0療養病床数:0精神病床数:550感染症病床数:0合計病床数:550】埼玉県戸田市新曽南３－４－２５" }, "geometry": { "type": "Point", "coordinates": [ 139.670265, 35.803702 ] } },
{ "type": "Feature", "properties": { "ID": 1111100025200, "正式名称": "医療法人社団東光会　戸田中央産院", "機関区分": 1, "都道府県コード": 11, "市区町村コード": 224, "所在地": "埼玉県戸田市上戸田２－２６－３", "緯度": 35.813701, "経度": 139.680119, "url": "https://www.iryou.teikyouseido.mhlw.go.jp/znk-web/juminkanja/S2430/initialize?prefCd=11&kikanCd=1100025200&kikanKbn=1", "url2": "http://www.todasanin.jp/", "内容": "医療法人社団東光会　戸田中央産院【1:病院】【診療科目:小児科_産婦人科】【一般病床数:62療養病床数:0精神病床数:0感染症病床数:0合計病床数:62】埼玉県戸田市上戸田２－２６－３" }, "geometry": { "type": "Point", "coordinates": [ 139.680119, 35.813701 ] } },
{ "type": "Feature", "properties": { "ID": 1111100026000, "正式名称": "医療法人社団東光会　戸田中央総合病院", "機関区分": 1, "都道府県コード": 11, "市区町村コード": 224, "所在地": "埼玉県戸田市本町１－１９－３", "緯度": 35.811368, "経度": 139.68055, "url": "https://www.iryou.teikyouseido.mhlw.go.jp/znk-web/juminkanja/S2430/initialize?prefCd=11&kikanCd=1100026000&kikanKbn=1", "url2": "http://www.chuobyoin.or.jp", "内容": "医療法人社団東光会　戸田中央総合病院【1:病院】【診療科目:内科_脳神経内科_呼吸器内科_循環器内科_消化器内科_腎臓内科_緩和ケア内科_外科_脳神経外科_呼吸器外科_心臓血管外科_消化器外科_乳腺外科_移植外科_整形外科_形成外科_小児科_婦人科_眼科_耳鼻いんこう科_皮膚科_泌尿器科_精神科_アレルギー科_リウマチ科_リハビリテーション科_放射線科_病理診断科_救急科_麻酔科】【一般病床数:517療養病床数:0精神病床数:0感染症病床数:0合計病床数:517】埼玉県戸田市本町１－１９－３" }, "geometry": { "type": "Point", "coordinates": [ 139.68055, 35.811368 ] } },
{ "type": "Feature", "properties": { "ID": 1111100027900, "正式名称": "戸田中央リハビリテーション病院", "機関区分": 1, "都道府県コード": 11, "市区町村コード": 224, "所在地": "埼玉県戸田市新曽南４－１－２９", "緯度": 35.807118, "経度": 139.663696, "url": "https://www.iryou.teikyouseido.mhlw.go.jp/znk-web/juminkanja/S2430/initialize?prefCd=11&kikanCd=1100027900&kikanKbn=1", "url2": "https://www.toda-reha.jp/", "内容": "戸田中央リハビリテーション病院【1:病院】【診療科目:内科_リハビリテーション科】【一般病床数:0療養病床数:200精神病床数:0感染症病床数:0合計病床数:200】埼玉県戸田市新曽南４－１－２９" }, "geometry": { "type": "Point", "coordinates": [ 139.663696, 35.807118 ] } },
{ "type": "Feature", "properties": { "ID": 1111100028700, "正式名称": "医療法人財団啓明会中島病院", "機関区分": 1, "都道府県コード": 11, "市区町村コード": 224, "所在地": "埼玉県戸田市下戸田", "緯度": 35.81477, "経度": 139.683757, "url": "https://www.iryou.teikyouseido.mhlw.go.jp/znk-web/juminkanja/S2430/initialize?prefCd=11&kikanCd=1100028700&kikanKbn=1", "url2": "http://www.keimeikai.com/", "内容": "医療法人財団啓明会中島病院【1:病院】【診療科目:内科_呼吸器内科_循環器内科_消化器内科_神経内科_外科_肛門外科_整形外科_形成外科_皮膚科_リハビリテーション科】【一般病床数:66療養病床数:45精神病床数:0感染症病床数:0合計病床数:111】埼玉県戸田市下戸田" }, "geometry": { "type": "Point", "coordinates": [ 139.683757, 35.81477 ] } },
{ "type": "Feature", "properties": { "ID": 1111100718400, "正式名称": "朝霞厚生病院", "機関区分": 1, "都道府県コード": 11, "市区町村コード": 227, "所在地": "埼玉県朝霞市浜崎", "緯度": 35.812158, "経度": 139.588402, "url": "https://www.iryou.teikyouseido.mhlw.go.jp/znk-web/juminkanja/S2430/initialize?prefCd=11&kikanCd=1100718400&kikanKbn=1", "url2": "http://www.akh.or.jp", "内容": "朝霞厚生病院【1:病院】【診療科目:内科_外科_脳神経外科_整形外科_皮膚科_放射線科】【一般病床数:85療養病床数:0精神病床数:0感染症病床数:0合計病床数:85】埼玉県朝霞市浜崎" }, "geometry": { "type": "Point", "coordinates": [ 139.588402, 35.812158 ] } },
{ "type": "Feature", "properties": { "ID": 1111100719200, "正式名称": "医療法人社団武蔵野会　ＴＭＧあさか医療センター", "機関区分": 1, "都道府県コード": 11, "市区町村コード": 227, "所在地": "埼玉県朝霞市溝沼１３４０―１", "緯度": 35.811419, "経度": 139.59323, "url": "https://www.iryou.teikyouseido.mhlw.go.jp/znk-web/juminkanja/S2430/initialize?prefCd=11&kikanCd=1100719200&kikanKbn=1", "url2": "http://www.asakadai-hp.jp/", "内容": "医療法人社団武蔵野会　ＴＭＧあさか医療センター【1:病院】【診療科目:内科_血液内科_糖尿病内科_呼吸器内科_循環器内科_消化器内科_腎臓内科_神経内科_緩和ケア内科_外科_脳神経外科_呼吸器外科_消化器外科_乳腺外科_肛門外科_整形外科_形成外科_小児科_小児外科_小児泌尿器科_婦人科_眼科_耳鼻いんこう科_皮膚科_泌尿器科_精神科_心療内科_歯科口腔外科_リハビリテーション科_放射線科_病理診断科_救急科_麻酔科_緩和ケア科】【一般病床数:454療養病床数:0精神病床数:0感染症病床数:0合計病床数:454】埼玉県朝霞市溝沼１３４０―１" }, "geometry": { "type": "Point", "coordinates": [ 139.59323, 35.811419 ] } },
{ "type": "Feature", "properties": { "ID": 1111100720600, "正式名称": "朝霞病院", "機関区分": 1, "都道府県コード": 11, "市区町村コード": 227, "所在地": "埼玉県朝霞市溝沼", "緯度": 35.811738, "経度": 139.594093, "url": "https://www.iryou.teikyouseido.mhlw.go.jp/znk-web/juminkanja/S2430/initialize?prefCd=11&kikanCd=1100720600&kikanKbn=1", "url2": null, "内容": "朝霞病院【1:病院】【診療科目:精神科_神経科】【一般病床数:0療養病床数:0精神病床数:101感染症病床数:0合計病床数:101】埼玉県朝霞市溝沼" }, "geometry": { "type": "Point", "coordinates": [ 139.594093, 35.811738 ] } },
{ "type": "Feature", "properties": { "ID": 1111100721400, "正式名称": "医療法人山柳会　あさか相生病院", "機関区分": 1, "都道府県コード": 11, "市区町村コード": 227, "所在地": "埼玉県朝霞市溝沼３丁目２番３３号", "緯度": 35.800916, "経度": 139.587189, "url": "https://www.iryou.teikyouseido.mhlw.go.jp/znk-web/juminkanja/S2430/initialize?prefCd=11&kikanCd=1100721400&kikanKbn=1", "url2": "https://yamayanagi.or.jp/shiomi_hospital/", "内容": "医療法人山柳会　あさか相生病院【1:病院】【診療科目:内科_糖尿病内科_内分泌内科_呼吸器内科_循環器内科_消化器内科_神経内科_乳腺外科_整形外科_皮膚科_リハビリテーション科】【一般病床数:100療養病床数:0精神病床数:0感染症病床数:0合計病床数:100】埼玉県朝霞市溝沼３丁目２番３３号" }, "geometry": { "type": "Point", "coordinates": [ 139.587189, 35.800916 ] } },
{ "type": "Feature", "properties": { "ID": 1111100722200, "正式名称": "医療法人社団武蔵野会　新座志木中央総合病院", "機関区分": 1, "都道府県コード": 11, "市区町村コード": 230, "所在地": "埼玉県新座市東北１－７－２", "緯度": 35.820294, "経度": 139.571478, "url": "https://www.iryou.teikyouseido.mhlw.go.jp/znk-web/juminkanja/S2430/initialize?prefCd=11&kikanCd=1100722200&kikanKbn=1", "url2": "http://www.niizashiki-hp.jp", "内容": "医療法人社団武蔵野会　新座志木中央総合病院【1:病院】【診療科目:内科_循環器内科_消化器内科_腎臓内科_神経内科_外科_脳神経外科_呼吸器外科_消化器外科_肛門外科_整形外科_形成外科_小児科_婦人科_眼科_耳鼻いんこう科_皮膚科_泌尿器科_リウマチ科_リハビリテーション科_放射線科_救急科_麻酔科】【一般病床数:402療養病床数:0精神病床数:0感染症病床数:0合計病床数:402】埼玉県新座市東北１－７－２" }, "geometry": { "type": "Point", "coordinates": [ 139.571478, 35.820294 ] } },
{ "type": "Feature", "properties": { "ID": 1111100723000, "正式名称": "医療法人社団武蔵野会　新座病院", "機関区分": 1, "都道府県コード": 11, "市区町村コード": 230, "所在地": "埼玉県新座市堀ノ内", "緯度": 35.773978, "経度": 139.554809, "url": "https://www.iryou.teikyouseido.mhlw.go.jp/znk-web/juminkanja/S2430/initialize?prefCd=11&kikanCd=1100723000&kikanKbn=1", "url2": "http://www.niizahsp.jp/", "内容": "医療法人社団武蔵野会　新座病院【1:病院】【診療科目:内科_消化器内科_外科_脳神経外科_整形外科_形成外科_小児科_皮膚科_リハビリテーション科】【一般病床数:32療養病床数:96精神病床数:0感染症病床数:0合計病床数:128】埼玉県新座市堀ノ内" }, "geometry": { "type": "Point", "coordinates": [ 139.554809, 35.773978 ] } },
{ "type": "Feature", "properties": { "ID": 1111100724900, "正式名称": "医療法人向英会　高田整形外科病院", "機関区分": 1, "都道府県コード": 11, "市区町村コード": 230, "所在地": "埼玉県新座市野火止", "緯度": 35.803244, "経度": 139.563954, "url": "https://www.iryou.teikyouseido.mhlw.go.jp/znk-web/juminkanja/S2430/initialize?prefCd=11&kikanCd=1100724900&kikanKbn=1", "url2": "https://www.takadaseikeigeka.com/", "内容": "医療法人向英会　高田整形外科病院【1:病院】【診療科目:内科_呼吸器内科_整形外科_形成外科_リハビリテーション科】【一般病床数:40療養病床数:0精神病床数:0感染症病床数:0合計病床数:40】埼玉県新座市野火止" }, "geometry": { "type": "Point", "coordinates": [ 139.563954, 35.803244 ] } },
{ "type": "Feature", "properties": { "ID": 1111100725700, "正式名称": "北野病院", "機関区分": 1, "都道府県コード": 11, "市区町村コード": 230, "所在地": "埼玉県新座市北野２－１４－８", "緯度": 35.817262, "経度": 139.562412, "url": "https://www.iryou.teikyouseido.mhlw.go.jp/znk-web/juminkanja/S2430/initialize?prefCd=11&kikanCd=1100725700&kikanKbn=1", "url2": "https://www.kitanohospital.jp/", "内容": "北野病院【1:病院】【診療科目:内科_胃腸内科】【一般病床数:0療養病床数:148精神病床数:0感染症病床数:0合計病床数:148】埼玉県新座市北野２－１４－８" }, "geometry": { "type": "Point", "coordinates": [ 139.562412, 35.817262 ] } },
{ "type": "Feature", "properties": { "ID": 1111100726500, "正式名称": "静風荘病院", "機関区分": 1, "都道府県コード": 11, "市区町村コード": 230, "所在地": "埼玉県新座市堀ノ内１－９－２８", "緯度": 35.777903, "経度": 139.561797, "url": "https://www.iryou.teikyouseido.mhlw.go.jp/znk-web/juminkanja/S2430/initialize?prefCd=11&kikanCd=1100726500&kikanKbn=1", "url2": "https://seifuso.or.jp/", "内容": "静風荘病院【1:病院】【診療科目:内科_血液内科_糖尿病内科_呼吸器内科_循環器内科_消化器内科_女性内科_皮膚科_リウマチ科_リハビリテーション科】【一般病床数:122療養病床数:0精神病床数:0感染症病床数:0合計病床数:122】埼玉県新座市堀ノ内１－９－２８" }, "geometry": { "type": "Point", "coordinates": [ 139.561797, 35.777903 ] } },
{ "type": "Feature", "properties": { "ID": 1111100727300, "正式名称": "堀ノ内病院", "機関区分": 1, "都道府県コード": 11, "市区町村コード": 230, "所在地": "埼玉県新座市堀ノ内２－９－３１", "緯度": 35.772139, "経度": 139.557673, "url": "https://www.iryou.teikyouseido.mhlw.go.jp/znk-web/juminkanja/S2430/initialize?prefCd=11&kikanCd=1100727300&kikanKbn=1", "url2": "https://horinouchi-hp.com", "内容": "堀ノ内病院【1:病院】【診療科目:内科_糖尿病・内分泌内科_呼吸器内科_循環器内科_消化器内科_腎臓内科_人工透析内科_神経内科_外科_消化器外科_乳腺外科_整形外科_形成外科_小児科_眼科_耳鼻いんこう科_皮膚科_泌尿器科_精神科_歯科_歯科口腔外科_リハビリテーション科】【一般病床数:199療養病床数:0精神病床数:0感染症病床数:0合計病床数:199】埼玉県新座市堀ノ内２－９－３１" }, "geometry": { "type": "Point", "coordinates": [ 139.557673, 35.772139 ] } },
{ "type": "Feature", "properties": { "ID": 1111100728100, "正式名称": "独立行政法人国立病院機構　埼玉病院", "機関区分": 1, "都道府県コード": 11, "市区町村コード": 229, "所在地": "埼玉県和光市諏訪２－１", "緯度": 35.776865, "経度": 139.618948, "url": "https://www.iryou.teikyouseido.mhlw.go.jp/znk-web/juminkanja/S2430/initialize?prefCd=11&kikanCd=1100728100&kikanKbn=1", "url2": "https://saitama.hosp.go.jp", "内容": "独立行政法人国立病院機構　埼玉病院【1:病院】【診療科目:内科_糖尿病内科_脳神経内科_呼吸器内科_循環器内科_消化器内科_腎臓内科_腫瘍内科_内視鏡内科_緩和ケア内科_血液・膠原病内科_外科_脳神経外科_呼吸器外科_心臓血管外科_消化器外科_乳腺外科_内視鏡外科_整形外科_形成外科_小児科_小児外科_産婦人科_眼科_耳鼻いんこう科_皮膚科_泌尿器科_精神科_歯科口腔外科_リハビリテーション科_放射線科_病理診断科_救急科_麻酔科_総合診療科】【一般病床数:546療養病床数:0精神病床数:0感染症病床数:4合計病床数:550】埼玉県和光市諏訪２－１" }, "geometry": { "type": "Point", "coordinates": [ 139.618948, 35.776865 ] } },
{ "type": "Feature", "properties": { "ID": 1111100730300, "正式名称": "医療法人寿鶴会　菅野病院", "機関区分": 1, "都道府県コード": 11, "市区町村コード": 229, "所在地": "埼玉県和光市本町２８－３", "緯度": 35.786127, "経度": 139.603632, "url": "https://www.iryou.teikyouseido.mhlw.go.jp/znk-web/juminkanja/S2430/initialize?prefCd=11&kikanCd=1100730300&kikanKbn=1", "url2": "https://kanno-hospital.com/", "内容": "医療法人寿鶴会　菅野病院【1:病院】【診療科目:内科_人工透析内科_整形外科_泌尿器科_精神科_神経科_心療内科_歯科】【一般病床数:0療養病床数:120精神病床数:215感染症病床数:0合計病床数:335】埼玉県和光市本町２８－３" }, "geometry": { "type": "Point", "coordinates": [ 139.603632, 35.786127 ] } },
{ "type": "Feature", "properties": { "ID": 1111100731100, "正式名称": "坪田和光病院", "機関区分": 1, "都道府県コード": 11, "市区町村コード": 229, "所在地": "埼玉県和光市白子２－１２－１５", "緯度": 35.778692, "経度": 139.621203, "url": "https://www.iryou.teikyouseido.mhlw.go.jp/znk-web/juminkanja/S2430/initialize?prefCd=11&kikanCd=1100731100&kikanKbn=1", "url2": null, "内容": "坪田和光病院【1:病院】【診療科目:内科_外科_肛門外科_整形外科_皮膚科_泌尿器科_リハビリテーション科_麻酔科】【一般病床数:51療養病床数:0精神病床数:0感染症病床数:0合計病床数:51】埼玉県和光市白子２－１２－１５" }, "geometry": { "type": "Point", "coordinates": [ 139.621203, 35.778692 ] } },
{ "type": "Feature", "properties": { "ID": 1111100732000, "正式名称": "和光病院", "機関区分": 1, "都道府県コード": 11, "市区町村コード": 229, "所在地": "埼玉県和光市下新倉５ー１９ー７", "緯度": 35.796688, "経度": 139.630396, "url": "https://www.iryou.teikyouseido.mhlw.go.jp/znk-web/juminkanja/S2430/initialize?prefCd=11&kikanCd=1100732000&kikanKbn=1", "url2": "http://www.wako-hos.jp", "内容": "和光病院【1:病院】【診療科目:精神科】【一般病床数:0療養病床数:0精神病床数:285感染症病床数:0合計病床数:285】埼玉県和光市下新倉５ー１９ー７" }, "geometry": { "type": "Point", "coordinates": [ 139.630396, 35.796688 ] } },
{ "type": "Feature", "properties": { "ID": 1111100734600, "正式名称": "医療法人社団　浅野病院", "機関区分": 1, "都道府県コード": 11, "市区町村コード": 228, "所在地": "埼玉県志木市本町６－２４－２１", "緯度": 35.825639, "経度": 139.572302, "url": "https://www.iryou.teikyouseido.mhlw.go.jp/znk-web/juminkanja/S2430/initialize?prefCd=11&kikanCd=1100734600&kikanKbn=1", "url2": "https://asano-hospital.or.jp", "内容": "医療法人社団　浅野病院【1:病院】【診療科目:内科_循環器内科_外科_脳神経外科_整形外科_皮膚科】【一般病床数:0療養病床数:98精神病床数:0感染症病床数:0合計病床数:98】埼玉県志木市本町６－２４－２１" }, "geometry": { "type": "Point", "coordinates": [ 139.572302, 35.825639 ] } },
{ "type": "Feature", "properties": { "ID": 1111101109200, "正式名称": "医療法人誠壽会　上福岡総合病院", "機関区分": 1, "都道府県コード": 11, "市区町村コード": 245, "所在地": "埼玉県ふじみ野市福岡９３１", "緯度": 35.876547, "経度": 139.539766, "url": "https://www.iryou.teikyouseido.mhlw.go.jp/znk-web/juminkanja/S2430/initialize?prefCd=11&kikanCd=1101109200&kikanKbn=1", "url2": "kamifukuoka.or.jp", "内容": "医療法人誠壽会　上福岡総合病院【1:病院】【診療科目:内科_血液内科_糖尿病・内分泌内科_呼吸器内科_循環器内科_消化器内科_腎臓内科_神経内科_外科_脳神経外科_乳腺・内分泌外科_肛門外科_整形外科_形成外科_小児科_産婦人科_眼科_頭頸部・耳鼻いんこう科_皮膚科_泌尿器科_歯科_リハビリテーション科_放射線科_麻酔科_性病科】【一般病床数:239療養病床数:45精神病床数:0感染症病床数:0合計病床数:284】埼玉県ふじみ野市福岡９３１" }, "geometry": { "type": "Point", "coordinates": [ 139.539766, 35.876547 ] } },
{ "type": "Feature", "properties": { "ID": 1111101110600, "正式名称": "医療法人財団明理会　イムス富士見総合病院", "機関区分": 1, "都道府県コード": 11, "市区町村コード": 235, "所在地": "埼玉県富士見市大字鶴馬１９６７－１", "緯度": 35.855483, "経度": 139.553561, "url": "https://www.iryou.teikyouseido.mhlw.go.jp/znk-web/juminkanja/S2430/initialize?prefCd=11&kikanCd=1101110600&kikanKbn=1", "url2": "http://www.ims.gr.jp/fujimisougou/", "内容": "医療法人財団明理会　イムス富士見総合病院【1:病院】【診療科目:内科_糖尿病内科_呼吸器内科_循環器内科_消化器内科_腎臓内科_人工透析内科_神経内科_外科_脳神経外科_呼吸器外科_血管外科_心臓血管外科_消化器外科_肛門外科_内視鏡外科_整形外科_形成外科_脊椎・脊髄外科_小児科_児童精神科_小児外科_小児泌尿器科_産婦人科_耳鼻いんこう科_皮膚科_泌尿器科_リハビリテーション科_放射線科_病理診断科_麻酔科】【一般病床数:341療養病床数:0精神病床数:0感染症病床数:0合計病床数:341】埼玉県富士見市大字鶴馬１９６７－１" }, "geometry": { "type": "Point", "coordinates": [ 139.553561, 35.855483 ] } },
{ "type": "Feature", "properties": { "ID": 1111101111400, "正式名称": "みずほ台病院", "機関区分": 1, "都道府県コード": 11, "市区町村コード": 235, "所在地": "埼玉県富士見市西みずほ台２－９－５", "緯度": 35.835716, "経度": 139.551223, "url": "https://www.iryou.teikyouseido.mhlw.go.jp/znk-web/juminkanja/S2430/initialize?prefCd=11&kikanCd=1101111400&kikanKbn=1", "url2": "http://mizuhodai-hp.org/", "内容": "みずほ台病院【1:病院】【診療科目:内科_糖尿病内科_内分泌内科_呼吸器内科_循環器内科_消化器内科_内視鏡内科_外科_脳神経外科_呼吸器外科_循環器外科_消化器外科_大腸外科_肛門外科_内視鏡外科_整形外科_精神科_心療内科_歯科_総合診療科，大腸肛門・ヘルニア科】【一般病床数:60療養病床数:0精神病床数:0感染症病床数:0合計病床数:60】埼玉県富士見市西みずほ台２－９－５" }, "geometry": { "type": "Point", "coordinates": [ 139.551223, 35.835716 ] } },
{ "type": "Feature", "properties": { "ID": 1111101112200, "正式名称": "恵愛病院", "機関区分": 1, "都道府県コード": 11, "市区町村コード": 235, "所在地": "埼玉県富士見市針ヶ谷５２６－１", "緯度": 35.831394, "経度": 139.558031, "url": "https://www.iryou.teikyouseido.mhlw.go.jp/znk-web/juminkanja/S2430/initialize?prefCd=11&kikanCd=1101112200&kikanKbn=1", "url2": "https://www.keiaihospital.or.jp/", "内容": "恵愛病院【1:病院】【診療科目:産婦人科_産科_婦人科_麻酔科】【一般病床数:60療養病床数:0精神病床数:0感染症病床数:0合計病床数:60】埼玉県富士見市針ヶ谷５２６－１" }, "geometry": { "type": "Point", "coordinates": [ 139.558031, 35.831394 ] } },
{ "type": "Feature", "properties": { "ID": 1111101113000, "正式名称": "医療法人さくら　さくら記念病院", "機関区分": 1, "都道府県コード": 11, "市区町村コード": 235, "所在地": "埼玉県富士見市水谷東１－２８－１", "緯度": 35.841954, "経度": 139.570574, "url": "https://www.iryou.teikyouseido.mhlw.go.jp/znk-web/juminkanja/S2430/initialize?prefCd=11&kikanCd=1101113000&kikanKbn=1", "url2": "http://www.sakurakinen.jp", "内容": "医療法人さくら　さくら記念病院【1:病院】【診療科目:内科_循環器内科_消化器内科_腎臓内科_人工透析内科_外科_整形外科_形成外科_泌尿器科_リハビリテーション科】【一般病床数:136療養病床数:0精神病床数:0感染症病床数:0合計病床数:136】埼玉県富士見市水谷東１－２８－１" }, "geometry": { "type": "Point", "coordinates": [ 139.570574, 35.841954 ] } },
{ "type": "Feature", "properties": { "ID": 1111101115700, "正式名称": "医療法人社団サンセリテ　三浦病院", "機関区分": 1, "都道府県コード": 11, "市区町村コード": 235, "所在地": "埼玉県富士見市下南畑３１６６番地", "緯度": 35.851164, "経度": 139.565913, "url": "https://www.iryou.teikyouseido.mhlw.go.jp/znk-web/juminkanja/S2430/initialize?prefCd=11&kikanCd=1101115700&kikanKbn=1", "url2": "https://s-miura.com/", "内容": "医療法人社団サンセリテ　三浦病院【1:病院】【診療科目:内科_血液内科_呼吸器内科_循環器内科_消化器内科_緩和ケア内科_乳腺甲状腺外科】【一般病床数:59療養病床数:0精神病床数:0感染症病床数:0合計病床数:59】埼玉県富士見市下南畑３１６６番地" }, "geometry": { "type": "Point", "coordinates": [ 139.565913, 35.851164 ] } },
{ "type": "Feature", "properties": { "ID": 1111101117300, "正式名称": "富家病院", "機関区分": 1, "都道府県コード": 11, "市区町村コード": 245, "所在地": "埼玉県ふじみ野市亀久保２１９７", "緯度": 35.851827, "経度": 139.47731, "url": "https://www.iryou.teikyouseido.mhlw.go.jp/znk-web/juminkanja/S2430/initialize?prefCd=11&kikanCd=1101117300&kikanKbn=1", "url2": "http://www.fukekai.com/", "内容": "富家病院【1:病院】【診療科目:内科_循環器内科_胃腸内科_人工透析内科_神経内科_外科_脳神経外科_皮膚科_泌尿器科_リハビリテーション科】【一般病床数:138療養病床数:143精神病床数:0感染症病床数:0合計病床数:281】埼玉県ふじみ野市亀久保２１９７" }, "geometry": { "type": "Point", "coordinates": [ 139.47731, 35.851827 ] } },
{ "type": "Feature", "properties": { "ID": 1111101118100, "正式名称": "松風荘病院", "機関区分": 1, "都道府県コード": 11, "市区町村コード": 225, "所在地": "埼玉県入間市東藤沢５－９－２", "緯度": 35.815507, "経度": 139.414294, "url": "https://www.iryou.teikyouseido.mhlw.go.jp/znk-web/juminkanja/S2430/initialize?prefCd=11&kikanCd=1101118100&kikanKbn=1", "url2": "http://www.shofuso-hp.or.jp/", "内容": "松風荘病院【1:病院】【診療科目:精神科_心療内科】【一般病床数:0療養病床数:0精神病床数:195感染症病床数:0合計病床数:195】埼玉県入間市東藤沢５－９－２" }, "geometry": { "type": "Point", "coordinates": [ 139.414294, 35.815507 ] } },
{ "type": "Feature", "properties": { "ID": 1111101119000, "正式名称": "原田病院", "機関区分": 1, "都道府県コード": 11, "市区町村コード": 225, "所在地": "埼玉県入間市豊岡", "緯度": 35.83654, "経度": 139.388184, "url": "https://www.iryou.teikyouseido.mhlw.go.jp/znk-web/juminkanja/S2430/initialize?prefCd=11&kikanCd=1101119000&kikanKbn=1", "url2": "http://www.harada.or.jp", "内容": "原田病院【1:病院】【診療科目:内科_糖尿病内科_内分泌内科_呼吸器内科_循環器内科_消化器内科_神経内科_外科_脳神経外科_消化器外科_肛門外科_整形外科_小児外科_耳鼻いんこう科_皮膚科_泌尿器科_リウマチ科_リハビリテーション科_甲状腺科，内分泌糖尿病内科】【一般病床数:133療養病床数:54精神病床数:0感染症病床数:0合計病床数:187】埼玉県入間市豊岡" }, "geometry": { "type": "Point", "coordinates": [ 139.388184, 35.83654 ] } },
{ "type": "Feature", "properties": { "ID": 1111101120300, "正式名称": "医療法人明晴会　西武入間病院", "機関区分": 1, "都道府県コード": 11, "市区町村コード": 225, "所在地": "埼玉県入間市野田", "緯度": 35.845865, "経度": 139.361949, "url": "https://www.iryou.teikyouseido.mhlw.go.jp/znk-web/juminkanja/S2430/initialize?prefCd=11&kikanCd=1101120300&kikanKbn=1", "url2": "https://seibuiruma.or.jp/", "内容": "医療法人明晴会　西武入間病院【1:病院】【診療科目:内科_循環器内科_消化器内科_外科_整形外科_小児科_泌尿器科_病理診断科】【一般病床数:53療養病床数:37精神病床数:0感染症病床数:0合計病床数:90】埼玉県入間市野田" }, "geometry": { "type": "Point", "coordinates": [ 139.361949, 35.845865 ] } },
{ "type": "Feature", "properties": { "ID": 1111101121100, "正式名称": "医療法人　金子病院", "機関区分": 1, "都道府県コード": 11, "市区町村コード": 225, "所在地": "埼玉県入間市新久", "緯度": 35.826988, "経度": 139.363347, "url": "https://www.iryou.teikyouseido.mhlw.go.jp/znk-web/juminkanja/S2430/initialize?prefCd=11&kikanCd=1101121100&kikanKbn=1", "url2": "http://hp-kaneko.com/", "内容": "医療法人　金子病院【1:病院】【診療科目:内科_小児科_婦人科_皮膚科】【一般病床数:40療養病床数:0精神病床数:0感染症病床数:0合計病床数:40】埼玉県入間市新久" }, "geometry": { "type": "Point", "coordinates": [ 139.363347, 35.826988 ] } },
{ "type": "Feature", "properties": { "ID": 1111101122000, "正式名称": "医療法人豊岡整形外科病院", "機関区分": 1, "都道府県コード": 11, "市区町村コード": 225, "所在地": "埼玉県入間市豊岡一丁目７番１６号", "緯度": 35.839493, "経度": 139.387375, "url": "https://www.iryou.teikyouseido.mhlw.go.jp/znk-web/juminkanja/S2430/initialize?prefCd=11&kikanCd=1101122000&kikanKbn=1", "url2": "http://www.toyosei.jp/", "内容": "医療法人豊岡整形外科病院【1:病院】【診療科目:内科_整形外科_リハビリテーション科_麻酔科】【一般病床数:78療養病床数:0精神病床数:0感染症病床数:0合計病床数:78】埼玉県入間市豊岡一丁目７番１６号" }, "geometry": { "type": "Point", "coordinates": [ 139.387375, 35.839493 ] } },
{ "type": "Feature", "properties": { "ID": 1111101123800, "正式名称": "豊岡第一病院", "機関区分": 1, "都道府県コード": 11, "市区町村コード": 225, "所在地": "埼玉県入間市黒須１３６９－３", "緯度": 35.83338, "経度": 139.410446, "url": "https://www.iryou.teikyouseido.mhlw.go.jp/znk-web/juminkanja/S2430/initialize?prefCd=11&kikanCd=1101123800&kikanKbn=1", "url2": "http://www.toyooka1.co.jp", "内容": "豊岡第一病院【1:病院】【診療科目:内科_糖尿病・内分泌内科_脳神経内科_呼吸器内科_循環器内科_消化器内科_外科_消化器外科_乳腺外科_整形外科_形成外科_美容外科_婦人科_皮膚科_泌尿器科_リウマチ科_リハビリテーション科_放射線科】【一般病床数:78療養病床数:0精神病床数:0感染症病床数:0合計病床数:78】埼玉県入間市黒須１３６９－３" }, "geometry": { "type": "Point", "coordinates": [ 139.410446, 35.83338 ] } },
{ "type": "Feature", "properties": { "ID": 1111101124600, "正式名称": "小林病院", "機関区分": 1, "都道府県コード": 11, "市区町村コード": 225, "所在地": "埼玉県入間市宮寺２４１７", "緯度": 35.794075, "経度": 139.378811, "url": "https://www.iryou.teikyouseido.mhlw.go.jp/znk-web/juminkanja/S2430/initialize?prefCd=11&kikanCd=1101124600&kikanKbn=1", "url2": "http://iruma-kobayashi.com", "内容": "小林病院【1:病院】【診療科目:内科_糖尿病内科_呼吸器内科_循環器内科_神経内科_整形外科_皮膚科_リハビリテーション科】【一般病床数:44療養病床数:49精神病床数:0感染症病床数:0合計病床数:93】埼玉県入間市宮寺２４１７" }, "geometry": { "type": "Point", "coordinates": [ 139.378811, 35.794075 ] } },
{ "type": "Feature", "properties": { "ID": 1111101125400, "正式名称": "医療法人　永仁会　入間ハート病院", "機関区分": 1, "都道府県コード": 11, "市区町村コード": 225, "所在地": "埼玉県入間市小谷田１２５８－１", "緯度": 35.811012, "経度": 139.37513, "url": "https://www.iryou.teikyouseido.mhlw.go.jp/znk-web/juminkanja/S2430/initialize?prefCd=11&kikanCd=1101125400&kikanKbn=1", "url2": "https//www.eijinkai.jp", "内容": "医療法人　永仁会　入間ハート病院【1:病院】【診療科目:内科_糖尿病内科_呼吸器内科_循環器内科_消化器内科_腎臓内科_神経内科_脳神経外科_消化器外科_整形外科_婦人科_皮膚科_泌尿器科_リウマチ科_リハビリテーション科_放射線科】【一般病床数:23療養病床数:0精神病床数:0感染症病床数:0合計病床数:23】埼玉県入間市小谷田１２５８－１" }, "geometry": { "type": "Point", "coordinates": [ 139.37513, 35.811012 ] } },
{ "type": "Feature", "properties": { "ID": 1111101126200, "正式名称": "独立行政法人　国立病院機構　西埼玉中央病院", "機関区分": 1, "都道府県コード": 11, "市区町村コード": 208, "所在地": "埼玉県所沢市若狭２丁目１６７１番地", "緯度": 35.803575, "経度": 139.424741, "url": "https://www.iryou.teikyouseido.mhlw.go.jp/znk-web/juminkanja/S2430/initialize?prefCd=11&kikanCd=1101126200&kikanKbn=1", "url2": "https://nishisaitamachuo.hosp.go.jp/byouin_shoukai.html", "内容": "独立行政法人　国立病院機構　西埼玉中央病院【1:病院】【診療科目:内科_代謝・内分泌内科_循環器内科_消化器内科_神経内科_外科_脳神経外科_整形外科_小児科_産婦人科_眼科_耳鼻いんこう科_皮膚科_泌尿器科_精神科_歯科_リハビリテーション科_放射線科_病理診断科_麻酔科】【一般病床数:325療養病床数:0精神病床数:0感染症病床数:0合計病床数:325】埼玉県所沢市若狭２丁目１６７１番地" }, "geometry": { "type": "Point", "coordinates": [ 139.424741, 35.803575 ] } },
{ "type": "Feature", "properties": { "ID": 1111101127000, "正式名称": "国立障害者　リハビリテーションセンター病院", "機関区分": 1, "都道府県コード": 11, "市区町村コード": 208, "所在地": "埼玉県所沢市並木４－１", "緯度": 35.806909, "経度": 139.464229, "url": "https://www.iryou.teikyouseido.mhlw.go.jp/znk-web/juminkanja/S2430/initialize?prefCd=11&kikanCd=1101127000&kikanKbn=1", "url2": "http://www.rehab.go.jp", "内容": "国立障害者　リハビリテーションセンター病院【1:病院】【診療科目:内科_脳神経内科_整形外科_小児科_児童精神科_眼科_耳鼻いんこう科_泌尿器科_精神科_歯科_リハビリテーション科】【一般病床数:160療養病床数:0精神病床数:0感染症病床数:0合計病床数:160】埼玉県所沢市並木４－１" }, "geometry": { "type": "Point", "coordinates": [ 139.464229, 35.806909 ] } },
{ "type": "Feature", "properties": { "ID": 1111101128900, "正式名称": "所沢市市民医療センター", "機関区分": 1, "都道府県コード": 11, "市区町村コード": 208, "所在地": "埼玉県所沢市上安松１２２４－１", "緯度": 35.791841, "経度": 139.480886, "url": "https://www.iryou.teikyouseido.mhlw.go.jp/znk-web/juminkanja/S2430/initialize?prefCd=11&kikanCd=1101128900&kikanKbn=1", "url2": "http://www.city.tokorozawa.saitama.jp/iryo/", "内容": "所沢市市民医療センター【1:病院】【診療科目:内科_糖尿病・代謝内科_循環器内科_内視鏡内科_小児科_放射線科】【一般病床数:49療養病床数:0精神病床数:0感染症病床数:0合計病床数:49】埼玉県所沢市上安松１２２４－１" }, "geometry": { "type": "Point", "coordinates": [ 139.480886, 35.791841 ] } },
{ "type": "Feature", "properties": { "ID": 1111101129700, "正式名称": "医療法人慈桜会瀬戸病院", "機関区分": 1, "都道府県コード": 11, "市区町村コード": 208, "所在地": "埼玉県所沢市金山町", "緯度": 35.789408, "経度": 139.460991, "url": "https://www.iryou.teikyouseido.mhlw.go.jp/znk-web/juminkanja/S2430/initialize?prefCd=11&kikanCd=1101129700&kikanKbn=1", "url2": "https://www.seto-hospital.or.jp/", "内容": "医療法人慈桜会瀬戸病院【1:病院】【診療科目:内科_糖尿病内科_代謝内科_内分泌内科_呼吸器内科_消化器内科_乳腺外科_小児科_小児外科_産婦人科_麻酔科】【一般病床数:78療養病床数:0精神病床数:0感染症病床数:0合計病床数:78】埼玉県所沢市金山町" }, "geometry": { "type": "Point", "coordinates": [ 139.460991, 35.789408 ] } },
{ "type": "Feature", "properties": { "ID": 1111101130000, "正式名称": "医療法人社団東光会　東所沢病院", "機関区分": 1, "都道府県コード": 11, "市区町村コード": 208, "所在地": "埼玉県所沢市城", "緯度": 35.800047, "経度": 139.530376, "url": "https://www.iryou.teikyouseido.mhlw.go.jp/znk-web/juminkanja/S2430/initialize?prefCd=11&kikanCd=1101130000&kikanKbn=1", "url2": "http://www.h-tokoro.jp/", "内容": "医療法人社団東光会　東所沢病院【1:病院】【診療科目:内科_精神科_リハビリテーション科】【一般病床数:33療養病床数:158精神病床数:60感染症病床数:0合計病床数:251】埼玉県所沢市城" }, "geometry": { "type": "Point", "coordinates": [ 139.530376, 35.800047 ] } },
{ "type": "Feature", "properties": { "ID": 1111101131900, "正式名称": "医療法人社団和風会　所沢中央病院", "機関区分": 1, "都道府県コード": 11, "市区町村コード": 208, "所在地": "埼玉県所沢市くすのき台３－１８－１", "緯度": 35.786564, "経度": 139.476143, "url": "https://www.iryou.teikyouseido.mhlw.go.jp/znk-web/juminkanja/S2430/initialize?prefCd=11&kikanCd=1101131900&kikanKbn=1", "url2": "http://www.wafukai.or.jp", "内容": "医療法人社団和風会　所沢中央病院【1:病院】【診療科目:内科_呼吸器内科_循環器内科_外科_脳神経外科_呼吸器外科_消化器・移植外科_乳腺外科_整形外科_形成外科_眼科_泌尿器科_リハビリテーション科_麻酔科】【一般病床数:160療養病床数:0精神病床数:0感染症病床数:0合計病床数:160】埼玉県所沢市くすのき台３－１８－１" }, "geometry": { "type": "Point", "coordinates": [ 139.476143, 35.786564 ] } },
{ "type": "Feature", "properties": { "ID": 1111101132700, "正式名称": "医療法人　信和会　三ヶ島病院", "機関区分": 1, "都道府県コード": 11, "市区町村コード": 208, "所在地": "埼玉県所沢市三ケ島５ー１９７０", "緯度": 35.797264, "経度": 139.397954, "url": "https://www.iryou.teikyouseido.mhlw.go.jp/znk-web/juminkanja/S2430/initialize?prefCd=11&kikanCd=1101132700&kikanKbn=1", "url2": "http://mikajima.jp", "内容": "医療法人　信和会　三ヶ島病院【1:病院】【診療科目:内科_神経内科_精神科_心療内科】【一般病床数:0療養病床数:0精神病床数:103感染症病床数:0合計病床数:103】埼玉県所沢市三ケ島５ー１９７０" }, "geometry": { "type": "Point", "coordinates": [ 139.397954, 35.797264 ] } },
{ "type": "Feature", "properties": { "ID": 1111101133500, "正式名称": "医療法人仁栄会　所沢緑ヶ丘病院", "機関区分": 1, "都道府県コード": 11, "市区町村コード": 208, "所在地": "埼玉県所沢市狭山ケ丘１丁目３００９番地", "緯度": 35.808072, "経度": 139.414911, "url": "https://www.iryou.teikyouseido.mhlw.go.jp/znk-web/juminkanja/S2430/initialize?prefCd=11&kikanCd=1101133500&kikanKbn=1", "url2": "https://www.midorigaoka-hp.com/", "内容": "医療法人仁栄会　所沢緑ヶ丘病院【1:病院】【診療科目:内科_呼吸器内科_老年・呼吸器内科_循環器内科_消化器内科_老年内科_リハビリテーション科_放射線科】【一般病床数:0療養病床数:51精神病床数:0感染症病床数:0合計病床数:51】埼玉県所沢市狭山ケ丘１丁目３００９番地" }, "geometry": { "type": "Point", "coordinates": [ 139.414911, 35.808072 ] } },
{ "type": "Feature", "properties": { "ID": 1111101134300, "正式名称": "所沢肛門病院", "機関区分": 1, "都道府県コード": 11, "市区町村コード": 208, "所在地": "埼玉県所沢市小手指町１－３－３", "緯度": 35.800426, "経度": 139.440692, "url": "https://www.iryou.teikyouseido.mhlw.go.jp/znk-web/juminkanja/S2430/initialize?prefCd=11&kikanCd=1101134300&kikanKbn=1", "url2": "https://www.tokomon.jp", "内容": "所沢肛門病院【1:病院】【診療科目:肛門外科】【一般病床数:44療養病床数:0精神病床数:0感染症病床数:0合計病床数:44】埼玉県所沢市小手指町１－３－３" }, "geometry": { "type": "Point", "coordinates": [ 139.440692, 35.800426 ] } },
{ "type": "Feature", "properties": { "ID": 1111101135100, "正式名称": "社会医療法人至仁会　圏央所沢病院", "機関区分": 1, "都道府県コード": 11, "市区町村コード": 208, "所在地": "埼玉県所沢市東狭山ケ丘４－２６９２－１", "緯度": 35.810319, "経度": 139.427665, "url": "https://www.iryou.teikyouseido.mhlw.go.jp/znk-web/juminkanja/S2430/initialize?prefCd=11&kikanCd=1101135100&kikanKbn=1", "url2": "http://sijinkai-ken-o.com", "内容": "社会医療法人至仁会　圏央所沢病院【1:病院】【診療科目:内科_糖尿病・内分泌内科_呼吸器内科_循環器内科_消化器内科_腎臓内科_外科_脳神経外科_整形外科_形成外科_美容外科_眼科_皮膚科_美容皮膚科_泌尿器科_リハビリテーション科_麻酔科_透析外科】【一般病床数:167療養病床数:115精神病床数:0感染症病床数:0合計病床数:282】埼玉県所沢市東狭山ケ丘４－２６９２－１" }, "geometry": { "type": "Point", "coordinates": [ 139.427665, 35.810319 ] } },
{ "type": "Feature", "properties": { "ID": 1111101136000, "正式名称": "医療法人　啓仁会　所沢ロイヤル病院", "機関区分": 1, "都道府県コード": 11, "市区町村コード": 208, "所在地": "埼玉県所沢市北野三丁目１番地１１", "緯度": 35.797559, "経度": 139.42023, "url": "https://www.iryou.teikyouseido.mhlw.go.jp/znk-web/juminkanja/S2430/initialize?prefCd=11&kikanCd=1101136000&kikanKbn=1", "url2": "https://www.tokorozawa-loyal.jp/", "内容": "医療法人　啓仁会　所沢ロイヤル病院【1:病院】【診療科目:内科_リハビリテーション科】【一般病床数:0療養病床数:332精神病床数:0感染症病床数:0合計病床数:332】埼玉県所沢市北野三丁目１番地１１" }, "geometry": { "type": "Point", "coordinates": [ 139.42023, 35.797559 ] } },
{ "type": "Feature", "properties": { "ID": 1111101137800, "正式名称": "新所沢清和病院", "機関区分": 1, "都道府県コード": 11, "市区町村コード": 208, "所在地": "埼玉県所沢市神米金１４１－３", "緯度": 35.821149, "経度": 139.467011, "url": "https://www.iryou.teikyouseido.mhlw.go.jp/znk-web/juminkanja/S2430/initialize?prefCd=11&kikanCd=1101137800&kikanKbn=1", "url2": "http://www.hp-seiwa.org/", "内容": "新所沢清和病院【1:病院】【診療科目:内科_整形外科_精神科_歯科_リハビリテーション科】【一般病床数:0療養病床数:220精神病床数:240感染症病床数:0合計病床数:460】埼玉県所沢市神米金１４１－３" }, "geometry": { "type": "Point", "coordinates": [ 139.467011, 35.821149 ] } },
{ "type": "Feature", "properties": { "ID": 1111101138600, "正式名称": "所沢リハビリテーション病院", "機関区分": 1, "都道府県コード": 11, "市区町村コード": 208, "所在地": "埼玉県所沢市中富１０１６", "緯度": 35.82634, "経度": 139.481535, "url": "https://www.iryou.teikyouseido.mhlw.go.jp/znk-web/juminkanja/S2430/initialize?prefCd=11&kikanCd=1101138600&kikanKbn=1", "url2": "https://www.wafukai.or.jp/tokorb/", "内容": "所沢リハビリテーション病院【1:病院】【診療科目:内科_脳神経外科_リハビリテーション科】【一般病床数:0療養病床数:142精神病床数:0感染症病床数:0合計病床数:142】埼玉県所沢市中富１０１６" }, "geometry": { "type": "Point", "coordinates": [ 139.481535, 35.82634 ] } },
{ "type": "Feature", "properties": { "ID": 1111101139400, "正式名称": "埼玉西協同病院", "機関区分": 1, "都道府県コード": 11, "市区町村コード": 208, "所在地": "埼玉県所沢市中富", "緯度": 35.81397, "経度": 139.484282, "url": "https://www.iryou.teikyouseido.mhlw.go.jp/znk-web/juminkanja/S2430/initialize?prefCd=11&kikanCd=1101139400&kikanKbn=1", "url2": "http://nishikyoudou.mcp-saitamawest.jp/", "内容": "埼玉西協同病院【1:病院】【診療科目:内科_外科_整形外科_眼科_皮膚科_歯科_歯科口腔外科】【一般病床数:99療養病床数:0精神病床数:0感染症病床数:0合計病床数:99】埼玉県所沢市中富" }, "geometry": { "type": "Point", "coordinates": [ 139.484282, 35.81397 ] } },
{ "type": "Feature", "properties": { "ID": 1111101140800, "正式名称": "医療法人社団医凰会　並木病院", "機関区分": 1, "都道府県コード": 11, "市区町村コード": 208, "所在地": "埼玉県所沢市東狭山ケ丘　５ー２７５３", "緯度": 35.81453, "経度": 139.427526, "url": "https://www.iryou.teikyouseido.mhlw.go.jp/znk-web/juminkanja/S2430/initialize?prefCd=11&kikanCd=1101140800&kikanKbn=1", "url2": "http://www.namiki-hospital.jp/", "内容": "医療法人社団医凰会　並木病院【1:病院】【診療科目:内科_糖尿病内科_呼吸器内科_循環器内科_神経内科_内視鏡内科_外科_乳腺外科_整形外科_皮膚科_歯科_リウマチ科_リハビリテーション科_麻酔科】【一般病床数:103療養病床数:82精神病床数:0感染症病床数:0合計病床数:185】埼玉県所沢市東狭山ケ丘　５ー２７５３" }, "geometry": { "type": "Point", "coordinates": [ 139.427526, 35.81453 ] } },
{ "type": "Feature", "properties": { "ID": 1111101141600, "正式名称": "医療法人社団秀栄会所沢第一病院", "機関区分": 1, "都道府県コード": 11, "市区町村コード": 208, "所在地": "埼玉県所沢市下安松１５５９－１", "緯度": 35.792675, "経度": 139.499632, "url": "https://www.iryou.teikyouseido.mhlw.go.jp/znk-web/juminkanja/S2430/initialize?prefCd=11&kikanCd=1101141600&kikanKbn=1", "url2": "http://tokoichi.tdm.or.jp/", "内容": "医療法人社団秀栄会所沢第一病院【1:病院】【診療科目:内科_糖尿病・内分泌内科_脳神経内科_呼吸器内科_循環器内科_腎臓内科_外科_乳腺外科_整形外科_形成外科_婦人科_皮膚科_精神科_リハビリテーション科_麻酔科】【一般病床数:119療養病床数:80精神病床数:0感染症病床数:0合計病床数:199】埼玉県所沢市下安松１５５９－１" }, "geometry": { "type": "Point", "coordinates": [ 139.499632, 35.792675 ] } },
{ "type": "Feature", "properties": { "ID": 1111101143200, "正式名称": "医療法人社団明雄会　北所沢病院", "機関区分": 1, "都道府県コード": 11, "市区町村コード": 208, "所在地": "埼玉県所沢市下富", "緯度": 35.824907, "経度": 139.453854, "url": "https://www.iryou.teikyouseido.mhlw.go.jp/znk-web/juminkanja/S2430/initialize?prefCd=11&kikanCd=1101143200&kikanKbn=1", "url2": "http://www.kitatoko-hp.com/", "内容": "医療法人社団明雄会　北所沢病院【1:病院】【診療科目:内科_皮膚科_リハビリテーション科】【一般病床数:35療養病床数:96精神病床数:0感染症病床数:0合計病床数:131】埼玉県所沢市下富" }, "geometry": { "type": "Point", "coordinates": [ 139.453854, 35.824907 ] } },
{ "type": "Feature", "properties": { "ID": 1111101144000, "正式名称": "所沢美原総合病院", "機関区分": 1, "都道府県コード": 11, "市区町村コード": 208, "所在地": "埼玉県所沢市美原町２丁目２９３４－３", "緯度": 35.810811, "経度": 139.461193, "url": "https://www.iryou.teikyouseido.mhlw.go.jp/znk-web/juminkanja/S2430/initialize?prefCd=11&kikanCd=1101144000&kikanKbn=1", "url2": "https://tmgh.jp/", "内容": "所沢美原総合病院【1:病院】【診療科目:内科_呼吸器内科_循環器内科_消化器内科_外科_脳神経外科_脳外科_呼吸器外科_心臓血管外科_消化器外科_乳腺外科_整形外科_形成外科_婦人科_耳鼻いんこう科_皮膚科_泌尿器科_リハビリテーション科_放射線科_放射線診断科_病理診断科_臨床検査科_救急科_麻酔科】【一般病床数:221療養病床数:0精神病床数:0感染症病床数:0合計病床数:221】埼玉県所沢市美原町２丁目２９３４－３" }, "geometry": { "type": "Point", "coordinates": [ 139.461193, 35.810811 ] } },
{ "type": "Feature", "properties": { "ID": 1111101145900, "正式名称": "医療法人啓仁会　ロイヤルこころの里病院", "機関区分": 1, "都道府県コード": 11, "市区町村コード": 208, "所在地": "埼玉県所沢市北野三丁目２０番地１", "緯度": 35.79374, "経度": 139.41825, "url": "https://www.iryou.teikyouseido.mhlw.go.jp/znk-web/juminkanja/S2430/initialize?prefCd=11&kikanCd=1101145900&kikanKbn=1", "url2": "https://www.loyal-kokoronosato.jp/", "内容": "医療法人啓仁会　ロイヤルこころの里病院【1:病院】【診療科目:精神科_心療内科】【一般病床数:0療養病床数:0精神病床数:177感染症病床数:0合計病床数:177】埼玉県所沢市北野三丁目２０番地１" }, "geometry": { "type": "Point", "coordinates": [ 139.41825, 35.79374 ] } },
{ "type": "Feature", "properties": { "ID": 1111101146700, "正式名称": "所沢慈光病院", "機関区分": 1, "都道府県コード": 11, "市区町村コード": 208, "所在地": "埼玉県所沢市北中１－２２８", "緯度": 35.807486, "経度": 139.430851, "url": "https://www.iryou.teikyouseido.mhlw.go.jp/znk-web/juminkanja/S2430/initialize?prefCd=11&kikanCd=1101146700&kikanKbn=1", "url2": "http://www.kouyukai1968.or.jp/", "内容": "所沢慈光病院【1:病院】【診療科目:精神科_心療内科】【一般病床数:0療養病床数:0精神病床数:200感染症病床数:0合計病床数:200】埼玉県所沢市北中１－２２８" }, "geometry": { "type": "Point", "coordinates": [ 139.430851, 35.807486 ] } },
{ "type": "Feature", "properties": { "ID": 1111101147500, "正式名称": "明生リハビリテーション病院", "機関区分": 1, "都道府県コード": 11, "市区町村コード": 208, "所在地": "埼玉県所沢市東狭山ケ丘４―２６８１―２", "緯度": 35.808991, "経度": 139.426132, "url": "https://www.iryou.teikyouseido.mhlw.go.jp/znk-web/juminkanja/S2430/initialize?prefCd=11&kikanCd=1101147500&kikanKbn=1", "url2": "https://meisei-reha.jp/", "内容": "明生リハビリテーション病院【1:病院】【診療科目:リハビリテーション科】【一般病床数:0療養病床数:120精神病床数:0感染症病床数:0合計病床数:120】埼玉県所沢市東狭山ケ丘４―２６８１―２" }, "geometry": { "type": "Point", "coordinates": [ 139.426132, 35.808991 ] } },
{ "type": "Feature", "properties": { "ID": 1111101990500, "正式名称": "東松山市立市民病院", "機関区分": 1, "都道府県コード": 11, "市区町村コード": 212, "所在地": "埼玉県東松山市松山２３９２", "緯度": 36.054037, "経度": 139.405833, "url": "https://www.iryou.teikyouseido.mhlw.go.jp/znk-web/juminkanja/S2430/initialize?prefCd=11&kikanCd=1101990500&kikanKbn=1", "url2": "http://www.hmy-municipalhosp.jp/", "内容": "東松山市立市民病院【1:病院】【診療科目:内科_外科_脳神経外科_整形外科_小児科_眼科_耳鼻いんこう科_皮膚科_泌尿器科_リハビリテーション科_放射線科_麻酔科】【一般病床数:146療養病床数:0精神病床数:0感染症病床数:6合計病床数:152】埼玉県東松山市松山２３９２" }, "geometry": { "type": "Point", "coordinates": [ 139.405833, 36.054037 ] } },
{ "type": "Feature", "properties": { "ID": 1111101991300, "正式名称": "東松山病院", "機関区分": 1, "都道府県コード": 11, "市区町村コード": 212, "所在地": "埼玉県東松山市大谷４１６０－２", "緯度": 36.086253, "経度": 139.401316, "url": "https://www.iryou.teikyouseido.mhlw.go.jp/znk-web/juminkanja/S2430/initialize?prefCd=11&kikanCd=1101991300&kikanKbn=1", "url2": "http://hm-hospital.or.jp", "内容": "東松山病院【1:病院】【診療科目:内科_精神科_歯科】【一般病床数:0療養病床数:0精神病床数:364感染症病床数:0合計病床数:364】埼玉県東松山市大谷４１６０－２" }, "geometry": { "type": "Point", "coordinates": [ 139.401316, 36.086253 ] } },
{ "type": "Feature", "properties": { "ID": 1111101993000, "正式名称": "埼玉成恵会病院", "機関区分": 1, "都道府県コード": 11, "市区町村コード": 212, "所在地": "埼玉県東松山市大字石橋１７２１", "緯度": 36.040866, "経度": 139.378192, "url": "https://www.iryou.teikyouseido.mhlw.go.jp/znk-web/juminkanja/S2430/initialize?prefCd=11&kikanCd=1101993000&kikanKbn=1", "url2": "http://www.seikei.or.jp", "内容": "埼玉成恵会病院【1:病院】【診療科目:内科_血液内科_呼吸器内科_循環器内科_胃腸内科_腎臓内科_神経内科_外科_脳神経外科_肛門外科_整形外科_形成外科_婦人科_泌尿器科_リウマチ科_リハビリテーション科_放射線科_救急科_麻酔科】【一般病床数:170療養病床数:0精神病床数:0感染症病床数:0合計病床数:170】埼玉県東松山市大字石橋１７２１" }, "geometry": { "type": "Point", "coordinates": [ 139.378192, 36.040866 ] } },
{ "type": "Feature", "properties": { "ID": 1111101994800, "正式名称": "医療法人昭友会　埼玉森林病院", "機関区分": 1, "都道府県コード": 11, "市区町村コード": 341, "所在地": "埼玉県比企郡滑川町大字和泉７０４番地", "緯度": 36.08393, "経度": 139.332799, "url": "https://www.iryou.teikyouseido.mhlw.go.jp/znk-web/juminkanja/S2430/initialize?prefCd=11&kikanCd=1101994800&kikanKbn=1", "url2": "http://www.kokoro.or.jp/saitama/", "内容": "医療法人昭友会　埼玉森林病院【1:病院】【診療科目:内科_呼吸器内科_循環器内科_消化器内科_皮膚科_精神科_神経科_老年精神科_老年心療内科_認知症外来_歯科】【一般病床数:0療養病床数:0精神病床数:274感染症病床数:0合計病床数:274】埼玉県比企郡滑川町大字和泉７０４番地" }, "geometry": { "type": "Point", "coordinates": [ 139.332799, 36.08393 ] } },
{ "type": "Feature", "properties": { "ID": 1111101997200, "正式名称": "小川赤十字病院", "機関区分": 1, "都道府県コード": 11, "市区町村コード": 343, "所在地": "埼玉県比企郡小川町小川１５２５", "緯度": 36.06057, "経度": 139.273164, "url": "https://www.iryou.teikyouseido.mhlw.go.jp/znk-web/juminkanja/S2430/initialize?prefCd=11&kikanCd=1101997200&kikanKbn=1", "url2": "http://www.ogawa.jrc.or.jp/", "内容": "小川赤十字病院【1:病院】【診療科目:内科_血液内科_糖尿病・内分泌内科_呼吸器内科_循環器内科_腎臓内科_神経内科_外科_脳神経外科_消化器外科_乳腺・内分泌外科_整形外科_小児科_婦人科_眼科_耳鼻いんこう科_皮膚科_泌尿器科_精神科_リウマチ科_リハビリテーション科_放射線科_麻酔科】【一般病床数:252療養病床数:42精神病床数:40感染症病床数:0合計病床数:292】埼玉県比企郡小川町小川１５２５" }, "geometry": { "type": "Point", "coordinates": [ 139.273164, 36.06057 ] } },
{ "type": "Feature", "properties": { "ID": 1111101999900, "正式名称": "医療法人　瀬川病院", "機関区分": 1, "都道府県コード": 11, "市区町村コード": 343, "所在地": "埼玉県比企郡小川町大塚３０番地１", "緯度": 36.05584, "経度": 139.260293, "url": "https://www.iryou.teikyouseido.mhlw.go.jp/znk-web/juminkanja/S2430/initialize?prefCd=11&kikanCd=1101999900&kikanKbn=1", "url2": "http://www.segawa-byoin.com", "内容": "医療法人　瀬川病院【1:病院】【診療科目:内科_呼吸器内科_循環器内科_消化器内科_神経内科_外科_肛門外科_整形外科_皮膚科_泌尿器科】【一般病床数:41療養病床数:0精神病床数:0感染症病床数:0合計病床数:41】埼玉県比企郡小川町大塚３０番地１" }, "geometry": { "type": "Point", "coordinates": [ 139.260293, 36.05584 ] } },
{ "type": "Feature", "properties": { "ID": 1111102000800, "正式名称": "宏仁会小川病院", "機関区分": 1, "都道府県コード": 11, "市区町村コード": 343, "所在地": "埼玉県比企郡小川町原川２０５", "緯度": 36.067044, "経度": 139.245988, "url": "https://www.iryou.teikyouseido.mhlw.go.jp/znk-web/juminkanja/S2430/initialize?prefCd=11&kikanCd=1102000800&kikanKbn=1", "url2": "https://www.kohjinkai.or.jp/ogawa/index.html", "内容": "宏仁会小川病院【1:病院】【診療科目:内科_糖尿病内科_循環器内科_腎臓内科_人工透析内科_消化器外科_リハビリテーション科】【一般病床数:34療養病床数:0精神病床数:0感染症病床数:0合計病床数:34】埼玉県比企郡小川町原川２０５" }, "geometry": { "type": "Point", "coordinates": [ 139.245988, 36.067044 ] } },
{ "type": "Feature", "properties": { "ID": 1111102001600, "正式名称": "医療法人　東征会　大谷整形外科病院", "機関区分": 1, "都道府県コード": 11, "市区町村コード": 212, "所在地": "埼玉県東松山市下野本", "緯度": 36.016227, "経度": 139.420212, "url": "https://www.iryou.teikyouseido.mhlw.go.jp/znk-web/juminkanja/S2430/initialize?prefCd=11&kikanCd=1102001600&kikanKbn=1", "url2": "http://www.ohtaniseikei.jp/", "内容": "医療法人　東征会　大谷整形外科病院【1:病院】【診療科目:内科_整形外科_リハビリテーション科】【一般病床数:50療養病床数:0精神病床数:0感染症病床数:0合計病床数:50】埼玉県東松山市下野本" }, "geometry": { "type": "Point", "coordinates": [ 139.420212, 36.016227 ] } },
{ "type": "Feature", "properties": { "ID": 1111102003200, "正式名称": "医療法人　啓仁会　平成の森・川島病院", "機関区分": 1, "都道府県コード": 11, "市区町村コード": 346, "所在地": "埼玉県比企郡川島町畑中４７８－１", "緯度": 35.992059, "経度": 139.490101, "url": "https://www.iryou.teikyouseido.mhlw.go.jp/znk-web/juminkanja/S2430/initialize?prefCd=11&kikanCd=1102003200&kikanKbn=1", "url2": "http://www.kawashima-hospital.jp/", "内容": "医療法人　啓仁会　平成の森・川島病院【1:病院】【診療科目:内科_リハビリテーション科】【一般病床数:0療養病床数:238精神病床数:0感染症病床数:0合計病床数:238】埼玉県比企郡川島町畑中４７８－１" }, "geometry": { "type": "Point", "coordinates": [ 139.490101, 35.992059 ] } },
{ "type": "Feature", "properties": { "ID": 1111102231000, "正式名称": "医療法人柏成会　青木病院", "機関区分": 1, "都道府県コード": 11, "市区町村コード": 211, "所在地": "埼玉県本庄市下野堂１－１３－２７", "緯度": 36.249092, "経度": 139.165714, "url": "https://www.iryou.teikyouseido.mhlw.go.jp/znk-web/juminkanja/S2430/initialize?prefCd=11&kikanCd=1102231000&kikanKbn=1", "url2": "http://www.aoki-hospital.com/", "内容": "医療法人柏成会　青木病院【1:病院】【診療科目:内科_呼吸器内科_循環器内科_消化器内科_肝臓内科_脳神経外科_整形外科_泌尿器科_リウマチ科_リハビリテーション科_麻酔科】【一般病床数:47療養病床数:0精神病床数:0感染症病床数:0合計病床数:47】埼玉県本庄市下野堂１－１３－２７" }, "geometry": { "type": "Point", "coordinates": [ 139.165714, 36.249092 ] } },
{ "type": "Feature", "properties": { "ID": 1111102232900, "正式名称": "医療法人桂水会　岡病院", "機関区分": 1, "都道府県コード": 11, "市区町村コード": 211, "所在地": "埼玉県本庄市北堀　８１０", "緯度": 36.226609, "経度": 139.191896, "url": "https://www.iryou.teikyouseido.mhlw.go.jp/znk-web/juminkanja/S2430/initialize?prefCd=11&kikanCd=1102232900&kikanKbn=1", "url2": "http://www.oka-hospital.jp/", "内容": "医療法人桂水会　岡病院【1:病院】【診療科目:内科_循環器内科_消化器内科_腎臓内科_人工透析内科_消化器外科_肛門外科_泌尿器科】【一般病床数:64療養病床数:45精神病床数:0感染症病床数:0合計病床数:109】埼玉県本庄市北堀　８１０" }, "geometry": { "type": "Point", "coordinates": [ 139.191896, 36.226609 ] } },
{ "type": "Feature", "properties": { "ID": 1111102233700, "正式名称": "医療法人福島会彩北病院", "機関区分": 1, "都道府県コード": 11, "市区町村コード": 211, "所在地": "埼玉県本庄市小島５丁目６番１号", "緯度": 36.248215, "経度": 139.17546, "url": "https://www.iryou.teikyouseido.mhlw.go.jp/znk-web/juminkanja/S2430/initialize?prefCd=11&kikanCd=1102233700&kikanKbn=1", "url2": "https://saihoku.jp", "内容": "医療法人福島会彩北病院【1:病院】【診療科目:内科_精神科_歯科】【一般病床数:0療養病床数:30精神病床数:394感染症病床数:0合計病床数:424】埼玉県本庄市小島５丁目６番１号" }, "geometry": { "type": "Point", "coordinates": [ 139.17546, 36.248215 ] } },
{ "type": "Feature", "properties": { "ID": 1111102234500, "正式名称": "医療法人三光会　そのべ病院", "機関区分": 1, "都道府県コード": 11, "市区町村コード": 211, "所在地": "埼玉県本庄市千代田", "緯度": 36.244515, "経度": 139.179693, "url": "https://www.iryou.teikyouseido.mhlw.go.jp/znk-web/juminkanja/S2430/initialize?prefCd=11&kikanCd=1102234500&kikanKbn=1", "url2": "http://www.sonobe.or.jp", "内容": "医療法人三光会　そのべ病院【1:病院】【診療科目:内科_消化器内科_小児科_リハビリテーション科_放射線科】【一般病床数:22療養病床数:29精神病床数:0感染症病床数:0合計病床数:51】埼玉県本庄市千代田" }, "geometry": { "type": "Point", "coordinates": [ 139.179693, 36.244515 ] } },
{ "type": "Feature", "properties": { "ID": 1111102235300, "正式名称": "本庄駅前病院", "機関区分": 1, "都道府県コード": 11, "市区町村コード": 211, "所在地": "埼玉県本庄市駅南１―２―３２", "緯度": 36.236572, "経度": 139.186374, "url": "https://www.iryou.teikyouseido.mhlw.go.jp/znk-web/juminkanja/S2430/initialize?prefCd=11&kikanCd=1102235300&kikanKbn=1", "url2": "honjoekimae-hp.com", "内容": "本庄駅前病院【1:病院】【診療科目:内科_外科_消化器外科_肛門外科_整形外科_形成外科_皮膚科_リウマチ科_リハビリテーション科_放射線科】【一般病床数:39療養病床数:36精神病床数:0感染症病床数:0合計病床数:75】埼玉県本庄市駅南１―２―３２" }, "geometry": { "type": "Point", "coordinates": [ 139.186374, 36.236572 ] } },
{ "type": "Feature", "properties": { "ID": 1111102236100, "正式名称": "本庄総合病院", "機関区分": 1, "都道府県コード": 11, "市区町村コード": 211, "所在地": "埼玉県本庄市北堀１７８０", "緯度": 36.225637, "経度": 139.18716, "url": "https://www.iryou.teikyouseido.mhlw.go.jp/znk-web/juminkanja/S2430/initialize?prefCd=11&kikanCd=1102236100&kikanKbn=1", "url2": "http://www.honjo-hp.jp/", "内容": "本庄総合病院【1:病院】【診療科目:内科_外科_脳神経外科_肛門外科_整形外科_小児科_眼科_耳鼻いんこう科_皮膚科_泌尿器科】【一般病床数:183療養病床数:102精神病床数:0感染症病床数:2合計病床数:287】埼玉県本庄市北堀１７８０" }, "geometry": { "type": "Point", "coordinates": [ 139.18716, 36.225637 ] } },
{ "type": "Feature", "properties": { "ID": 1111102237000, "正式名称": "本庄福島病院", "機関区分": 1, "都道府県コード": 11, "市区町村コード": 211, "所在地": "埼玉県本庄市千代田１－１－１８", "緯度": 36.239952, "経度": 139.181849, "url": "https://www.iryou.teikyouseido.mhlw.go.jp/znk-web/juminkanja/S2430/initialize?prefCd=11&kikanCd=1102237000&kikanKbn=1", "url2": "http://honjo-hp.net/", "内容": "本庄福島病院【1:病院】【診療科目:内科_小児科】【一般病床数:0療養病床数:96精神病床数:0感染症病床数:0合計病床数:96】埼玉県本庄市千代田１－１－１８" }, "geometry": { "type": "Point", "coordinates": [ 139.181849, 36.239952 ] } },
{ "type": "Feature", "properties": { "ID": 1111102238800, "正式名称": "医療法人社団寿会　吉沢病院", "機関区分": 1, "都道府県コード": 11, "市区町村コード": 211, "所在地": "埼玉県本庄市１２１６－１", "緯度": 36.240094, "経度": 139.205008, "url": "https://www.iryou.teikyouseido.mhlw.go.jp/znk-web/juminkanja/S2430/initialize?prefCd=11&kikanCd=1102238800&kikanKbn=1", "url2": "http://www.yoshizawa-hospital.jp/", "内容": "医療法人社団寿会　吉沢病院【1:病院】【診療科目:内科_リハビリテーション科】【一般病床数:0療養病床数:91精神病床数:0感染症病床数:0合計病床数:91】埼玉県本庄市１２１６－１" }, "geometry": { "type": "Point", "coordinates": [ 139.205008, 36.240094 ] } },
{ "type": "Feature", "properties": { "ID": 1111102239600, "正式名称": "児玉中央病院", "機関区分": 1, "都道府県コード": 11, "市区町村コード": 211, "所在地": "埼玉県本庄市児玉町児玉南３－３－１", "緯度": 36.185646, "経度": 139.136344, "url": "https://www.iryou.teikyouseido.mhlw.go.jp/znk-web/juminkanja/S2430/initialize?prefCd=11&kikanCd=1102239600&kikanKbn=1", "url2": "http://kchosp.jp/", "内容": "児玉中央病院【1:病院】【診療科目:内科_外科_脳神経外科_消化器外科_整形外科_形成外科_泌尿器科_リハビリテーション科】【一般病床数:46療養病床数:0精神病床数:0感染症病床数:0合計病床数:46】埼玉県本庄市児玉町児玉南３－３－１" }, "geometry": { "type": "Point", "coordinates": [ 139.136344, 36.185646 ] } },
{ "type": "Feature", "properties": { "ID": 1111102240000, "正式名称": "医療法人鈴木外科病院", "機関区分": 1, "都道府県コード": 11, "市区町村コード": 211, "所在地": "埼玉県本庄市児玉町八幡山２９３", "緯度": 36.193473, "経度": 139.129997, "url": "https://www.iryou.teikyouseido.mhlw.go.jp/znk-web/juminkanja/S2430/initialize?prefCd=11&kikanCd=1102240000&kikanKbn=1", "url2": "http://www.suzukigekahp.com", "内容": "医療法人鈴木外科病院【1:病院】【診療科目:内科_外科_消化器外科_乳腺外科_ペインクリニック外科_リハビリテーション科_麻酔科】【一般病床数:42療養病床数:0精神病床数:0感染症病床数:0合計病床数:42】埼玉県本庄市児玉町八幡山２９３" }, "geometry": { "type": "Point", "coordinates": [ 139.129997, 36.193473 ] } },
{ "type": "Feature", "properties": { "ID": 1111102373200, "正式名称": "西熊谷病院", "機関区分": 1, "都道府県コード": 11, "市区町村コード": 202, "所在地": "埼玉県熊谷市石原", "緯度": 36.15447, "経度": 139.370762, "url": "https://www.iryou.teikyouseido.mhlw.go.jp/znk-web/juminkanja/S2430/initialize?prefCd=11&kikanCd=1102373200&kikanKbn=1", "url2": "http://www.nishikuma.or.jp/hospital/", "内容": "西熊谷病院【1:病院】【診療科目:精神科】【一般病床数:0療養病床数:0精神病床数:528感染症病床数:0合計病床数:528】埼玉県熊谷市石原" }, "geometry": { "type": "Point", "coordinates": [ 139.370762, 36.15447 ] } },
{ "type": "Feature", "properties": { "ID": 1111102374000, "正式名称": "熊谷外科病院", "機関区分": 1, "都道府県コード": 11, "市区町村コード": 202, "所在地": "埼玉県熊谷市佐谷田３８１１番地１", "緯度": 36.131265, "経度": 139.403072, "url": "https://www.iryou.teikyouseido.mhlw.go.jp/znk-web/juminkanja/S2430/initialize?prefCd=11&kikanCd=1102374000&kikanKbn=1", "url2": "https://www.kumagayageka.or.jp", "内容": "熊谷外科病院【1:病院】【診療科目:内科_循環器内科_消化器内科_外科_脳神経外科_消化器外科_肛門外科_整形外科_形成外科_皮膚科_泌尿器科_リハビリテーション科_麻酔科】【一般病床数:154療養病床数:0精神病床数:0感染症病床数:0合計病床数:154】埼玉県熊谷市佐谷田３８１１番地１" }, "geometry": { "type": "Point", "coordinates": [ 139.403072, 36.131265 ] } },
{ "type": "Feature", "properties": { "ID": 1111102375900, "正式名称": "藤間病院", "機関区分": 1, "都道府県コード": 11, "市区町村コード": 202, "所在地": "埼玉県熊谷市末広２－１３７", "緯度": 36.14395, "経度": 139.394791, "url": "https://www.iryou.teikyouseido.mhlw.go.jp/znk-web/juminkanja/S2430/initialize?prefCd=11&kikanCd=1102375900&kikanKbn=1", "url2": "https://toma-hp.com", "内容": "藤間病院【1:病院】【診療科目:内科_循環器内科_消化器内科_外科_乳腺外科_整形外科_産婦人科_泌尿器科_リウマチ科_リハビリテーション科】【一般病床数:106療養病床数:0精神病床数:0感染症病床数:0合計病床数:106】埼玉県熊谷市末広２－１３７" }, "geometry": { "type": "Point", "coordinates": [ 139.394791, 36.14395 ] } },
{ "type": "Feature", "properties": { "ID": 1111102376700, "正式名称": "埼玉慈恵病院", "機関区分": 1, "都道府県コード": 11, "市区町村コード": 202, "所在地": "埼玉県熊谷市石原３丁目２０８番地", "緯度": 36.148962, "経度": 139.377598, "url": "https://www.iryou.teikyouseido.mhlw.go.jp/znk-web/juminkanja/S2430/initialize?prefCd=11&kikanCd=1102376700&kikanKbn=1", "url2": "http://www.jikei.or.jp", "内容": "埼玉慈恵病院【1:病院】【診療科目:内科_呼吸器内科_循環器内科_消化器内科_外科_脳神経外科_消化器外科_整形外科_形成外科_皮膚科_泌尿器科_リハビリテーション科_放射線科_麻酔科】【一般病床数:160療養病床数:0精神病床数:0感染症病床数:0合計病床数:160】埼玉県熊谷市石原３丁目２０８番地" }, "geometry": { "type": "Point", "coordinates": [ 139.377598, 36.148962 ] } },
{ "type": "Feature", "properties": { "ID": 1111102377500, "正式名称": "熊谷生協病院", "機関区分": 1, "都道府県コード": 11, "市区町村コード": 202, "所在地": "埼玉県熊谷市上之３８５４", "緯度": 36.150502, "経度": 139.413759, "url": "https://www.iryou.teikyouseido.mhlw.go.jp/znk-web/juminkanja/S2430/initialize?prefCd=11&kikanCd=1102377500&kikanKbn=1", "url2": "http://www.kumagaya-hospital.coop", "内容": "熊谷生協病院【1:病院】【診療科目:内科_乳腺外科_小児科】【一般病床数:50療養病床数:55精神病床数:0感染症病床数:0合計病床数:105】埼玉県熊谷市上之３８５４" }, "geometry": { "type": "Point", "coordinates": [ 139.413759, 36.150502 ] } },
{ "type": "Feature", "properties": { "ID": 1111102378300, "正式名称": "籠原病院", "機関区分": 1, "都道府県コード": 11, "市区町村コード": 202, "所在地": "埼玉県熊谷市美土里町", "緯度": 36.16929, "経度": 139.31848, "url": "https://www.iryou.teikyouseido.mhlw.go.jp/znk-web/juminkanja/S2430/initialize?prefCd=11&kikanCd=1102378300&kikanKbn=1", "url2": "https://kagohara-hospital.net/", "内容": "籠原病院【1:病院】【診療科目:内科_呼吸器内科_循環器内科_消化器内科_外科_脳神経外科_消化器外科_整形外科_泌尿器科_精神科_心療内科_リハビリテーション科】【一般病床数:37療養病床数:0精神病床数:0感染症病床数:0合計病床数:37】埼玉県熊谷市美土里町" }, "geometry": { "type": "Point", "coordinates": [ 139.31848, 36.16929 ] } },
{ "type": "Feature", "properties": { "ID": 1111102379100, "正式名称": "医療法人　熊谷福島病院", "機関区分": 1, "都道府県コード": 11, "市区町村コード": 202, "所在地": "埼玉県熊谷市宮前町１－１３５－２", "緯度": 36.140116, "経度": 139.381362, "url": "https://www.iryou.teikyouseido.mhlw.go.jp/znk-web/juminkanja/S2430/initialize?prefCd=11&kikanCd=1102379100&kikanKbn=1", "url2": "www.fukushima-hospital.net/", "内容": "医療法人　熊谷福島病院【1:病院】【診療科目:内科_循環器内科_消化器内科_放射線科】【一般病床数:0療養病床数:93精神病床数:0感染症病床数:0合計病床数:93】埼玉県熊谷市宮前町１－１３５－２" }, "geometry": { "type": "Point", "coordinates": [ 139.381362, 36.140116 ] } },
{ "type": "Feature", "properties": { "ID": 1111102380500, "正式名称": "医療法人啓清会　関東脳神経外科病院", "機関区分": 1, "都道府県コード": 11, "市区町村コード": 202, "所在地": "埼玉県熊谷市代", "緯度": 36.175018, "経度": 139.369309, "url": "https://www.iryou.teikyouseido.mhlw.go.jp/znk-web/juminkanja/S2430/initialize?prefCd=11&kikanCd=1102380500&kikanKbn=1", "url2": "http://www.kantounouge.com/", "内容": "医療法人啓清会　関東脳神経外科病院【1:病院】【診療科目:内科_脳神経内科_外科_脳神経外科_歯科口腔外科_リハビリテーション科_放射線科_麻酔科】【一般病床数:92療養病床数:57精神病床数:0感染症病床数:0合計病床数:149】埼玉県熊谷市代" }, "geometry": { "type": "Point", "coordinates": [ 139.369309, 36.175018 ] } },
{ "type": "Feature", "properties": { "ID": 1111102381300, "正式名称": "埼玉県立循環器・呼吸器病センター", "機関区分": 1, "都道府県コード": 11, "市区町村コード": 202, "所在地": "埼玉県熊谷市板井１６９６", "緯度": 36.111129, "経度": 139.305209, "url": "https://www.iryou.teikyouseido.mhlw.go.jp/znk-web/juminkanja/S2430/initialize?prefCd=11&kikanCd=1102381300&kikanKbn=1", "url2": "https://www.saitama-pho.jp/junko-c/index.html", "内容": "埼玉県立循環器・呼吸器病センター【1:病院】【診療科目:呼吸器内科_循環器内科_腎臓内科_緩和ケア内科_脳神経外科_呼吸器外科_血管外科_心臓外科_消化器外科_歯科_リハビリテーション科_放射線診断科_放射線治療科_病理診断科_麻酔科】【一般病床数:292療養病床数:0精神病床数:0感染症病床数:21合計病床数:343】埼玉県熊谷市板井１６９６" }, "geometry": { "type": "Point", "coordinates": [ 139.305209, 36.111129 ] } },
{ "type": "Feature", "properties": { "ID": 1111102382100, "正式名称": "埼玉江南病院", "機関区分": 1, "都道府県コード": 11, "市区町村コード": 202, "所在地": "埼玉県熊谷市江南中央２－７－２", "緯度": 36.113796, "経度": 139.338208, "url": "https://www.iryou.teikyouseido.mhlw.go.jp/znk-web/juminkanja/S2430/initialize?prefCd=11&kikanCd=1102382100&kikanKbn=1", "url2": "https://kounanhospital.jp", "内容": "埼玉江南病院【1:病院】【診療科目:内科_精神科】【一般病床数:0療養病床数:0精神病床数:262感染症病床数:0合計病床数:262】埼玉県熊谷市江南中央２－７－２" }, "geometry": { "type": "Point", "coordinates": [ 139.338208, 36.113796 ] } },
{ "type": "Feature", "properties": { "ID": 1111102383000, "正式名称": "埼玉よりい病院", "機関区分": 1, "都道府県コード": 11, "市区町村コード": 408, "所在地": "埼玉県大里郡寄居町用土３９５", "緯度": 36.140094, "経度": 139.195597, "url": "https://www.iryou.teikyouseido.mhlw.go.jp/znk-web/juminkanja/S2430/initialize?prefCd=11&kikanCd=1102383000&kikanKbn=1", "url2": "http://www.shunjinkai.or.jp", "内容": "埼玉よりい病院【1:病院】【診療科目:内科_循環器内科_神経内科_脳神経外科_整形外科_小児科_泌尿器科_歯科口腔外科_リハビリテーション科_放射線科_麻酔科】【一般病床数:97療養病床数:48精神病床数:0感染症病床数:0合計病床数:145】埼玉県大里郡寄居町用土３９５" }, "geometry": { "type": "Point", "coordinates": [ 139.195597, 36.140094 ] } },
{ "type": "Feature", "properties": { "ID": 1111102384800, "正式名称": "埼玉療育医療センター", "機関区分": 1, "都道府県コード": 11, "市区町村コード": 408, "所在地": "埼玉県大里郡寄居町藤田１７９番地１", "緯度": 36.116249, "経度": 139.18253, "url": "https://www.iryou.teikyouseido.mhlw.go.jp/znk-web/juminkanja/S2430/initialize?prefCd=11&kikanCd=1102384800&kikanKbn=1", "url2": "http://www.saitama-ryouikuen.net", "内容": "埼玉療育医療センター【1:病院】【診療科目:内科_整形外科_小児科_児童精神科_小児神経科】【一般病床数:42療養病床数:48精神病床数:0感染症病床数:0合計病床数:90】埼玉県大里郡寄居町藤田１７９番地１" }, "geometry": { "type": "Point", "coordinates": [ 139.18253, 36.116249 ] } },
{ "type": "Feature", "properties": { "ID": 1111102385600, "正式名称": "深谷赤十字病院", "機関区分": 1, "都道府県コード": 11, "市区町村コード": 218, "所在地": "埼玉県深谷市上柴町西５−８−１", "緯度": 36.183357, "経度": 139.294964, "url": "https://www.iryou.teikyouseido.mhlw.go.jp/znk-web/juminkanja/S2430/initialize?prefCd=11&kikanCd=1102385600&kikanKbn=1", "url2": "http://www.fukaya.jrc.or.jp/", "内容": "深谷赤十字病院【1:病院】【診療科目:内科_血液内科_脳神経内科_循環器内科_消化器内科_腎臓内科_外科_脳神経外科_呼吸器外科_心臓血管外科_乳腺外科_整形外科_形成外科_緩和ケア外科_小児科_小児外科_産婦人科_眼科_耳鼻いんこう科_皮膚科_泌尿器科_精神科_歯科口腔外科_リハビリテーション科_放射線診断科_放射線治療科_病理診断科_救急科_麻酔科】【一般病床数:460療養病床数:0精神病床数:0感染症病床数:6合計病床数:466】埼玉県深谷市上柴町西５−８−１" }, "geometry": { "type": "Point", "coordinates": [ 139.294964, 36.183357 ] } },
{ "type": "Feature", "properties": { "ID": 1111102386400, "正式名称": "医療法人良仁会　桜ヶ丘病院", "機関区分": 1, "都道府県コード": 11, "市区町村コード": 218, "所在地": "埼玉県深谷市国済寺４０８番地５", "緯度": 36.191015, "経度": 139.294186, "url": "https://www.iryou.teikyouseido.mhlw.go.jp/znk-web/juminkanja/S2430/initialize?prefCd=11&kikanCd=1102386400&kikanKbn=1", "url2": "https://www.sakuragaoka-hospital.jp/", "内容": "医療法人良仁会　桜ヶ丘病院【1:病院】【診療科目:内科_内分泌内科_消化器内科_小児科_産科_婦人科_麻酔科】【一般病床数:60療養病床数:0精神病床数:0感染症病床数:0合計病床数:60】埼玉県深谷市国済寺４０８番地５" }, "geometry": { "type": "Point", "coordinates": [ 139.294186, 36.191015 ] } },
{ "type": "Feature", "properties": { "ID": 1111102387200, "正式名称": "北深谷病院", "機関区分": 1, "都道府県コード": 11, "市区町村コード": 218, "所在地": "埼玉県深谷市江原３５０", "緯度": 36.224078, "経度": 139.326707, "url": "https://www.iryou.teikyouseido.mhlw.go.jp/znk-web/juminkanja/S2430/initialize?prefCd=11&kikanCd=1102387200&kikanKbn=1", "url2": "http://www.kitafukaya.jp", "内容": "北深谷病院【1:病院】【診療科目:精神科】【一般病床数:5療養病床数:0精神病床数:172感染症病床数:0合計病床数:177】埼玉県深谷市江原３５０" }, "geometry": { "type": "Point", "coordinates": [ 139.326707, 36.224078 ] } },
{ "type": "Feature", "properties": { "ID": 1111102388000, "正式名称": "医療法人社団優慈会　佐々木病院", "機関区分": 1, "都道府県コード": 11, "市区町村コード": 218, "所在地": "埼玉県深谷市西島町２－１６－１", "緯度": 36.193492, "経度": 139.283057, "url": "https://www.iryou.teikyouseido.mhlw.go.jp/znk-web/juminkanja/S2430/initialize?prefCd=11&kikanCd=1102388000&kikanKbn=1", "url2": "http://www.sasaki-hp.or.jp", "内容": "医療法人社団優慈会　佐々木病院【1:病院】【診療科目:内科_糖尿病内科_脳神経内科_循環器内科_神経内科_漢方内科_外科_脳神経外科_消化器外科_肛門外科_整形外科_形成外科_皮膚科_リハビリテーション科】【一般病床数:79療養病床数:50精神病床数:0感染症病床数:0合計病床数:129】埼玉県深谷市西島町２－１６－１" }, "geometry": { "type": "Point", "coordinates": [ 139.283057, 36.193492 ] } },
{ "type": "Feature", "properties": { "ID": 1111102389900, "正式名称": "医療法人信猶会　菊地病院", "機関区分": 1, "都道府県コード": 11, "市区町村コード": 218, "所在地": "埼玉県深谷市上野台", "緯度": 36.190301, "経度": 139.278793, "url": "https://www.iryou.teikyouseido.mhlw.go.jp/znk-web/juminkanja/S2430/initialize?prefCd=11&kikanCd=1102389900&kikanKbn=1", "url2": "www.kikuchi-hosp.or.jp", "内容": "医療法人信猶会　菊地病院【1:病院】【診療科目:内科_呼吸器内科_小児科_産科_婦人科_アレルギー科_麻酔科】【一般病床数:60療養病床数:0精神病床数:0感染症病床数:0合計病床数:60】埼玉県深谷市上野台" }, "geometry": { "type": "Point", "coordinates": [ 139.278793, 36.190301 ] } },
{ "type": "Feature", "properties": { "ID": 1111102391000, "正式名称": "医療法人邦央会　楽仙堂病院", "機関区分": 1, "都道府県コード": 11, "市区町村コード": 218, "所在地": "埼玉県深谷市東方２１００番地", "緯度": 36.194204, "経度": 139.310657, "url": "https://www.iryou.teikyouseido.mhlw.go.jp/znk-web/juminkanja/S2430/initialize?prefCd=11&kikanCd=1102391000&kikanKbn=1", "url2": "https://rakusendo-hp.jp/", "内容": "医療法人邦央会　楽仙堂病院【1:病院】【診療科目:内科_腎臓内科_人工透析内科_精神科_心療内科】【一般病床数:0療養病床数:0精神病床数:110感染症病床数:0合計病床数:110】埼玉県深谷市東方２１００番地" }, "geometry": { "type": "Point", "coordinates": [ 139.310657, 36.194204 ] } },
{ "type": "Feature", "properties": { "ID": 1111102392900, "正式名称": "医療法人　葵　深谷中央病院", "機関区分": 1, "都道府県コード": 11, "市区町村コード": 218, "所在地": "埼玉県深谷市原郷５００番地", "緯度": 36.204091, "経度": 139.295108, "url": "https://www.iryou.teikyouseido.mhlw.go.jp/znk-web/juminkanja/S2430/initialize?prefCd=11&kikanCd=1102392900&kikanKbn=1", "url2": "http://www.fukaya-ch.jp/", "内容": "医療法人　葵　深谷中央病院【1:病院】【診療科目:内科_消化器内科_整形外科_皮膚科_歯科_矯正歯科_リウマチ科_リハビリテーション科】【一般病床数:72療養病床数:0精神病床数:0感染症病床数:0合計病床数:72】埼玉県深谷市原郷５００番地" }, "geometry": { "type": "Point", "coordinates": [ 139.295108, 36.204091 ] } },
{ "type": "Feature", "properties": { "ID": 1111102393700, "正式名称": "あねとす病院", "機関区分": 1, "都道府県コード": 11, "市区町村コード": 218, "所在地": "埼玉県深谷市人見１９７５", "緯度": 36.162312, "経度": 139.264623, "url": "https://www.iryou.teikyouseido.mhlw.go.jp/znk-web/juminkanja/S2430/initialize?prefCd=11&kikanCd=1102393700&kikanKbn=1", "url2": "http://www.anetosu.jp", "内容": "あねとす病院【1:病院】【診療科目:内科_整形外科_皮膚科_リハビリテーション科】【一般病床数:33療養病床数:154精神病床数:0感染症病床数:0合計病床数:187】埼玉県深谷市人見１９７５" }, "geometry": { "type": "Point", "coordinates": [ 139.264623, 36.162312 ] } },
{ "type": "Feature", "properties": { "ID": 1111102394500, "正式名称": "皆成病院", "機関区分": 1, "都道府県コード": 11, "市区町村コード": 218, "所在地": "埼玉県深谷市西島町３－１１－１", "緯度": 36.192892, "経度": 139.279201, "url": "https://www.iryou.teikyouseido.mhlw.go.jp/znk-web/juminkanja/S2430/initialize?prefCd=11&kikanCd=1102394500&kikanKbn=1", "url2": "http://www.kaisei-hosp.jp", "内容": "皆成病院【1:病院】【診療科目:内科_外科_整形外科_リハビリテーション科】【一般病床数:59療養病床数:0精神病床数:0感染症病床数:0合計病床数:59】埼玉県深谷市西島町３－１１－１" }, "geometry": { "type": "Point", "coordinates": [ 139.279201, 36.192892 ] } },
{ "type": "Feature", "properties": { "ID": 1111102825400, "正式名称": "行田中央総合病院", "機関区分": 1, "都道府県コード": 11, "市区町村コード": 206, "所在地": "埼玉県行田市富士見町２－１７－１７", "緯度": 36.147953, "経度": 139.47519, "url": "https://www.iryou.teikyouseido.mhlw.go.jp/znk-web/juminkanja/S2430/initialize?prefCd=11&kikanCd=1102825400&kikanKbn=1", "url2": "http://www.gcgh.jp/", "内容": "行田中央総合病院【1:病院】【診療科目:内科_糖尿病内科_呼吸器内科_循環器内科_漢方内科_外科_呼吸器外科_消化器外科_ペインクリニック外科_整形外科_形成外科_小児科_産婦人科_眼科_皮膚科_アレルギー科_リウマチ科_リハビリテーション科_放射線科_麻酔科】【一般病床数:100療養病床数:60精神病床数:0感染症病床数:0合計病床数:160】埼玉県行田市富士見町２－１７－１７" }, "geometry": { "type": "Point", "coordinates": [ 139.47519, 36.147953 ] } },
{ "type": "Feature", "properties": { "ID": 1111102826200, "正式名称": "社会医療法人壮幸会　行田総合病院", "機関区分": 1, "都道府県コード": 11, "市区町村コード": 206, "所在地": "埼玉県行田市持田３７６", "緯度": 36.125811, "経度": 139.449263, "url": "https://www.iryou.teikyouseido.mhlw.go.jp/znk-web/juminkanja/S2430/initialize?prefCd=11&kikanCd=1102826200&kikanKbn=1", "url2": "https://gyoda-hp.or.jp", "内容": "社会医療法人壮幸会　行田総合病院【1:病院】【診療科目:内科_呼吸器内科_循環器内科_消化器内科_腎臓内科_神経内科_腫瘍内科_ペインクリニック内科_緩和ケア内科_外科_脳神経外科_呼吸器外科_血管外科_消化器外科_肛門外科_ペインクリニック外科_整形外科_小児科_眼科_耳鼻いんこう科_皮膚科_泌尿器科_精神科_心療内科_リウマチ科_リハビリテーション科_放射線科_病理診断科_救急科_麻酔科】【一般病床数:450療養病床数:54精神病床数:0感染症病床数:0合計病床数:504】埼玉県行田市持田３７６" }, "geometry": { "type": "Point", "coordinates": [ 139.449263, 36.125811 ] } },
{ "type": "Feature", "properties": { "ID": 1111102827000, "正式名称": "医療法人社団弘人会　中田病院", "機関区分": 1, "都道府県コード": 11, "市区町村コード": 210, "所在地": "埼玉県加須市元町６番８号", "緯度": 36.122847, "経度": 139.599586, "url": "https://www.iryou.teikyouseido.mhlw.go.jp/znk-web/juminkanja/S2430/initialize?prefCd=11&kikanCd=1102827000&kikanKbn=1", "url2": "https://www.nakada-hp.com", "内容": "医療法人社団弘人会　中田病院【1:病院】【診療科目:内科_糖尿病内科_呼吸器内科_循環器内科_消化器内科_神経内科_内視鏡内科_外科_脳神経外科_呼吸器外科_内視鏡外科_整形外科_形成外科_小児科_皮膚科_リウマチ科_リハビリテーション科_放射線科_麻酔科】【一般病床数:117療養病床数:0精神病床数:0感染症病床数:0合計病床数:117】埼玉県加須市元町６番８号" }, "geometry": { "type": "Point", "coordinates": [ 139.599586, 36.122847 ] } },
{ "type": "Feature", "properties": { "ID": 1111102829700, "正式名称": "医療法人十善病院", "機関区分": 1, "都道府県コード": 11, "市区町村コード": 210, "所在地": "埼玉県加須市愛宕１－９－１６", "緯度": 36.132376, "経度": 139.58819, "url": "https://www.iryou.teikyouseido.mhlw.go.jp/znk-web/juminkanja/S2430/initialize?prefCd=11&kikanCd=1102829700&kikanKbn=1", "url2": "http://www.10zen-hosp.com", "内容": "医療法人十善病院【1:病院】【診療科目:内科_糖尿病内科_内分泌内科_呼吸器内科_循環器内科_外科_消化器外科_肛門外科_整形外科_皮膚科_泌尿器科】【一般病床数:36療養病床数:0精神病床数:0感染症病床数:0合計病床数:36】埼玉県加須市愛宕１－９－１６" }, "geometry": { "type": "Point", "coordinates": [ 139.58819, 36.132376 ] } },
{ "type": "Feature", "properties": { "ID": 1111102830000, "正式名称": "医療法人　藍生会　不動ケ丘病院", "機関区分": 1, "都道府県コード": 11, "市区町村コード": 210, "所在地": "埼玉県加須市岡古井１０７", "緯度": 36.13855, "経度": 139.575726, "url": "https://www.iryou.teikyouseido.mhlw.go.jp/znk-web/juminkanja/S2430/initialize?prefCd=11&kikanCd=1102830000&kikanKbn=1", "url2": "http://www.fudou-hp.jp/", "内容": "医療法人　藍生会　不動ケ丘病院【1:病院】【診療科目:内科_精神科_神経科_心療内科】【一般病床数:0療養病床数:0精神病床数:177感染症病床数:0合計病床数:177】埼玉県加須市岡古井１０７" }, "geometry": { "type": "Point", "coordinates": [ 139.575726, 36.13855 ] } },
{ "type": "Feature", "properties": { "ID": 1111102831900, "正式名称": "医療法人至信会　池沢神経科病院", "機関区分": 1, "都道府県コード": 11, "市区町村コード": 216, "所在地": "埼玉県羽生市下新郷５５１", "緯度": 36.141157, "経度": 139.5245, "url": "https://www.iryou.teikyouseido.mhlw.go.jp/znk-web/juminkanja/S2430/initialize?prefCd=11&kikanCd=1102831900&kikanKbn=1", "url2": null, "内容": "医療法人至信会　池沢神経科病院【1:病院】【診療科目:精神科】【一般病床数:0療養病床数:0精神病床数:135感染症病床数:0合計病床数:135】埼玉県羽生市下新郷５５１" }, "geometry": { "type": "Point", "coordinates": [ 139.5245, 36.141157 ] } },
{ "type": "Feature", "properties": { "ID": 1111102833500, "正式名称": "栗原眼科病院", "機関区分": 1, "都道府県コード": 11, "市区町村コード": 216, "所在地": "埼玉県羽生市下岩瀬２８９", "緯度": 36.161578, "経度": 139.530713, "url": "https://www.iryou.teikyouseido.mhlw.go.jp/znk-web/juminkanja/S2430/initialize?prefCd=11&kikanCd=1102833500&kikanKbn=1", "url2": "http://www.kurihara-eye.or.jp", "内容": "栗原眼科病院【1:病院】【診療科目:眼科】【一般病床数:45療養病床数:0精神病床数:0感染症病床数:0合計病床数:45】埼玉県羽生市下岩瀬２８９" }, "geometry": { "type": "Point", "coordinates": [ 139.530713, 36.161578 ] } },
{ "type": "Feature", "properties": { "ID": 1111103064000, "正式名称": "医療法人梅原病院", "機関区分": 1, "都道府県コード": 11, "市区町村コード": 214, "所在地": "埼玉県春日部市小渕４５５番地１", "緯度": 35.993413, "経度": 139.753124, "url": "https://www.iryou.teikyouseido.mhlw.go.jp/znk-web/juminkanja/S2430/initialize?prefCd=11&kikanCd=1103064000&kikanKbn=1", "url2": "http://umehara3.sakura.ne.jp/", "内容": "医療法人梅原病院【1:病院】【診療科目:内科_呼吸器内科_胃腸内科_外科_肛門外科_整形外科】【一般病床数:59療養病床数:67精神病床数:0感染症病床数:0合計病床数:126】埼玉県春日部市小渕４５５番地１" }, "geometry": { "type": "Point", "coordinates": [ 139.753124, 35.993413 ] } },
{ "type": "Feature", "properties": { "ID": 1111103066600, "正式名称": "秀和総合病院", "機関区分": 1, "都道府県コード": 11, "市区町村コード": 214, "所在地": "埼玉県春日部市谷原新田１２００", "緯度": 35.961628, "経度": 139.748481, "url": "https://www.iryou.teikyouseido.mhlw.go.jp/znk-web/juminkanja/S2430/initialize?prefCd=11&kikanCd=1103066600&kikanKbn=1", "url2": "http://www.shuuwa-gh.or.jp", "内容": "秀和総合病院【1:病院】【診療科目:内科_糖尿病内科_内分泌内科_呼吸器内科_循環器内科_消化器内科_腎臓内科_人工透析内科_肝臓内科_神経内科_内視鏡内科_アレルギー疾患内科_外科_脳神経外科_呼吸器外科_食道外科_消化器外科_大腸外科_肝臓外科_乳腺外科_内視鏡外科_整形外科_形成外科_婦人科_眼科_皮膚科_泌尿器科_リウマチ科_リハビリテーション科_放射線科_放射線診断科_病理診断科_臨床検査科_救急科_麻酔科】【一般病床数:300療養病床数:50精神病床数:0感染症病床数:0合計病床数:350】埼玉県春日部市谷原新田１２００" }, "geometry": { "type": "Point", "coordinates": [ 139.748481, 35.961628 ] } },
{ "type": "Feature", "properties": { "ID": 1111103067400, "正式名称": "医療法人財団明理会　春日部中央総合病院", "機関区分": 1, "都道府県コード": 11, "市区町村コード": 214, "所在地": "埼玉県春日部市緑町５－９－４", "緯度": 35.9652, "経度": 139.771274, "url": "https://www.iryou.teikyouseido.mhlw.go.jp/znk-web/juminkanja/S2430/initialize?prefCd=11&kikanCd=1103067400&kikanKbn=1", "url2": "http://www.kasukabechuo.com/", "内容": "医療法人財団明理会　春日部中央総合病院【1:病院】【診療科目:内科_血液内科_糖尿病・代謝内科_呼吸器内科_循環器内科_消化器内科_腎臓内科_腫瘍内科_緩和ケア内科_外科_脳神経外科_心臓血管外科_整形外科_形成外科_婦人科_眼科_耳鼻いんこう科_皮膚科_泌尿器科_リハビリテーション科_放射線科_救急科_麻酔科】【一般病床数:404療養病床数:0精神病床数:0感染症病床数:0合計病床数:404】埼玉県春日部市緑町５－９－４" }, "geometry": { "type": "Point", "coordinates": [ 139.771274, 35.9652 ] } },
{ "type": "Feature", "properties": { "ID": 1111103068200, "正式名称": "医療法人光仁会春日部厚生病院春日部厚生病院", "機関区分": 1, "都道府県コード": 11, "市区町村コード": 214, "所在地": "埼玉県春日部市緑町６丁目１１番４８号", "緯度": 35.966836, "経度": 139.766074, "url": "https://www.iryou.teikyouseido.mhlw.go.jp/znk-web/juminkanja/S2430/initialize?prefCd=11&kikanCd=1103068200&kikanKbn=1", "url2": "http://www.skmg.jp/kasukabe-kosei/", "内容": "医療法人光仁会春日部厚生病院春日部厚生病院【1:病院】【診療科目:内科_呼吸器内科_脳神経外科_整形外科_形成外科_皮膚科_泌尿器科_リハビリテーション科】【一般病床数:90療養病床数:100精神病床数:0感染症病床数:0合計病床数:190】埼玉県春日部市緑町６丁目１１番４８号" }, "geometry": { "type": "Point", "coordinates": [ 139.766074, 35.966836 ] } },
{ "type": "Feature", "properties": { "ID": 1111103069000, "正式名称": "医療法人社団春明会　みくに病院", "機関区分": 1, "都道府県コード": 11, "市区町村コード": 214, "所在地": "埼玉県春日部市下大増新田", "緯度": 35.955456, "経度": 139.741571, "url": "https://www.iryou.teikyouseido.mhlw.go.jp/znk-web/juminkanja/S2430/initialize?prefCd=11&kikanCd=1103069000&kikanKbn=1", "url2": "http://www.syunmeikai.com/mikuni_hp/", "内容": "医療法人社団春明会　みくに病院【1:病院】【診療科目:内科_脳神経内科_呼吸器内科_循環器内科_消化器内科_漢方内科_外科_消化器外科_大腸・肛門外科_整形外科_皮膚科_リハビリテーション科_大腸・こう門外科】【一般病床数:44療養病床数:0精神病床数:0感染症病床数:0合計病床数:44】埼玉県春日部市下大増新田" }, "geometry": { "type": "Point", "coordinates": [ 139.741571, 35.955456 ] } },
{ "type": "Feature", "properties": { "ID": 1111103070400, "正式名称": "医療法人社団嬉泉会春日部嬉泉病院", "機関区分": 1, "都道府県コード": 11, "市区町村コード": 214, "所在地": "埼玉県春日部市中央１－５３－１６", "緯度": 35.977165, "経度": 139.752464, "url": "https://www.iryou.teikyouseido.mhlw.go.jp/znk-web/juminkanja/S2430/initialize?prefCd=11&kikanCd=1103070400&kikanKbn=1", "url2": "http://www.kasukabe-kisen.jp/", "内容": "医療法人社団嬉泉会春日部嬉泉病院【1:病院】【診療科目:内科_感染症内科_糖尿病内科_循環器内科_消化器内科_腎臓内科_人工透析内科_外科_整形外科_泌尿器科_リウマチ科_リハビリテーション科】【一般病床数:60療養病床数:0精神病床数:0感染症病床数:0合計病床数:60】埼玉県春日部市中央１－５３－１６" }, "geometry": { "type": "Point", "coordinates": [ 139.752464, 35.977165 ] } },
{ "type": "Feature", "properties": { "ID": 1111103072000, "正式名称": "武里病院", "機関区分": 1, "都道府県コード": 11, "市区町村コード": 214, "所在地": "埼玉県春日部市下大増新田９番地３", "緯度": 35.957439, "経度": 139.740741, "url": "https://www.iryou.teikyouseido.mhlw.go.jp/znk-web/juminkanja/S2430/initialize?prefCd=11&kikanCd=1103072000&kikanKbn=1", "url2": "http://www.demencia.jp/", "内容": "武里病院【1:病院】【診療科目:内科_精神科】【一般病床数:0療養病床数:46精神病床数:244感染症病床数:0合計病床数:290】埼玉県春日部市下大増新田９番地３" }, "geometry": { "type": "Point", "coordinates": [ 139.740741, 35.957439 ] } },
{ "type": "Feature", "properties": { "ID": 1111103073900, "正式名称": "医療法人社団庄和会　庄和中央病院", "機関区分": 1, "都道府県コード": 11, "市区町村コード": 214, "所在地": "埼玉県春日部市上金崎２８", "緯度": 35.998919, "経度": 139.796173, "url": "https://www.iryou.teikyouseido.mhlw.go.jp/znk-web/juminkanja/S2430/initialize?prefCd=11&kikanCd=1103073900&kikanKbn=1", "url2": "http://www.showa-central-hosp.or.jp", "内容": "医療法人社団庄和会　庄和中央病院【1:病院】【診療科目:内科_循環器内科_胃腸内科_外科_肛門外科_整形外科_耳鼻いんこう科】【一般病床数:47療養病床数:0精神病床数:0感染症病床数:0合計病床数:47】埼玉県春日部市上金崎２８" }, "geometry": { "type": "Point", "coordinates": [ 139.796173, 35.998919 ] } },
{ "type": "Feature", "properties": { "ID": 1111103074700, "正式名称": "医療法人社団春日部さくら病院", "機関区分": 1, "都道府県コード": 11, "市区町村コード": 214, "所在地": "埼玉県春日部市金崎７０２番地１", "緯度": 35.987884, "経度": 139.799981, "url": "https://www.iryou.teikyouseido.mhlw.go.jp/znk-web/juminkanja/S2430/initialize?prefCd=11&kikanCd=1103074700&kikanKbn=1", "url2": "https://www.k-sakurahosp.com/", "内容": "医療法人社団春日部さくら病院【1:病院】【診療科目:内科_呼吸器内科_循環器内科_消化器内科_外科_整形外科_泌尿器科】【一般病床数:0療養病床数:50精神病床数:0感染症病床数:0合計病床数:50】埼玉県春日部市金崎７０２番地１" }, "geometry": { "type": "Point", "coordinates": [ 139.799981, 35.987884 ] } },
{ "type": "Feature", "properties": { "ID": 1111103076300, "正式名称": "医療法人　顕正会　蓮田病院", "機関区分": 1, "都道府県コード": 11, "市区町村コード": 238, "所在地": "埼玉県蓮田市大字根金１６６２番地１", "緯度": 36.019014, "経度": 139.639238, "url": "https://www.iryou.teikyouseido.mhlw.go.jp/znk-web/juminkanja/S2430/initialize?prefCd=11&kikanCd=1103076300&kikanKbn=1", "url2": "http://www.hasuda-hp.or.jp/", "内容": "医療法人　顕正会　蓮田病院【1:病院】【診療科目:内科_血液・腫瘍内科_循環器内科_消化器内科_胃腸内科_外科_脳神経外科_呼吸器外科_消化器外科_胃腸外科_肛門外科_整形外科_形成外科_婦人科_眼科_耳鼻いんこう科_皮膚科_泌尿器科_歯科_歯科口腔外科_リハビリテーション科_放射線科_麻酔科】【一般病床数:281療養病床数:72精神病床数:0感染症病床数:0合計病床数:353】埼玉県蓮田市大字根金１６６２番地１" }, "geometry": { "type": "Point", "coordinates": [ 139.639238, 36.019014 ] } },
{ "type": "Feature", "properties": { "ID": 1111103382700, "正式名称": "医療法人　新井病院", "機関区分": 1, "都道府県コード": 11, "市区町村コード": 232, "所在地": "埼玉県久喜市久喜中央２－２－２８", "緯度": 36.064924, "経度": 139.675897, "url": "https://www.iryou.teikyouseido.mhlw.go.jp/znk-web/juminkanja/S2430/initialize?prefCd=11&kikanCd=1103382700&kikanKbn=1", "url2": "http://www.arai-byoin.or.jp", "内容": "医療法人　新井病院【1:病院】【診療科目:内科_糖尿病内科_呼吸器内科_循環器内科_消化器内科_肝臓内科_ペインクリニック内科_外科_脳神経外科_呼吸器外科_消化器外科_乳腺外科_整形外科_泌尿器科_アレルギー科_リウマチ科_リハビリテーション科_麻酔科】【一般病床数:99療養病床数:0精神病床数:0感染症病床数:0合計病床数:99】埼玉県久喜市久喜中央２－２－２８" }, "geometry": { "type": "Point", "coordinates": [ 139.675897, 36.064924 ] } },
{ "type": "Feature", "properties": { "ID": 1111103383500, "正式名称": "医療法人蓮江病院", "機関区分": 1, "都道府県コード": 11, "市区町村コード": 232, "所在地": "埼玉県久喜市本町　１－７－１２", "緯度": 36.069495, "経度": 139.669377, "url": "https://www.iryou.teikyouseido.mhlw.go.jp/znk-web/juminkanja/S2430/initialize?prefCd=11&kikanCd=1103383500&kikanKbn=1", "url2": "http://www.hasue-hp.jp/", "内容": "医療法人蓮江病院【1:病院】【診療科目:整形外科_形成外科_リハビリテーション科】【一般病床数:65療養病床数:0精神病床数:0感染症病床数:0合計病床数:65】埼玉県久喜市本町　１－７－１２" }, "geometry": { "type": "Point", "coordinates": [ 139.669377, 36.069495 ] } },
{ "type": "Feature", "properties": { "ID": 1111103384300, "正式名称": "医療法人土屋小児病院", "機関区分": 1, "都道府県コード": 11, "市区町村コード": 232, "所在地": "埼玉県久喜市久喜中央３－１－１０", "緯度": 36.06594, "経度": 139.674177, "url": "https://www.iryou.teikyouseido.mhlw.go.jp/znk-web/juminkanja/S2430/initialize?prefCd=11&kikanCd=1103384300&kikanKbn=1", "url2": "http://www.tsuchiya.or.jp/~hospital/", "内容": "医療法人土屋小児病院【1:病院】【診療科目:内科_小児科_皮膚科_神経科_アレルギー科】【一般病床数:40療養病床数:0精神病床数:0感染症病床数:0合計病床数:40】埼玉県久喜市久喜中央３－１－１０" }, "geometry": { "type": "Point", "coordinates": [ 139.674177, 36.06594 ] } },
{ "type": "Feature", "properties": { "ID": 1111103386000, "正式名称": "久喜すずのき病院", "機関区分": 1, "都道府県コード": 11, "市区町村コード": 232, "所在地": "埼玉県久喜市北青柳１３６６－１", "緯度": 36.052278, "経度": 139.662698, "url": "https://www.iryou.teikyouseido.mhlw.go.jp/znk-web/juminkanja/S2430/initialize?prefCd=11&kikanCd=1103386000&kikanKbn=1", "url2": "http://www.suzunoki.net/", "内容": "久喜すずのき病院【1:病院】【診療科目:脳神経内科_精神科_心療内科】【一般病床数:0療養病床数:0精神病床数:442感染症病床数:0合計病床数:442】埼玉県久喜市北青柳１３６６－１" }, "geometry": { "type": "Point", "coordinates": [ 139.662698, 36.052278 ] } },
{ "type": "Feature", "properties": { "ID": 1111103387800, "正式名称": "牛村病院", "機関区分": 1, "都道府県コード": 11, "市区町村コード": 240, "所在地": "埼玉県幸手市中　５－４－５１", "緯度": 36.078556, "経度": 139.714407, "url": "https://www.iryou.teikyouseido.mhlw.go.jp/znk-web/juminkanja/S2430/initialize?prefCd=11&kikanCd=1103387800&kikanKbn=1", "url2": null, "内容": "牛村病院【1:病院】【診療科目:皮膚科_泌尿器科】【一般病床数:25療養病床数:0精神病床数:0感染症病床数:0合計病床数:25】埼玉県幸手市中　５－４－５１" }, "geometry": { "type": "Point", "coordinates": [ 139.714407, 36.078556 ] } },
{ "type": "Feature", "properties": { "ID": 1111103388600, "正式名称": "医療法人慈光会　東武丸山病院", "機関区分": 1, "都道府県コード": 11, "市区町村コード": 240, "所在地": "埼玉県幸手市南２丁目２番１３号", "緯度": 36.070571, "経度": 139.71355, "url": "https://www.iryou.teikyouseido.mhlw.go.jp/znk-web/juminkanja/S2430/initialize?prefCd=11&kikanCd=1103388600&kikanKbn=1", "url2": "http://www.tobu-maruyama.or.jp", "内容": "医療法人慈光会　東武丸山病院【1:病院】【診療科目:精神科_神経科_心療内科】【一般病床数:0療養病床数:0精神病床数:188感染症病床数:0合計病床数:188】埼玉県幸手市南２丁目２番１３号" }, "geometry": { "type": "Point", "coordinates": [ 139.71355, 36.070571 ] } },
{ "type": "Feature", "properties": { "ID": 1111103389400, "正式名称": "社会医療法人社団埼玉巨樹の会　新久喜総合病院", "機関区分": 1, "都道府県コード": 11, "市区町村コード": 232, "所在地": "埼玉県久喜市上早見４１８番地１", "緯度": 36.07022, "経度": 139.656229, "url": "https://www.iryou.teikyouseido.mhlw.go.jp/znk-web/juminkanja/S2430/initialize?prefCd=11&kikanCd=1103389400&kikanKbn=1", "url2": "http://shinkuki-hp.jp/", "内容": "社会医療法人社団埼玉巨樹の会　新久喜総合病院【1:病院】【診療科目:内科_糖尿病・代謝内科_脳神経内科_呼吸器内科_循環器内科_消化器内科_腎臓内科_外科_脳神経外科_呼吸器外科_心臓血管外科_消化器外科_乳腺外科_肛門外科_整形外科_形成外科_小児外科_婦人科_眼科_耳鼻いんこう科_皮膚科_泌尿器科_リウマチ科_リハビリテーション科_放射線科_病理診断科_救急科_麻酔科】【一般病床数:391療養病床数:0精神病床数:0感染症病床数:0合計病床数:391】埼玉県久喜市上早見４１８番地１" }, "geometry": { "type": "Point", "coordinates": [ 139.656229, 36.07022 ] } },
{ "type": "Feature", "properties": { "ID": 1111103390800, "正式名称": "医療法人社団　彩優会　栗　橋　病　院", "機関区分": 1, "都道府県コード": 11, "市区町村コード": 232, "所在地": "埼玉県久喜市小右衛門７１４ー６", "緯度": 36.114452, "経度": 139.71748, "url": "https://www.iryou.teikyouseido.mhlw.go.jp/znk-web/juminkanja/S2430/initialize?prefCd=11&kikanCd=1103390800&kikanKbn=1", "url2": "http//kurihashi-hp.jp", "内容": "医療法人社団　彩優会　栗　橋　病　院【1:病院】【診療科目:内科_糖尿病内科_糖尿病・代謝内科_循環器内科_消化器内科_腎臓内科_人工透析内科_外科_整形外科_形成外科_皮膚科_精神科_心療内科_リハビリテーション科】【一般病床数:20療養病床数:174精神病床数:0感染症病床数:0合計病床数:194】埼玉県久喜市小右衛門７１４ー６" }, "geometry": { "type": "Point", "coordinates": [ 139.71748, 36.114452 ] } },
{ "type": "Feature", "properties": { "ID": 1111103391600, "正式名称": "医療法人幸仁会堀中病院", "機関区分": 1, "都道府県コード": 11, "市区町村コード": 240, "所在地": "埼玉県幸手市東３－１－５", "緯度": 36.074579, "経度": 139.723351, "url": "https://www.iryou.teikyouseido.mhlw.go.jp/znk-web/juminkanja/S2430/initialize?prefCd=11&kikanCd=1103391600&kikanKbn=1", "url2": "http://www.horinaka-byouin.com", "内容": "医療法人幸仁会堀中病院【1:病院】【診療科目:内科_循環器内科_神経内科_外科_整形外科_小児科_皮膚科_リハビリテーション科_放射線科】【一般病床数:48療養病床数:47精神病床数:0感染症病床数:0合計病床数:95】埼玉県幸手市東３－１－５" }, "geometry": { "type": "Point", "coordinates": [ 139.723351, 36.074579 ] } },
{ "type": "Feature", "properties": { "ID": 1111103542000, "正式名称": "医療法人　博療会　佐瀬病院", "機関区分": 1, "都道府県コード": 11, "市区町村コード": 209, "所在地": "埼玉県飯能市栄町１１番地２", "緯度": 35.850713, "経度": 139.328569, "url": "https://www.iryou.teikyouseido.mhlw.go.jp/znk-web/juminkanja/S2430/initialize?prefCd=11&kikanCd=1103542000&kikanKbn=1", "url2": "http://www.sase-hp.com/pc/", "内容": "医療法人　博療会　佐瀬病院【1:病院】【診療科目:内科_循環器内科_消化器内科_神経内科_整形外科】【一般病床数:48療養病床数:0精神病床数:0感染症病床数:0合計病床数:48】埼玉県飯能市栄町１１番地２" }, "geometry": { "type": "Point", "coordinates": [ 139.328569, 35.850713 ] } },
{ "type": "Feature", "properties": { "ID": 1111103544700, "正式名称": "医療法人泰一会　飯能整形外科病院", "機関区分": 1, "都道府県コード": 11, "市区町村コード": 209, "所在地": "埼玉県飯能市東町１２－２", "緯度": 35.853129, "経度": 139.324741, "url": "https://www.iryou.teikyouseido.mhlw.go.jp/znk-web/juminkanja/S2430/initialize?prefCd=11&kikanCd=1103544700&kikanKbn=1", "url2": "http://www.taiichikai.com/", "内容": "医療法人泰一会　飯能整形外科病院【1:病院】【診療科目:内科_神経内科_血管外科_整形外科_形成外科_婦人科_皮膚科_アレルギー科_リウマチ科_リハビリテーション科_放射線科_麻酔科】【一般病床数:57療養病床数:0精神病床数:0感染症病床数:0合計病床数:57】埼玉県飯能市東町１２－２" }, "geometry": { "type": "Point", "coordinates": [ 139.324741, 35.853129 ] } },
{ "type": "Feature", "properties": { "ID": 1111103545500, "正式名称": "医療法人靖和会　飯能靖和病院", "機関区分": 1, "都道府県コード": 11, "市区町村コード": 209, "所在地": "埼玉県飯能市下加治１３７－２", "緯度": 35.865695, "経度": 139.335256, "url": "https://www.iryou.teikyouseido.mhlw.go.jp/znk-web/juminkanja/S2430/initialize?prefCd=11&kikanCd=1103545500&kikanKbn=1", "url2": "http://www.hannouseiwa.or.jp", "内容": "医療法人靖和会　飯能靖和病院【1:病院】【診療科目:内科_脳神経内科_呼吸器内科_循環器内科_精神科_リハビリテーション科_放射線科】【一般病床数:154療養病床数:124精神病床数:20感染症病床数:0合計病床数:298】埼玉県飯能市下加治１３７－２" }, "geometry": { "type": "Point", "coordinates": [ 139.335256, 35.865695 ] } },
{ "type": "Feature", "properties": { "ID": 1111103546300, "正式名称": "飯能中央病院", "機関区分": 1, "都道府県コード": 11, "市区町村コード": 209, "所在地": "埼玉県飯能市稲荷町１２－７", "緯度": 35.851988, "経度": 139.315731, "url": "https://www.iryou.teikyouseido.mhlw.go.jp/znk-web/juminkanja/S2430/initialize?prefCd=11&kikanCd=1103546300&kikanKbn=1", "url2": null, "内容": "飯能中央病院【1:病院】【診療科目:内科_循環器内科_消化器内科_神経内科_外科_脳神経外科_消化器外科_整形外科_形成外科_小児科_婦人科_耳鼻いんこう科_皮膚科_泌尿器科_リウマチ科_リハビリテーション科_放射線科】【一般病床数:89療養病床数:0精神病床数:0感染症病床数:0合計病床数:89】埼玉県飯能市稲荷町１２－７" }, "geometry": { "type": "Point", "coordinates": [ 139.315731, 35.851988 ] } },
{ "type": "Feature", "properties": { "ID": 1111103547100, "正式名称": "飯能老年病センター", "機関区分": 1, "都道府県コード": 11, "市区町村コード": 209, "所在地": "埼玉県飯能市下加治１４７－１", "緯度": 35.864928, "経度": 139.334195, "url": "https://www.iryou.teikyouseido.mhlw.go.jp/znk-web/juminkanja/S2430/initialize?prefCd=11&kikanCd=1103547100&kikanKbn=1", "url2": "http://www.h-g-c.jp", "内容": "飯能老年病センター【1:病院】【診療科目:内科_老年内科_皮膚科_精神科_リハビリテーション科_放射線科】【一般病床数:0療養病床数:0精神病床数:330感染症病床数:0合計病床数:330】埼玉県飯能市下加治１４７－１" }, "geometry": { "type": "Point", "coordinates": [ 139.334195, 35.864928 ] } },
{ "type": "Feature", "properties": { "ID": 1111103548000, "正式名称": "南飯能病院", "機関区分": 1, "都道府県コード": 11, "市区町村コード": 209, "所在地": "埼玉県飯能市矢颪", "緯度": 35.846333, "経度": 139.315203, "url": "https://www.iryou.teikyouseido.mhlw.go.jp/znk-web/juminkanja/S2430/initialize?prefCd=11&kikanCd=1103548000&kikanKbn=1", "url2": "http://minamihanno.jp", "内容": "南飯能病院【1:病院】【診療科目:内科_精神科_神経科】【一般病床数:0療養病床数:0精神病床数:308感染症病床数:0合計病床数:308】埼玉県飯能市矢颪" }, "geometry": { "type": "Point", "coordinates": [ 139.315203, 35.846333 ] } },
{ "type": "Feature", "properties": { "ID": 1111103549800, "正式名称": "武蔵の森病院", "機関区分": 1, "都道府県コード": 11, "市区町村コード": 209, "所在地": "埼玉県飯能市飯能９４９－１５", "緯度": 35.871085, "経度": 139.309189, "url": "https://www.iryou.teikyouseido.mhlw.go.jp/znk-web/juminkanja/S2430/initialize?prefCd=11&kikanCd=1103549800&kikanKbn=1", "url2": "http://www.musashinomori.jp", "内容": "武蔵の森病院【1:病院】【診療科目:内科_精神科_神経科_心療内科】【一般病床数:0療養病床数:0精神病床数:180感染症病床数:0合計病床数:180】埼玉県飯能市飯能９４９－１５" }, "geometry": { "type": "Point", "coordinates": [ 139.309189, 35.871085 ] } },
{ "type": "Feature", "properties": { "ID": 1111103550100, "正式名称": "医療法人社団敬悠会　菅野病院", "機関区分": 1, "都道府県コード": 11, "市区町村コード": 239, "所在地": "埼玉県坂戸市関間１－１－１７", "緯度": 35.956642, "経度": 139.399258, "url": "https://www.iryou.teikyouseido.mhlw.go.jp/znk-web/juminkanja/S2430/initialize?prefCd=11&kikanCd=1103550100&kikanKbn=1", "url2": "http://www.kannohp.jp/", "内容": "医療法人社団敬悠会　菅野病院【1:病院】【診療科目:内科_呼吸器内科_循環器内科_胃腸内科_小児科_皮膚科_リハビリテーション科_放射線科】【一般病床数:0療養病床数:42精神病床数:0感染症病床数:0合計病床数:42】埼玉県坂戸市関間１－１－１７" }, "geometry": { "type": "Point", "coordinates": [ 139.399258, 35.956642 ] } },
{ "type": "Feature", "properties": { "ID": 1111103551000, "正式名称": "坂戸中央病院", "機関区分": 1, "都道府県コード": 11, "市区町村コード": 239, "所在地": "埼玉県坂戸市南町", "緯度": 35.955922, "経度": 139.398405, "url": "https://www.iryou.teikyouseido.mhlw.go.jp/znk-web/juminkanja/S2430/initialize?prefCd=11&kikanCd=1103551000&kikanKbn=1", "url2": "http://www.toujinkai.com", "内容": "坂戸中央病院【1:病院】【診療科目:内科_糖尿病内科_呼吸器内科_循環器内科_消化器内科_神経内科_内視鏡内科_外科_呼吸器外科_消化器外科_乳腺外科_肛門外科_腫瘍外科_整形外科_形成外科_皮膚科_泌尿器科_リハビリテーション科】【一般病床数:142療養病床数:42精神病床数:0感染症病床数:0合計病床数:184】埼玉県坂戸市南町" }, "geometry": { "type": "Point", "coordinates": [ 139.398405, 35.955922 ] } },
{ "type": "Feature", "properties": { "ID": 1111103552800, "正式名称": "医療法人社団マウナケア会　清水病院", "機関区分": 1, "都道府県コード": 11, "市区町村コード": 239, "所在地": "埼玉県坂戸市日の出町１－８", "緯度": 35.958094, "経度": 139.393356, "url": "https://www.iryou.teikyouseido.mhlw.go.jp/znk-web/juminkanja/S2430/initialize?prefCd=11&kikanCd=1103552800&kikanKbn=1", "url2": "http://www.shimizu-hospital.com", "内容": "医療法人社団マウナケア会　清水病院【1:病院】【診療科目:小児科_産科_婦人科_皮膚科】【一般病床数:34療養病床数:0精神病床数:0感染症病床数:0合計病床数:34】埼玉県坂戸市日の出町１－８" }, "geometry": { "type": "Point", "coordinates": [ 139.393356, 35.958094 ] } },
{ "type": "Feature", "properties": { "ID": 1111103553600, "正式名称": "明海大学歯学部付属明海大学病院", "機関区分": 1, "都道府県コード": 11, "市区町村コード": 239, "所在地": "埼玉県坂戸市けやき台１－１", "緯度": 35.933301, "経度": 139.340525, "url": "https://www.iryou.teikyouseido.mhlw.go.jp/znk-web/juminkanja/S2430/initialize?prefCd=11&kikanCd=1103553600&kikanKbn=1", "url2": "http://www.meikai.ac.jp/hospital/", "内容": "明海大学歯学部付属明海大学病院【1:病院】【診療科目:内科_眼科_耳鼻いんこう科_皮膚科_歯科_矯正歯科_歯科口腔外科_小児歯科】【一般病床数:60療養病床数:0精神病床数:0感染症病床数:0合計病床数:60】埼玉県坂戸市けやき台１－１" }, "geometry": { "type": "Point", "coordinates": [ 139.340525, 35.933301 ] } },
{ "type": "Feature", "properties": { "ID": 1111103554400, "正式名称": "医療法人若葉会　若葉病院", "機関区分": 1, "都道府県コード": 11, "市区町村コード": 239, "所在地": "埼玉県坂戸市戸宮６０９番地", "緯度": 35.962689, "経度": 139.426025, "url": "https://www.iryou.teikyouseido.mhlw.go.jp/znk-web/juminkanja/S2430/initialize?prefCd=11&kikanCd=1103554400&kikanKbn=1", "url2": "http://www.wakaba-group.or.jp", "内容": "医療法人若葉会　若葉病院【1:病院】【診療科目:内科_脳神経内科_呼吸器内科_循環器内科_消化器内科_整形外科_形成外科_皮膚科_リウマチ科_リハビリテーション科_循環器内科　（専門外来），糖尿病外来】【一般病床数:0療養病床数:120精神病床数:0感染症病床数:0合計病床数:120】埼玉県坂戸市戸宮６０９番地" }, "geometry": { "type": "Point", "coordinates": [ 139.426025, 35.962689 ] } },
{ "type": "Feature", "properties": { "ID": 1111103555200, "正式名称": "関越病院", "機関区分": 1, "都道府県コード": 11, "市区町村コード": 241, "所在地": "埼玉県鶴ヶ島市脚折１４５－１", "緯度": 35.949934, "経度": 139.386676, "url": "https://www.iryou.teikyouseido.mhlw.go.jp/znk-web/juminkanja/S2430/initialize?prefCd=11&kikanCd=1103555200&kikanKbn=1", "url2": "http://www.kan-etsu-hp.ne.jp/", "内容": "関越病院【1:病院】【診療科目:内科_血液内科_糖尿病・内分泌内科_呼吸器内科_循環器内科_消化器内科_腎臓内科_人工透析内科_神経内科_外科_脳神経外科_整形外科_形成外科_眼科_皮膚科_泌尿器科_アレルギー科_リウマチ科_リハビリテーション科_放射線科_救急科_麻酔科】【一般病床数:229療養病床数:0精神病床数:0感染症病床数:0合計病床数:229】埼玉県鶴ヶ島市脚折１４５－１" }, "geometry": { "type": "Point", "coordinates": [ 139.386676, 35.949934 ] } },
{ "type": "Feature", "properties": { "ID": 1111103556000, "正式名称": "鶴ヶ島池ノ台病院", "機関区分": 1, "都道府県コード": 11, "市区町村コード": 241, "所在地": "埼玉県鶴ヶ島市脚折１４４０－２", "緯度": 35.939285, "経度": 139.397084, "url": "https://www.iryou.teikyouseido.mhlw.go.jp/znk-web/juminkanja/S2430/initialize?prefCd=11&kikanCd=1103556000&kikanKbn=1", "url2": "http://www.ikenodai.com/", "内容": "鶴ヶ島池ノ台病院【1:病院】【診療科目:内科_呼吸器内科_循環器内科_消化器内科_胃腸内科_外科_肛門外科_泌尿器科】【一般病床数:0療養病床数:90精神病床数:0感染症病床数:0合計病床数:90】埼玉県鶴ヶ島市脚折１４４０－２" }, "geometry": { "type": "Point", "coordinates": [ 139.397084, 35.939285 ] } },
{ "type": "Feature", "properties": { "ID": 1111103557900, "正式名称": "旭ヶ丘病院", "機関区分": 1, "都道府県コード": 11, "市区町村コード": 242, "所在地": "埼玉県日高市森戸新田９９－１", "緯度": 35.912382, "経度": 139.372726, "url": "https://www.iryou.teikyouseido.mhlw.go.jp/znk-web/juminkanja/S2430/initialize?prefCd=11&kikanCd=1103557900&kikanKbn=1", "url2": "https://sekijinkai.or.jp", "内容": "旭ヶ丘病院【1:病院】【診療科目:内科_糖尿病内科_内分泌内科_代謝・内分泌内科_呼吸器内科_循環器内科_消化器内科_外科_脳神経外科_乳腺外科_整形外科_小児科_婦人科_耳鼻いんこう科_皮膚科_リハビリテーション科_放射線科】【一般病床数:82療養病床数:60精神病床数:0感染症病床数:0合計病床数:142】埼玉県日高市森戸新田９９－１" }, "geometry": { "type": "Point", "coordinates": [ 139.372726, 35.912382 ] } },
{ "type": "Feature", "properties": { "ID": 1111103558700, "正式名称": "埼玉医科大学国際医療センター", "機関区分": 1, "都道府県コード": 11, "市区町村コード": 242, "所在地": "埼玉県日高市大字山根１３９７－１", "緯度": 35.921541, "経度": 139.322416, "url": "https://www.iryou.teikyouseido.mhlw.go.jp/znk-web/juminkanja/S2430/initialize?prefCd=11&kikanCd=1103558700&kikanKbn=1", "url2": "http://www.international.saitama-med.ac.jp", "内容": "埼玉医科大学国際医療センター【1:病院】【診療科目:内科_脳神経内科_呼吸器内科_心臓内科_消化器内科_外科_脳神経外科_呼吸器外科_心臓血管外科_消化器外科_整形外科_形成外科_小児科_小児外科_産婦人科_眼科_耳鼻いんこう科_皮膚科_泌尿器科_精神科_歯科口腔外科_リハビリテーション科_放射線科_病理診断科_救急科_麻酔科】【一般病床数:756療養病床数:0精神病床数:0感染症病床数:0合計病床数:756】埼玉県日高市大字山根１３９７－１" }, "geometry": { "type": "Point", "coordinates": [ 139.322416, 35.921541 ] } },
{ "type": "Feature", "properties": { "ID": 1111103560900, "正式名称": "武蔵台病院", "機関区分": 1, "都道府県コード": 11, "市区町村コード": 242, "所在地": "埼玉県日高市久保２７８―１２", "緯度": 35.882123, "経度": 139.299422, "url": "https://www.iryou.teikyouseido.mhlw.go.jp/znk-web/juminkanja/S2430/initialize?prefCd=11&kikanCd=1103560900&kikanKbn=1", "url2": "http://www.musashidai-hp.com/", "内容": "武蔵台病院【1:病院】【診療科目:内科_糖尿病内科_呼吸器内科_循環器内科_消化器内科_神経内科_外科_呼吸器外科_整形外科_皮膚科_精神科_リハビリテーション科_放射線科_麻酔科】【一般病床数:99療養病床数:0精神病床数:0感染症病床数:0合計病床数:99】埼玉県日高市久保２７８―１２" }, "geometry": { "type": "Point", "coordinates": [ 139.299422, 35.882123 ] } },
{ "type": "Feature", "properties": { "ID": 1111103862400, "正式名称": "医療法人社団恵仁会　与野中央病院", "機関区分": 1, "都道府県コード": 11, "市区町村コード": 101, "所在地": "埼玉県さいたま市西区島根６５", "緯度": 35.884718, "経度": 139.601648, "url": "https://www.iryou.teikyouseido.mhlw.go.jp/znk-web/juminkanja/S2430/initialize?prefCd=11&kikanCd=1103862400&kikanKbn=1", "url2": "http://www.yonochuoh-hosp.com", "内容": "医療法人社団恵仁会　与野中央病院【1:病院】【診療科目:精神科_神経科】【一般病床数:0療養病床数:0精神病床数:120感染症病床数:0合計病床数:120】埼玉県さいたま市西区島根６５" }, "geometry": { "type": "Point", "coordinates": [ 139.601648, 35.884718 ] } },
{ "type": "Feature", "properties": { "ID": 1111103863200, "正式名称": "指扇病院", "機関区分": 1, "都道府県コード": 11, "市区町村コード": 101, "所在地": "埼玉県さいたま市西区宝来１２９５―１", "緯度": 35.922818, "経度": 139.56086, "url": "https://www.iryou.teikyouseido.mhlw.go.jp/znk-web/juminkanja/S2430/initialize?prefCd=11&kikanCd=1103863200&kikanKbn=1", "url2": "https://sashiogi.com/", "内容": "指扇病院【1:病院】【診療科目:内科_脳神経内科_循環器内科_消化器内科_外科_脳神経外科_肛門外科_整形外科_眼科_耳鼻いんこう科_皮膚科_泌尿器科_歯科口腔外科_リハビリテーション科_放射線科_麻酔科】【一般病床数:175療養病床数:51精神病床数:0感染症病床数:0合計病床数:226】埼玉県さいたま市西区宝来１２９５―１" }, "geometry": { "type": "Point", "coordinates": [ 139.56086, 35.922818 ] } },
{ "type": "Feature", "properties": { "ID": 1111103864000, "正式名称": "指扇療養病院", "機関区分": 1, "都道府県コード": 11, "市区町村コード": 101, "所在地": "埼玉県さいたま市西区宝来１３４８－１", "緯度": 35.922429, "経度": 139.562071, "url": "https://www.iryou.teikyouseido.mhlw.go.jp/znk-web/juminkanja/S2430/initialize?prefCd=11&kikanCd=1103864000&kikanKbn=1", "url2": "http://www.sashiogi.com", "内容": "指扇療養病院【1:病院】【診療科目:内科_皮膚科_リハビリテーション科】【一般病床数:0療養病床数:240精神病床数:0感染症病床数:0合計病床数:240】埼玉県さいたま市西区宝来１３４８－１" }, "geometry": { "type": "Point", "coordinates": [ 139.562071, 35.922429 ] } },
{ "type": "Feature", "properties": { "ID": 1111103866700, "正式名称": "医療法人ヘブロン会　大宮中央総合病院", "機関区分": 1, "都道府県コード": 11, "市区町村コード": 102, "所在地": "埼玉県さいたま市北区東大成町１－２２７", "緯度": 35.920766, "経度": 139.621086, "url": "https://www.iryou.teikyouseido.mhlw.go.jp/znk-web/juminkanja/S2430/initialize?prefCd=11&kikanCd=1103866700&kikanKbn=1", "url2": "http://ocgh.jp/index.php", "内容": "医療法人ヘブロン会　大宮中央総合病院【1:病院】【診療科目:内科_血液内科_糖尿病内科_糖尿病・内分泌内科_脳神経内科_呼吸器内科_循環器内科_消化器内科_腎臓内科_外科_脳神経外科_血管外科_心臓血管外科_整形外科_形成外科_耳鼻いんこう科_皮膚科_泌尿器科_リウマチ科_リハビリテーション科_放射線科_救急科_麻酔科】【一般病床数:212療養病床数:43精神病床数:0感染症病床数:0合計病床数:255】埼玉県さいたま市北区東大成町１－２２７" }, "geometry": { "type": "Point", "coordinates": [ 139.621086, 35.920766 ] } },
{ "type": "Feature", "properties": { "ID": 1111103867500, "正式名称": "独立行政法人地域医療機能推進機構さいたま北部医療センター", "機関区分": 1, "都道府県コード": 11, "市区町村コード": 102, "所在地": "埼玉県さいたま市北区宮原町１－８５１", "緯度": 35.932715, "経度": 139.619916, "url": "https://www.iryou.teikyouseido.mhlw.go.jp/znk-web/juminkanja/S2430/initialize?prefCd=11&kikanCd=1103867500&kikanKbn=1", "url2": "http://saitamahokubu.jcho.go.jp", "内容": "独立行政法人地域医療機能推進機構さいたま北部医療センター【1:病院】【診療科目:内科_糖尿病内科_呼吸器内科_循環器内科_消化器内科_腎臓内科_外科_整形外科_小児科_婦人科_眼科_耳鼻いんこう科_皮膚科_泌尿器科_歯科口腔外科_リハビリテーション科_放射線科_麻酔科】【一般病床数:163療養病床数:0精神病床数:0感染症病床数:0合計病床数:163】埼玉県さいたま市北区宮原町１－８５１" }, "geometry": { "type": "Point", "coordinates": [ 139.619916, 35.932715 ] } },
{ "type": "Feature", "properties": { "ID": 1111103869100, "正式名称": "医療法人宇治病院", "機関区分": 1, "都道府県コード": 11, "市区町村コード": 103, "所在地": "埼玉県さいたま市大宮区宮町", "緯度": 35.909865, "経度": 139.628491, "url": "https://www.iryou.teikyouseido.mhlw.go.jp/znk-web/juminkanja/S2430/initialize?prefCd=11&kikanCd=1103869100&kikanKbn=1", "url2": "http://ujihospital.ec-net.jp", "内容": "医療法人宇治病院【1:病院】【診療科目:内科_糖尿病内科_循環器内科_消化器内科_外科_消化器外科_肛門外科_大腸・肛門外科_整形外科】【一般病床数:47療養病床数:0精神病床数:0感染症病床数:0合計病床数:47】埼玉県さいたま市大宮区宮町" }, "geometry": { "type": "Point", "coordinates": [ 139.628491, 35.909865 ] } },
{ "type": "Feature", "properties": { "ID": 1111103870500, "正式名称": "医療法人明浩会　西大宮病院", "機関区分": 1, "都道府県コード": 11, "市区町村コード": 103, "所在地": "埼玉県さいたま市大宮区三橋１－１１７３", "緯度": 35.906862, "経度": 139.599394, "url": "https://www.iryou.teikyouseido.mhlw.go.jp/znk-web/juminkanja/S2430/initialize?prefCd=11&kikanCd=1103870500&kikanKbn=1", "url2": "http://www.nishiohmiya-hp.com", "内容": "医療法人明浩会　西大宮病院【1:病院】【診療科目:内科_循環器内科_消化器内科_外科_脳神経外科_整形外科_形成外科_美容外科_眼科_皮膚科_泌尿器科_リウマチ科_リハビリテーション科_放射線科_麻酔科】【一般病床数:198療養病床数:0精神病床数:0感染症病床数:0合計病床数:198】埼玉県さいたま市大宮区三橋１－１１７３" }, "geometry": { "type": "Point", "coordinates": [ 139.599394, 35.906862 ] } },
{ "type": "Feature", "properties": { "ID": 1111103872100, "正式名称": "自治医科大学附属さいたま医療センター", "機関区分": 1, "都道府県コード": 11, "市区町村コード": 103, "所在地": "埼玉県さいたま市大宮区天沼町１－８４７", "緯度": 35.906349, "経度": 139.645054, "url": "https://www.iryou.teikyouseido.mhlw.go.jp/znk-web/juminkanja/S2430/initialize?prefCd=11&kikanCd=1103872100&kikanKbn=1", "url2": "http://www.jichi.ac.jp/center/index.html", "内容": "自治医科大学附属さいたま医療センター【1:病院】【診療科目:内科_循環器内科_外科_脳神経外科_心臓血管外科_整形外科_形成外科_小児科_産婦人科_眼科_耳鼻いんこう科_皮膚科_泌尿器科_精神科_歯科口腔外科_リハビリテーション科_放射線科_病理診断科_救急科_麻酔科】【一般病床数:628療養病床数:0精神病床数:0感染症病床数:0合計病床数:628】埼玉県さいたま市大宮区天沼町１－８４７" }, "geometry": { "type": "Point", "coordinates": [ 139.645054, 35.906349 ] } },
{ "type": "Feature", "properties": { "ID": 1111103873000, "正式名称": "医療法人社団双愛会　大宮双愛病院", "機関区分": 1, "都道府県コード": 11, "市区町村コード": 103, "所在地": "埼玉県さいたま市大宮区堀の内町２－１６０", "緯度": 35.911762, "経度": 139.636151, "url": "https://www.iryou.teikyouseido.mhlw.go.jp/znk-web/juminkanja/S2430/initialize?prefCd=11&kikanCd=1103873000&kikanKbn=1", "url2": "http://www.souai.or.jp", "内容": "医療法人社団双愛会　大宮双愛病院【1:病院】【診療科目:内科_循環器内科_胃腸内科_外科_肛門外科_整形外科_小児科_皮膚科_泌尿器科_放射線科】【一般病床数:56療養病床数:34精神病床数:0感染症病床数:0合計病床数:90】埼玉県さいたま市大宮区堀の内町２－１６０" }, "geometry": { "type": "Point", "coordinates": [ 139.636151, 35.911762 ] } },
{ "type": "Feature", "properties": { "ID": 1111103874800, "正式名称": "医療法人福慈会　夢眠ホスピタルさいたま", "機関区分": 1, "都道府県コード": 11, "市区町村コード": 103, "所在地": "埼玉県さいたま市大宮区堀の内町２－５６４", "緯度": 35.913309, "経度": 139.6469, "url": "https://www.iryou.teikyouseido.mhlw.go.jp/znk-web/juminkanja/S2430/initialize?prefCd=11&kikanCd=1103874800&kikanKbn=1", "url2": "http://mumingroup.jp/tomita/", "内容": "医療法人福慈会　夢眠ホスピタルさいたま【1:病院】【診療科目:内科_精神科_心療内科】【一般病床数:28療養病床数:0精神病床数:102感染症病床数:0合計病床数:130】埼玉県さいたま市大宮区堀の内町２－５６４" }, "geometry": { "type": "Point", "coordinates": [ 139.6469, 35.913309 ] } },
{ "type": "Feature", "properties": { "ID": 1111103875600, "正式名称": "大和田病院", "機関区分": 1, "都道府県コード": 11, "市区町村コード": 104, "所在地": "埼玉県さいたま市見沼区大和田町２－１３８８", "緯度": 35.932024, "経度": 139.652238, "url": "https://www.iryou.teikyouseido.mhlw.go.jp/znk-web/juminkanja/S2430/initialize?prefCd=11&kikanCd=1103875600&kikanKbn=1", "url2": "https://www.koujinkai-owd.or.jp", "内容": "大和田病院【1:病院】【診療科目:内科】【一般病床数:0療養病床数:91精神病床数:0感染症病床数:0合計病床数:91】埼玉県さいたま市見沼区大和田町２－１３８８" }, "geometry": { "type": "Point", "coordinates": [ 139.652238, 35.932024 ] } },
{ "type": "Feature", "properties": { "ID": 1111103877200, "正式名称": "医療法人社団協友会　彩の国東大宮メディカルセンター", "機関区分": 1, "都道府県コード": 11, "市区町村コード": 102, "所在地": "埼玉県さいたま市北区土呂町１５２２", "緯度": 35.927341, "経度": 139.6381, "url": "https://www.iryou.teikyouseido.mhlw.go.jp/znk-web/juminkanja/S2430/initialize?prefCd=11&kikanCd=1103877200&kikanKbn=1", "url2": "https://www.shmc.jp/", "内容": "医療法人社団協友会　彩の国東大宮メディカルセンター【1:病院】【診療科目:内科_血液内科_糖尿病・内分泌内科_呼吸器内科_循環器内科_消化器内科_神経内科_外科_脳神経外科_乳腺外科_整形外科_形成外科_婦人科_眼科_耳鼻いんこう科_皮膚科_泌尿器科_心療内科_歯科口腔外科_リウマチ科_リハビリテーション科_放射線診断科_放射線治療科_肝臓外来，痛風・高尿酸血症外来，放射線治療，スリープサロン，ストーマ外来，緩和ケア外来，ペインクリニック】【一般病床数:337療養病床数:0精神病床数:0感染症病床数:0合計病床数:337】埼玉県さいたま市北区土呂町１５２２" }, "geometry": { "type": "Point", "coordinates": [ 139.6381, 35.927341 ] } },
{ "type": "Feature", "properties": { "ID": 1111103878000, "正式名称": "医療法人社団輔仁会　大宮厚生病院", "機関区分": 1, "都道府県コード": 11, "市区町村コード": 104, "所在地": "埼玉県さいたま市見沼区片柳１番地", "緯度": 35.904241, "経度": 139.67557, "url": "https://www.iryou.teikyouseido.mhlw.go.jp/znk-web/juminkanja/S2430/initialize?prefCd=11&kikanCd=1103878000&kikanKbn=1", "url2": "http://www.ohmiyakousei.com", "内容": "医療法人社団輔仁会　大宮厚生病院【1:病院】【診療科目:精神科】【一般病床数:0療養病床数:0精神病床数:271感染症病床数:0合計病床数:271】埼玉県さいたま市見沼区片柳１番地" }, "geometry": { "type": "Point", "coordinates": [ 139.67557, 35.904241 ] } },
{ "type": "Feature", "properties": { "ID": 1111103879900, "正式名称": "大宮共立病院", "機関区分": 1, "都道府県コード": 11, "市区町村コード": 104, "所在地": "埼玉県さいたま市見沼区片柳１５５０番地", "緯度": 35.904344, "経度": 139.690875, "url": "https://www.iryou.teikyouseido.mhlw.go.jp/znk-web/juminkanja/S2430/initialize?prefCd=11&kikanCd=1103879900&kikanKbn=1", "url2": "www.omiya-kyoritsu.or.jp", "内容": "大宮共立病院【1:病院】【診療科目:内科_神経内科_外科_皮膚科_神経科_歯科_歯科口腔外科_リハビリテーション科_放射線科】【一般病床数:96療養病床数:144精神病床数:0感染症病床数:0合計病床数:240】埼玉県さいたま市見沼区片柳１５５０番地" }, "geometry": { "type": "Point", "coordinates": [ 139.690875, 35.904344 ] } },
{ "type": "Feature", "properties": { "ID": 1111103880200, "正式名称": "さいたま赤十字病院", "機関区分": 1, "都道府県コード": 11, "市区町村コード": 105, "所在地": "埼玉県さいたま市中央区新都心１番地５", "緯度": 35.891803, "経度": 139.631453, "url": "https://www.iryou.teikyouseido.mhlw.go.jp/znk-web/juminkanja/S2430/initialize?prefCd=11&kikanCd=1103880200&kikanKbn=1", "url2": "http://www.saitama-med.jrc.or.jp", "内容": "さいたま赤十字病院【1:病院】【診療科目:内科_血液内科_糖尿病・内分泌内科_脳神経内科_呼吸器内科_循環器内科_消化器内科_腎臓内科_腫瘍内科_緩和ケア内科_外科_脳神経外科_呼吸器外科_心臓血管外科_乳腺外科_整形外科_形成外科_小児科_産婦人科_眼科_耳鼻いんこう科_皮膚科_泌尿器科_精神科_歯科口腔外科_リウマチ科_リハビリテーション科_放射線診断科_放射線治療科_病理診断科_救急科_麻酔科】【一般病床数:632療養病床数:0精神病床数:6感染症病床数:0合計病床数:638】埼玉県さいたま市中央区新都心１番地５" }, "geometry": { "type": "Point", "coordinates": [ 139.631453, 35.891803 ] } },
{ "type": "Feature", "properties": { "ID": 1111103881000, "正式名称": "社会福祉法人シナプス　埼玉精神神経センター", "機関区分": 1, "都道府県コード": 11, "市区町村コード": 105, "所在地": "埼玉県さいたま市中央区本町東６－１１－１", "緯度": 35.89426, "経度": 139.617351, "url": "https://www.iryou.teikyouseido.mhlw.go.jp/znk-web/juminkanja/S2430/initialize?prefCd=11&kikanCd=1103881000&kikanKbn=1", "url2": "http://www.saitama-ni.com", "内容": "社会福祉法人シナプス　埼玉精神神経センター【1:病院】【診療科目:内科_神経内科_精神科_歯科_リハビリテーション科】【一般病床数:116療養病床数:0精神病床数:241感染症病床数:0合計病床数:357】埼玉県さいたま市中央区本町東６－１１－１" }, "geometry": { "type": "Point", "coordinates": [ 139.617351, 35.89426 ] } },
{ "type": "Feature", "properties": { "ID": 1111103882900, "正式名称": "医療法人聖仁会西部総合病院", "機関区分": 1, "都道府県コード": 11, "市区町村コード": 106, "所在地": "埼玉県さいたま市桜区上大久保８８４番地", "緯度": 35.87331, "経度": 139.615574, "url": "https://www.iryou.teikyouseido.mhlw.go.jp/znk-web/juminkanja/S2430/initialize?prefCd=11&kikanCd=1103882900&kikanKbn=1", "url2": "http://www.skmg.jp/seibu-hp/", "内容": "医療法人聖仁会西部総合病院【1:病院】【診療科目:内科_糖尿病・内分泌内科_呼吸器内科_循環器内科_消化器内科_神経内科_脳神経外科_乳腺外科_整形外科_形成外科_眼科_皮膚科_泌尿器科_リハビリテーション科_麻酔科】【一般病床数:139療養病床数:120精神病床数:0感染症病床数:0合計病床数:259】埼玉県さいたま市桜区上大久保８８４番地" }, "geometry": { "type": "Point", "coordinates": [ 139.615574, 35.87331 ] } },
{ "type": "Feature", "properties": { "ID": 1111103883700, "正式名称": "医療法人栄寿会　林病院", "機関区分": 1, "都道府県コード": 11, "市区町村コード": 106, "所在地": "埼玉県さいたま市桜区西堀", "緯度": 35.86042, "経度": 139.634368, "url": "https://www.iryou.teikyouseido.mhlw.go.jp/znk-web/juminkanja/S2430/initialize?prefCd=11&kikanCd=1103883700&kikanKbn=1", "url2": "http://www.eijukai.com", "内容": "医療法人栄寿会　林病院【1:病院】【診療科目:内科_リハビリテーション科】【一般病床数:0療養病床数:114精神病床数:0感染症病床数:0合計病床数:114】埼玉県さいたま市桜区西堀" }, "geometry": { "type": "Point", "coordinates": [ 139.634368, 35.86042 ] } },
{ "type": "Feature", "properties": { "ID": 1111103884500, "正式名称": "医療法人社団松弘会　三愛病院", "機関区分": 1, "都道府県コード": 11, "市区町村コード": 106, "所在地": "埼玉県さいたま市桜区田島４－３５－１７", "緯度": 35.848691, "経度": 139.625958, "url": "https://www.iryou.teikyouseido.mhlw.go.jp/znk-web/juminkanja/S2430/initialize?prefCd=11&kikanCd=1103884500&kikanKbn=1", "url2": "http://www.sanai.or.jp", "内容": "医療法人社団松弘会　三愛病院【1:病院】【診療科目:内科_感染症内科_糖尿病内科_呼吸器内科_循環器内科_消化器内科_神経内科_外科_脳神経外科_呼吸器外科_心臓血管外科_消化器外科_乳腺外科_整形外科_形成外科_眼科_耳鼻いんこう科_皮膚科_泌尿器科_リウマチ科_リハビリテーション科_放射線科_麻酔科】【一般病床数:199療養病床数:0精神病床数:0感染症病床数:0合計病床数:199】埼玉県さいたま市桜区田島４－３５－１７" }, "geometry": { "type": "Point", "coordinates": [ 139.625958, 35.848691 ] } },
{ "type": "Feature", "properties": { "ID": 1111103885300, "正式名称": "医療法人石川病院", "機関区分": 1, "都道府県コード": 11, "市区町村コード": 107, "所在地": "埼玉県さいたま市浦和区高砂３－１７－１７", "緯度": 35.855907, "経度": 139.647736, "url": "https://www.iryou.teikyouseido.mhlw.go.jp/znk-web/juminkanja/S2430/initialize?prefCd=11&kikanCd=1103885300&kikanKbn=1", "url2": "http://www.ishikawa-hp.jp", "内容": "医療法人石川病院【1:病院】【診療科目:美容外科_産婦人科】【一般病床数:23療養病床数:0精神病床数:0感染症病床数:0合計病床数:23】埼玉県さいたま市浦和区高砂３－１７－１７" }, "geometry": { "type": "Point", "coordinates": [ 139.647736, 35.855907 ] } },
{ "type": "Feature", "properties": { "ID": 1111103886100, "正式名称": "医療法人社団望星会　望星病院", "機関区分": 1, "都道府県コード": 11, "市区町村コード": 107, "所在地": "埼玉県さいたま市浦和区針ヶ谷１－８－１４", "緯度": 35.879035, "経度": 139.643647, "url": "https://www.iryou.teikyouseido.mhlw.go.jp/znk-web/juminkanja/S2430/initialize?prefCd=11&kikanCd=1103886100&kikanKbn=1", "url2": "http://www.mtnet.jp/bouseikai//bouseihp/", "内容": "医療法人社団望星会　望星病院【1:病院】【診療科目:内科_腎臓内科_泌尿器科】【一般病床数:58療養病床数:0精神病床数:0感染症病床数:0合計病床数:58】埼玉県さいたま市浦和区針ヶ谷１－８－１４" }, "geometry": { "type": "Point", "coordinates": [ 139.643647, 35.879035 ] } },
{ "type": "Feature", "properties": { "ID": 1111103887000, "正式名称": "医療法人川久保病院", "機関区分": 1, "都道府県コード": 11, "市区町村コード": 107, "所在地": "埼玉県さいたま市浦和区東高砂町", "緯度": 35.859646, "経度": 139.662038, "url": "https://www.iryou.teikyouseido.mhlw.go.jp/znk-web/juminkanja/S2430/initialize?prefCd=11&kikanCd=1103887000&kikanKbn=1", "url2": "http://www.kawakubo-hospital.com", "内容": "医療法人川久保病院【1:病院】【診療科目:内科_外科_整形外科_リハビリテーション科】【一般病床数:39療養病床数:0精神病床数:0感染症病床数:0合計病床数:39】埼玉県さいたま市浦和区東高砂町" }, "geometry": { "type": "Point", "coordinates": [ 139.662038, 35.859646 ] } },
{ "type": "Feature", "properties": { "ID": 1111103888800, "正式名称": "独立行政法人地域医療機能推進機構　埼玉メディカルセンター", "機関区分": 1, "都道府県コード": 11, "市区町村コード": 107, "所在地": "埼玉県さいたま市浦和区北浦和", "緯度": 35.872533, "経度": 139.643344, "url": "https://www.iryou.teikyouseido.mhlw.go.jp/znk-web/juminkanja/S2430/initialize?prefCd=11&kikanCd=1103888800&kikanKbn=1", "url2": "http//saitama.jcho.go.jp", "内容": "独立行政法人地域医療機能推進機構　埼玉メディカルセンター【1:病院】【診療科目:内科_血液内科_糖尿病内科_代謝内科_内分泌内科_糖尿病・内分泌内科_糖尿病・代謝内科_代謝・内分泌内科_呼吸器内科_循環器内科_消化器内科_腎臓内科_神経内科_外科_脳神経外科_呼吸器外科_心臓血管外科_消化器外科_乳腺・内分泌外科_整形外科_形成外科_小児科_産婦人科_眼科_耳鼻いんこう科_皮膚科_泌尿器科_精神科_神経科_リウマチ科_リハビリテーション科_放射線科_放射線診断科_放射線治療科_病理診断科_臨床検査科_救急科_麻酔科】【一般病床数:395療養病床数:0精神病床数:0感染症病床数:0合計病床数:395】埼玉県さいたま市浦和区北浦和" }, "geometry": { "type": "Point", "coordinates": [ 139.643344, 35.872533 ] } },
{ "type": "Feature", "properties": { "ID": 1111103889600, "正式名称": "医療法人白翔会　浦和神経サナトリウム", "機関区分": 1, "都道府県コード": 11, "市区町村コード": 108, "所在地": "埼玉県さいたま市南区広ヶ谷戸３０１ー１", "緯度": 35.863268, "経度": 139.68818, "url": "https://www.iryou.teikyouseido.mhlw.go.jp/znk-web/juminkanja/S2430/initialize?prefCd=11&kikanCd=1103889600&kikanKbn=1", "url2": "http://sanatorium.com", "内容": "医療法人白翔会　浦和神経サナトリウム【1:病院】【診療科目:精神科】【一般病床数:0療養病床数:0精神病床数:257感染症病床数:0合計病床数:257】埼玉県さいたま市南区広ヶ谷戸３０１ー１" }, "geometry": { "type": "Point", "coordinates": [ 139.68818, 35.863268 ] } },
{ "type": "Feature", "properties": { "ID": 1111103890000, "正式名称": "医療法人秋葉病院", "機関区分": 1, "都道府県コード": 11, "市区町村コード": 108, "所在地": "埼玉県さいたま市南区根岸５－１３－１０", "緯度": 35.844355, "経度": 139.655792, "url": "https://www.iryou.teikyouseido.mhlw.go.jp/znk-web/juminkanja/S2430/initialize?prefCd=11&kikanCd=1103890000&kikanKbn=1", "url2": "https://akiba-hp.com/", "内容": "医療法人秋葉病院【1:病院】【診療科目:内科_脳神経内科_循環器内科_脳神経外科_消化器外科_眼科_リハビリテーション科】【一般病床数:59療養病床数:0精神病床数:0感染症病床数:0合計病床数:59】埼玉県さいたま市南区根岸５－１３－１０" }, "geometry": { "type": "Point", "coordinates": [ 139.655792, 35.844355 ] } },
{ "type": "Feature", "properties": { "ID": 1111103891800, "正式名称": "医療法人有隣会　わかくさ病院", "機関区分": 1, "都道府県コード": 11, "市区町村コード": 108, "所在地": "埼玉県さいたま市南区大字太田窪１９７３番地５", "緯度": 35.853288, "経度": 139.681461, "url": "https://www.iryou.teikyouseido.mhlw.go.jp/znk-web/juminkanja/S2430/initialize?prefCd=11&kikanCd=1103891800&kikanKbn=1", "url2": "http://www.wakakusa-hospital.com/", "内容": "医療法人有隣会　わかくさ病院【1:病院】【診療科目:内科_血液内科_消化器内科_小児科】【一般病床数:29療養病床数:0精神病床数:0感染症病床数:0合計病床数:29】埼玉県さいたま市南区大字太田窪１９７３番地５" }, "geometry": { "type": "Point", "coordinates": [ 139.681461, 35.853288 ] } },
{ "type": "Feature", "properties": { "ID": 1111103892600, "正式名称": "聖みどり病院", "機関区分": 1, "都道府県コード": 11, "市区町村コード": 108, "所在地": "埼玉県さいたま市南区白幡５－１９－２５", "緯度": 35.845194, "経度": 139.648531, "url": "https://www.iryou.teikyouseido.mhlw.go.jp/znk-web/juminkanja/S2430/initialize?prefCd=11&kikanCd=1103892600&kikanKbn=1", "url2": "https://shomidori-hospital.com", "内容": "聖みどり病院【1:病院】【診療科目:神経内科_精神科_心療内科】【一般病床数:0療養病床数:0精神病床数:120感染症病床数:0合計病床数:120】埼玉県さいたま市南区白幡５－１９－２５" }, "geometry": { "type": "Point", "coordinates": [ 139.648531, 35.845194 ] } },
{ "type": "Feature", "properties": { "ID": 1111103893400, "正式名称": "医療法人博仁会　共済病院", "機関区分": 1, "都道府県コード": 11, "市区町村コード": 109, "所在地": "埼玉県さいたま市緑区原山３－１５－３１", "緯度": 35.872525, "経度": 139.675789, "url": "https://www.iryou.teikyouseido.mhlw.go.jp/znk-web/juminkanja/S2430/initialize?prefCd=11&kikanCd=1103893400&kikanKbn=1", "url2": "http://www.kyosai-hosp.or.jp/", "内容": "医療法人博仁会　共済病院【1:病院】【診療科目:内科_糖尿病内科_呼吸器内科_循環器内科_消化器内科_外科_乳腺外科_肛門外科_整形外科_婦人科_麻酔科】【一般病床数:80療養病床数:37精神病床数:0感染症病床数:0合計病床数:117】埼玉県さいたま市緑区原山３－１５－３１" }, "geometry": { "type": "Point", "coordinates": [ 139.675789, 35.872525 ] } },
{ "type": "Feature", "properties": { "ID": 1111103894200, "正式名称": "さいたま市立病院", "機関区分": 1, "都道府県コード": 11, "市区町村コード": 109, "所在地": "埼玉県さいたま市緑区三室２４６０", "緯度": 35.890379, "経度": 139.679599, "url": "https://www.iryou.teikyouseido.mhlw.go.jp/znk-web/juminkanja/S2430/initialize?prefCd=11&kikanCd=1103894200&kikanKbn=1", "url2": "https://www.city.saitama.lg.jp/hospital/index.html", "内容": "さいたま市立病院【1:病院】【診療科目:内科_脳神経内科_呼吸器内科_循環器内科_消化器内科_緩和ケア内科_外科_脳神経外科_呼吸器外科_血管外科_心臓血管外科_消化器外科_整形外科_形成外科_小児科_小児外科_新生児内科_産婦人科_眼科_耳鼻いんこう科_皮膚科_泌尿器科_精神科_歯科口腔外科_リハビリテーション科_放射線診断科_放射線治療科_病理診断科_救急科_麻酔科】【一般病床数:577療養病床数:0精神病床数:30感染症病床数:10合計病床数:637】埼玉県さいたま市緑区三室２４６０" }, "geometry": { "type": "Point", "coordinates": [ 139.679599, 35.890379 ] } },
{ "type": "Feature", "properties": { "ID": 1111103895000, "正式名称": "医療法人社団弘象会　東和病院", "機関区分": 1, "都道府県コード": 11, "市区町村コード": 109, "所在地": "埼玉県さいたま市緑区東浦和７ー６－１", "緯度": 35.870315, "経度": 139.701006, "url": "https://www.iryou.teikyouseido.mhlw.go.jp/znk-web/juminkanja/S2430/initialize?prefCd=11&kikanCd=1103895000&kikanKbn=1", "url2": "https://www.towa-hosp.com/", "内容": "医療法人社団弘象会　東和病院【1:病院】【診療科目:内科_整形外科_皮膚科_リハビリテーション科_麻酔科_乳腺外来】【一般病床数:48療養病床数:0精神病床数:0感染症病床数:0合計病床数:48】埼玉県さいたま市緑区東浦和７ー６－１" }, "geometry": { "type": "Point", "coordinates": [ 139.701006, 35.870315 ] } },
{ "type": "Feature", "properties": { "ID": 1111103897700, "正式名称": "医療法人社団幸正会　岩槻南病院", "機関区分": 1, "都道府県コード": 11, "市区町村コード": 110, "所在地": "埼玉県さいたま市岩槻区黒谷２２５６", "緯度": 35.928034, "経度": 139.723413, "url": "https://www.iryou.teikyouseido.mhlw.go.jp/znk-web/juminkanja/S2430/initialize?prefCd=11&kikanCd=1103897700&kikanKbn=1", "url2": "http://www.iwatsuki-minami.jp", "内容": "医療法人社団幸正会　岩槻南病院【1:病院】【診療科目:内科_循環器内科_消化器内科_腎臓内科_神経内科_心臓血管外科_形成外科】【一般病床数:30療養病床数:0精神病床数:0感染症病床数:0合計病床数:30】埼玉県さいたま市岩槻区黒谷２２５６" }, "geometry": { "type": "Point", "coordinates": [ 139.723413, 35.928034 ] } },
{ "type": "Feature", "properties": { "ID": 1111103898500, "正式名称": "岩槻中央病院", "機関区分": 1, "都道府県コード": 11, "市区町村コード": 110, "所在地": "埼玉県さいたま市岩槻区東岩槻", "緯度": 35.964546, "経度": 139.709559, "url": "https://www.iryou.teikyouseido.mhlw.go.jp/znk-web/juminkanja/S2430/initialize?prefCd=11&kikanCd=1103898500&kikanKbn=1", "url2": "http://hospital.imwg.jp/", "内容": "岩槻中央病院【1:病院】【診療科目:内科_循環器内科_胃腸内科_外科_脳神経外科_整形外科_皮膚科_リハビリテーション科_放射線科】【一般病床数:37療養病床数:84精神病床数:0感染症病床数:0合計病床数:121】埼玉県さいたま市岩槻区東岩槻" }, "geometry": { "type": "Point", "coordinates": [ 139.709559, 35.964546 ] } },
{ "type": "Feature", "properties": { "ID": 1111103899300, "正式名称": "医療法人ひかり会　クリニカル病院", "機関区分": 1, "都道府県コード": 11, "市区町村コード": 110, "所在地": "埼玉県さいたま市岩槻区馬込２３４", "緯度": 35.964904, "経度": 139.669449, "url": "https://www.iryou.teikyouseido.mhlw.go.jp/znk-web/juminkanja/S2430/initialize?prefCd=11&kikanCd=1103899300&kikanKbn=1", "url2": "http://hikarikaigroup.com/facilities/clinical.html", "内容": "医療法人ひかり会　クリニカル病院【1:病院】【診療科目:内科_リハビリテーション科】【一般病床数:0療養病床数:168精神病床数:0感染症病床数:0合計病床数:168】埼玉県さいたま市岩槻区馬込２３４" }, "geometry": { "type": "Point", "coordinates": [ 139.669449, 35.964904 ] } },
{ "type": "Feature", "properties": { "ID": 1111105368200, "正式名称": "川越同仁会病院", "機関区分": 1, "都道府県コード": 11, "市区町村コード": 201, "所在地": "埼玉県川越市新宿町４－７－５", "緯度": 35.8958, "経度": 139.481515, "url": "https://www.iryou.teikyouseido.mhlw.go.jp/znk-web/juminkanja/S2430/initialize?prefCd=11&kikanCd=1105368200&kikanKbn=1", "url2": "http://www.doujinkai-hp.com", "内容": "川越同仁会病院【1:病院】【診療科目:精神科】【一般病床数:0療養病床数:0精神病床数:257感染症病床数:0合計病床数:257】埼玉県川越市新宿町４－７－５" }, "geometry": { "type": "Point", "coordinates": [ 139.481515, 35.8958 ] } },
{ "type": "Feature", "properties": { "ID": 1111105369000, "正式名称": "医療法人埼玉病院", "機関区分": 1, "都道府県コード": 11, "市区町村コード": 201, "所在地": "埼玉県川越市西小仙波町１－８－３", "緯度": 35.917414, "経度": 139.487538, "url": "https://www.iryou.teikyouseido.mhlw.go.jp/znk-web/juminkanja/S2430/initialize?prefCd=11&kikanCd=1105369000&kikanKbn=1", "url2": "http://saitamahp.or.jp", "内容": "医療法人埼玉病院【1:病院】【診療科目:内科_呼吸器内科_循環器内科_消化器内科_心療内科_アレルギー科_リハビリテーション科_放射線科】【一般病床数:0療養病床数:21精神病床数:0感染症病床数:0合計病床数:21】埼玉県川越市西小仙波町１－８－３" }, "geometry": { "type": "Point", "coordinates": [ 139.487538, 35.917414 ] } },
{ "type": "Feature", "properties": { "ID": 1111105370400, "正式名称": "医療法人刀圭会本川越病院", "機関区分": 1, "都道府県コード": 11, "市区町村コード": 201, "所在地": "埼玉県川越市中原町", "緯度": 35.917412, "経度": 139.480092, "url": "https://www.iryou.teikyouseido.mhlw.go.jp/znk-web/juminkanja/S2430/initialize?prefCd=11&kikanCd=1105370400&kikanKbn=1", "url2": "http://www.honkawagoe-hp.or.jp", "内容": "医療法人刀圭会本川越病院【1:病院】【診療科目:内科_糖尿病内科_循環器内科_消化器内科_神経内科_内視鏡内科_外科_脳神経外科_整形外科_リハビリテーション科_放射線科_麻酔科】【一般病床数:70療養病床数:0精神病床数:0感染症病床数:0合計病床数:70】埼玉県川越市中原町" }, "geometry": { "type": "Point", "coordinates": [ 139.480092, 35.917412 ] } },
{ "type": "Feature", "properties": { "ID": 1111105371200, "正式名称": "医療法人豊仁会三井病院", "機関区分": 1, "都道府県コード": 11, "市区町村コード": 201, "所在地": "埼玉県川越市連雀町１９－３", "緯度": 35.918717, "経度": 139.484508, "url": "https://www.iryou.teikyouseido.mhlw.go.jp/znk-web/juminkanja/S2430/initialize?prefCd=11&kikanCd=1105371200&kikanKbn=1", "url2": "https://www.mitsui-hospital.com", "内容": "医療法人豊仁会三井病院【1:病院】【診療科目:内科_糖尿病・内分泌内科_循環器内科_腎臓内科_腫瘍内科_外科_脳神経外科_消化器外科_乳腺外科_整形外科_形成外科_小児外科_婦人科_眼科_皮膚科_美容皮膚科_泌尿器科_歯科_矯正歯科_歯科口腔外科】【一般病床数:133療養病床数:0精神病床数:0感染症病床数:0合計病床数:133】埼玉県川越市連雀町１９－３" }, "geometry": { "type": "Point", "coordinates": [ 139.484508, 35.918717 ] } },
{ "type": "Feature", "properties": { "ID": 1111105372000, "正式名称": "武蔵野総合病院", "機関区分": 1, "都道府県コード": 11, "市区町村コード": 201, "所在地": "埼玉県川越市大袋新田９７７－９", "緯度": 35.889772, "経度": 139.446651, "url": "https://www.iryou.teikyouseido.mhlw.go.jp/znk-web/juminkanja/S2430/initialize?prefCd=11&kikanCd=1105372000&kikanKbn=1", "url2": "https://www.musashino-hp.or.jp", "内容": "武蔵野総合病院【1:病院】【診療科目:内科_循環器内科_消化器内科_神経内科_外科_脳神経外科_血管外科_肛門外科_整形外科_形成外科_耳鼻いんこう科_泌尿器科_リウマチ科_リハビリテーション科_麻酔科】【一般病床数:153療養病床数:32精神病床数:0感染症病床数:0合計病床数:185】埼玉県川越市大袋新田９７７－９" }, "geometry": { "type": "Point", "coordinates": [ 139.446651, 35.889772 ] } },
{ "type": "Feature", "properties": { "ID": 1111105373900, "正式名称": "医療法人山口病院", "機関区分": 1, "都道府県コード": 11, "市区町村コード": 201, "所在地": "埼玉県川越市脇田町１６－１３", "緯度": 35.909218, "経度": 139.484059, "url": "https://www.iryou.teikyouseido.mhlw.go.jp/znk-web/juminkanja/S2430/initialize?prefCd=11&kikanCd=1105373900&kikanKbn=1", "url2": "http://www.yamaguchi-hospital.jp", "内容": "医療法人山口病院【1:病院】【診療科目:内科_精神科_歯科_放射線科】【一般病床数:0療養病床数:0精神病床数:275感染症病床数:0合計病床数:275】埼玉県川越市脇田町１６－１３" }, "geometry": { "type": "Point", "coordinates": [ 139.484059, 35.909218 ] } },
{ "type": "Feature", "properties": { "ID": 1111105375500, "正式名称": "医療法人三信会　岸病院", "機関区分": 1, "都道府県コード": 11, "市区町村コード": 201, "所在地": "埼玉県川越市上戸１０１", "緯度": 35.928829, "経度": 139.44443, "url": "https://www.iryou.teikyouseido.mhlw.go.jp/znk-web/juminkanja/S2430/initialize?prefCd=11&kikanCd=1105375500&kikanKbn=1", "url2": "http://www.kishi-hosp.or.jp/", "内容": "医療法人三信会　岸病院【1:病院】【診療科目:精神科】【一般病床数:0療養病床数:0精神病床数:95感染症病床数:0合計病床数:95】埼玉県川越市上戸１０１" }, "geometry": { "type": "Point", "coordinates": [ 139.44443, 35.928829 ] } },
{ "type": "Feature", "properties": { "ID": 1111105377100, "正式名称": "赤心堂病院", "機関区分": 1, "都道府県コード": 11, "市区町村コード": 201, "所在地": "埼玉県川越市脇田本町２５－１９", "緯度": 35.909512, "経度": 139.480667, "url": "https://www.iryou.teikyouseido.mhlw.go.jp/znk-web/juminkanja/S2430/initialize?prefCd=11&kikanCd=1105377100&kikanKbn=1", "url2": "http://www.sekishindo.or.jp", "内容": "赤心堂病院【1:病院】【診療科目:内科_脳神経内科_呼吸器内科_外科_脳神経外科_呼吸器外科_血管外科_消化器外科_乳腺外科_肛門外科_内視鏡外科_整形外科_形成外科_小児科_婦人科_皮膚科_泌尿器科_リハビリテーション科_放射線科_麻酔科_消化器科、循環器科】【一般病床数:198療養病床数:0精神病床数:0感染症病床数:0合計病床数:198】埼玉県川越市脇田本町２５－１９" }, "geometry": { "type": "Point", "coordinates": [ 139.480667, 35.909512 ] } },
{ "type": "Feature", "properties": { "ID": 1111105379800, "正式名称": "医療法人社団誠弘会池袋病院", "機関区分": 1, "都道府県コード": 11, "市区町村コード": 201, "所在地": "埼玉県川越市笠幡３７２４－６", "緯度": 35.9065, "経度": 139.406373, "url": "https://www.iryou.teikyouseido.mhlw.go.jp/znk-web/juminkanja/S2430/initialize?prefCd=11&kikanCd=1105379800&kikanKbn=1", "url2": "http://www.ikebukuro.or.jp/", "内容": "医療法人社団誠弘会池袋病院【1:病院】【診療科目:内科_糖尿病内科_呼吸器内科_循環器内科_消化器内科_腎臓内科_人工透析内科_内視鏡内科_外科_脳神経外科_整形外科_小児科_小児外科_皮膚科_泌尿器科_リハビリテーション科_放射線科】【一般病床数:60療養病床数:16精神病床数:0感染症病床数:0合計病床数:76】埼玉県川越市笠幡３７２４－６" }, "geometry": { "type": "Point", "coordinates": [ 139.406373, 35.9065 ] } },
{ "type": "Feature", "properties": { "ID": 1111105380100, "正式名称": "西武川越病院", "機関区分": 1, "都道府県コード": 11, "市区町村コード": 201, "所在地": "埼玉県川越市大字今福２６５番地２", "緯度": 35.875393, "経度": 139.465942, "url": "https://www.iryou.teikyouseido.mhlw.go.jp/znk-web/juminkanja/S2430/initialize?prefCd=11&kikanCd=1105380100&kikanKbn=1", "url2": "http://www.seibukawagoe-hp.or.jp", "内容": "西武川越病院【1:病院】【診療科目:内科_リハビリテーション科】【一般病床数:0療養病床数:268精神病床数:0感染症病床数:0合計病床数:268】埼玉県川越市大字今福２６５番地２" }, "geometry": { "type": "Point", "coordinates": [ 139.465942, 35.875393 ] } },
{ "type": "Feature", "properties": { "ID": 1111105381000, "正式名称": "城南中央病院", "機関区分": 1, "都道府県コード": 11, "市区町村コード": 201, "所在地": "埼玉県川越市中台元町１−１６−１１", "緯度": 35.891597, "経度": 139.481357, "url": "https://www.iryou.teikyouseido.mhlw.go.jp/znk-web/juminkanja/S2430/initialize?prefCd=11&kikanCd=1105381000&kikanKbn=1", "url2": "http://www.mizuhokai.or.jp", "内容": "城南中央病院【1:病院】【診療科目:内科】【一般病床数:0療養病床数:100精神病床数:0感染症病床数:0合計病床数:100】埼玉県川越市中台元町１−１６−１１" }, "geometry": { "type": "Point", "coordinates": [ 139.481357, 35.891597 ] } },
{ "type": "Feature", "properties": { "ID": 1111105382800, "正式名称": "医療法人康正会病院", "機関区分": 1, "都道府県コード": 11, "市区町村コード": 201, "所在地": "埼玉県川越市山田３２０－１", "緯度": 35.935656, "経度": 139.476451, "url": "https://www.iryou.teikyouseido.mhlw.go.jp/znk-web/juminkanja/S2430/initialize?prefCd=11&kikanCd=1105382800&kikanKbn=1", "url2": "http://www.kouseikai-hosp.or.jp", "内容": "医療法人康正会病院【1:病院】【診療科目:内科_血液内科_糖尿病内科_呼吸器内科_循環器内科_消化器内科_神経内科_内視鏡内科_外科_脳神経外科_呼吸器外科_心臓血管外科_消化器外科_乳腺外科_肛門外科_内視鏡外科_整形外科_皮膚科_泌尿器科_リハビリテーション科_放射線科_麻酔科】【一般病床数:147療養病床数:0精神病床数:0感染症病床数:0合計病床数:147】埼玉県川越市山田３２０－１" }, "geometry": { "type": "Point", "coordinates": [ 139.476451, 35.935656 ] } },
{ "type": "Feature", "properties": { "ID": 1111105383600, "正式名称": "笠幡病院", "機関区分": 1, "都道府県コード": 11, "市区町村コード": 201, "所在地": "埼玉県川越市笠幡４９５５番地１", "緯度": 35.903614, "経度": 139.413031, "url": "https://www.iryou.teikyouseido.mhlw.go.jp/znk-web/juminkanja/S2430/initialize?prefCd=11&kikanCd=1105383600&kikanKbn=1", "url2": "http://www.kasahatahp.com", "内容": "笠幡病院【1:病院】【診療科目:内科_皮膚科_歯科_矯正歯科_歯科口腔外科_小児歯科_リハビリテーション科_麻酔科】【一般病床数:0療養病床数:136精神病床数:0感染症病床数:0合計病床数:136】埼玉県川越市笠幡４９５５番地１" }, "geometry": { "type": "Point", "coordinates": [ 139.413031, 35.903614 ] } },
{ "type": "Feature", "properties": { "ID": 1111105384400, "正式名称": "帯津三敬病院", "機関区分": 1, "都道府県コード": 11, "市区町村コード": 201, "所在地": "埼玉県川越市大中居５４５番地", "緯度": 35.907663, "経度": 139.510948, "url": "https://www.iryou.teikyouseido.mhlw.go.jp/znk-web/juminkanja/S2430/initialize?prefCd=11&kikanCd=1105384400&kikanKbn=1", "url2": "http://www.obitsusankei.or.jp", "内容": "帯津三敬病院【1:病院】【診療科目:内科_糖尿病内科_呼吸器内科_循環器内科_消化器内科_神経内科_外科_脳神経外科_乳腺外科_整形外科_泌尿器科_心療内科】【一般病床数:99療養病床数:0精神病床数:0感染症病床数:0合計病床数:99】埼玉県川越市大中居５４５番地" }, "geometry": { "type": "Point", "coordinates": [ 139.510948, 35.907663 ] } },
{ "type": "Feature", "properties": { "ID": 1111105385200, "正式名称": "医療法人社団ゆうしん西川病院", "機関区分": 1, "都道府県コード": 11, "市区町村コード": 201, "所在地": "埼玉県川越市砂久保１６１－２３", "緯度": 35.871172, "経度": 139.480202, "url": "https://www.iryou.teikyouseido.mhlw.go.jp/znk-web/juminkanja/S2430/initialize?prefCd=11&kikanCd=1105385200&kikanKbn=1", "url2": "http://www.nishikawagroup.com", "内容": "医療法人社団ゆうしん西川病院【1:病院】【診療科目:精神科_神経科】【一般病床数:0療養病床数:0精神病床数:68感染症病床数:0合計病床数:68】埼玉県川越市砂久保１６１－２３" }, "geometry": { "type": "Point", "coordinates": [ 139.480202, 35.871172 ] } },
{ "type": "Feature", "properties": { "ID": 1111105386000, "正式名称": "医療法人社団　関心会　関本記念病院", "機関区分": 1, "都道府県コード": 11, "市区町村コード": 201, "所在地": "埼玉県川越市中台１－８－６", "緯度": 35.890756, "経度": 139.473299, "url": "https://www.iryou.teikyouseido.mhlw.go.jp/znk-web/juminkanja/S2430/initialize?prefCd=11&kikanCd=1105386000&kikanKbn=1", "url2": "http://sekimotokinen-hp.or.jp/", "内容": "医療法人社団　関心会　関本記念病院【1:病院】【診療科目:内科_呼吸器内科_循環器内科_消化器内科_神経内科_小児科_眼科_皮膚科_歯科_歯科口腔外科_小児歯科】【一般病床数:94療養病床数:48精神病床数:0感染症病床数:0合計病床数:142】埼玉県川越市中台１－８－６" }, "geometry": { "type": "Point", "coordinates": [ 139.473299, 35.890756 ] } },
{ "type": "Feature", "properties": { "ID": 1111105387900, "正式名称": "霞ケ関南病院", "機関区分": 1, "都道府県コード": 11, "市区町村コード": 201, "所在地": "埼玉県川越市安比奈新田２８３－１", "緯度": 35.901998, "経度": 139.419223, "url": "https://www.iryou.teikyouseido.mhlw.go.jp/znk-web/juminkanja/S2430/initialize?prefCd=11&kikanCd=1105387900&kikanKbn=1", "url2": "http://www.kasumi-gr.com", "内容": "霞ケ関南病院【1:病院】【診療科目:内科_脳神経外科_整形外科_眼科_老年精神科_歯科_リハビリテーション科】【一般病床数:37療養病床数:162精神病床数:0感染症病床数:0合計病床数:199】埼玉県川越市安比奈新田２８３－１" }, "geometry": { "type": "Point", "coordinates": [ 139.419223, 35.901998 ] } },
{ "type": "Feature", "properties": { "ID": 1111105388700, "正式名称": "南古谷病院", "機関区分": 1, "都道府県コード": 11, "市区町村コード": 201, "所在地": "埼玉県川越市久下戸１１０", "緯度": 35.901491, "経度": 139.528877, "url": "https://www.iryou.teikyouseido.mhlw.go.jp/znk-web/juminkanja/S2430/initialize?prefCd=11&kikanCd=1105388700&kikanKbn=1", "url2": "https://www.minamifuruya.or.jp/", "内容": "南古谷病院【1:病院】【診療科目:内科_糖尿病内科_循環器内科_消化器内科_外科_脳神経外科_肛門外科_整形外科_眼科_皮膚科_泌尿器科_歯科_歯科口腔外科_小児歯科_リハビリテーション科_放射線科】【一般病床数:137療養病床数:0精神病床数:0感染症病床数:0合計病床数:137】埼玉県川越市久下戸１１０" }, "geometry": { "type": "Point", "coordinates": [ 139.528877, 35.901491 ] } },
{ "type": "Feature", "properties": { "ID": 1111105390900, "正式名称": "医療法人愛和病院", "機関区分": 1, "都道府県コード": 11, "市区町村コード": 201, "所在地": "埼玉県川越市古谷上９８３－１", "緯度": 35.916401, "経度": 139.518158, "url": "https://www.iryou.teikyouseido.mhlw.go.jp/znk-web/juminkanja/S2430/initialize?prefCd=11&kikanCd=1105390900&kikanKbn=1", "url2": "https://www.aiwahospital.or.jp", "内容": "医療法人愛和病院【1:病院】【診療科目:形成外科_小児科_産科_婦人科_皮膚科_麻酔科】【一般病床数:56療養病床数:0精神病床数:0感染症病床数:0合計病床数:56】埼玉県川越市古谷上９８３－１" }, "geometry": { "type": "Point", "coordinates": [ 139.518158, 35.916401 ] } },
{ "type": "Feature", "properties": { "ID": 1111105392500, "正式名称": "川越リハビリテーション病院", "機関区分": 1, "都道府県コード": 11, "市区町村コード": 201, "所在地": "埼玉県川越市中台元町１－９－１２", "緯度": 35.893094, "経度": 139.479676, "url": "https://www.iryou.teikyouseido.mhlw.go.jp/znk-web/juminkanja/S2430/initialize?prefCd=11&kikanCd=1105392500&kikanKbn=1", "url2": "http://www.mizuhokai.or.jp/kawagoe-reha/", "内容": "川越リハビリテーション病院【1:病院】【診療科目:内科_脳神経外科_整形外科_リウマチ科_リハビリテーション科_麻酔科】【一般病床数:49療養病床数:102精神病床数:0感染症病床数:0合計病床数:151】埼玉県川越市中台元町１－９－１２" }, "geometry": { "type": "Point", "coordinates": [ 139.479676, 35.893094 ] } },
{ "type": "Feature", "properties": { "ID": 1111108001101, "正式名称": "医療法人社団　白翔会　所沢白翔会病院", "機関区分": 1, "都道府県コード": 11, "市区町村コード": 208, "所在地": "埼玉県所沢市山口５０９５", "緯度": 35.780917, "経度": 139.432844, "url": "https://www.iryou.teikyouseido.mhlw.go.jp/znk-web/juminkanja/S2430/initialize?prefCd=11&kikanCd=1108001101&kikanKbn=1", "url2": "https://hakusyoukai.com/tokorozawa/news/wp-content/uploads/2025/01/news_parking02.pdf", "内容": "医療法人社団　白翔会　所沢白翔会病院【1:病院】【診療科目:内科_糖尿病内科_循環器内科_消化器内科_腎臓内科_老年内科_内視鏡内科_ペインクリニック内科_脳神経外科_整形外科_リハビリテーション科_麻酔科】【一般病床数:128療養病床数:0精神病床数:0感染症病床数:0合計病床数:128】埼玉県所沢市山口５０９５" }, "geometry": { "type": "Point", "coordinates": [ 139.432844, 35.780917 ] } },
{ "type": "Feature", "properties": { "ID": 1111108078700, "正式名称": "一般財団法人　鳩ヶ谷中央病院", "機関区分": 1, "都道府県コード": 11, "市区町村コード": 203, "所在地": "埼玉県川口市桜町", "緯度": 35.838005, "経度": 139.743862, "url": "https://www.iryou.teikyouseido.mhlw.go.jp/znk-web/juminkanja/S2430/initialize?prefCd=11&kikanCd=1108078700&kikanKbn=1", "url2": "http://www.hato-hsp.jp/", "内容": "一般財団法人　鳩ヶ谷中央病院【1:病院】【診療科目:内科_呼吸器内科_循環器内科_消化器内科】【一般病床数:0療養病床数:79精神病床数:0感染症病床数:0合計病床数:79】埼玉県川口市桜町" }, "geometry": { "type": "Point", "coordinates": [ 139.743862, 35.838005 ] } },
{ "type": "Feature", "properties": { "ID": 1111108079500, "正式名称": "医療法人あかつき会　はとがや病院", "機関区分": 1, "都道府県コード": 11, "市区町村コード": 203, "所在地": "埼玉県川口市坂下町４－１６－２６", "緯度": 35.825839, "経度": 139.738141, "url": "https://www.iryou.teikyouseido.mhlw.go.jp/znk-web/juminkanja/S2430/initialize?prefCd=11&kikanCd=1108079500&kikanKbn=1", "url2": "https://hatogaya-hp.or.jp/", "内容": "医療法人あかつき会　はとがや病院【1:病院】【診療科目:内科_循環器内科_消化器内科_肝臓内科_整形外科_形成外科_皮膚科_リハビリテーション科】【一般病床数:60療養病床数:60精神病床数:0感染症病床数:0合計病床数:120】埼玉県川口市坂下町４－１６－２６" }, "geometry": { "type": "Point", "coordinates": [ 139.738141, 35.825839 ] } },
{ "type": "Feature", "properties": { "ID": 1111108080900, "正式名称": "医療法人社団厚生会　埼玉厚生病院", "機関区分": 1, "都道府県コード": 11, "市区町村コード": 203, "所在地": "埼玉県川口市南鳩ヶ谷６－５－５", "緯度": 35.817665, "経度": 139.735445, "url": "https://www.iryou.teikyouseido.mhlw.go.jp/znk-web/juminkanja/S2430/initialize?prefCd=11&kikanCd=1108080900&kikanKbn=1", "url2": "http://www.saitamakousei.com/", "内容": "医療法人社団厚生会　埼玉厚生病院【1:病院】【診療科目:内科_循環器内科_消化器内科_外科_脳神経外科_整形外科_眼科_皮膚科】【一般病床数:55療養病床数:53精神病床数:0感染症病床数:0合計病床数:108】埼玉県川口市南鳩ヶ谷６－５－５" }, "geometry": { "type": "Point", "coordinates": [ 139.735445, 35.817665 ] } },
{ "type": "Feature", "properties": { "ID": 1111108146500, "正式名称": "医療法人藤仁会　藤村病院", "機関区分": 1, "都道府県コード": 11, "市区町村コード": 219, "所在地": "埼玉県上尾市仲町１－８－３３", "緯度": 35.97301, "経度": 139.591222, "url": "https://www.iryou.teikyouseido.mhlw.go.jp/znk-web/juminkanja/S2430/initialize?prefCd=11&kikanCd=1108146500&kikanKbn=1", "url2": "http://www.to-jinkai.or.jp", "内容": "医療法人藤仁会　藤村病院【1:病院】【診療科目:内科_呼吸器内科_循環器内科_消化器内科_神経内科_ペインクリニック内科_外科_脳神経外科_気管食道外科_消化器外科_乳腺外科_肛門外科_ペインクリニック外科_整形外科_皮膚科_泌尿器科_リハビリテーション科_麻酔科_気管食道科】【一般病床数:68療養病床数:26精神病床数:0感染症病床数:0合計病床数:98】埼玉県上尾市仲町１－８－３３" }, "geometry": { "type": "Point", "coordinates": [ 139.591222, 35.97301 ] } },
{ "type": "Feature", "properties": { "ID": 1111108147300, "正式名称": "医療法人社団宗仁会　武蔵野病院", "機関区分": 1, "都道府県コード": 11, "市区町村コード": 219, "所在地": "埼玉県上尾市栄町１５－３２", "緯度": 35.961975, "経度": 139.603268, "url": "https://www.iryou.teikyouseido.mhlw.go.jp/znk-web/juminkanja/S2430/initialize?prefCd=11&kikanCd=1108147300&kikanKbn=1", "url2": "http://www.soujinkaimusashino.com/", "内容": "医療法人社団宗仁会　武蔵野病院【1:病院】【診療科目:精神科_心療内科_老年精神科】【一般病床数:0療養病床数:0精神病床数:115感染症病床数:0合計病床数:115】埼玉県上尾市栄町１５－３２" }, "geometry": { "type": "Point", "coordinates": [ 139.603268, 35.961975 ] } },
{ "type": "Feature", "properties": { "ID": 1111108149000, "正式名称": "埼玉県立がんセンター", "機関区分": 1, "都道府県コード": 11, "市区町村コード": 301, "所在地": "埼玉県北足立郡伊奈町大字小室７８０番地", "緯度": 35.984362, "経度": 139.617913, "url": "https://www.iryou.teikyouseido.mhlw.go.jp/znk-web/juminkanja/S2430/initialize?prefCd=11&kikanCd=1108149000&kikanKbn=1", "url2": "https://www.saitama-pho.jp/saitama-cc/index.html", "内容": "埼玉県立がんセンター【1:病院】【診療科目:内科_血液内科_呼吸器内科_消化器内科_腫瘍内科_緩和ケア内科_乳腺内科_脳神経外科_消化器外科_乳腺外科_頭頸部外科_胸部外科_整形外科_形成外科_婦人科_眼科_皮膚科_泌尿器科_心療内科_精神腫瘍科_歯科口腔外科_リハビリテーション科_放射線科_病理診断科_麻酔科】【一般病床数:503療養病床数:0精神病床数:0感染症病床数:0合計病床数:503】埼玉県北足立郡伊奈町大字小室７８０番地" }, "geometry": { "type": "Point", "coordinates": [ 139.617913, 35.984362 ] } },
{ "type": "Feature", "properties": { "ID": 1111108150300, "正式名称": "医療法人社団愛友会　伊奈病院", "機関区分": 1, "都道府県コード": 11, "市区町村コード": 301, "所在地": "埼玉県北足立郡伊奈町小室５０１４－１", "緯度": 35.99409, "経度": 139.618333, "url": "https://www.iryou.teikyouseido.mhlw.go.jp/znk-web/juminkanja/S2430/initialize?prefCd=11&kikanCd=1108150300&kikanKbn=1", "url2": "http://www.inahp.saitama.jp", "内容": "医療法人社団愛友会　伊奈病院【1:病院】【診療科目:内科_糖尿病内科_循環器内科_消化器内科_外科_脳神経外科_消化器外科_乳腺外科_肛門外科_整形外科_小児科_婦人科_眼科_耳鼻いんこう科_皮膚科_泌尿器科_リウマチ科_リハビリテーション科_放射線科_救急科_麻酔科】【一般病床数:141療養病床数:40精神病床数:0感染症病床数:0合計病床数:181】埼玉県北足立郡伊奈町小室５０１４－１" }, "geometry": { "type": "Point", "coordinates": [ 139.618333, 35.99409 ] } },
{ "type": "Feature", "properties": { "ID": 1111108151100, "正式名称": "のぞみリハビリテーション病院", "機関区分": 1, "都道府県コード": 11, "市区町村コード": 301, "所在地": "埼玉県北足立郡伊奈町小室３１７０", "緯度": 35.983129, "経度": 139.634009, "url": "https://www.iryou.teikyouseido.mhlw.go.jp/znk-web/juminkanja/S2430/initialize?prefCd=11&kikanCd=1108151100&kikanKbn=1", "url2": "http://www.nozomi.or.jp/", "内容": "のぞみリハビリテーション病院【1:病院】【診療科目:内科_循環器内科_神経内科_脳神経外科_皮膚科_リハビリテーション科】【一般病床数:0療養病床数:57精神病床数:0感染症病床数:0合計病床数:57】埼玉県北足立郡伊奈町小室３１７０" }, "geometry": { "type": "Point", "coordinates": [ 139.634009, 35.983129 ] } },
{ "type": "Feature", "properties": { "ID": 1111108152000, "正式名称": "医療法人社団顕心会　伊奈中央病院", "機関区分": 1, "都道府県コード": 11, "市区町村コード": 301, "所在地": "埼玉県北足立郡伊奈町寿４－４３", "緯度": 36.003468, "経度": 139.607716, "url": "https://www.iryou.teikyouseido.mhlw.go.jp/znk-web/juminkanja/S2430/initialize?prefCd=11&kikanCd=1108152000&kikanKbn=1", "url2": "http://www.inacyuuouhp.or.jp/", "内容": "医療法人社団顕心会　伊奈中央病院【1:病院】【診療科目:内科_皮膚科_リハビリテーション科】【一般病床数:0療養病床数:66精神病床数:0感染症病床数:0合計病床数:66】埼玉県北足立郡伊奈町寿４－４３" }, "geometry": { "type": "Point", "coordinates": [ 139.607716, 36.003468 ] } },
{ "type": "Feature", "properties": { "ID": 1111108153800, "正式名称": "埼玉県立精神医療センター", "機関区分": 1, "都道府県コード": 11, "市区町村コード": 301, "所在地": "埼玉県北足立郡伊奈町小室８１８－２", "緯度": 35.982668, "経度": 139.620336, "url": "https://www.iryou.teikyouseido.mhlw.go.jp/znk-web/juminkanja/S2430/initialize?prefCd=11&kikanCd=1108153800&kikanKbn=1", "url2": "https://www.saitama-pho.jp/seishin-c/index.html", "内容": "埼玉県立精神医療センター【1:病院】【診療科目:内科_外科_小児科_精神科_歯科_児童・思春期精神科】【一般病床数:0療養病床数:0精神病床数:183感染症病床数:0合計病床数:183】埼玉県北足立郡伊奈町小室８１８－２" }, "geometry": { "type": "Point", "coordinates": [ 139.620336, 35.982668 ] } },
{ "type": "Feature", "properties": { "ID": 1111108154600, "正式名称": "埼玉県総合リハビリテ－ションセンター", "機関区分": 1, "都道府県コード": 11, "市区町村コード": 219, "所在地": "埼玉県上尾市大字西貝塚１４８－１", "緯度": 35.937988, "経度": 139.553088, "url": "https://www.iryou.teikyouseido.mhlw.go.jp/znk-web/juminkanja/S2430/initialize?prefCd=11&kikanCd=1108154600&kikanKbn=1", "url2": "https://www.pref.saitama.lg.jp/rihasen/index.html", "内容": "埼玉県総合リハビリテ－ションセンター【1:病院】【診療科目:脳神経内科_循環器内科_脳神経外科_整形外科_泌尿器科_歯科_リハビリテーション科_麻酔科_神経・精神科】【一般病床数:120療養病床数:0精神病床数:0感染症病床数:0合計病床数:120】埼玉県上尾市大字西貝塚１４８－１" }, "geometry": { "type": "Point", "coordinates": [ 139.553088, 35.937988 ] } },
{ "type": "Feature", "properties": { "ID": 1111108155400, "正式名称": "埼玉県済生会鴻巣病院", "機関区分": 1, "都道府県コード": 11, "市区町村コード": 217, "所在地": "埼玉県鴻巣市八幡田８４９", "緯度": 36.07305, "経度": 139.502163, "url": "https://www.iryou.teikyouseido.mhlw.go.jp/znk-web/juminkanja/S2430/initialize?prefCd=11&kikanCd=1108155400&kikanKbn=1", "url2": "http://kounosu-hp.jp/", "内容": "埼玉県済生会鴻巣病院【1:病院】【診療科目:内科_精神科】【一般病床数:0療養病床数:0精神病床数:379感染症病床数:0合計病床数:379】埼玉県鴻巣市八幡田８４９" }, "geometry": { "type": "Point", "coordinates": [ 139.502163, 36.07305 ] } },
{ "type": "Feature", "properties": { "ID": 1111108156200, "正式名称": "埼玉脳神経外科病院", "機関区分": 1, "都道府県コード": 11, "市区町村コード": 217, "所在地": "埼玉県鴻巣市上谷６６４－１", "緯度": 36.060891, "経度": 139.545791, "url": "https://www.iryou.teikyouseido.mhlw.go.jp/znk-web/juminkanja/S2430/initialize?prefCd=11&kikanCd=1108156200&kikanKbn=1", "url2": "http://www.nougeka.com", "内容": "埼玉脳神経外科病院【1:病院】【診療科目:内科_呼吸器内科_循環器内科_消化器内科_外科_脳神経外科_整形外科_リウマチ科_リハビリテーション科】【一般病床数:95療養病床数:0精神病床数:0感染症病床数:0合計病床数:95】埼玉県鴻巣市上谷６６４－１" }, "geometry": { "type": "Point", "coordinates": [ 139.545791, 36.060891 ] } },
{ "type": "Feature", "properties": { "ID": 1111108157000, "正式名称": "こうのす共生病院", "機関区分": 1, "都道府県コード": 11, "市区町村コード": 217, "所在地": "埼玉県鴻巣市上谷２０７３番地１", "緯度": 36.061589, "経度": 139.531581, "url": "https://www.iryou.teikyouseido.mhlw.go.jp/znk-web/juminkanja/S2430/initialize?prefCd=11&kikanCd=1108157000&kikanKbn=1", "url2": "https://kouaikai.jp/", "内容": "こうのす共生病院【1:病院】【診療科目:内科_糖尿病内科_呼吸器内科_循環器内科_消化器内科_腎臓内科_漢方内科_緩和ケア内科_脳神経外科_消化器外科_整形外科_眼科_耳鼻いんこう科_皮膚科_泌尿器科_精神科_リハビリテーション科_放射線科_救急科_麻酔科】【一般病床数:108療養病床数:0精神病床数:0感染症病床数:0合計病床数:108】埼玉県鴻巣市上谷２０７３番地１" }, "geometry": { "type": "Point", "coordinates": [ 139.531581, 36.061589 ] } },
{ "type": "Feature", "properties": { "ID": 1111108158900, "正式名称": "医療法人壽亮会大谷記念病院", "機関区分": 1, "都道府県コード": 11, "市区町村コード": 231, "所在地": "埼玉県桶川市加納字宮ノ脇２２１６番地", "緯度": 36.027946, "経度": 139.575465, "url": "https://www.iryou.teikyouseido.mhlw.go.jp/znk-web/juminkanja/S2430/initialize?prefCd=11&kikanCd=1108158900&kikanKbn=1", "url2": "http://otani-kinenn.byoinnavi.jp/", "内容": "医療法人壽亮会大谷記念病院【1:病院】【診療科目:内科_循環器内科_消化器内科_胃腸内科_皮膚科_歯科_歯科口腔外科_リハビリテーション科】【一般病床数:15療養病床数:88精神病床数:0感染症病床数:0合計病床数:103】埼玉県桶川市加納字宮ノ脇２２１６番地" }, "geometry": { "type": "Point", "coordinates": [ 139.575465, 36.027946 ] } },
{ "type": "Feature", "properties": { "ID": 1111108159700, "正式名称": "医療法人財団聖蹟会埼玉県央病院", "機関区分": 1, "都道府県コード": 11, "市区町村コード": 231, "所在地": "埼玉県桶川市坂田１７２６", "緯度": 36.010944, "経度": 139.56125, "url": "https://www.iryou.teikyouseido.mhlw.go.jp/znk-web/juminkanja/S2430/initialize?prefCd=11&kikanCd=1108159700&kikanKbn=1", "url2": "https://www.seisekikai.com/kenou/", "内容": "医療法人財団聖蹟会埼玉県央病院【1:病院】【診療科目:内科_循環器内科_消化器内科_神経内科_外科_脳神経外科_乳腺外科_整形外科_小児科_皮膚科_泌尿器科_歯科_矯正歯科_歯科口腔外科_リハビリテーション科】【一般病床数:109療養病床数:48精神病床数:0感染症病床数:0合計病床数:157】埼玉県桶川市坂田１７２６" }, "geometry": { "type": "Point", "coordinates": [ 139.56125, 36.010944 ] } },
{ "type": "Feature", "properties": { "ID": 1111108160000, "正式名称": "医療法人社団博翔会桃泉園北本病院", "機関区分": 1, "都道府県コード": 11, "市区町村コード": 233, "所在地": "埼玉県北本市深井３－７５", "緯度": 36.050066, "経度": 139.526213, "url": "https://www.iryou.teikyouseido.mhlw.go.jp/znk-web/juminkanja/S2430/initialize?prefCd=11&kikanCd=1108160000&kikanKbn=1", "url2": "http://www.kitamoto-hp.com", "内容": "医療法人社団博翔会桃泉園北本病院【1:病院】【診療科目:内科_循環器内科_消化器内科_人工透析内科_肝臓内科_ペインクリニック内科_脳神経外科_心臓血管外科_整形外科_泌尿器科_リハビリテーション科】【一般病床数:0療養病床数:196精神病床数:0感染症病床数:0合計病床数:196】埼玉県北本市深井３－７５" }, "geometry": { "type": "Point", "coordinates": [ 139.526213, 36.050066 ] } },
{ "type": "Feature", "properties": { "ID": 1111108163500, "正式名称": "北里大学メディカルセンター", "機関区分": 1, "都道府県コード": 11, "市区町村コード": 233, "所在地": "埼玉県北本市荒井６丁目１００", "緯度": 36.010566, "経度": 139.51434, "url": "https://www.iryou.teikyouseido.mhlw.go.jp/znk-web/juminkanja/S2430/initialize?prefCd=11&kikanCd=1108163500&kikanKbn=1", "url2": "https://www.kitasato-u.ac.jp/kmc-hp/", "内容": "北里大学メディカルセンター【1:病院】【診療科目:内科_血液内科_代謝・内分泌内科_脳神経内科_呼吸器内科_循環器内科_消化器内科_腎臓内科_リウマチ・膠原病内科_外科_脳神経外科_呼吸器外科_消化器外科_乳腺外科_整形外科_形成外科_小児科_産婦人科_眼科_耳鼻いんこう科_皮膚科_泌尿器科_精神科_リハビリテーション科_放射線科_病理診断科_救急科_麻酔科】【一般病床数:334療養病床数:0精神病床数:0感染症病床数:0合計病床数:334】埼玉県北本市荒井６丁目１００" }, "geometry": { "type": "Point", "coordinates": [ 139.51434, 36.010566 ] } },
{ "type": "Feature", "properties": { "ID": 1111108164300, "正式名称": "医療法人財団ヘリオス会ヘリオス会病院", "機関区分": 1, "都道府県コード": 11, "市区町村コード": 217, "所在地": "埼玉県鴻巣市広田８２４－１", "緯度": 36.103897, "経度": 139.511756, "url": "https://www.iryou.teikyouseido.mhlw.go.jp/znk-web/juminkanja/S2430/initialize?prefCd=11&kikanCd=1108164300&kikanKbn=1", "url2": "http://www.helios.or.jp", "内容": "医療法人財団ヘリオス会ヘリオス会病院【1:病院】【診療科目:内科_外科_脳神経外科_整形外科_形成外科_小児科_リハビリテーション科_放射線科_麻酔科】【一般病床数:97療養病床数:176精神病床数:0感染症病床数:0合計病床数:273】埼玉県鴻巣市広田８２４－１" }, "geometry": { "type": "Point", "coordinates": [ 139.511756, 36.103897 ] } },
{ "type": "Feature", "properties": { "ID": 1111108165100, "正式名称": "医療法人社団愛友会上尾中央総合病院", "機関区分": 1, "都道府県コード": 11, "市区町村コード": 219, "所在地": "埼玉県上尾市柏座１丁目１０－１０", "緯度": 35.974432, "経度": 139.585567, "url": "https://www.iryou.teikyouseido.mhlw.go.jp/znk-web/juminkanja/S2430/initialize?prefCd=11&kikanCd=1108165100&kikanKbn=1", "url2": "https://www.ach.or.jp", "内容": "医療法人社団愛友会上尾中央総合病院【1:病院】【診療科目:内科_感染症内科_血液内科_糖尿病内科_脳神経内科_呼吸器内科_循環器内科_消化器内科_腎臓内科_肝臓内科_腫瘍内科_アレルギー疾患内科_緩和ケア内科_外科_脳神経外科_呼吸器外科_気管食道外科_心臓血管外科_消化器外科_肝臓外科_乳腺外科_肛門外科_頭頸部外科_内視鏡外科_整形外科_形成外科_美容外科_小児科_小児外科_産婦人科_眼科_耳鼻いんこう科_皮膚科_泌尿器科_女性泌尿器科_心療内科_歯科口腔外科_リハビリテーション科_放射線診断科_放射線治療科_病理診断科_臨床検査科_救急科_麻酔科_呼吸器腫瘍内科、総合診療科】【一般病床数:724療養病床数:0精神病床数:0感染症病床数:9合計病床数:733】埼玉県上尾市柏座１丁目１０－１０" }, "geometry": { "type": "Point", "coordinates": [ 139.585567, 35.974432 ] } },
{ "type": "Feature", "properties": { "ID": 1111108661000, "正式名称": "医療法人社団明芳会　イムス三芳総合病院", "機関区分": 1, "都道府県コード": 11, "市区町村コード": 324, "所在地": "埼玉県入間郡三芳町藤久保", "緯度": 35.833465, "経度": 139.525211, "url": "https://www.iryou.teikyouseido.mhlw.go.jp/znk-web/juminkanja/S2430/initialize?prefCd=11&kikanCd=1108661000&kikanKbn=1", "url2": "https://ims.gr.jp/miyoshisougou/hospital/access.html", "内容": "医療法人社団明芳会　イムス三芳総合病院【1:病院】【診療科目:内科_呼吸器内科_循環器内科_消化器内科_腎臓内科_肝臓内科_神経内科_外科_脳神経外科_呼吸器外科_消化器外科_乳腺外科_整形外科_形成外科_小児科_眼科_耳鼻いんこう科_皮膚科_泌尿器科_リウマチ科_リハビリテーション科_放射線科_麻酔科_内分泌・代謝・糖尿病内科】【一般病床数:273療養病床数:0精神病床数:0感染症病床数:0合計病床数:273】埼玉県入間郡三芳町藤久保" }, "geometry": { "type": "Point", "coordinates": [ 139.525211, 35.833465 ] } },
{ "type": "Feature", "properties": { "ID": 1111108662900, "正式名称": "医療法人財団明理会　埼玉セントラル病院", "機関区分": 1, "都道府県コード": 11, "市区町村コード": 324, "所在地": "埼玉県入間郡三芳町上富２１７７", "緯度": 35.841906, "経度": 139.505265, "url": "https://www.iryou.teikyouseido.mhlw.go.jp/znk-web/juminkanja/S2430/initialize?prefCd=11&kikanCd=1108662900&kikanKbn=1", "url2": "http://www.ims.gr.jp/saitama_central", "内容": "医療法人財団明理会　埼玉セントラル病院【1:病院】【診療科目:内科_人工透析内科_皮膚科_精神科_心療内科_リハビリテーション科】【一般病床数:48療養病床数:215精神病床数:200感染症病床数:0合計病床数:463】埼玉県入間郡三芳町上富２１７７" }, "geometry": { "type": "Point", "coordinates": [ 139.505265, 35.841906 ] } },
{ "type": "Feature", "properties": { "ID": 1111108663700, "正式名称": "三芳野病院", "機関区分": 1, "都道府県コード": 11, "市区町村コード": 324, "所在地": "埼玉県入間郡三芳町北永井８９０－６", "緯度": 35.845422, "経度": 139.515028, "url": "https://www.iryou.teikyouseido.mhlw.go.jp/znk-web/juminkanja/S2430/initialize?prefCd=11&kikanCd=1108663700&kikanKbn=1", "url2": "https://miyoshino.or.jp/", "内容": "三芳野病院【1:病院】【診療科目:内科_呼吸器内科_循環器内科_外科_整形外科_眼科_耳鼻いんこう科_皮膚科_泌尿器科_精神科】【一般病床数:109療養病床数:0精神病床数:0感染症病床数:0合計病床数:109】埼玉県入間郡三芳町北永井８９０－６" }, "geometry": { "type": "Point", "coordinates": [ 139.515028, 35.845422 ] } },
{ "type": "Feature", "properties": { "ID": 1111108664500, "正式名称": "医療法人社団明雄会　三芳の森病院", "機関区分": 1, "都道府県コード": 11, "市区町村コード": 324, "所在地": "埼玉県入間郡三芳町上富１６８６", "緯度": 35.841336, "経度": 139.487022, "url": "https://www.iryou.teikyouseido.mhlw.go.jp/znk-web/juminkanja/S2430/initialize?prefCd=11&kikanCd=1108664500&kikanKbn=1", "url2": "www.miyoshinomori-hp.com", "内容": "医療法人社団明雄会　三芳の森病院【1:病院】【診療科目:精神科_心療内科】【一般病床数:0療養病床数:0精神病床数:240感染症病床数:0合計病床数:240】埼玉県入間郡三芳町上富１６８６" }, "geometry": { "type": "Point", "coordinates": [ 139.487022, 35.841336 ] } },
{ "type": "Feature", "properties": { "ID": 1111108666100, "正式名称": "狭山ケ丘病院", "機関区分": 1, "都道府県コード": 11, "市区町村コード": 215, "所在地": "埼玉県狭山市水野１０２６番地", "緯度": 35.82048, "経度": 139.423629, "url": "https://www.iryou.teikyouseido.mhlw.go.jp/znk-web/juminkanja/S2430/initialize?prefCd=11&kikanCd=1108666100&kikanKbn=1", "url2": "https://sayamapsy.or.jp/", "内容": "狭山ケ丘病院【1:病院】【診療科目:精神科】【一般病床数:0療養病床数:0精神病床数:153感染症病床数:0合計病床数:153】埼玉県狭山市水野１０２６番地" }, "geometry": { "type": "Point", "coordinates": [ 139.423629, 35.82048 ] } },
{ "type": "Feature", "properties": { "ID": 1111108667000, "正式名称": "狭山厚生病院", "機関区分": 1, "都道府県コード": 11, "市区町村コード": 215, "所在地": "埼玉県狭山市中央１－２４－１０", "緯度": 35.856703, "経度": 139.421722, "url": "https://www.iryou.teikyouseido.mhlw.go.jp/znk-web/juminkanja/S2430/initialize?prefCd=11&kikanCd=1108667000&kikanKbn=1", "url2": "https://sayama-kousei.or.jp/", "内容": "狭山厚生病院【1:病院】【診療科目:内科_小児科】【一般病床数:42療養病床数:0精神病床数:0感染症病床数:0合計病床数:42】埼玉県狭山市中央１－２４－１０" }, "geometry": { "type": "Point", "coordinates": [ 139.421722, 35.856703 ] } },
{ "type": "Feature", "properties": { "ID": 1111108668800, "正式名称": "社会医療法人入間川病院", "機関区分": 1, "都道府県コード": 11, "市区町村コード": 215, "所在地": "埼玉県狭山市祇園１７－２", "緯度": 35.855558, "経度": 139.417261, "url": "https://www.iryou.teikyouseido.mhlw.go.jp/znk-web/juminkanja/S2430/initialize?prefCd=11&kikanCd=1108668800&kikanKbn=1", "url2": "https://irumagawa-hosp.com/", "内容": "社会医療法人入間川病院【1:病院】【診療科目:内科_呼吸器内科_循環器内科_消化器内科_腎臓内科_神経内科_外科_脳神経外科_消化器外科_肛門外科_整形外科_形成外科_小児科_眼科_皮膚科_泌尿器科_心療内科_リハビリテーション科_放射線科_麻酔科】【一般病床数:140療養病床数:59精神病床数:0感染症病床数:0合計病床数:199】埼玉県狭山市祇園１７－２" }, "geometry": { "type": "Point", "coordinates": [ 139.417261, 35.855558 ] } },
{ "type": "Feature", "properties": { "ID": 1111108669600, "正式名称": "西狭山病院", "機関区分": 1, "都道府県コード": 11, "市区町村コード": 215, "所在地": "埼玉県狭山市入間川４－１９－１８", "緯度": 35.851281, "経度": 139.402654, "url": "https://www.iryou.teikyouseido.mhlw.go.jp/znk-web/juminkanja/S2430/initialize?prefCd=11&kikanCd=1108669600&kikanKbn=1", "url2": "http://www.nishisayama-hp.or.jp/index.html", "内容": "西狭山病院【1:病院】【診療科目:内科_呼吸器内科_腎臓内科】【一般病床数:41療養病床数:0精神病床数:0感染症病床数:0合計病床数:41】埼玉県狭山市入間川４－１９－１８" }, "geometry": { "type": "Point", "coordinates": [ 139.402654, 35.851281 ] } },
{ "type": "Feature", "properties": { "ID": 1111108671800, "正式名称": "医療法人社団グロリア会　前田病院", "機関区分": 1, "都道府県コード": 11, "市区町村コード": 215, "所在地": "埼玉県狭山市広瀬東３－１４－３", "緯度": 35.859708, "経度": 139.397635, "url": "https://www.iryou.teikyouseido.mhlw.go.jp/znk-web/juminkanja/S2430/initialize?prefCd=11&kikanCd=1108671800&kikanKbn=1", "url2": "http://www.maedahospital.or.jp", "内容": "医療法人社団グロリア会　前田病院【1:病院】【診療科目:内科_糖尿病内科_循環器内科_消化器内科_整形外科_皮膚科_精神科】【一般病床数:0療養病床数:66精神病床数:0感染症病床数:0合計病床数:66】埼玉県狭山市広瀬東３－１４－３" }, "geometry": { "type": "Point", "coordinates": [ 139.397635, 35.859708 ] } },
{ "type": "Feature", "properties": { "ID": 1111108674200, "正式名称": "医療法人尚寿会　狭山尚寿会病院", "機関区分": 1, "都道府県コード": 11, "市区町村コード": 215, "所在地": "埼玉県狭山市水野６００番地", "緯度": 35.831483, "経度": 139.426184, "url": "https://www.iryou.teikyouseido.mhlw.go.jp/znk-web/juminkanja/S2430/initialize?prefCd=11&kikanCd=1108674200&kikanKbn=1", "url2": "sayamasyojukai-hosp.jp", "内容": "医療法人尚寿会　狭山尚寿会病院【1:病院】【診療科目:内科_循環器内科_消化器内科_整形外科_耳鼻いんこう科_皮膚科_美容皮膚科_泌尿器科_精神科_心療内科_老年精神科_歯科_歯科口腔外科_リウマチ科_リハビリテーション科_放射線診断科】【一般病床数:54療養病床数:299精神病床数:353感染症病床数:0合計病床数:706】埼玉県狭山市水野６００番地" }, "geometry": { "type": "Point", "coordinates": [ 139.426184, 35.831483 ] } },
{ "type": "Feature", "properties": { "ID": 1111108675000, "正式名称": "医療法人社団清心会　至聖病院", "機関区分": 1, "都道府県コード": 11, "市区町村コード": 215, "所在地": "埼玉県狭山市下奥富１２２１", "緯度": 35.88212, "経度": 139.429273, "url": "https://www.iryou.teikyouseido.mhlw.go.jp/znk-web/juminkanja/S2430/initialize?prefCd=11&kikanCd=1108675000&kikanKbn=1", "url2": "https://shisei-hp.or.jp/", "内容": "医療法人社団清心会　至聖病院【1:病院】【診療科目:内科_呼吸器内科_循環器内科_消化器内科_外科_脳神経外科_整形外科_小児科_皮膚科_リハビリテーション科_放射線科】【一般病床数:95療養病床数:0精神病床数:0感染症病床数:0合計病床数:95】埼玉県狭山市下奥富１２２１" }, "geometry": { "type": "Point", "coordinates": [ 139.429273, 35.88212 ] } },
{ "type": "Feature", "properties": { "ID": 1111108676900, "正式名称": "社会医療法人財団石心会　埼玉石心会病院", "機関区分": 1, "都道府県コード": 11, "市区町村コード": 215, "所在地": "埼玉県狭山市入間川２ー３７ー２０", "緯度": 35.863302, "経度": 139.4106, "url": "https://www.iryou.teikyouseido.mhlw.go.jp/znk-web/juminkanja/S2430/initialize?prefCd=11&kikanCd=1108676900&kikanKbn=1", "url2": "https://saitama-sekishinkai.jp/", "内容": "社会医療法人財団石心会　埼玉石心会病院【1:病院】【診療科目:内科_感染症内科_糖尿病内科_代謝・内分泌内科_呼吸器内科_循環器内科_消化器内科_腎臓内科_人工透析内科_神経内科_緩和ケア内科_外科_脳神経外科_呼吸器外科_心臓血管外科_消化器外科_乳腺・内分泌外科_肛門外科_整形外科_形成外科_小児科_婦人科_眼科_耳鼻いんこう科_皮膚科_泌尿器科_精神科_歯科_リハビリテーション科_放射線科_病理診断科_救急科_麻酔科】【一般病床数:470療養病床数:0精神病床数:0感染症病床数:0合計病床数:470】埼玉県狭山市入間川２ー３７ー２０" }, "geometry": { "type": "Point", "coordinates": [ 139.4106, 35.863302 ] } },
{ "type": "Feature", "properties": { "ID": 1111108678500, "正式名称": "防衛医科大学校病院", "機関区分": 1, "都道府県コード": 11, "市区町村コード": 208, "所在地": "埼玉県所沢市並木３丁目２", "緯度": 35.803001, "経度": 139.468804, "url": "https://www.iryou.teikyouseido.mhlw.go.jp/znk-web/juminkanja/S2430/initialize?prefCd=11&kikanCd=1108678500&kikanKbn=1", "url2": "http://www.ndmc.ac.jp/hospital/", "内容": "防衛医科大学校病院【1:病院】【診療科目:内科_外科_脳神経外科_整形外科_形成外科_小児科_産婦人科_眼科_耳鼻いんこう科_皮膚科_泌尿器科_精神科_歯科口腔外科_放射線科_麻酔科_総合臨床部】【一般病床数:559療養病床数:0精神病床数:36感染症病床数:9合計病床数:604】埼玉県所沢市並木３丁目２" }, "geometry": { "type": "Point", "coordinates": [ 139.468804, 35.803001 ] } },
{ "type": "Feature", "properties": { "ID": 1111108751000, "正式名称": "秩父市立病院", "機関区分": 1, "都道府県コード": 11, "市区町村コード": 207, "所在地": "埼玉県秩父市桜木町８－９", "緯度": 36.001959, "経度": 139.081202, "url": "https://www.iryou.teikyouseido.mhlw.go.jp/znk-web/juminkanja/S2430/initialize?prefCd=11&kikanCd=1108751000&kikanKbn=1", "url2": "http://www.city.chichibu.lg.jp", "内容": "秩父市立病院【1:病院】【診療科目:内科_循環器内科_消化器内科_外科_脳神経外科_整形外科_小児科_泌尿器科_麻酔科】【一般病床数:165療養病床数:0精神病床数:0感染症病床数:0合計病床数:165】埼玉県秩父市桜木町８－９" }, "geometry": { "type": "Point", "coordinates": [ 139.081202, 36.001959 ] } },
{ "type": "Feature", "properties": { "ID": 1111108752800, "正式名称": "医療法人　花仁会　秩父病院", "機関区分": 1, "都道府県コード": 11, "市区町村コード": 207, "所在地": "埼玉県秩父市和泉町", "緯度": 35.982547, "経度": 139.064751, "url": "https://www.iryou.teikyouseido.mhlw.go.jp/znk-web/juminkanja/S2430/initialize?prefCd=11&kikanCd=1108752800&kikanKbn=1", "url2": "https://www.chichibu-med.jp", "内容": "医療法人　花仁会　秩父病院【1:病院】【診療科目:内科_循環器内科_消化器内科_肝臓内科_腫瘍内科_外科_消化器外科_肛門外科_整形外科_形成外科_歯科_矯正歯科_歯科口腔外科_放射線科_麻酔科】【一般病床数:52療養病床数:0精神病床数:0感染症病床数:0合計病床数:52】埼玉県秩父市和泉町" }, "geometry": { "type": "Point", "coordinates": [ 139.064751, 35.982547 ] } },
{ "type": "Feature", "properties": { "ID": 1111108754400, "正式名称": "秩父生協病院", "機関区分": 1, "都道府県コード": 11, "市区町村コード": 207, "所在地": "埼玉県秩父市阿保町１－１１", "緯度": 36.013388, "経度": 139.087617, "url": "https://www.iryou.teikyouseido.mhlw.go.jp/znk-web/juminkanja/S2430/initialize?prefCd=11&kikanCd=1108754400&kikanKbn=1", "url2": "http://www.chichibu-ch.or.jp/", "内容": "秩父生協病院【1:病院】【診療科目:内科_循環器内科_小児科_リハビリテーション科】【一般病床数:40療養病床数:35精神病床数:0感染症病床数:0合計病床数:75】埼玉県秩父市阿保町１－１１" }, "geometry": { "type": "Point", "coordinates": [ 139.087617, 36.013388 ] } },
{ "type": "Feature", "properties": { "ID": 1111108755200, "正式名称": "秩父第一病院", "機関区分": 1, "都道府県コード": 11, "市区町村コード": 207, "所在地": "埼玉県秩父市中村町２－８－１４", "緯度": 35.995807, "経度": 139.076508, "url": "https://www.iryou.teikyouseido.mhlw.go.jp/znk-web/juminkanja/S2430/initialize?prefCd=11&kikanCd=1108755200&kikanKbn=1", "url2": "https://www.shunjinkai.or.jp/chichibu1st/", "内容": "秩父第一病院【1:病院】【診療科目:内科_循環器内科_神経内科_外科_皮膚科_リハビリテーション科】【一般病床数:60療養病床数:40精神病床数:0感染症病床数:0合計病床数:100】埼玉県秩父市中村町２－８－１４" }, "geometry": { "type": "Point", "coordinates": [ 139.076508, 35.995807 ] } },
{ "type": "Feature", "properties": { "ID": 1111108757900, "正式名称": "（医）彩清会清水病院", "機関区分": 1, "都道府県コード": 11, "市区町村コード": 362, "所在地": "埼玉県秩父郡皆野町皆野１３９０－２", "緯度": 36.070449, "経度": 139.096658, "url": "https://www.iryou.teikyouseido.mhlw.go.jp/znk-web/juminkanja/S2430/initialize?prefCd=11&kikanCd=1108757900&kikanKbn=1", "url2": "http://www.simizubyouin.or.jp", "内容": "（医）彩清会清水病院【1:病院】【診療科目:内科_呼吸器内科_胃腸内科_外科_形成外科_耳鼻いんこう科_皮膚科_リハビリテーション科】【一般病床数:0療養病床数:60精神病床数:0感染症病床数:0合計病床数:60】埼玉県秩父郡皆野町皆野１３９０－２" }, "geometry": { "type": "Point", "coordinates": [ 139.096658, 36.070449 ] } },
{ "type": "Feature", "properties": { "ID": 1111108758700, "正式名称": "医療法人徳洲会　皆野病院", "機関区分": 1, "都道府県コード": 11, "市区町村コード": 362, "所在地": "埼玉県秩父郡皆野町皆野２０３１－１", "緯度": 36.077088, "経度": 139.101158, "url": "https://www.iryou.teikyouseido.mhlw.go.jp/znk-web/juminkanja/S2430/initialize?prefCd=11&kikanCd=1108758700&kikanKbn=1", "url2": "https://www.minano-hospital.jp", "内容": "医療法人徳洲会　皆野病院【1:病院】【診療科目:内科_糖尿病内科_呼吸器内科_循環器内科_腎臓内科_外科_脳神経外科_整形外科_小児科_婦人科_眼科_皮膚科_泌尿器科_リハビリテーション科_放射線科】【一般病床数:60療養病床数:90精神病床数:0感染症病床数:0合計病床数:150】埼玉県秩父郡皆野町皆野２０３１－１" }, "geometry": { "type": "Point", "coordinates": [ 139.101158, 36.077088 ] } },
{ "type": "Feature", "properties": { "ID": 1111108759500, "正式名称": "国民健康保険町立小鹿野中央病院", "機関区分": 1, "都道府県コード": 11, "市区町村コード": 365, "所在地": "埼玉県秩父郡小鹿野町小鹿野３００番地", "緯度": 36.017914, "経度": 139.003638, "url": "https://www.iryou.teikyouseido.mhlw.go.jp/znk-web/juminkanja/S2430/initialize?prefCd=11&kikanCd=1108759500&kikanKbn=1", "url2": "http://byoin.town.ogano.lg.jp/", "内容": "国民健康保険町立小鹿野中央病院【1:病院】【診療科目:内科_外科_整形外科_婦人科_眼科_耳鼻いんこう科_精神科_心療内科_リハビリテーション科】【一般病床数:95療養病床数:0精神病床数:0感染症病床数:0合計病床数:95】埼玉県秩父郡小鹿野町小鹿野３００番地" }, "geometry": { "type": "Point", "coordinates": [ 139.003638, 36.017914 ] } },
{ "type": "Feature", "properties": { "ID": 1111108904000, "正式名称": "福祉医療センター太陽の園", "機関区分": 1, "都道府県コード": 11, "市区町村コード": 202, "所在地": "埼玉県熊谷市津田１８５５－１", "緯度": 36.09443, "経度": 139.426908, "url": "https://www.iryou.teikyouseido.mhlw.go.jp/znk-web/juminkanja/S2430/initialize?prefCd=11&kikanCd=1108904000&kikanKbn=1", "url2": "http://www.seifu-kai.or.jp", "内容": "福祉医療センター太陽の園【1:病院】【診療科目:内科_小児科_精神科】【一般病床数:79療養病床数:0精神病床数:0感染症病床数:0合計病床数:79】埼玉県熊谷市津田１８５５－１" }, "geometry": { "type": "Point", "coordinates": [ 139.426908, 36.09443 ] } },
{ "type": "Feature", "properties": { "ID": 1111108946600, "正式名称": "医療法人徳洲会　羽生総合病院", "機関区分": 1, "都道府県コード": 11, "市区町村コード": 216, "所在地": "埼玉県羽生市下岩瀬４４６", "緯度": 36.160763, "経度": 139.528428, "url": "https://www.iryou.teikyouseido.mhlw.go.jp/znk-web/juminkanja/S2430/initialize?prefCd=11&kikanCd=1108946600&kikanKbn=1", "url2": "http://www.fureaihosp.or.jp/hanyuhp/index.html", "内容": "医療法人徳洲会　羽生総合病院【1:病院】【診療科目:内科_血液内科_呼吸器内科_循環器内科_消化器内科_神経内科_漢方内科_緩和ケア内科_外科_脳神経外科_呼吸器外科_心臓血管外科_消化器外科_整形外科_形成外科_小児科_産婦人科_眼科_耳鼻いんこう科_皮膚科_泌尿器科_精神科_歯科口腔外科_リウマチ科_リハビリテーション科_放射線診断科_放射線治療科_病理診断科_臨床検査科_救急科_麻酔科_消化器科内科】【一般病床数:391療養病床数:0精神病床数:0感染症病床数:0合計病床数:391】埼玉県羽生市下岩瀬４４６" }, "geometry": { "type": "Point", "coordinates": [ 139.528428, 36.160763 ] } },
{ "type": "Feature", "properties": { "ID": 1111108947400, "正式名称": "騎西病院", "機関区分": 1, "都道府県コード": 11, "市区町村コード": 210, "所在地": "埼玉県加須市日出安１３１３－１", "緯度": 36.111598, "経度": 139.584321, "url": "https://www.iryou.teikyouseido.mhlw.go.jp/znk-web/juminkanja/S2430/initialize?prefCd=11&kikanCd=1108947400&kikanKbn=1", "url2": "http://www.kisai-hosp.or.jp", "内容": "騎西病院【1:病院】【診療科目:内科_循環器内科_消化器内科_外科_肛門外科_整形外科_形成外科_小児科_耳鼻いんこう科_皮膚科_泌尿器科_リハビリテーション科】【一般病床数:80療養病床数:0精神病床数:0感染症病床数:0合計病床数:80】埼玉県加須市日出安１３１３－１" }, "geometry": { "type": "Point", "coordinates": [ 139.584321, 36.111598 ] } },
{ "type": "Feature", "properties": { "ID": 1111108948200, "正式名称": "加須東病院", "機関区分": 1, "都道府県コード": 11, "市区町村コード": 210, "所在地": "埼玉県加須市北下新井１６５９", "緯度": 36.141249, "経度": 139.662457, "url": "https://www.iryou.teikyouseido.mhlw.go.jp/znk-web/juminkanja/S2430/initialize?prefCd=11&kikanCd=1108948200&kikanKbn=1", "url2": "http://kazohigashi-hospital.com/access/", "内容": "加須東病院【1:病院】【診療科目:内科_外科_消化器外科_整形外科_形成外科_皮膚科_リハビリテーション科】【一般病床数:0療養病床数:89精神病床数:0感染症病床数:0合計病床数:89】埼玉県加須市北下新井１６５９" }, "geometry": { "type": "Point", "coordinates": [ 139.662457, 36.141249 ] } },
{ "type": "Feature", "properties": { "ID": 1111108985700, "正式名称": "独立行政法人　国立病院機構　東埼玉病院", "機関区分": 1, "都道府県コード": 11, "市区町村コード": 238, "所在地": "埼玉県蓮田市大字黒浜４１４７", "緯度": 35.996631, "経度": 139.676669, "url": "https://www.iryou.teikyouseido.mhlw.go.jp/znk-web/juminkanja/S2430/initialize?prefCd=11&kikanCd=1108985700&kikanKbn=1", "url2": "https://higashisaitama.hosp.go.jp/", "内容": "独立行政法人　国立病院機構　東埼玉病院【1:病院】【診療科目:内科_呼吸器内科_循環器内科_神経内科_外科_呼吸器外科_整形外科_小児科_眼科_耳鼻いんこう科_皮膚科_歯科_歯科口腔外科_アレルギー科_リウマチ科_リハビリテーション科_放射線科】【一般病床数:452療養病床数:0精神病床数:0感染症病床数:0合計病床数:532】埼玉県蓮田市大字黒浜４１４７" }, "geometry": { "type": "Point", "coordinates": [ 139.676669, 35.996631 ] } },
{ "type": "Feature", "properties": { "ID": 1111108988100, "正式名称": "草加市立病院", "機関区分": 1, "都道府県コード": 11, "市区町村コード": 221, "所在地": "埼玉県草加市草加２丁目２１番１号", "緯度": 35.835395, "経度": 139.796344, "url": "https://www.iryou.teikyouseido.mhlw.go.jp/znk-web/juminkanja/S2430/initialize?prefCd=11&kikanCd=1108988100&kikanKbn=1", "url2": "https://www.soka-city-hospital.jp", "内容": "草加市立病院【1:病院】【診療科目:内科_血液内科_代謝・内分泌内科_呼吸器内科_循環器内科_消化器内科_腎臓内科_緩和ケア内科_外科_脳神経外科_呼吸器外科_心臓血管外科_整形外科_小児科_産婦人科_眼科_耳鼻いんこう科_皮膚科_泌尿器科_精神科_歯科口腔外科_リウマチ科_リハビリテーション科_放射線科_病理診断科_救急科_麻酔科】【一般病床数:380療養病床数:0精神病床数:0感染症病床数:0合計病床数:380】埼玉県草加市草加２丁目２１番１号" }, "geometry": { "type": "Point", "coordinates": [ 139.796344, 35.835395 ] } },
{ "type": "Feature", "properties": { "ID": 1111108989000, "正式名称": "医療法人親和会鳳永病院", "機関区分": 1, "都道府県コード": 11, "市区町村コード": 221, "所在地": "埼玉県草加市谷塚２－１２－１５", "緯度": 35.809892, "経度": 139.798168, "url": "https://www.iryou.teikyouseido.mhlw.go.jp/znk-web/juminkanja/S2430/initialize?prefCd=11&kikanCd=1108989000&kikanKbn=1", "url2": "http://www.houei.or.jp/", "内容": "医療法人親和会鳳永病院【1:病院】【診療科目:内科_呼吸器内科_消化器内科_外科_整形外科_皮膚科_リハビリテーション科】【一般病床数:50療養病床数:0精神病床数:0感染症病床数:0合計病床数:50】埼玉県草加市谷塚２－１２－１５" }, "geometry": { "type": "Point", "coordinates": [ 139.798168, 35.809892 ] } },
{ "type": "Feature", "properties": { "ID": 1111108990300, "正式名称": "メディカルトピア草加病院", "機関区分": 1, "都道府県コード": 11, "市区町村コード": 221, "所在地": "埼玉県草加市谷塚１－１１－１８", "緯度": 35.811678, "経度": 139.80004, "url": "https://www.iryou.teikyouseido.mhlw.go.jp/znk-web/juminkanja/S2430/initialize?prefCd=11&kikanCd=1108990300&kikanKbn=1", "url2": "http://www.mtopia.jp", "内容": "メディカルトピア草加病院【1:病院】【診療科目:内科_呼吸器内科_循環器内科_消化器内科_外科_内視鏡外科_整形外科_婦人科_皮膚科_泌尿器科_リハビリテーション科_麻酔科】【一般病床数:80療養病床数:0精神病床数:0感染症病床数:0合計病床数:80】埼玉県草加市谷塚１－１１－１８" }, "geometry": { "type": "Point", "coordinates": [ 139.80004, 35.811678 ] } },
{ "type": "Feature", "properties": { "ID": 1111108991100, "正式名称": "医療法人埼友会埼友草加病院", "機関区分": 1, "都道府県コード": 11, "市区町村コード": 221, "所在地": "埼玉県草加市松原１－７－２２", "緯度": 35.84173, "経度": 139.800749, "url": "https://www.iryou.teikyouseido.mhlw.go.jp/znk-web/juminkanja/S2430/initialize?prefCd=11&kikanCd=1108991100&kikanKbn=1", "url2": "http://www.saiyusoka.jp", "内容": "医療法人埼友会埼友草加病院【1:病院】【診療科目:内科_糖尿病・内分泌内科_循環器内科_消化器内科_腎臓内科_脳神経外科_血管外科_整形外科_形成外科_泌尿器科_リハビリテーション科】【一般病床数:46療養病床数:0精神病床数:0感染症病床数:0合計病床数:46】埼玉県草加市松原１－７－２２" }, "geometry": { "type": "Point", "coordinates": [ 139.800749, 35.84173 ] } },
{ "type": "Feature", "properties": { "ID": 1111108992000, "正式名称": "医療法人移山会二宮病院", "機関区分": 1, "都道府県コード": 11, "市区町村コード": 221, "所在地": "埼玉県草加市新栄二丁目２２番地２３", "緯度": 35.858334, "経度": 139.766848, "url": "https://www.iryou.teikyouseido.mhlw.go.jp/znk-web/juminkanja/S2430/initialize?prefCd=11&kikanCd=1108992000&kikanKbn=1", "url2": "http://www.ninomiya-hospital.jp/", "内容": "医療法人移山会二宮病院【1:病院】【診療科目:内科_外科_乳腺外科_整形外科】【一般病床数:60療養病床数:0精神病床数:0感染症病床数:0合計病床数:60】埼玉県草加市新栄二丁目２２番地２３" }, "geometry": { "type": "Point", "coordinates": [ 139.766848, 35.858334 ] } },
{ "type": "Feature", "properties": { "ID": 1111108993800, "正式名称": "越谷市立病院", "機関区分": 1, "都道府県コード": 11, "市区町村コード": 222, "所在地": "埼玉県越谷市東越谷十丁目３２番地", "緯度": 35.89803, "経度": 139.805977, "url": "https://www.iryou.teikyouseido.mhlw.go.jp/znk-web/juminkanja/S2430/initialize?prefCd=11&kikanCd=1108993800&kikanKbn=1", "url2": "http://www.mhp.koshigaya.saitama.jp/", "内容": "越谷市立病院【1:病院】【診療科目:内科_脳神経内科_呼吸器内科_循環器内科_消化器内科_外科_脳神経外科_整形外科_小児科_産科_婦人科_眼科_耳鼻いんこう科_皮膚科_泌尿器科_リハビリテーション科_放射線科_病理診断科_麻酔科】【一般病床数:481療養病床数:0精神病床数:0感染症病床数:0合計病床数:481】埼玉県越谷市東越谷十丁目３２番地" }, "geometry": { "type": "Point", "coordinates": [ 139.805977, 35.89803 ] } },
{ "type": "Feature", "properties": { "ID": 1111108994600, "正式名称": "順天堂大学医学部附属順天堂越谷病院", "機関区分": 1, "都道府県コード": 11, "市区町村コード": 222, "所在地": "埼玉県越谷市袋山５６０", "緯度": 35.931434, "経度": 139.774833, "url": "https://www.iryou.teikyouseido.mhlw.go.jp/znk-web/juminkanja/S2430/initialize?prefCd=11&kikanCd=1108994600&kikanKbn=1", "url2": "https://hosp-koshigaya.juntendo.ac.jp/", "内容": "順天堂大学医学部附属順天堂越谷病院【1:病院】【診療科目:内科_脳神経内科_整形外科_皮膚科_精神科】【一般病床数:0療養病床数:0精神病床数:226感染症病床数:0合計病床数:226】埼玉県越谷市袋山５６０" }, "geometry": { "type": "Point", "coordinates": [ 139.774833, 35.931434 ] } },
{ "type": "Feature", "properties": { "ID": 1111108996200, "正式名称": "医療法人財団明理会新越谷病院", "機関区分": 1, "都道府県コード": 11, "市区町村コード": 222, "所在地": "埼玉県越谷市元柳田町６－４５", "緯度": 35.881462, "経度": 139.786929, "url": "https://www.iryou.teikyouseido.mhlw.go.jp/znk-web/juminkanja/S2430/initialize?prefCd=11&kikanCd=1108996200&kikanKbn=1", "url2": "http://www.ims.gr.jp/shinkoshigaya/", "内容": "医療法人財団明理会新越谷病院【1:病院】【診療科目:内科_呼吸器内科_循環器内科_消化器内科_神経内科_脳神経外科_消化器外科_整形外科_皮膚科_リハビリテーション科】【一般病床数:141療養病床数:47精神病床数:0感染症病床数:0合計病床数:188】埼玉県越谷市元柳田町６－４５" }, "geometry": { "type": "Point", "coordinates": [ 139.786929, 35.881462 ] } },
{ "type": "Feature", "properties": { "ID": 1111108997000, "正式名称": "リハビリテーション天草病院", "機関区分": 1, "都道府県コード": 11, "市区町村コード": 222, "所在地": "埼玉県越谷市平方３４３－１", "緯度": 35.955332, "経度": 139.779196, "url": "https://www.iryou.teikyouseido.mhlw.go.jp/znk-web/juminkanja/S2430/initialize?prefCd=11&kikanCd=1108997000&kikanKbn=1", "url2": "https://www.keiaikai.com", "内容": "リハビリテーション天草病院【1:病院】【診療科目:内科_神経内科_整形外科_歯科_小児歯科_リハビリテーション科】【一般病床数:0療養病床数:175精神病床数:0感染症病床数:0合計病床数:175】埼玉県越谷市平方３４３－１" }, "geometry": { "type": "Point", "coordinates": [ 139.779196, 35.955332 ] } },
{ "type": "Feature", "properties": { "ID": 1111108998900, "正式名称": "医療法人社団聖心会湖街ホスピタル", "機関区分": 1, "都道府県コード": 11, "市区町村コード": 222, "所在地": "埼玉県越谷市レイクタウン８－１２－１２", "緯度": 35.875423, "経度": 139.823329, "url": "https://www.iryou.teikyouseido.mhlw.go.jp/znk-web/juminkanja/S2430/initialize?prefCd=11&kikanCd=1108998900&kikanKbn=1", "url2": "https://sonodakai.jp/komachi-hp/", "内容": "医療法人社団聖心会湖街ホスピタル【1:病院】【診療科目:内科_血液内科_呼吸器内科_循環器内科_消化器内科_腎臓内科_外科_脳神経外科_消化器外科_整形外科_形成外科_皮膚科_泌尿器科_リハビリテーション科】【一般病床数:158療養病床数:0精神病床数:0感染症病床数:0合計病床数:158】埼玉県越谷市レイクタウン８－１２－１２" }, "geometry": { "type": "Point", "coordinates": [ 139.823329, 35.875423 ] } },
{ "type": "Feature", "properties": { "ID": 1111108999700, "正式名称": "医療法人社団俊睿会　南埼玉病院", "機関区分": 1, "都道府県コード": 11, "市区町村コード": 222, "所在地": "埼玉県越谷市増森", "緯度": 35.895544, "経度": 139.81744, "url": "https://www.iryou.teikyouseido.mhlw.go.jp/znk-web/juminkanja/S2430/initialize?prefCd=11&kikanCd=1108999700&kikanKbn=1", "url2": "http://www.minamisaitama.com", "内容": "医療法人社団俊睿会　南埼玉病院【1:病院】【診療科目:精神科_神経科_心療内科】【一般病床数:0療養病床数:0精神病床数:230感染症病床数:0合計病床数:230】埼玉県越谷市増森" }, "geometry": { "type": "Point", "coordinates": [ 139.81744, 35.895544 ] } },
{ "type": "Feature", "properties": { "ID": 1111109000600, "正式名称": "医療法人秀峰会北辰病院", "機関区分": 1, "都道府県コード": 11, "市区町村コード": 222, "所在地": "埼玉県越谷市七左町４－３５８", "緯度": 35.869546, "経度": 139.770084, "url": "https://www.iryou.teikyouseido.mhlw.go.jp/znk-web/juminkanja/S2430/initialize?prefCd=11&kikanCd=1109000600&kikanKbn=1", "url2": "https://shuhokai.jp/", "内容": "医療法人秀峰会北辰病院【1:病院】【診療科目:内科_精神科_神経科_心療内科】【一般病床数:0療養病床数:0精神病床数:238感染症病床数:0合計病床数:238】埼玉県越谷市七左町４－３５８" }, "geometry": { "type": "Point", "coordinates": [ 139.770084, 35.869546 ] } },
{ "type": "Feature", "properties": { "ID": 1111109001400, "正式名称": "医療法人社団南越谷病院", "機関区分": 1, "都道府県コード": 11, "市区町村コード": 222, "所在地": "埼玉県越谷市南越谷１－４－６３", "緯度": 35.87176, "経度": 139.794621, "url": "https://www.iryou.teikyouseido.mhlw.go.jp/znk-web/juminkanja/S2430/initialize?prefCd=11&kikanCd=1109001400&kikanKbn=1", "url2": "https://nankoshi-hosp.com/", "内容": "医療法人社団南越谷病院【1:病院】【診療科目:内科_外科_整形外科_皮膚科_美容皮膚科_泌尿器科_アレルギー科_リハビリテーション科】【一般病床数:43療養病床数:0精神病床数:0感染症病床数:0合計病床数:43】埼玉県越谷市南越谷１－４－６３" }, "geometry": { "type": "Point", "coordinates": [ 139.794621, 35.87176 ] } },
{ "type": "Feature", "properties": { "ID": 1111109002200, "正式名称": "医療法人社団協友会　越谷誠和病院", "機関区分": 1, "都道府県コード": 11, "市区町村コード": 222, "所在地": "埼玉県越谷市谷中町４‐２５‐５", "緯度": 35.891055, "経度": 139.769852, "url": "https://www.iryou.teikyouseido.mhlw.go.jp/znk-web/juminkanja/S2430/initialize?prefCd=11&kikanCd=1109002200&kikanKbn=1", "url2": "http://www.seiwa-amg.com", "内容": "医療法人社団協友会　越谷誠和病院【1:病院】【診療科目:内科_消化器内科_循環器科（改行）呼吸器科_外科_整形外科_形成外科_皮膚科_泌尿器科_リハビリテーション科】【一般病床数:148療養病床数:47精神病床数:0感染症病床数:0合計病床数:195】埼玉県越谷市谷中町４‐２５‐５" }, "geometry": { "type": "Point", "coordinates": [ 139.769852, 35.891055 ] } },
{ "type": "Feature", "properties": { "ID": 1111109003000, "正式名称": "獨協医科大学埼玉医療センター", "機関区分": 1, "都道府県コード": 11, "市区町村コード": 222, "所在地": "埼玉県越谷市南越谷２丁目１－５０", "緯度": 35.878748, "経度": 139.789871, "url": "https://www.iryou.teikyouseido.mhlw.go.jp/znk-web/juminkanja/S2430/initialize?prefCd=11&kikanCd=1109003000&kikanKbn=1", "url2": "https://www.dokkyomed.ac.jp/hosp-s/", "内容": "獨協医科大学埼玉医療センター【1:病院】【診療科目:内科_脳神経内科_呼吸器内科_循環器内科_消化器内科_腎臓内科_外科_脳神経外科_呼吸器外科_心臓血管外科_整形外科_形成外科_乳腺科_小児科_小児外科_小児泌尿器科_産科婦人科_眼科_頭頸部・耳鼻咽喉科_皮膚科_泌尿器科_精神科_歯科_リハビリテーション科_放射線科_病理診断科_麻酔科】【一般病床数:923療養病床数:0精神病床数:0感染症病床数:5合計病床数:928】埼玉県越谷市南越谷２丁目１－５０" }, "geometry": { "type": "Point", "coordinates": [ 139.789871, 35.878748 ] } },
{ "type": "Feature", "properties": { "ID": 1111109005700, "正式名称": "医療法人社団大和会慶和病院", "機関区分": 1, "都道府県コード": 11, "市区町村コード": 222, "所在地": "埼玉県越谷市千間台西２－１２－８", "緯度": 35.933648, "経度": 139.771009, "url": "https://www.iryou.teikyouseido.mhlw.go.jp/znk-web/juminkanja/S2430/initialize?prefCd=11&kikanCd=1109005700&kikanKbn=1", "url2": "http://www.keiwa-hospital.com", "内容": "医療法人社団大和会慶和病院【1:病院】【診療科目:内科_呼吸器内科_循環器内科_腎臓内科_神経内科_外科_整形外科_皮膚科_泌尿器科_リハビリテーション科_麻酔科】【一般病床数:116療養病床数:0精神病床数:0感染症病床数:0合計病床数:116】埼玉県越谷市千間台西２－１２－８" }, "geometry": { "type": "Point", "coordinates": [ 139.771009, 35.933648 ] } },
{ "type": "Feature", "properties": { "ID": 1111109006500, "正式名称": "医療法人純心会市川胃腸科外科病院", "機関区分": 1, "都道府県コード": 11, "市区町村コード": 222, "所在地": "埼玉県越谷市東越谷７－２－５", "緯度": 35.893275, "経度": 139.799675, "url": "https://www.iryou.teikyouseido.mhlw.go.jp/znk-web/juminkanja/S2430/initialize?prefCd=11&kikanCd=1109006500&kikanKbn=1", "url2": "http://www.ichikawa-jyunshinkai.or.jp/", "内容": "医療法人純心会市川胃腸科外科病院【1:病院】【診療科目:内科_消化器内科_胃腸内科_外科_乳腺外科_肛門外科_整形外科_皮膚科】【一般病床数:46療養病床数:0精神病床数:0感染症病床数:0合計病床数:46】埼玉県越谷市東越谷７－２－５" }, "geometry": { "type": "Point", "coordinates": [ 139.799675, 35.893275 ] } },
{ "type": "Feature", "properties": { "ID": 1111109007300, "正式名称": "医療法人賢仁会産婦人科菅原病院", "機関区分": 1, "都道府県コード": 11, "市区町村コード": 222, "所在地": "埼玉県越谷市越ケ谷", "緯度": 35.886803, "経度": 139.787234, "url": "https://www.iryou.teikyouseido.mhlw.go.jp/znk-web/juminkanja/S2430/initialize?prefCd=11&kikanCd=1109007300&kikanKbn=1", "url2": "https://www.sugawara-hp.jp/", "内容": "医療法人賢仁会産婦人科菅原病院【1:病院】【診療科目:産婦人科_産婦人科（生殖医療）】【一般病床数:50療養病床数:0精神病床数:0感染症病床数:0合計病床数:50】埼玉県越谷市越ケ谷" }, "geometry": { "type": "Point", "coordinates": [ 139.787234, 35.886803 ] } },
{ "type": "Feature", "properties": { "ID": 1111109008100, "正式名称": "医療法人道心会　埼玉東部循環器病院", "機関区分": 1, "都道府県コード": 11, "市区町村コード": 222, "所在地": "埼玉県越谷市大沢３１８７ー１", "緯度": 35.905557, "経度": 139.792605, "url": "https://www.iryou.teikyouseido.mhlw.go.jp/znk-web/juminkanja/S2430/initialize?prefCd=11&kikanCd=1109008100&kikanKbn=1", "url2": "http://hospital.saitama-eastern.jp/", "内容": "医療法人道心会　埼玉東部循環器病院【1:病院】【診療科目:循環器内科_心臓血管外科】【一般病床数:48療養病床数:0精神病床数:0感染症病床数:0合計病床数:48】埼玉県越谷市大沢３１８７ー１" }, "geometry": { "type": "Point", "coordinates": [ 139.792605, 35.905557 ] } },
{ "type": "Feature", "properties": { "ID": 1111109009000, "正式名称": "医療法人社団協友会八潮中央総合病院", "機関区分": 1, "都道府県コード": 11, "市区町村コード": 234, "所在地": "埼玉県八潮市南川崎８４５番地", "緯度": 35.813224, "経度": 139.851294, "url": "https://www.iryou.teikyouseido.mhlw.go.jp/znk-web/juminkanja/S2430/initialize?prefCd=11&kikanCd=1109009000&kikanKbn=1", "url2": "http://www.yashio-cgh.jp/", "内容": "医療法人社団協友会八潮中央総合病院【1:病院】【診療科目:内科_糖尿病内科_呼吸器内科_循環器内科_消化器内科_人工透析内科_神経内科_内視鏡内科_緩和ケア内科_外科_脳神経外科_呼吸器外科_心臓血管外科_消化器外科_乳腺外科_整形外科_形成外科_小児科_婦人科_眼科_耳鼻いんこう科_皮膚科_泌尿器科_リウマチ科_リハビリテーション科_放射線科_麻酔科】【一般病床数:250療養病床数:0精神病床数:0感染症病床数:0合計病床数:250】埼玉県八潮市南川崎８４５番地" }, "geometry": { "type": "Point", "coordinates": [ 139.851294, 35.813224 ] } },
{ "type": "Feature", "properties": { "ID": 1111109010300, "正式名称": "医療法人社団慶榮会八潮病院", "機関区分": 1, "都道府県コード": 11, "市区町村コード": 234, "所在地": "埼玉県八潮市鶴ヶ曽根１０８９", "緯度": 35.829235, "経度": 139.835578, "url": "https://www.iryou.teikyouseido.mhlw.go.jp/znk-web/juminkanja/S2430/initialize?prefCd=11&kikanCd=1109010300&kikanKbn=1", "url2": "https://yashiohp.com", "内容": "医療法人社団慶榮会八潮病院【1:病院】【診療科目:内科_精神科_心療内科_歯科】【一般病床数:0療養病床数:0精神病床数:454感染症病床数:0合計病床数:454】埼玉県八潮市鶴ヶ曽根１０８９" }, "geometry": { "type": "Point", "coordinates": [ 139.835578, 35.829235 ] } },
{ "type": "Feature", "properties": { "ID": 1111109011100, "正式名称": "埼玉回生病院", "機関区分": 1, "都道府県コード": 11, "市区町村コード": 234, "所在地": "埼玉県八潮市大原４５５", "緯度": 35.805129, "経度": 139.839442, "url": "https://www.iryou.teikyouseido.mhlw.go.jp/znk-web/juminkanja/S2430/initialize?prefCd=11&kikanCd=1109011100&kikanKbn=1", "url2": "https://www.saitamakaisei.com/", "内容": "埼玉回生病院【1:病院】【診療科目:内科_循環器内科_神経内科_皮膚科_泌尿器科_歯科_歯科口腔外科_リハビリテーション科】【一般病床数:0療養病床数:311精神病床数:0感染症病床数:0合計病床数:311】埼玉県八潮市大原４５５" }, "geometry": { "type": "Point", "coordinates": [ 139.839442, 35.805129 ] } },
{ "type": "Feature", "properties": { "ID": 1111109012000, "正式名称": "医療法人社団州山会広瀬病院", "機関区分": 1, "都道府県コード": 11, "市区町村コード": 234, "所在地": "埼玉県八潮市八條２８４０－１", "緯度": 35.836007, "経度": 139.836519, "url": "https://www.iryou.teikyouseido.mhlw.go.jp/znk-web/juminkanja/S2430/initialize?prefCd=11&kikanCd=1109012000&kikanKbn=1", "url2": null, "内容": "医療法人社団州山会広瀬病院【1:病院】【診療科目:内科_糖尿病内科_呼吸器内科_循環器内科_心臓内科_消化器内科_胃腸内科_肝臓内科_内視鏡内科_アレルギー疾患内科_外科_肛門外科_整形外科_皮膚科_泌尿器科】【一般病床数:60療養病床数:0精神病床数:0感染症病床数:0合計病床数:60】埼玉県八潮市八條２８４０－１" }, "geometry": { "type": "Point", "coordinates": [ 139.836519, 35.836007 ] } },
{ "type": "Feature", "properties": { "ID": 1111109013800, "正式名称": "埼玉みさと総合リハビリテーション病院", "機関区分": 1, "都道府県コード": 11, "市区町村コード": 237, "所在地": "埼玉県三郷市新和５－２０７", "緯度": 35.81018, "経度": 139.881686, "url": "https://www.iryou.teikyouseido.mhlw.go.jp/znk-web/juminkanja/S2430/initialize?prefCd=11&kikanCd=1109013800&kikanKbn=1", "url2": "https://saitama-misato-reha.com/", "内容": "埼玉みさと総合リハビリテーション病院【1:病院】【診療科目:内科_脳神経内科_リハビリテーション科】【一般病床数:120療養病床数:55精神病床数:0感染症病床数:0合計病床数:175】埼玉県三郷市新和５－２０７" }, "geometry": { "type": "Point", "coordinates": [ 139.881686, 35.81018 ] } },
{ "type": "Feature", "properties": { "ID": 1111109014600, "正式名称": "医療法人財団健和会みさと健和病院", "機関区分": 1, "都道府県コード": 11, "市区町村コード": 237, "所在地": "埼玉県三郷市鷹野４丁目４９４番１号", "緯度": 35.799683, "経度": 139.8799, "url": "https://www.iryou.teikyouseido.mhlw.go.jp/znk-web/juminkanja/S2430/initialize?prefCd=11&kikanCd=1109014600&kikanKbn=1", "url2": "http://misato.kenwa.or.jp/", "内容": "医療法人財団健和会みさと健和病院【1:病院】【診療科目:内科_呼吸器内科_循環器内科_消化器内科_外科_脳神経外科_呼吸器外科_消化器外科_肛門外科_整形外科_形成外科_小児科_婦人科_眼科_耳鼻いんこう科_皮膚科_泌尿器科_精神科_アレルギー科_リウマチ科_リハビリテーション科_放射線科_病理診断科_救急科_麻酔科】【一般病床数:282療養病床数:0精神病床数:0感染症病床数:0合計病床数:282】埼玉県三郷市鷹野４丁目４９４番１号" }, "geometry": { "type": "Point", "coordinates": [ 139.8799, 35.799683 ] } },
{ "type": "Feature", "properties": { "ID": 1111109015400, "正式名称": "医療法人社団愛友会　三郷中央総合病院", "機関区分": 1, "都道府県コード": 11, "市区町村コード": 237, "所在地": "埼玉県三郷市中央四丁目５番地１", "緯度": 35.830311, "経度": 139.879265, "url": "https://www.iryou.teikyouseido.mhlw.go.jp/znk-web/juminkanja/S2430/initialize?prefCd=11&kikanCd=1109015400&kikanKbn=1", "url2": "http://mchp.jp", "内容": "医療法人社団愛友会　三郷中央総合病院【1:病院】【診療科目:内科_糖尿病・内分泌内科_呼吸器内科_循環器内科_消化器内科_腎臓内科_神経内科_外科_脳神経外科_心臓血管外科_消化器外科_整形外科_眼科_耳鼻いんこう科_皮膚科_泌尿器科_リハビリテーション科_放射線科_麻酔科】【一般病床数:289療養病床数:0精神病床数:0感染症病床数:0合計病床数:289】埼玉県三郷市中央四丁目５番地１" }, "geometry": { "type": "Point", "coordinates": [ 139.879265, 35.830311 ] } },
{ "type": "Feature", "properties": { "ID": 1111109018900, "正式名称": "三愛会総合病院", "機関区分": 1, "都道府県コード": 11, "市区町村コード": 237, "所在地": "埼玉県三郷市彦成２丁目３４２番", "緯度": 35.853122, "経度": 139.851256, "url": "https://www.iryou.teikyouseido.mhlw.go.jp/znk-web/juminkanja/S2430/initialize?prefCd=11&kikanCd=1109018900&kikanKbn=1", "url2": "http://www.ims.gr.jp/sanaikai/", "内容": "三愛会総合病院【1:病院】【診療科目:内科_血液内科_糖尿病内科_呼吸器内科_循環器内科_消化器内科_腎臓内科_人工透析内科_外科_脳神経外科_血管外科_消化器外科_乳腺外科_整形外科_形成外科_小児科_小児外科_眼科_耳鼻いんこう科_皮膚科_泌尿器科_リハビリテーション科_放射線科_麻酔科_総合診療科】【一般病床数:298療養病床数:0精神病床数:0感染症病床数:0合計病床数:298】埼玉県三郷市彦成２丁目３４２番" }, "geometry": { "type": "Point", "coordinates": [ 139.851256, 35.853122 ] } },
{ "type": "Feature", "properties": { "ID": 1111109019700, "正式名称": "中村病院", "機関区分": 1, "都道府県コード": 11, "市区町村コード": 243, "所在地": "埼玉県吉川市鍋小路８１－１", "緯度": 35.906715, "経度": 139.864584, "url": "https://www.iryou.teikyouseido.mhlw.go.jp/znk-web/juminkanja/S2430/initialize?prefCd=11&kikanCd=1109019700&kikanKbn=1", "url2": "http://www.nakamura-byoin.or.jp/", "内容": "中村病院【1:病院】【診療科目:内科_精神科_心療内科】【一般病床数:0療養病床数:0精神病床数:180感染症病床数:0合計病床数:180】埼玉県吉川市鍋小路８１－１" }, "geometry": { "type": "Point", "coordinates": [ 139.864584, 35.906715 ] } },
{ "type": "Feature", "properties": { "ID": 1111109020000, "正式名称": "吉川中央総合病院", "機関区分": 1, "都道府県コード": 11, "市区町村コード": 243, "所在地": "埼玉県吉川市平沼１１１", "緯度": 35.882421, "経度": 139.840719, "url": "https://www.iryou.teikyouseido.mhlw.go.jp/znk-web/juminkanja/S2430/initialize?prefCd=11&kikanCd=1109020000&kikanKbn=1", "url2": "https://yoshikawa-hp.or.jp/", "内容": "吉川中央総合病院【1:病院】【診療科目:内科_糖尿病内科_消化器内科_外科_脳神経外科_整形外科_形成外科_小児科_眼科_耳鼻いんこう科_皮膚科_泌尿器科_リハビリテーション科_麻酔科_緩和ケア内科】【一般病床数:242療養病床数:30精神病床数:0感染症病床数:0合計病床数:272】埼玉県吉川市平沼１１１" }, "geometry": { "type": "Point", "coordinates": [ 139.840719, 35.882421 ] } },
{ "type": "Feature", "properties": { "ID": 1111109021900, "正式名称": "埼玉筑波病院", "機関区分": 1, "都道府県コード": 11, "市区町村コード": 465, "所在地": "埼玉県北葛飾郡松伏町築比地４２０", "緯度": 35.949172, "経度": 139.832517, "url": "https://www.iryou.teikyouseido.mhlw.go.jp/znk-web/juminkanja/S2430/initialize?prefCd=11&kikanCd=1109021900&kikanKbn=1", "url2": "https://saitamatsukuba-hp.com/", "内容": "埼玉筑波病院【1:病院】【診療科目:内科_人工透析内科_外科_脳神経外科_整形外科_眼科_皮膚科_泌尿器科_リハビリテーション科】【一般病床数:109療養病床数:56精神病床数:0感染症病床数:0合計病床数:165】埼玉県北葛飾郡松伏町築比地４２０" }, "geometry": { "type": "Point", "coordinates": [ 139.832517, 35.949172 ] } },
{ "type": "Feature", "properties": { "ID": 1111109022700, "正式名称": "医療法人社団明日佳埼玉あすか松伏病院", "機関区分": 1, "都道府県コード": 11, "市区町村コード": 465, "所在地": "埼玉県北葛飾郡松伏町松伏１２６３－５", "緯度": 35.927981, "経度": 139.828713, "url": "https://www.iryou.teikyouseido.mhlw.go.jp/znk-web/juminkanja/S2430/initialize?prefCd=11&kikanCd=1109022700&kikanKbn=1", "url2": "http://www.asuka-gp.jp/saitama/", "内容": "医療法人社団明日佳埼玉あすか松伏病院【1:病院】【診療科目:内科_糖尿病内科_脳神経内科_循環器内科_胃腸内科_なし_外科_脳神経外科_乳腺外科_肛門外科_整形外科_眼科_耳鼻いんこう科_皮膚科_リハビリテーション科_放射線科】【一般病床数:30療養病床数:52精神病床数:0感染症病床数:0合計病床数:82】埼玉県北葛飾郡松伏町松伏１２６３－５" }, "geometry": { "type": "Point", "coordinates": [ 139.828713, 35.927981 ] } },
{ "type": "Feature", "properties": { "ID": 1111109023500, "正式名称": "中川の郷療育センター", "機関区分": 1, "都道府県コード": 11, "市区町村コード": 465, "所在地": "埼玉県北葛飾郡松伏町下赤岩２２２番地", "緯度": 35.90763, "経度": 139.84076, "url": "https://www.iryou.teikyouseido.mhlw.go.jp/znk-web/juminkanja/S2430/initialize?prefCd=11&kikanCd=1109023500&kikanKbn=1", "url2": "http://www.nakagawanosato.or.jp", "内容": "中川の郷療育センター【1:病院】【診療科目:内科_小児科_精神科_神経科_歯科_リハビリテーション科_神経小児科】【一般病床数:77療養病床数:0精神病床数:0感染症病床数:0合計病床数:77】埼玉県北葛飾郡松伏町下赤岩２２２番地" }, "geometry": { "type": "Point", "coordinates": [ 139.84076, 35.90763 ] } },
{ "type": "Feature", "properties": { "ID": 1111109836800, "正式名称": "医療法人社団哺育会　白岡中央総合病院", "機関区分": 1, "都道府県コード": 11, "市区町村コード": 246, "所在地": "埼玉県白岡市小久喜９３８－１２", "緯度": 36.01364, "経度": 139.664941, "url": "https://www.iryou.teikyouseido.mhlw.go.jp/znk-web/juminkanja/S2430/initialize?prefCd=11&kikanCd=1109836800&kikanKbn=1", "url2": "http://www.scghp.jp/", "内容": "医療法人社団哺育会　白岡中央総合病院【1:病院】【診療科目:内科_呼吸器内科_循環器内科_消化器内科_腎臓内科_人工透析内科_神経内科_外科_脳神経外科_乳腺外科_整形外科_形成外科_小児科_眼科_耳鼻いんこう科_皮膚科_泌尿器科_心療内科_リハビリテーション科_放射線科_救急科_麻酔科】【一般病床数:256療養病床数:0精神病床数:0感染症病床数:0合計病床数:256】埼玉県白岡市小久喜９３８－１２" }, "geometry": { "type": "Point", "coordinates": [ 139.664941, 36.01364 ] } },
{ "type": "Feature", "properties": { "ID": 1111109837600, "正式名称": "医療法人双鳳会　山王クリニック", "機関区分": 1, "都道府県コード": 11, "市区町村コード": 246, "所在地": "埼玉県白岡市寺塚１２３－１", "緯度": 36.024659, "経度": 139.670699, "url": "https://www.iryou.teikyouseido.mhlw.go.jp/znk-web/juminkanja/S2430/initialize?prefCd=11&kikanCd=1109837600&kikanKbn=1", "url2": "http://www.sannoh.or.jp", "内容": "医療法人双鳳会　山王クリニック【1:病院】【診療科目:新生児内科_産科】【一般病床数:60療養病床数:0精神病床数:0感染症病床数:0合計病床数:60】埼玉県白岡市寺塚１２３－１" }, "geometry": { "type": "Point", "coordinates": [ 139.670699, 36.024659 ] } },
{ "type": "Feature", "properties": { "ID": 1111109839200, "正式名称": "東鷲宮病院", "機関区分": 1, "都道府県コード": 11, "市区町村コード": 232, "所在地": "埼玉県久喜市桜田　２－６－５", "緯度": 36.095484, "経度": 139.682286, "url": "https://www.iryou.teikyouseido.mhlw.go.jp/znk-web/juminkanja/S2430/initialize?prefCd=11&kikanCd=1109839200&kikanKbn=1", "url2": "http://www.washinomiya-hsp.or.jp/", "内容": "東鷲宮病院【1:病院】【診療科目:内科_呼吸器内科_循環器内科_消化器内科_腎臓内科_外科_脳神経外科_血管外科_心臓血管外科_肛門外科_整形外科_小児科_皮膚科_泌尿器科_リウマチ科_人工透析】【一般病床数:127療養病床数:36精神病床数:0感染症病床数:0合計病床数:163】埼玉県久喜市桜田　２－６－５" }, "geometry": { "type": "Point", "coordinates": [ 139.682286, 36.095484 ] } },
{ "type": "Feature", "properties": { "ID": 1111109840600, "正式名称": "医療法人　今井病院", "機関区分": 1, "都道府県コード": 11, "市区町村コード": 464, "所在地": "埼玉県北葛飾郡杉戸町杉戸　３－１１－１", "緯度": 36.027604, "経度": 139.726772, "url": "https://www.iryou.teikyouseido.mhlw.go.jp/znk-web/juminkanja/S2430/initialize?prefCd=11&kikanCd=1109840600&kikanKbn=1", "url2": "http://www.imai-hosp.com/", "内容": "医療法人　今井病院【1:病院】【診療科目:内科_呼吸器内科_循環器内科_消化器内科_神経内科】【一般病床数:0療養病床数:37精神病床数:0感染症病床数:0合計病床数:37】埼玉県北葛飾郡杉戸町杉戸　３－１１－１" }, "geometry": { "type": "Point", "coordinates": [ 139.726772, 36.027604 ] } },
{ "type": "Feature", "properties": { "ID": 1111109841400, "正式名称": "東埼玉総合病院", "機関区分": 1, "都道府県コード": 11, "市区町村コード": 240, "所在地": "埼玉県幸手市吉野５１７－５", "緯度": 36.053937, "経度": 139.723679, "url": "https://www.iryou.teikyouseido.mhlw.go.jp/znk-web/juminkanja/S2430/initialize?prefCd=11&kikanCd=1109841400&kikanKbn=1", "url2": "http://saitama.jinai.jp/", "内容": "東埼玉総合病院【1:病院】【診療科目:内科_糖尿病内科_代謝・内分泌内科_呼吸器内科_循環器内科_消化器内科_神経内科_外科_脳神経外科_心臓血管外科_消化器外科_乳腺・内分泌外科_整形外科_形成外科_なし_眼科_耳鼻いんこう科_皮膚科_泌尿器科_リウマチ科_リハビリテーション科_放射線科_麻酔科】【一般病床数:189療養病床数:0精神病床数:0感染症病床数:0合計病床数:189】埼玉県幸手市吉野５１７－５" }, "geometry": { "type": "Point", "coordinates": [ 139.723679, 36.053937 ] } },
{ "type": "Feature", "properties": { "ID": 1111109842200, "正式名称": "医療法人ひかり会パーク病院", "機関区分": 1, "都道府県コード": 11, "市区町村コード": 246, "所在地": "埼玉県白岡市千駄野１０８６－１", "緯度": 36.012766, "経度": 139.681701, "url": "https://www.iryou.teikyouseido.mhlw.go.jp/znk-web/juminkanja/S2430/initialize?prefCd=11&kikanCd=1109842200&kikanKbn=1", "url2": "http://hikarikaigroup.com/", "内容": "医療法人ひかり会パーク病院【1:病院】【診療科目:内科_呼吸器内科_消化器内科_整形外科_眼科_アレルギー科_リハビリテーション科】【一般病床数:30療養病床数:40精神病床数:0感染症病床数:0合計病床数:70】埼玉県白岡市千駄野１０８６－１" }, "geometry": { "type": "Point", "coordinates": [ 139.681701, 36.012766 ] } },
{ "type": "Feature", "properties": { "ID": 1111109843000, "正式名称": "医療法人社団　白桜会　新しらおか病院", "機関区分": 1, "都道府県コード": 11, "市区町村コード": 246, "所在地": "埼玉県白岡市上野田１２６７－１", "緯度": 36.028561, "経度": 139.683181, "url": "https://www.iryou.teikyouseido.mhlw.go.jp/znk-web/juminkanja/S2430/initialize?prefCd=11&kikanCd=1109843000&kikanKbn=1", "url2": "http://www.shin-shiraoak.jp/", "内容": "医療法人社団　白桜会　新しらおか病院【1:病院】【診療科目:内科_精神科】【一般病床数:0療養病床数:0精神病床数:120感染症病床数:0合計病床数:120】埼玉県白岡市上野田１２６７－１" }, "geometry": { "type": "Point", "coordinates": [ 139.683181, 36.028561 ] } },
{ "type": "Feature", "properties": { "ID": 1111110041900, "正式名称": "埼玉医科大学病院", "機関区分": 1, "都道府県コード": 11, "市区町村コード": 326, "所在地": "埼玉県入間郡毛呂山町毛呂本郷３８", "緯度": 35.938345, "経度": 139.305311, "url": "https://www.iryou.teikyouseido.mhlw.go.jp/znk-web/juminkanja/S2430/initialize?prefCd=11&kikanCd=1110041900&kikanKbn=1", "url2": "https://www.saitama-med.ac.jp/hospital/", "内容": "埼玉医科大学病院【1:病院】【診療科目:内科_脳神経内科_呼吸器内科_循環器内科_消化器内科_緩和ケア内科_外科_脳神経外科_呼吸器外科_血管外科_心臓外科_消化器外科_整形外科_形成外科_小児科_小児外科_産婦人科_眼科_耳鼻いんこう科_皮膚科_泌尿器科_精神科_矯正歯科_歯科口腔外科_リウマチ科_リハビリテーション科_放射線科_病理診断科_救急科_麻酔科】【一般病床数:872療養病床数:0精神病床数:74感染症病床数:6合計病床数:952】埼玉県入間郡毛呂山町毛呂本郷３８" }, "geometry": { "type": "Point", "coordinates": [ 139.305311, 35.938345 ] } },
{ "type": "Feature", "properties": { "ID": 1111110042700, "正式名称": "光の家療育センター", "機関区分": 1, "都道府県コード": 11, "市区町村コード": 326, "所在地": "埼玉県入間郡毛呂山町小田谷字瀬田１６２", "緯度": 35.937322, "経度": 139.305006, "url": "https://www.iryou.teikyouseido.mhlw.go.jp/znk-web/juminkanja/S2430/initialize?prefCd=11&kikanCd=1110042700&kikanKbn=1", "url2": null, "内容": "光の家療育センター【1:病院】【診療科目:内科_小児科_眼科_耳鼻いんこう科_皮膚科_精神科_歯科_リハビリテーション科】【一般病床数:120療養病床数:0精神病床数:225感染症病床数:0合計病床数:345】埼玉県入間郡毛呂山町小田谷字瀬田１６２" }, "geometry": { "type": "Point", "coordinates": [ 139.305006, 35.937322 ] } },
{ "type": "Feature", "properties": { "ID": 1111110043500, "正式名称": "社会福祉法人　埼玉医療福祉会　丸木記念福祉メディカルセンター", "機関区分": 1, "都道府県コード": 11, "市区町村コード": 326, "所在地": "埼玉県入間郡毛呂山町大字毛呂本郷３８", "緯度": 35.938345, "経度": 139.305311, "url": "https://www.iryou.teikyouseido.mhlw.go.jp/znk-web/juminkanja/S2430/initialize?prefCd=11&kikanCd=1110043500&kikanKbn=1", "url2": "https://www.saitama-mwa.or.jp/maruki/", "内容": "社会福祉法人　埼玉医療福祉会　丸木記念福祉メディカルセンター【1:病院】【診療科目:内科_緩和ケア内科_皮膚科_精神科_歯科_リハビリテーション科】【一般病床数:228療養病床数:0精神病床数:376感染症病床数:0合計病床数:604】埼玉県入間郡毛呂山町大字毛呂本郷３８" }, "geometry": { "type": "Point", "coordinates": [ 139.305311, 35.938345 ] } },
{ "type": "Feature", "properties": { "ID": 1111110044300, "正式名称": "麻見江ホスピタル", "機関区分": 1, "都道府県コード": 11, "市区町村コード": 348, "所在地": "埼玉県比企郡鳩山町大橋１０６６", "緯度": 35.991198, "経度": 139.343425, "url": "https://www.iryou.teikyouseido.mhlw.go.jp/znk-web/juminkanja/S2430/initialize?prefCd=11&kikanCd=1110044300&kikanKbn=1", "url2": "mamie-hp.or.jp", "内容": "麻見江ホスピタル【1:病院】【診療科目:内科_整形外科_皮膚科_精神科_心療内科_歯科_リハビリテーション科_禁煙治療，糖尿病外来】【一般病床数:0療養病床数:305精神病床数:0感染症病床数:0合計病床数:305】埼玉県比企郡鳩山町大橋１０６６" }, "geometry": { "type": "Point", "coordinates": [ 139.343425, 35.991198 ] } },
{ "type": "Feature", "properties": { "ID": 1111110102400, "正式名称": "埼玉県立小児医療センター", "機関区分": 1, "都道府県コード": 11, "市区町村コード": 105, "所在地": "埼玉県さいたま市中央区新都心１番２", "緯度": 35.891217, "経度": 139.632011, "url": "https://www.iryou.teikyouseido.mhlw.go.jp/znk-web/juminkanja/S2430/initialize?prefCd=11&kikanCd=1110102400&kikanKbn=1", "url2": "https://www.saitama-pho.jp/scm-c/", "内容": "埼玉県立小児医療センター【1:病院】【診療科目:脳神経外科_心臓血管外科_移植外科_整形外科_形成外科_小児科_小児外科_新生児内科_小児循環器科_産婦人科_眼科_耳鼻いんこう科_皮膚科_泌尿器科_精神科_小児歯科_アレルギー科_リハビリテーション科_放射線科_病理診断科_臨床検査科_救急科_麻酔科】【一般病床数:316療養病床数:0精神病床数:0感染症病床数:0合計病床数:316】埼玉県さいたま市中央区新都心１番２" }, "geometry": { "type": "Point", "coordinates": [ 139.632011, 35.891217 ] } },
{ "type": "Feature", "properties": { "ID": 1111110103200, "正式名称": "丸山記念総合病院", "機関区分": 1, "都道府県コード": 11, "市区町村コード": 110, "所在地": "埼玉県さいたま市岩槻区本町２丁目１０－５", "緯度": 35.945059, "経度": 139.695567, "url": "https://www.iryou.teikyouseido.mhlw.go.jp/znk-web/juminkanja/S2430/initialize?prefCd=11&kikanCd=1110103200&kikanKbn=1", "url2": "http://www.maruyama-hp.or.jp/", "内容": "丸山記念総合病院【1:病院】【診療科目:内科_循環器内科_消化器内科_胃腸内科_人工透析内科_神経内科_外科_脳神経外科_呼吸器外科_気管食道外科_消化器外科_乳腺外科_肛門外科_整形外科_形成外科_小児科_産婦人科_眼科_耳鼻いんこう科_皮膚科_泌尿器科_精神科_歯科_歯科口腔外科_リハビリテーション科_放射線科_救急科_麻酔科】【一般病床数:241療養病床数:0精神病床数:0感染症病床数:0合計病床数:241】埼玉県さいたま市岩槻区本町２丁目１０－５" }, "geometry": { "type": "Point", "coordinates": [ 139.695567, 35.945059 ] } },
{ "type": "Feature", "properties": { "ID": 1111110121000, "正式名称": "埼玉医科大学総合医療センター", "機関区分": 1, "都道府県コード": 11, "市区町村コード": 201, "所在地": "埼玉県川越市鴨田１９８１", "緯度": 35.934607, "経度": 139.519613, "url": "https://www.iryou.teikyouseido.mhlw.go.jp/znk-web/juminkanja/S2430/initialize?prefCd=11&kikanCd=1110121000&kikanKbn=1", "url2": "https://www.kawagoe.saitama-med.ac.jp", "内容": "埼玉医科大学総合医療センター【1:病院】【診療科目:内科_脳神経内科_呼吸器内科_心臓内科_消化器内科_外科_脳神経外科_呼吸器外科_心臓血管外科_整形外科_形成外科_美容外科_小児科_産婦人科_眼科_耳鼻いんこう科_皮膚科_泌尿器科_精神科_歯科_歯科口腔外科_リウマチ科_リハビリテーション科_放射線科_病理診断科_救急科_麻酔科】【一般病床数:1053療養病床数:0精神病床数:4感染症病床数:0合計病床数:1057】埼玉県川越市鴨田１９８１" }, "geometry": { "type": "Point", "coordinates": [ 139.519613, 35.934607 ] } },
{ "type": "Feature", "properties": { "ID": 1111120435400, "正式名称": "医療法人社団　松弘会　トワーム小江戸病院", "機関区分": 1, "都道府県コード": 11, "市区町村コード": 201, "所在地": "埼玉県川越市下老袋４９０−９", "緯度": 35.933069, "経度": 139.527754, "url": "https://www.iryou.teikyouseido.mhlw.go.jp/znk-web/juminkanja/S2430/initialize?prefCd=11&kikanCd=1120435400&kikanKbn=1", "url2": "https://www.towarm.com/coedo/", "内容": "医療法人社団　松弘会　トワーム小江戸病院【1:病院】【診療科目:内科_精神科】【一般病床数:0療養病床数:0精神病床数:200感染症病床数:0合計病床数:200】埼玉県川越市下老袋４９０−９" }, "geometry": { "type": "Point", "coordinates": [ 139.527754, 35.933069 ] } },
{ "type": "Feature", "properties": { "ID": 1111120555500, "正式名称": "蓮田よつば病院", "機関区分": 1, "都道府県コード": 11, "市区町村コード": 238, "所在地": "埼玉県蓮田市馬込２１６３番地", "緯度": 35.966928, "経度": 139.652761, "url": "https://www.iryou.teikyouseido.mhlw.go.jp/znk-web/juminkanja/S2430/initialize?prefCd=11&kikanCd=1120555500&kikanKbn=1", "url2": "http://www.hasuda428.com/", "内容": "蓮田よつば病院【1:病院】【診療科目:内科_精神科】【一般病床数:0療養病床数:0精神病床数:120感染症病床数:0合計病床数:120】埼玉県蓮田市馬込２１６３番地" }, "geometry": { "type": "Point", "coordinates": [ 139.652761, 35.966928 ] } },
{ "type": "Feature", "properties": { "ID": 1111120557100, "正式名称": "さいたま市民医療センター", "機関区分": 1, "都道府県コード": 11, "市区町村コード": 101, "所在地": "埼玉県さいたま市西区島根", "緯度": 35.881995, "経度": 139.598209, "url": "https://www.iryou.teikyouseido.mhlw.go.jp/znk-web/juminkanja/S2430/initialize?prefCd=11&kikanCd=1120557100&kikanKbn=1", "url2": "http://www.scmc.or.jp", "内容": "さいたま市民医療センター【1:病院】【診療科目:内科_血液内科_糖尿病・内分泌内科_脳神経内科_呼吸器内科_循環器内科_消化器内科_腎臓内科_神経内科_外科_脳神経外科_消化器外科_乳腺・内分泌外科_整形外科_小児科_耳鼻いんこう科_皮膚科_泌尿器科_アレルギー科_リウマチ科_リハビリテーション科_放射線科_病理診断科_救急科_麻酔科】【一般病床数:340療養病床数:0精神病床数:0感染症病床数:0合計病床数:340】埼玉県さいたま市西区島根" }, "geometry": { "type": "Point", "coordinates": [ 139.598209, 35.881995 ] } },
{ "type": "Feature", "properties": { "ID": 1111120690000, "正式名称": "医療法人社団明雄会本庄児玉病院", "機関区分": 1, "都道府県コード": 11, "市区町村コード": 211, "所在地": "埼玉県本庄市児玉町児玉", "緯度": 36.182874, "経度": 139.14163, "url": "https://www.iryou.teikyouseido.mhlw.go.jp/znk-web/juminkanja/S2430/initialize?prefCd=11&kikanCd=1120690000&kikanKbn=1", "url2": "https://www.honjokodama-hp.com/", "内容": "医療法人社団明雄会本庄児玉病院【1:病院】【診療科目:精神科】【一般病床数:0療養病床数:0精神病床数:120感染症病床数:0合計病床数:120】埼玉県本庄市児玉町児玉" }, "geometry": { "type": "Point", "coordinates": [ 139.14163, 36.182874 ] } },
{ "type": "Feature", "properties": { "ID": 1111120729900, "正式名称": "医療法人光仁会南部厚生病院", "機関区分": 1, "都道府県コード": 11, "市区町村コード": 214, "所在地": "埼玉県春日部市大場２０番地１", "緯度": 35.946255, "経度": 139.755845, "url": "https://www.iryou.teikyouseido.mhlw.go.jp/znk-web/juminkanja/S2430/initialize?prefCd=11&kikanCd=1120729900&kikanKbn=1", "url2": "http://www.skmg.jp/nanbu-kosei", "内容": "医療法人光仁会南部厚生病院【1:病院】【診療科目:内科_消化器内科_緩和ケア内科_整形外科_皮膚科_泌尿器科_精神科_心療内科_リハビリテーション科】【一般病床数:30療養病床数:108精神病床数:0感染症病床数:0合計病床数:138】埼玉県春日部市大場２０番地１" }, "geometry": { "type": "Point", "coordinates": [ 139.755845, 35.946255 ] } },
{ "type": "Feature", "properties": { "ID": 1111122350200, "正式名称": "カルガモの家", "機関区分": 1, "都道府県コード": 11, "市区町村コード": 201, "所在地": "埼玉県川越市大字鴨田１９３０－１", "緯度": 35.93513, "経度": 139.522248, "url": "https://www.iryou.teikyouseido.mhlw.go.jp/znk-web/juminkanja/S2430/initialize?prefCd=11&kikanCd=1122350200&kikanKbn=1", "url2": "www.karugamonoie.jp", "内容": "カルガモの家【1:病院】【診療科目:小児科】【一般病床数:44療養病床数:0精神病床数:0感染症病床数:0合計病床数:44】埼玉県川越市大字鴨田１９３０－１" }, "geometry": { "type": "Point", "coordinates": [ 139.522248, 35.93513 ] } },
{ "type": "Feature", "properties": { "ID": 1111122495900, "正式名称": "医療法人社団　草芳会　三芳野第２病院", "機関区分": 1, "都道府県コード": 11, "市区町村コード": 245, "所在地": "埼玉県ふじみ野市大原２－１－１６", "緯度": 35.878952, "経度": 139.518507, "url": "https://www.iryou.teikyouseido.mhlw.go.jp/znk-web/juminkanja/S2430/initialize?prefCd=11&kikanCd=1122495900&kikanKbn=1", "url2": "https://second.miyoshino.or.jp", "内容": "医療法人社団　草芳会　三芳野第２病院【1:病院】【診療科目:内科_整形外科】【一般病床数:45療養病床数:0精神病床数:0感染症病床数:0合計病床数:45】埼玉県ふじみ野市大原２－１－１６" }, "geometry": { "type": "Point", "coordinates": [ 139.518507, 35.878952 ] } },
{ "type": "Feature", "properties": { "ID": 1111122500900, "正式名称": "シャローム病院", "機関区分": 1, "都道府県コード": 11, "市区町村コード": 212, "所在地": "埼玉県東松山市松山１４９６", "緯度": 36.052048, "経度": 139.414411, "url": "https://www.iryou.teikyouseido.mhlw.go.jp/znk-web/juminkanja/S2430/initialize?prefCd=11&kikanCd=1122500900&kikanKbn=1", "url2": "https://shalorm.or.jp", "内容": "シャローム病院【1:病院】【診療科目:内科_循環器内科_人工透析内科_神経内科_緩和ケア内科_外科_消化器外科_乳腺外科_肛門外科_小児科_皮膚科】【一般病床数:52療養病床数:0精神病床数:0感染症病床数:0合計病床数:52】埼玉県東松山市松山１４９６" }, "geometry": { "type": "Point", "coordinates": [ 139.414411, 36.052048 ] } },
{ "type": "Feature", "properties": { "ID": 1111122740000, "正式名称": "医療法人社団武蔵野会ＴＭＧ宗岡中央病院", "機関区分": 1, "都道府県コード": 11, "市区町村コード": 228, "所在地": "埼玉県志木市上宗岡", "緯度": 35.846032, "経度": 139.583656, "url": "https://www.iryou.teikyouseido.mhlw.go.jp/znk-web/juminkanja/S2430/initialize?prefCd=11&kikanCd=1122740000&kikanKbn=1", "url2": "http://www.muneoka-hp.jp/", "内容": "医療法人社団武蔵野会ＴＭＧ宗岡中央病院【1:病院】【診療科目:内科_外科_脳神経外科_整形外科_小児科_泌尿器科_リハビリテーション科】【一般病床数:100療養病床数:0精神病床数:0感染症病床数:0合計病床数:100】埼玉県志木市上宗岡" }, "geometry": { "type": "Point", "coordinates": [ 139.583656, 35.846032 ] } },
{ "type": "Feature", "properties": { "ID": 1111122762100, "正式名称": "医療法人社団　桜友会　所沢ハートセンター", "機関区分": 1, "都道府県コード": 11, "市区町村コード": 208, "所在地": "埼玉県所沢市上新井２－６１－１１", "緯度": 35.793518, "経度": 139.443989, "url": "https://www.iryou.teikyouseido.mhlw.go.jp/znk-web/juminkanja/S2430/initialize?prefCd=11&kikanCd=1122762100&kikanKbn=1", "url2": "http://www.oukai.or.jp", "内容": "医療法人社団　桜友会　所沢ハートセンター【1:病院】【診療科目:循環器内科_人工透析内科_心臓血管外科_放射線科】【一般病床数:30療養病床数:0精神病床数:0感染症病床数:0合計病床数:30】埼玉県所沢市上新井２－６１－１１" }, "geometry": { "type": "Point", "coordinates": [ 139.443989, 35.793518 ] } },
{ "type": "Feature", "properties": { "ID": 1111122843100, "正式名称": "医療法人眞幸会　草加松原リハビリテーション病院", "機関区分": 1, "都道府県コード": 11, "市区町村コード": 221, "所在地": "埼玉県草加市松江２－３－２５", "緯度": 35.838984, "経度": 139.809018, "url": "https://www.iryou.teikyouseido.mhlw.go.jp/znk-web/juminkanja/S2430/initialize?prefCd=11&kikanCd=1122843100&kikanKbn=1", "url2": "http//soka-reha.jp/", "内容": "医療法人眞幸会　草加松原リハビリテーション病院【1:病院】【診療科目:リハビリテーション科】【一般病床数:50療養病床数:0精神病床数:0感染症病床数:0合計病床数:50】埼玉県草加市松江２－３－２５" }, "geometry": { "type": "Point", "coordinates": [ 139.809018, 35.838984 ] } },
{ "type": "Feature", "properties": { "ID": 1111123115700, "正式名称": "永井マザーズホスピタル", "機関区分": 1, "都道府県コード": 11, "市区町村コード": 237, "所在地": "埼玉県三郷市上彦名６０７－１", "緯度": 35.852161, "経度": 139.86321, "url": "https://www.iryou.teikyouseido.mhlw.go.jp/znk-web/juminkanja/S2430/initialize?prefCd=11&kikanCd=1123115700&kikanKbn=1", "url2": "http://www.nagai-cl.com", "内容": "永井マザーズホスピタル【1:病院】【診療科目:形成外科_小児科_産婦人科_産婦人科（生殖医療）_病理診断科_麻酔科】【一般病床数:35療養病床数:0精神病床数:0感染症病床数:0合計病床数:35】埼玉県三郷市上彦名６０７－１" }, "geometry": { "type": "Point", "coordinates": [ 139.86321, 35.852161 ] } },
{ "type": "Feature", "properties": { "ID": 1111123130000, "正式名称": "医療法人社団全仁会　東都春日部病院", "機関区分": 1, "都道府県コード": 11, "市区町村コード": 214, "所在地": "埼玉県春日部市大畑", "緯度": 35.942976, "経度": 139.768051, "url": "https://www.iryou.teikyouseido.mhlw.go.jp/znk-web/juminkanja/S2430/initialize?prefCd=11&kikanCd=1123130000&kikanKbn=1", "url2": "touto-kasukabe-hp.com", "内容": "医療法人社団全仁会　東都春日部病院【1:病院】【診療科目:内科_糖尿病内科_糖尿病・代謝内科_循環器内科_消化器内科_腎臓内科_人工透析内科_呼吸器内科_外科_脳神経外科_消化器外科_大腸外科_肛門外科_整形外科_形成外科_泌尿器科_リハビリテーション科】【一般病床数:130療養病床数:54精神病床数:0感染症病床数:0合計病床数:184】埼玉県春日部市大畑" }, "geometry": { "type": "Point", "coordinates": [ 139.768051, 35.942976 ] } },
{ "type": "Feature", "properties": { "ID": 1111123150500, "正式名称": "かわぐち心臓呼吸器病院", "機関区分": 1, "都道府県コード": 11, "市区町村コード": 203, "所在地": "埼玉県川口市前川一丁目１番地５１号", "緯度": 35.83308, "経度": 139.708657, "url": "https://www.iryou.teikyouseido.mhlw.go.jp/znk-web/juminkanja/S2430/initialize?prefCd=11&kikanCd=1123150500&kikanKbn=1", "url2": "http://www.kheartlung.jp/", "内容": "かわぐち心臓呼吸器病院【1:病院】【診療科目:内科_呼吸器内科_循環器内科_外科_心臓血管外科_リハビリテーション科_救急科_麻酔科】【一般病床数:108療養病床数:0精神病床数:0感染症病床数:0合計病床数:108】埼玉県川口市前川一丁目１番地５１号" }, "geometry": { "type": "Point", "coordinates": [ 139.708657, 35.83308 ] } },
{ "type": "Feature", "properties": { "ID": 1111123417200, "正式名称": "社会医療法人　熊谷総合病院", "機関区分": 1, "都道府県コード": 11, "市区町村コード": 202, "所在地": "埼玉県熊谷市中西４‐５‐１", "緯度": 36.148668, "経度": 139.396688, "url": "https://www.iryou.teikyouseido.mhlw.go.jp/znk-web/juminkanja/S2430/initialize?prefCd=11&kikanCd=1123417200&kikanKbn=1", "url2": "http://www.kumasou.or.jp", "内容": "社会医療法人　熊谷総合病院【1:病院】【診療科目:内科_脳神経内科_呼吸器内科_循環器内科_消化器内科_腎臓内科_人工透析内科_神経内科_外科_脳神経外科_消化器外科_整形外科_形成外科_小児科_産婦人科_眼科_耳鼻いんこう科_皮膚科_泌尿器科_リハビリテーション科_放射線科_病理診断科_麻酔科】【一般病床数:310療養病床数:0精神病床数:0感染症病床数:0合計病床数:310】埼玉県熊谷市中西４‐５‐１" }, "geometry": { "type": "Point", "coordinates": [ 139.396688, 36.148668 ] } },
{ "type": "Feature", "properties": { "ID": 1111123593400, "正式名称": "春日部市立医療センター", "機関区分": 1, "都道府県コード": 11, "市区町村コード": 214, "所在地": "埼玉県春日部市中央６丁目７番地１", "緯度": 35.974404, "経度": 139.751508, "url": "https://www.iryou.teikyouseido.mhlw.go.jp/znk-web/juminkanja/S2430/initialize?prefCd=11&kikanCd=1123593400&kikanKbn=1", "url2": "http://www.kasukabe-cityhp.jp/", "内容": "春日部市立医療センター【1:病院】【診療科目:内科_血液内科_糖尿病内科_呼吸器内科_循環器内科_消化器内科_神経内科_ペインクリニック内科_外科_脳神経外科_呼吸器外科_乳腺外科_整形外科_形成外科_小児科_小児外科_産婦人科_眼科_耳鼻いんこう科_皮膚科_泌尿器科_歯科口腔外科_放射線科】【一般病床数:361療養病床数:0精神病床数:0感染症病床数:2合計病床数:363】埼玉県春日部市中央６丁目７番地１" }, "geometry": { "type": "Point", "coordinates": [ 139.751508, 35.974404 ] } },
{ "type": "Feature", "properties": { "ID": 1111123891700, "正式名称": "レイクタウン整形外科病院", "機関区分": 1, "都道府県コード": 11, "市区町村コード": 222, "所在地": "埼玉県越谷市レイクタウン５－１３－６", "緯度": 35.876974, "経度": 139.827559, "url": "https://www.iryou.teikyouseido.mhlw.go.jp/znk-web/juminkanja/S2430/initialize?prefCd=11&kikanCd=1123891700&kikanKbn=1", "url2": "https//laketown-ortho.com", "内容": "レイクタウン整形外科病院【1:病院】【診療科目:整形外科_リウマチ科_リハビリテーション科_麻酔科】【一般病床数:53療養病床数:0精神病床数:0感染症病床数:0合計病床数:53】埼玉県越谷市レイクタウン５－１３－６" }, "geometry": { "type": "Point", "coordinates": [ 139.827559, 35.876974 ] } },
{ "type": "Feature", "properties": { "ID": 1111124208600, "正式名称": "医療法人泰一会　和光リハビリテーション病院", "機関区分": 1, "都道府県コード": 11, "市区町村コード": 229, "所在地": "埼玉県和光市中央２丁目６番７５号", "緯度": 35.779778, "経度": 139.617267, "url": "https://www.iryou.teikyouseido.mhlw.go.jp/znk-web/juminkanja/S2430/initialize?prefCd=11&kikanCd=1124208600&kikanKbn=1", "url2": "http://www.taiichikai.com/wako/", "内容": "医療法人泰一会　和光リハビリテーション病院【1:病院】【診療科目:内科_脳神経外科_整形外科_リハビリテーション科】【一般病床数:0療養病床数:60精神病床数:0感染症病床数:0合計病床数:60】埼玉県和光市中央２丁目６番７５号" }, "geometry": { "type": "Point", "coordinates": [ 139.617267, 35.779778 ] } },
{ "type": "Feature", "properties": { "ID": 1111124348100, "正式名称": "医療法人社団医凰会　さいたま岩槻病院", "機関区分": 1, "都道府県コード": 11, "市区町村コード": 110, "所在地": "埼玉県さいたま市岩槻区慈恩寺７５番地", "緯度": 35.97772, "経度": 139.711623, "url": "https://www.iryou.teikyouseido.mhlw.go.jp/znk-web/juminkanja/S2430/initialize?prefCd=11&kikanCd=1124348100&kikanKbn=1", "url2": "http://www.s-iwatsuki-hp.jp/", "内容": "医療法人社団医凰会　さいたま岩槻病院【1:病院】【診療科目:内科_循環器内科_脳神経外科_消化器外科_整形外科_皮膚科_リハビリテーション科】【一般病床数:90療養病床数:0精神病床数:0感染症病床数:0合計病床数:90】埼玉県さいたま市岩槻区慈恩寺７５番地" }, "geometry": { "type": "Point", "coordinates": [ 139.711623, 35.97772 ] } },
{ "type": "Feature", "properties": { "ID": 1111124349000, "正式名称": "医療型障害児入所施設　カリヨンの杜", "機関区分": 1, "都道府県コード": 11, "市区町村コード": 110, "所在地": "埼玉県さいたま市岩槻区馬込２１００", "緯度": 35.969234, "経度": 139.654575, "url": "https://www.iryou.teikyouseido.mhlw.go.jp/znk-web/juminkanja/S2430/initialize?prefCd=11&kikanCd=1124349000&kikanKbn=1", "url2": "http://www.ohfukai.jp", "内容": "医療型障害児入所施設　カリヨンの杜【1:病院】【診療科目:内科_小児科_リハビリテーション科】【一般病床数:60療養病床数:0精神病床数:0感染症病床数:0合計病床数:60】埼玉県さいたま市岩槻区馬込２１００" }, "geometry": { "type": "Point", "coordinates": [ 139.654575, 35.969234 ] } },
{ "type": "Feature", "properties": { "ID": 1111124890400, "正式名称": "さいたま記念病院", "機関区分": 1, "都道府県コード": 11, "市区町村コード": 104, "所在地": "埼玉県さいたま市見沼区東宮下字西１９６", "緯度": 35.926705, "経度": 139.678014, "url": "https://www.iryou.teikyouseido.mhlw.go.jp/znk-web/juminkanja/S2430/initialize?prefCd=11&kikanCd=1124890400&kikanKbn=1", "url2": "www.saitamakinen-h.or.jp/", "内容": "さいたま記念病院【1:病院】【診療科目:内科_糖尿病内科_呼吸器内科_循環器内科_消化器内科_外科_脳神経外科_整形外科_形成外科_眼科_耳鼻いんこう科_皮膚科_泌尿器科_リウマチ科_リハビリテーション科】【一般病床数:159療養病床数:40精神病床数:0感染症病床数:0合計病床数:199】埼玉県さいたま市見沼区東宮下字西１９６" }, "geometry": { "type": "Point", "coordinates": [ 139.678014, 35.926705 ] } },
{ "type": "Feature", "properties": { "ID": 1111125374600, "正式名称": "医療法人社団晃悠会　ふじみの救急病院", "機関区分": 1, "都道府県コード": 11, "市区町村コード": 324, "所在地": "埼玉県入間郡三芳町北永井９９７－５", "緯度": 35.850669, "経度": 139.508968, "url": "https://www.iryou.teikyouseido.mhlw.go.jp/znk-web/juminkanja/S2430/initialize?prefCd=11&kikanCd=1125374600&kikanKbn=1", "url2": "https://koyu-kai.jp", "内容": "医療法人社団晃悠会　ふじみの救急病院【1:病院】【診療科目:内科_糖尿病内科_循環器内科_消化器内科_神経内科_外科_脳神経外科_整形外科_リハビリテーション科_放射線科_救急科】【一般病床数:20療養病床数:0精神病床数:0感染症病床数:0合計病床数:20】埼玉県入間郡三芳町北永井９９７－５" }, "geometry": { "type": "Point", "coordinates": [ 139.508968, 35.850669 ] } },
{ "type": "Feature", "properties": { "ID": 1111125869100, "正式名称": "自衛隊入間病院", "機関区分": 1, "都道府県コード": 11, "市区町村コード": 225, "所在地": "埼玉県入間市向陽台　２－１－４", "緯度": 35.835846, "経度": 139.397994, "url": "https://www.iryou.teikyouseido.mhlw.go.jp/znk-web/juminkanja/S2430/initialize?prefCd=11&kikanCd=1125869100&kikanKbn=1", "url2": "https://www.mod.go.jp/asdf/irmhp/", "内容": "自衛隊入間病院【1:病院】【診療科目:内科_外科_整形外科_小児科_精神科_歯科_歯科口腔外科_救急科_麻酔科】【一般病床数:50療養病床数:0精神病床数:10感染症病床数:0合計病床数:60】埼玉県入間市向陽台　２－１－４" }, "geometry": { "type": "Point", "coordinates": [ 139.397994, 35.835846 ] } },
{ "type": "Feature", "properties": { "ID": 1111126080700, "正式名称": "社会福祉法人恩賜財団済生会支部　埼玉県済生会加須病院", "機関区分": 1, "都道府県コード": 11, "市区町村コード": 210, "所在地": "埼玉県加須市上高柳１６８０番地", "緯度": 36.117653, "経度": 139.594715, "url": "https://www.iryou.teikyouseido.mhlw.go.jp/znk-web/juminkanja/S2430/initialize?prefCd=11&kikanCd=1126080700&kikanKbn=1", "url2": "https://saikazo.org", "内容": "社会福祉法人恩賜財団済生会支部　埼玉県済生会加須病院【1:病院】【診療科目:内科_血液内科_糖尿病・内分泌内科_脳神経内科_呼吸器内科_循環器内科_消化器内科_腎臓内科_外科_脳神経外科_呼吸器外科_心臓血管外科_乳腺外科_整形外科_形成外科_小児科_眼科_耳鼻いんこう科_皮膚科_泌尿器科_リハビリテーション科_放射線科_救急科_麻酔科】【一般病床数:325療養病床数:0精神病床数:0感染症病床数:4合計病床数:329】埼玉県加須市上高柳１６８０番地" }, "geometry": { "type": "Point", "coordinates": [ 139.594715, 36.117653 ] } }
]
}
