{
"type": "FeatureCollection",
"name": "geo_11_介護老人福祉施設",
"crs": { "type": "name", "properties": { "name": "urn:ogc:def:crs:OGC:1.3:CRS84" } },
"features": [
{ "type": "Feature", "properties": { "内容": "特別養護老人ホーム三恵苑【介護老人福祉施設】埼玉県さいたま市西区中釘　2219-4", "url": "https://www.kaigokensaku.mhlw.go.jp/11/index.php?action_kouhyou_detail_004_kani=true&JigyosyoCd=1170300642-00&ServiceCd=510&Type=search", "url2": "http://www.sankeikai.org" }, "geometry": { "type": "Point", "coordinates": [ 139.572933199999966, 35.9398443 ] } },
{ "type": "Feature", "properties": { "内容": "特別養護老人ホーム　緑水苑指扇【介護老人福祉施設】指扇1570-2", "url": "https://www.kaigokensaku.mhlw.go.jp/11/index.php?action_kouhyou_detail_004_kani=true&JigyosyoCd=1176512737-00&ServiceCd=510&Type=search", "url2": "http://www.goyoukai.or.jp/" }, "geometry": { "type": "Point", "coordinates": [ 139.581440552639833, 35.915996929899151 ] } },
{ "type": "Feature", "properties": { "内容": "特別養護老人ホーム　三橋の里【介護老人福祉施設】埼玉県さいたま市西区三橋５－５６０－５", "url": "https://www.kaigokensaku.mhlw.go.jp/11/index.php?action_kouhyou_detail_004_kani=true&JigyosyoCd=1176517397-00&ServiceCd=510&Type=search", "url2": "http://www.kawatsuru-g.jp/" }, "geometry": { "type": "Point", "coordinates": [ 139.594485663050335, 35.911501266329559 ] } },
{ "type": "Feature", "properties": { "内容": "特別養護老人ホーム　フォレスト指扇【介護老人福祉施設】埼玉県さいたま市西区指扇1277-11", "url": "https://www.kaigokensaku.mhlw.go.jp/11/index.php?action_kouhyou_detail_004_kani=true&JigyosyoCd=1176513925-00&ServiceCd=510&Type=search", "url2": "http://www.fullhope.jp/" }, "geometry": { "type": "Point", "coordinates": [ 139.581771765806565, 35.915065249814717 ] } },
{ "type": "Feature", "properties": { "内容": "特別養護老人ホーム　敬寿園宝来ホーム【介護老人福祉施設】埼玉県さいたま市西区宝来86番地1", "url": "https://www.kaigokensaku.mhlw.go.jp/11/index.php?action_kouhyou_detail_004_kani=true&JigyosyoCd=1176503728-00&ServiceCd=510&Type=search", "url2": "http://www.keijuen.info/" }, "geometry": { "type": "Point", "coordinates": [ 139.554042900000013, 35.9316795 ] } },
{ "type": "Feature", "properties": { "内容": "特別養護老人ホーム　敬寿園宝来ホームユニット型【介護老人福祉施設】埼玉県さいたま市西区宝来86番地1", "url": "https://www.kaigokensaku.mhlw.go.jp/11/index.php?action_kouhyou_detail_004_kani=true&JigyosyoCd=1176515722-00&ServiceCd=510&Type=search", "url2": "http://www.keijuen.info/" }, "geometry": { "type": "Point", "coordinates": [ 139.55401710000001, 35.9316545 ] } },
{ "type": "Feature", "properties": { "内容": "特別養護老人ホーム　扇の森【介護老人福祉施設】埼玉県さいたま市西区高木602", "url": "https://www.kaigokensaku.mhlw.go.jp/11/index.php?action_kouhyou_detail_004_kani=true&JigyosyoCd=1176502654-00&ServiceCd=510&Type=search", "url2": "http://www.oginomori.jp" }, "geometry": { "type": "Point", "coordinates": [ 139.567250400000034, 35.9268355 ] } },
{ "type": "Feature", "properties": { "内容": "ゆめの園りあん中野林　特別養護老人ホーム【介護老人福祉施設】埼玉県さいたま市西区大字中野林字中郷650番1", "url": "https://www.kaigokensaku.mhlw.go.jp/11/index.php?action_kouhyou_detail_004_kani=true&JigyosyoCd=1176501136-00&ServiceCd=510&Type=search", "url2": "http://www.happynet.or.jp" }, "geometry": { "type": "Point", "coordinates": [ 139.584816600000067, 35.891365700000016 ] } },
{ "type": "Feature", "properties": { "内容": "特別養護老人ホーム　ひかわ【介護老人福祉施設】さいたま市西区高木892", "url": "https://www.kaigokensaku.mhlw.go.jp/11/index.php?action_kouhyou_detail_004_kani=true&JigyosyoCd=1176506150-00&ServiceCd=510&Type=search", "url2": "http://www.sankeikai.org" }, "geometry": { "type": "Point", "coordinates": [ 139.57285550000006, 35.9319818 ] } },
{ "type": "Feature", "properties": { "内容": "介護老人福祉施設　春陽苑【介護老人福祉施設】埼玉県さいたま市西区飯田新田91-1", "url": "https://www.kaigokensaku.mhlw.go.jp/11/index.php?action_kouhyou_detail_004_kani=true&JigyosyoCd=1170300634-00&ServiceCd=510&Type=search", "url2": "http://www.mutsumikai.net" }, "geometry": { "type": "Point", "coordinates": [ 139.559774299999958, 35.8880939 ] } },
{ "type": "Feature", "properties": { "内容": "特別養護老人ホーム　遊美園【介護老人福祉施設】埼玉県さいたま市西区佐知川1522-1", "url": "https://www.kaigokensaku.mhlw.go.jp/11/index.php?action_kouhyou_detail_004_kani=true&JigyosyoCd=1176503991-00&ServiceCd=510&Type=search", "url2": "http://www.yuubien.jp" }, "geometry": { "type": "Point", "coordinates": [ 139.576455399999986, 35.9051882 ] } },
{ "type": "Feature", "properties": { "内容": "特別養護老人ホーム　今羽の森【介護老人福祉施設】さいたま市北区今羽町６５０－１", "url": "https://www.kaigokensaku.mhlw.go.jp/11/index.php?action_kouhyou_detail_004_kani=true&JigyosyoCd=1176507414-00&ServiceCd=510&Type=search", "url2": "http://eijuso.com" }, "geometry": { "type": "Point", "coordinates": [ 139.625239700000066, 35.950919 ] } },
{ "type": "Feature", "properties": { "内容": "社会福祉法人　心希会　特別養護老人ホーム　フルール宮原【介護老人福祉施設】埼玉県さいたま市北区宮原町1-697-5フルール宮原", "url": "https://www.kaigokensaku.mhlw.go.jp/11/index.php?action_kouhyou_detail_004_kani=true&JigyosyoCd=1176517363-00&ServiceCd=510&Type=search", "url2": "https://www.fleur-miyahara.com/" }, "geometry": { "type": "Point", "coordinates": [ 139.620314900000039, 35.9395381 ] } },
{ "type": "Feature", "properties": { "内容": "社会福祉法人　大吉会　特別養護老人ホーム　白樺ホーム【介護老人福祉施設】さいたま市北区吉野町2-1331", "url": "https://www.kaigokensaku.mhlw.go.jp/11/index.php?action_kouhyou_detail_004_kani=true&JigyosyoCd=1176506135-00&ServiceCd=510&Type=search", "url2": "http://www.ooyoshikai.jp" }, "geometry": { "type": "Point", "coordinates": [ 139.6180094, 35.9644107 ] } },
{ "type": "Feature", "properties": { "内容": "特別養護老人ホーム　なごみの里【介護老人福祉施設】埼玉県さいたま市北区別所町８９２番地", "url": "https://www.kaigokensaku.mhlw.go.jp/11/index.php?action_kouhyou_detail_004_kani=true&JigyosyoCd=1176504726-00&ServiceCd=510&Type=search", "url2": "https://nagominosato.net/" }, "geometry": { "type": "Point", "coordinates": [ 139.5885455, 35.9605908 ] } },
{ "type": "Feature", "properties": { "内容": "特別養護老人ホーム　みちみち大宮【介護老人福祉施設】埼玉県さいたま市北区植竹町２丁目６９番地７", "url": "https://www.kaigokensaku.mhlw.go.jp/11/index.php?action_kouhyou_detail_004_kani=true&JigyosyoCd=1176518072-00&ServiceCd=510&Type=search", "url2": "https://kousaikai-swc.jp/" }, "geometry": { "type": "Point", "coordinates": [ 139.628223103041108, 35.932634021267766 ] } },
{ "type": "Feature", "properties": { "内容": "ウエルガーデン大宮【介護老人福祉施設】埼玉県さいたま市北区今羽町660-1", "url": "https://www.kaigokensaku.mhlw.go.jp/11/index.php?action_kouhyou_detail_004_kani=true&JigyosyoCd=1176509212-00&ServiceCd=510&Type=search", "url2": "http://www.welgarden.or.jp" }, "geometry": { "type": "Point", "coordinates": [ 139.625950699999947, 35.9510663 ] } },
{ "type": "Feature", "properties": { "内容": "特別養護老人ホーム　大宮諏訪の苑【介護老人福祉施設】埼玉県さいたま市大宮区三橋4-875-2", "url": "https://www.kaigokensaku.mhlw.go.jp/11/index.php?action_kouhyou_detail_004_kani=true&JigyosyoCd=1176514808-00&ServiceCd=510&Type=search", "url2": "http://suwanoen.jp" }, "geometry": { "type": "Point", "coordinates": [ 139.604256599999985, 35.8908607 ] } },
{ "type": "Feature", "properties": { "内容": "特別養護老人ホーム　はるぱてお【介護老人福祉施設】さいたま市大宮区上小町１１８７番地", "url": "https://www.kaigokensaku.mhlw.go.jp/11/index.php?action_kouhyou_detail_004_kani=true&JigyosyoCd=1176504817-00&ServiceCd=510&Type=search", "url2": "http://www.harupateo.or.jp" }, "geometry": { "type": "Point", "coordinates": [ 139.612977699999988, 35.896577 ] } },
{ "type": "Feature", "properties": { "内容": "社会福祉法人育成会　白菊苑【介護老人福祉施設】埼玉県さいたま市大宮区寿能町2-21-3", "url": "https://www.kaigokensaku.mhlw.go.jp/11/index.php?action_kouhyou_detail_004_kani=true&JigyosyoCd=1170300667-00&ServiceCd=510&Type=search", "url2": "http://www.siragiku.or.jp/" }, "geometry": { "type": "Point", "coordinates": [ 139.639164299999948, 35.9061427 ] } },
{ "type": "Feature", "properties": { "内容": "特別養護老人ホームはるぱてお大宮【介護老人福祉施設】埼玉県さいたま市大宮区上小町１１８０番地", "url": "https://www.kaigokensaku.mhlw.go.jp/11/index.php?action_kouhyou_detail_004_kani=true&JigyosyoCd=1176520391-00&ServiceCd=510&Type=search", "url2": "https://www.harupateo.or.jp" }, "geometry": { "type": "Point", "coordinates": [ 139.61387502883602, 35.897173942294103 ] } },
{ "type": "Feature", "properties": { "内容": "さいたまやすらぎの里【介護老人福祉施設】埼玉県さいたま市見沼区卸町2－21－1", "url": "https://www.kaigokensaku.mhlw.go.jp/11/index.php?action_kouhyou_detail_004_kani=true&JigyosyoCd=1176502613-00&ServiceCd=510&Type=search", "url2": "https://anshinkai-gr.jp/anshinkai/saitamayasuraginosato" }, "geometry": { "type": "Point", "coordinates": [ 139.678159599999958, 35.951438 ] } },
{ "type": "Feature", "properties": { "内容": "さいたまやすらぎの里新館【介護老人福祉施設】埼玉県さいたま市見沼区卸町2－24", "url": "https://www.kaigokensaku.mhlw.go.jp/11/index.php?action_kouhyou_detail_004_kani=true&JigyosyoCd=1176510095-00&ServiceCd=510&Type=search", "url2": "http://www.anshin.or.jp" }, "geometry": { "type": "Point", "coordinates": [ 139.678020800000013, 35.950377 ] } },
{ "type": "Feature", "properties": { "内容": "特別養護老人ホーム敬寿園七里ホーム【介護老人福祉施設】埼玉県さいたま市見沼区大谷2022-1", "url": "https://www.kaigokensaku.mhlw.go.jp/11/index.php?action_kouhyou_detail_004_kani=true&JigyosyoCd=1176513537-00&ServiceCd=510&Type=search", "url2": "https://www.keijuen.info/nanasato" }, "geometry": { "type": "Point", "coordinates": [ 139.674711588143964, 35.9257490179832 ] } },
{ "type": "Feature", "properties": { "内容": "高齢者総合福祉施設敬寿園【介護老人福祉施設】さいたま市見沼区大字片柳１２９８番地", "url": "https://www.kaigokensaku.mhlw.go.jp/11/index.php?action_kouhyou_detail_004_kani=true&JigyosyoCd=1170300659-00&ServiceCd=510&Type=search", "url2": "https://www.keijuen.info/" }, "geometry": { "type": "Point", "coordinates": [ 139.694096, 35.8978199 ] } },
{ "type": "Feature", "properties": { "内容": "特別養護老人ホーム　見沼緑水苑【介護老人福祉施設】さいたま市見沼区大和田町２－３３６", "url": "https://www.kaigokensaku.mhlw.go.jp/11/index.php?action_kouhyou_detail_004_kani=true&JigyosyoCd=1170300626-00&ServiceCd=510&Type=search", "url2": "http://www.goyoukai.or.jp" }, "geometry": { "type": "Point", "coordinates": [ 139.642705400000068, 35.9289758 ] } },
{ "type": "Feature", "properties": { "内容": "特別養護老人ホーム　島町花の郷【介護老人福祉施設】埼玉県さいたま市見沼区島町305", "url": "https://www.kaigokensaku.mhlw.go.jp/11/index.php?action_kouhyou_detail_004_kani=true&JigyosyoCd=1176515755-00&ServiceCd=510&Type=search", "url2": "http://www.s-hananosato.com/" }, "geometry": { "type": "Point", "coordinates": [ 139.652484606190484, 35.944039508115566 ] } },
{ "type": "Feature", "properties": { "内容": "特別養護老人ホーム　恵の里【介護老人福祉施設】埼玉県さいたま市見沼区東宮下１丁目１３－１", "url": "https://www.kaigokensaku.mhlw.go.jp/11/index.php?action_kouhyou_detail_004_kani=true&JigyosyoCd=1176506754-00&ServiceCd=510&Type=search", "url2": "https://megumino-sato.com" }, "geometry": { "type": "Point", "coordinates": [ 139.683921199999986, 35.9279243 ] } },
{ "type": "Feature", "properties": { "内容": "タムスさくらの杜見沼【介護老人福祉施設】さいたま市見沼区東宮下883-1", "url": "https://www.kaigokensaku.mhlw.go.jp/11/index.php?action_kouhyou_detail_004_kani=true&JigyosyoCd=1176510277-00&ServiceCd=510&Type=search", "url2": "http://sakuranomori.or.jp/minuma.php" }, "geometry": { "type": "Point", "coordinates": [ 139.678904699999947, 35.9376897 ] } },
{ "type": "Feature", "properties": { "内容": "特別養護老人ホーム　あおぞら【介護老人福祉施設】埼玉県さいたま市見沼区御蔵１０６４－１", "url": "https://www.kaigokensaku.mhlw.go.jp/11/index.php?action_kouhyou_detail_004_kani=true&JigyosyoCd=1176504015-00&ServiceCd=510&Type=search", "url2": "http://www.urawanosato.com" }, "geometry": { "type": "Point", "coordinates": [ 139.671428699999979, 35.9006773 ] } },
{ "type": "Feature", "properties": { "内容": "特別養護老人ホーム　諏訪の苑【介護老人福祉施設】埼玉県さいたま市見沼区南中野２９番地", "url": "https://www.kaigokensaku.mhlw.go.jp/11/index.php?action_kouhyou_detail_004_kani=true&JigyosyoCd=1170300295-00&ServiceCd=510&Type=search", "url2": "https://suwanoen.jp" }, "geometry": { "type": "Point", "coordinates": [ 139.6607378318771, 35.904834018322909 ] } },
{ "type": "Feature", "properties": { "内容": "介護老人福祉施設　さいたまかがやきの里【介護老人福祉施設】埼玉県さいたま市見沼区染谷3－190－1さいたまかがやきの里", "url": "https://www.kaigokensaku.mhlw.go.jp/11/index.php?action_kouhyou_detail_004_kani=true&JigyosyoCd=1176507380-00&ServiceCd=510&Type=search", "url2": "http://www.kenjyukai.or.jp" }, "geometry": { "type": "Point", "coordinates": [ 139.682299699999902, 35.9098876 ] } },
{ "type": "Feature", "properties": { "内容": "特別養護老人ホーム　緑水苑与野【介護老人福祉施設】埼玉県さいたま市中央区大戸１丁目３３番地１２号", "url": "https://www.kaigokensaku.mhlw.go.jp/11/index.php?action_kouhyou_detail_004_kani=true&JigyosyoCd=1176505194-00&ServiceCd=510&Type=search", "url2": "http://www.goyoukai.or.jp" }, "geometry": { "type": "Point", "coordinates": [ 139.636719099999937, 35.8617595 ] } },
{ "type": "Feature", "properties": { "内容": "特別養護老人ホーム　ナーシングヴィラ与野【介護老人福祉施設】さいたま市中央区本町東6-10-1", "url": "https://www.kaigokensaku.mhlw.go.jp/11/index.php?action_kouhyou_detail_004_kani=true&JigyosyoCd=1176509329-00&ServiceCd=510&Type=search", "url2": "http://saitama-ni.com/villa/" }, "geometry": { "type": "Point", "coordinates": [ 139.617588599999976, 35.8935552 ] } },
{ "type": "Feature", "properties": { "内容": "指定介護老人福祉施設　きりしき【介護老人福祉施設】さいたま市中央区新中里２－８－６", "url": "https://www.kaigokensaku.mhlw.go.jp/11/index.php?action_kouhyou_detail_004_kani=true&JigyosyoCd=1171500117-00&ServiceCd=510&Type=search", "url2": "https://kirishiki.org/" }, "geometry": { "type": "Point", "coordinates": [ 139.633929896295172, 35.871919622497337 ] } },
{ "type": "Feature", "properties": { "内容": "指定介護老人福祉施設　ユニット型きりしき【介護老人福祉施設】埼玉県さいたま市中央区新中里2-8-6", "url": "https://www.kaigokensaku.mhlw.go.jp/11/index.php?action_kouhyou_detail_004_kani=true&JigyosyoCd=1176512588-00&ServiceCd=510&Type=search", "url2": "http://kirishiki.org/" }, "geometry": { "type": "Point", "coordinates": [ 139.633860158860784, 35.871923969440296 ] } },
{ "type": "Feature", "properties": { "内容": "特別養護老人ホーム　さいたまロイヤルの園【介護老人福祉施設】埼玉県さいたま市桜区大字五関３９６番地２", "url": "https://www.kaigokensaku.mhlw.go.jp/11/index.php?action_kouhyou_detail_004_kani=true&JigyosyoCd=1176506069-00&ServiceCd=510&Type=search", "url2": "http://www.wam-town.jp/saitama/" }, "geometry": { "type": "Point", "coordinates": [ 139.595542099999989, 35.8663717 ] } },
{ "type": "Feature", "properties": { "内容": "介護老人福祉施設ブエナビスタ【介護老人福祉施設】西堀4-8-24", "url": "https://www.kaigokensaku.mhlw.go.jp/11/index.php?action_kouhyou_detail_004_kani=true&JigyosyoCd=1176514782-00&ServiceCd=510&Type=search", "url2": "http://www.sawarabikai.net/" }, "geometry": { "type": "Point", "coordinates": [ 139.626184200000012, 35.8522243 ] } },
{ "type": "Feature", "properties": { "内容": "特別養護老人ホーム夢眠さくら【介護老人福祉施設】埼玉県さいたま市桜区町谷2-7-18", "url": "https://www.kaigokensaku.mhlw.go.jp/11/index.php?action_kouhyou_detail_004_kani=true&JigyosyoCd=1176515730-00&ServiceCd=510&Type=search", "url2": "http://www.kinkousya.jp/sakura/" }, "geometry": { "type": "Point", "coordinates": [ 139.619801300000063, 35.85929 ] } },
{ "type": "Feature", "properties": { "内容": "特別養護老人ホーム彩寿苑【介護老人福祉施設】さいたま市桜区宿４００番地", "url": "https://www.kaigokensaku.mhlw.go.jp/11/index.php?action_kouhyou_detail_004_kani=true&JigyosyoCd=1170100646-00&ServiceCd=510&Type=search", "url2": "http://www.urawanosato.com" }, "geometry": { "type": "Point", "coordinates": [ 139.592939200000046, 35.8742179 ] } },
{ "type": "Feature", "properties": { "内容": "浦和ふれあいの里【介護老人福祉施設】さいたま市浦和区領家6-10-7", "url": "https://www.kaigokensaku.mhlw.go.jp/11/index.php?action_kouhyou_detail_004_kani=true&JigyosyoCd=1176511382-00&ServiceCd=510&Type=search", "url2": "www.anshin.or.jp" }, "geometry": { "type": "Point", "coordinates": [ 139.648064699999964, 35.8803269 ] } },
{ "type": "Feature", "properties": { "内容": "特別養護老人ホームフォレスト浦和【介護老人福祉施設】埼玉県さいたま市浦和区常盤8-15-9", "url": "https://www.kaigokensaku.mhlw.go.jp/11/index.php?action_kouhyou_detail_004_kani=true&JigyosyoCd=1176517447-00&ServiceCd=510&Type=search", "url2": "https://www.fullhope.jp/forest_urawa/" }, "geometry": { "type": "Point", "coordinates": [ 139.642238, 35.864015 ] } },
{ "type": "Feature", "properties": { "内容": "特別養護老人ホームたいようの杜【介護老人福祉施設】埼玉県さいたま市浦和区常盤8-17-9", "url": "https://www.kaigokensaku.mhlw.go.jp/11/index.php?action_kouhyou_detail_004_kani=true&JigyosyoCd=1176518155-00&ServiceCd=510&Type=search", "url2": "https://taiyounomori.marehoikuen.com/" }, "geometry": { "type": "Point", "coordinates": [ 139.641622599999977, 35.863898700000014 ] } },
{ "type": "Feature", "properties": { "内容": "特別養護老人ホームけやきホームズ【介護老人福祉施設】埼玉県さいたま市南区鹿手袋７－１３－４", "url": "https://www.kaigokensaku.mhlw.go.jp/11/index.php?action_kouhyou_detail_004_kani=true&JigyosyoCd=1176501334-00&ServiceCd=510&Type=search", "url2": "http://www.koyuzinkai.com" }, "geometry": { "type": "Point", "coordinates": [ 139.635411299999987, 35.8471 ] } },
{ "type": "Feature", "properties": { "内容": "特別養護老人ホーム　埼玉さくらんぼⅠ番館【介護老人福祉施設】埼玉県さいたま市南区大字太田窪３５０４－３", "url": "https://www.kaigokensaku.mhlw.go.jp/11/index.php?action_kouhyou_detail_004_kani=true&JigyosyoCd=1176511424-00&ServiceCd=510&Type=search", "url2": "http://www.keijuen.or.jp" }, "geometry": { "type": "Point", "coordinates": [ 139.6764657, 35.8562413 ] } },
{ "type": "Feature", "properties": { "内容": "特別養護老人ホーム　こもれびの丘【介護老人福祉施設】埼玉県さいたま市南区広ヶ谷戸130－1", "url": "https://www.kaigokensaku.mhlw.go.jp/11/index.php?action_kouhyou_detail_004_kani=true&JigyosyoCd=1176513917-00&ServiceCd=510&Type=search", "url2": "http://junseikai.org/komorebi/" }, "geometry": { "type": "Point", "coordinates": [ 139.684562, 35.8637683 ] } },
{ "type": "Feature", "properties": { "内容": "特別養護老人ホーム　みょうばなの杜【介護老人福祉施設】埼玉県さいたま市南区大谷口2474番地3", "url": "https://www.kaigokensaku.mhlw.go.jp/11/index.php?action_kouhyou_detail_004_kani=true&JigyosyoCd=1176512711-00&ServiceCd=510&Type=search", "url2": "http://www.niizafukushikai.com" }, "geometry": { "type": "Point", "coordinates": [ 139.689409958149753, 35.860405540448966 ] } },
{ "type": "Feature", "properties": { "内容": "特別養護老人ホーム　あすなろの郷浦和【介護老人福祉施設】埼玉県さいたま市緑区大字三室3029-3", "url": "https://www.kaigokensaku.mhlw.go.jp/11/index.php?action_kouhyou_detail_004_kani=true&JigyosyoCd=1176512729-00&ServiceCd=510&Type=search", "url2": "https://www.asunarokai.or.jp/" }, "geometry": { "type": "Point", "coordinates": [ 139.690503175932349, 35.891154055293981 ] } },
{ "type": "Feature", "properties": { "内容": "特別養護老人ホームあけみ苑【介護老人福祉施設】さいたま市緑区原山4丁目18番地9号", "url": "https://www.kaigokensaku.mhlw.go.jp/11/index.php?action_kouhyou_detail_004_kani=true&JigyosyoCd=1176516431-00&ServiceCd=510&Type=search", "url2": "http://www.hakukokai.jp/" }, "geometry": { "type": "Point", "coordinates": [ 139.6745837502624, 35.869184901303434 ] } },
{ "type": "Feature", "properties": { "内容": "特別養護老人ホームみさき苑【介護老人福祉施設】埼玉県さいたま市緑区美園２－１６－１", "url": "https://www.kaigokensaku.mhlw.go.jp/11/index.php?action_kouhyou_detail_004_kani=true&JigyosyoCd=1176520409-00&ServiceCd=510&Type=search", "url2": "https://www.bikokai.com" }, "geometry": { "type": "Point", "coordinates": [ 139.721887200000026, 35.9006302 ] } },
{ "type": "Feature", "properties": { "内容": "特別養護老人ホーム　浦和みやびの郷【介護老人福祉施設】埼玉県さいたま市緑区大字三室1712", "url": "https://www.kaigokensaku.mhlw.go.jp/11/index.php?action_kouhyou_detail_004_kani=true&JigyosyoCd=1176516449-00&ServiceCd=510&Type=search", "url2": "http://keiaikai-j.jp" }, "geometry": { "type": "Point", "coordinates": [ 139.680284, 35.8837491 ] } },
{ "type": "Feature", "properties": { "内容": "特別養護老人ホームリバティハウス【介護老人福祉施設】埼玉県さいたま市緑区松木３－２９－５", "url": "https://www.kaigokensaku.mhlw.go.jp/11/index.php?action_kouhyou_detail_004_kani=true&JigyosyoCd=1170100612-00&ServiceCd=510&Type=search", "url2": "www.liberty-swc.or.jp" }, "geometry": { "type": "Point", "coordinates": [ 139.690380299999987, 35.8836631 ] } },
{ "type": "Feature", "properties": { "内容": "特別養護老人ホームリバティハウス新館【介護老人福祉施設】埼玉県さいたま市緑区松木３－２９－５", "url": "https://www.kaigokensaku.mhlw.go.jp/11/index.php?action_kouhyou_detail_004_kani=true&JigyosyoCd=1176512703-00&ServiceCd=510&Type=search", "url2": "www.liberty-swc.or.jp" }, "geometry": { "type": "Point", "coordinates": [ 139.690380299999987, 35.8836631 ] } },
{ "type": "Feature", "properties": { "内容": "浦和しぶや苑【介護老人福祉施設】埼玉県さいたま市緑区中尾925", "url": "https://www.kaigokensaku.mhlw.go.jp/11/index.php?action_kouhyou_detail_004_kani=true&JigyosyoCd=1170100596-00&ServiceCd=510&Type=search", "url2": "https://www.urawashibuyaen.com/" }, "geometry": { "type": "Point", "coordinates": [ 139.681895700000013, 35.8748458 ] } },
{ "type": "Feature", "properties": { "内容": "特別養護老人ホーム　スマイルハウス【介護老人福祉施設】埼玉県さいたま市緑区大字大崎字北口2160番地", "url": "https://www.kaigokensaku.mhlw.go.jp/11/index.php?action_kouhyou_detail_004_kani=true&JigyosyoCd=1170100620-00&ServiceCd=510&Type=search", "url2": "http://www.smile-house.or.jp/" }, "geometry": { "type": "Point", "coordinates": [ 139.705778399999986, 35.8887045 ] } },
{ "type": "Feature", "properties": { "内容": "白寿園【介護老人福祉施設】埼玉県さいたま市緑区寺山１５７番地", "url": "https://www.kaigokensaku.mhlw.go.jp/11/index.php?action_kouhyou_detail_004_kani=true&JigyosyoCd=1170100604-00&ServiceCd=510&Type=search", "url2": "http://www.hakujuen1800.jp/" }, "geometry": { "type": "Point", "coordinates": [ 139.710671600000069, 35.9045752 ] } },
{ "type": "Feature", "properties": { "内容": "特別養護老人ホーム　フレシール岩槻【介護老人福祉施設】埼玉県さいたま市岩槻区大字加倉字坂下１９０番", "url": "https://www.kaigokensaku.mhlw.go.jp/11/index.php?action_kouhyou_detail_004_kani=true&JigyosyoCd=1176514790-00&ServiceCd=510&Type=search", "url2": "http://www.watarisuzuranen.jp/iwatsuki" }, "geometry": { "type": "Point", "coordinates": [ 139.684876, 35.9382862 ] } },
{ "type": "Feature", "properties": { "内容": "松鶴園【介護老人福祉施設】さいたま市岩槻区大字古ヶ場１１番地", "url": "https://www.kaigokensaku.mhlw.go.jp/11/index.php?action_kouhyou_detail_004_kani=true&JigyosyoCd=1170700205-00&ServiceCd=510&Type=search", "url2": "https://syoukakuen.jp/" }, "geometry": { "type": "Point", "coordinates": [ 139.690031800000042, 35.9781041 ] } },
{ "type": "Feature", "properties": { "内容": "介護老人福祉施設　ひなの杜【介護老人福祉施設】さいたま市岩槻区裏慈恩寺51-1", "url": "https://www.kaigokensaku.mhlw.go.jp/11/index.php?action_kouhyou_detail_004_kani=true&JigyosyoCd=1176507463-00&ServiceCd=510&Type=search", "url2": "http://www.harunoki.or.jp/mori/" }, "geometry": { "type": "Point", "coordinates": [ 139.7014057, 35.9789262 ] } },
{ "type": "Feature", "properties": { "内容": "ケアセンター岩槻名栗園【介護老人福祉施設】さいたま市岩槻区諏訪三丁目2-2", "url": "https://www.kaigokensaku.mhlw.go.jp/11/index.php?action_kouhyou_detail_004_kani=true&JigyosyoCd=1176506739-00&ServiceCd=510&Type=search", "url2": "http://www.nagurien.or.jp" }, "geometry": { "type": "Point", "coordinates": [ 139.707850199999939, 35.9675975 ] } },
{ "type": "Feature", "properties": { "内容": "特別養護老人ホームまごめ遊美園【介護老人福祉施設】埼玉県さいたま市岩槻区大字馬込1318-1", "url": "https://www.kaigokensaku.mhlw.go.jp/11/index.php?action_kouhyou_detail_004_kani=true&JigyosyoCd=1176510285-00&ServiceCd=510&Type=search", "url2": "https://magome.secure.idchosting.jp/yuukoukai/magome/index.html" }, "geometry": { "type": "Point", "coordinates": [ 139.660424499999976, 35.9712795 ] } },
{ "type": "Feature", "properties": { "内容": "介護老人福祉施設　さいたましあわせの里【介護老人福祉施設】さいたま市岩槻区裏慈恩寺１１５３－１", "url": "https://www.kaigokensaku.mhlw.go.jp/11/index.php?action_kouhyou_detail_004_kani=true&JigyosyoCd=1176509162-00&ServiceCd=510&Type=search", "url2": "https://anshinkai-gr.jp" }, "geometry": { "type": "Point", "coordinates": [ 139.71305689999997, 35.9884609 ] } },
{ "type": "Feature", "properties": { "内容": "特別養護老人ホーム　彩幸の杜【介護老人福祉施設】埼玉県さいたま市岩槻区増長378番地1", "url": "https://www.kaigokensaku.mhlw.go.jp/11/index.php?action_kouhyou_detail_004_kani=true&JigyosyoCd=1176508214-00&ServiceCd=510&Type=search", "url2": "http://www.taikoukai.or.jp" }, "geometry": { "type": "Point", "coordinates": [ 139.745076884871139, 35.948498819090155 ] } },
{ "type": "Feature", "properties": { "内容": "特別養護老人ホームゆいの杜【介護老人福祉施設】埼玉県さいたま市岩槻区加倉4-15-6", "url": "https://www.kaigokensaku.mhlw.go.jp/11/index.php?action_kouhyou_detail_004_kani=true&JigyosyoCd=1176516456-00&ServiceCd=510&Type=search", "url2": "http://yuinomori.jp/" }, "geometry": { "type": "Point", "coordinates": [ 139.693225200000029, 35.941620200000017 ] } },
{ "type": "Feature", "properties": { "内容": "特別養護老人ホーム白鶴ホーム【介護老人福祉施設】さいたま市岩槻区宮町１丁目５番１２号", "url": "https://www.kaigokensaku.mhlw.go.jp/11/index.php?action_kouhyou_detail_004_kani=true&JigyosyoCd=1170700197-00&ServiceCd=510&Type=search", "url2": "http://www.hakutsuru.or.jp/" }, "geometry": { "type": "Point", "coordinates": [ 139.698365400000057, 35.9586181 ] } },
{ "type": "Feature", "properties": { "内容": "特別養護老人ホーム　千年の里【介護老人福祉施設】埼玉県さいたま市岩槻区宮町1丁目10番12号", "url": "https://www.kaigokensaku.mhlw.go.jp/11/index.php?action_kouhyou_detail_004_kani=true&JigyosyoCd=1176515748-00&ServiceCd=510&Type=search", "url2": "http://www.sennen-sato.jp/" }, "geometry": { "type": "Point", "coordinates": [ 139.699532034393314, 35.957564394198926 ] } },
{ "type": "Feature", "properties": { "内容": "特別養護老人ホーム　やまぶきの里【介護老人福祉施設】埼玉県さいたま市岩槻区東岩槻２－２－２０", "url": "https://www.kaigokensaku.mhlw.go.jp/11/index.php?action_kouhyou_detail_004_kani=true&JigyosyoCd=1170700213-00&ServiceCd=510&Type=search", "url2": "http://yamabuki.imwg.jp/yamabuki/" }, "geometry": { "type": "Point", "coordinates": [ 139.7095974, 35.9645313 ] } },
{ "type": "Feature", "properties": { "内容": "特別養護老人ホーム　しらさぎ【介護老人福祉施設】さいたま市岩槻区南下新井１５３８－７", "url": "https://www.kaigokensaku.mhlw.go.jp/11/index.php?action_kouhyou_detail_004_kani=true&JigyosyoCd=1176509279-00&ServiceCd=510&Type=search", "url2": "http://www.shirasagi-care.com" }, "geometry": { "type": "Point", "coordinates": [ 139.715075699999943, 35.9341662 ] } },
{ "type": "Feature", "properties": { "内容": "岩槻まきば園【介護老人福祉施設】さいたま市岩槻区横根１３７５", "url": "https://www.kaigokensaku.mhlw.go.jp/11/index.php?action_kouhyou_detail_004_kani=true&JigyosyoCd=1170700700-00&ServiceCd=510&Type=search", "url2": "http://www.makibaen.com" }, "geometry": { "type": "Point", "coordinates": [ 139.706593800000064, 35.921523 ] } },
{ "type": "Feature", "properties": { "内容": "特別養護老人ホーム清風園川越【介護老人福祉施設】埼玉県川越市今福1469-47", "url": "https://www.kaigokensaku.mhlw.go.jp/11/index.php?action_kouhyou_detail_004_kani=true&JigyosyoCd=1170405268-00&ServiceCd=510&Type=search", "url2": "https://s-f-e.jp/wp/home/seifuuen_kawagoe/" }, "geometry": { "type": "Point", "coordinates": [ 139.4818052, 35.8893536 ] } },
{ "type": "Feature", "properties": { "内容": "社会福祉法人　芳清会　特別養護老人ホーム　八瀬の里【介護老人福祉施設】埼玉県川越市大字増形164番地", "url": "https://www.kaigokensaku.mhlw.go.jp/11/index.php?action_kouhyou_detail_004_kani=true&JigyosyoCd=1170401788-00&ServiceCd=510&Type=search", "url2": "http://www.houseikai-y.jp/" }, "geometry": { "type": "Point", "coordinates": [ 139.436178899999959, 35.8907319 ] } },
{ "type": "Feature", "properties": { "内容": "特別養護老人ホーム　ここしあ【介護老人福祉施設】小ヶ谷88番地", "url": "https://www.kaigokensaku.mhlw.go.jp/11/index.php?action_kouhyou_detail_004_kani=true&JigyosyoCd=1170404758-00&ServiceCd=510&Type=search", "url2": "https://www.cocoscia.com/" }, "geometry": { "type": "Point", "coordinates": [ 139.455551600000035, 35.915129 ] } },
{ "type": "Feature", "properties": { "内容": "みどりのまち親愛【介護老人福祉施設】埼玉県川越市中台南２丁目１５番地１０", "url": "https://www.kaigokensaku.mhlw.go.jp/11/index.php?action_kouhyou_detail_004_kani=true&JigyosyoCd=1170404212-00&ServiceCd=510&Type=search", "url2": "www.sinaikai.or.jp" }, "geometry": { "type": "Point", "coordinates": [ 139.463793521659909, 35.880853038132301 ] } },
{ "type": "Feature", "properties": { "内容": "特別養護老人ホーム　すみれの里・川越【介護老人福祉施設】川越市古谷本郷1487-1", "url": "https://www.kaigokensaku.mhlw.go.jp/11/index.php?action_kouhyou_detail_004_kani=true&JigyosyoCd=1170400236-00&ServiceCd=510&Type=search", "url2": "http://www.kawatsuru-g.jp" }, "geometry": { "type": "Point", "coordinates": [ 139.55272617780156, 35.90149082658229 ] } },
{ "type": "Feature", "properties": { "内容": "特別養護老人ホーム　蔵の町・川越【介護老人福祉施設】埼玉県川越市末広町1丁目2番１", "url": "https://www.kaigokensaku.mhlw.go.jp/11/index.php?action_kouhyou_detail_004_kani=true&JigyosyoCd=1170401713-00&ServiceCd=510&Type=search", "url2": "https://www.kawatsuru-g.jp" }, "geometry": { "type": "Point", "coordinates": [ 139.47908, 35.9214871 ] } },
{ "type": "Feature", "properties": { "内容": "特別養護老人ホーム陽光園【介護老人福祉施設】川越市大字砂新田454番地", "url": "https://www.kaigokensaku.mhlw.go.jp/11/index.php?action_kouhyou_detail_004_kani=true&JigyosyoCd=1170400251-00&ServiceCd=510&Type=search", "url2": "http://www.youkouen.or.jp/" }, "geometry": { "type": "Point", "coordinates": [ 139.489264100000014, 35.8830009 ] } },
{ "type": "Feature", "properties": { "内容": "特別養護老人ホームぽぷらの樹【介護老人福祉施設】川越市大字牛子字東町７０８番地１", "url": "https://www.kaigokensaku.mhlw.go.jp/11/index.php?action_kouhyou_detail_004_kani=true&JigyosyoCd=1170400244-00&ServiceCd=510&Type=search", "url2": "https://seihoukai.jpn.org/" }, "geometry": { "type": "Point", "coordinates": [ 139.506811800000037, 35.8928724 ] } },
{ "type": "Feature", "properties": { "内容": "介護老人福祉施設　小江戸の庭【介護老人福祉施設】埼玉県川越市大字小仙波823-1", "url": "https://www.kaigokensaku.mhlw.go.jp/11/index.php?action_kouhyou_detail_004_kani=true&JigyosyoCd=1170402562-00&ServiceCd=510&Type=search", "url2": "http://www.junseikai.org/sisetuctrl.html" }, "geometry": { "type": "Point", "coordinates": [ 139.504114, 35.9168163 ] } },
{ "type": "Feature", "properties": { "内容": "真正会介護老人福祉施設真寿園【介護老人福祉施設】埼玉県川越市安比奈新田292-1", "url": "https://www.kaigokensaku.mhlw.go.jp/11/index.php?action_kouhyou_detail_004_kani=true&JigyosyoCd=1170400269-00&ServiceCd=510&Type=search", "url2": "http://www.shinjukai.or.jp" }, "geometry": { "type": "Point", "coordinates": [ 139.418041200000062, 35.9007718 ] } },
{ "type": "Feature", "properties": { "内容": "川越キングス・ガーデン【介護老人福祉施設】川越市大字天沼新田247番地２", "url": "https://www.kaigokensaku.mhlw.go.jp/11/index.php?action_kouhyou_detail_004_kani=true&JigyosyoCd=1170400228-00&ServiceCd=510&Type=search", "url2": "http://www.kawagoekg.or.jp/" }, "geometry": { "type": "Point", "coordinates": [ 139.430480857176548, 35.938288632495997 ] } },
{ "type": "Feature", "properties": { "内容": "特別養護老人ホーム　みなみかぜ【介護老人福祉施設】埼玉県川越市大字吉田２０４番地２", "url": "https://www.kaigokensaku.mhlw.go.jp/11/index.php?action_kouhyou_detail_004_kani=true&JigyosyoCd=1170400277-00&ServiceCd=510&Type=search", "url2": "http://minamikaze.or.jp/" }, "geometry": { "type": "Point", "coordinates": [ 139.426018800000065, 35.9286754 ] } },
{ "type": "Feature", "properties": { "内容": "特別養護老人ホーム　アイリス弐番館【介護老人福祉施設】埼玉県川越市山田１５２６－１", "url": "https://www.kaigokensaku.mhlw.go.jp/11/index.php?action_kouhyou_detail_004_kani=true&JigyosyoCd=1170403909-00&ServiceCd=510&Type=search", "url2": "http://fukuto21.or.ne.jp" }, "geometry": { "type": "Point", "coordinates": [ 139.481739163537668, 35.944771573097164 ] } },
{ "type": "Feature", "properties": { "内容": "特別養護老人ホームアイリス【介護老人福祉施設】川越市府川２４３－２", "url": "https://www.kaigokensaku.mhlw.go.jp/11/index.php?action_kouhyou_detail_004_kani=true&JigyosyoCd=1170400939-00&ServiceCd=510&Type=search", "url2": "http://fukuto21.or.jp" }, "geometry": { "type": "Point", "coordinates": [ 139.48212060000003, 35.9444365 ] } },
{ "type": "Feature", "properties": { "内容": "特別養護老人ホームやすらーじゅ瑞穂【介護老人福祉施設】埼玉県川越市渋井219", "url": "https://www.kaigokensaku.mhlw.go.jp/11/index.php?action_kouhyou_detail_004_kani=true&JigyosyoCd=1170404832-00&ServiceCd=510&Type=search", "url2": "http://www.sakura-mizuhokai.or.jp/yasuraju-mizuho/" }, "geometry": { "type": "Point", "coordinates": [ 139.531673899999987, 35.8819495 ] } },
{ "type": "Feature", "properties": { "内容": "特別養護老人ホーム　虹の郷【介護老人福祉施設】埼玉県熊谷市野原461-3", "url": "https://www.kaigokensaku.mhlw.go.jp/11/index.php?action_kouhyou_detail_004_kani=true&JigyosyoCd=1174500379-00&ServiceCd=510&Type=search", "url2": "http://www.totinomikai.or.jp/" }, "geometry": { "type": "Point", "coordinates": [ 139.360362099999946, 36.1018982 ] } },
{ "type": "Feature", "properties": { "内容": "特別養護老人ホーム　まごころの里【介護老人福祉施設】埼玉県熊谷市村岡50番地", "url": "https://www.kaigokensaku.mhlw.go.jp/11/index.php?action_kouhyou_detail_004_kani=true&JigyosyoCd=1173103035-00&ServiceCd=510&Type=search", "url2": "http://www.banshokai.com" }, "geometry": { "type": "Point", "coordinates": [ 139.376487336999475, 36.119665625882547 ] } },
{ "type": "Feature", "properties": { "内容": "特別養護老人ホーム永寿苑【介護老人福祉施設】熊谷市西別府１５９９－５", "url": "https://www.kaigokensaku.mhlw.go.jp/11/index.php?action_kouhyou_detail_004_kani=true&JigyosyoCd=1173100213-00&ServiceCd=510&Type=search", "url2": "http://www.eijuen.jp/" }, "geometry": { "type": "Point", "coordinates": [ 139.331673899999942, 36.1915871 ] } },
{ "type": "Feature", "properties": { "内容": "いずみ熊谷【介護老人福祉施設】埼玉県熊谷市平戸212-1", "url": "https://www.kaigokensaku.mhlw.go.jp/11/index.php?action_kouhyou_detail_004_kani=true&JigyosyoCd=1173102441-00&ServiceCd=510&Type=search", "url2": "http://www.oh-izumi.or.jp/kumagaya/" }, "geometry": { "type": "Point", "coordinates": [ 139.412411300000031, 36.1439857 ] } },
{ "type": "Feature", "properties": { "内容": "特別養護老人ホームはなぶさ苑【介護老人福祉施設】埼玉県熊谷市玉井３４６番地１", "url": "https://www.kaigokensaku.mhlw.go.jp/11/index.php?action_kouhyou_detail_004_kani=true&JigyosyoCd=1173100221-00&ServiceCd=510&Type=search", "url2": "http://hanabusaen.com" }, "geometry": { "type": "Point", "coordinates": [ 139.353007330186557, 36.170699762596442 ] } },
{ "type": "Feature", "properties": { "内容": "特別養護老人ホームはなぶさ苑（ユニット型）【介護老人福祉施設】埼玉県熊谷市玉井346番地1", "url": "https://www.kaigokensaku.mhlw.go.jp/11/index.php?action_kouhyou_detail_004_kani=true&JigyosyoCd=1173138700-00&ServiceCd=510&Type=search", "url2": "http://hanabusaen.com" }, "geometry": { "type": "Point", "coordinates": [ 139.352985295870013, 36.170697494728408 ] } },
{ "type": "Feature", "properties": { "内容": "日本赤十字社埼玉県支部特別養護老人ホーム彩華園【介護老人福祉施設】埼玉県熊谷市上川上２６６", "url": "https://www.kaigokensaku.mhlw.go.jp/11/index.php?action_kouhyou_detail_004_kani=true&JigyosyoCd=1173100981-00&ServiceCd=510&Type=search", "url2": "http://park16.wakwak.com/~saikaen/" }, "geometry": { "type": "Point", "coordinates": [ 139.414936799999964, 36.166706 ] } },
{ "type": "Feature", "properties": { "内容": "特別養護老人ホームルーエ【介護老人福祉施設】埼玉県熊谷市川原明戸471-3", "url": "https://www.kaigokensaku.mhlw.go.jp/11/index.php?action_kouhyou_detail_004_kani=true&JigyosyoCd=1173102417-00&ServiceCd=510&Type=search", "url2": "https://asanohakai.or.jp" }, "geometry": { "type": "Point", "coordinates": [ 139.3157294, 36.141906 ] } },
{ "type": "Feature", "properties": { "内容": "介護老人福祉施設熊谷ホーム【介護老人福祉施設】埼玉県熊谷市新堀1140番地", "url": "https://www.kaigokensaku.mhlw.go.jp/11/index.php?action_kouhyou_detail_004_kani=true&JigyosyoCd=1173101773-00&ServiceCd=510&Type=search", "url2": "http://www.shouninkai.com" }, "geometry": { "type": "Point", "coordinates": [ 139.319800100000066, 36.1744413 ] } },
{ "type": "Feature", "properties": { "内容": "特別養護老人ホーム　玉の緒【介護老人福祉施設】埼玉県熊谷市大塚１７９番地２", "url": "https://www.kaigokensaku.mhlw.go.jp/11/index.php?action_kouhyou_detail_004_kani=true&JigyosyoCd=1173100205-00&ServiceCd=510&Type=search", "url2": "http://www.tamanoo.jp" }, "geometry": { "type": "Point", "coordinates": [ 139.419749899999942, 36.167431 ] } },
{ "type": "Feature", "properties": { "内容": "特別養護老人ホーム　愛心園【介護老人福祉施設】埼玉県熊谷市上根２６８番地", "url": "https://www.kaigokensaku.mhlw.go.jp/11/index.php?action_kouhyou_detail_004_kani=true&JigyosyoCd=1174500361-00&ServiceCd=510&Type=search", "url2": "http://aisinen.com/" }, "geometry": { "type": "Point", "coordinates": [ 139.381591299999968, 36.2138411 ] } },
{ "type": "Feature", "properties": { "内容": "立正たちばなホーム【介護老人福祉施設】熊谷市万吉１７５６－１３０", "url": "https://www.kaigokensaku.mhlw.go.jp/11/index.php?action_kouhyou_detail_004_kani=true&JigyosyoCd=1173100197-00&ServiceCd=510&Type=search", "url2": "https://www.risshotachibana.or.jp" }, "geometry": { "type": "Point", "coordinates": [ 139.365917099999933, 36.1116996 ] } },
{ "type": "Feature", "properties": { "内容": "特別養護老人ホーム　サンヴィレッジ【介護老人福祉施設】埼玉県熊谷市津田１５６０－１", "url": "https://www.kaigokensaku.mhlw.go.jp/11/index.php?action_kouhyou_detail_004_kani=true&JigyosyoCd=1174500312-00&ServiceCd=510&Type=search", "url2": "http://www.seifu-kai.or.jp" }, "geometry": { "type": "Point", "coordinates": [ 139.425654200000054, 36.0952205 ] } },
{ "type": "Feature", "properties": { "内容": "特別養護老人ホーム　熊谷めぬまの郷【介護老人福祉施設】埼玉県熊谷市飯塚1398-1", "url": "https://www.kaigokensaku.mhlw.go.jp/11/index.php?action_kouhyou_detail_004_kani=true&JigyosyoCd=1173103548-00&ServiceCd=510&Type=search", "url2": "https://umedafukushikai.com/menuma/" }, "geometry": { "type": "Point", "coordinates": [ 139.350689, 36.21739 ] } },
{ "type": "Feature", "properties": { "内容": "特別養護老人ホーム　のぞみの里【介護老人福祉施設】埼玉県熊谷市拾六間２９９－１", "url": "https://www.kaigokensaku.mhlw.go.jp/11/index.php?action_kouhyou_detail_004_kani=true&JigyosyoCd=1173101468-00&ServiceCd=510&Type=search", "url2": "https://www.nozomi99.com/" }, "geometry": { "type": "Point", "coordinates": [ 139.3236862, 36.1668283 ] } },
{ "type": "Feature", "properties": { "内容": "特別養護老人ホーム　第2春香苑【介護老人福祉施設】埼玉県川口市末広3-4-13", "url": "https://www.kaigokensaku.mhlw.go.jp/11/index.php?action_kouhyou_detail_004_kani=true&JigyosyoCd=1170208019-00&ServiceCd=510&Type=search", "url2": "http://www.suehirokai.com" }, "geometry": { "type": "Point", "coordinates": [ 139.740728, 35.8074996 ] } },
{ "type": "Feature", "properties": { "内容": "介護老人福祉施設　川口かがやきの里【介護老人福祉施設】埼玉県川口市西新井宿１０６５－１", "url": "https://www.kaigokensaku.mhlw.go.jp/11/index.php?action_kouhyou_detail_004_kani=true&JigyosyoCd=1170203838-00&ServiceCd=510&Type=search", "url2": "http://www.anshin.or.jp/" }, "geometry": { "type": "Point", "coordinates": [ 139.729855499999985, 35.8512034 ] } },
{ "type": "Feature", "properties": { "内容": "タムスさくらの杜新井宿【介護老人福祉施設】新井宿250-1", "url": "https://www.kaigokensaku.mhlw.go.jp/11/index.php?action_kouhyou_detail_004_kani=true&JigyosyoCd=1170209272-00&ServiceCd=510&Type=search", "url2": "https://araijuku.sakuranomori.tums.jp/" }, "geometry": { "type": "Point", "coordinates": [ 139.738154411315918, 35.847943611831475 ] } },
{ "type": "Feature", "properties": { "内容": "タムスさくらの杜新井宿【介護老人福祉施設】新井宿250-1", "url": "https://www.kaigokensaku.mhlw.go.jp/11/index.php?action_kouhyou_detail_004_kani=true&JigyosyoCd=1170209280-00&ServiceCd=510&Type=search", "url2": "https://araijuku.sakuranomori.tums.jp/" }, "geometry": { "type": "Point", "coordinates": [ 139.738147127261357, 35.847910905391686 ] } },
{ "type": "Feature", "properties": { "内容": "特別養護老人ホーム　さざんかの郷【介護老人福祉施設】埼玉県川口市新井宿824", "url": "https://www.kaigokensaku.mhlw.go.jp/11/index.php?action_kouhyou_detail_004_kani=true&JigyosyoCd=1170208860-00&ServiceCd=510&Type=search", "url2": "http://www.1234.gr.jp/sazanka/" }, "geometry": { "type": "Point", "coordinates": [ 139.730161759524549, 35.842627842172448 ] } },
{ "type": "Feature", "properties": { "内容": "特別養護老人ホーム香の里【介護老人福祉施設】埼玉県川口市安行小山456番地", "url": "https://www.kaigokensaku.mhlw.go.jp/11/index.php?action_kouhyou_detail_004_kani=true&JigyosyoCd=1170208043-00&ServiceCd=510&Type=search", "url2": "https://kounosato.jp/" }, "geometry": { "type": "Point", "coordinates": [ 139.775751263893198, 35.83600728263032 ] } },
{ "type": "Feature", "properties": { "内容": "特別養護老人ホーム　さくらの里【介護老人福祉施設】埼玉県川口市峯８８８番地１", "url": "https://www.kaigokensaku.mhlw.go.jp/11/index.php?action_kouhyou_detail_004_kani=true&JigyosyoCd=1170205213-00&ServiceCd=510&Type=search", "url2": "shirobatokai．com" }, "geometry": { "type": "Point", "coordinates": [ 139.771782799999983, 35.8316855 ] } },
{ "type": "Feature", "properties": { "内容": "特別養護老人ホーム　春香苑【介護老人福祉施設】埼玉県川口市末広3-3-30", "url": "https://www.kaigokensaku.mhlw.go.jp/11/index.php?action_kouhyou_detail_004_kani=true&JigyosyoCd=1170203556-00&ServiceCd=510&Type=search", "url2": "http://www.suehirokai.com/" }, "geometry": { "type": "Point", "coordinates": [ 139.741947399999958, 35.8072413 ] } },
{ "type": "Feature", "properties": { "内容": "特別養護老人ホーム　かわぐちロイヤルの園【介護老人福祉施設】埼玉県川口市大字西立野４８番地", "url": "https://www.kaigokensaku.mhlw.go.jp/11/index.php?action_kouhyou_detail_004_kani=true&JigyosyoCd=1170205742-00&ServiceCd=510&Type=search", "url2": "http://www.wam-town.jp/kawaguchi/" }, "geometry": { "type": "Point", "coordinates": [ 139.752665990382411, 35.854105667571645 ] } },
{ "type": "Feature", "properties": { "内容": "特別養護老人ホーム　川口キングス・ガーデン【介護老人福祉施設】埼玉県川口市赤芝新田525-1", "url": "https://www.kaigokensaku.mhlw.go.jp/11/index.php?action_kouhyou_detail_004_kani=true&JigyosyoCd=1170203846-00&ServiceCd=510&Type=search", "url2": "kawaguchi-kg.com" }, "geometry": { "type": "Point", "coordinates": [ 139.749996047221344, 35.851181067684898 ] } },
{ "type": "Feature", "properties": { "内容": "総合ケアセンターリバー・イン【介護老人福祉施設】埼玉県川口市上青木５－５－５４", "url": "https://www.kaigokensaku.mhlw.go.jp/11/index.php?action_kouhyou_detail_004_kani=true&JigyosyoCd=1170201279-00&ServiceCd=510&Type=search", "url2": "https://nagurien.or.jp" }, "geometry": { "type": "Point", "coordinates": [ 139.7246093, 35.8314531 ] } },
{ "type": "Feature", "properties": { "内容": "特別養護老人ホーム　カーサ・川口【介護老人福祉施設】埼玉県川口市大字前野宿1-1", "url": "https://www.kaigokensaku.mhlw.go.jp/11/index.php?action_kouhyou_detail_004_kani=true&JigyosyoCd=1170208886-00&ServiceCd=510&Type=search", "url2": "https://www.casa-minano.com/index.php" }, "geometry": { "type": "Point", "coordinates": [ 139.756153318493631, 35.831657369138611 ] } },
{ "type": "Feature", "properties": { "内容": "特別養護老人ホーム　タムスさくらの杜川口【介護老人福祉施設】埼玉県川口市神戸539-5", "url": "https://www.kaigokensaku.mhlw.go.jp/11/index.php?action_kouhyou_detail_004_kani=true&JigyosyoCd=1170204695-00&ServiceCd=510&Type=search", "url2": "https://sakuranomori.or.jp/kawaguchi.php" }, "geometry": { "type": "Point", "coordinates": [ 139.728933707409624, 35.853076008095286 ] } },
{ "type": "Feature", "properties": { "内容": "特別養護老人ホーム　紫水苑【介護老人福祉施設】川口市大字石神1560-1", "url": "https://www.kaigokensaku.mhlw.go.jp/11/index.php?action_kouhyou_detail_004_kani=true&JigyosyoCd=1170200685-00&ServiceCd=510&Type=search", "url2": "http://shisuien.net/" }, "geometry": { "type": "Point", "coordinates": [ 139.742415299999948, 35.8557837 ] } },
{ "type": "Feature", "properties": { "内容": "特別養護老人ホーム　川口シニアセンター【介護老人福祉施設】川口市西新井宿1216-6", "url": "https://www.kaigokensaku.mhlw.go.jp/11/index.php?action_kouhyou_detail_004_kani=true&JigyosyoCd=1170203010-00&ServiceCd=510&Type=search", "url2": "http://www.kousei-sws.or.jp" }, "geometry": { "type": "Point", "coordinates": [ 139.736141, 35.8524451 ] } },
{ "type": "Feature", "properties": { "内容": "川口しあわせの里【介護老人福祉施設】埼玉県川口市安行領根岸字原山3763番地", "url": "https://www.kaigokensaku.mhlw.go.jp/11/index.php?action_kouhyou_detail_004_kani=true&JigyosyoCd=1170203200-00&ServiceCd=510&Type=search", "url2": "https://anshinkai-gr,jp/kenjyukai" }, "geometry": { "type": "Point", "coordinates": [ 139.729785365789809, 35.845170321670643 ] } },
{ "type": "Feature", "properties": { "内容": "介護老人福祉施設　春輝苑【介護老人福祉施設】埼玉県川口市青木３丁目２０番１５号", "url": "https://www.kaigokensaku.mhlw.go.jp/11/index.php?action_kouhyou_detail_004_kani=true&JigyosyoCd=1170201774-00&ServiceCd=510&Type=search", "url2": "http://www.syunkien.com" }, "geometry": { "type": "Point", "coordinates": [ 139.7290011, 35.8132593 ] } },
{ "type": "Feature", "properties": { "内容": "第二川口シニアセンター【介護老人福祉施設】埼玉県川口市西新井宿1193-1第二川口シニアセンター", "url": "https://www.kaigokensaku.mhlw.go.jp/11/index.php?action_kouhyou_detail_004_kani=true&JigyosyoCd=1170207524-00&ServiceCd=510&Type=search", "url2": "http://www.kousei-sws.or.jp" }, "geometry": { "type": "Point", "coordinates": [ 139.736135800000056, 35.8391383 ] } },
{ "type": "Feature", "properties": { "内容": "第二川口シニアセンター【介護老人福祉施設】埼玉県川口市西新井宿1193-1第二川口シニアセンター", "url": "https://www.kaigokensaku.mhlw.go.jp/11/index.php?action_kouhyou_detail_004_kani=true&JigyosyoCd=1170207532-00&ServiceCd=510&Type=search", "url2": "http://www.kousei-sws.or.jp" }, "geometry": { "type": "Point", "coordinates": [ 139.736135800000056, 35.8391383 ] } },
{ "type": "Feature", "properties": { "内容": "特別養護老人ホーム　親光【介護老人福祉施設】川口市西新井宿931", "url": "https://www.kaigokensaku.mhlw.go.jp/11/index.php?action_kouhyou_detail_004_kani=true&JigyosyoCd=1170204398-00&ServiceCd=510&Type=search", "url2": "https://www.1234.gr.jp/shinko/" }, "geometry": { "type": "Point", "coordinates": [ 139.735344, 35.847815 ] } },
{ "type": "Feature", "properties": { "内容": "川口市特別養護老人ホーム【介護老人福祉施設】埼玉県川口市大字赤井１０５５番地川口市高齢者総合福祉センターサンテピア", "url": "https://www.kaigokensaku.mhlw.go.jp/11/index.php?action_kouhyou_detail_004_kani=true&JigyosyoCd=1170203853-00&ServiceCd=510&Type=search", "url2": "http://www.fukushi-kawaguchi.jp/" }, "geometry": { "type": "Point", "coordinates": [ 139.749271614294457, 35.833833100495646 ] } },
{ "type": "Feature", "properties": { "内容": "特別養護老人ホーム　かわぐち翔裕園【介護老人福祉施設】埼玉県川口市赤芝新田１１４－１", "url": "https://www.kaigokensaku.mhlw.go.jp/11/index.php?action_kouhyou_detail_004_kani=true&JigyosyoCd=1170204133-00&ServiceCd=510&Type=search", "url2": "http://www.genkimuragroup.jp/genkimura/kawaguchi/" }, "geometry": { "type": "Point", "coordinates": [ 139.749020299999984, 35.8539036 ] } },
{ "type": "Feature", "properties": { "内容": "川口ほほえみの里【介護老人福祉施設】埼玉県川口市大字西新井宿980番地", "url": "https://www.kaigokensaku.mhlw.go.jp/11/index.php?action_kouhyou_detail_004_kani=true&JigyosyoCd=1170206880-00&ServiceCd=510&Type=search", "url2": "http://www.kenjyukai.or.jp/" }, "geometry": { "type": "Point", "coordinates": [ 139.733733383050549, 35.849778976183117 ] } },
{ "type": "Feature", "properties": { "内容": "介護老人福祉施設　マッシーテラス【介護老人福祉施設】川口市芝下1-1-36", "url": "https://www.kaigokensaku.mhlw.go.jp/11/index.php?action_kouhyou_detail_004_kani=true&JigyosyoCd=1170204174-00&ServiceCd=510&Type=search", "url2": "https://www.masujikai.or.jp/" }, "geometry": { "type": "Point", "coordinates": [ 139.7004058, 35.8358522 ] } },
{ "type": "Feature", "properties": { "内容": "介護老人福祉施設ベルホーム【介護老人福祉施設】埼玉県川口市辻９５８番地", "url": "https://www.kaigokensaku.mhlw.go.jp/11/index.php?action_kouhyou_detail_004_kani=true&JigyosyoCd=1172000174-00&ServiceCd=510&Type=search", "url2": "https://www.bellhome.jp/" }, "geometry": { "type": "Point", "coordinates": [ 139.73298090000003, 35.8282956 ] } },
{ "type": "Feature", "properties": { "内容": "特別養護老人ホーム　ひかり苑【介護老人福祉施設】埼玉県川口市坂下町４－１６－３", "url": "https://www.kaigokensaku.mhlw.go.jp/11/index.php?action_kouhyou_detail_004_kani=true&JigyosyoCd=1172000091-00&ServiceCd=510&Type=search", "url2": "www.hikarien-en.com" }, "geometry": { "type": "Point", "coordinates": [ 139.738861, 35.8256185 ] } },
{ "type": "Feature", "properties": { "内容": "特別養護老人ホーム　タムスさくらの杜道合【介護老人福祉施設】埼玉県川口市道合1318-1特別養護老人ホーム　タムスさくらの杜道合", "url": "https://www.kaigokensaku.mhlw.go.jp/11/index.php?action_kouhyou_detail_004_kani=true&JigyosyoCd=1170206906-00&ServiceCd=510&Type=search", "url2": "http://sakuranomori.or.jp/michiai.php" }, "geometry": { "type": "Point", "coordinates": [ 139.720065898564144, 35.849810418720047 ] } },
{ "type": "Feature", "properties": { "内容": "特別養護老人ホーム悠久の栖【介護老人福祉施設】大字道合937-1", "url": "https://www.kaigokensaku.mhlw.go.jp/11/index.php?action_kouhyou_detail_004_kani=true&JigyosyoCd=1170205957-00&ServiceCd=510&Type=search", "url2": "https://www.juseikai.org" }, "geometry": { "type": "Point", "coordinates": [ 139.7231339, 35.8503793 ] } },
{ "type": "Feature", "properties": { "内容": "特別養護老人ホーム　和楽苑【介護老人福祉施設】埼玉県川口市大字安行領家506番地の15", "url": "https://www.kaigokensaku.mhlw.go.jp/11/index.php?action_kouhyou_detail_004_kani=true&JigyosyoCd=1170201386-00&ServiceCd=510&Type=search", "url2": "http://kojikai.org/" }, "geometry": { "type": "Point", "coordinates": [ 139.758614200000011, 35.8456189 ] } },
{ "type": "Feature", "properties": { "内容": "ﾄｸﾍﾞﾂﾖｳｺﾞﾛｳｼﾞﾝﾎｰﾑ　ｺｳﾉｷｴﾝ【介護老人福祉施設】埼玉県川口市青木5-17-23", "url": "https://www.kaigokensaku.mhlw.go.jp/11/index.php?action_kouhyou_detail_004_kani=true&JigyosyoCd=1170208365-00&ServiceCd=510&Type=search", "url2": "https://asukafukushikai.com/" }, "geometry": { "type": "Point", "coordinates": [ 139.722298200000012, 35.8178783 ] } },
{ "type": "Feature", "properties": { "内容": "特別養護老人ホーム　とわの郷【介護老人福祉施設】埼玉県川口市赤山76-1特別養護老人ホームとわの郷", "url": "https://www.kaigokensaku.mhlw.go.jp/11/index.php?action_kouhyou_detail_004_kani=true&JigyosyoCd=1170208878-00&ServiceCd=510&Type=search", "url2": "https://www.1234.gr.jp/towa/" }, "geometry": { "type": "Point", "coordinates": [ 139.750814958474706, 35.84741686251261 ] } },
{ "type": "Feature", "properties": { "内容": "特別養護老人ホーム　川口みやびの郷【介護老人福祉施設】埼玉県川口市石神58", "url": "https://www.kaigokensaku.mhlw.go.jp/11/index.php?action_kouhyou_detail_004_kani=true&JigyosyoCd=1170206351-00&ServiceCd=510&Type=search", "url2": "https://keiaikai-j.jp/" }, "geometry": { "type": "Point", "coordinates": [ 139.736518887619042, 35.854418698664247 ] } },
{ "type": "Feature", "properties": { "内容": "特別養護老人ホーム緑風苑【介護老人福祉施設】埼玉県行田市須加1529", "url": "https://www.kaigokensaku.mhlw.go.jp/11/index.php?action_kouhyou_detail_004_kani=true&JigyosyoCd=1173700111-00&ServiceCd=510&Type=search", "url2": "http://www.seikoukai.com" }, "geometry": { "type": "Point", "coordinates": [ 139.488728600000059, 36.1847617 ] } },
{ "type": "Feature", "properties": { "内容": "特別養護老人ホーム雅【介護老人福祉施設】埼玉県行田市持田2424", "url": "https://www.kaigokensaku.mhlw.go.jp/11/index.php?action_kouhyou_detail_004_kani=true&JigyosyoCd=1173700947-00&ServiceCd=510&Type=search", "url2": "https://s-miyabi.or.jp" }, "geometry": { "type": "Point", "coordinates": [ 139.434579, 36.1307796 ] } },
{ "type": "Feature", "properties": { "内容": "介護老人福祉施設ふぁみぃゆ行田【介護老人福祉施設】埼玉県行田市大字下須戸75番地", "url": "https://www.kaigokensaku.mhlw.go.jp/11/index.php?action_kouhyou_detail_004_kani=true&JigyosyoCd=1173700442-00&ServiceCd=510&Type=search", "url2": "http://famille-gyoda.com/" }, "geometry": { "type": "Point", "coordinates": [ 139.509701, 36.1392122 ] } },
{ "type": "Feature", "properties": { "内容": "特別養護老人ホーム　おきな【介護老人福祉施設】埼玉県行田市大字馬見塚６９３", "url": "https://www.kaigokensaku.mhlw.go.jp/11/index.php?action_kouhyou_detail_004_kani=true&JigyosyoCd=1173600097-00&ServiceCd=510&Type=search", "url2": "http://www.hirakataryoiku-med.or.jp/okina.htm" }, "geometry": { "type": "Point", "coordinates": [ 139.4393457, 36.1686454 ] } },
{ "type": "Feature", "properties": { "内容": "まきば園【介護老人福祉施設】埼玉県行田市白川戸２７５", "url": "https://www.kaigokensaku.mhlw.go.jp/11/index.php?action_kouhyou_detail_004_kani=true&JigyosyoCd=1173700129-00&ServiceCd=510&Type=search", "url2": "https://makibaen.com/" }, "geometry": { "type": "Point", "coordinates": [ 139.468198900000061, 36.1624025 ] } },
{ "type": "Feature", "properties": { "内容": "特別養護老人ホーム　行田さくらそう【介護老人福祉施設】埼玉県行田市大字藤間352番地１", "url": "https://www.kaigokensaku.mhlw.go.jp/11/index.php?action_kouhyou_detail_004_kani=true&JigyosyoCd=1173701010-00&ServiceCd=510&Type=search", "url2": "http://www.ohkoukai.net/index.html" }, "geometry": { "type": "Point", "coordinates": [ 139.512770199999977, 36.1375819 ] } },
{ "type": "Feature", "properties": { "内容": "特別養護老人ホーム　和泉の森【介護老人福祉施設】埼玉県秩父市和泉町16番地", "url": "https://www.kaigokensaku.mhlw.go.jp/11/index.php?action_kouhyou_detail_004_kani=true&JigyosyoCd=1174800241-00&ServiceCd=510&Type=search", "url2": "http://www.chichibu-seihoukai.net/" }, "geometry": { "type": "Point", "coordinates": [ 139.065556229096387, 35.983270008703222 ] } },
{ "type": "Feature", "properties": { "内容": "特別養護老人ホーム杏子苑【介護老人福祉施設】埼玉県秩父市寺尾３９００番地１", "url": "https://www.kaigokensaku.mhlw.go.jp/11/index.php?action_kouhyou_detail_004_kani=true&JigyosyoCd=1174900314-00&ServiceCd=510&Type=search", "url2": "http://www.chichibu-seihoukai.net" }, "geometry": { "type": "Point", "coordinates": [ 139.069356800000037, 36.0056339 ] } },
{ "type": "Feature", "properties": { "内容": "秩父市特別養護老人ホーム　偕楽苑【介護老人福祉施設】埼玉県秩父市蒔田１９７７番地", "url": "https://www.kaigokensaku.mhlw.go.jp/11/index.php?action_kouhyou_detail_004_kani=true&JigyosyoCd=1174900512-00&ServiceCd=510&Type=search", "url2": "http://www.chichibu.ne.jp/~honobono" }, "geometry": { "type": "Point", "coordinates": [ 139.0826604, 36.0323728 ] } },
{ "type": "Feature", "properties": { "内容": "特別養護老人ホーム　桜の園【介護老人福祉施設】埼玉県秩父市和泉町１８", "url": "https://www.kaigokensaku.mhlw.go.jp/11/index.php?action_kouhyou_detail_004_kani=true&JigyosyoCd=1174800217-00&ServiceCd=510&Type=search", "url2": "http://www.chichibu-seihoukai.net/" }, "geometry": { "type": "Point", "coordinates": [ 139.065186897108191, 35.982731576804824 ] } },
{ "type": "Feature", "properties": { "内容": "特別養護老人ホーム　白砂恵慈園【介護老人福祉施設】埼玉県秩父市吉田久長186-1", "url": "https://www.kaigokensaku.mhlw.go.jp/11/index.php?action_kouhyou_detail_004_kani=true&JigyosyoCd=1174800258-00&ServiceCd=510&Type=search", "url2": "http://www.shirasuna-keijien.or.jp" }, "geometry": { "type": "Point", "coordinates": [ 139.04608630000007, 36.0503835 ] } },
{ "type": "Feature", "properties": { "内容": "特別養護老人ホーム愛宕の杜【介護老人福祉施設】埼玉県秩父市大野原786番地", "url": "https://www.kaigokensaku.mhlw.go.jp/11/index.php?action_kouhyou_detail_004_kani=true&JigyosyoCd=1174901148-00&ServiceCd=510&Type=search", "url2": "http://jiyo.or.jp/" }, "geometry": { "type": "Point", "coordinates": [ 139.099623174205021, 36.026217268449351 ] } },
{ "type": "Feature", "properties": { "内容": "特別養護老人ホーム康寿園【介護老人福祉施設】埼玉県所沢市東狭山ヶ丘6-2835-2", "url": "https://www.kaigokensaku.mhlw.go.jp/11/index.php?action_kouhyou_detail_004_kani=true&JigyosyoCd=1172500264-00&ServiceCd=510&Type=search", "url2": "http://www.kuwanomi.or.jp" }, "geometry": { "type": "Point", "coordinates": [ 139.42423317301629, 35.81513169369088 ] } },
{ "type": "Feature", "properties": { "内容": "特別養護老人ホーム　アンミッコ【介護老人福祉施設】埼玉県所沢市中富１６３９番３", "url": "https://www.kaigokensaku.mhlw.go.jp/11/index.php?action_kouhyou_detail_004_kani=true&JigyosyoCd=1172503615-00&ServiceCd=510&Type=search", "url2": "http://ammicco.or.jp" }, "geometry": { "type": "Point", "coordinates": [ 139.481600100000037, 35.8174169 ] } },
{ "type": "Feature", "properties": { "内容": "特別養護老人ホーム　ケアカレッジ【介護老人福祉施設】埼玉県所沢市三ケ島五丁目1445番地6", "url": "https://www.kaigokensaku.mhlw.go.jp/11/index.php?action_kouhyou_detail_004_kani=true&JigyosyoCd=1172504605-00&ServiceCd=510&Type=search", "url2": "https://naebafukushikai.com/facilities/facility/137" }, "geometry": { "type": "Point", "coordinates": [ 139.405510400000026, 35.794606580116394 ] } },
{ "type": "Feature", "properties": { "内容": "特別養護老人ホーム本郷希望の丘【介護老人福祉施設】埼玉県所沢市大字本郷２６６番地特別養護老人ホーム本郷希望の丘", "url": "https://www.kaigokensaku.mhlw.go.jp/11/index.php?action_kouhyou_detail_004_kani=true&JigyosyoCd=1172504746-00&ServiceCd=510&Type=search", "url2": "https://kuwanomi.or.jp" }, "geometry": { "type": "Point", "coordinates": [ 139.523122202781792, 35.796684141979149 ] } },
{ "type": "Feature", "properties": { "内容": "特別養護老人ホームなみきロイヤルの園【介護老人福祉施設】埼玉県所沢市北原町1375番地２", "url": "https://www.kaigokensaku.mhlw.go.jp/11/index.php?action_kouhyou_detail_004_kani=true&JigyosyoCd=1172505370-00&ServiceCd=510&Type=search", "url2": "https://www.wam-town.jp/namiki/" }, "geometry": { "type": "Point", "coordinates": [ 139.480242099999941, 35.8076124 ] } },
{ "type": "Feature", "properties": { "内容": "介護老人福祉施設　健寿園【介護老人福祉施設】所沢市北中2-301-1", "url": "https://www.kaigokensaku.mhlw.go.jp/11/index.php?action_kouhyou_detail_004_kani=true&JigyosyoCd=1172500223-00&ServiceCd=510&Type=search", "url2": "https://anshinkai-gr.jp" }, "geometry": { "type": "Point", "coordinates": [ 139.432940499999972, 35.8136276 ] } },
{ "type": "Feature", "properties": { "内容": "特別養護老人ホーム　ベテラン館ヴィラ【介護老人福祉施設】下富1011-1", "url": "https://www.kaigokensaku.mhlw.go.jp/11/index.php?action_kouhyou_detail_004_kani=true&JigyosyoCd=1172505198-00&ServiceCd=510&Type=search", "url2": "http://www.kouyoujukai.or.jp" }, "geometry": { "type": "Point", "coordinates": [ 139.45592970000007, 35.836711 ] } },
{ "type": "Feature", "properties": { "内容": "特別養護老人ホーム　東所沢みどりの郷【介護老人福祉施設】埼玉県所沢市大字坂之下941-3", "url": "https://www.kaigokensaku.mhlw.go.jp/11/index.php?action_kouhyou_detail_004_kani=true&JigyosyoCd=1172500231-00&ServiceCd=510&Type=search", "url2": "http://www.midori-sato.com/" }, "geometry": { "type": "Point", "coordinates": [ 139.5265465, 35.8057613 ] } },
{ "type": "Feature", "properties": { "内容": "介護老人福祉施設　所沢やすらぎの里【介護老人福祉施設】埼玉県所沢市東狭山ヶ丘5丁目928-1", "url": "https://www.kaigokensaku.mhlw.go.jp/11/index.php?action_kouhyou_detail_004_kani=true&JigyosyoCd=1172500249-00&ServiceCd=510&Type=search", "url2": "https://www.anshinkai-gr.jp" }, "geometry": { "type": "Point", "coordinates": [ 139.432887700000038, 35.814022 ] } },
{ "type": "Feature", "properties": { "内容": "社会福祉法人若狭会　介護老人福祉施設すみれ野【介護老人福祉施設】埼玉県所沢市東狭山ヶ丘4丁目2658番地の１すみれ野", "url": "https://www.kaigokensaku.mhlw.go.jp/11/index.php?action_kouhyou_detail_004_kani=true&JigyosyoCd=1172505545-00&ServiceCd=510&Type=search", "url2": "http://www.wakasakai.com/" }, "geometry": { "type": "Point", "coordinates": [ 139.427633417088515, 35.807926297395937 ] } },
{ "type": "Feature", "properties": { "内容": "特別養護老人ホーム真和の森【介護老人福祉施設】埼玉県所沢市下富1206-1", "url": "https://www.kaigokensaku.mhlw.go.jp/11/index.php?action_kouhyou_detail_004_kani=true&JigyosyoCd=1172503771-00&ServiceCd=510&Type=search", "url2": "http:www.kyoyukai.jp/" }, "geometry": { "type": "Point", "coordinates": [ 139.452202400000033, 35.8261289 ] } },
{ "type": "Feature", "properties": { "内容": "特別養護老人ホーム　健寿園新館【介護老人福祉施設】埼玉県所沢市北中二丁目301番地2", "url": "https://www.kaigokensaku.mhlw.go.jp/11/index.php?action_kouhyou_detail_004_kani=true&JigyosyoCd=1172506253-00&ServiceCd=510&Type=search", "url2": "https://anshinkai-gr.jp" }, "geometry": { "type": "Point", "coordinates": [ 139.432999254561622, 35.813218413356651 ] } },
{ "type": "Feature", "properties": { "内容": "介護老人福祉施設　所沢かがやきの里【介護老人福祉施設】埼玉県所沢市大字下新井下流１２４９－２", "url": "https://www.kaigokensaku.mhlw.go.jp/11/index.php?action_kouhyou_detail_004_kani=true&JigyosyoCd=1172502609-00&ServiceCd=510&Type=search", "url2": "https://anshinkai-gr.jp/anshinkai/tokorozawakagayakinosato" }, "geometry": { "type": "Point", "coordinates": [ 139.492358378617837, 35.800080483864448 ] } },
{ "type": "Feature", "properties": { "内容": "特別養護老人ホームロイヤルの園【介護老人福祉施設】埼玉県所沢市北野三丁目1番地18", "url": "https://www.kaigokensaku.mhlw.go.jp/11/index.php?action_kouhyou_detail_004_kani=true&JigyosyoCd=1172500272-00&ServiceCd=510&Type=search", "url2": "http://www.wam-town.jp/tokorozawa-sono/" }, "geometry": { "type": "Point", "coordinates": [ 139.419847900000036, 35.7966491 ] } },
{ "type": "Feature", "properties": { "内容": "特別養護老人ホーム　飛鳥野の里【介護老人福祉施設】所沢市神米金５０５－１", "url": "https://www.kaigokensaku.mhlw.go.jp/11/index.php?action_kouhyou_detail_004_kani=true&JigyosyoCd=1172501015-00&ServiceCd=510&Type=search", "url2": "http://care-net.biz/11/asukano" }, "geometry": { "type": "Point", "coordinates": [ 139.453530199999932, 35.8218544 ] } },
{ "type": "Feature", "properties": { "内容": "特別養護老人ホーム　千寿里【介護老人福祉施設】埼玉県所沢市坂之下1153-1", "url": "https://www.kaigokensaku.mhlw.go.jp/11/index.php?action_kouhyou_detail_004_kani=true&JigyosyoCd=1172500785-00&ServiceCd=510&Type=search", "url2": "http://www.senjyunosato.net/" }, "geometry": { "type": "Point", "coordinates": [ 139.5346958, 35.8121802 ] } },
{ "type": "Feature", "properties": { "内容": "特別養護老人ホーム　ところの苑【介護老人福祉施設】埼玉県所沢市久米1538-2特別養護老人ホーム　ところの苑", "url": "https://www.kaigokensaku.mhlw.go.jp/11/index.php?action_kouhyou_detail_004_kani=true&JigyosyoCd=1172501825-00&ServiceCd=510&Type=search", "url2": "www.tangokai.jp/tokoronosono" }, "geometry": { "type": "Point", "coordinates": [ 139.466362, 35.7800044 ] } },
{ "type": "Feature", "properties": { "内容": "特別養護老人ホーム亀令園【介護老人福祉施設】埼玉県所沢市東狭山ヶ丘４－２６９５－１", "url": "https://www.kaigokensaku.mhlw.go.jp/11/index.php?action_kouhyou_detail_004_kani=true&JigyosyoCd=1172500256-00&ServiceCd=510&Type=search", "url2": "http://www.wakasakai.com" }, "geometry": { "type": "Point", "coordinates": [ 139.426116200000024, 35.8103141 ] } },
{ "type": "Feature", "properties": { "内容": "特別養護老人ホーム　吾野園【介護老人福祉施設】埼玉県飯能市南川２０９１番地", "url": "https://www.kaigokensaku.mhlw.go.jp/11/index.php?action_kouhyou_detail_004_kani=true&JigyosyoCd=1172600122-00&ServiceCd=510&Type=search", "url2": "http://www.agano-en.or.jp" }, "geometry": { "type": "Point", "coordinates": [ 139.1925119, 35.9294841 ] } },
{ "type": "Feature", "properties": { "内容": "総合ケアセンター　太行路【介護老人福祉施設】埼玉県飯能市下名栗460番地", "url": "https://www.kaigokensaku.mhlw.go.jp/11/index.php?action_kouhyou_detail_004_kani=true&JigyosyoCd=1172400135-00&ServiceCd=510&Type=search", "url2": "http://www.nagurien.or.jp" }, "geometry": { "type": "Point", "coordinates": [ 139.187196399999948, 35.8699511 ] } },
{ "type": "Feature", "properties": { "内容": "特別養護老人ホーム敦徳園【介護老人福祉施設】埼玉県飯能市永田５２７－２", "url": "https://www.kaigokensaku.mhlw.go.jp/11/index.php?action_kouhyou_detail_004_kani=true&JigyosyoCd=1172600148-00&ServiceCd=510&Type=search", "url2": "http://www.genseikai.or.jp/" }, "geometry": { "type": "Point", "coordinates": [ 139.2959075, 35.8615178 ] } },
{ "type": "Feature", "properties": { "内容": "あしかり園【介護老人福祉施設】埼玉県飯能市芦苅場805", "url": "https://www.kaigokensaku.mhlw.go.jp/11/index.php?action_kouhyou_detail_004_kani=true&JigyosyoCd=1172600130-00&ServiceCd=510&Type=search", "url2": "http://www.nagurien.or.jp" }, "geometry": { "type": "Point", "coordinates": [ 139.356608899999969, 35.866611 ] } },
{ "type": "Feature", "properties": { "内容": "介護老人福祉施設　利根いこいの里【介護老人福祉施設】埼玉県加須市大越1933", "url": "https://www.kaigokensaku.mhlw.go.jp/11/index.php?action_kouhyou_detail_004_kani=true&JigyosyoCd=1173800168-00&ServiceCd=510&Type=search", "url2": "www.junseikai.org/toneikoi/indextoneikoi.html" }, "geometry": { "type": "Point", "coordinates": [ 139.620588600000019, 36.1778718 ] } },
{ "type": "Feature", "properties": { "内容": "介護老人福祉施設　久下けやきハウス【介護老人福祉施設】埼玉県加須市久下３－６－１", "url": "https://www.kaigokensaku.mhlw.go.jp/11/index.php?action_kouhyou_detail_004_kani=true&JigyosyoCd=1173800465-00&ServiceCd=510&Type=search", "url2": "https://heimat-kuge.or.jp/" }, "geometry": { "type": "Point", "coordinates": [ 139.613626699999941, 36.1222923 ] } },
{ "type": "Feature", "properties": { "内容": "特別養護老人ホーム多賀谷寿光園【介護老人福祉施設】埼玉県加須市上崎2037-1", "url": "https://www.kaigokensaku.mhlw.go.jp/11/index.php?action_kouhyou_detail_004_kani=true&JigyosyoCd=1173600071-00&ServiceCd=510&Type=search", "url2": "http://www.jukouen.or.jp/" }, "geometry": { "type": "Point", "coordinates": [ 139.5465289, 36.1110474 ] } },
{ "type": "Feature", "properties": { "内容": "特別養護老人ホーム　みずほの里【介護老人福祉施設】埼玉県加須市平永142", "url": "https://www.kaigokensaku.mhlw.go.jp/11/index.php?action_kouhyou_detail_004_kani=true&JigyosyoCd=1173800176-00&ServiceCd=510&Type=search", "url2": "http://www.sakitamakai.jp/" }, "geometry": { "type": "Point", "coordinates": [ 139.569553700000029, 36.1259989 ] } },
{ "type": "Feature", "properties": { "内容": "特別養護老人ホームみずほの里（ユニット型）【介護老人福祉施設】埼玉県加須市平永142", "url": "https://www.kaigokensaku.mhlw.go.jp/11/index.php?action_kouhyou_detail_004_kani=true&JigyosyoCd=1173801026-00&ServiceCd=510&Type=search", "url2": "http://www.sakitamakai.jp/main/mi" }, "geometry": { "type": "Point", "coordinates": [ 139.569553700000029, 36.1259989 ] } },
{ "type": "Feature", "properties": { "内容": "加須清輝苑　指定介護老人福祉施設【介護老人福祉施設】埼玉県加須市陽光台2丁目883番地78", "url": "https://www.kaigokensaku.mhlw.go.jp/11/index.php?action_kouhyou_detail_004_kani=true&JigyosyoCd=1173801018-00&ServiceCd=510&Type=search", "url2": "https://sw-kouwakai.or.jp/" }, "geometry": { "type": "Point", "coordinates": [ 139.680152705418436, 36.190524081858491 ] } },
{ "type": "Feature", "properties": { "内容": "ライゼ清輝苑指定介護老人福祉施設【介護老人福祉施設】埼玉県加須市陽光台2－８８３－７５", "url": "https://www.kaigokensaku.mhlw.go.jp/11/index.php?action_kouhyou_detail_004_kani=true&JigyosyoCd=1173600303-00&ServiceCd=510&Type=search", "url2": "https://sw-kouwakai.or.jp/" }, "geometry": { "type": "Point", "coordinates": [ 139.6803185, 36.1909886 ] } },
{ "type": "Feature", "properties": { "内容": "介護老人福祉施設　利根いこいの里【介護老人福祉施設】埼玉県加須市大越1933介護福祉老人施設　利根いこいの里", "url": "https://www.kaigokensaku.mhlw.go.jp/11/index.php?action_kouhyou_detail_004_kani=true&JigyosyoCd=1173800952-00&ServiceCd=510&Type=search", "url2": "https://junseikai.org/index" }, "geometry": { "type": "Point", "coordinates": [ 139.620588600000019, 36.1778718 ] } },
{ "type": "Feature", "properties": { "内容": "特別養護老人ホーム　愛泉苑【介護老人福祉施設】埼玉県加須市水深８６９－1", "url": "https://www.kaigokensaku.mhlw.go.jp/11/index.php?action_kouhyou_detail_004_kani=true&JigyosyoCd=1173800150-00&ServiceCd=510&Type=search", "url2": "http://www.ainoizumi.com" }, "geometry": { "type": "Point", "coordinates": [ 139.637091753070621, 36.095401230148731 ] } },
{ "type": "Feature", "properties": { "内容": "ふれ愛の郷【介護老人福祉施設】埼玉県加須市新川通１７９－１", "url": "https://www.kaigokensaku.mhlw.go.jp/11/index.php?action_kouhyou_detail_004_kani=true&JigyosyoCd=1173600089-00&ServiceCd=510&Type=search", "url2": "http://keiaikai-j.jp" }, "geometry": { "type": "Point", "coordinates": [ 139.6705902, 36.1592668 ] } },
{ "type": "Feature", "properties": { "内容": "介護老人福祉施設　ことよりテラス【介護老人福祉施設】埼玉県加須市琴寄270-3", "url": "https://www.kaigokensaku.mhlw.go.jp/11/index.php?action_kouhyou_detail_004_kani=true&JigyosyoCd=1173801323-00&ServiceCd=510&Type=search", "url2": "http://www.shojinkai-g.or.jp/" }, "geometry": { "type": "Point", "coordinates": [ 139.67849699697004, 36.126841451498485 ] } },
{ "type": "Feature", "properties": { "内容": "介護老人福祉施設　特養騎西【介護老人福祉施設】埼玉県加須市日出安1268番", "url": "https://www.kaigokensaku.mhlw.go.jp/11/index.php?action_kouhyou_detail_004_kani=true&JigyosyoCd=1173801703-00&ServiceCd=510&Type=search", "url2": "https://www.kisai-tokuyou.or.jp/" }, "geometry": { "type": "Point", "coordinates": [ 139.5806454, 36.1123235 ] } },
{ "type": "Feature", "properties": { "内容": "特別養護老人ホーム　万葉の郷【介護老人福祉施設】埼玉県加須市新川通１０５番地１", "url": "https://www.kaigokensaku.mhlw.go.jp/11/index.php?action_kouhyou_detail_004_kani=true&JigyosyoCd=1173600410-00&ServiceCd=510&Type=search", "url2": "https://keiaikai-j.jp/" }, "geometry": { "type": "Point", "coordinates": [ 139.670684700000038, 36.159725 ] } },
{ "type": "Feature", "properties": { "内容": "トマト村【介護老人福祉施設】埼玉県本庄市早稲田の杜５-１４-８", "url": "https://www.kaigokensaku.mhlw.go.jp/11/index.php?action_kouhyou_detail_004_kani=true&JigyosyoCd=1174300028-00&ServiceCd=510&Type=search", "url2": "yuwa.or.jp" }, "geometry": { "type": "Point", "coordinates": [ 139.186697, 36.217916700000025 ] } },
{ "type": "Feature", "properties": { "内容": "特別養護老人ホームオルトビオス児玉ホーム【介護老人福祉施設】埼玉県本庄市児玉町児玉734-1", "url": "https://www.kaigokensaku.mhlw.go.jp/11/index.php?action_kouhyou_detail_004_kani=true&JigyosyoCd=1174200210-00&ServiceCd=510&Type=search", "url2": "https://www.orthobiose.org/" }, "geometry": { "type": "Point", "coordinates": [ 139.140906199999989, 36.1827843 ] } },
{ "type": "Feature", "properties": { "内容": "シャローム【介護老人福祉施設】埼玉県本庄市今井1251番地１", "url": "https://www.kaigokensaku.mhlw.go.jp/11/index.php?action_kouhyou_detail_004_kani=true&JigyosyoCd=1174300150-00&ServiceCd=510&Type=search", "url2": "http://www.hakujukai.org/" }, "geometry": { "type": "Point", "coordinates": [ 139.150978799999962, 36.222740300000034 ] } },
{ "type": "Feature", "properties": { "内容": "特別養護老人ホーム安誠園【介護老人福祉施設】埼玉県本庄市小和瀬１６６６番地", "url": "https://www.kaigokensaku.mhlw.go.jp/11/index.php?action_kouhyou_detail_004_kani=true&JigyosyoCd=1174300135-00&ServiceCd=510&Type=search", "url2": "http://www.anseifukushikai.or.jp/" }, "geometry": { "type": "Point", "coordinates": [ 139.235762900000026, 36.2457385 ] } },
{ "type": "Feature", "properties": { "内容": "特別養護老人ホーム　ふるさとの杜かみのもと【介護老人福祉施設】埼玉県東松山市大字上野本1873番1", "url": "https://www.kaigokensaku.mhlw.go.jp/11/index.php?action_kouhyou_detail_004_kani=true&JigyosyoCd=1173301191-00&ServiceCd=510&Type=search", "url2": "https://fm-1.issinkai.or.jp" }, "geometry": { "type": "Point", "coordinates": [ 139.403812428558012, 36.02761422453284 ] } },
{ "type": "Feature", "properties": { "内容": "特別養護老人ホーム梨花【介護老人福祉施設】埼玉県東松山市東平656番１", "url": "https://www.kaigokensaku.mhlw.go.jp/11/index.php?action_kouhyou_detail_004_kani=true&JigyosyoCd=1173301423-00&ServiceCd=510&Type=search", "url2": "https;//utsukushinosato.net/" }, "geometry": { "type": "Point", "coordinates": [ 139.3997008, 36.0597014 ] } },
{ "type": "Feature", "properties": { "内容": "特別養護老人ホーム梨花【介護老人福祉施設】埼玉県東松山市大字東平６５６番地１特別養護老人ホーム梨花", "url": "https://www.kaigokensaku.mhlw.go.jp/11/index.php?action_kouhyou_detail_004_kani=true&JigyosyoCd=1173301415-00&ServiceCd=510&Type=search", "url2": "https://utsukushinosato.net/" }, "geometry": { "type": "Point", "coordinates": [ 139.3997008, 36.0597014 ] } },
{ "type": "Feature", "properties": { "内容": "介護老人福祉施設　東松山ホーム【介護老人福祉施設】埼玉県東松山市大字石橋1716", "url": "https://www.kaigokensaku.mhlw.go.jp/11/index.php?action_kouhyou_detail_004_kani=true&JigyosyoCd=1173301183-00&ServiceCd=510&Type=search", "url2": "http://www.shouninkai.com/" }, "geometry": { "type": "Point", "coordinates": [ 139.379977599999961, 36.0412149 ] } },
{ "type": "Feature", "properties": { "内容": "介護老人福祉施設　東松山ホーム【介護老人福祉施設】埼玉県東松山市大字石橋１７１６", "url": "https://www.kaigokensaku.mhlw.go.jp/11/index.php?action_kouhyou_detail_004_kani=true&JigyosyoCd=1173300169-00&ServiceCd=510&Type=search", "url2": "http://www.higashimatuyamahome.or.jp" }, "geometry": { "type": "Point", "coordinates": [ 139.379977599999961, 36.0412149 ] } },
{ "type": "Feature", "properties": { "内容": "特別養護老人ホーム清寿園【介護老人福祉施設】内牧２０７２番地", "url": "https://www.kaigokensaku.mhlw.go.jp/11/index.php?action_kouhyou_detail_004_kani=true&JigyosyoCd=1170600041-00&ServiceCd=510&Type=search", "url2": "https://seiju.or.jp/home/" }, "geometry": { "type": "Point", "coordinates": [ 139.73015399327258, 35.988715714053136 ] } },
{ "type": "Feature", "properties": { "内容": "特別養護老人ホームあんじゅの杜【介護老人福祉施設】埼玉県春日部市樋籠475-1", "url": "https://www.kaigokensaku.mhlw.go.jp/11/index.php?action_kouhyou_detail_004_kani=true&JigyosyoCd=1170604258-00&ServiceCd=510&Type=search", "url2": "https://anjunomori.com/" }, "geometry": { "type": "Point", "coordinates": [ 139.771551, 35.9876389 ] } },
{ "type": "Feature", "properties": { "内容": "特別養護老人ホーム　庄和和合【介護老人福祉施設】埼玉県春日部市金崎字道江527-1", "url": "https://www.kaigokensaku.mhlw.go.jp/11/index.php?action_kouhyou_detail_004_kani=true&JigyosyoCd=1170601494-00&ServiceCd=510&Type=search", "url2": "http://www.shouwa-wagou.or.jp" }, "geometry": { "type": "Point", "coordinates": [ 139.806018994998112, 35.992977418956826 ] } },
{ "type": "Feature", "properties": { "内容": "特別養護老人ホームひかり【介護老人福祉施設】春日部市不動院野６４３番地", "url": "https://www.kaigokensaku.mhlw.go.jp/11/index.php?action_kouhyou_detail_004_kani=true&JigyosyoCd=1170601726-00&ServiceCd=510&Type=search", "url2": "https://kagayaki-kasukabe.or.jp" }, "geometry": { "type": "Point", "coordinates": [ 139.769285299999979, 36.0024538 ] } },
{ "type": "Feature", "properties": { "内容": "特別養護老人ホームそら【介護老人福祉施設】春日部市不動院野647番地", "url": "https://www.kaigokensaku.mhlw.go.jp/11/index.php?action_kouhyou_detail_004_kani=true&JigyosyoCd=1170602393-00&ServiceCd=510&Type=search", "url2": "http://kagayaki-kasukabe.or.jp" }, "geometry": { "type": "Point", "coordinates": [ 139.7687209078872, 36.002550726287758 ] } },
{ "type": "Feature", "properties": { "内容": "特別養護老人ホーム　あすなろの郷【介護老人福祉施設】埼玉県春日部市銚子口1133-1", "url": "https://www.kaigokensaku.mhlw.go.jp/11/index.php?action_kouhyou_detail_004_kani=true&JigyosyoCd=1170601528-00&ServiceCd=510&Type=search", "url2": "https://www.asunarokai.or.jp/" }, "geometry": { "type": "Point", "coordinates": [ 139.7877468, 35.9619323 ] } },
{ "type": "Feature", "properties": { "内容": "特別養護老人ホーム　春日部勝彩園【介護老人福祉施設】埼玉県春日部市上大増新田字東耕地109番地2特別養護老人ホーム春日部勝彩園", "url": "https://www.kaigokensaku.mhlw.go.jp/11/index.php?action_kouhyou_detail_004_kani=true&JigyosyoCd=1170600082-00&ServiceCd=510&Type=search", "url2": "http://www.syosaien.or.jp/" }, "geometry": { "type": "Point", "coordinates": [ 139.737091700000065, 35.9612035 ] } },
{ "type": "Feature", "properties": { "内容": "特別養護老人ホーム豊潤館（従来型）【介護老人福祉施設】埼玉県春日部市花積２６７－７", "url": "https://www.kaigokensaku.mhlw.go.jp/11/index.php?action_kouhyou_detail_004_kani=true&JigyosyoCd=1170600850-00&ServiceCd=510&Type=search", "url2": "http://houjunkan.imwg.jp/" }, "geometry": { "type": "Point", "coordinates": [ 139.719446400000038, 35.9671171 ] } },
{ "type": "Feature", "properties": { "内容": "特別養護老人ホーム煌めきの丘【介護老人福祉施設】埼玉県春日部市永沼1214番2", "url": "https://www.kaigokensaku.mhlw.go.jp/11/index.php?action_kouhyou_detail_004_kani=true&JigyosyoCd=1170604282-00&ServiceCd=510&Type=search", "url2": "https://yukisumifukushikai.com" }, "geometry": { "type": "Point", "coordinates": [ 139.791100202182491, 35.972990073381112 ] } },
{ "type": "Feature", "properties": { "内容": "武里まきば園【介護老人福祉施設】武里中野705", "url": "https://www.kaigokensaku.mhlw.go.jp/11/index.php?action_kouhyou_detail_004_kani=true&JigyosyoCd=1170603078-00&ServiceCd=510&Type=search", "url2": "http://makibaen.com/" }, "geometry": { "type": "Point", "coordinates": [ 139.756660592504886, 35.951295875303956 ] } },
{ "type": "Feature", "properties": { "内容": "特別養護老人ホーム　フラワーヒル【介護老人福祉施設】埼玉県春日部市一ノ割948番1", "url": "https://www.kaigokensaku.mhlw.go.jp/11/index.php?action_kouhyou_detail_004_kani=true&JigyosyoCd=1170600827-00&ServiceCd=510&Type=search", "url2": "https://www.flowerhill.jp" }, "geometry": { "type": "Point", "coordinates": [ 139.758397800000012, 35.9594059 ] } },
{ "type": "Feature", "properties": { "内容": "しょうぶ苑【介護老人福祉施設】埼玉県春日部市米崎３８９", "url": "https://www.kaigokensaku.mhlw.go.jp/11/index.php?action_kouhyou_detail_004_kani=true&JigyosyoCd=1171100876-00&ServiceCd=510&Type=search", "url2": null }, "geometry": { "type": "Point", "coordinates": [ 139.801855400000022, 35.9735135 ] } },
{ "type": "Feature", "properties": { "内容": "特別養護老人ホーム豊潤館（ユニット型）【介護老人福祉施設】埼玉県春日部市花積２６７－７", "url": "https://www.kaigokensaku.mhlw.go.jp/11/index.php?action_kouhyou_detail_004_kani=true&JigyosyoCd=1170603300-00&ServiceCd=510&Type=search", "url2": "http://houjunkan.imwg.jp" }, "geometry": { "type": "Point", "coordinates": [ 139.719446400000038, 35.9671171 ] } },
{ "type": "Feature", "properties": { "内容": "ウエルガーデン春日部【介護老人福祉施設】埼玉県春日部市内牧3701-8ウエルガーデン春日部", "url": "https://www.kaigokensaku.mhlw.go.jp/11/index.php?action_kouhyou_detail_004_kani=true&JigyosyoCd=1170603508-00&ServiceCd=510&Type=search", "url2": "http://welgarden.or.jp" }, "geometry": { "type": "Point", "coordinates": [ 139.7155864, 36.001184 ] } },
{ "type": "Feature", "properties": { "内容": "百合の郷【介護老人福祉施設】埼玉県春日部市大畑407-2", "url": "https://www.kaigokensaku.mhlw.go.jp/11/index.php?action_kouhyou_detail_004_kani=true&JigyosyoCd=1170600215-00&ServiceCd=510&Type=search", "url2": "https://www.yurinosato-k.jp/" }, "geometry": { "type": "Point", "coordinates": [ 139.7722767, 35.9445166 ] } },
{ "type": "Feature", "properties": { "内容": "特別養護老人ホーム　彩光苑【介護老人福祉施設】埼玉県春日部市内牧3149", "url": "https://www.kaigokensaku.mhlw.go.jp/11/index.php?action_kouhyou_detail_004_kani=true&JigyosyoCd=1170601189-00&ServiceCd=510&Type=search", "url2": "http://www.saiseikai-kasukabe.jp" }, "geometry": { "type": "Point", "coordinates": [ 139.71733949999998, 35.9936158 ] } },
{ "type": "Feature", "properties": { "内容": "特別養護老人ホームさやまロイヤルの園【介護老人福祉施設】埼玉県狭山市大字北入曽９９３番地", "url": "https://www.kaigokensaku.mhlw.go.jp/11/index.php?action_kouhyou_detail_004_kani=true&JigyosyoCd=1172702357-00&ServiceCd=510&Type=search", "url2": "https://www.wam-town.jp/sayama/" }, "geometry": { "type": "Point", "coordinates": [ 139.424249744674654, 35.838260133190815 ] } },
{ "type": "Feature", "properties": { "内容": "特別養護老人ホームさやまロイヤルの園【介護老人福祉施設】埼玉県狭山市大字北入曽９９３番地", "url": "https://www.kaigokensaku.mhlw.go.jp/11/index.php?action_kouhyou_detail_004_kani=true&JigyosyoCd=1172702365-00&ServiceCd=510&Type=search", "url2": "https://www.wam-town.jp/sayama/" }, "geometry": { "type": "Point", "coordinates": [ 139.424269570320121, 35.838300443724762 ] } },
{ "type": "Feature", "properties": { "内容": "特別養護老人ホームつつじの園　新館【介護老人福祉施設】埼玉県狭山市柏原1185-6", "url": "https://www.kaigokensaku.mhlw.go.jp/11/index.php?action_kouhyou_detail_004_kani=true&JigyosyoCd=1172701409-00&ServiceCd=510&Type=search", "url2": "http://www.tutujinoen.jp" }, "geometry": { "type": "Point", "coordinates": [ 139.402338200000031, 35.8765277 ] } },
{ "type": "Feature", "properties": { "内容": "特別養護老人ホーム　さやま苑【介護老人福祉施設】埼玉県　狭山市　柏原758-4", "url": "https://www.kaigokensaku.mhlw.go.jp/11/index.php?action_kouhyou_detail_004_kani=true&JigyosyoCd=1172700195-00&ServiceCd=510&Type=search", "url2": "https://www.sayamaen.net" }, "geometry": { "type": "Point", "coordinates": [ 139.398524, 35.890825800000016 ] } },
{ "type": "Feature", "properties": { "内容": "特別養護老人ホームつつじの園【介護老人福祉施設】狭山市柏原１１８５－６", "url": "https://www.kaigokensaku.mhlw.go.jp/11/index.php?action_kouhyou_detail_004_kani=true&JigyosyoCd=1172700203-00&ServiceCd=510&Type=search", "url2": "http://www.tutujinoen.com" }, "geometry": { "type": "Point", "coordinates": [ 139.402338200000031, 35.8765277 ] } },
{ "type": "Feature", "properties": { "内容": "特別養護老人ホームオリーブ　月見乃館【介護老人福祉施設】埼玉県狭山市大字上赤坂290番地1", "url": "https://www.kaigokensaku.mhlw.go.jp/11/index.php?action_kouhyou_detail_004_kani=true&JigyosyoCd=1172701722-00&ServiceCd=510&Type=search", "url2": "http://sayama-olive.jp/" }, "geometry": { "type": "Point", "coordinates": [ 139.459956499999947, 35.8530842 ] } },
{ "type": "Feature", "properties": { "内容": "特別養護老人ホームさくら【介護老人福祉施設】埼玉県狭山市大字加佐志字普門寺１０４番", "url": "https://www.kaigokensaku.mhlw.go.jp/11/index.php?action_kouhyou_detail_004_kani=true&JigyosyoCd=1172700609-00&ServiceCd=510&Type=search", "url2": "http://www.sakura-toku.com/" }, "geometry": { "type": "Point", "coordinates": [ 139.412212899999986, 35.8529421 ] } },
{ "type": "Feature", "properties": { "内容": "特別養護老人ホーム　むさしの園わかば【介護老人福祉施設】埼玉狭山市大字南入曽1048-2", "url": "https://www.kaigokensaku.mhlw.go.jp/11/index.php?action_kouhyou_detail_004_kani=true&JigyosyoCd=1172701730-00&ServiceCd=510&Type=search", "url2": "www.e-musashinoen.com" }, "geometry": { "type": "Point", "coordinates": [ 139.432440611114572, 35.82252914506595 ] } },
{ "type": "Feature", "properties": { "内容": "特別養護老人ホームひろせの杜【介護老人福祉施設】埼玉県狭山市大字上広瀬字霞ヶ丘939番1", "url": "https://www.kaigokensaku.mhlw.go.jp/11/index.php?action_kouhyou_detail_004_kani=true&JigyosyoCd=1172701987-00&ServiceCd=510&Type=search", "url2": "http://naebafukushikai.com" }, "geometry": { "type": "Point", "coordinates": [ 139.387910497375543, 35.864250050667785 ] } },
{ "type": "Feature", "properties": { "内容": "介護老人福祉施設　ジョアン宮地の里【介護老人福祉施設】埼玉県狭山市大字笹井1568-2", "url": "https://www.kaigokensaku.mhlw.go.jp/11/index.php?action_kouhyou_detail_004_kani=true&JigyosyoCd=1172700914-00&ServiceCd=510&Type=search", "url2": "http://www.sakaekai.or.jp" }, "geometry": { "type": "Point", "coordinates": [ 139.372430500000064, 35.8553045 ] } },
{ "type": "Feature", "properties": { "内容": "特別養護老人ホーム福寿の里【介護老人福祉施設】埼玉県狭山市大字北入曽字南入間野1502番1", "url": "https://www.kaigokensaku.mhlw.go.jp/11/index.php?action_kouhyou_detail_004_kani=true&JigyosyoCd=1172702001-00&ServiceCd=510&Type=search", "url2": "http://www.syojukai.or.jp/syoeikai/fukuju/" }, "geometry": { "type": "Point", "coordinates": [ 139.44217520628203, 35.830011600987184 ] } },
{ "type": "Feature", "properties": { "内容": "特別養護老人ホームオリーブ　富士見の館【介護老人福祉施設】埼玉県狭山市大字上赤坂２９０番地１", "url": "https://www.kaigokensaku.mhlw.go.jp/11/index.php?action_kouhyou_detail_004_kani=true&JigyosyoCd=1172700401-00&ServiceCd=510&Type=search", "url2": "http:/www.sayama-olive.jp/" }, "geometry": { "type": "Point", "coordinates": [ 139.459956499999947, 35.8530842 ] } },
{ "type": "Feature", "properties": { "内容": "むさしの園【介護老人福祉施設】埼玉県狭山市大字南入曽１０４４－１特別養護老人ホーム　むさしの園", "url": "https://www.kaigokensaku.mhlw.go.jp/11/index.php?action_kouhyou_detail_004_kani=true&JigyosyoCd=1172700187-00&ServiceCd=510&Type=search", "url2": "http://www.e-musashinoen.com" }, "geometry": { "type": "Point", "coordinates": [ 139.433028899999954, 35.8225488 ] } },
{ "type": "Feature", "properties": { "内容": "特別養護老人ホーム　くわの実【介護老人福祉施設】羽生市大字下新郷660", "url": "https://www.kaigokensaku.mhlw.go.jp/11/index.php?action_kouhyou_detail_004_kani=true&JigyosyoCd=1173900083-00&ServiceCd=510&Type=search", "url2": "https://hanyu-fukushikai.jp/" }, "geometry": { "type": "Point", "coordinates": [ 139.5242518, 36.1442648 ] } },
{ "type": "Feature", "properties": { "内容": "特別養護老人ホーム　薫藤園（ユニット型）【介護老人福祉施設】埼玉県羽生市大字秀安351", "url": "https://www.kaigokensaku.mhlw.go.jp/11/index.php?action_kouhyou_detail_004_kani=true&JigyosyoCd=1173900562-00&ServiceCd=510&Type=search", "url2": "http://www.sakitamakai.jp/kuntouen/" }, "geometry": { "type": "Point", "coordinates": [ 139.551256800000033, 36.1604914 ] } },
{ "type": "Feature", "properties": { "内容": "特別養護老人ホーム薫藤園【介護老人福祉施設】大字秀安351", "url": "https://www.kaigokensaku.mhlw.go.jp/11/index.php?action_kouhyou_detail_004_kani=true&JigyosyoCd=1173900075-00&ServiceCd=510&Type=search", "url2": "http://www.sakitamakai.jp/kuntouen/" }, "geometry": { "type": "Point", "coordinates": [ 139.55100747235258, 36.160527396896519 ] } },
{ "type": "Feature", "properties": { "内容": "清輝苑指定介護老人福祉施設【介護老人福祉施設】埼玉県羽生市下村君1169番地", "url": "https://www.kaigokensaku.mhlw.go.jp/11/index.php?action_kouhyou_detail_004_kani=true&JigyosyoCd=1173900182-00&ServiceCd=510&Type=search", "url2": "https://sw-kouwakai.or.jp/" }, "geometry": { "type": "Point", "coordinates": [ 139.587357800000063, 36.1925859 ] } },
{ "type": "Feature", "properties": { "内容": "木犀館【介護老人福祉施設】埼玉県羽生市下川崎1406-4", "url": "https://www.kaigokensaku.mhlw.go.jp/11/index.php?action_kouhyou_detail_004_kani=true&JigyosyoCd=1173900703-00&ServiceCd=510&Type=search", "url2": "https://mokuseikan.kyoaikai.or.jp" }, "geometry": { "type": "Point", "coordinates": [ 139.537574873727408, 36.142567446648819 ] } },
{ "type": "Feature", "properties": { "内容": "特別養護老人ホームてねる【介護老人福祉施設】埼玉県鴻巣市前砂字頭殿1003-1", "url": "https://www.kaigokensaku.mhlw.go.jp/11/index.php?action_kouhyou_detail_004_kani=true&JigyosyoCd=1171701269-00&ServiceCd=510&Type=search", "url2": "http://tener.or.jp/" }, "geometry": { "type": "Point", "coordinates": [ 139.468425608628877, 36.08888311942917 ] } },
{ "type": "Feature", "properties": { "内容": "特別養護老人ホーム川里苑デメテル・ヴィラ【介護老人福祉施設】埼玉県鴻巣市屈巣５１５８番", "url": "https://www.kaigokensaku.mhlw.go.jp/11/index.php?action_kouhyou_detail_004_kani=true&JigyosyoCd=1173600048-00&ServiceCd=510&Type=search", "url2": "http://www.kawasatoen.info" }, "geometry": { "type": "Point", "coordinates": [ 139.520929900000027, 36.0822259 ] } },
{ "type": "Feature", "properties": { "内容": "特別養護老人ホーム　川里苑デメテル・ヴィラ【介護老人福祉施設】埼玉県鴻巣市屈巣5158番", "url": "https://www.kaigokensaku.mhlw.go.jp/11/index.php?action_kouhyou_detail_004_kani=true&JigyosyoCd=1171701160-00&ServiceCd=510&Type=search", "url2": "http://www.kawasatoen.info" }, "geometry": { "type": "Point", "coordinates": [ 139.520929900000027, 36.0822259 ] } },
{ "type": "Feature", "properties": { "内容": "介護老人福祉施設　馬室たんぽぽ翔裕園【介護老人福祉施設】埼玉県鴻巣市原馬室3335番", "url": "https://www.kaigokensaku.mhlw.go.jp/11/index.php?action_kouhyou_detail_004_kani=true&JigyosyoCd=1171701061-00&ServiceCd=510&Type=search", "url2": "http://www.genkimuragroup.jp/genkimura/m_tanpopo/" }, "geometry": { "type": "Point", "coordinates": [ 139.512909600000057, 36.0368274 ] } },
{ "type": "Feature", "properties": { "内容": "介護老人福祉施設　馬室たんぽぽ翔裕園【介護老人福祉施設】埼玉県鴻巣市原馬室字後3335", "url": "https://www.kaigokensaku.mhlw.go.jp/11/index.php?action_kouhyou_detail_004_kani=true&JigyosyoCd=1171700378-00&ServiceCd=510&Type=search", "url2": "http://www.genki-mura.com/genkimura/m_tanpopo/" }, "geometry": { "type": "Point", "coordinates": [ 139.512850877337627, 36.036910754516043 ] } },
{ "type": "Feature", "properties": { "内容": "鴻巣まきば園【介護老人福祉施設】埼玉県鴻巣市前砂５１７－１", "url": "https://www.kaigokensaku.mhlw.go.jp/11/index.php?action_kouhyou_detail_004_kani=true&JigyosyoCd=1171700634-00&ServiceCd=510&Type=search", "url2": "https://makibaen.com/" }, "geometry": { "type": "Point", "coordinates": [ 139.463166900000033, 36.093583 ] } },
{ "type": "Feature", "properties": { "内容": "福冨の郷【介護老人福祉施設】埼玉県鴻巣市鴻巣字沼田９６７番1福冨の郷", "url": "https://www.kaigokensaku.mhlw.go.jp/11/index.php?action_kouhyou_detail_004_kani=true&JigyosyoCd=1171701467-00&ServiceCd=510&Type=search", "url2": "http://www.nonpi-fukushi.net/" }, "geometry": { "type": "Point", "coordinates": [ 139.517063633171944, 36.069011961076725 ] } },
{ "type": "Feature", "properties": { "内容": "特別養護老人ホーム吹上苑【介護老人福祉施設】埼玉県鴻巣市下忍4461", "url": "https://www.kaigokensaku.mhlw.go.jp/11/index.php?action_kouhyou_detail_004_kani=true&JigyosyoCd=1171300013-00&ServiceCd=510&Type=search", "url2": "http://www.egarite.or.jp" }, "geometry": { "type": "Point", "coordinates": [ 139.46793260000004, 36.1029542 ] } },
{ "type": "Feature", "properties": { "内容": "ユニット型特別養護老人ホーム吹上苑【介護老人福祉施設】埼玉県鴻巣市下忍4461", "url": "https://www.kaigokensaku.mhlw.go.jp/11/index.php?action_kouhyou_detail_004_kani=true&JigyosyoCd=1171701152-00&ServiceCd=510&Type=search", "url2": "http://www.egarite.or.jp" }, "geometry": { "type": "Point", "coordinates": [ 139.46793260000004, 36.1029542 ] } },
{ "type": "Feature", "properties": { "内容": "介護老人福祉施設　こうのすタンポポ翔裕園【介護老人福祉施設】埼玉県鴻巣市郷地１７４６－１", "url": "https://www.kaigokensaku.mhlw.go.jp/11/index.php?action_kouhyou_detail_004_kani=true&JigyosyoCd=1171700550-00&ServiceCd=510&Type=search", "url2": "http://www.genkimuragroup.jp/genkimura/k_tanpopo/" }, "geometry": { "type": "Point", "coordinates": [ 139.53079589999993, 36.0734828 ] } },
{ "type": "Feature", "properties": { "内容": "特別養護老人ホーム北こうのす翔裕園【介護老人福祉施設】埼玉県鴻巣市箕田3523", "url": "https://www.kaigokensaku.mhlw.go.jp/11/index.php?action_kouhyou_detail_004_kani=true&JigyosyoCd=1171701921-00&ServiceCd=510&Type=search", "url2": "https://www.genkimuragroup.jp/kitakonosu/" }, "geometry": { "type": "Point", "coordinates": [ 139.4885577, 36.0782938 ] } },
{ "type": "Feature", "properties": { "内容": "特別養護老人ホーム翔裕園【介護老人福祉施設】埼玉県鴻巣市上谷687-1", "url": "https://www.kaigokensaku.mhlw.go.jp/11/index.php?action_kouhyou_detail_004_kani=true&JigyosyoCd=1171700162-00&ServiceCd=510&Type=search", "url2": "http://www.genkimuragroup.jp/genkimura/shoyouen" }, "geometry": { "type": "Point", "coordinates": [ 139.546791799999937, 36.060426500000013 ] } },
{ "type": "Feature", "properties": { "内容": "介護老人福祉施設　あかつき【介護老人福祉施設】埼玉県深谷市東方2737番1", "url": "https://www.kaigokensaku.mhlw.go.jp/11/index.php?action_kouhyou_detail_004_kani=true&JigyosyoCd=1174603124-00&ServiceCd=510&Type=search", "url2": "http//akatsuki.yugenkai.or.jp" }, "geometry": { "type": "Point", "coordinates": [ 139.314869, 36.1942474 ] } },
{ "type": "Feature", "properties": { "内容": "特別養護老人ホーム清風苑【介護老人福祉施設】埼玉県深谷市本田4915番地１", "url": "https://www.kaigokensaku.mhlw.go.jp/11/index.php?action_kouhyou_detail_004_kani=true&JigyosyoCd=1174500346-00&ServiceCd=510&Type=search", "url2": "https://seifuuen.com/" }, "geometry": { "type": "Point", "coordinates": [ 139.283703699999933, 36.1205638 ] } },
{ "type": "Feature", "properties": { "内容": "特別養護老人ホーム福寿園【介護老人福祉施設】埼玉県深谷市本郷341-1", "url": "https://www.kaigokensaku.mhlw.go.jp/11/index.php?action_kouhyou_detail_004_kani=true&JigyosyoCd=1174500353-00&ServiceCd=510&Type=search", "url2": "https://hukujuen.jp" }, "geometry": { "type": "Point", "coordinates": [ 139.220760599999949, 36.1632544 ] } },
{ "type": "Feature", "properties": { "内容": "特別養護老人ホーム　むさし愛光園【介護老人福祉施設】深谷市大谷241", "url": "https://www.kaigokensaku.mhlw.go.jp/11/index.php?action_kouhyou_detail_004_kani=true&JigyosyoCd=1174600104-00&ServiceCd=510&Type=search", "url2": "https://musashiaikoen-2.jimdosite.com/" }, "geometry": { "type": "Point", "coordinates": [ 139.2556925, 36.1544009 ] } },
{ "type": "Feature", "properties": { "内容": "特別養護老人ホームふじさわ苑【介護老人福祉施設】深谷市人見2028-3", "url": "https://www.kaigokensaku.mhlw.go.jp/11/index.php?action_kouhyou_detail_004_kani=true&JigyosyoCd=1174600120-00&ServiceCd=510&Type=search", "url2": "https://www.fujisawaen.jp/" }, "geometry": { "type": "Point", "coordinates": [ 139.263427399999955, 36.1630221 ] } },
{ "type": "Feature", "properties": { "内容": "特別養護老人ホームエンゼルの丘【介護老人福祉施設】埼玉県深谷市今泉６２５", "url": "https://www.kaigokensaku.mhlw.go.jp/11/index.php?action_kouhyou_detail_004_kani=true&JigyosyoCd=1174601326-00&ServiceCd=510&Type=search", "url2": "http://www.enzel.jp" }, "geometry": { "type": "Point", "coordinates": [ 139.209497400000032, 36.1846462 ] } },
{ "type": "Feature", "properties": { "内容": "特別養護老人ホーム深緑苑【介護老人福祉施設】埼玉県深谷市江原570番地", "url": "https://www.kaigokensaku.mhlw.go.jp/11/index.php?action_kouhyou_detail_004_kani=true&JigyosyoCd=1174600062-00&ServiceCd=510&Type=search", "url2": "http://www.shinryokuen.jp" }, "geometry": { "type": "Point", "coordinates": [ 139.325972299999989, 36.2283171 ] } },
{ "type": "Feature", "properties": { "内容": "介護老人福祉施設　かがやき【介護老人福祉施設】埼玉県深谷市成塚213番地", "url": "https://www.kaigokensaku.mhlw.go.jp/11/index.php?action_kouhyou_detail_004_kani=true&JigyosyoCd=1174602134-00&ServiceCd=510&Type=search", "url2": "http://kagayaki.yugenkai.or.jp" }, "geometry": { "type": "Point", "coordinates": [ 139.293413524209626, 36.227102746676685 ] } },
{ "type": "Feature", "properties": { "内容": "介護老人福祉施設　あかつき【介護老人福祉施設】埼玉県深谷市藤野木１１７番地", "url": "https://www.kaigokensaku.mhlw.go.jp/11/index.php?action_kouhyou_detail_004_kani=true&JigyosyoCd=1174600112-00&ServiceCd=510&Type=search", "url2": "http://akatsuki.yugenkai.or.jp" }, "geometry": { "type": "Point", "coordinates": [ 139.323926, 36.2151655 ] } },
{ "type": "Feature", "properties": { "内容": "特別養護老人ホーム　ひびき【介護老人福祉施設】埼玉県深谷市長在家３９７６", "url": "https://www.kaigokensaku.mhlw.go.jp/11/index.php?action_kouhyou_detail_004_kani=true&JigyosyoCd=1174601136-00&ServiceCd=510&Type=search", "url2": "http://www.hibiki-r.com/" }, "geometry": { "type": "Point", "coordinates": [ 139.288795700000037, 36.1541982 ] } },
{ "type": "Feature", "properties": { "内容": "特別養護老人ホーム　飛鳥の郷【介護老人福祉施設】埼玉県深谷市上原496", "url": "https://www.kaigokensaku.mhlw.go.jp/11/index.php?action_kouhyou_detail_004_kani=true&JigyosyoCd=1174501336-00&ServiceCd=510&Type=search", "url2": "http://www.hagukumukai.jp" }, "geometry": { "type": "Point", "coordinates": [ 139.271016700000018, 36.1505958 ] } },
{ "type": "Feature", "properties": { "内容": "特別養護老人ホーム　飛鳥の郷【介護老人福祉施設】埼玉県深谷市上原496", "url": "https://www.kaigokensaku.mhlw.go.jp/11/index.php?action_kouhyou_detail_004_kani=true&JigyosyoCd=1174602530-00&ServiceCd=510&Type=search", "url2": "http://www.hagukumukai.jp" }, "geometry": { "type": "Point", "coordinates": [ 139.2710945, 36.1506292 ] } },
{ "type": "Feature", "properties": { "内容": "特別養護老人ホームフラワーヴィラ【介護老人福祉施設】埼玉県深谷市小前田2677", "url": "https://www.kaigokensaku.mhlw.go.jp/11/index.php?action_kouhyou_detail_004_kani=true&JigyosyoCd=1174500338-00&ServiceCd=510&Type=search", "url2": "http://www.flowervilla.or.jp/" }, "geometry": { "type": "Point", "coordinates": [ 139.2191355, 36.1344301 ] } },
{ "type": "Feature", "properties": { "内容": "特別養護老人ホームサンライズガーデン　ユニット型【介護老人福祉施設】埼玉県深谷市上手計317-1", "url": "https://www.kaigokensaku.mhlw.go.jp/11/index.php?action_kouhyou_detail_004_kani=true&JigyosyoCd=1174602076-00&ServiceCd=510&Type=search", "url2": "https://www.nozomikai.jp/" }, "geometry": { "type": "Point", "coordinates": [ 139.262054578959692, 36.229443218962615 ] } },
{ "type": "Feature", "properties": { "内容": "特別養護老人ホームサンライズガーデン　従来型【介護老人福祉施設】埼玉県深谷市上手計317-1", "url": "https://www.kaigokensaku.mhlw.go.jp/11/index.php?action_kouhyou_detail_004_kani=true&JigyosyoCd=1174602068-00&ServiceCd=510&Type=search", "url2": "https://www.nozomikai.jp/" }, "geometry": { "type": "Point", "coordinates": [ 139.262124316394079, 36.229581690640202 ] } },
{ "type": "Feature", "properties": { "内容": "特別養護老人ホーム椋の木【介護老人福祉施設】上尾市大字平塚３２２番地", "url": "https://www.kaigokensaku.mhlw.go.jp/11/index.php?action_kouhyou_detail_004_kani=true&JigyosyoCd=1171602327-00&ServiceCd=510&Type=search", "url2": "http://shinei-kai.com" }, "geometry": { "type": "Point", "coordinates": [ 139.617291001727267, 35.978883682878816 ] } },
{ "type": "Feature", "properties": { "内容": "介護老人福祉施設ウエルハーネス上尾【介護老人福祉施設】埼玉県上尾市向山一丁目14番地７", "url": "https://www.kaigokensaku.mhlw.go.jp/11/index.php?action_kouhyou_detail_004_kani=true&JigyosyoCd=1171600925-00&ServiceCd=510&Type=search", "url2": "http://anshinkai-gr.jp/chikushikai/welharnessageo" }, "geometry": { "type": "Point", "coordinates": [ 139.584626299999968, 35.9607908 ] } },
{ "type": "Feature", "properties": { "内容": "特別養護老人ホーム　葺きの里【介護老人福祉施設】上尾市大字瓦葺2143番2", "url": "https://www.kaigokensaku.mhlw.go.jp/11/index.php?action_kouhyou_detail_004_kani=true&JigyosyoCd=1171600230-00&ServiceCd=510&Type=search", "url2": "http://www.fukinosato.org/" }, "geometry": { "type": "Point", "coordinates": [ 139.648173499999984, 35.9571917 ] } },
{ "type": "Feature", "properties": { "内容": "特別養護老人ホーム　葺きの里（ﾕﾆｯﾄ型小規模）【介護老人福祉施設】埼玉県上尾市瓦葺2143番地2", "url": "https://www.kaigokensaku.mhlw.go.jp/11/index.php?action_kouhyou_detail_004_kani=true&JigyosyoCd=1171602624-00&ServiceCd=510&Type=search", "url2": "ｈｔｔｐｓ：//www.fukinosato.org" }, "geometry": { "type": "Point", "coordinates": [ 139.6481708, 35.9571751 ] } },
{ "type": "Feature", "properties": { "内容": "特別養護老人ホーム　あけぼの【介護老人福祉施設】埼玉県上尾市大字上野５６７番地", "url": "https://www.kaigokensaku.mhlw.go.jp/11/index.php?action_kouhyou_detail_004_kani=true&JigyosyoCd=1171600248-00&ServiceCd=510&Type=search", "url2": "http://www.s-akebono.or.jp" }, "geometry": { "type": "Point", "coordinates": [ 139.5620755, 35.9424608 ] } },
{ "type": "Feature", "properties": { "内容": "新生ホーム【介護老人福祉施設】埼玉県上尾市平方領領家213-1東館", "url": "https://www.kaigokensaku.mhlw.go.jp/11/index.php?action_kouhyou_detail_004_kani=true&JigyosyoCd=1171601667-00&ServiceCd=510&Type=search", "url2": "http://www.shinsei-home.or.jp" }, "geometry": { "type": "Point", "coordinates": [ 139.571041455919612, 35.946566243739376 ] } },
{ "type": "Feature", "properties": { "内容": "新生ホーム【介護老人福祉施設】埼玉県上尾市平方領々家２２４－１", "url": "https://www.kaigokensaku.mhlw.go.jp/11/index.php?action_kouhyou_detail_004_kani=true&JigyosyoCd=1171600222-00&ServiceCd=510&Type=search", "url2": "http://www.shinsei-home.or.jp" }, "geometry": { "type": "Point", "coordinates": [ 139.571505399999978, 35.9460517 ] } },
{ "type": "Feature", "properties": { "内容": "特別養護老人ホームご福あげお【介護老人福祉施設】埼玉県上尾市平方505", "url": "https://www.kaigokensaku.mhlw.go.jp/11/index.php?action_kouhyou_detail_004_kani=true&JigyosyoCd=1171602665-00&ServiceCd=510&Type=search", "url2": "http://eijuso.com/gofukuageo/" }, "geometry": { "type": "Point", "coordinates": [ 139.548634389377867, 35.944248149169724 ] } },
{ "type": "Feature", "properties": { "内容": "上尾ほほえみの杜【介護老人福祉施設】埼玉県上尾市畔吉1341番地１", "url": "https://www.kaigokensaku.mhlw.go.jp/11/index.php?action_kouhyou_detail_004_kani=true&JigyosyoCd=1171601683-00&ServiceCd=510&Type=search", "url2": "http://www.chikushikai.or.jp/" }, "geometry": { "type": "Point", "coordinates": [ 139.552742699999953, 35.9718531 ] } },
{ "type": "Feature", "properties": { "内容": "上尾ほほえみの杜新館【介護老人福祉施設】埼玉県上尾市畔吉1341番地1", "url": "https://www.kaigokensaku.mhlw.go.jp/11/index.php?action_kouhyou_detail_004_kani=true&JigyosyoCd=1171603069-00&ServiceCd=510&Type=search", "url2": "http://www.chikushikai.or.jp" }, "geometry": { "type": "Point", "coordinates": [ 139.552739300000013, 35.9718254 ] } },
{ "type": "Feature", "properties": { "内容": "介護老人福祉施設　しののめ【介護老人福祉施設】埼玉県上尾市大字平塚字大砂２１４１", "url": "https://www.kaigokensaku.mhlw.go.jp/11/index.php?action_kouhyou_detail_004_kani=true&JigyosyoCd=1171600446-00&ServiceCd=510&Type=search", "url2": "http://sinonomekaigo.com" }, "geometry": { "type": "Point", "coordinates": [ 139.593205500000067, 35.9773805 ] } },
{ "type": "Feature", "properties": { "内容": "特別養護老人ホーム　パストーン浅間台【介護老人福祉施設】上尾市浅間台２－１７－１", "url": "https://www.kaigokensaku.mhlw.go.jp/11/index.php?action_kouhyou_detail_004_kani=true&JigyosyoCd=1171600644-00&ServiceCd=510&Type=search", "url2": "https://www.pastone.or.jp" }, "geometry": { "type": "Point", "coordinates": [ 139.574354299999982, 35.9797384 ] } },
{ "type": "Feature", "properties": { "内容": "特別養護老人ホーム四季の郷上尾【介護老人福祉施設】中新井333－2", "url": "https://www.kaigokensaku.mhlw.go.jp/11/index.php?action_kouhyou_detail_004_kani=true&JigyosyoCd=1171602681-00&ServiceCd=510&Type=search", "url2": "http://www.towa-kai.or.jp/ageo" }, "geometry": { "type": "Point", "coordinates": [ 139.586971400000039, 35.9504275 ] } },
{ "type": "Feature", "properties": { "内容": "特別養護老人ホーム上尾たいようの杜【介護老人福祉施設】埼玉県上尾市大字西門前755-1", "url": "https://www.kaigokensaku.mhlw.go.jp/11/index.php?action_kouhyou_detail_004_kani=true&JigyosyoCd=1171603218-00&ServiceCd=510&Type=search", "url2": "https://taiyounomori.marehoikuen.com/facility/ageo_taiyounomori.html" }, "geometry": { "type": "Point", "coordinates": [ 139.5833902, 35.9952965 ] } },
{ "type": "Feature", "properties": { "内容": "特別養護老人ホーム　フェリス【介護老人福祉施設】埼玉県草加市長栄二丁目１番地８", "url": "https://www.kaigokensaku.mhlw.go.jp/11/index.php?action_kouhyou_detail_004_kani=true&JigyosyoCd=1171801366-00&ServiceCd=510&Type=search", "url2": "http://camellia-kai.com" }, "geometry": { "type": "Point", "coordinates": [ 139.782452381536814, 35.85530379463394 ] } },
{ "type": "Feature", "properties": { "内容": "特別養護老人ホーム草加キングス・ガーデン【介護老人福祉施設】埼玉県草加市遊馬町185番地", "url": "https://www.kaigokensaku.mhlw.go.jp/11/index.php?action_kouhyou_detail_004_kani=true&JigyosyoCd=1171800574-00&ServiceCd=510&Type=search", "url2": "http://www.sokakg.com" }, "geometry": { "type": "Point", "coordinates": [ 139.776566199999934, 35.8174356 ] } },
{ "type": "Feature", "properties": { "内容": "特別養護老人ホーム草加園【介護老人福祉施設】埼玉県草加市苗塚町200番地2", "url": "https://www.kaigokensaku.mhlw.go.jp/11/index.php?action_kouhyou_detail_004_kani=true&JigyosyoCd=1171800194-00&ServiceCd=510&Type=search", "url2": "http://www.sokaen.or.jp/" }, "geometry": { "type": "Point", "coordinates": [ 139.7858823, 35.8327954 ] } },
{ "type": "Feature", "properties": { "内容": "特別養護老人ホーム　柿木園【介護老人福祉施設】草加市柿木町１８１", "url": "https://www.kaigokensaku.mhlw.go.jp/11/index.php?action_kouhyou_detail_004_kani=true&JigyosyoCd=1171800186-00&ServiceCd=510&Type=search", "url2": "https://www.seijyukai-smile.or.jp/" }, "geometry": { "type": "Point", "coordinates": [ 139.827796600000056, 35.8579863 ] } },
{ "type": "Feature", "properties": { "内容": "特別養護老人ホーム　アートフェリス【介護老人福祉施設】草加市松原1丁目8番15号", "url": "https://www.kaigokensaku.mhlw.go.jp/11/index.php?action_kouhyou_detail_004_kani=true&JigyosyoCd=1171802273-00&ServiceCd=510&Type=search", "url2": "https://camellia-kai.com/" }, "geometry": { "type": "Point", "coordinates": [ 139.799229483853225, 35.840332841747866 ] } },
{ "type": "Feature", "properties": { "内容": "特別養護老人ホーム　ラスール草加【介護老人福祉施設】埼玉県草加市原町1-11-1", "url": "https://www.kaigokensaku.mhlw.go.jp/11/index.php?action_kouhyou_detail_004_kani=true&JigyosyoCd=1171803297-00&ServiceCd=510&Type=search", "url2": "https://www.lasoeur-soka.com/" }, "geometry": { "type": "Point", "coordinates": [ 139.777731740475446, 35.845347458000823 ] } },
{ "type": "Feature", "properties": { "内容": "特別養護老人ホームクォーターヴィレッジ【介護老人福祉施設】埼玉県草加市柿木町1084番", "url": "https://www.kaigokensaku.mhlw.go.jp/11/index.php?action_kouhyou_detail_004_kani=true&JigyosyoCd=1171800962-00&ServiceCd=510&Type=search", "url2": "http://care-net.biz/11/q-village/" }, "geometry": { "type": "Point", "coordinates": [ 139.825313300000062, 35.86432150000001 ] } },
{ "type": "Feature", "properties": { "内容": "特別養護老人ホームグレースガーデン越谷【介護老人福祉施設】砂原125番地1", "url": "https://www.kaigokensaku.mhlw.go.jp/11/index.php?action_kouhyou_detail_004_kani=true&JigyosyoCd=1170803215-00&ServiceCd=510&Type=search", "url2": "http://gracegarden.or.jp/" }, "geometry": { "type": "Point", "coordinates": [ 139.756642387712418, 35.912798077939115 ] } },
{ "type": "Feature", "properties": { "内容": "キャンベルホーム【介護老人福祉施設】越谷市大吉552-1", "url": "https://www.kaigokensaku.mhlw.go.jp/11/index.php?action_kouhyou_detail_004_kani=true&JigyosyoCd=1170800625-00&ServiceCd=510&Type=search", "url2": "http://www.ooyoshikai.jp" }, "geometry": { "type": "Point", "coordinates": [ 139.802986176057402, 35.917750366889869 ] } },
{ "type": "Feature", "properties": { "内容": "指定介護老人福祉施設憩いの里【介護老人福祉施設】埼玉県越谷市増森1-85", "url": "https://www.kaigokensaku.mhlw.go.jp/11/index.php?action_kouhyou_detail_004_kani=true&JigyosyoCd=1170800237-00&ServiceCd=510&Type=search", "url2": "https://www.kishinkai.or.jp/" }, "geometry": { "type": "Point", "coordinates": [ 139.820972690213011, 35.899959196913024 ] } },
{ "type": "Feature", "properties": { "内容": "特別養護老人ホームレイクタウンの杜【介護老人福祉施設】埼玉県越谷市東町三丁目４３９番地１", "url": "https://www.kaigokensaku.mhlw.go.jp/11/index.php?action_kouhyou_detail_004_kani=true&JigyosyoCd=1170805103-00&ServiceCd=510&Type=search", "url2": "https://www.seijyukai-smile.or.jp/pages/46/" }, "geometry": { "type": "Point", "coordinates": [ 139.836653863368184, 35.87994848658213 ] } },
{ "type": "Feature", "properties": { "内容": "越谷よさこいホーム【介護老人福祉施設】埼玉県越谷市大字恩間新田５３番地１", "url": "https://www.kaigokensaku.mhlw.go.jp/11/index.php?action_kouhyou_detail_004_kani=true&JigyosyoCd=1170804387-00&ServiceCd=510&Type=search", "url2": "https://koshigaya-yosakoi.com/index.html" }, "geometry": { "type": "Point", "coordinates": [ 139.7544441, 35.9404467 ] } },
{ "type": "Feature", "properties": { "内容": "介護老人福祉施設　越谷ホーム【介護老人福祉施設】越谷市大字南荻島１９８７番地２", "url": "https://www.kaigokensaku.mhlw.go.jp/11/index.php?action_kouhyou_detail_004_kani=true&JigyosyoCd=1170800252-00&ServiceCd=510&Type=search", "url2": "http://www.koshigaya-home.or.jp" }, "geometry": { "type": "Point", "coordinates": [ 139.760187299999984, 35.9029342 ] } },
{ "type": "Feature", "properties": { "内容": "特別養護老人ホーム　越谷れんげの杜【介護老人福祉施設】埼玉県越谷市相模町2丁目277番１", "url": "https://www.kaigokensaku.mhlw.go.jp/11/index.php?action_kouhyou_detail_004_kani=true&JigyosyoCd=1170804379-00&ServiceCd=510&Type=search", "url2": "http://rengesou.or.jp" }, "geometry": { "type": "Point", "coordinates": [ 139.807353673710622, 35.886405557673058 ] } },
{ "type": "Feature", "properties": { "内容": "越谷なごみの郷【介護老人福祉施設】埼玉県越谷市川柳町3丁目60番１", "url": "https://www.kaigokensaku.mhlw.go.jp/11/index.php?action_kouhyou_detail_004_kani=true&JigyosyoCd=1170800245-00&ServiceCd=510&Type=search", "url2": "http://www.k-nagomi.or.jp" }, "geometry": { "type": "Point", "coordinates": [ 139.813128199999937, 35.8639797 ] } },
{ "type": "Feature", "properties": { "内容": "社会福祉法人桐和会　タムスさくらの杜越谷【介護老人福祉施設】埼玉県越谷市新川町2-247", "url": "https://www.kaigokensaku.mhlw.go.jp/11/index.php?action_kouhyou_detail_004_kani=true&JigyosyoCd=1170802563-00&ServiceCd=510&Type=search", "url2": "http://sakuranomori.or.jp/koshigaya.php" }, "geometry": { "type": "Point", "coordinates": [ 139.758339799999931, 35.8799232 ] } },
{ "type": "Feature", "properties": { "内容": "特別養護老人ホーム　桃の里【介護老人福祉施設】埼玉県越谷市大字船渡４３番地", "url": "https://www.kaigokensaku.mhlw.go.jp/11/index.php?action_kouhyou_detail_004_kani=true&JigyosyoCd=1170801680-00&ServiceCd=510&Type=search", "url2": "https://koukou.or.jp" }, "geometry": { "type": "Point", "coordinates": [ 139.794101599999976, 35.939365700000025 ] } },
{ "type": "Feature", "properties": { "内容": "特別養護老人ホームさち【介護老人福祉施設】埼玉県越谷市神明町3丁目18番地", "url": "https://www.kaigokensaku.mhlw.go.jp/11/index.php?action_kouhyou_detail_004_kani=true&JigyosyoCd=1170803892-00&ServiceCd=510&Type=search", "url2": "https://koukou.or.jp" }, "geometry": { "type": "Point", "coordinates": [ 139.768914419486919, 35.891753157637183 ] } },
{ "type": "Feature", "properties": { "内容": "クローバーホーム【介護老人福祉施設】埼玉県越谷市大字増林5445-1", "url": "https://www.kaigokensaku.mhlw.go.jp/11/index.php?action_kouhyou_detail_004_kani=true&JigyosyoCd=1170803868-00&ServiceCd=510&Type=search", "url2": "http://www.ooyoshikai.jp/clover/" }, "geometry": { "type": "Point", "coordinates": [ 139.81191739999997, 35.8957957 ] } },
{ "type": "Feature", "properties": { "内容": "特別養護老人ホーム　えくぼ【介護老人福祉施設】埼玉県越谷市七左町六丁目191番地1", "url": "https://www.kaigokensaku.mhlw.go.jp/11/index.php?action_kouhyou_detail_004_kani=true&JigyosyoCd=1170803173-00&ServiceCd=510&Type=search", "url2": "https://7793ekubo.jp" }, "geometry": { "type": "Point", "coordinates": [ 139.774216001134761, 35.873183808225811 ] } },
{ "type": "Feature", "properties": { "内容": "特別養護老人ホーム　みちみち越谷【介護老人福祉施設】埼玉県越谷市大字船渡２０４６", "url": "https://www.kaigokensaku.mhlw.go.jp/11/index.php?action_kouhyou_detail_004_kani=true&JigyosyoCd=1170801748-00&ServiceCd=510&Type=search", "url2": "http://www.mitimiti.jp/" }, "geometry": { "type": "Point", "coordinates": [ 139.799945500000035, 35.9413348 ] } },
{ "type": "Feature", "properties": { "内容": "介護老人福祉施設　嘉祥園【介護老人福祉施設】越谷市谷中町４丁目２９番地", "url": "https://www.kaigokensaku.mhlw.go.jp/11/index.php?action_kouhyou_detail_004_kani=true&JigyosyoCd=1170800260-00&ServiceCd=510&Type=search", "url2": "www.kashouen.biz/" }, "geometry": { "type": "Point", "coordinates": [ 139.769975700000032, 35.8903195 ] } },
{ "type": "Feature", "properties": { "内容": "特別養護老人ホ-ムレーベンホ-ムわらび(ユニット型)【介護老人福祉施設】埼玉県蕨市中央7-37-16特別養護老人ホ-ムレーベンホ-ムわらび", "url": "https://www.kaigokensaku.mhlw.go.jp/11/index.php?action_kouhyou_detail_004_kani=true&JigyosyoCd=1171401118-00&ServiceCd=510&Type=search", "url2": "http://ikeikai.net/" }, "geometry": { "type": "Point", "coordinates": [ 139.685794, 35.8169839 ] } },
{ "type": "Feature", "properties": { "内容": "特別養護老人ホームレ－ベンホ－ムわらび(従来型)【介護老人福祉施設】埼玉県蕨市中央7-37-16特別養護老人ホ－ムレ－ベンホ－ムわらび", "url": "https://www.kaigokensaku.mhlw.go.jp/11/index.php?action_kouhyou_detail_004_kani=true&JigyosyoCd=1171401092-00&ServiceCd=510&Type=search", "url2": "http://www.ikeikai.net/" }, "geometry": { "type": "Point", "coordinates": [ 139.685794, 35.8169839 ] } },
{ "type": "Feature", "properties": { "内容": "特別養護老人ホーム　蕨サンクチュアリ【介護老人福祉施設】蕨市北町５－１２－５", "url": "https://www.kaigokensaku.mhlw.go.jp/11/index.php?action_kouhyou_detail_004_kani=true&JigyosyoCd=1171400045-00&ServiceCd=510&Type=search", "url2": "https://neikoukai.or.jp/" }, "geometry": { "type": "Point", "coordinates": [ 139.66930590000004, 35.8347518 ] } },
{ "type": "Feature", "properties": { "内容": "特別養護老人ホーム　第２蕨サンクチュアリ【介護老人福祉施設】蕨市北町５－１３－２０", "url": "https://www.kaigokensaku.mhlw.go.jp/11/index.php?action_kouhyou_detail_004_kani=true&JigyosyoCd=1171400060-00&ServiceCd=510&Type=search", "url2": "https://neikoukai.or.jp/" }, "geometry": { "type": "Point", "coordinates": [ 139.669030900000052, 35.8344713 ] } },
{ "type": "Feature", "properties": { "内容": "いきいきタウンとだ【介護老人福祉施設】埼玉県戸田市喜沢南2丁目5番23号", "url": "https://www.kaigokensaku.mhlw.go.jp/11/index.php?action_kouhyou_detail_004_kani=true&JigyosyoCd=1171900549-00&ServiceCd=510&Type=search", "url2": "http://www.shafuku-pal.or.jp/" }, "geometry": { "type": "Point", "coordinates": [ 139.6913075, 35.8070316 ] } },
{ "type": "Feature", "properties": { "内容": "特別養護老人ホームレーベンホーム戸田（ユニット型）【介護老人福祉施設】埼玉県戸田市中町1-29-5特別養護老人ホームレーベンホーム戸田", "url": "https://www.kaigokensaku.mhlw.go.jp/11/index.php?action_kouhyou_detail_004_kani=true&JigyosyoCd=1171901190-00&ServiceCd=510&Type=search", "url2": "http://www.ikeikai.net/" }, "geometry": { "type": "Point", "coordinates": [ 139.68930469999998, 35.8135556 ] } },
{ "type": "Feature", "properties": { "内容": "特別養護老人ホームレーベンホーム戸田（従来型）【介護老人福祉施設】埼玉県戸田市中町1-29-5特別養護老人ホームレーベンホーム戸田", "url": "https://www.kaigokensaku.mhlw.go.jp/11/index.php?action_kouhyou_detail_004_kani=true&JigyosyoCd=1171901182-00&ServiceCd=510&Type=search", "url2": "http://www.ikeikai.net/" }, "geometry": { "type": "Point", "coordinates": [ 139.68930279999995, 35.8135754 ] } },
{ "type": "Feature", "properties": { "内容": "指定介護老人福祉施設戸田ほほえみの郷【介護老人福祉施設】埼玉県戸田市大字上戸田５番地の４", "url": "https://www.kaigokensaku.mhlw.go.jp/11/index.php?action_kouhyou_detail_004_kani=true&JigyosyoCd=1171900861-00&ServiceCd=510&Type=search", "url2": "https://www.toda-fukushinomori.or.jp" }, "geometry": { "type": "Point", "coordinates": [ 139.67308382750852, 35.821354707621403 ] } },
{ "type": "Feature", "properties": { "内容": "社会福祉法人優美会　特別養護老人ホームとだ優和の杜（ユニット型）【介護老人福祉施設】埼玉県戸田市新曽南4-2-35", "url": "https://www.kaigokensaku.mhlw.go.jp/11/index.php?action_kouhyou_detail_004_kani=true&JigyosyoCd=1171901281-00&ServiceCd=510&Type=search", "url2": "http://www.toda-yuuwanomori.jp/" }, "geometry": { "type": "Point", "coordinates": [ 139.663126700000021, 35.8064697 ] } },
{ "type": "Feature", "properties": { "内容": "社会福祉法人優美会　特別養護老人ホームとだ優和の杜（従来型）【介護老人福祉施設】埼玉県戸田市新曽南4-2-35", "url": "https://www.kaigokensaku.mhlw.go.jp/11/index.php?action_kouhyou_detail_004_kani=true&JigyosyoCd=1171901273-00&ServiceCd=510&Type=search", "url2": "http://www.toda-yuuwanomori.jp/" }, "geometry": { "type": "Point", "coordinates": [ 139.663126700000021, 35.8064697 ] } },
{ "type": "Feature", "properties": { "内容": "特別養護老人ホームけやき野の森【介護老人福祉施設】埼玉県入間市下藤沢1140番地1", "url": "https://www.kaigokensaku.mhlw.go.jp/11/index.php?action_kouhyou_detail_004_kani=true&JigyosyoCd=1172801928-00&ServiceCd=510&Type=search", "url2": "https://naebafukushikai.com/facilities/facility/26062" }, "geometry": { "type": "Point", "coordinates": [ 139.409607276057471, 35.827627071853726 ] } },
{ "type": "Feature", "properties": { "内容": "特別養護老人ホームけやき野の森【介護老人福祉施設】埼玉県入間市下藤沢1140番地1", "url": "https://www.kaigokensaku.mhlw.go.jp/11/index.php?action_kouhyou_detail_004_kani=true&JigyosyoCd=1172801936-00&ServiceCd=510&Type=search", "url2": "https://naebafukushikai.com/facilities/facility/26062" }, "geometry": { "type": "Point", "coordinates": [ 139.409601911639442, 35.827635770596849 ] } },
{ "type": "Feature", "properties": { "内容": "特別養護老人ホーム　聖愛園【介護老人福祉施設】埼玉県入間市大字二本木１０８３番地１", "url": "https://www.kaigokensaku.mhlw.go.jp/11/index.php?action_kouhyou_detail_004_kani=true&JigyosyoCd=1172800128-00&ServiceCd=510&Type=search", "url2": "http://saiyukai.jp/" }, "geometry": { "type": "Point", "coordinates": [ 139.357969499999967, 35.7957556 ] } },
{ "type": "Feature", "properties": { "内容": "特別養護老人ホームおおぎ【介護老人福祉施設】埼玉県入間市東町4-1-77", "url": "https://www.kaigokensaku.mhlw.go.jp/11/index.php?action_kouhyou_detail_004_kani=true&JigyosyoCd=1172802140-00&ServiceCd=510&Type=search", "url2": "https://www.iruma-oogi.or.jp" }, "geometry": { "type": "Point", "coordinates": [ 139.40291830000001, 35.8317482 ] } },
{ "type": "Feature", "properties": { "内容": "特別養護老人ホーム　おおぎ【介護老人福祉施設】埼玉県入間市東町4-1-77", "url": "https://www.kaigokensaku.mhlw.go.jp/11/index.php?action_kouhyou_detail_004_kani=true&JigyosyoCd=1172802132-00&ServiceCd=510&Type=search", "url2": "https://www.iruma-oogi.or.jp/facilities-nc/oogi/" }, "geometry": { "type": "Point", "coordinates": [ 139.40291830000001, 35.8317482 ] } },
{ "type": "Feature", "properties": { "内容": "特別養護老人ホーム　扇揚苑【介護老人福祉施設】入間市大字中神８５３－１", "url": "https://www.kaigokensaku.mhlw.go.jp/11/index.php?action_kouhyou_detail_004_kani=true&JigyosyoCd=1172800565-00&ServiceCd=510&Type=search", "url2": "http://www.iruma-oogi.or.jp" }, "geometry": { "type": "Point", "coordinates": [ 139.3553551, 35.8106232 ] } },
{ "type": "Feature", "properties": { "内容": "特別養護老人ホーム入間つつじの園【介護老人福祉施設】埼玉県入間市宮寺２４６７番地", "url": "https://www.kaigokensaku.mhlw.go.jp/11/index.php?action_kouhyou_detail_004_kani=true&JigyosyoCd=1172801373-00&ServiceCd=510&Type=search", "url2": "https://syafuku-seiwa.or.jp/" }, "geometry": { "type": "Point", "coordinates": [ 139.379926354414351, 35.797311196128739 ] } },
{ "type": "Feature", "properties": { "内容": "特別養護老人ホーム　鍵山苑　1号館【介護老人福祉施設】埼玉県入間市鍵山3-11-2", "url": "https://www.kaigokensaku.mhlw.go.jp/11/index.php?action_kouhyou_detail_004_kani=true&JigyosyoCd=1172801688-00&ServiceCd=510&Type=search", "url2": "https://seihou-kai.jp" }, "geometry": { "type": "Point", "coordinates": [ 139.374216763754248, 35.846176414019268 ] } },
{ "type": "Feature", "properties": { "内容": "特別養護老人ホーム　鍵山苑　2号館【介護老人福祉施設】埼玉県入間市鍵山3－11－2", "url": "https://www.kaigokensaku.mhlw.go.jp/11/index.php?action_kouhyou_detail_004_kani=true&JigyosyoCd=1172801696-00&ServiceCd=510&Type=search", "url2": "http://seihou-kai.jp/kagiyamaen/wp-loguin.php" }, "geometry": { "type": "Point", "coordinates": [ 139.374313323278784, 35.846215549204246 ] } },
{ "type": "Feature", "properties": { "内容": "特別養護老人ホーム　杏樹苑爽風館【介護老人福祉施設】埼玉県入間市仏子1111-1", "url": "https://www.kaigokensaku.mhlw.go.jp/11/index.php?action_kouhyou_detail_004_kani=true&JigyosyoCd=1172801464-00&ServiceCd=510&Type=search", "url2": "http://anjyukai.or.jp/sf/" }, "geometry": { "type": "Point", "coordinates": [ 139.360949784655759, 35.841329032090087 ] } },
{ "type": "Feature", "properties": { "内容": "特別養護老人ホーム　杏樹苑【介護老人福祉施設】入間市上藤沢851-1", "url": "https://www.kaigokensaku.mhlw.go.jp/11/index.php?action_kouhyou_detail_004_kani=true&JigyosyoCd=1172800144-00&ServiceCd=510&Type=search", "url2": "http://anjyukai.or.jp/" }, "geometry": { "type": "Point", "coordinates": [ 139.388189199999943, 35.8104937 ] } },
{ "type": "Feature", "properties": { "内容": "入間老人ホーム本館【介護老人福祉施設】埼玉県入間市大字小谷田1656番地1", "url": "https://www.kaigokensaku.mhlw.go.jp/11/index.php?action_kouhyou_detail_004_kani=true&JigyosyoCd=1172801662-00&ServiceCd=510&Type=search", "url2": "https://www.eijinkai.jp/irumahome/" }, "geometry": { "type": "Point", "coordinates": [ 139.36780090000002, 35.8324849 ] } },
{ "type": "Feature", "properties": { "内容": "特別養護老人ホーム　ハレルヤ【介護老人福祉施設】埼玉県朝霞市溝沼１丁目５番６号", "url": "https://www.kaigokensaku.mhlw.go.jp/11/index.php?action_kouhyou_detail_004_kani=true&JigyosyoCd=1172100404-00&ServiceCd=510&Type=search", "url2": "https://yamayanagi.or.jp/hallelujah/" }, "geometry": { "type": "Point", "coordinates": [ 139.5892725, 35.7997741 ] } },
{ "type": "Feature", "properties": { "内容": "朝光苑【介護老人福祉施設】埼玉県朝霞市青葉台1丁目10番32号", "url": "https://www.kaigokensaku.mhlw.go.jp/11/index.php?action_kouhyou_detail_004_kani=true&JigyosyoCd=1172100925-00&ServiceCd=510&Type=search", "url2": "http://www.choukouen.com" }, "geometry": { "type": "Point", "coordinates": [ 139.590403199999969, 35.790458800000025 ] } },
{ "type": "Feature", "properties": { "内容": "特別養護老人ホーム内間木苑【介護老人福祉施設】埼玉県朝霞市上内間木苑４９８－４", "url": "https://www.kaigokensaku.mhlw.go.jp/11/index.php?action_kouhyou_detail_004_kani=true&JigyosyoCd=1172100198-00&ServiceCd=510&Type=search", "url2": "http://www.uchimagien.or.jp/" }, "geometry": { "type": "Point", "coordinates": [ 139.603020300000026, 35.8281864 ] } },
{ "type": "Feature", "properties": { "内容": "特別養護老人ホーム内間木苑ユニット型【介護老人福祉施設】朝霞市上内間木498-4", "url": "https://www.kaigokensaku.mhlw.go.jp/11/index.php?action_kouhyou_detail_004_kani=true&JigyosyoCd=1172101527-00&ServiceCd=510&Type=search", "url2": "http://www.uchimagien.or.jp/" }, "geometry": { "type": "Point", "coordinates": [ 139.6031946, 35.8282084 ] } },
{ "type": "Feature", "properties": { "内容": "特別養護老人ホーム　ブロン【介護老人福祉施設】埼玉県志木市本町２－１０－５０", "url": "https://www.kaigokensaku.mhlw.go.jp/11/index.php?action_kouhyou_detail_004_kani=true&JigyosyoCd=1172200063-00&ServiceCd=510&Type=search", "url2": "https://bron.or.jp" }, "geometry": { "type": "Point", "coordinates": [ 139.5821221, 35.8338699 ] } },
{ "type": "Feature", "properties": { "内容": "特別養護老人ホーム　志木の里【介護老人福祉施設】埼玉県志木市柏町1-6-73", "url": "https://www.kaigokensaku.mhlw.go.jp/11/index.php?action_kouhyou_detail_004_kani=true&JigyosyoCd=1172200642-00&ServiceCd=510&Type=search", "url2": "http://www.kawatsuru-g.jp" }, "geometry": { "type": "Point", "coordinates": [ 139.576153100000056, 35.8356752 ] } },
{ "type": "Feature", "properties": { "内容": "特別養護老人ホーム　あったかの家【介護老人福祉施設】埼玉県志木市下宗岡3-5-15", "url": "https://www.kaigokensaku.mhlw.go.jp/11/index.php?action_kouhyou_detail_004_kani=true&JigyosyoCd=1172200329-00&ServiceCd=510&Type=search", "url2": "attakanoie.com" }, "geometry": { "type": "Point", "coordinates": [ 139.596284600000018, 35.835239399999978 ] } },
{ "type": "Feature", "properties": { "内容": "志木瑞穂の森【介護老人福祉施設】中宗岡3-16-53特別養護老人ホーム志木瑞穂の森", "url": "https://www.kaigokensaku.mhlw.go.jp/11/index.php?action_kouhyou_detail_004_kani=true&JigyosyoCd=1172200600-00&ServiceCd=510&Type=search", "url2": "http://sakura-mizuhokai.or.jp" }, "geometry": { "type": "Point", "coordinates": [ 139.599653091401706, 35.837042363505795 ] } },
{ "type": "Feature", "properties": { "内容": "特別養護老人ホーム　和光苑【介護老人福祉施設】和光市新倉８－２３－１", "url": "https://www.kaigokensaku.mhlw.go.jp/11/index.php?action_kouhyou_detail_004_kani=true&JigyosyoCd=1172502872-00&ServiceCd=510&Type=search", "url2": "http://www.fukusi.or.jp/" }, "geometry": { "type": "Point", "coordinates": [ 139.632010199999968, 35.8017751 ] } },
{ "type": "Feature", "properties": { "内容": "特別養護老人ホーム　菜々の郷【介護老人福祉施設】埼玉県新座市馬場１－２－３５", "url": "https://www.kaigokensaku.mhlw.go.jp/11/index.php?action_kouhyou_detail_004_kani=true&JigyosyoCd=1175101029-00&ServiceCd=510&Type=search", "url2": "http://www.niizafukushikai.or.jp" }, "geometry": { "type": "Point", "coordinates": [ 139.569963199999961, 35.7848788 ] } },
{ "type": "Feature", "properties": { "内容": "特別養護老人ホーム　そらーれ新座【介護老人福祉施設】埼玉県新座市野火止1-19-15", "url": "https://www.kaigokensaku.mhlw.go.jp/11/index.php?action_kouhyou_detail_004_kani=true&JigyosyoCd=1175101326-00&ServiceCd=510&Type=search", "url2": "http://solare-senh.jo/" }, "geometry": { "type": "Point", "coordinates": [ 139.5644433, 35.7891788 ] } },
{ "type": "Feature", "properties": { "内容": "特別養護老人ホーム　晴和苑【介護老人福祉施設】埼玉県新座市東３丁目７番２６号", "url": "https://www.kaigokensaku.mhlw.go.jp/11/index.php?action_kouhyou_detail_004_kani=true&JigyosyoCd=1175100179-00&ServiceCd=510&Type=search", "url2": "http://www.seiwaen.jp" }, "geometry": { "type": "Point", "coordinates": [ 139.572404099999972, 35.8147999 ] } },
{ "type": "Feature", "properties": { "内容": "介護老人福祉施設　みかんの里【介護老人福祉施設】埼玉県新座市中野1-17-33", "url": "https://www.kaigokensaku.mhlw.go.jp/11/index.php?action_kouhyou_detail_004_kani=true&JigyosyoCd=1175100187-00&ServiceCd=510&Type=search", "url2": "http://www8.ocn.ne.jp/~mikann/" }, "geometry": { "type": "Point", "coordinates": [ 139.538689799999929, 35.8206237 ] } },
{ "type": "Feature", "properties": { "内容": "特別養護老人ホーム　チェリーヒルズ新座【介護老人福祉施設】埼玉県新座市あたご3丁目4番地３", "url": "https://www.kaigokensaku.mhlw.go.jp/11/index.php?action_kouhyou_detail_004_kani=true&JigyosyoCd=1175102068-00&ServiceCd=510&Type=search", "url2": "c.niiza@matukawakai.jp" }, "geometry": { "type": "Point", "coordinates": [ 139.5440345, 35.7927161 ] } },
{ "type": "Feature", "properties": { "内容": "介護老人福祉施設　殿山亀寿苑【介護老人福祉施設】埼玉県新座市堀ノ内3丁目13番1号", "url": "https://www.kaigokensaku.mhlw.go.jp/11/index.php?action_kouhyou_detail_004_kani=true&JigyosyoCd=1175100161-00&ServiceCd=510&Type=search", "url2": "http://www.donoyamakijyuen.jp" }, "geometry": { "type": "Point", "coordinates": [ 139.55614479999997, 35.7748103 ] } },
{ "type": "Feature", "properties": { "内容": "特別養護老人ホーム　花ノ木の郷【介護老人福祉施設】埼玉県桶川市加納1824-1", "url": "https://www.kaigokensaku.mhlw.go.jp/11/index.php?action_kouhyou_detail_004_kani=true&JigyosyoCd=1175200557-00&ServiceCd=510&Type=search", "url2": "http://www.ryokufu-kai.or.jp" }, "geometry": { "type": "Point", "coordinates": [ 139.56165580000004, 36.0315414 ] } },
{ "type": "Feature", "properties": { "内容": "特別養護老人ホームはにわの里【介護老人福祉施設】埼玉県桶川市川田谷7141番地の１", "url": "https://www.kaigokensaku.mhlw.go.jp/11/index.php?action_kouhyou_detail_004_kani=true&JigyosyoCd=1175200086-00&ServiceCd=510&Type=search", "url2": "http://www.anseifukushikai.or.jp/home.htm" }, "geometry": { "type": "Point", "coordinates": [ 139.509878500000013, 35.9988342 ] } },
{ "type": "Feature", "properties": { "内容": "特別養護老人ホーム　ナーシングコート【介護老人福祉施設】埼玉県桶川市川田谷6238", "url": "https://www.kaigokensaku.mhlw.go.jp/11/index.php?action_kouhyou_detail_004_kani=true&JigyosyoCd=1175201092-00&ServiceCd=510&Type=search", "url2": "https://aishinkai.net/nursingcoart.html" }, "geometry": { "type": "Point", "coordinates": [ 139.531819199999973, 36.012107675432119 ] } },
{ "type": "Feature", "properties": { "内容": "特別養護老人ホームクイーンズビラ桶川【介護老人福祉施設】埼玉県桶川市坂田845-1", "url": "https://www.kaigokensaku.mhlw.go.jp/11/index.php?action_kouhyou_detail_004_kani=true&JigyosyoCd=1175200854-00&ServiceCd=510&Type=search", "url2": "okegawa@queensvilla.com" }, "geometry": { "type": "Point", "coordinates": [ 139.578485912519113, 36.02226476228514 ] } },
{ "type": "Feature", "properties": { "内容": "べに花の郷【介護老人福祉施設】埼玉県桶川市坂田字原５１６番地１", "url": "https://www.kaigokensaku.mhlw.go.jp/11/index.php?action_kouhyou_detail_004_kani=true&JigyosyoCd=1175200078-00&ServiceCd=510&Type=search", "url2": "http://s-meiwakai.jp" }, "geometry": { "type": "Point", "coordinates": [ 139.579692568833451, 36.013629520615709 ] } },
{ "type": "Feature", "properties": { "内容": "特別養護老人ホーム　ベテラン館ヴィラ桶川【介護老人福祉施設】加納818-1", "url": "https://www.kaigokensaku.mhlw.go.jp/11/index.php?action_kouhyou_detail_004_kani=true&JigyosyoCd=1175201373-00&ServiceCd=510&Type=search", "url2": "http://www.kouyoujukai.or.jp" }, "geometry": { "type": "Point", "coordinates": [ 139.562195, 36.020729 ] } },
{ "type": "Feature", "properties": { "内容": "介護老人福祉施設　喜びの里鷲宮【介護老人福祉施設】埼玉県久喜市鷲宮3055番地1", "url": "https://www.kaigokensaku.mhlw.go.jp/11/index.php?action_kouhyou_detail_004_kani=true&JigyosyoCd=1170901308-00&ServiceCd=510&Type=search", "url2": "http://www.kukinosato.jp/yorokobinosato/" }, "geometry": { "type": "Point", "coordinates": [ 139.669209541725223, 36.102990959468549 ] } },
{ "type": "Feature", "properties": { "内容": "介護老人福祉施設しょうぶの里【介護老人福祉施設】埼玉県久喜市菖蒲町下栢間２８１５番地１", "url": "https://www.kaigokensaku.mhlw.go.jp/11/index.php?action_kouhyou_detail_004_kani=true&JigyosyoCd=1170500134-00&ServiceCd=510&Type=search", "url2": "http://www.syoubunosato.jp" }, "geometry": { "type": "Point", "coordinates": [ 139.574351200000024, 36.0369052 ] } },
{ "type": "Feature", "properties": { "内容": "鶴寿荘介護老人福祉施設【介護老人福祉施設】埼玉県久喜市北青柳1364", "url": "https://www.kaigokensaku.mhlw.go.jp/11/index.php?action_kouhyou_detail_004_kani=true&JigyosyoCd=1170900144-00&ServiceCd=510&Type=search", "url2": "http://www.kakuju.saitama.jp/" }, "geometry": { "type": "Point", "coordinates": [ 139.661486100000047, 36.0518941 ] } },
{ "type": "Feature", "properties": { "内容": "特別養護老人ホームしょうぶ翔裕園【介護老人福祉施設】埼玉県久喜市菖蒲町菖蒲5205番", "url": "https://www.kaigokensaku.mhlw.go.jp/11/index.php?action_kouhyou_detail_004_kani=true&JigyosyoCd=1170901548-00&ServiceCd=510&Type=search", "url2": "https://www.genkimuragroup.jp/genkimura/shobu/" }, "geometry": { "type": "Point", "coordinates": [ 139.6027358, 36.0651249 ] } },
{ "type": "Feature", "properties": { "内容": "特別養護老人ホーム　鷲宮苑【介護老人福祉施設】久喜市上川崎607番地", "url": "https://www.kaigokensaku.mhlw.go.jp/11/index.php?action_kouhyou_detail_004_kani=true&JigyosyoCd=1171100231-00&ServiceCd=510&Type=search", "url2": "https://taijukai.com" }, "geometry": { "type": "Point", "coordinates": [ 139.692324099999951, 36.0805459 ] } },
{ "type": "Feature", "properties": { "内容": "特別養護老人ホーム恒寿苑【介護老人福祉施設】埼玉県久喜市中妻902-1", "url": "https://www.kaigokensaku.mhlw.go.jp/11/index.php?action_kouhyou_detail_004_kani=true&JigyosyoCd=1171100249-00&ServiceCd=510&Type=search", "url2": "http://www.koujuen.com" }, "geometry": { "type": "Point", "coordinates": [ 139.645174600000018, 36.0886193 ] } },
{ "type": "Feature", "properties": { "内容": "介護老人福祉施設久喜の里（従来型）【介護老人福祉施設】久喜市下早見1728番地1", "url": "https://www.kaigokensaku.mhlw.go.jp/11/index.php?action_kouhyou_detail_004_kani=true&JigyosyoCd=1170900136-00&ServiceCd=510&Type=search", "url2": "http://www.kukinosato.jp/" }, "geometry": { "type": "Point", "coordinates": [ 139.65395441600802, 36.050635591726873 ] } },
{ "type": "Feature", "properties": { "内容": "介護老人福祉施設　栗橋翔裕園【介護老人福祉施設】埼玉県久喜市栗橋３１０－１", "url": "https://www.kaigokensaku.mhlw.go.jp/11/index.php?action_kouhyou_detail_004_kani=true&JigyosyoCd=1171100256-00&ServiceCd=510&Type=search", "url2": "http://www.genkimuragroup.jp/genkimura/kurihashi/" }, "geometry": { "type": "Point", "coordinates": [ 139.703554899999972, 36.1257159 ] } },
{ "type": "Feature", "properties": { "内容": "介護老人福祉施設　陽日館　（ユニット型）【介護老人福祉施設】久喜市下早見1728番地1", "url": "https://www.kaigokensaku.mhlw.go.jp/11/index.php?action_kouhyou_detail_004_kani=true&JigyosyoCd=1170901100-00&ServiceCd=510&Type=search", "url2": "ｈｔｔｐ：//ｗｗｗ．ｋｕｋｉｎｏｓａｔｏ．ｊｐ/" }, "geometry": { "type": "Point", "coordinates": [ 139.653766661376977, 36.050852447281287 ] } },
{ "type": "Feature", "properties": { "内容": "特別養護老人ホーム　ローレル高柳【介護老人福祉施設】久喜市高柳字神取前2261特別養護老人ホームローレル高柳", "url": "https://www.kaigokensaku.mhlw.go.jp/11/index.php?action_kouhyou_detail_004_kani=true&JigyosyoCd=1170901266-00&ServiceCd=510&Type=search", "url2": "http://www.growring.jp/" }, "geometry": { "type": "Point", "coordinates": [ 139.676216088113421, 36.119468742644585 ] } },
{ "type": "Feature", "properties": { "内容": "特別養護老人ホーム　久喜ことぶき苑【介護老人福祉施設】上内1378番11", "url": "https://www.kaigokensaku.mhlw.go.jp/11/index.php?action_kouhyou_detail_004_kani=true&JigyosyoCd=1170901647-00&ServiceCd=510&Type=search", "url2": "http://www.fussakotobukien.or,jp" }, "geometry": { "type": "Point", "coordinates": [ 139.660226461376965, 36.092402591116894 ] } },
{ "type": "Feature", "properties": { "内容": "特別養護老人ホーム　久喜ことぶき苑【介護老人福祉施設】上内1378番11", "url": "https://www.kaigokensaku.mhlw.go.jp/11/index.php?action_kouhyou_detail_004_kani=true&JigyosyoCd=1170901662-00&ServiceCd=510&Type=search", "url2": "http://www.fussakotobukien.or,jp" }, "geometry": { "type": "Point", "coordinates": [ 139.660024749432608, 36.092552632308944 ] } },
{ "type": "Feature", "properties": { "内容": "特別養護老人ホーム　チェリーヒルズ北本【介護老人福祉施設】埼玉県北本市石戸5-143-1", "url": "https://www.kaigokensaku.mhlw.go.jp/11/index.php?action_kouhyou_detail_004_kani=true&JigyosyoCd=1175300423-00&ServiceCd=510&Type=search", "url2": "http://www.matukawakai.jp/" }, "geometry": { "type": "Point", "coordinates": [ 139.527317399999987, 36.0188407 ] } },
{ "type": "Feature", "properties": { "内容": "特別養護老人ホーム　さくら苑【介護老人福祉施設】北本市深井５－６７", "url": "https://www.kaigokensaku.mhlw.go.jp/11/index.php?action_kouhyou_detail_004_kani=true&JigyosyoCd=1175300076-00&ServiceCd=510&Type=search", "url2": "http://tokujikai.or.jp/" }, "geometry": { "type": "Point", "coordinates": [ 139.528005, 36.0497407 ] } },
{ "type": "Feature", "properties": { "内容": "特別養護老人ホーム　サニーホーム【介護老人福祉施設】埼玉県北本市緑4丁目104番地", "url": "https://www.kaigokensaku.mhlw.go.jp/11/index.php?action_kouhyou_detail_004_kani=true&JigyosyoCd=1175300068-00&ServiceCd=510&Type=search", "url2": "http://kitamoto-sunnyhome.com/" }, "geometry": { "type": "Point", "coordinates": [ 139.540460899999971, 36.0210746 ] } },
{ "type": "Feature", "properties": { "内容": "特別養護老人ホームびおもす蒲桜（ユニット型）【介護老人福祉施設】中丸9丁目257", "url": "https://www.kaigokensaku.mhlw.go.jp/11/index.php?action_kouhyou_detail_004_kani=true&JigyosyoCd=1175301066-00&ServiceCd=510&Type=search", "url2": "https://hitotubu.com/" }, "geometry": { "type": "Point", "coordinates": [ 139.554562610975694, 36.022873243024158 ] } },
{ "type": "Feature", "properties": { "内容": "特別養護老人ホームびおもす蒲桜（従来型）【介護老人福祉施設】埼玉県北本市中丸9丁目257", "url": "https://www.kaigokensaku.mhlw.go.jp/11/index.php?action_kouhyou_detail_004_kani=true&JigyosyoCd=1175301058-00&ServiceCd=510&Type=search", "url2": "https://hitotubu.com/" }, "geometry": { "type": "Point", "coordinates": [ 139.554557246557636, 36.022899274897263 ] } },
{ "type": "Feature", "properties": { "内容": "特別養護老人ホームけやきの杜（ユニット型）【介護老人福祉施設】埼玉県北本市朝日１－３０－１", "url": "https://www.kaigokensaku.mhlw.go.jp/11/index.php?action_kouhyou_detail_004_kani=true&JigyosyoCd=1175300670-00&ServiceCd=510&Type=search", "url2": "http://www.psq.or.jp/" }, "geometry": { "type": "Point", "coordinates": [ 139.549738067845141, 36.041326566678968 ] } },
{ "type": "Feature", "properties": { "内容": "特別養護老人ホームけやきの杜（従来型）【介護老人福祉施設】埼玉県北本市朝日１－３０－１", "url": "https://www.kaigokensaku.mhlw.go.jp/11/index.php?action_kouhyou_detail_004_kani=true&JigyosyoCd=1175300662-00&ServiceCd=510&Type=search", "url2": "http://www.psq.or.jp/" }, "geometry": { "type": "Point", "coordinates": [ 139.549770254353319, 36.041304878526745 ] } },
{ "type": "Feature", "properties": { "内容": "特別養護老人ホームきたもと寿苑【介護老人福祉施設】埼玉県北本市二ツ家３丁目１１３－３", "url": "https://www.kaigokensaku.mhlw.go.jp/11/index.php?action_kouhyou_detail_004_kani=true&JigyosyoCd=1175300704-00&ServiceCd=510&Type=search", "url2": "http://care-net.biz/11/ikmk-jp/" }, "geometry": { "type": "Point", "coordinates": [ 139.552381210975653, 36.014639344398958 ] } },
{ "type": "Feature", "properties": { "内容": "特別養護老人ホームちとせ北本【介護老人福祉施設】埼玉県北本市深井3-25-1", "url": "https://www.kaigokensaku.mhlw.go.jp/11/index.php?action_kouhyou_detail_004_kani=true&JigyosyoCd=1175300936-00&ServiceCd=510&Type=search", "url2": "info-kitamoto@1000.or.jp" }, "geometry": { "type": "Point", "coordinates": [ 139.5260905, 36.0485147 ] } },
{ "type": "Feature", "properties": { "内容": "特別養護老人ホーム杜の家やしお【介護老人福祉施設】埼玉県八潮市鶴ケ曽根567番1", "url": "https://www.kaigokensaku.mhlw.go.jp/11/index.php?action_kouhyou_detail_004_kani=true&JigyosyoCd=1171000365-00&ServiceCd=510&Type=search", "url2": "http://www.gakudan.org" }, "geometry": { "type": "Point", "coordinates": [ 139.836666400000013, 35.8300654 ] } },
{ "type": "Feature", "properties": { "内容": "高齢者福祉施設　やしお苑【介護老人福祉施設】埼玉県八潮市南川崎210-1", "url": "https://www.kaigokensaku.mhlw.go.jp/11/index.php?action_kouhyou_detail_004_kani=true&JigyosyoCd=1171000357-00&ServiceCd=510&Type=search", "url2": "https://www.nagurien.or.jp" }, "geometry": { "type": "Point", "coordinates": [ 139.860568100000023, 35.8116599 ] } },
{ "type": "Feature", "properties": { "内容": "社会福祉法人きらめき会　八潮いこいの里【介護老人福祉施設】埼玉県八潮市垳526番地の1", "url": "https://www.kaigokensaku.mhlw.go.jp/11/index.php?action_kouhyou_detail_004_kani=true&JigyosyoCd=1171000746-00&ServiceCd=510&Type=search", "url2": "http://www.kiramekikai.jp/" }, "geometry": { "type": "Point", "coordinates": [ 139.835368, 35.8029294 ] } },
{ "type": "Feature", "properties": { "内容": "社会福祉法人きらめき会　八潮いこいの里【介護老人福祉施設】埼玉県八潮市垳526番地1", "url": "https://www.kaigokensaku.mhlw.go.jp/11/index.php?action_kouhyou_detail_004_kani=true&JigyosyoCd=1171000738-00&ServiceCd=510&Type=search", "url2": "http://www.kiramekikai.jp/" }, "geometry": { "type": "Point", "coordinates": [ 139.835292782679289, 35.802877360896922 ] } },
{ "type": "Feature", "properties": { "内容": "特別養護老人ホームやしおの郷（ユニット型）【介護老人福祉施設】埼玉県八潮市大字八條1221番地", "url": "https://www.kaigokensaku.mhlw.go.jp/11/index.php?action_kouhyou_detail_004_kani=true&JigyosyoCd=1171000969-00&ServiceCd=510&Type=search", "url2": "https://shineikai.jp" }, "geometry": { "type": "Point", "coordinates": [ 139.8368121, 35.8496844 ] } },
{ "type": "Feature", "properties": { "内容": "特別養護老人ホームやしおの郷（従来型）【介護老人福祉施設】埼玉県八潮市大字八條1221番地", "url": "https://www.kaigokensaku.mhlw.go.jp/11/index.php?action_kouhyou_detail_004_kani=true&JigyosyoCd=1171000951-00&ServiceCd=510&Type=search", "url2": "https://shineikai.jp" }, "geometry": { "type": "Point", "coordinates": [ 139.838453611917089, 35.850936660951902 ] } },
{ "type": "Feature", "properties": { "内容": "特別養護老人ホーム　はるな苑【介護老人福祉施設】埼玉県富士見市大字勝瀬512-1", "url": "https://www.kaigokensaku.mhlw.go.jp/11/index.php?action_kouhyou_detail_004_kani=true&JigyosyoCd=1172900639-00&ServiceCd=510&Type=search", "url2": "http://harunaen.net/" }, "geometry": { "type": "Point", "coordinates": [ 139.545055720901473, 35.863915595077906 ] } },
{ "type": "Feature", "properties": { "内容": "特別養護老人ホーム　こぶしの里【介護老人福祉施設】埼玉県富士見市上南畑2836", "url": "https://www.kaigokensaku.mhlw.go.jp/11/index.php?action_kouhyou_detail_004_kani=true&JigyosyoCd=1172900696-00&ServiceCd=510&Type=search", "url2": "http://www.kawatsuru-g.jp" }, "geometry": { "type": "Point", "coordinates": [ 139.551965, 35.8595361 ] } },
{ "type": "Feature", "properties": { "内容": "特別養護老人ホームハレサク【介護老人福祉施設】上沢1丁目21-38", "url": "https://www.kaigokensaku.mhlw.go.jp/11/index.php?action_kouhyou_detail_004_kani=true&JigyosyoCd=1172901553-00&ServiceCd=510&Type=search", "url2": "https://mizuhoen.com/misakikai/kamisawa/" }, "geometry": { "type": "Point", "coordinates": [ 139.533249899999987, 35.8523263 ] } },
{ "type": "Feature", "properties": { "内容": "特別養護老人ホームふじみ苑（従来型）【介護老人福祉施設】埼玉県富士見市大字鶴馬３３６０番地１ケアセンターふじみ", "url": "https://www.kaigokensaku.mhlw.go.jp/11/index.php?action_kouhyou_detail_004_kani=true&JigyosyoCd=1172900514-00&ServiceCd=510&Type=search", "url2": "http://www.fujimi-en.or.jp" }, "geometry": { "type": "Point", "coordinates": [ 139.5552457, 35.8518038 ] } },
{ "type": "Feature", "properties": { "内容": "特別養護老人ホームふじみ苑（ユニット型）【介護老人福祉施設】埼玉県富士見市大字鶴馬３３６０番地１ケアセンターふじみ", "url": "https://www.kaigokensaku.mhlw.go.jp/11/index.php?action_kouhyou_detail_004_kani=true&JigyosyoCd=1172901322-00&ServiceCd=510&Type=search", "url2": "http://www.fujimi-en.or.jp" }, "geometry": { "type": "Point", "coordinates": [ 139.5554301, 35.8518238 ] } },
{ "type": "Feature", "properties": { "内容": "特別養護老人ホーム　むさしの【介護老人福祉施設】埼玉県富士見市大字南畑新田16番地1", "url": "https://www.kaigokensaku.mhlw.go.jp/11/index.php?action_kouhyou_detail_004_kani=true&JigyosyoCd=1172900357-00&ServiceCd=510&Type=search", "url2": "http://www.f-musashino.jp/" }, "geometry": { "type": "Point", "coordinates": [ 139.563999599999988, 35.8714987 ] } },
{ "type": "Feature", "properties": { "内容": "特別養護老人ホーム　みさとガーデン【介護老人福祉施設】小谷堀475-1特別養護老人ホームみさとガーデン", "url": "https://www.kaigokensaku.mhlw.go.jp/11/index.php?action_kouhyou_detail_004_kani=true&JigyosyoCd=1171201351-00&ServiceCd=510&Type=search", "url2": "http//www.swc-aisei.or.jp/" }, "geometry": { "type": "Point", "coordinates": [ 139.892343459893794, 35.864166574242645 ] } },
{ "type": "Feature", "properties": { "内容": "特別養護老人ホーム　あったかの家みさと【介護老人福祉施設】埼玉県三郷市半田241-1", "url": "https://www.kaigokensaku.mhlw.go.jp/11/index.php?action_kouhyou_detail_004_kani=true&JigyosyoCd=1171201120-00&ServiceCd=510&Type=search", "url2": "http://attakanoie.com/" }, "geometry": { "type": "Point", "coordinates": [ 139.869259823409266, 35.863885321556275 ] } },
{ "type": "Feature", "properties": { "内容": "介護老人福祉施設　しいの木の郷【介護老人福祉施設】埼玉県三郷市番匠免1-314", "url": "https://www.kaigokensaku.mhlw.go.jp/11/index.php?action_kouhyou_detail_004_kani=true&JigyosyoCd=1171200239-00&ServiceCd=510&Type=search", "url2": "http://www.ryokufu-kai.or.jp/shiinokinosato" }, "geometry": { "type": "Point", "coordinates": [ 139.852593100000036, 35.8342064 ] } },
{ "type": "Feature", "properties": { "内容": "特別養護老人ホーム小鳩園（従来型）【介護老人福祉施設】埼玉県三郷市中央四丁目８番地７", "url": "https://www.kaigokensaku.mhlw.go.jp/11/index.php?action_kouhyou_detail_004_kani=true&JigyosyoCd=1171200254-00&ServiceCd=510&Type=search", "url2": "https://kobato-kai.com" }, "geometry": { "type": "Point", "coordinates": [ 139.884139299999987, 35.800587 ] } },
{ "type": "Feature", "properties": { "内容": "特別養護老人ホーム小鳩園（ユニット型）【介護老人福祉施設】埼玉県三郷市中央4-8-7", "url": "https://www.kaigokensaku.mhlw.go.jp/11/index.php?action_kouhyou_detail_004_kani=true&JigyosyoCd=1171202110-00&ServiceCd=510&Type=search", "url2": "https://kobato-kai.com/" }, "geometry": { "type": "Point", "coordinates": [ 139.884139299999987, 35.800587 ] } },
{ "type": "Feature", "properties": { "内容": "特別養護老人ホームガジュマルの郷【介護老人福祉施設】埼玉県三郷市南蓮沼330-1特別養護老人ホームガジュマルの郷", "url": "https://www.kaigokensaku.mhlw.go.jp/11/index.php?action_kouhyou_detail_004_kani=true&JigyosyoCd=1171201781-00&ServiceCd=510&Type=search", "url2": "https://www.akane-kai.net/" }, "geometry": { "type": "Point", "coordinates": [ 139.874510052778589, 35.845005220007835 ] } },
{ "type": "Feature", "properties": { "内容": "特別養護老人ホーム　タムスさくらの杜三郷【介護老人福祉施設】埼玉県三郷市栄4-381", "url": "https://www.kaigokensaku.mhlw.go.jp/11/index.php?action_kouhyou_detail_004_kani=true&JigyosyoCd=1171201542-00&ServiceCd=510&Type=search", "url2": "https://misato.sakuranomori.tums.jp/" }, "geometry": { "type": "Point", "coordinates": [ 139.877971848030228, 35.816637996073922 ] } },
{ "type": "Feature", "properties": { "内容": "特別養護老人ホーム三郷藤光苑【介護老人福祉施設】彦野１－２０２", "url": "https://www.kaigokensaku.mhlw.go.jp/11/index.php?action_kouhyou_detail_004_kani=true&JigyosyoCd=1171201682-00&ServiceCd=510&Type=search", "url2": "http://www.misatotoukouen.or.jp" }, "geometry": { "type": "Point", "coordinates": [ 139.851442899999938, 35.8414999 ] } },
{ "type": "Feature", "properties": { "内容": "介護老人福祉施設　はすだの森【介護老人福祉施設】埼玉県蓮田市江ヶ崎1003", "url": "https://www.kaigokensaku.mhlw.go.jp/11/index.php?action_kouhyou_detail_004_kani=true&JigyosyoCd=1175700101-00&ServiceCd=510&Type=search", "url2": "https://aoimori-swc.or.jp" }, "geometry": { "type": "Point", "coordinates": [ 139.6898698, 35.9944879 ] } },
{ "type": "Feature", "properties": { "内容": "特別養護老人ホーム　吾亦紅【介護老人福祉施設】埼玉県蓮田市大字閏戸1885番地", "url": "https://www.kaigokensaku.mhlw.go.jp/11/index.php?action_kouhyou_detail_004_kani=true&JigyosyoCd=1175700119-00&ServiceCd=510&Type=search", "url2": "http://www.kissyou.or.jp/" }, "geometry": { "type": "Point", "coordinates": [ 139.639627300000029, 36.0043324 ] } },
{ "type": "Feature", "properties": { "内容": "特別養護老人ホーム　ひので　ユニット型【介護老人福祉施設】埼玉県蓮田市上平野616-1", "url": "https://www.kaigokensaku.mhlw.go.jp/11/index.php?action_kouhyou_detail_004_kani=true&JigyosyoCd=1175700788-00&ServiceCd=510&Type=search", "url2": "https://seishokai-hinode.com/" }, "geometry": { "type": "Point", "coordinates": [ 139.612754399999972, 36.024641841818784 ] } },
{ "type": "Feature", "properties": { "内容": "特別養護老人ホーム　ひので　従来型【介護老人福祉施設】埼玉県蓮田市上平野616-1", "url": "https://www.kaigokensaku.mhlw.go.jp/11/index.php?action_kouhyou_detail_004_kani=true&JigyosyoCd=1175700796-00&ServiceCd=510&Type=search", "url2": "https://seishokai-hinode.com/" }, "geometry": { "type": "Point", "coordinates": [ 139.612749035581942, 36.024650518916005 ] } },
{ "type": "Feature", "properties": { "内容": "特別養護老人ホーム共生の家【介護老人福祉施設】埼玉県蓮田市大字閏戸87-5", "url": "https://www.kaigokensaku.mhlw.go.jp/11/index.php?action_kouhyou_detail_004_kani=true&JigyosyoCd=1175700952-00&ServiceCd=510&Type=search", "url2": "kyouseihome.jp" }, "geometry": { "type": "Point", "coordinates": [ 139.6463843, 35.9946049 ] } },
{ "type": "Feature", "properties": { "内容": "小沼サークルホーム【介護老人福祉施設】埼玉県坂戸市小沼490-1", "url": "https://www.kaigokensaku.mhlw.go.jp/11/index.php?action_kouhyou_detail_004_kani=true&JigyosyoCd=1176001293-00&ServiceCd=510&Type=search", "url2": "http://circlehome.or.jp/" }, "geometry": { "type": "Point", "coordinates": [ 139.442767, 35.971891 ] } },
{ "type": "Feature", "properties": { "内容": "シャローム・ガーデン坂戸【介護老人福祉施設】埼玉県坂戸市新堀１-１", "url": "https://www.kaigokensaku.mhlw.go.jp/11/index.php?action_kouhyou_detail_004_kani=true&JigyosyoCd=1176000105-00&ServiceCd=510&Type=search", "url2": "https://www.shalom7h.or.jp" }, "geometry": { "type": "Point", "coordinates": [ 139.370848199999955, 35.9621549 ] } },
{ "type": "Feature", "properties": { "内容": "特別養護老人ホーム　好日の家【介護老人福祉施設】埼玉県坂戸市浅羽1130番1", "url": "https://www.kaigokensaku.mhlw.go.jp/11/index.php?action_kouhyou_detail_004_kani=true&JigyosyoCd=1176001301-00&ServiceCd=510&Type=search", "url2": "kyujukai.com" }, "geometry": { "type": "Point", "coordinates": [ 139.37653350000005, 35.9485346 ] } },
{ "type": "Feature", "properties": { "内容": "坂戸サークルホーム【介護老人福祉施設】埼玉県坂戸市大字石井1684", "url": "https://www.kaigokensaku.mhlw.go.jp/11/index.php?action_kouhyou_detail_004_kani=true&JigyosyoCd=1176000097-00&ServiceCd=510&Type=search", "url2": "http://circlehome.or.jp" }, "geometry": { "type": "Point", "coordinates": [ 139.411323700000025, 35.9747227 ] } },
{ "type": "Feature", "properties": { "内容": "特別養護老人ホーム　さかどロイヤルの園【介護老人福祉施設】埼玉県坂戸市大字森戸７３９番地１", "url": "https://www.kaigokensaku.mhlw.go.jp/11/index.php?action_kouhyou_detail_004_kani=true&JigyosyoCd=1176001053-00&ServiceCd=510&Type=search", "url2": "http://www.wam-town.jp/sakado/" }, "geometry": { "type": "Point", "coordinates": [ 139.358849100000043, 35.9342001 ] } },
{ "type": "Feature", "properties": { "内容": "介護老人福祉施設　桜楓苑【介護老人福祉施設】幸手市平須賀２丁目２２５番地", "url": "https://www.kaigokensaku.mhlw.go.jp/11/index.php?action_kouhyou_detail_004_kani=true&JigyosyoCd=1176100053-00&ServiceCd=510&Type=search", "url2": "http://kouwakai-saitama.jp/index.php" }, "geometry": { "type": "Point", "coordinates": [ 139.734766600000057, 36.0531672 ] } },
{ "type": "Feature", "properties": { "内容": "介護老人福祉施設しらさぎ苑【介護老人福祉施設】埼玉県幸手市大字下吉羽1250-1", "url": "https://www.kaigokensaku.mhlw.go.jp/11/index.php?action_kouhyou_detail_004_kani=true&JigyosyoCd=1176100061-00&ServiceCd=510&Type=search", "url2": "http://www.kowakai-saitama.jp/" }, "geometry": { "type": "Point", "coordinates": [ 139.759176969775353, 36.070682722859289 ] } },
{ "type": "Feature", "properties": { "内容": "特別養護老人ホームさっての里【従来型】【介護老人福祉施設】埼玉県幸手市松石西６番1", "url": "https://www.kaigokensaku.mhlw.go.jp/11/index.php?action_kouhyou_detail_004_kani=true&JigyosyoCd=1176100830-00&ServiceCd=510&Type=search", "url2": "http://miyukikai.sun.bindcloud.jp/" }, "geometry": { "type": "Point", "coordinates": [ 139.70890257935946, 36.096996001704753 ] } },
{ "type": "Feature", "properties": { "内容": "特別養護老人ホームさっての里【ユニット型】【介護老人福祉施設】埼玉県幸手市松石西６番1", "url": "https://www.kaigokensaku.mhlw.go.jp/11/index.php?action_kouhyou_detail_004_kani=true&JigyosyoCd=1176100806-00&ServiceCd=510&Type=search", "url2": "http://miyukikai.sun.bindcloud.jp/" }, "geometry": { "type": "Point", "coordinates": [ 139.708940130285669, 36.096996001706152 ] } },
{ "type": "Feature", "properties": { "内容": "介護老人福祉施設ひらすかの郷【介護老人福祉施設】埼玉県幸手市平須賀2-224", "url": "https://www.kaigokensaku.mhlw.go.jp/11/index.php?action_kouhyou_detail_004_kani=true&JigyosyoCd=1176100467-00&ServiceCd=510&Type=search", "url2": "https://kouwakai-saitama.jp/" }, "geometry": { "type": "Point", "coordinates": [ 139.7343243, 36.0526097 ] } },
{ "type": "Feature", "properties": { "内容": "特別養護老人ホームみどりの風鶴ヶ島【介護老人福祉施設】埼玉県鶴ヶ島市上広谷543番1", "url": "https://www.kaigokensaku.mhlw.go.jp/11/index.php?action_kouhyou_detail_004_kani=true&JigyosyoCd=1176200465-00&ServiceCd=510&Type=search", "url2": "http://inahonomichi.com" }, "geometry": { "type": "Point", "coordinates": [ 139.414431499999978, 35.9383927 ] } },
{ "type": "Feature", "properties": { "内容": "鶴ヶ島ほほえみの郷【介護老人福祉施設】埼玉県鶴ヶ島市高倉1059番地1", "url": "https://www.kaigokensaku.mhlw.go.jp/11/index.php?action_kouhyou_detail_004_kani=true&JigyosyoCd=1176200838-00&ServiceCd=510&Type=search", "url2": "https://www.chureikai.com" }, "geometry": { "type": "Point", "coordinates": [ 139.373552312350512, 35.924514111481457 ] } },
{ "type": "Feature", "properties": { "内容": "特別養護老人ホーム鶴ヶ丘の里【介護老人福祉施設】埼玉県鶴ヶ島市大字鶴ヶ丘27番地7", "url": "https://www.kaigokensaku.mhlw.go.jp/11/index.php?action_kouhyou_detail_004_kani=true&JigyosyoCd=1176201018-00&ServiceCd=510&Type=search", "url2": "http://www.kawatsuru-g.jp" }, "geometry": { "type": "Point", "coordinates": [ 139.4177459, 35.9333746 ] } },
{ "type": "Feature", "properties": { "内容": "特別養護老人ホーム　清光苑【介護老人福祉施設】埼玉県鶴ヶ島市大字三ツ木855番地１", "url": "https://www.kaigokensaku.mhlw.go.jp/11/index.php?action_kouhyou_detail_004_kani=true&JigyosyoCd=1176200069-00&ServiceCd=510&Type=search", "url2": "seikouen-net.sakura.ne.jp" }, "geometry": { "type": "Point", "coordinates": [ 139.388539499999979, 35.9240198 ] } },
{ "type": "Feature", "properties": { "内容": "特別養護老人ホーム　清雅園【介護老人福祉施設】埼玉県日高市大字森戸新田９９番地２", "url": "https://www.kaigokensaku.mhlw.go.jp/11/index.php?action_kouhyou_detail_004_kani=true&JigyosyoCd=1176300059-00&ServiceCd=510&Type=search", "url2": "https://www.kouwakai-seigaen.com/" }, "geometry": { "type": "Point", "coordinates": [ 139.373570699999959, 35.9117522 ] } },
{ "type": "Feature", "properties": { "内容": "特別養護老人ホーム　清流苑【介護老人福祉施設】埼玉県日高市横手４０１番地５", "url": "https://www.kaigokensaku.mhlw.go.jp/11/index.php?action_kouhyou_detail_004_kani=true&JigyosyoCd=1176300323-00&ServiceCd=510&Type=search", "url2": "http://seiryuen-musashikai.com/" }, "geometry": { "type": "Point", "coordinates": [ 139.28869080000004, 35.8814707 ] } },
{ "type": "Feature", "properties": { "内容": "吉川平成園【介護老人福祉施設】埼玉県吉川市大字加藤字中道１８７－１", "url": "https://www.kaigokensaku.mhlw.go.jp/11/index.php?action_kouhyou_detail_004_kani=true&JigyosyoCd=1176400107-00&ServiceCd=510&Type=search", "url2": "http://www.y-heiseien.or.jp" }, "geometry": { "type": "Point", "coordinates": [ 139.881304721426403, 35.888573890942538 ] } },
{ "type": "Feature", "properties": { "内容": "社会福祉法人　楽栄会　特別養護老人ホーム　ききょう苑【介護老人福祉施設】吉川市大字飯島274番地", "url": "https://www.kaigokensaku.mhlw.go.jp/11/index.php?action_kouhyou_detail_004_kani=true&JigyosyoCd=1176400099-00&ServiceCd=510&Type=search", "url2": "https://kikyouen-rakueikai.jimdofree.com/" }, "geometry": { "type": "Point", "coordinates": [ 139.881380799999988, 35.8801282 ] } },
{ "type": "Feature", "properties": { "内容": "特別養護老人ホーム　みなみの苑【介護老人福祉施設】埼玉県吉川市中曽根1559-2", "url": "https://www.kaigokensaku.mhlw.go.jp/11/index.php?action_kouhyou_detail_004_kani=true&JigyosyoCd=1176400750-00&ServiceCd=510&Type=search", "url2": "https://www.tangokai.jp/minaminosono/" }, "geometry": { "type": "Point", "coordinates": [ 139.845237099999963, 35.864122 ] } },
{ "type": "Feature", "properties": { "内容": "指定介護老人福祉施設　秋桜の里「かみふくおか」【介護老人福祉施設】埼玉県ふじみ野市駒林1145-1秋桜の里　かみふくおか", "url": "https://www.kaigokensaku.mhlw.go.jp/11/index.php?action_kouhyou_detail_004_kani=true&JigyosyoCd=1173000033-00&ServiceCd=510&Type=search", "url2": "http://www.kosumosuen.or.jp" }, "geometry": { "type": "Point", "coordinates": [ 139.54835079999998, 35.8701292 ] } },
{ "type": "Feature", "properties": { "内容": "特別養護老人ホーム　大井苑【介護老人福祉施設】埼玉県ふじみ野市大井武蔵野1277－1", "url": "https://www.kaigokensaku.mhlw.go.jp/11/index.php?action_kouhyou_detail_004_kani=true&JigyosyoCd=1173000421-00&ServiceCd=510&Type=search", "url2": "http://www5.ocn.ne.jp/^itukikai/" }, "geometry": { "type": "Point", "coordinates": [ 139.495142200000032, 35.8542851 ] } },
{ "type": "Feature", "properties": { "内容": "特別養護老人ホーム　マザーアース【介護老人福祉施設】埼玉県ふじみ野市大井６２１－１", "url": "https://www.kaigokensaku.mhlw.go.jp/11/index.php?action_kouhyou_detail_004_kani=true&JigyosyoCd=1172400150-00&ServiceCd=510&Type=search", "url2": "https://mother-earth.or.jp" }, "geometry": { "type": "Point", "coordinates": [ 139.525934099999972, 35.8497504 ] } },
{ "type": "Feature", "properties": { "内容": "特別養護老人ホーム　あやめの里【介護老人福祉施設】埼玉県ふじみ野市中福岡263", "url": "https://www.kaigokensaku.mhlw.go.jp/11/index.php?action_kouhyou_detail_004_kani=true&JigyosyoCd=1173000298-00&ServiceCd=510&Type=search", "url2": "https://kawatsuru-g.jp/ayame/" }, "geometry": { "type": "Point", "coordinates": [ 139.5360937, 35.874719100000014 ] } },
{ "type": "Feature", "properties": { "内容": "特別養護老人ホームいなほの里【介護老人福祉施設】埼玉県白岡市千駄野６６３－１", "url": "https://www.kaigokensaku.mhlw.go.jp/11/index.php?action_kouhyou_detail_004_kani=true&JigyosyoCd=1170500332-00&ServiceCd=510&Type=search", "url2": "https://inaho.or.jp/" }, "geometry": { "type": "Point", "coordinates": [ 139.671639664418052, 36.013422108346198 ] } },
{ "type": "Feature", "properties": { "内容": "特別養護老人ホーム　光乃里【介護老人福祉施設】埼玉県白岡市荒井新田359-1", "url": "https://www.kaigokensaku.mhlw.go.jp/11/index.php?action_kouhyou_detail_004_kani=true&JigyosyoCd=1170500118-00&ServiceCd=510&Type=search", "url2": "http://www.hikarinosato.jp/" }, "geometry": { "type": "Point", "coordinates": [ 139.62295359999996, 36.042231 ] } },
{ "type": "Feature", "properties": { "内容": "特別養護老人ホーム　ずいせん長寿村【介護老人福祉施設】高岩１０５１－１", "url": "https://www.kaigokensaku.mhlw.go.jp/11/index.php?action_kouhyou_detail_004_kani=true&JigyosyoCd=1176600193-00&ServiceCd=510&Type=search", "url2": "http://www.zuisen.net" }, "geometry": { "type": "Point", "coordinates": [ 136.966436400000021, 34.7012613 ] } },
{ "type": "Feature", "properties": { "内容": "特別養護老人ホーム　こころの杜【介護老人福祉施設】埼玉県北足立郡伊奈町小室5047－5", "url": "https://www.kaigokensaku.mhlw.go.jp/11/index.php?action_kouhyou_detail_004_kani=true&JigyosyoCd=1171300575-00&ServiceCd=510&Type=search", "url2": "http://shinsyukai.or.jp/" }, "geometry": { "type": "Point", "coordinates": [ 139.617561815113817, 35.993767329151211 ] } },
{ "type": "Feature", "properties": { "内容": "伊奈の里【介護老人福祉施設】埼玉県北足立郡伊奈町中央１－９３", "url": "https://www.kaigokensaku.mhlw.go.jp/11/index.php?action_kouhyou_detail_004_kani=true&JigyosyoCd=1171300112-00&ServiceCd=510&Type=search", "url2": "http://www.taijukai.com" }, "geometry": { "type": "Point", "coordinates": [ 139.615681471688845, 35.997675824691946 ] } },
{ "type": "Feature", "properties": { "内容": "特別養護老人ホーム　みちみち伊奈中央【介護老人福祉施設】北足立郡伊奈町大字小室9544-3特別養護老人ホーム　みちみち伊奈中央", "url": "https://www.kaigokensaku.mhlw.go.jp/11/index.php?action_kouhyou_detail_004_kani=true&JigyosyoCd=1171300492-00&ServiceCd=510&Type=search", "url2": "https://kousaikai-swc.jp/mitimiti-inac/" }, "geometry": { "type": "Point", "coordinates": [ 139.62522756847838, 36.002221679750718 ] } },
{ "type": "Feature", "properties": { "内容": "特別養護老人ホームみちみち伊奈北【介護老人福祉施設】埼玉県北足立郡伊奈町大字小針新宿368－1特別養護老人ホームみちみち伊奈北", "url": "https://www.kaigokensaku.mhlw.go.jp/11/index.php?action_kouhyou_detail_004_kani=true&JigyosyoCd=1171300542-00&ServiceCd=510&Type=search", "url2": "https://kousaikai-swc.jp/mitimiti-inakita/" }, "geometry": { "type": "Point", "coordinates": [ 139.594458900000063, 36.0121468 ] } },
{ "type": "Feature", "properties": { "内容": "特別養護老人ホーム　みずほ苑【介護老人福祉施設】埼玉県入間郡三芳町大字竹間沢735-1", "url": "https://www.kaigokensaku.mhlw.go.jp/11/index.php?action_kouhyou_detail_004_kani=true&JigyosyoCd=1172400143-00&ServiceCd=510&Type=search", "url2": "http://www.mizuhoen.com" }, "geometry": { "type": "Point", "coordinates": [ 139.547652900000031, 35.829250799999983 ] } },
{ "type": "Feature", "properties": { "内容": "特別養護老人ホームこころ三芳【介護老人福祉施設】埼玉県入間郡三芳町大字北永井９４６－１", "url": "https://www.kaigokensaku.mhlw.go.jp/11/index.php?action_kouhyou_detail_004_kani=true&JigyosyoCd=1172400945-00&ServiceCd=510&Type=search", "url2": "https//:houraikai.or.jp" }, "geometry": { "type": "Point", "coordinates": [ 139.513399199999981, 35.8440007 ] } },
{ "type": "Feature", "properties": { "内容": "特別養護老人ホーム桜荘【介護老人福祉施設】埼玉県入間郡三芳町大字北永井字桜並４１５－１特別養護老人ホーム桜荘", "url": "https://www.kaigokensaku.mhlw.go.jp/11/index.php?action_kouhyou_detail_004_kani=true&JigyosyoCd=1172400895-00&ServiceCd=510&Type=search", "url2": "https://sakurasou.or.jp" }, "geometry": { "type": "Point", "coordinates": [ 139.521559, 35.8253053 ] } },
{ "type": "Feature", "properties": { "内容": "特別養護老人ホームみよし園【介護老人福祉施設】埼玉県入間郡三芳町大字上富１７８４－８", "url": "https://www.kaigokensaku.mhlw.go.jp/11/index.php?action_kouhyou_detail_004_kani=true&JigyosyoCd=1172400168-00&ServiceCd=510&Type=search", "url2": "http://mkf.jp" }, "geometry": { "type": "Point", "coordinates": [ 139.49244, 35.8416643 ] } },
{ "type": "Feature", "properties": { "内容": "特別養護老人ホーム　ナーシングヴィラ本郷【介護老人福祉施設】埼玉県入間郡毛呂山町大字毛呂本郷字小野岡751番地", "url": "https://www.kaigokensaku.mhlw.go.jp/11/index.php?action_kouhyou_detail_004_kani=true&JigyosyoCd=1172400838-00&ServiceCd=510&Type=search", "url2": "http://www.saitama-mwa.or.jp/nursingvilla/" }, "geometry": { "type": "Point", "coordinates": [ 139.31606720000002, 35.9415006 ] } },
{ "type": "Feature", "properties": { "内容": "特別養護老人ホームななふく苑【介護老人福祉施設】埼玉県入間郡毛呂山町西大久保766-1", "url": "https://www.kaigokensaku.mhlw.go.jp/11/index.php?action_kouhyou_detail_004_kani=true&JigyosyoCd=1172400572-00&ServiceCd=510&Type=search", "url2": "http://www.donguri.or.jp/" }, "geometry": { "type": "Point", "coordinates": [ 139.3538026, 35.9470899 ] } },
{ "type": "Feature", "properties": { "内容": "特別養護老人ホーム　悠久園【介護老人福祉施設】埼玉県入間郡毛呂山町南台5丁目38番地5", "url": "https://www.kaigokensaku.mhlw.go.jp/11/index.php?action_kouhyou_detail_004_kani=true&JigyosyoCd=1172400127-00&ServiceCd=510&Type=search", "url2": "http://www2.ocn.ne.jp/^ikusin/" }, "geometry": { "type": "Point", "coordinates": [ 139.329846399999951, 35.9399984 ] } },
{ "type": "Feature", "properties": { "内容": "特別養護老人ホーム　四季の郷　越生【介護老人福祉施設】埼玉県入間郡越生町大字鹿下623-1", "url": "https://www.kaigokensaku.mhlw.go.jp/11/index.php?action_kouhyou_detail_004_kani=true&JigyosyoCd=1172401554-00&ServiceCd=510&Type=search", "url2": "https://towa-kai.or.jp/ogose" }, "geometry": { "type": "Point", "coordinates": [ 139.2853312, 35.9813712 ] } },
{ "type": "Feature", "properties": { "内容": "特別養護老人ホーム光の丘【介護老人福祉施設】埼玉県入間郡越生町大字上野3078-5", "url": "https://www.kaigokensaku.mhlw.go.jp/11/index.php?action_kouhyou_detail_004_kani=true&JigyosyoCd=1172400119-00&ServiceCd=510&Type=search", "url2": "http://www.hikari-ogose.com/" }, "geometry": { "type": "Point", "coordinates": [ 139.29588590000003, 35.9465271 ] } },
{ "type": "Feature", "properties": { "内容": "特別養護老人ホーム　森林園【介護老人福祉施設】埼玉県比企郡滑川町大字羽尾4738-2", "url": "https://www.kaigokensaku.mhlw.go.jp/11/index.php?action_kouhyou_detail_004_kani=true&JigyosyoCd=1173200138-00&ServiceCd=510&Type=search", "url2": "https://www.shinrinen.or.jp/" }, "geometry": { "type": "Point", "coordinates": [ 139.363428200000044, 36.0551382 ] } },
{ "type": "Feature", "properties": { "内容": "特別養護老人ホームらんざん苑【介護老人福祉施設】埼玉県比企郡嵐山町越畑1371-1", "url": "https://www.kaigokensaku.mhlw.go.jp/11/index.php?action_kouhyou_detail_004_kani=true&JigyosyoCd=1173200351-00&ServiceCd=510&Type=search", "url2": "http://www.ranzanen.or.jp" }, "geometry": { "type": "Point", "coordinates": [ 139.308661499999971, 36.0817177 ] } },
{ "type": "Feature", "properties": { "内容": "特別養護老人ホーム武蔵野ユートピアダイアナクラブ【介護老人福祉施設】埼玉県比企郡嵐山町大字古里696番地1", "url": "https://www.kaigokensaku.mhlw.go.jp/11/index.php?action_kouhyou_detail_004_kani=true&JigyosyoCd=1173200369-00&ServiceCd=510&Type=search", "url2": "https://tokuyou-musashinoyu-topia.com/" }, "geometry": { "type": "Point", "coordinates": [ 139.3041912, 36.1021105 ] } },
{ "type": "Feature", "properties": { "内容": "特別養護老人ホーム　さくらぎ苑【介護老人福祉施設】比企郡小川町飯田１１７", "url": "https://www.kaigokensaku.mhlw.go.jp/11/index.php?action_kouhyou_detail_004_kani=true&JigyosyoCd=1173200336-00&ServiceCd=510&Type=search", "url2": "https://sakuragien.or.jp" }, "geometry": { "type": "Point", "coordinates": [ 139.24423550555727, 36.064650744772258 ] } },
{ "type": "Feature", "properties": { "内容": "特別養護老人ホーム小川ひなた荘【介護老人福祉施設】埼玉県比企郡小川町小川１５４８－１", "url": "https://www.kaigokensaku.mhlw.go.jp/11/index.php?action_kouhyou_detail_004_kani=true&JigyosyoCd=1173200344-00&ServiceCd=510&Type=search", "url2": "http://www.hinataso.jrc.or.jp" }, "geometry": { "type": "Point", "coordinates": [ 139.274860600000011, 36.0603916 ] } },
{ "type": "Feature", "properties": { "内容": "特別養護老人ホームひまわり【介護老人福祉施設】比企郡川島町山ヶ谷戸519-1", "url": "https://www.kaigokensaku.mhlw.go.jp/11/index.php?action_kouhyou_detail_004_kani=true&JigyosyoCd=1173201417-00&ServiceCd=510&Type=search", "url2": "http://eirakukai.or.jp/" }, "geometry": { "type": "Point", "coordinates": [ 139.510439899999938, 35.9818537 ] } },
{ "type": "Feature", "properties": { "内容": "特別養護老人ホーム　永楽園【介護老人福祉施設】比企郡川島町大字表147-1", "url": "https://www.kaigokensaku.mhlw.go.jp/11/index.php?action_kouhyou_detail_004_kani=true&JigyosyoCd=1173200328-00&ServiceCd=510&Type=search", "url2": "http://www.eirakukai.or.jp/" }, "geometry": { "type": "Point", "coordinates": [ 139.508023500000036, 35.9803206 ] } },
{ "type": "Feature", "properties": { "内容": "介護老人福祉施設　常磐苑【介護老人福祉施設】埼玉県比企郡吉見町大字北吉見350", "url": "https://www.kaigokensaku.mhlw.go.jp/11/index.php?action_kouhyou_detail_004_kani=true&JigyosyoCd=1173200310-00&ServiceCd=510&Type=search", "url2": "http://tokiwafukushikai.jp" }, "geometry": { "type": "Point", "coordinates": [ 139.4202259, 36.0401353 ] } },
{ "type": "Feature", "properties": { "内容": "介護老人福祉施設　鳩山松寿園東館【介護老人福祉施設】埼玉県比企郡鳩山町松ヶ丘四丁目1番3号", "url": "https://www.kaigokensaku.mhlw.go.jp/11/index.php?action_kouhyou_detail_004_kani=true&JigyosyoCd=1173202167-00&ServiceCd=510&Type=search", "url2": "http://www.shoujukai.com/" }, "geometry": { "type": "Point", "coordinates": [ 139.350088300000039, 35.991515 ] } },
{ "type": "Feature", "properties": { "内容": "鳩山松寿園【介護老人福祉施設】埼玉県比企郡鳩山町大字小用554番地", "url": "https://www.kaigokensaku.mhlw.go.jp/11/index.php?action_kouhyou_detail_004_kani=true&JigyosyoCd=1173200302-00&ServiceCd=510&Type=search", "url2": "http://shoujukai.com./" }, "geometry": { "type": "Point", "coordinates": [ 139.331465200000025, 35.9644649 ] } },
{ "type": "Feature", "properties": { "内容": "雰囲気はわが家と同じよし乃郷【介護老人福祉施設】埼玉県比企郡ときがわ町五明1449-2", "url": "https://www.kaigokensaku.mhlw.go.jp/11/index.php?action_kouhyou_detail_004_kani=true&JigyosyoCd=1173200617-00&ServiceCd=510&Type=search", "url2": "http//www.yosinosato.com" }, "geometry": { "type": "Point", "coordinates": [ 139.270028799999977, 36.0226984 ] } },
{ "type": "Feature", "properties": { "内容": "美しい自然と暮らす馬場館【介護老人福祉施設】埼玉県比企郡ときがわ町大字馬場256-2", "url": "https://www.kaigokensaku.mhlw.go.jp/11/index.php?action_kouhyou_detail_004_kani=true&JigyosyoCd=1173201169-00&ServiceCd=510&Type=search", "url2": "http://www.yosinosato.com" }, "geometry": { "type": "Point", "coordinates": [ 139.281875899999932, 35.99744 ] } },
{ "type": "Feature", "properties": { "内容": "ウエルハイム・ヨコゼ【介護老人福祉施設】埼玉県秩父郡横瀬町大字横瀬5806-1", "url": "https://www.kaigokensaku.mhlw.go.jp/11/index.php?action_kouhyou_detail_004_kani=true&JigyosyoCd=1174800266-00&ServiceCd=510&Type=search", "url2": "http://wellhaim.or.jp/" }, "geometry": { "type": "Point", "coordinates": [ 139.110138499999948, 36.0054178 ] } },
{ "type": "Feature", "properties": { "内容": "特別養護老人ホーム　悠う湯ホーム【介護老人福祉施設】秩父郡皆野町下日野沢３９０６－３", "url": "https://www.kaigokensaku.mhlw.go.jp/11/index.php?action_kouhyou_detail_004_kani=true&JigyosyoCd=1174800233-00&ServiceCd=510&Type=search", "url2": "https://minano-fukushikai.jp/" }, "geometry": { "type": "Point", "coordinates": [ 139.070746200000031, 36.0818156 ] } },
{ "type": "Feature", "properties": { "内容": "特別養護老人ホーム　ながとろ苑【介護老人福祉施設】埼玉県秩父郡長瀞町大字野上下郷428", "url": "https://www.kaigokensaku.mhlw.go.jp/11/index.php?action_kouhyou_detail_004_kani=true&JigyosyoCd=1174800332-00&ServiceCd=510&Type=search", "url2": "http://www.nagatoroen.com/" }, "geometry": { "type": "Point", "coordinates": [ 139.12327270000003, 36.1364029 ] } },
{ "type": "Feature", "properties": { "内容": "特別養護老人ホーム花菖蒲・両神【介護老人福祉施設】埼玉県秩父郡小鹿野町両神薄１０６０番地１", "url": "https://www.kaigokensaku.mhlw.go.jp/11/index.php?action_kouhyou_detail_004_kani=true&JigyosyoCd=1174800571-00&ServiceCd=510&Type=search", "url2": "http://www.chichibu-seihoukai.net" }, "geometry": { "type": "Point", "coordinates": [ 138.977868599999965, 36.021137 ] } },
{ "type": "Feature", "properties": { "内容": "特別養護老人ホーム　小鹿野苑【介護老人福祉施設】埼玉県秩父郡小鹿野町下小鹿野２５５１", "url": "https://www.kaigokensaku.mhlw.go.jp/11/index.php?action_kouhyou_detail_004_kani=true&JigyosyoCd=1174800225-00&ServiceCd=510&Type=search", "url2": "http://www.care-net.biz/11/oganofuku/" }, "geometry": { "type": "Point", "coordinates": [ 139.01377309999998, 36.0162822 ] } },
{ "type": "Feature", "properties": { "内容": "特別養護老人ホームつきがわ【介護老人福祉施設】埼玉県秩父郡東秩父村坂本1308-8", "url": "https://www.kaigokensaku.mhlw.go.jp/11/index.php?action_kouhyou_detail_004_kani=true&JigyosyoCd=1174801199-00&ServiceCd=510&Type=search", "url2": "https://taiyounokai.or.jp/" }, "geometry": { "type": "Point", "coordinates": [ 139.1676582, 36.0597281 ] } },
{ "type": "Feature", "properties": { "内容": "特別養護老人ホームつきがわ【介護老人福祉施設】埼玉県秩父郡東秩父村坂本1308-8", "url": "https://www.kaigokensaku.mhlw.go.jp/11/index.php?action_kouhyou_detail_004_kani=true&JigyosyoCd=1174801207-00&ServiceCd=510&Type=search", "url2": "https://taiyounokai.or.jp/" }, "geometry": { "type": "Point", "coordinates": [ 139.1676582, 36.0597281 ] } },
{ "type": "Feature", "properties": { "内容": "特別養護老人ホーム　ももよの丘【介護老人福祉施設】埼玉県児玉郡美里町大字白石２３２３－１", "url": "https://www.kaigokensaku.mhlw.go.jp/11/index.php?action_kouhyou_detail_004_kani=true&JigyosyoCd=1174200244-00&ServiceCd=510&Type=search", "url2": "https://www.momoyonooka.info/" }, "geometry": { "type": "Point", "coordinates": [ 139.178772, 36.1547154 ] } },
{ "type": "Feature", "properties": { "内容": "美里敬愛ホーム【介護老人福祉施設】埼玉県児玉郡美里町大字小茂田749", "url": "https://www.kaigokensaku.mhlw.go.jp/11/index.php?action_kouhyou_detail_004_kani=true&JigyosyoCd=1174200913-00&ServiceCd=510&Type=search", "url2": "https://www.misatokai.com" }, "geometry": { "type": "Point", "coordinates": [ 139.191368900000043, 36.2052125 ] } },
{ "type": "Feature", "properties": { "内容": "特別養護老人ホームいずみ【介護老人福祉施設】埼玉県児玉郡神川町大字上阿久原567番地", "url": "https://www.kaigokensaku.mhlw.go.jp/11/index.php?action_kouhyou_detail_004_kani=true&JigyosyoCd=1174200269-00&ServiceCd=510&Type=search", "url2": "http://www.oh-izumi.or.jp/" }, "geometry": { "type": "Point", "coordinates": [ 139.053719300000012, 36.1466645 ] } },
{ "type": "Feature", "properties": { "内容": "特別養護老人ホーム　いろりの友【介護老人福祉施設】埼玉県児玉郡神川町大字八日市739-2", "url": "https://www.kaigokensaku.mhlw.go.jp/11/index.php?action_kouhyou_detail_004_kani=true&JigyosyoCd=1174200236-00&ServiceCd=510&Type=search", "url2": "http://www.0495771212.or.jp" }, "geometry": { "type": "Point", "coordinates": [ 139.109458300000028, 36.2092493 ] } },
{ "type": "Feature", "properties": { "内容": "特別養護老人ホーム　たちばな【介護老人福祉施設】埼玉県児玉郡上里町大字大御堂８０６－１", "url": "https://www.kaigokensaku.mhlw.go.jp/11/index.php?action_kouhyou_detail_004_kani=true&JigyosyoCd=1174200251-00&ServiceCd=510&Type=search", "url2": "http://www.tokuyou-tachibana.or.jp/" }, "geometry": { "type": "Point", "coordinates": [ 139.124850299999906, 36.231469300000015 ] } },
{ "type": "Feature", "properties": { "内容": "特別養護老人ホーム　青空【介護老人福祉施設】埼玉県児玉郡上里町金久保７７７", "url": "https://www.kaigokensaku.mhlw.go.jp/11/index.php?action_kouhyou_detail_004_kani=true&JigyosyoCd=1174200558-00&ServiceCd=510&Type=search", "url2": "http://www.wf-meiseikai.or.jp" }, "geometry": { "type": "Point", "coordinates": [ 139.132276400000023, 36.2654719 ] } },
{ "type": "Feature", "properties": { "内容": "特別養護老人ホーム　心の里【介護老人福祉施設】埼玉県児玉郡上里町大字七本木420番地", "url": "https://www.kaigokensaku.mhlw.go.jp/11/index.php?action_kouhyou_detail_004_kani=true&JigyosyoCd=1174201572-00&ServiceCd=510&Type=search", "url2": "http://rikanosato.com/kokoronosato_i.html" }, "geometry": { "type": "Point", "coordinates": [ 139.139342504107617, 36.239024529602446 ] } },
{ "type": "Feature", "properties": { "内容": "特別養護老人ホーム　ルピナス園【介護老人福祉施設】埼玉県児玉郡上里町大字堤４８９番地", "url": "https://www.kaigokensaku.mhlw.go.jp/11/index.php?action_kouhyou_detail_004_kani=true&JigyosyoCd=1174200202-00&ServiceCd=510&Type=search", "url2": "http://www.lupinus-kai.or.jp/" }, "geometry": { "type": "Point", "coordinates": [ 139.129896799999983, 36.2416851 ] } },
{ "type": "Feature", "properties": { "内容": "特別養護老人ホームよりい【介護老人福祉施設】埼玉県大里郡寄居町大字用土133番地1特別養護老人ホームよりい", "url": "https://www.kaigokensaku.mhlw.go.jp/11/index.php?action_kouhyou_detail_004_kani=true&JigyosyoCd=1174501831-00&ServiceCd=510&Type=search", "url2": "https://www.shunjin.or.jp/tokuyou/" }, "geometry": { "type": "Point", "coordinates": [ 139.19254331326141, 36.142320352292288 ] } },
{ "type": "Feature", "properties": { "内容": "特別養護老人ホーム花ぞの【介護老人福祉施設】埼玉県大里郡寄居町大字用土2440番地5", "url": "https://www.kaigokensaku.mhlw.go.jp/11/index.php?action_kouhyou_detail_004_kani=true&JigyosyoCd=1174501294-00&ServiceCd=510&Type=search", "url2": "http://hana-zono.or.jp" }, "geometry": { "type": "Point", "coordinates": [ 139.2019775, 36.1553909 ] } },
{ "type": "Feature", "properties": { "内容": "特別養護老人ホーム　あきやま苑【介護老人福祉施設】埼玉県大里郡寄居町大字秋山721", "url": "https://www.kaigokensaku.mhlw.go.jp/11/index.php?action_kouhyou_detail_004_kani=true&JigyosyoCd=1174500320-00&ServiceCd=510&Type=search", "url2": "http://eijyukai-akiyamaen.jp" }, "geometry": { "type": "Point", "coordinates": [ 139.1684626, 36.0971318 ] } },
{ "type": "Feature", "properties": { "内容": "特別養護老人ホームみどりの森【介護老人福祉施設】埼玉県南埼玉郡宮代町和戸１７８０－１特別養護老人ホームみどりの森", "url": "https://www.kaigokensaku.mhlw.go.jp/11/index.php?action_kouhyou_detail_004_kani=true&JigyosyoCd=1170500126-00&ServiceCd=510&Type=search", "url2": "http://mitsunami.or.jp/" }, "geometry": { "type": "Point", "coordinates": [ 139.695075, 36.055188 ] } },
{ "type": "Feature", "properties": { "内容": "特別養護老人ホームもみの木【介護老人福祉施設】埼玉県南埼玉郡宮代町金原５６７", "url": "https://www.kaigokensaku.mhlw.go.jp/11/index.php?action_kouhyou_detail_004_kani=true&JigyosyoCd=1170500852-00&ServiceCd=510&Type=search", "url2": "http://www.shinzenkai.net/" }, "geometry": { "type": "Point", "coordinates": [ 139.7118643, 36.0085024 ] } },
{ "type": "Feature", "properties": { "内容": "特別養護老人ホームひだまりの郷【介護老人福祉施設】埼玉県南埼玉郡宮代町字姫宮１６５－１", "url": "https://www.kaigokensaku.mhlw.go.jp/11/index.php?action_kouhyou_detail_004_kani=true&JigyosyoCd=1170501082-00&ServiceCd=510&Type=search", "url2": "http://magokoro-kai.jp" }, "geometry": { "type": "Point", "coordinates": [ 139.735995, 36.006521 ] } },
{ "type": "Feature", "properties": { "内容": "特別養護老人ホーム　杉の里【介護老人福祉施設】埼玉県北葛飾郡杉戸町大字杉戸雅楽2376-1", "url": "https://www.kaigokensaku.mhlw.go.jp/11/index.php?action_kouhyou_detail_004_kani=true&JigyosyoCd=1171101973-00&ServiceCd=510&Type=search", "url2": "https://washinkai.org/" }, "geometry": { "type": "Point", "coordinates": [ 139.722301981475823, 36.036684191227408 ] } },
{ "type": "Feature", "properties": { "内容": "特別養護老人ホーム　清風園【介護老人福祉施設】埼玉県北葛飾郡杉戸町大字本郷字東上419番特別養護老人ホーム　清風園", "url": "https://www.kaigokensaku.mhlw.go.jp/11/index.php?action_kouhyou_detail_004_kani=true&JigyosyoCd=1171101551-00&ServiceCd=510&Type=search", "url2": "http://s-f-e.jp/index.html" }, "geometry": { "type": "Point", "coordinates": [ 139.757091800000012, 36.0063642 ] } },
{ "type": "Feature", "properties": { "内容": "特別養護老人ホーム　はなみずき【介護老人福祉施設】埼玉県北葛飾郡杉戸町茨島７３１－１", "url": "https://www.kaigokensaku.mhlw.go.jp/11/index.php?action_kouhyou_detail_004_kani=true&JigyosyoCd=1171101221-00&ServiceCd=510&Type=search", "url2": "http://www.carenet.or.jp/hanamizuki/" }, "geometry": { "type": "Point", "coordinates": [ 139.7185207, 36.0497171 ] } },
{ "type": "Feature", "properties": { "内容": "三戸里園【介護老人福祉施設】埼玉県北葛飾郡松伏町大川戸９６８－１", "url": "https://www.kaigokensaku.mhlw.go.jp/11/index.php?action_kouhyou_detail_004_kani=true&JigyosyoCd=1171100223-00&ServiceCd=510&Type=search", "url2": "http://www.midorien.com" }, "geometry": { "type": "Point", "coordinates": [ 139.820538299999953, 35.9354663 ] } }
]
}
